ts,city,target,local_time,hour,bin,bid,ask,spread,vol,model_p
2026-09-25T11:47:51Z,lucknow,2026-09-25,2026-09-25 17:17,17,19°C or below,0.0,0.001,0.001,326,
2026-09-25T11:47:51Z,lucknow,2026-09-25,2026-09-25 17:17,17,20°C,0.0,0.001,0.001,482,
2026-09-25T11:47:51Z,lucknow,2026-09-25,2026-09-25 17:17,17,21°C,0.0,0.001,0.001,95,
2026-09-25T11:47:51Z,lucknow,2026-09-25,2026-09-25 17:17,17,22°C,0.0,0.001,0.001,729,
2026-09-25T11:47:51Z,lucknow,2026-09-25,2026-09-25 17:17,17,23°C,0.0,0.001,0.001,10582,
2026-09-25T11:47:51Z,lucknow,2026-09-25,2026-09-25 17:17,17,24°C,1.0,0.998,-0.002,7635,0.991
2026-09-25T11:47:51Z,lucknow,2026-09-25,2026-09-25 17:17,17,25°C,0.0,0.004,0.004,3996,0.001
2026-09-25T11:47:51Z,lucknow,2026-09-25,2026-09-25 17:17,17,26°C,0.0,0.001,0.001,3208,
2026-09-25T11:47:51Z,lucknow,2026-09-25,2026-09-25 17:17,17,27°C,0.0,0.001,0.001,1249,
2026-09-25T11:47:51Z,lucknow,2026-09-25,2026-09-25 17:17,17,28°C,0.0,0.001,0.001,1415,
2026-09-25T11:47:51Z,lucknow,2026-09-25,2026-09-25 17:17,17,29°C or higher,0.0,0.001,0.001,1842,
2026-09-25T11:48:22Z,lucknow,2026-09-25,2026-09-25 17:18,17,19°C or below,0.0,0.001,0.001,326,
2026-09-25T11:48:22Z,lucknow,2026-09-25,2026-09-25 17:18,17,20°C,0.0,0.001,0.001,482,
2026-09-25T11:48:22Z,lucknow,2026-09-25,2026-09-25 17:18,17,21°C,0.0,0.001,0.001,95,
2026-09-25T11:48:22Z,lucknow,2026-09-25,2026-09-25 17:18,17,22°C,0.0,0.001,0.001,729,
2026-09-25T11:48:22Z,lucknow,2026-09-25,2026-09-25 17:18,17,23°C,0.0,0.001,0.001,10582,
2026-09-25T11:48:22Z,lucknow,2026-09-25,2026-09-25 17:18,17,24°C,1.0,0.998,-0.002,7635,0.991
2026-09-25T11:48:22Z,lucknow,2026-09-25,2026-09-25 17:18,17,25°C,0.0,0.004,0.004,3996,0.001
2026-09-25T11:48:22Z,lucknow,2026-09-25,2026-09-25 17:18,17,26°C,0.0,0.001,0.001,3208,
2026-09-25T11:48:22Z,lucknow,2026-09-25,2026-09-25 17:18,17,27°C,0.0,0.001,0.001,1249,
2026-09-25T11:48:22Z,lucknow,2026-09-25,2026-09-25 17:18,17,28°C,0.0,0.001,0.001,1415,
2026-09-25T11:48:22Z,lucknow,2026-09-25,2026-09-25 17:18,17,29°C or higher,0.0,0.001,0.001,1842,
2026-09-25T12:57:27Z,istanbul,2026-09-25,2026-09-25 15:57,15,16°C or below,0.0,0.001,0.001,522,
2026-09-25T12:57:27Z,istanbul,2026-09-25,2026-09-25 15:57,15,17°C,0.0,0.001,0.001,425,
2026-09-25T12:57:27Z,istanbul,2026-09-25,2026-09-25 15:57,15,18°C,0.0,0.001,0.001,306,
2026-09-25T12:57:27Z,istanbul,2026-09-25,2026-09-25 15:57,15,19°C,0.0,0.001,0.001,260,
2026-09-25T12:57:27Z,istanbul,2026-09-25,2026-09-25 15:57,15,20°C,0.967,0.001,-0.966,3858,
2026-09-25T12:57:27Z,istanbul,2026-09-25,2026-09-25 15:57,15,21°C,0.033,0.99,0.957,2289,0.98
2026-09-25T12:57:27Z,istanbul,2026-09-25,2026-09-25 15:57,15,22°C,0.0,0.02,0.02,1376,0.01
2026-09-25T12:57:27Z,istanbul,2026-09-25,2026-09-25 15:57,15,23°C,0.0,0.002,0.002,976,0.001
2026-09-25T12:57:27Z,istanbul,2026-09-25,2026-09-25 15:57,15,24°C,0.0,0.001,0.001,430,
2026-09-25T12:57:27Z,istanbul,2026-09-25,2026-09-25 15:57,15,25°C,0.0,0.001,0.001,105,
2026-09-25T12:57:27Z,istanbul,2026-09-25,2026-09-25 15:57,15,26°C or higher,0.0,0.001,0.001,105,
2026-09-25T12:57:27Z,jeddah,2026-09-25,2026-09-25 15:57,15,30°C or below,0.0,0.001,0.001,480,
2026-09-25T12:57:27Z,jeddah,2026-09-25,2026-09-25 15:57,15,31°C,0.0,0.001,0.001,95,
2026-09-25T12:57:27Z,jeddah,2026-09-25,2026-09-25 15:57,15,32°C,0.0,0.001,0.001,95,
2026-09-25T12:57:27Z,jeddah,2026-09-25,2026-09-25 15:57,15,33°C,0.0,0.001,0.001,184,
2026-09-25T12:57:27Z,jeddah,2026-09-25,2026-09-25 15:57,15,34°C,0.0,0.001,0.001,159,
2026-09-25T12:57:27Z,jeddah,2026-09-25,2026-09-25 15:57,15,35°C,0.0,0.001,0.001,1984,
2026-09-25T12:57:27Z,jeddah,2026-09-25,2026-09-25 15:57,15,36°C,0.0,0.001,0.001,7703,
2026-09-25T12:57:27Z,jeddah,2026-09-25,2026-09-25 15:57,15,37°C,0.933,0.99,0.057,3094,0.95
2026-09-25T12:57:27Z,jeddah,2026-09-25,2026-09-25 15:57,15,38°C,0.067,0.04,-0.027,1944,0.01
2026-09-25T12:57:27Z,jeddah,2026-09-25,2026-09-25 15:57,15,39°C,0.0,0.006,0.006,1907,
2026-09-25T12:57:27Z,jeddah,2026-09-25,2026-09-25 15:57,15,40°C or higher,0.0,0.001,0.001,1093,
2026-09-25T12:57:27Z,tel-aviv,2026-09-25,2026-09-25 15:57,15,26°C or below,0.0,0.001,0.001,125,
2026-09-25T12:57:27Z,tel-aviv,2026-09-25,2026-09-25 15:57,15,27°C,0.0,0.001,0.001,1336,
2026-09-25T12:57:27Z,tel-aviv,2026-09-25,2026-09-25 15:57,15,28°C,0.0,0.001,0.001,1626,
2026-09-25T12:57:27Z,tel-aviv,2026-09-25,2026-09-25 15:57,15,29°C,0.0,0.001,0.001,5634,
2026-09-25T12:57:27Z,tel-aviv,2026-09-25,2026-09-25 15:57,15,30°C,1.0,0.999,-0.001,4923,0.997
2026-09-25T12:57:27Z,tel-aviv,2026-09-25,2026-09-25 15:57,15,31°C,0.0,0.003,0.003,2906,0.001
2026-09-25T12:57:27Z,tel-aviv,2026-09-25,2026-09-25 15:57,15,32°C,0.0,0.001,0.001,1354,
2026-09-25T12:57:27Z,tel-aviv,2026-09-25,2026-09-25 15:57,15,33°C,0.0,0.001,0.001,317,
2026-09-25T12:57:27Z,tel-aviv,2026-09-25,2026-09-25 15:57,15,34°C,0.0,0.001,0.001,1536,
2026-09-25T12:57:27Z,tel-aviv,2026-09-25,2026-09-25 15:57,15,35°C,0.0,0.001,0.001,15,
2026-09-25T12:57:27Z,tel-aviv,2026-09-25,2026-09-25 15:57,15,36°C or higher,0.0,0.001,0.001,15,
2026-09-25T13:11:43Z,amsterdam,2026-09-25,2026-09-25 15:10,15,16°C or below,0.0,0.001,0.001,95,
2026-09-25T13:11:43Z,amsterdam,2026-09-25,2026-09-25 15:10,15,17°C,0.0,0.001,0.001,1117,
2026-09-25T13:11:43Z,amsterdam,2026-09-25,2026-09-25 15:10,15,18°C,0.0,0.001,0.001,783,
2026-09-25T13:11:43Z,amsterdam,2026-09-25,2026-09-25 15:10,15,19°C,0.0,0.001,0.001,1067,
2026-09-25T13:11:43Z,amsterdam,2026-09-25,2026-09-25 15:10,15,20°C,0.0,0.001,0.001,4535,
2026-09-25T13:11:43Z,amsterdam,2026-09-25,2026-09-25 15:10,15,21°C,0.933,0.17,-0.763,5388,0.12
2026-09-25T13:11:43Z,amsterdam,2026-09-25,2026-09-25 15:10,15,22°C,0.067,0.74,0.673,5482,0.7
2026-09-25T13:11:43Z,amsterdam,2026-09-25,2026-09-25 15:10,15,23°C,0.0,0.14,0.14,7840,0.1
2026-09-25T13:11:43Z,amsterdam,2026-09-25,2026-09-25 15:10,15,24°C,0.0,0.004,0.004,5014,0.002
2026-09-25T13:11:43Z,amsterdam,2026-09-25,2026-09-25 15:10,15,25°C,0.0,0.001,0.001,623,
2026-09-25T13:11:43Z,amsterdam,2026-09-25,2026-09-25 15:10,15,26°C or higher,0.0,0.001,0.001,100,
2026-09-25T13:11:43Z,cape-town,2026-09-25,2026-09-25 15:10,15,18°C or below,0.0,0.001,0.001,2838,
2026-09-25T13:11:43Z,cape-town,2026-09-25,2026-09-25 15:10,15,19°C,0.0,0.001,0.001,4747,
2026-09-25T13:11:43Z,cape-town,2026-09-25,2026-09-25 15:10,15,20°C,0.0,0.001,0.001,4881,
2026-09-25T13:11:43Z,cape-town,2026-09-25,2026-09-25 15:10,15,21°C,0.0,0.001,0.001,7925,
2026-09-25T13:11:43Z,cape-town,2026-09-25,2026-09-25 15:10,15,22°C,0.0,0.001,0.001,5443,
2026-09-25T13:11:43Z,cape-town,2026-09-25,2026-09-25 15:10,15,23°C,0.933,0.99,0.057,3349,0.97
2026-09-25T13:11:43Z,cape-town,2026-09-25,2026-09-25 15:10,15,24°C,0.067,0.02,-0.047,3530,0.01
2026-09-25T13:11:43Z,cape-town,2026-09-25,2026-09-25 15:10,15,25°C,0.0,0.001,0.001,3728,
2026-09-25T13:11:43Z,cape-town,2026-09-25,2026-09-25 15:10,15,26°C,0.0,0.001,0.001,3287,
2026-09-25T13:11:43Z,cape-town,2026-09-25,2026-09-25 15:10,15,27°C,0.0,0.001,0.001,150,
2026-09-25T13:11:43Z,cape-town,2026-09-25,2026-09-25 15:10,15,28°C or higher,0.0,0.001,0.001,95,
2026-09-25T13:11:43Z,istanbul,2026-09-25,2026-09-25 16:10,16,16°C or below,0.0,0.001,0.001,522,
2026-09-25T13:11:43Z,istanbul,2026-09-25,2026-09-25 16:10,16,17°C,0.0,0.001,0.001,425,
2026-09-25T13:11:43Z,istanbul,2026-09-25,2026-09-25 16:10,16,18°C,0.0,0.001,0.001,306,
2026-09-25T13:11:43Z,istanbul,2026-09-25,2026-09-25 16:10,16,19°C,0.0,0.001,0.001,260,
2026-09-25T13:11:43Z,istanbul,2026-09-25,2026-09-25 16:10,16,20°C,0.0,0.001,0.001,3858,
2026-09-25T13:11:43Z,istanbul,2026-09-25,2026-09-25 16:10,16,21°C,1.0,1.0,0.0,2289,0.97
2026-09-25T13:11:43Z,istanbul,2026-09-25,2026-09-25 16:10,16,22°C,0.0,0.02,0.02,1376,
2026-09-25T13:11:43Z,istanbul,2026-09-25,2026-09-25 16:10,16,23°C,0.0,0.002,0.002,976,0.001
2026-09-25T13:11:43Z,istanbul,2026-09-25,2026-09-25 16:10,16,24°C,0.0,0.001,0.001,430,
2026-09-25T13:11:43Z,istanbul,2026-09-25,2026-09-25 16:10,16,25°C,0.0,0.001,0.001,105,
2026-09-25T13:11:43Z,istanbul,2026-09-25,2026-09-25 16:10,16,26°C or higher,0.0,0.001,0.001,105,
2026-09-25T13:11:43Z,jeddah,2026-09-25,2026-09-25 16:11,16,30°C or below,0.0,0.001,0.001,480,
2026-09-25T13:11:43Z,jeddah,2026-09-25,2026-09-25 16:11,16,31°C,0.0,0.001,0.001,95,
2026-09-25T13:11:43Z,jeddah,2026-09-25,2026-09-25 16:11,16,32°C,0.0,0.001,0.001,95,
2026-09-25T13:11:43Z,jeddah,2026-09-25,2026-09-25 16:11,16,33°C,0.0,0.001,0.001,184,
2026-09-25T13:11:43Z,jeddah,2026-09-25,2026-09-25 16:11,16,34°C,0.0,0.001,0.001,159,
2026-09-25T13:11:43Z,jeddah,2026-09-25,2026-09-25 16:11,16,35°C,0.0,0.001,0.001,1984,
2026-09-25T13:11:43Z,jeddah,2026-09-25,2026-09-25 16:11,16,36°C,0.0,0.001,0.001,7703,
2026-09-25T13:11:43Z,jeddah,2026-09-25,2026-09-25 16:11,16,37°C,0.967,1.0,0.033,3242,0.96
2026-09-25T13:11:43Z,jeddah,2026-09-25,2026-09-25 16:11,16,38°C,0.033,0.02,-0.013,2002,
2026-09-25T13:11:43Z,jeddah,2026-09-25,2026-09-25 16:11,16,39°C,0.0,0.006,0.006,1907,
2026-09-25T13:11:43Z,jeddah,2026-09-25,2026-09-25 16:11,16,40°C or higher,0.0,0.001,0.001,1093,
2026-09-25T13:11:43Z,madrid,2026-09-25,2026-09-25 15:11,15,30°C or below,0.0,0.001,0.001,1153,
2026-09-25T13:11:43Z,madrid,2026-09-25,2026-09-25 15:11,15,31°C,0.0,0.001,0.001,514,
2026-09-25T13:11:43Z,madrid,2026-09-25,2026-09-25 15:11,15,32°C,0.0,0.001,0.001,955,
2026-09-25T13:11:43Z,madrid,2026-09-25,2026-09-25 15:11,15,33°C,0.167,0.001,-0.166,1556,
2026-09-25T13:11:43Z,madrid,2026-09-25,2026-09-25 15:11,15,34°C,0.2,0.05,-0.15,6239,0.03
2026-09-25T13:11:43Z,madrid,2026-09-25,2026-09-25 15:11,15,35°C,0.5,0.82,0.32,5810,0.78
2026-09-25T13:11:43Z,madrid,2026-09-25,2026-09-25 15:11,15,36°C,0.1,0.18,0.08,11661,0.16
2026-09-25T13:11:43Z,madrid,2026-09-25,2026-09-25 15:11,15,37°C,0.033,0.009,-0.024,4946,0.003
2026-09-25T13:11:43Z,madrid,2026-09-25,2026-09-25 15:11,15,38°C,0.0,0.003,0.003,641,
2026-09-25T13:11:43Z,madrid,2026-09-25,2026-09-25 15:11,15,39°C,0.0,0.001,0.001,112,
2026-09-25T13:11:43Z,madrid,2026-09-25,2026-09-25 15:11,15,40°C or higher,0.0,0.001,0.001,251,
2026-09-25T13:11:43Z,milan,2026-09-25,2026-09-25 15:11,15,18°C or below,0.0,0.001,0.001,1185,
2026-09-25T13:11:43Z,milan,2026-09-25,2026-09-25 15:11,15,19°C,0.0,0.001,0.001,1212,
2026-09-25T13:11:43Z,milan,2026-09-25,2026-09-25 15:11,15,20°C,0.0,0.001,0.001,1328,
2026-09-25T13:11:43Z,milan,2026-09-25,2026-09-25 15:11,15,21°C,0.0,0.001,0.001,4571,
2026-09-25T13:11:43Z,milan,2026-09-25,2026-09-25 15:11,15,22°C,0.767,0.11,-0.657,4928,0.05
2026-09-25T13:11:43Z,milan,2026-09-25,2026-09-25 15:11,15,23°C,0.2,0.69,0.49,4552,0.62
2026-09-25T13:11:43Z,milan,2026-09-25,2026-09-25 15:11,15,24°C,0.0,0.26,0.26,3940,0.19
2026-09-25T13:11:43Z,milan,2026-09-25,2026-09-25 15:11,15,25°C,0.0,0.048,0.048,2816,0.028
2026-09-25T13:11:43Z,milan,2026-09-25,2026-09-25 15:11,15,26°C,0.0,0.001,0.001,216,
2026-09-25T13:11:43Z,milan,2026-09-25,2026-09-25 15:11,15,27°C,0.0,0.001,0.001,1362,
2026-09-25T13:11:43Z,milan,2026-09-25,2026-09-25 15:11,15,28°C or higher,0.033,0.001,-0.032,95,
2026-09-25T13:11:43Z,tel-aviv,2026-09-25,2026-09-25 16:11,16,26°C or below,0.0,0.001,0.001,125,
2026-09-25T13:11:43Z,tel-aviv,2026-09-25,2026-09-25 16:11,16,27°C,0.0,0.001,0.001,1336,
2026-09-25T13:11:43Z,tel-aviv,2026-09-25,2026-09-25 16:11,16,28°C,0.0,0.001,0.001,1626,
2026-09-25T13:11:43Z,tel-aviv,2026-09-25,2026-09-25 16:11,16,29°C,0.0,0.001,0.001,5686,
2026-09-25T13:11:43Z,tel-aviv,2026-09-25,2026-09-25 16:11,16,30°C,1.0,1.0,0.0,5079,0.997
2026-09-25T13:11:43Z,tel-aviv,2026-09-25,2026-09-25 16:11,16,31°C,0.0,0.003,0.003,3007,
2026-09-25T13:11:43Z,tel-aviv,2026-09-25,2026-09-25 16:11,16,32°C,0.0,0.001,0.001,1354,
2026-09-25T13:11:43Z,tel-aviv,2026-09-25,2026-09-25 16:11,16,33°C,0.0,0.001,0.001,317,
2026-09-25T13:11:43Z,tel-aviv,2026-09-25,2026-09-25 16:11,16,34°C,0.0,0.001,0.001,1536,
2026-09-25T13:11:43Z,tel-aviv,2026-09-25,2026-09-25 16:11,16,35°C,0.0,0.001,0.001,15,
2026-09-25T13:11:43Z,tel-aviv,2026-09-25,2026-09-25 16:11,16,36°C or higher,0.0,0.001,0.001,15,
2026-09-25T13:30:20Z,istanbul,2026-09-25,2026-09-25 16:29,16,16°C or below,0.0,0.001,0.001,522,
2026-09-25T13:30:20Z,istanbul,2026-09-25,2026-09-25 16:29,16,17°C,0.0,0.001,0.001,425,
2026-09-25T13:30:20Z,istanbul,2026-09-25,2026-09-25 16:29,16,18°C,0.0,0.001,0.001,306,
2026-09-25T13:30:20Z,istanbul,2026-09-25,2026-09-25 16:29,16,19°C,0.0,0.001,0.001,260,
2026-09-25T13:30:20Z,istanbul,2026-09-25,2026-09-25 16:29,16,20°C,0.0,0.001,0.001,3906,
2026-09-25T13:30:20Z,istanbul,2026-09-25,2026-09-25 16:29,16,21°C,1.0,0.999,-0.001,2599,0.99
2026-09-25T13:30:20Z,istanbul,2026-09-25,2026-09-25 16:29,16,22°C,0.0,0.02,0.02,1416,
2026-09-25T13:30:20Z,istanbul,2026-09-25,2026-09-25 16:29,16,23°C,0.0,0.002,0.002,1031,0.001
2026-09-25T13:30:20Z,istanbul,2026-09-25,2026-09-25 16:29,16,24°C,0.0,0.001,0.001,430,
2026-09-25T13:30:20Z,istanbul,2026-09-25,2026-09-25 16:29,16,25°C,0.0,0.001,0.001,105,
2026-09-25T13:30:20Z,istanbul,2026-09-25,2026-09-25 16:29,16,26°C or higher,0.0,0.001,0.001,105,
2026-09-25T13:30:20Z,jeddah,2026-09-25,2026-09-25 16:29,16,30°C or below,0.0,0.001,0.001,480,
2026-09-25T13:30:20Z,jeddah,2026-09-25,2026-09-25 16:29,16,31°C,0.0,0.001,0.001,95,
2026-09-25T13:30:20Z,jeddah,2026-09-25,2026-09-25 16:29,16,32°C,0.0,0.001,0.001,95,
2026-09-25T13:30:20Z,jeddah,2026-09-25,2026-09-25 16:29,16,33°C,0.0,0.001,0.001,184,
2026-09-25T13:30:20Z,jeddah,2026-09-25,2026-09-25 16:29,16,34°C,0.0,0.001,0.001,159,
2026-09-25T13:30:20Z,jeddah,2026-09-25,2026-09-25 16:29,16,35°C,0.0,0.001,0.001,1984,
2026-09-25T13:30:20Z,jeddah,2026-09-25,2026-09-25 16:29,16,36°C,0.0,0.001,0.001,7703,
2026-09-25T13:30:20Z,jeddah,2026-09-25,2026-09-25 16:29,16,37°C,0.967,0.99,0.023,3242,0.96
2026-09-25T13:30:20Z,jeddah,2026-09-25,2026-09-25 16:29,16,38°C,0.033,0.02,-0.013,2002,
2026-09-25T13:30:20Z,jeddah,2026-09-25,2026-09-25 16:29,16,39°C,0.0,0.006,0.006,1907,
2026-09-25T13:30:20Z,jeddah,2026-09-25,2026-09-25 16:29,16,40°C or higher,0.0,0.001,0.001,1093,
2026-09-25T13:30:20Z,tel-aviv,2026-09-25,2026-09-25 16:29,16,26°C or below,0.0,0.001,0.001,125,
2026-09-25T13:30:20Z,tel-aviv,2026-09-25,2026-09-25 16:29,16,27°C,0.0,0.001,0.001,1336,
2026-09-25T13:30:20Z,tel-aviv,2026-09-25,2026-09-25 16:29,16,28°C,0.0,0.001,0.001,1626,
2026-09-25T13:30:20Z,tel-aviv,2026-09-25,2026-09-25 16:29,16,29°C,0.0,0.001,0.001,5686,
2026-09-25T13:30:20Z,tel-aviv,2026-09-25,2026-09-25 16:29,16,30°C,1.0,1.0,0.0,5079,0.997
2026-09-25T13:30:20Z,tel-aviv,2026-09-25,2026-09-25 16:29,16,31°C,0.0,0.003,0.003,3007,
2026-09-25T13:30:20Z,tel-aviv,2026-09-25,2026-09-25 16:29,16,32°C,0.0,0.001,0.001,1354,
2026-09-25T13:30:20Z,tel-aviv,2026-09-25,2026-09-25 16:29,16,33°C,0.0,0.001,0.001,317,
2026-09-25T13:30:20Z,tel-aviv,2026-09-25,2026-09-25 16:29,16,34°C,0.0,0.001,0.001,1536,
2026-09-25T13:30:20Z,tel-aviv,2026-09-25,2026-09-25 16:29,16,35°C,0.0,0.001,0.001,15,
2026-09-25T13:30:20Z,tel-aviv,2026-09-25,2026-09-25 16:29,16,36°C or higher,0.0,0.001,0.001,15,
2026-09-25T13:57:08Z,amsterdam,2026-09-25,2026-09-25 15:57,15,16°C or below,0.0,0.001,0.001,95,
2026-09-25T13:57:08Z,amsterdam,2026-09-25,2026-09-25 15:57,15,17°C,0.0,0.001,0.001,1117,
2026-09-25T13:57:08Z,amsterdam,2026-09-25,2026-09-25 15:57,15,18°C,0.0,0.001,0.001,783,
2026-09-25T13:57:08Z,amsterdam,2026-09-25,2026-09-25 15:57,15,19°C,0.0,0.001,0.001,1067,
2026-09-25T13:57:08Z,amsterdam,2026-09-25,2026-09-25 15:57,15,20°C,0.0,0.001,0.001,4537,
2026-09-25T13:57:08Z,amsterdam,2026-09-25,2026-09-25 15:57,15,21°C,0.933,0.001,-0.932,6405,
2026-09-25T13:57:08Z,amsterdam,2026-09-25,2026-09-25 15:57,15,22°C,0.067,0.82,0.753,5531,0.76
2026-09-25T13:57:08Z,amsterdam,2026-09-25,2026-09-25 15:57,15,23°C,0.0,0.23,0.23,7900,0.16
2026-09-25T13:57:08Z,amsterdam,2026-09-25,2026-09-25 15:57,15,24°C,0.0,0.004,0.004,5052,0.001
2026-09-25T13:57:08Z,amsterdam,2026-09-25,2026-09-25 15:57,15,25°C,0.0,0.001,0.001,623,
2026-09-25T13:57:08Z,amsterdam,2026-09-25,2026-09-25 15:57,15,26°C or higher,0.0,0.001,0.001,100,
2026-09-25T13:57:08Z,cape-town,2026-09-25,2026-09-25 15:57,15,18°C or below,0.0,0.001,0.001,2838,
2026-09-25T13:57:08Z,cape-town,2026-09-25,2026-09-25 15:57,15,19°C,0.0,0.001,0.001,4748,
2026-09-25T13:57:08Z,cape-town,2026-09-25,2026-09-25 15:57,15,20°C,0.0,0.001,0.001,4882,
2026-09-25T13:57:08Z,cape-town,2026-09-25,2026-09-25 15:57,15,21°C,0.0,0.001,0.001,7925,
2026-09-25T13:57:08Z,cape-town,2026-09-25,2026-09-25 15:57,15,22°C,0.0,0.001,0.001,5443,
2026-09-25T13:57:08Z,cape-town,2026-09-25,2026-09-25 15:57,15,23°C,0.933,0.99,0.057,3515,0.96
2026-09-25T13:57:08Z,cape-town,2026-09-25,2026-09-25 15:57,15,24°C,0.067,0.03,-0.037,3765,0.01
2026-09-25T13:57:08Z,cape-town,2026-09-25,2026-09-25 15:57,15,25°C,0.0,0.001,0.001,3728,
2026-09-25T13:57:08Z,cape-town,2026-09-25,2026-09-25 15:57,15,26°C,0.0,0.001,0.001,3287,
2026-09-25T13:57:08Z,cape-town,2026-09-25,2026-09-25 15:57,15,27°C,0.0,0.001,0.001,150,
2026-09-25T13:57:08Z,cape-town,2026-09-25,2026-09-25 15:57,15,28°C or higher,0.0,0.001,0.001,95,
2026-09-25T13:57:08Z,madrid,2026-09-25,2026-09-25 15:57,15,30°C or below,0.0,0.001,0.001,1153,
2026-09-25T13:57:08Z,madrid,2026-09-25,2026-09-25 15:57,15,31°C,0.0,0.001,0.001,514,
2026-09-25T13:57:08Z,madrid,2026-09-25,2026-09-25 15:57,15,32°C,0.0,0.001,0.001,955,
2026-09-25T13:57:08Z,madrid,2026-09-25,2026-09-25 15:57,15,33°C,0.0,0.001,0.001,1556,
2026-09-25T13:57:08Z,madrid,2026-09-25,2026-09-25 15:57,15,34°C,0.167,0.09,-0.077,6323,0.03
2026-09-25T13:57:08Z,madrid,2026-09-25,2026-09-25 15:57,15,35°C,0.2,0.82,0.62,5860,0.76
2026-09-25T13:57:08Z,madrid,2026-09-25,2026-09-25 15:57,15,36°C,0.5,0.18,-0.32,11703,0.12
2026-09-25T13:57:08Z,madrid,2026-09-25,2026-09-25 15:57,15,37°C,0.1,0.004,-0.096,5806,0.002
2026-09-25T13:57:08Z,madrid,2026-09-25,2026-09-25 15:57,15,38°C,0.033,0.001,-0.032,641,
2026-09-25T13:57:08Z,madrid,2026-09-25,2026-09-25 15:57,15,39°C,0.0,0.001,0.001,112,
2026-09-25T13:57:08Z,madrid,2026-09-25,2026-09-25 15:57,15,40°C or higher,0.0,0.001,0.001,251,
2026-09-25T13:57:08Z,milan,2026-09-25,2026-09-25 15:57,15,18°C or below,0.0,0.001,0.001,1185,
2026-09-25T13:57:08Z,milan,2026-09-25,2026-09-25 15:57,15,19°C,0.0,0.001,0.001,1212,
2026-09-25T13:57:08Z,milan,2026-09-25,2026-09-25 15:57,15,20°C,0.0,0.001,0.001,1328,
2026-09-25T13:57:08Z,milan,2026-09-25,2026-09-25 15:57,15,21°C,0.0,0.001,0.001,4637,
2026-09-25T13:57:08Z,milan,2026-09-25,2026-09-25 15:57,15,22°C,0.767,0.65,-0.117,5379,0.37
2026-09-25T13:57:08Z,milan,2026-09-25,2026-09-25 15:57,15,23°C,0.2,0.54,0.34,4816,0.29
2026-09-25T13:57:08Z,milan,2026-09-25,2026-09-25 15:57,15,24°C,0.0,0.04,0.04,4504,0.03
2026-09-25T13:57:08Z,milan,2026-09-25,2026-09-25 15:57,15,25°C,0.0,0.01,0.01,3640,0.005
2026-09-25T13:57:08Z,milan,2026-09-25,2026-09-25 15:57,15,26°C,0.0,0.001,0.001,216,
2026-09-25T13:57:08Z,milan,2026-09-25,2026-09-25 15:57,15,27°C,0.0,0.001,0.001,1362,
2026-09-25T13:57:08Z,milan,2026-09-25,2026-09-25 15:57,15,28°C or higher,0.033,0.001,-0.032,95,
2026-09-25T14:01:40Z,istanbul,2026-09-25,2026-09-25 17:01,17,16°C or below,0.0,0.001,0.001,522,
2026-09-25T14:01:40Z,istanbul,2026-09-25,2026-09-25 17:01,17,17°C,0.0,0.001,0.001,425,
2026-09-25T14:01:40Z,istanbul,2026-09-25,2026-09-25 17:01,17,18°C,0.0,0.001,0.001,306,
2026-09-25T14:01:40Z,istanbul,2026-09-25,2026-09-25 17:01,17,19°C,0.0,0.001,0.001,260,
2026-09-25T14:01:40Z,istanbul,2026-09-25,2026-09-25 17:01,17,20°C,0.0,0.001,0.001,3906,
2026-09-25T14:01:40Z,istanbul,2026-09-25,2026-09-25 17:01,17,21°C,1.0,0.999,-0.001,2599,0.99
2026-09-25T14:01:40Z,istanbul,2026-09-25,2026-09-25 17:01,17,22°C,0.0,0.009,0.009,1416,0.001
2026-09-25T14:01:40Z,istanbul,2026-09-25,2026-09-25 17:01,17,23°C,0.0,0.002,0.002,1034,0.001
2026-09-25T14:01:40Z,istanbul,2026-09-25,2026-09-25 17:01,17,24°C,0.0,0.001,0.001,430,
2026-09-25T14:01:40Z,istanbul,2026-09-25,2026-09-25 17:01,17,25°C,0.0,0.001,0.001,105,
2026-09-25T14:01:40Z,istanbul,2026-09-25,2026-09-25 17:01,17,26°C or higher,0.0,0.001,0.001,105,
2026-09-25T14:01:40Z,jeddah,2026-09-25,2026-09-25 17:01,17,30°C or below,0.0,0.001,0.001,480,
2026-09-25T14:01:40Z,jeddah,2026-09-25,2026-09-25 17:01,17,31°C,0.0,0.001,0.001,95,
2026-09-25T14:01:40Z,jeddah,2026-09-25,2026-09-25 17:01,17,32°C,0.0,0.001,0.001,95,
2026-09-25T14:01:40Z,jeddah,2026-09-25,2026-09-25 17:01,17,33°C,0.0,0.001,0.001,184,
2026-09-25T14:01:40Z,jeddah,2026-09-25,2026-09-25 17:01,17,34°C,0.0,0.001,0.001,159,
2026-09-25T14:01:40Z,jeddah,2026-09-25,2026-09-25 17:01,17,35°C,0.0,0.001,0.001,1984,
2026-09-25T14:01:40Z,jeddah,2026-09-25,2026-09-25 17:01,17,36°C,0.0,0.001,0.001,7703,
2026-09-25T14:01:40Z,jeddah,2026-09-25,2026-09-25 17:01,17,37°C,1.0,0.999,-0.001,3369,0.991
2026-09-25T14:01:40Z,jeddah,2026-09-25,2026-09-25 17:01,17,38°C,0.0,0.009,0.009,2039,0.001
2026-09-25T14:01:40Z,jeddah,2026-09-25,2026-09-25 17:01,17,39°C,0.0,0.001,0.001,1907,
2026-09-25T14:01:40Z,jeddah,2026-09-25,2026-09-25 17:01,17,40°C or higher,0.0,0.001,0.001,1093,
2026-09-25T14:01:40Z,tel-aviv,2026-09-25,2026-09-25 17:01,17,26°C or below,0.0,0.001,0.001,125,
2026-09-25T14:01:40Z,tel-aviv,2026-09-25,2026-09-25 17:01,17,27°C,0.0,0.001,0.001,1336,
2026-09-25T14:01:40Z,tel-aviv,2026-09-25,2026-09-25 17:01,17,28°C,0.0,0.001,0.001,1626,
2026-09-25T14:01:40Z,tel-aviv,2026-09-25,2026-09-25 17:01,17,29°C,0.0,0.001,0.001,5686,
2026-09-25T14:01:40Z,tel-aviv,2026-09-25,2026-09-25 17:01,17,30°C,1.0,1.0,0.0,5280,0.999
2026-09-25T14:01:40Z,tel-aviv,2026-09-25,2026-09-25 17:01,17,31°C,0.0,0.001,0.001,3014,
2026-09-25T14:01:40Z,tel-aviv,2026-09-25,2026-09-25 17:01,17,32°C,0.0,0.001,0.001,1354,
2026-09-25T14:01:40Z,tel-aviv,2026-09-25,2026-09-25 17:01,17,33°C,0.0,0.001,0.001,317,
2026-09-25T14:01:40Z,tel-aviv,2026-09-25,2026-09-25 17:01,17,34°C,0.0,0.001,0.001,1536,
2026-09-25T14:01:40Z,tel-aviv,2026-09-25,2026-09-25 17:01,17,35°C,0.0,0.001,0.001,15,
2026-09-25T14:01:40Z,tel-aviv,2026-09-25,2026-09-25 17:01,17,36°C or higher,0.0,0.001,0.001,15,
2026-09-25T14:10:28Z,amsterdam,2026-09-25,2026-09-25 16:10,16,16°C or below,0.0,0.001,0.001,95,
2026-09-25T14:10:28Z,amsterdam,2026-09-25,2026-09-25 16:10,16,17°C,0.0,0.001,0.001,1117,
2026-09-25T14:10:28Z,amsterdam,2026-09-25,2026-09-25 16:10,16,18°C,0.0,0.001,0.001,783,
2026-09-25T14:10:28Z,amsterdam,2026-09-25,2026-09-25 16:10,16,19°C,0.0,0.001,0.001,1067,
2026-09-25T14:10:28Z,amsterdam,2026-09-25,2026-09-25 16:10,16,20°C,0.0,0.001,0.001,4537,
2026-09-25T14:10:28Z,amsterdam,2026-09-25,2026-09-25 16:10,16,21°C,0.0,0.001,0.001,6405,
2026-09-25T14:10:28Z,amsterdam,2026-09-25,2026-09-25 16:10,16,22°C,1.0,0.92,-0.08,5531,0.87
2026-09-25T14:10:28Z,amsterdam,2026-09-25,2026-09-25 16:10,16,23°C,0.0,0.11,0.11,7900,0.06
2026-09-25T14:10:28Z,amsterdam,2026-09-25,2026-09-25 16:10,16,24°C,0.0,0.004,0.004,5052,0.002
2026-09-25T14:10:28Z,amsterdam,2026-09-25,2026-09-25 16:10,16,25°C,0.0,0.001,0.001,623,
2026-09-25T14:10:28Z,amsterdam,2026-09-25,2026-09-25 16:10,16,26°C or higher,0.0,0.001,0.001,100,
2026-09-25T14:10:28Z,cape-town,2026-09-25,2026-09-25 16:10,16,18°C or below,0.0,0.001,0.001,2838,
2026-09-25T14:10:28Z,cape-town,2026-09-25,2026-09-25 16:10,16,19°C,0.0,0.001,0.001,4748,
2026-09-25T14:10:28Z,cape-town,2026-09-25,2026-09-25 16:10,16,20°C,0.0,0.001,0.001,4882,
2026-09-25T14:10:28Z,cape-town,2026-09-25,2026-09-25 16:10,16,21°C,0.0,0.001,0.001,7925,
2026-09-25T14:10:28Z,cape-town,2026-09-25,2026-09-25 16:10,16,22°C,0.0,0.001,0.001,5443,
2026-09-25T14:10:28Z,cape-town,2026-09-25,2026-09-25 16:10,16,23°C,1.0,0.99,-0.01,3542,0.96
2026-09-25T14:10:28Z,cape-town,2026-09-25,2026-09-25 16:10,16,24°C,0.0,0.01,0.01,3814,
2026-09-25T14:10:28Z,cape-town,2026-09-25,2026-09-25 16:10,16,25°C,0.0,0.001,0.001,3928,
2026-09-25T14:10:28Z,cape-town,2026-09-25,2026-09-25 16:10,16,26°C,0.0,0.001,0.001,3287,
2026-09-25T14:10:28Z,cape-town,2026-09-25,2026-09-25 16:10,16,27°C,0.0,0.001,0.001,150,
2026-09-25T14:10:28Z,cape-town,2026-09-25,2026-09-25 16:10,16,28°C or higher,0.0,0.001,0.001,95,
2026-09-25T14:10:28Z,madrid,2026-09-25,2026-09-25 16:10,16,30°C or below,0.0,0.001,0.001,1153,
2026-09-25T14:10:28Z,madrid,2026-09-25,2026-09-25 16:10,16,31°C,0.0,0.001,0.001,514,
2026-09-25T14:10:28Z,madrid,2026-09-25,2026-09-25 16:10,16,32°C,0.0,0.001,0.001,955,
2026-09-25T14:10:28Z,madrid,2026-09-25,2026-09-25 16:10,16,33°C,0.0,0.001,0.001,1556,
2026-09-25T14:10:28Z,madrid,2026-09-25,2026-09-25 16:10,16,34°C,0.267,0.09,-0.177,6323,0.04
2026-09-25T14:10:28Z,madrid,2026-09-25,2026-09-25 16:10,16,35°C,0.6,0.82,0.22,5860,0.77
2026-09-25T14:10:28Z,madrid,2026-09-25,2026-09-25 16:10,16,36°C,0.133,0.21,0.077,11703,0.13
2026-09-25T14:10:28Z,madrid,2026-09-25,2026-09-25 16:10,16,37°C,0.0,0.004,0.004,5806,0.001
2026-09-25T14:10:28Z,madrid,2026-09-25,2026-09-25 16:10,16,38°C,0.0,0.001,0.001,641,
2026-09-25T14:10:28Z,madrid,2026-09-25,2026-09-25 16:10,16,39°C,0.0,0.001,0.001,112,
2026-09-25T14:10:28Z,madrid,2026-09-25,2026-09-25 16:10,16,40°C or higher,0.0,0.001,0.001,251,
2026-09-25T14:10:28Z,milan,2026-09-25,2026-09-25 16:10,16,18°C or below,0.0,0.001,0.001,1185,
2026-09-25T14:10:28Z,milan,2026-09-25,2026-09-25 16:10,16,19°C,0.0,0.001,0.001,1212,
2026-09-25T14:10:28Z,milan,2026-09-25,2026-09-25 16:10,16,20°C,0.0,0.001,0.001,1328,
2026-09-25T14:10:28Z,milan,2026-09-25,2026-09-25 16:10,16,21°C,0.0,0.001,0.001,4637,
2026-09-25T14:10:28Z,milan,2026-09-25,2026-09-25 16:10,16,22°C,0.933,0.7,-0.233,5419,0.39
2026-09-25T14:10:28Z,milan,2026-09-25,2026-09-25 16:10,16,23°C,0.067,0.49,0.423,4832,0.23
2026-09-25T14:10:28Z,milan,2026-09-25,2026-09-25 16:10,16,24°C,0.0,0.04,0.04,4556,0.01
2026-09-25T14:10:28Z,milan,2026-09-25,2026-09-25 16:10,16,25°C,0.0,0.006,0.006,3840,0.003
2026-09-25T14:10:28Z,milan,2026-09-25,2026-09-25 16:10,16,26°C,0.0,0.001,0.001,216,
2026-09-25T14:10:28Z,milan,2026-09-25,2026-09-25 16:10,16,27°C,0.0,0.001,0.001,1362,
2026-09-25T14:10:28Z,milan,2026-09-25,2026-09-25 16:10,16,28°C or higher,0.0,0.001,0.001,95,
2026-09-25T14:30:00Z,amsterdam,2026-09-25,2026-09-25 16:30,16,16°C or below,0.0,0.001,0.001,95,
2026-09-25T14:30:00Z,amsterdam,2026-09-25,2026-09-25 16:30,16,17°C,0.0,0.001,0.001,1117,
2026-09-25T14:30:00Z,amsterdam,2026-09-25,2026-09-25 16:30,16,18°C,0.0,0.001,0.001,783,
2026-09-25T14:30:00Z,amsterdam,2026-09-25,2026-09-25 16:30,16,19°C,0.0,0.001,0.001,1067,
2026-09-25T14:30:00Z,amsterdam,2026-09-25,2026-09-25 16:30,16,20°C,0.0,0.001,0.001,4537,
2026-09-25T14:30:00Z,amsterdam,2026-09-25,2026-09-25 16:30,16,21°C,0.0,0.001,0.001,8427,
2026-09-25T14:30:00Z,amsterdam,2026-09-25,2026-09-25 16:30,16,22°C,1.0,0.98,-0.02,6708,0.95
2026-09-25T14:30:00Z,amsterdam,2026-09-25,2026-09-25 16:30,16,23°C,0.0,0.03,0.03,8643,0.02
2026-09-25T14:30:00Z,amsterdam,2026-09-25,2026-09-25 16:30,16,24°C,0.0,0.005,0.005,5549,0.002
2026-09-25T14:30:00Z,amsterdam,2026-09-25,2026-09-25 16:30,16,25°C,0.0,0.001,0.001,623,
2026-09-25T14:30:00Z,amsterdam,2026-09-25,2026-09-25 16:30,16,26°C or higher,0.0,0.001,0.001,100,
2026-09-25T14:30:00Z,cape-town,2026-09-25,2026-09-25 16:30,16,18°C or below,0.0,0.001,0.001,2838,
2026-09-25T14:30:00Z,cape-town,2026-09-25,2026-09-25 16:30,16,19°C,0.0,0.001,0.001,4748,
2026-09-25T14:30:00Z,cape-town,2026-09-25,2026-09-25 16:30,16,20°C,0.0,0.001,0.001,4952,
2026-09-25T14:30:00Z,cape-town,2026-09-25,2026-09-25 16:30,16,21°C,0.0,0.001,0.001,7925,
2026-09-25T14:30:00Z,cape-town,2026-09-25,2026-09-25 16:30,16,22°C,0.0,0.001,0.001,5443,
2026-09-25T14:30:00Z,cape-town,2026-09-25,2026-09-25 16:30,16,23°C,1.0,0.997,-0.003,4221,0.995
2026-09-25T14:30:00Z,cape-town,2026-09-25,2026-09-25 16:30,16,24°C,0.0,0.002,0.002,4331,0.001
2026-09-25T14:30:00Z,cape-town,2026-09-25,2026-09-25 16:30,16,25°C,0.0,0.001,0.001,3928,
2026-09-25T14:30:00Z,cape-town,2026-09-25,2026-09-25 16:30,16,26°C,0.0,0.001,0.001,3287,
2026-09-25T14:30:00Z,cape-town,2026-09-25,2026-09-25 16:30,16,27°C,0.0,0.001,0.001,150,
2026-09-25T14:30:00Z,cape-town,2026-09-25,2026-09-25 16:30,16,28°C or higher,0.0,0.001,0.001,95,
2026-09-25T14:30:00Z,madrid,2026-09-25,2026-09-25 16:30,16,30°C or below,0.0,0.001,0.001,1153,
2026-09-25T14:30:00Z,madrid,2026-09-25,2026-09-25 16:30,16,31°C,0.0,0.001,0.001,514,
2026-09-25T14:30:00Z,madrid,2026-09-25,2026-09-25 16:30,16,32°C,0.0,0.001,0.001,955,
2026-09-25T14:30:00Z,madrid,2026-09-25,2026-09-25 16:30,16,33°C,0.0,0.001,0.001,1556,
2026-09-25T14:30:00Z,madrid,2026-09-25,2026-09-25 16:30,16,34°C,0.267,0.08,-0.187,6501,0.06
2026-09-25T14:30:00Z,madrid,2026-09-25,2026-09-25 16:30,16,35°C,0.6,0.87,0.27,5944,0.83
2026-09-25T14:30:00Z,madrid,2026-09-25,2026-09-25 16:30,16,36°C,0.133,0.09,-0.043,11858,0.06
2026-09-25T14:30:00Z,madrid,2026-09-25,2026-09-25 16:30,16,37°C,0.0,0.004,0.004,6033,0.001
2026-09-25T14:30:00Z,madrid,2026-09-25,2026-09-25 16:30,16,38°C,0.0,0.001,0.001,641,
2026-09-25T14:30:00Z,madrid,2026-09-25,2026-09-25 16:30,16,39°C,0.0,0.001,0.001,112,
2026-09-25T14:30:00Z,madrid,2026-09-25,2026-09-25 16:30,16,40°C or higher,0.0,0.001,0.001,251,
2026-09-25T14:30:00Z,milan,2026-09-25,2026-09-25 16:30,16,18°C or below,0.0,0.001,0.001,1185,
2026-09-25T14:30:00Z,milan,2026-09-25,2026-09-25 16:30,16,19°C,0.0,0.001,0.001,1212,
2026-09-25T14:30:00Z,milan,2026-09-25,2026-09-25 16:30,16,20°C,0.0,0.001,0.001,1328,
2026-09-25T14:30:00Z,milan,2026-09-25,2026-09-25 16:30,16,21°C,0.0,0.001,0.001,4734,
2026-09-25T14:30:00Z,milan,2026-09-25,2026-09-25 16:30,16,22°C,0.933,0.73,-0.203,5450,0.45
2026-09-25T14:30:00Z,milan,2026-09-25,2026-09-25 16:30,16,23°C,0.067,0.53,0.463,4889,0.28
2026-09-25T14:30:00Z,milan,2026-09-25,2026-09-25 16:30,16,24°C,0.0,0.03,0.03,4572,0.01
2026-09-25T14:30:00Z,milan,2026-09-25,2026-09-25 16:30,16,25°C,0.0,0.004,0.004,3848,0.001
2026-09-25T14:30:00Z,milan,2026-09-25,2026-09-25 16:30,16,26°C,0.0,0.001,0.001,216,
2026-09-25T14:30:00Z,milan,2026-09-25,2026-09-25 16:30,16,27°C,0.0,0.001,0.001,1362,
2026-09-25T14:30:00Z,milan,2026-09-25,2026-09-25 16:30,16,28°C or higher,0.0,0.001,0.001,95,
2026-09-25T14:40:01Z,istanbul,2026-09-25,2026-09-25 17:40,17,16°C or below,0.0,0.001,0.001,522,
2026-09-25T14:40:01Z,istanbul,2026-09-25,2026-09-25 17:40,17,17°C,0.0,0.001,0.001,425,
2026-09-25T14:40:01Z,istanbul,2026-09-25,2026-09-25 17:40,17,18°C,0.0,0.001,0.001,306,
2026-09-25T14:40:01Z,istanbul,2026-09-25,2026-09-25 17:40,17,19°C,0.0,0.001,0.001,260,
2026-09-25T14:40:01Z,istanbul,2026-09-25,2026-09-25 17:40,17,20°C,0.0,0.001,0.001,3906,
2026-09-25T14:40:01Z,istanbul,2026-09-25,2026-09-25 17:40,17,21°C,1.0,0.999,-0.001,2611,0.998
2026-09-25T14:40:01Z,istanbul,2026-09-25,2026-09-25 17:40,17,22°C,0.0,0.004,0.004,1451,0.001
2026-09-25T14:40:01Z,istanbul,2026-09-25,2026-09-25 17:40,17,23°C,0.0,0.002,0.002,1034,0.001
2026-09-25T14:40:01Z,istanbul,2026-09-25,2026-09-25 17:40,17,24°C,0.0,0.001,0.001,430,
2026-09-25T14:40:01Z,istanbul,2026-09-25,2026-09-25 17:40,17,25°C,0.0,0.001,0.001,105,
2026-09-25T14:40:01Z,istanbul,2026-09-25,2026-09-25 17:40,17,26°C or higher,0.0,0.001,0.001,105,
2026-09-25T14:40:01Z,jeddah,2026-09-25,2026-09-25 17:40,17,30°C or below,0.0,0.001,0.001,480,
2026-09-25T14:40:01Z,jeddah,2026-09-25,2026-09-25 17:40,17,31°C,0.0,0.001,0.001,95,
2026-09-25T14:40:01Z,jeddah,2026-09-25,2026-09-25 17:40,17,32°C,0.0,0.001,0.001,95,
2026-09-25T14:40:01Z,jeddah,2026-09-25,2026-09-25 17:40,17,33°C,0.0,0.001,0.001,184,
2026-09-25T14:40:01Z,jeddah,2026-09-25,2026-09-25 17:40,17,34°C,0.0,0.001,0.001,159,
2026-09-25T14:40:01Z,jeddah,2026-09-25,2026-09-25 17:40,17,35°C,0.0,0.001,0.001,1984,
2026-09-25T14:40:01Z,jeddah,2026-09-25,2026-09-25 17:40,17,36°C,0.0,0.001,0.001,7703,
2026-09-25T14:40:01Z,jeddah,2026-09-25,2026-09-25 17:40,17,37°C,1.0,1.0,0.0,4246,0.999
2026-09-25T14:40:01Z,jeddah,2026-09-25,2026-09-25 17:40,17,38°C,0.0,0.001,0.001,2592,
2026-09-25T14:40:01Z,jeddah,2026-09-25,2026-09-25 17:40,17,39°C,0.0,0.001,0.001,1907,
2026-09-25T14:40:01Z,jeddah,2026-09-25,2026-09-25 17:40,17,40°C or higher,0.0,0.001,0.001,1093,
2026-09-25T14:40:01Z,tel-aviv,2026-09-25,2026-09-25 17:40,17,26°C or below,0.0,0.001,0.001,125,
2026-09-25T14:40:01Z,tel-aviv,2026-09-25,2026-09-25 17:40,17,27°C,0.0,0.001,0.001,1336,
2026-09-25T14:40:01Z,tel-aviv,2026-09-25,2026-09-25 17:40,17,28°C,0.0,0.001,0.001,1626,
2026-09-25T14:40:01Z,tel-aviv,2026-09-25,2026-09-25 17:40,17,29°C,0.0,0.001,0.001,5686,
2026-09-25T14:40:01Z,tel-aviv,2026-09-25,2026-09-25 17:40,17,30°C,1.0,1.0,0.0,5428,0.999
2026-09-25T14:40:01Z,tel-aviv,2026-09-25,2026-09-25 17:40,17,31°C,0.0,0.001,0.001,3096,
2026-09-25T14:40:01Z,tel-aviv,2026-09-25,2026-09-25 17:40,17,32°C,0.0,0.001,0.001,1354,
2026-09-25T14:40:01Z,tel-aviv,2026-09-25,2026-09-25 17:40,17,33°C,0.0,0.001,0.001,317,
2026-09-25T14:40:01Z,tel-aviv,2026-09-25,2026-09-25 17:40,17,34°C,0.0,0.001,0.001,1536,
2026-09-25T14:40:01Z,tel-aviv,2026-09-25,2026-09-25 17:40,17,35°C,0.0,0.001,0.001,15,
2026-09-25T14:40:01Z,tel-aviv,2026-09-25,2026-09-25 17:40,17,36°C or higher,0.0,0.001,0.001,15,
2026-09-25T15:00:01Z,amsterdam,2026-09-25,2026-09-25 17:00,17,16°C or below,0.0,0.001,0.001,95,
2026-09-25T15:00:01Z,amsterdam,2026-09-25,2026-09-25 17:00,17,17°C,0.0,0.001,0.001,1117,
2026-09-25T15:00:01Z,amsterdam,2026-09-25,2026-09-25 17:00,17,18°C,0.0,0.001,0.001,783,
2026-09-25T15:00:01Z,amsterdam,2026-09-25,2026-09-25 17:00,17,19°C,0.0,0.001,0.001,1067,
2026-09-25T15:00:01Z,amsterdam,2026-09-25,2026-09-25 17:00,17,20°C,0.0,0.001,0.001,4537,
2026-09-25T15:00:01Z,amsterdam,2026-09-25,2026-09-25 17:00,17,21°C,0.0,0.001,0.001,8430,
2026-09-25T15:00:01Z,amsterdam,2026-09-25,2026-09-25 17:00,17,22°C,1.0,0.98,-0.02,6913,0.93
2026-09-25T15:00:01Z,amsterdam,2026-09-25,2026-09-25 17:00,17,23°C,0.0,0.09,0.09,9062,
2026-09-25T15:00:01Z,amsterdam,2026-09-25,2026-09-25 17:00,17,24°C,0.0,0.005,0.005,5664,0.001
2026-09-25T15:00:01Z,amsterdam,2026-09-25,2026-09-25 17:00,17,25°C,0.0,0.001,0.001,623,
2026-09-25T15:00:01Z,amsterdam,2026-09-25,2026-09-25 17:00,17,26°C or higher,0.0,0.001,0.001,100,
2026-09-25T15:00:01Z,cape-town,2026-09-25,2026-09-25 17:00,17,18°C or below,0.0,0.001,0.001,2838,
2026-09-25T15:00:01Z,cape-town,2026-09-25,2026-09-25 17:00,17,19°C,0.0,0.001,0.001,4748,
2026-09-25T15:00:01Z,cape-town,2026-09-25,2026-09-25 17:00,17,20°C,0.0,0.001,0.001,5452,
2026-09-25T15:00:01Z,cape-town,2026-09-25,2026-09-25 17:00,17,21°C,0.0,0.001,0.001,7925,
2026-09-25T15:00:01Z,cape-town,2026-09-25,2026-09-25 17:00,17,22°C,0.0,0.001,0.001,5443,
2026-09-25T15:00:01Z,cape-town,2026-09-25,2026-09-25 17:00,17,23°C,1.0,0.998,-0.002,4328,0.99
2026-09-25T15:00:01Z,cape-town,2026-09-25,2026-09-25 17:00,17,24°C,0.0,0.004,0.004,4465,0.001
2026-09-25T15:00:01Z,cape-town,2026-09-25,2026-09-25 17:00,17,25°C,0.0,0.001,0.001,3928,
2026-09-25T15:00:01Z,cape-town,2026-09-25,2026-09-25 17:00,17,26°C,0.0,0.001,0.001,3287,
2026-09-25T15:00:01Z,cape-town,2026-09-25,2026-09-25 17:00,17,27°C,0.0,0.001,0.001,150,
2026-09-25T15:00:01Z,cape-town,2026-09-25,2026-09-25 17:00,17,28°C or higher,0.0,0.001,0.001,95,
2026-09-25T15:00:01Z,madrid,2026-09-25,2026-09-25 17:00,17,30°C or below,0.0,0.001,0.001,1153,
2026-09-25T15:00:01Z,madrid,2026-09-25,2026-09-25 17:00,17,31°C,0.0,0.001,0.001,514,
2026-09-25T15:00:01Z,madrid,2026-09-25,2026-09-25 17:00,17,32°C,0.0,0.001,0.001,955,
2026-09-25T15:00:01Z,madrid,2026-09-25,2026-09-25 17:00,17,33°C,0.0,0.001,0.001,1556,
2026-09-25T15:00:01Z,madrid,2026-09-25,2026-09-25 17:00,17,34°C,0.667,0.19,-0.477,6651,0.13
2026-09-25T15:00:01Z,madrid,2026-09-25,2026-09-25 17:00,17,35°C,0.267,0.85,0.583,6011,0.78
2026-09-25T15:00:01Z,madrid,2026-09-25,2026-09-25 17:00,17,36°C,0.067,0.07,0.003,11916,0.03
2026-09-25T15:00:01Z,madrid,2026-09-25,2026-09-25 17:00,17,37°C,0.0,0.005,0.005,6044,0.001
2026-09-25T15:00:01Z,madrid,2026-09-25,2026-09-25 17:00,17,38°C,0.0,0.001,0.001,641,
2026-09-25T15:00:01Z,madrid,2026-09-25,2026-09-25 17:00,17,39°C,0.0,0.001,0.001,112,
2026-09-25T15:00:01Z,madrid,2026-09-25,2026-09-25 17:00,17,40°C or higher,0.0,0.001,0.001,251,
2026-09-25T15:00:01Z,milan,2026-09-25,2026-09-25 17:00,17,18°C or below,0.0,0.001,0.001,1185,
2026-09-25T15:00:01Z,milan,2026-09-25,2026-09-25 17:00,17,19°C,0.0,0.001,0.001,1212,
2026-09-25T15:00:01Z,milan,2026-09-25,2026-09-25 17:00,17,20°C,0.0,0.001,0.001,1328,
2026-09-25T15:00:01Z,milan,2026-09-25,2026-09-25 17:00,17,21°C,0.0,0.001,0.001,4734,
2026-09-25T15:00:01Z,milan,2026-09-25,2026-09-25 17:00,17,22°C,1.0,0.85,-0.15,5687,0.82
2026-09-25T15:00:01Z,milan,2026-09-25,2026-09-25 17:00,17,23°C,0.0,0.13,0.13,5081,0.09
2026-09-25T15:00:01Z,milan,2026-09-25,2026-09-25 17:00,17,24°C,0.0,0.03,0.03,4630,0.02
2026-09-25T15:00:01Z,milan,2026-09-25,2026-09-25 17:00,17,25°C,0.0,0.008,0.008,3869,0.001
2026-09-25T15:00:01Z,milan,2026-09-25,2026-09-25 17:00,17,26°C,0.0,0.001,0.001,216,
2026-09-25T15:00:01Z,milan,2026-09-25,2026-09-25 17:00,17,27°C,0.0,0.001,0.001,1362,
2026-09-25T15:00:01Z,milan,2026-09-25,2026-09-25 17:00,17,28°C or higher,0.0,0.001,0.001,95,
2026-09-25T15:26:33Z,amsterdam,2026-09-25,2026-09-25 17:25,17,16°C or below,0.0,0.001,0.001,95,
2026-09-25T15:26:33Z,amsterdam,2026-09-25,2026-09-25 17:25,17,17°C,0.0,0.001,0.001,1117,
2026-09-25T15:26:33Z,amsterdam,2026-09-25,2026-09-25 17:25,17,18°C,0.0,0.001,0.001,783,
2026-09-25T15:26:33Z,amsterdam,2026-09-25,2026-09-25 17:25,17,19°C,0.0,0.001,0.001,1067,
2026-09-25T15:26:33Z,amsterdam,2026-09-25,2026-09-25 17:25,17,20°C,0.0,0.001,0.001,4537,
2026-09-25T15:26:33Z,amsterdam,2026-09-25,2026-09-25 17:25,17,21°C,0.0,0.001,0.001,8503,
2026-09-25T15:26:33Z,amsterdam,2026-09-25,2026-09-25 17:25,17,22°C,1.0,0.99,-0.01,7709,0.983
2026-09-25T15:26:33Z,amsterdam,2026-09-25,2026-09-25 17:25,17,23°C,0.0,0.007,0.007,9100,0.001
2026-09-25T15:26:33Z,amsterdam,2026-09-25,2026-09-25 17:25,17,24°C,0.0,0.005,0.005,5755,0.001
2026-09-25T15:26:33Z,amsterdam,2026-09-25,2026-09-25 17:25,17,25°C,0.0,0.001,0.001,623,
2026-09-25T15:26:33Z,amsterdam,2026-09-25,2026-09-25 17:25,17,26°C or higher,0.0,0.001,0.001,100,
2026-09-25T15:26:33Z,cape-town,2026-09-25,2026-09-25 17:25,17,18°C or below,0.0,0.001,0.001,2838,
2026-09-25T15:26:33Z,cape-town,2026-09-25,2026-09-25 17:25,17,19°C,0.0,0.001,0.001,4748,
2026-09-25T15:26:33Z,cape-town,2026-09-25,2026-09-25 17:25,17,20°C,0.0,0.001,0.001,5452,
2026-09-25T15:26:33Z,cape-town,2026-09-25,2026-09-25 17:25,17,21°C,0.0,0.001,0.001,7925,
2026-09-25T15:26:33Z,cape-town,2026-09-25,2026-09-25 17:25,17,22°C,0.0,0.001,0.001,5443,
2026-09-25T15:26:33Z,cape-town,2026-09-25,2026-09-25 17:25,17,23°C,1.0,1.0,0.0,4708,0.999
2026-09-25T15:26:33Z,cape-town,2026-09-25,2026-09-25 17:25,17,24°C,0.0,0.002,0.002,4668,0.001
2026-09-25T15:26:33Z,cape-town,2026-09-25,2026-09-25 17:25,17,25°C,0.0,0.003,0.003,3928,
2026-09-25T15:26:33Z,cape-town,2026-09-25,2026-09-25 17:25,17,26°C,0.0,0.001,0.001,3287,
2026-09-25T15:26:33Z,cape-town,2026-09-25,2026-09-25 17:25,17,27°C,0.0,0.001,0.001,150,
2026-09-25T15:26:33Z,cape-town,2026-09-25,2026-09-25 17:25,17,28°C or higher,0.0,0.001,0.001,95,
2026-09-25T15:26:33Z,istanbul,2026-09-25,2026-09-25 18:25,18,16°C or below,0.0,0.001,0.001,522,
2026-09-25T15:26:33Z,istanbul,2026-09-25,2026-09-25 18:25,18,17°C,0.0,0.001,0.001,425,
2026-09-25T15:26:33Z,istanbul,2026-09-25,2026-09-25 18:25,18,18°C,0.0,0.001,0.001,306,
2026-09-25T15:26:33Z,istanbul,2026-09-25,2026-09-25 18:25,18,19°C,0.0,0.001,0.001,260,
2026-09-25T15:26:33Z,istanbul,2026-09-25,2026-09-25 18:25,18,20°C,0.0,0.001,0.001,3908,
2026-09-25T15:26:33Z,istanbul,2026-09-25,2026-09-25 18:25,18,21°C,1.0,0.999,-0.001,2809,0.991
2026-09-25T15:26:33Z,istanbul,2026-09-25,2026-09-25 18:25,18,22°C,0.0,0.009,0.009,1734,0.001
2026-09-25T15:26:33Z,istanbul,2026-09-25,2026-09-25 18:25,18,23°C,0.0,0.001,0.001,1087,
2026-09-25T15:26:33Z,istanbul,2026-09-25,2026-09-25 18:25,18,24°C,0.0,0.001,0.001,430,
2026-09-25T15:26:33Z,istanbul,2026-09-25,2026-09-25 18:25,18,25°C,0.0,0.001,0.001,105,
2026-09-25T15:26:33Z,istanbul,2026-09-25,2026-09-25 18:25,18,26°C or higher,0.0,0.001,0.001,105,
2026-09-25T15:26:33Z,jeddah,2026-09-25,2026-09-25 18:25,18,30°C or below,0.0,0.001,0.001,480,
2026-09-25T15:26:33Z,jeddah,2026-09-25,2026-09-25 18:25,18,31°C,0.0,0.001,0.001,95,
2026-09-25T15:26:33Z,jeddah,2026-09-25,2026-09-25 18:25,18,32°C,0.0,0.001,0.001,95,
2026-09-25T15:26:33Z,jeddah,2026-09-25,2026-09-25 18:25,18,33°C,0.0,0.001,0.001,184,
2026-09-25T15:26:33Z,jeddah,2026-09-25,2026-09-25 18:25,18,34°C,0.0,0.001,0.001,159,
2026-09-25T15:26:33Z,jeddah,2026-09-25,2026-09-25 18:25,18,35°C,0.0,0.001,0.001,1984,
2026-09-25T15:26:33Z,jeddah,2026-09-25,2026-09-25 18:25,18,36°C,0.0,0.001,0.001,7703,
2026-09-25T15:26:33Z,jeddah,2026-09-25,2026-09-25 18:25,18,37°C,1.0,1.0,0.0,4258,0.999
2026-09-25T15:26:33Z,jeddah,2026-09-25,2026-09-25 18:25,18,38°C,0.0,0.001,0.001,2595,
2026-09-25T15:26:33Z,jeddah,2026-09-25,2026-09-25 18:25,18,39°C,0.0,0.001,0.001,1907,
2026-09-25T15:26:33Z,jeddah,2026-09-25,2026-09-25 18:25,18,40°C or higher,0.0,0.001,0.001,1093,
2026-09-25T15:26:33Z,madrid,2026-09-25,2026-09-25 17:25,17,30°C or below,0.0,0.001,0.001,1153,
2026-09-25T15:26:33Z,madrid,2026-09-25,2026-09-25 17:25,17,31°C,0.0,0.001,0.001,514,
2026-09-25T15:26:33Z,madrid,2026-09-25,2026-09-25 17:25,17,32°C,0.0,0.001,0.001,955,
2026-09-25T15:26:33Z,madrid,2026-09-25,2026-09-25 17:25,17,33°C,0.0,0.001,0.001,1556,
2026-09-25T15:26:33Z,madrid,2026-09-25,2026-09-25 17:25,17,34°C,0.0,0.001,0.001,7320,
2026-09-25T15:26:33Z,madrid,2026-09-25,2026-09-25 17:25,17,35°C,0.667,0.94,0.273,6146,0.89
2026-09-25T15:26:33Z,madrid,2026-09-25,2026-09-25 17:25,17,36°C,0.267,0.12,-0.147,12031,0.05
2026-09-25T15:26:33Z,madrid,2026-09-25,2026-09-25 17:25,17,37°C,0.067,0.004,-0.063,6106,
2026-09-25T15:26:33Z,madrid,2026-09-25,2026-09-25 17:25,17,38°C,0.0,0.001,0.001,641,
2026-09-25T15:26:33Z,madrid,2026-09-25,2026-09-25 17:25,17,39°C,0.0,0.001,0.001,112,
2026-09-25T15:26:33Z,madrid,2026-09-25,2026-09-25 17:25,17,40°C or higher,0.0,0.001,0.001,251,
2026-09-25T15:26:33Z,milan,2026-09-25,2026-09-25 17:25,17,18°C or below,0.0,0.001,0.001,1185,
2026-09-25T15:26:33Z,milan,2026-09-25,2026-09-25 17:25,17,19°C,0.0,0.001,0.001,1212,
2026-09-25T15:26:33Z,milan,2026-09-25,2026-09-25 17:25,17,20°C,0.0,0.001,0.001,1328,
2026-09-25T15:26:33Z,milan,2026-09-25,2026-09-25 17:25,17,21°C,0.0,0.001,0.001,4734,
2026-09-25T15:26:33Z,milan,2026-09-25,2026-09-25 17:25,17,22°C,1.0,0.9,-0.1,5927,0.84
2026-09-25T15:26:33Z,milan,2026-09-25,2026-09-25 17:25,17,23°C,0.0,0.16,0.16,5229,0.11
2026-09-25T15:26:33Z,milan,2026-09-25,2026-09-25 17:25,17,24°C,0.0,0.02,0.02,4873,0.01
2026-09-25T15:26:33Z,milan,2026-09-25,2026-09-25 17:25,17,25°C,0.0,0.005,0.005,3953,0.002
2026-09-25T15:26:33Z,milan,2026-09-25,2026-09-25 17:25,17,26°C,0.0,0.001,0.001,216,
2026-09-25T15:26:33Z,milan,2026-09-25,2026-09-25 17:25,17,27°C,0.0,0.001,0.001,1362,
2026-09-25T15:26:33Z,milan,2026-09-25,2026-09-25 17:25,17,28°C or higher,0.0,0.001,0.001,95,
2026-09-25T15:26:33Z,tel-aviv,2026-09-25,2026-09-25 18:25,18,26°C or below,0.0,0.001,0.001,125,
2026-09-25T15:26:33Z,tel-aviv,2026-09-25,2026-09-25 18:25,18,27°C,0.0,0.001,0.001,1336,
2026-09-25T15:26:33Z,tel-aviv,2026-09-25,2026-09-25 18:25,18,28°C,0.0,0.001,0.001,1626,
2026-09-25T15:26:33Z,tel-aviv,2026-09-25,2026-09-25 18:25,18,29°C,0.0,0.001,0.001,5686,
2026-09-25T15:26:33Z,tel-aviv,2026-09-25,2026-09-25 18:25,18,30°C,1.0,1.0,0.0,5428,0.999
2026-09-25T15:26:33Z,tel-aviv,2026-09-25,2026-09-25 18:25,18,31°C,0.0,0.001,0.001,3096,
2026-09-25T15:26:33Z,tel-aviv,2026-09-25,2026-09-25 18:25,18,32°C,0.0,0.001,0.001,1354,
2026-09-25T15:26:33Z,tel-aviv,2026-09-25,2026-09-25 18:25,18,33°C,0.0,0.001,0.001,317,
2026-09-25T15:26:33Z,tel-aviv,2026-09-25,2026-09-25 18:25,18,34°C,0.0,0.001,0.001,1536,
2026-09-25T15:26:33Z,tel-aviv,2026-09-25,2026-09-25 18:25,18,35°C,0.0,0.001,0.001,15,
2026-09-25T15:26:33Z,tel-aviv,2026-09-25,2026-09-25 18:25,18,36°C or higher,0.0,0.001,0.001,15,
2026-09-25T15:30:13Z,buenos-aires,2026-09-25,2026-09-25 12:30,12,20°C or below,0.0,0.001,0.001,265,
2026-09-25T15:30:13Z,buenos-aires,2026-09-25,2026-09-25 12:30,12,21°C,0.0,0.001,0.001,105,
2026-09-25T15:30:13Z,buenos-aires,2026-09-25,2026-09-25 12:30,12,22°C,0.0,0.001,0.001,105,
2026-09-25T15:30:13Z,buenos-aires,2026-09-25,2026-09-25 12:30,12,23°C,0.0,0.001,0.001,2047,
2026-09-25T15:30:13Z,buenos-aires,2026-09-25,2026-09-25 12:30,12,24°C,0.0,0.001,0.001,2234,
2026-09-25T15:30:13Z,buenos-aires,2026-09-25,2026-09-25 12:30,12,25°C,0.0,0.001,0.001,1370,
2026-09-25T15:30:13Z,buenos-aires,2026-09-25,2026-09-25 12:30,12,26°C,0.2,0.25,0.05,1680,0.12
2026-09-25T15:30:13Z,buenos-aires,2026-09-25,2026-09-25 12:30,12,27°C,0.267,0.55,0.283,3618,0.5
2026-09-25T15:30:13Z,buenos-aires,2026-09-25,2026-09-25 12:30,12,28°C,0.233,0.36,0.127,2006,0.23
2026-09-25T15:30:13Z,buenos-aires,2026-09-25,2026-09-25 12:30,12,29°C,0.2,0.053,-0.147,2927,0.04
2026-09-25T15:30:13Z,buenos-aires,2026-09-25,2026-09-25 12:30,12,30°C or higher,0.1,0.009,-0.091,2194,0.002
2026-09-25T15:30:13Z,sao-paulo,2026-09-25,2026-09-25 12:30,12,22°C or below,0.0,0.001,0.001,1226,
2026-09-25T15:30:13Z,sao-paulo,2026-09-25,2026-09-25 12:30,12,23°C,0.0,0.001,0.001,1073,
2026-09-25T15:30:13Z,sao-paulo,2026-09-25,2026-09-25 12:30,12,24°C,0.0,0.001,0.001,1305,
2026-09-25T15:30:13Z,sao-paulo,2026-09-25,2026-09-25 12:30,12,25°C,0.367,0.04,-0.327,738,0.01
2026-09-25T15:30:13Z,sao-paulo,2026-09-25,2026-09-25 12:30,12,26°C,0.2,0.19,-0.01,1540,0.13
2026-09-25T15:30:13Z,sao-paulo,2026-09-25,2026-09-25 12:30,12,27°C,0.133,0.48,0.347,1807,0.31
2026-09-25T15:30:13Z,sao-paulo,2026-09-25,2026-09-25 12:30,12,28°C,0.1,0.43,0.33,1692,0.26
2026-09-25T15:30:13Z,sao-paulo,2026-09-25,2026-09-25 12:30,12,29°C,0.133,0.08,-0.053,1913,0.05
2026-09-25T15:30:13Z,sao-paulo,2026-09-25,2026-09-25 12:30,12,30°C,0.033,0.01,-0.023,1531,0.002
2026-09-25T15:30:13Z,sao-paulo,2026-09-25,2026-09-25 12:30,12,31°C,0.033,0.003,-0.03,1054,0.001
2026-09-25T15:30:13Z,sao-paulo,2026-09-25,2026-09-25 12:30,12,32°C or higher,0.0,0.003,0.003,1254,
2026-09-25T15:45:01Z,amsterdam,2026-09-25,2026-09-25 17:45,17,16°C or below,0.0,0.001,0.001,95,
2026-09-25T15:45:01Z,amsterdam,2026-09-25,2026-09-25 17:45,17,17°C,0.0,0.001,0.001,1117,
2026-09-25T15:45:01Z,amsterdam,2026-09-25,2026-09-25 17:45,17,18°C,0.0,0.001,0.001,783,
2026-09-25T15:45:01Z,amsterdam,2026-09-25,2026-09-25 17:45,17,19°C,0.0,0.001,0.001,1067,
2026-09-25T15:45:01Z,amsterdam,2026-09-25,2026-09-25 17:45,17,20°C,0.0,0.001,0.001,4538,
2026-09-25T15:45:01Z,amsterdam,2026-09-25,2026-09-25 17:45,17,21°C,0.0,0.001,0.001,8503,
2026-09-25T15:45:01Z,amsterdam,2026-09-25,2026-09-25 17:45,17,22°C,1.0,0.99,-0.01,8289,0.987
2026-09-25T15:45:01Z,amsterdam,2026-09-25,2026-09-25 17:45,17,23°C,0.0,0.002,0.002,9268,0.001
2026-09-25T15:45:01Z,amsterdam,2026-09-25,2026-09-25 17:45,17,24°C,0.0,0.005,0.005,5757,0.002
2026-09-25T15:45:01Z,amsterdam,2026-09-25,2026-09-25 17:45,17,25°C,0.0,0.001,0.001,623,
2026-09-25T15:45:01Z,amsterdam,2026-09-25,2026-09-25 17:45,17,26°C or higher,0.0,0.001,0.001,100,
2026-09-25T15:45:01Z,cape-town,2026-09-25,2026-09-25 17:45,17,18°C or below,0.0,0.001,0.001,2838,
2026-09-25T15:45:01Z,cape-town,2026-09-25,2026-09-25 17:45,17,19°C,0.0,0.001,0.001,4748,
2026-09-25T15:45:01Z,cape-town,2026-09-25,2026-09-25 17:45,17,20°C,0.0,0.001,0.001,5452,
2026-09-25T15:45:01Z,cape-town,2026-09-25,2026-09-25 17:45,17,21°C,0.0,0.001,0.001,7925,
2026-09-25T15:45:01Z,cape-town,2026-09-25,2026-09-25 17:45,17,22°C,0.0,0.001,0.001,5443,
2026-09-25T15:45:01Z,cape-town,2026-09-25,2026-09-25 17:45,17,23°C,1.0,1.0,0.0,4747,0.999
2026-09-25T15:45:01Z,cape-town,2026-09-25,2026-09-25 17:45,17,24°C,0.0,0.002,0.002,4802,
2026-09-25T15:45:01Z,cape-town,2026-09-25,2026-09-25 17:45,17,25°C,0.0,0.001,0.001,4012,
2026-09-25T15:45:01Z,cape-town,2026-09-25,2026-09-25 17:45,17,26°C,0.0,0.001,0.001,3298,
2026-09-25T15:45:01Z,cape-town,2026-09-25,2026-09-25 17:45,17,27°C,0.0,0.001,0.001,150,
2026-09-25T15:45:01Z,cape-town,2026-09-25,2026-09-25 17:45,17,28°C or higher,0.0,0.001,0.001,95,
2026-09-25T15:45:01Z,madrid,2026-09-25,2026-09-25 17:45,17,30°C or below,0.0,0.001,0.001,1153,
2026-09-25T15:45:01Z,madrid,2026-09-25,2026-09-25 17:45,17,31°C,0.0,0.001,0.001,514,
2026-09-25T15:45:01Z,madrid,2026-09-25,2026-09-25 17:45,17,32°C,0.0,0.001,0.001,955,
2026-09-25T15:45:01Z,madrid,2026-09-25,2026-09-25 17:45,17,33°C,0.0,0.001,0.001,1556,
2026-09-25T15:45:01Z,madrid,2026-09-25,2026-09-25 17:45,17,34°C,0.0,0.001,0.001,7914,
2026-09-25T15:45:01Z,madrid,2026-09-25,2026-09-25 17:45,17,35°C,0.667,0.94,0.273,6703,0.89
2026-09-25T15:45:01Z,madrid,2026-09-25,2026-09-25 17:45,17,36°C,0.267,0.09,-0.177,12205,0.06
2026-09-25T15:45:01Z,madrid,2026-09-25,2026-09-25 17:45,17,37°C,0.067,0.004,-0.063,6395,
2026-09-25T15:45:01Z,madrid,2026-09-25,2026-09-25 17:45,17,38°C,0.0,0.001,0.001,641,
2026-09-25T15:45:01Z,madrid,2026-09-25,2026-09-25 17:45,17,39°C,0.0,0.001,0.001,112,
2026-09-25T15:45:01Z,madrid,2026-09-25,2026-09-25 17:45,17,40°C or higher,0.0,0.001,0.001,251,
2026-09-25T15:45:01Z,milan,2026-09-25,2026-09-25 17:45,17,18°C or below,0.0,0.001,0.001,1185,
2026-09-25T15:45:01Z,milan,2026-09-25,2026-09-25 17:45,17,19°C,0.0,0.001,0.001,1212,
2026-09-25T15:45:01Z,milan,2026-09-25,2026-09-25 17:45,17,20°C,0.0,0.001,0.001,1328,
2026-09-25T15:45:01Z,milan,2026-09-25,2026-09-25 17:45,17,21°C,0.0,0.001,0.001,4734,
2026-09-25T15:45:01Z,milan,2026-09-25,2026-09-25 17:45,17,22°C,1.0,0.96,-0.04,6565,0.91
2026-09-25T15:45:01Z,milan,2026-09-25,2026-09-25 17:45,17,23°C,0.0,0.1,0.1,5518,0.04
2026-09-25T15:45:01Z,milan,2026-09-25,2026-09-25 17:45,17,24°C,0.0,0.02,0.02,5010,
2026-09-25T15:45:01Z,milan,2026-09-25,2026-09-25 17:45,17,25°C,0.0,0.002,0.002,4468,0.001
2026-09-25T15:45:01Z,milan,2026-09-25,2026-09-25 17:45,17,26°C,0.0,0.001,0.001,216,
2026-09-25T15:45:01Z,milan,2026-09-25,2026-09-25 17:45,17,27°C,0.0,0.001,0.001,1362,
2026-09-25T15:45:01Z,milan,2026-09-25,2026-09-25 17:45,17,28°C or higher,0.0,0.001,0.001,95,
2026-09-25T17:00:54Z,atlanta,2026-09-25,2026-09-25 13:00,13,69°F or below,0.133,0.003,-0.13,614,
2026-09-25T17:00:54Z,atlanta,2026-09-25,2026-09-25 13:00,13,70-71°F,0.667,0.01,-0.657,733,0.002
2026-09-25T17:00:54Z,atlanta,2026-09-25,2026-09-25 13:00,13,72-73°F,0.133,0.16,0.027,3340,0.08
2026-09-25T17:00:54Z,atlanta,2026-09-25,2026-09-25 13:00,13,74-75°F,0.033,0.28,0.247,4329,0.23
2026-09-25T17:00:54Z,atlanta,2026-09-25,2026-09-25 13:00,13,76-77°F,0.033,0.49,0.457,4829,0.36
2026-09-25T17:00:54Z,atlanta,2026-09-25,2026-09-25 13:00,13,78-79°F,0.0,0.19,0.19,5589,0.17
2026-09-25T17:00:54Z,atlanta,2026-09-25,2026-09-25 13:00,13,80-81°F,0.0,0.04,0.04,1999,0.01
2026-09-25T17:00:54Z,atlanta,2026-09-25,2026-09-25 13:00,13,82-83°F,0.0,0.003,0.003,982,0.001
2026-09-25T17:00:54Z,atlanta,2026-09-25,2026-09-25 13:00,13,84-85°F,0.0,0.001,0.001,422,
2026-09-25T17:00:54Z,atlanta,2026-09-25,2026-09-25 13:00,13,86-87°F,0.0,0.001,0.001,105,
2026-09-25T17:00:54Z,atlanta,2026-09-25,2026-09-25 13:00,13,88°F or higher,0.0,0.001,0.001,105,
2026-09-25T17:00:54Z,buenos-aires,2026-09-25,2026-09-25 14:00,14,20°C or below,0.0,0.001,0.001,265,
2026-09-25T17:00:54Z,buenos-aires,2026-09-25,2026-09-25 14:00,14,21°C,0.0,0.001,0.001,105,
2026-09-25T17:00:54Z,buenos-aires,2026-09-25,2026-09-25 14:00,14,22°C,0.0,0.001,0.001,105,
2026-09-25T17:00:54Z,buenos-aires,2026-09-25,2026-09-25 14:00,14,23°C,0.0,0.001,0.001,2047,
2026-09-25T17:00:54Z,buenos-aires,2026-09-25,2026-09-25 14:00,14,24°C,0.0,0.001,0.001,2235,
2026-09-25T17:00:54Z,buenos-aires,2026-09-25,2026-09-25 14:00,14,25°C,0.0,0.001,0.001,1422,
2026-09-25T17:00:54Z,buenos-aires,2026-09-25,2026-09-25 14:00,14,26°C,0.5,0.32,-0.18,1775,0.21
2026-09-25T17:00:54Z,buenos-aires,2026-09-25,2026-09-25 14:00,14,27°C,0.4,0.58,0.18,3735,0.5
2026-09-25T17:00:54Z,buenos-aires,2026-09-25,2026-09-25 14:00,14,28°C,0.1,0.18,0.08,2174,0.13
2026-09-25T17:00:54Z,buenos-aires,2026-09-25,2026-09-25 14:00,14,29°C,0.0,0.014,0.014,3331,0.004
2026-09-25T17:00:54Z,buenos-aires,2026-09-25,2026-09-25 14:00,14,30°C or higher,0.0,0.007,0.007,2354,0.002
2026-09-25T17:00:54Z,miami,2026-09-25,2026-09-25 13:00,13,75°F or below,0.0,0.001,0.001,95,
2026-09-25T17:00:54Z,miami,2026-09-25,2026-09-25 13:00,13,76-77°F,0.0,0.001,0.001,95,
2026-09-25T17:00:54Z,miami,2026-09-25,2026-09-25 13:00,13,78-79°F,0.0,0.001,0.001,260,
2026-09-25T17:00:54Z,miami,2026-09-25,2026-09-25 13:00,13,80-81°F,0.0,0.001,0.001,3878,
2026-09-25T17:00:54Z,miami,2026-09-25,2026-09-25 13:00,13,82-83°F,0.767,0.005,-0.762,4316,
2026-09-25T17:00:54Z,miami,2026-09-25,2026-09-25 13:00,13,84-85°F,0.167,0.04,-0.127,4608,0.02
2026-09-25T17:00:54Z,miami,2026-09-25,2026-09-25 13:00,13,86-87°F,0.067,0.38,0.313,7877,0.33
2026-09-25T17:00:54Z,miami,2026-09-25,2026-09-25 13:00,13,88-89°F,0.0,0.5,0.5,5343,0.46
2026-09-25T17:00:54Z,miami,2026-09-25,2026-09-25 13:00,13,90-91°F,0.0,0.15,0.15,9393,0.11
2026-09-25T17:00:54Z,miami,2026-09-25,2026-09-25 13:00,13,92-93°F,0.0,0.03,0.03,6875,0.01
2026-09-25T17:00:54Z,miami,2026-09-25,2026-09-25 13:00,13,94°F or higher,0.0,0.006,0.006,6757,0.003
2026-09-25T17:00:54Z,nyc,2026-09-25,2026-09-25 13:00,13,57°F or below,0.0,0.001,0.001,100,
2026-09-25T17:00:54Z,nyc,2026-09-25,2026-09-25 13:00,13,58-59°F,0.0,0.001,0.001,2710,
2026-09-25T17:00:54Z,nyc,2026-09-25,2026-09-25 13:00,13,60-61°F,0.0,0.001,0.001,4127,
2026-09-25T17:00:54Z,nyc,2026-09-25,2026-09-25 13:00,13,62-63°F,0.0,0.001,0.001,7388,
2026-09-25T17:00:54Z,nyc,2026-09-25,2026-09-25 13:00,13,64-65°F,0.0,0.001,0.001,4963,
2026-09-25T17:00:54Z,nyc,2026-09-25,2026-09-25 13:00,13,66-67°F,0.533,0.002,-0.531,5454,0.001
2026-09-25T17:00:54Z,nyc,2026-09-25,2026-09-25 13:00,13,68-69°F,0.4,0.07,-0.33,5297,0.04
2026-09-25T17:00:54Z,nyc,2026-09-25,2026-09-25 13:00,13,70-71°F,0.033,0.59,0.557,6957,0.55
2026-09-25T17:00:54Z,nyc,2026-09-25,2026-09-25 13:00,13,72-73°F,0.033,0.36,0.327,5650,0.3
2026-09-25T17:00:54Z,nyc,2026-09-25,2026-09-25 13:00,13,74-75°F,0.0,0.06,0.06,3715,0.04
2026-09-25T17:00:54Z,nyc,2026-09-25,2026-09-25 13:00,13,76°F or higher,0.0,0.004,0.004,2438,0.001
2026-09-25T17:00:54Z,sao-paulo,2026-09-25,2026-09-25 14:00,14,22°C or below,0.0,0.001,0.001,1226,
2026-09-25T17:00:54Z,sao-paulo,2026-09-25,2026-09-25 14:00,14,23°C,0.0,0.001,0.001,1073,
2026-09-25T17:00:54Z,sao-paulo,2026-09-25,2026-09-25 14:00,14,24°C,0.0,0.001,0.001,1607,
2026-09-25T17:00:54Z,sao-paulo,2026-09-25,2026-09-25 14:00,14,25°C,0.0,0.001,0.001,1180,
2026-09-25T17:00:54Z,sao-paulo,2026-09-25,2026-09-25 14:00,14,26°C,0.733,0.2,-0.533,1951,0.06
2026-09-25T17:00:54Z,sao-paulo,2026-09-25,2026-09-25 14:00,14,27°C,0.267,0.66,0.393,1849,0.58
2026-09-25T17:00:54Z,sao-paulo,2026-09-25,2026-09-25 14:00,14,28°C,0.0,0.37,0.37,1839,0.24
2026-09-25T17:00:54Z,sao-paulo,2026-09-25,2026-09-25 14:00,14,29°C,0.0,0.03,0.03,3121,0.01
2026-09-25T17:00:54Z,sao-paulo,2026-09-25,2026-09-25 14:00,14,30°C,0.0,0.005,0.005,1560,0.001
2026-09-25T17:00:54Z,sao-paulo,2026-09-25,2026-09-25 14:00,14,31°C,0.0,0.002,0.002,1314,0.001
2026-09-25T17:00:54Z,sao-paulo,2026-09-25,2026-09-25 14:00,14,32°C or higher,0.0,0.001,0.001,1359,
2026-09-25T17:00:54Z,toronto,2026-09-25,2026-09-25 13:00,13,16°C or below,0.0,0.001,0.001,45,
2026-09-25T17:00:54Z,toronto,2026-09-25,2026-09-25 13:00,13,17°C,0.0,0.001,0.001,262,
2026-09-25T17:00:54Z,toronto,2026-09-25,2026-09-25 13:00,13,18°C,0.0,0.001,0.001,2604,
2026-09-25T17:00:54Z,toronto,2026-09-25,2026-09-25 13:00,13,19°C,0.433,0.018,-0.415,2081,0.002
2026-09-25T17:00:54Z,toronto,2026-09-25,2026-09-25 13:00,13,20°C,0.333,0.36,0.027,4579,0.3
2026-09-25T17:00:54Z,toronto,2026-09-25,2026-09-25 13:00,13,21°C,0.167,0.55,0.383,2888,0.46
2026-09-25T17:00:54Z,toronto,2026-09-25,2026-09-25 13:00,13,22°C,0.067,0.1,0.033,1891,0.07
2026-09-25T17:00:54Z,toronto,2026-09-25,2026-09-25 13:00,13,23°C,0.0,0.006,0.006,1568,0.002
2026-09-25T17:00:54Z,toronto,2026-09-25,2026-09-25 13:00,13,24°C,0.0,0.002,0.002,367,
2026-09-25T17:00:54Z,toronto,2026-09-25,2026-09-25 13:00,13,25°C,0.0,0.001,0.001,940,
2026-09-25T17:00:54Z,toronto,2026-09-25,2026-09-25 13:00,13,26°C or higher,0.0,0.001,0.001,145,
2026-09-25T17:20:01Z,atlanta,2026-09-25,2026-09-25 13:20,13,69°F or below,0.133,0.002,-0.131,614,
2026-09-25T17:20:01Z,atlanta,2026-09-25,2026-09-25 13:20,13,70-71°F,0.667,0.009,-0.658,773,0.002
2026-09-25T17:20:01Z,atlanta,2026-09-25,2026-09-25 13:20,13,72-73°F,0.133,0.15,0.017,3392,0.08
2026-09-25T17:20:01Z,atlanta,2026-09-25,2026-09-25 13:20,13,74-75°F,0.033,0.38,0.347,4395,0.36
2026-09-25T17:20:01Z,atlanta,2026-09-25,2026-09-25 13:20,13,76-77°F,0.033,0.39,0.357,4841,0.35
2026-09-25T17:20:01Z,atlanta,2026-09-25,2026-09-25 13:20,13,78-79°F,0.0,0.16,0.16,5606,0.15
2026-09-25T17:20:01Z,atlanta,2026-09-25,2026-09-25 13:20,13,80-81°F,0.0,0.03,0.03,1999,0.01
2026-09-25T17:20:01Z,atlanta,2026-09-25,2026-09-25 13:20,13,82-83°F,0.0,0.003,0.003,1128,0.001
2026-09-25T17:20:01Z,atlanta,2026-09-25,2026-09-25 13:20,13,84-85°F,0.0,0.001,0.001,422,
2026-09-25T17:20:01Z,atlanta,2026-09-25,2026-09-25 13:20,13,86-87°F,0.0,0.001,0.001,105,
2026-09-25T17:20:01Z,atlanta,2026-09-25,2026-09-25 13:20,13,88°F or higher,0.0,0.001,0.001,105,
2026-09-25T17:20:01Z,buenos-aires,2026-09-25,2026-09-25 14:20,14,20°C or below,0.0,0.001,0.001,265,
2026-09-25T17:20:01Z,buenos-aires,2026-09-25,2026-09-25 14:20,14,21°C,0.0,0.001,0.001,105,
2026-09-25T17:20:01Z,buenos-aires,2026-09-25,2026-09-25 14:20,14,22°C,0.0,0.001,0.001,105,
2026-09-25T17:20:01Z,buenos-aires,2026-09-25,2026-09-25 14:20,14,23°C,0.0,0.001,0.001,2047,
2026-09-25T17:20:01Z,buenos-aires,2026-09-25,2026-09-25 14:20,14,24°C,0.0,0.001,0.001,2235,
2026-09-25T17:20:01Z,buenos-aires,2026-09-25,2026-09-25 14:20,14,25°C,0.0,0.001,0.001,1422,
2026-09-25T17:20:01Z,buenos-aires,2026-09-25,2026-09-25 14:20,14,26°C,0.5,0.001,-0.499,2329,
2026-09-25T17:20:01Z,buenos-aires,2026-09-25,2026-09-25 14:20,14,27°C,0.4,0.82,0.42,3833,0.79
2026-09-25T17:20:01Z,buenos-aires,2026-09-25,2026-09-25 14:20,14,28°C,0.1,0.17,0.07,2185,0.15
2026-09-25T17:20:01Z,buenos-aires,2026-09-25,2026-09-25 14:20,14,29°C,0.0,0.014,0.014,3331,0.008
2026-09-25T17:20:01Z,buenos-aires,2026-09-25,2026-09-25 14:20,14,30°C or higher,0.0,0.007,0.007,2354,0.001
2026-09-25T17:20:01Z,miami,2026-09-25,2026-09-25 13:20,13,75°F or below,0.0,0.001,0.001,95,
2026-09-25T17:20:01Z,miami,2026-09-25,2026-09-25 13:20,13,76-77°F,0.0,0.001,0.001,95,
2026-09-25T17:20:01Z,miami,2026-09-25,2026-09-25 13:20,13,78-79°F,0.0,0.001,0.001,260,
2026-09-25T17:20:01Z,miami,2026-09-25,2026-09-25 13:20,13,80-81°F,0.0,0.001,0.001,3878,
2026-09-25T17:20:01Z,miami,2026-09-25,2026-09-25 13:20,13,82-83°F,0.767,0.001,-0.766,4316,
2026-09-25T17:20:01Z,miami,2026-09-25,2026-09-25 13:20,13,84-85°F,0.167,0.001,-0.166,4845,
2026-09-25T17:20:01Z,miami,2026-09-25,2026-09-25 13:20,13,86-87°F,0.067,0.32,0.253,8246,0.21
2026-09-25T17:20:01Z,miami,2026-09-25,2026-09-25 13:20,13,88-89°F,0.0,0.59,0.59,5436,0.52
2026-09-25T17:20:01Z,miami,2026-09-25,2026-09-25 13:20,13,90-91°F,0.0,0.22,0.22,9437,0.13
2026-09-25T17:20:01Z,miami,2026-09-25,2026-09-25 13:20,13,92-93°F,0.0,0.02,0.02,6914,0.01
2026-09-25T17:20:01Z,miami,2026-09-25,2026-09-25 13:20,13,94°F or higher,0.0,0.006,0.006,6813,0.003
2026-09-25T17:20:01Z,nyc,2026-09-25,2026-09-25 13:20,13,57°F or below,0.0,0.001,0.001,100,
2026-09-25T17:20:01Z,nyc,2026-09-25,2026-09-25 13:20,13,58-59°F,0.0,0.001,0.001,2710,
2026-09-25T17:20:01Z,nyc,2026-09-25,2026-09-25 13:20,13,60-61°F,0.0,0.001,0.001,4127,
2026-09-25T17:20:01Z,nyc,2026-09-25,2026-09-25 13:20,13,62-63°F,0.0,0.001,0.001,7388,
2026-09-25T17:20:01Z,nyc,2026-09-25,2026-09-25 13:20,13,64-65°F,0.0,0.001,0.001,4963,
2026-09-25T17:20:01Z,nyc,2026-09-25,2026-09-25 13:20,13,66-67°F,0.533,0.001,-0.532,6090,
2026-09-25T17:20:01Z,nyc,2026-09-25,2026-09-25 13:20,13,68-69°F,0.4,0.06,-0.34,5440,0.05
2026-09-25T17:20:01Z,nyc,2026-09-25,2026-09-25 13:20,13,70-71°F,0.033,0.67,0.637,7095,0.62
2026-09-25T17:20:01Z,nyc,2026-09-25,2026-09-25 13:20,13,72-73°F,0.033,0.27,0.237,5912,0.23
2026-09-25T17:20:01Z,nyc,2026-09-25,2026-09-25 13:20,13,74-75°F,0.0,0.05,0.05,3826,0.04
2026-09-25T17:20:01Z,nyc,2026-09-25,2026-09-25 13:20,13,76°F or higher,0.0,0.004,0.004,2446,0.001
2026-09-25T17:20:01Z,sao-paulo,2026-09-25,2026-09-25 14:20,14,22°C or below,0.0,0.001,0.001,1226,
2026-09-25T17:20:01Z,sao-paulo,2026-09-25,2026-09-25 14:20,14,23°C,0.0,0.001,0.001,1073,
2026-09-25T17:20:01Z,sao-paulo,2026-09-25,2026-09-25 14:20,14,24°C,0.0,0.001,0.001,1607,
2026-09-25T17:20:01Z,sao-paulo,2026-09-25,2026-09-25 14:20,14,25°C,0.0,0.001,0.001,1182,
2026-09-25T17:20:01Z,sao-paulo,2026-09-25,2026-09-25 14:20,14,26°C,0.733,0.001,-0.732,2955,
2026-09-25T17:20:01Z,sao-paulo,2026-09-25,2026-09-25 14:20,14,27°C,0.267,0.001,-0.266,3093,
2026-09-25T17:20:01Z,sao-paulo,2026-09-25,2026-09-25 14:20,14,28°C,0.0,0.95,0.95,2017,0.94
2026-09-25T17:20:01Z,sao-paulo,2026-09-25,2026-09-25 14:20,14,29°C,0.0,0.06,0.06,3221,0.02
2026-09-25T17:20:01Z,sao-paulo,2026-09-25,2026-09-25 14:20,14,30°C,0.0,0.004,0.004,1641,0.001
2026-09-25T17:20:01Z,sao-paulo,2026-09-25,2026-09-25 14:20,14,31°C,0.0,0.003,0.003,1385,0.001
2026-09-25T17:20:01Z,sao-paulo,2026-09-25,2026-09-25 14:20,14,32°C or higher,0.0,0.001,0.001,1359,
2026-09-25T17:20:01Z,toronto,2026-09-25,2026-09-25 13:20,13,16°C or below,0.0,0.001,0.001,45,
2026-09-25T17:20:01Z,toronto,2026-09-25,2026-09-25 13:20,13,17°C,0.0,0.001,0.001,262,
2026-09-25T17:20:01Z,toronto,2026-09-25,2026-09-25 13:20,13,18°C,0.0,0.001,0.001,2604,
2026-09-25T17:20:01Z,toronto,2026-09-25,2026-09-25 13:20,13,19°C,0.433,0.017,-0.416,2081,0.002
2026-09-25T17:20:01Z,toronto,2026-09-25,2026-09-25 13:20,13,20°C,0.333,0.36,0.027,4592,0.34
2026-09-25T17:20:01Z,toronto,2026-09-25,2026-09-25 13:20,13,21°C,0.167,0.54,0.373,2888,0.49
2026-09-25T17:20:01Z,toronto,2026-09-25,2026-09-25 13:20,13,22°C,0.067,0.1,0.033,1891,0.08
2026-09-25T17:20:01Z,toronto,2026-09-25,2026-09-25 13:20,13,23°C,0.0,0.006,0.006,1568,0.002
2026-09-25T17:20:01Z,toronto,2026-09-25,2026-09-25 13:20,13,24°C,0.0,0.002,0.002,367,
2026-09-25T17:20:01Z,toronto,2026-09-25,2026-09-25 13:20,13,25°C,0.0,0.001,0.001,940,
2026-09-25T17:20:01Z,toronto,2026-09-25,2026-09-25 13:20,13,26°C or higher,0.0,0.001,0.001,145,
2026-09-25T17:30:32Z,austin,2026-09-25,2026-09-25 12:30,12,87°F or below,0.0,0.001,0.001,100,
2026-09-25T17:30:32Z,austin,2026-09-25,2026-09-25 12:30,12,88-89°F,0.033,0.001,-0.032,180,
2026-09-25T17:30:32Z,austin,2026-09-25,2026-09-25 12:30,12,90-91°F,0.067,0.002,-0.065,147,0.001
2026-09-25T17:30:32Z,austin,2026-09-25,2026-09-25 12:30,12,92-93°F,0.133,0.018,-0.115,632,0.01
2026-09-25T17:30:32Z,austin,2026-09-25,2026-09-25 12:30,12,94-95°F,0.567,0.12,-0.447,2968,0.08
2026-09-25T17:30:32Z,austin,2026-09-25,2026-09-25 12:30,12,96-97°F,0.167,0.66,0.493,2117,0.63
2026-09-25T17:30:32Z,austin,2026-09-25,2026-09-25 12:30,12,98-99°F,0.033,0.26,0.227,1195,0.21
2026-09-25T17:30:32Z,austin,2026-09-25,2026-09-25 12:30,12,100-101°F,0.0,0.03,0.03,554,0.01
2026-09-25T17:30:32Z,austin,2026-09-25,2026-09-25 12:30,12,102-103°F,0.0,0.003,0.003,218,0.001
2026-09-25T17:30:32Z,austin,2026-09-25,2026-09-25 12:30,12,104-105°F,0.0,0.001,0.001,333,
2026-09-25T17:30:32Z,austin,2026-09-25,2026-09-25 12:30,12,106°F or higher,0.0,0.001,0.001,94,
2026-09-25T17:30:32Z,chicago,2026-09-25,2026-09-25 12:30,12,57°F or below,0.0,0.001,0.001,188,
2026-09-25T17:30:32Z,chicago,2026-09-25,2026-09-25 12:30,12,58-59°F,0.0,0.001,0.001,95,
2026-09-25T17:30:32Z,chicago,2026-09-25,2026-09-25 12:30,12,60-61°F,0.0,0.001,0.001,363,
2026-09-25T17:30:32Z,chicago,2026-09-25,2026-09-25 12:30,12,62-63°F,0.0,0.001,0.001,1793,
2026-09-25T17:30:32Z,chicago,2026-09-25,2026-09-25 12:30,12,64-65°F,0.567,0.15,-0.417,3675,0.12
2026-09-25T17:30:32Z,chicago,2026-09-25,2026-09-25 12:30,12,66-67°F,0.333,0.53,0.197,6669,0.46
2026-09-25T17:30:32Z,chicago,2026-09-25,2026-09-25 12:30,12,68-69°F,0.033,0.33,0.297,4331,0.25
2026-09-25T17:30:32Z,chicago,2026-09-25,2026-09-25 12:30,12,70-71°F,0.033,0.06,0.027,3161,0.04
2026-09-25T17:30:32Z,chicago,2026-09-25,2026-09-25 12:30,12,72-73°F,0.033,0.006,-0.027,2702,0.002
2026-09-25T17:30:32Z,chicago,2026-09-25,2026-09-25 12:30,12,74-75°F,0.0,0.003,0.003,660,
2026-09-25T17:30:32Z,chicago,2026-09-25,2026-09-25 12:30,12,76°F or higher,0.0,0.001,0.001,100,
2026-09-25T17:30:32Z,dallas,2026-09-25,2026-09-25 12:30,12,85°F or below,0.333,0.009,-0.324,866,
2026-09-25T17:30:32Z,dallas,2026-09-25,2026-09-25 12:30,12,86-87°F,0.633,0.006,-0.627,1121,0.001
2026-09-25T17:30:32Z,dallas,2026-09-25,2026-09-25 12:30,12,88-89°F,0.033,0.13,0.097,6562,0.07
2026-09-25T17:30:32Z,dallas,2026-09-25,2026-09-25 12:30,12,90-91°F,0.0,0.58,0.58,4428,0.5
2026-09-25T17:30:32Z,dallas,2026-09-25,2026-09-25 12:30,12,92-93°F,0.0,0.41,0.41,4142,0.32
2026-09-25T17:30:32Z,dallas,2026-09-25,2026-09-25 12:30,12,94-95°F,0.0,0.08,0.08,4385,0.04
2026-09-25T17:30:32Z,dallas,2026-09-25,2026-09-25 12:30,12,96-97°F,0.0,0.02,0.02,2676,
2026-09-25T17:30:32Z,dallas,2026-09-25,2026-09-25 12:30,12,98-99°F,0.0,0.003,0.003,1700,0.002
2026-09-25T17:30:32Z,dallas,2026-09-25,2026-09-25 12:30,12,100-101°F,0.0,0.001,0.001,1172,
2026-09-25T17:30:32Z,dallas,2026-09-25,2026-09-25 12:30,12,102-103°F,0.0,0.001,0.001,95,
2026-09-25T17:30:32Z,dallas,2026-09-25,2026-09-25 12:30,12,104°F or higher,0.0,0.001,0.001,95,
2026-09-25T17:30:32Z,houston,2026-09-25,2026-09-25 12:30,12,83°F or below,0.0,0.001,0.001,100,
2026-09-25T17:30:32Z,houston,2026-09-25,2026-09-25 12:30,12,84-85°F,0.333,0.001,-0.332,180,
2026-09-25T17:30:32Z,houston,2026-09-25,2026-09-25 12:30,12,86-87°F,0.4,0.012,-0.388,1874,0.001
2026-09-25T17:30:32Z,houston,2026-09-25,2026-09-25 12:30,12,88-89°F,0.2,0.25,0.05,5585,0.16
2026-09-25T17:30:32Z,houston,2026-09-25,2026-09-25 12:30,12,90-91°F,0.067,0.5,0.433,3210,0.42
2026-09-25T17:30:32Z,houston,2026-09-25,2026-09-25 12:30,12,92-93°F,0.0,0.34,0.34,5458,0.3
2026-09-25T17:30:32Z,houston,2026-09-25,2026-09-25 12:30,12,94-95°F,0.0,0.02,0.02,1875,0.01
2026-09-25T17:30:32Z,houston,2026-09-25,2026-09-25 12:30,12,96-97°F,0.0,0.005,0.005,698,0.001
2026-09-25T17:30:32Z,houston,2026-09-25,2026-09-25 12:30,12,98-99°F,0.0,0.001,0.001,30,
2026-09-25T17:30:32Z,houston,2026-09-25,2026-09-25 12:30,12,100-101°F,0.0,0.001,0.001,215,
2026-09-25T17:30:32Z,houston,2026-09-25,2026-09-25 12:30,12,102°F or higher,0.0,0.001,0.001,95,
2026-09-25T17:30:32Z,panama-city,2026-09-25,2026-09-25 12:30,12,23°C or below,0.0,0.001,0.001,95,
2026-09-25T17:30:32Z,panama-city,2026-09-25,2026-09-25 12:30,12,24°C,0.0,0.001,0.001,25,
2026-09-25T17:30:32Z,panama-city,2026-09-25,2026-09-25 12:30,12,25°C,0.0,0.001,0.001,15,
2026-09-25T17:30:32Z,panama-city,2026-09-25,2026-09-25 12:30,12,26°C,0.0,0.001,0.001,42,
2026-09-25T17:30:32Z,panama-city,2026-09-25,2026-09-25 12:30,12,27°C,0.0,0.001,0.001,35,
2026-09-25T17:30:32Z,panama-city,2026-09-25,2026-09-25 12:30,12,28°C,0.0,0.001,0.001,165,
2026-09-25T17:30:32Z,panama-city,2026-09-25,2026-09-25 12:30,12,29°C,0.586,0.28,-0.306,1249,0.23
2026-09-25T17:30:32Z,panama-city,2026-09-25,2026-09-25 12:30,12,30°C,0.345,0.5,0.155,1863,0.45
2026-09-25T17:30:32Z,panama-city,2026-09-25,2026-09-25 12:30,12,31°C,0.069,0.17,0.101,1609,0.1
2026-09-25T17:30:32Z,panama-city,2026-09-25,2026-09-25 12:30,12,32°C,0.0,0.06,0.06,2869,0.03
2026-09-25T17:30:32Z,panama-city,2026-09-25,2026-09-25 12:30,12,33°C or higher,0.0,0.02,0.02,1263,
2026-09-25T17:40:01Z,atlanta,2026-09-25,2026-09-25 13:40,13,69°F or below,0.133,0.002,-0.131,614,
2026-09-25T17:40:01Z,atlanta,2026-09-25,2026-09-25 13:40,13,70-71°F,0.667,0.02,-0.647,932,0.01
2026-09-25T17:40:01Z,atlanta,2026-09-25,2026-09-25 13:40,13,72-73°F,0.133,0.1,-0.033,3392,0.06
2026-09-25T17:40:01Z,atlanta,2026-09-25,2026-09-25 13:40,13,74-75°F,0.033,0.37,0.337,4400,0.33
2026-09-25T17:40:01Z,atlanta,2026-09-25,2026-09-25 13:40,13,76-77°F,0.033,0.41,0.377,4921,0.37
2026-09-25T17:40:01Z,atlanta,2026-09-25,2026-09-25 13:40,13,78-79°F,0.0,0.16,0.16,5654,0.11
2026-09-25T17:40:01Z,atlanta,2026-09-25,2026-09-25 13:40,13,80-81°F,0.0,0.02,0.02,1999,
2026-09-25T17:40:01Z,atlanta,2026-09-25,2026-09-25 13:40,13,82-83°F,0.0,0.002,0.002,1930,0.001
2026-09-25T17:40:01Z,atlanta,2026-09-25,2026-09-25 13:40,13,84-85°F,0.0,0.001,0.001,422,
2026-09-25T17:40:01Z,atlanta,2026-09-25,2026-09-25 13:40,13,86-87°F,0.0,0.001,0.001,105,
2026-09-25T17:40:01Z,atlanta,2026-09-25,2026-09-25 13:40,13,88°F or higher,0.0,0.001,0.001,105,
2026-09-25T17:40:01Z,buenos-aires,2026-09-25,2026-09-25 14:40,14,20°C or below,0.0,0.001,0.001,265,
2026-09-25T17:40:01Z,buenos-aires,2026-09-25,2026-09-25 14:40,14,21°C,0.0,0.001,0.001,105,
2026-09-25T17:40:01Z,buenos-aires,2026-09-25,2026-09-25 14:40,14,22°C,0.0,0.001,0.001,105,
2026-09-25T17:40:01Z,buenos-aires,2026-09-25,2026-09-25 14:40,14,23°C,0.0,0.001,0.001,2047,
2026-09-25T17:40:01Z,buenos-aires,2026-09-25,2026-09-25 14:40,14,24°C,0.0,0.001,0.001,2245,
2026-09-25T17:40:01Z,buenos-aires,2026-09-25,2026-09-25 14:40,14,25°C,0.0,0.001,0.001,1422,
2026-09-25T17:40:01Z,buenos-aires,2026-09-25,2026-09-25 14:40,14,26°C,0.5,0.001,-0.499,2957,
2026-09-25T17:40:01Z,buenos-aires,2026-09-25,2026-09-25 14:40,14,27°C,0.4,0.86,0.46,4250,0.79
2026-09-25T17:40:01Z,buenos-aires,2026-09-25,2026-09-25 14:40,14,28°C,0.1,0.17,0.07,2365,0.15
2026-09-25T17:40:01Z,buenos-aires,2026-09-25,2026-09-25 14:40,14,29°C,0.0,0.012,0.012,3590,0.003
2026-09-25T17:40:01Z,buenos-aires,2026-09-25,2026-09-25 14:40,14,30°C or higher,0.0,0.007,0.007,2501,0.001
2026-09-25T17:40:01Z,miami,2026-09-25,2026-09-25 13:40,13,75°F or below,0.0,0.001,0.001,95,
2026-09-25T17:40:01Z,miami,2026-09-25,2026-09-25 13:40,13,76-77°F,0.0,0.001,0.001,95,
2026-09-25T17:40:01Z,miami,2026-09-25,2026-09-25 13:40,13,78-79°F,0.0,0.001,0.001,260,
2026-09-25T17:40:01Z,miami,2026-09-25,2026-09-25 13:40,13,80-81°F,0.0,0.001,0.001,3878,
2026-09-25T17:40:01Z,miami,2026-09-25,2026-09-25 13:40,13,82-83°F,0.767,0.001,-0.766,4316,
2026-09-25T17:40:01Z,miami,2026-09-25,2026-09-25 13:40,13,84-85°F,0.167,0.001,-0.166,5022,
2026-09-25T17:40:01Z,miami,2026-09-25,2026-09-25 13:40,13,86-87°F,0.067,0.25,0.183,8385,0.22
2026-09-25T17:40:01Z,miami,2026-09-25,2026-09-25 13:40,13,88-89°F,0.0,0.63,0.63,5490,0.58
2026-09-25T17:40:01Z,miami,2026-09-25,2026-09-25 13:40,13,90-91°F,0.0,0.16,0.16,9563,0.13
2026-09-25T17:40:01Z,miami,2026-09-25,2026-09-25 13:40,13,92-93°F,0.0,0.02,0.02,7373,0.01
2026-09-25T17:40:01Z,miami,2026-09-25,2026-09-25 13:40,13,94°F or higher,0.0,0.006,0.006,6813,0.003
2026-09-25T17:40:01Z,nyc,2026-09-25,2026-09-25 13:40,13,57°F or below,0.0,0.001,0.001,100,
2026-09-25T17:40:01Z,nyc,2026-09-25,2026-09-25 13:40,13,58-59°F,0.0,0.001,0.001,2710,
2026-09-25T17:40:01Z,nyc,2026-09-25,2026-09-25 13:40,13,60-61°F,0.0,0.001,0.001,4127,
2026-09-25T17:40:01Z,nyc,2026-09-25,2026-09-25 13:40,13,62-63°F,0.0,0.001,0.001,7388,
2026-09-25T17:40:01Z,nyc,2026-09-25,2026-09-25 13:40,13,64-65°F,0.0,0.001,0.001,4973,
2026-09-25T17:40:01Z,nyc,2026-09-25,2026-09-25 13:40,13,66-67°F,0.533,0.001,-0.532,6236,
2026-09-25T17:40:01Z,nyc,2026-09-25,2026-09-25 13:40,13,68-69°F,0.4,0.1,-0.3,5971,0.05
2026-09-25T17:40:01Z,nyc,2026-09-25,2026-09-25 13:40,13,70-71°F,0.033,0.66,0.627,7100,0.62
2026-09-25T17:40:01Z,nyc,2026-09-25,2026-09-25 13:40,13,72-73°F,0.033,0.26,0.227,6033,0.23
2026-09-25T17:40:01Z,nyc,2026-09-25,2026-09-25 13:40,13,74-75°F,0.0,0.03,0.03,4022,0.01
2026-09-25T17:40:01Z,nyc,2026-09-25,2026-09-25 13:40,13,76°F or higher,0.0,0.004,0.004,2446,0.002
2026-09-25T17:40:01Z,sao-paulo,2026-09-25,2026-09-25 14:40,14,22°C or below,0.0,0.001,0.001,1226,
2026-09-25T17:40:01Z,sao-paulo,2026-09-25,2026-09-25 14:40,14,23°C,0.0,0.001,0.001,1073,
2026-09-25T17:40:01Z,sao-paulo,2026-09-25,2026-09-25 14:40,14,24°C,0.0,0.001,0.001,1607,
2026-09-25T17:40:01Z,sao-paulo,2026-09-25,2026-09-25 14:40,14,25°C,0.0,0.001,0.001,1186,
2026-09-25T17:40:01Z,sao-paulo,2026-09-25,2026-09-25 14:40,14,26°C,0.733,0.001,-0.732,3935,
2026-09-25T17:40:01Z,sao-paulo,2026-09-25,2026-09-25 14:40,14,27°C,0.267,0.001,-0.266,3929,
2026-09-25T17:40:01Z,sao-paulo,2026-09-25,2026-09-25 14:40,14,28°C,0.0,0.98,0.98,2404,0.95
2026-09-25T17:40:01Z,sao-paulo,2026-09-25,2026-09-25 14:40,14,29°C,0.0,0.05,0.05,3450,0.03
2026-09-25T17:40:01Z,sao-paulo,2026-09-25,2026-09-25 14:40,14,30°C,0.0,0.004,0.004,1683,0.001
2026-09-25T17:40:01Z,sao-paulo,2026-09-25,2026-09-25 14:40,14,31°C,0.0,0.003,0.003,1427,0.001
2026-09-25T17:40:01Z,sao-paulo,2026-09-25,2026-09-25 14:40,14,32°C or higher,0.0,0.001,0.001,1359,
2026-09-25T17:40:01Z,toronto,2026-09-25,2026-09-25 13:40,13,16°C or below,0.0,0.001,0.001,45,
2026-09-25T17:40:01Z,toronto,2026-09-25,2026-09-25 13:40,13,17°C,0.0,0.001,0.001,262,
2026-09-25T17:40:01Z,toronto,2026-09-25,2026-09-25 13:40,13,18°C,0.0,0.001,0.001,2614,
2026-09-25T17:40:01Z,toronto,2026-09-25,2026-09-25 13:40,13,19°C,0.433,0.013,-0.42,2086,0.01
2026-09-25T17:40:01Z,toronto,2026-09-25,2026-09-25 13:40,13,20°C,0.333,0.4,0.067,4656,0.36
2026-09-25T17:40:01Z,toronto,2026-09-25,2026-09-25 13:40,13,21°C,0.167,0.55,0.383,2895,0.49
2026-09-25T17:40:01Z,toronto,2026-09-25,2026-09-25 13:40,13,22°C,0.067,0.07,0.003,1896,0.05
2026-09-25T17:40:01Z,toronto,2026-09-25,2026-09-25 13:40,13,23°C,0.0,0.006,0.006,1568,0.001
2026-09-25T17:40:01Z,toronto,2026-09-25,2026-09-25 13:40,13,24°C,0.0,0.002,0.002,367,
2026-09-25T17:40:01Z,toronto,2026-09-25,2026-09-25 13:40,13,25°C,0.0,0.001,0.001,940,
2026-09-25T17:40:01Z,toronto,2026-09-25,2026-09-25 13:40,13,26°C or higher,0.0,0.001,0.001,145,
2026-09-25T17:50:01Z,austin,2026-09-25,2026-09-25 12:50,12,87°F or below,0.0,0.001,0.001,100,
2026-09-25T17:50:01Z,austin,2026-09-25,2026-09-25 12:50,12,88-89°F,0.033,0.001,-0.032,180,
2026-09-25T17:50:01Z,austin,2026-09-25,2026-09-25 12:50,12,90-91°F,0.067,0.002,-0.065,147,0.001
2026-09-25T17:50:01Z,austin,2026-09-25,2026-09-25 12:50,12,92-93°F,0.133,0.019,-0.114,632,0.01
2026-09-25T17:50:01Z,austin,2026-09-25,2026-09-25 12:50,12,94-95°F,0.567,0.13,-0.437,2968,0.09
2026-09-25T17:50:01Z,austin,2026-09-25,2026-09-25 12:50,12,96-97°F,0.167,0.66,0.493,2117,0.64
2026-09-25T17:50:01Z,austin,2026-09-25,2026-09-25 12:50,12,98-99°F,0.033,0.19,0.157,1199,0.17
2026-09-25T17:50:01Z,austin,2026-09-25,2026-09-25 12:50,12,100-101°F,0.0,0.03,0.03,554,0.01
2026-09-25T17:50:01Z,austin,2026-09-25,2026-09-25 12:50,12,102-103°F,0.0,0.003,0.003,218,0.001
2026-09-25T17:50:01Z,austin,2026-09-25,2026-09-25 12:50,12,104-105°F,0.0,0.001,0.001,333,
2026-09-25T17:50:01Z,austin,2026-09-25,2026-09-25 12:50,12,106°F or higher,0.0,0.001,0.001,94,
2026-09-25T17:50:01Z,chicago,2026-09-25,2026-09-25 12:50,12,57°F or below,0.0,0.001,0.001,188,
2026-09-25T17:50:01Z,chicago,2026-09-25,2026-09-25 12:50,12,58-59°F,0.0,0.001,0.001,95,
2026-09-25T17:50:01Z,chicago,2026-09-25,2026-09-25 12:50,12,60-61°F,0.0,0.001,0.001,363,
2026-09-25T17:50:01Z,chicago,2026-09-25,2026-09-25 12:50,12,62-63°F,0.0,0.001,0.001,1793,
2026-09-25T17:50:01Z,chicago,2026-09-25,2026-09-25 12:50,12,64-65°F,0.567,0.23,-0.337,3701,0.19
2026-09-25T17:50:01Z,chicago,2026-09-25,2026-09-25 12:50,12,66-67°F,0.333,0.51,0.177,6682,0.47
2026-09-25T17:50:01Z,chicago,2026-09-25,2026-09-25 12:50,12,68-69°F,0.033,0.29,0.257,4366,0.24
2026-09-25T17:50:01Z,chicago,2026-09-25,2026-09-25 12:50,12,70-71°F,0.033,0.03,-0.003,3209,0.02
2026-09-25T17:50:01Z,chicago,2026-09-25,2026-09-25 12:50,12,72-73°F,0.033,0.006,-0.027,2702,0.002
2026-09-25T17:50:01Z,chicago,2026-09-25,2026-09-25 12:50,12,74-75°F,0.0,0.003,0.003,660,
2026-09-25T17:50:01Z,chicago,2026-09-25,2026-09-25 12:50,12,76°F or higher,0.0,0.001,0.001,100,
2026-09-25T17:50:01Z,dallas,2026-09-25,2026-09-25 12:50,12,85°F or below,0.333,0.009,-0.324,866,
2026-09-25T17:50:01Z,dallas,2026-09-25,2026-09-25 12:50,12,86-87°F,0.633,0.009,-0.624,1127,
2026-09-25T17:50:01Z,dallas,2026-09-25,2026-09-25 12:50,12,88-89°F,0.033,0.14,0.107,6573,0.07
2026-09-25T17:50:01Z,dallas,2026-09-25,2026-09-25 12:50,12,90-91°F,0.0,0.59,0.59,4435,0.56
2026-09-25T17:50:01Z,dallas,2026-09-25,2026-09-25 12:50,12,92-93°F,0.0,0.35,0.35,4227,0.23
2026-09-25T17:50:01Z,dallas,2026-09-25,2026-09-25 12:50,12,94-95°F,0.0,0.08,0.08,4396,0.04
2026-09-25T17:50:01Z,dallas,2026-09-25,2026-09-25 12:50,12,96-97°F,0.0,0.02,0.02,2676,
2026-09-25T17:50:01Z,dallas,2026-09-25,2026-09-25 12:50,12,98-99°F,0.0,0.003,0.003,1706,0.002
2026-09-25T17:50:01Z,dallas,2026-09-25,2026-09-25 12:50,12,100-101°F,0.0,0.001,0.001,1172,
2026-09-25T17:50:01Z,dallas,2026-09-25,2026-09-25 12:50,12,102-103°F,0.0,0.001,0.001,95,
2026-09-25T17:50:01Z,dallas,2026-09-25,2026-09-25 12:50,12,104°F or higher,0.0,0.001,0.001,95,
2026-09-25T17:50:01Z,houston,2026-09-25,2026-09-25 12:50,12,83°F or below,0.0,0.001,0.001,100,
2026-09-25T17:50:01Z,houston,2026-09-25,2026-09-25 12:50,12,84-85°F,0.333,0.001,-0.332,180,
2026-09-25T17:50:01Z,houston,2026-09-25,2026-09-25 12:50,12,86-87°F,0.4,0.01,-0.39,1874,0.002
2026-09-25T17:50:01Z,houston,2026-09-25,2026-09-25 12:50,12,88-89°F,0.2,0.25,0.05,5586,0.16
2026-09-25T17:50:01Z,houston,2026-09-25,2026-09-25 12:50,12,90-91°F,0.067,0.51,0.443,3211,0.43
2026-09-25T17:50:01Z,houston,2026-09-25,2026-09-25 12:50,12,92-93°F,0.0,0.29,0.29,5525,0.17
2026-09-25T17:50:01Z,houston,2026-09-25,2026-09-25 12:50,12,94-95°F,0.0,0.02,0.02,1925,0.01
2026-09-25T17:50:01Z,houston,2026-09-25,2026-09-25 12:50,12,96-97°F,0.0,0.004,0.004,698,0.001
2026-09-25T17:50:01Z,houston,2026-09-25,2026-09-25 12:50,12,98-99°F,0.0,0.001,0.001,30,
2026-09-25T17:50:01Z,houston,2026-09-25,2026-09-25 12:50,12,100-101°F,0.0,0.001,0.001,215,
2026-09-25T17:50:01Z,houston,2026-09-25,2026-09-25 12:50,12,102°F or higher,0.0,0.001,0.001,95,
2026-09-25T17:50:01Z,panama-city,2026-09-25,2026-09-25 12:50,12,23°C or below,0.0,0.001,0.001,95,
2026-09-25T17:50:01Z,panama-city,2026-09-25,2026-09-25 12:50,12,24°C,0.0,0.001,0.001,25,
2026-09-25T17:50:01Z,panama-city,2026-09-25,2026-09-25 12:50,12,25°C,0.0,0.001,0.001,15,
2026-09-25T17:50:01Z,panama-city,2026-09-25,2026-09-25 12:50,12,26°C,0.0,0.001,0.001,42,
2026-09-25T17:50:01Z,panama-city,2026-09-25,2026-09-25 12:50,12,27°C,0.0,0.001,0.001,35,
2026-09-25T17:50:01Z,panama-city,2026-09-25,2026-09-25 12:50,12,28°C,0.0,0.001,0.001,165,
2026-09-25T17:50:01Z,panama-city,2026-09-25,2026-09-25 12:50,12,29°C,0.586,0.32,-0.266,1272,0.21
2026-09-25T17:50:01Z,panama-city,2026-09-25,2026-09-25 12:50,12,30°C,0.345,0.56,0.215,1934,0.52
2026-09-25T17:50:01Z,panama-city,2026-09-25,2026-09-25 12:50,12,31°C,0.069,0.22,0.151,1775,0.17
2026-09-25T17:50:01Z,panama-city,2026-09-25,2026-09-25 12:50,12,32°C,0.0,0.04,0.04,2984,0.02
2026-09-25T17:50:01Z,panama-city,2026-09-25,2026-09-25 12:50,12,33°C or higher,0.0,0.02,0.02,1276,
2026-09-25T18:00:01Z,atlanta,2026-09-25,2026-09-25 14:00,14,69°F or below,0.633,0.001,-0.632,614,
2026-09-25T18:00:01Z,atlanta,2026-09-25,2026-09-25 14:00,14,70-71°F,0.333,0.002,-0.331,1058,
2026-09-25T18:00:01Z,atlanta,2026-09-25,2026-09-25 14:00,14,72-73°F,0.033,0.13,0.097,3459,0.07
2026-09-25T18:00:01Z,atlanta,2026-09-25,2026-09-25 14:00,14,74-75°F,0.0,0.4,0.4,4443,0.36
2026-09-25T18:00:01Z,atlanta,2026-09-25,2026-09-25 14:00,14,76-77°F,0.0,0.41,0.41,4943,0.35
2026-09-25T18:00:01Z,atlanta,2026-09-25,2026-09-25 14:00,14,78-79°F,0.0,0.15,0.15,5675,0.1
2026-09-25T18:00:01Z,atlanta,2026-09-25,2026-09-25 14:00,14,80-81°F,0.0,0.02,0.02,2036,
2026-09-25T18:00:01Z,atlanta,2026-09-25,2026-09-25 14:00,14,82-83°F,0.0,0.003,0.003,2466,
2026-09-25T18:00:01Z,atlanta,2026-09-25,2026-09-25 14:00,14,84-85°F,0.0,0.001,0.001,422,
2026-09-25T18:00:01Z,atlanta,2026-09-25,2026-09-25 14:00,14,86-87°F,0.0,0.001,0.001,105,
2026-09-25T18:00:01Z,atlanta,2026-09-25,2026-09-25 14:00,14,88°F or higher,0.0,0.001,0.001,105,
2026-09-25T18:00:01Z,buenos-aires,2026-09-25,2026-09-25 15:00,15,20°C or below,0.0,0.001,0.001,265,
2026-09-25T18:00:01Z,buenos-aires,2026-09-25,2026-09-25 15:00,15,21°C,0.0,0.001,0.001,105,
2026-09-25T18:00:01Z,buenos-aires,2026-09-25,2026-09-25 15:00,15,22°C,0.0,0.001,0.001,105,
2026-09-25T18:00:01Z,buenos-aires,2026-09-25,2026-09-25 15:00,15,23°C,0.0,0.001,0.001,2047,
2026-09-25T18:00:01Z,buenos-aires,2026-09-25,2026-09-25 15:00,15,24°C,0.0,0.001,0.001,2245,
2026-09-25T18:00:01Z,buenos-aires,2026-09-25,2026-09-25 15:00,15,25°C,0.0,0.001,0.001,1422,
2026-09-25T18:00:01Z,buenos-aires,2026-09-25,2026-09-25 15:00,15,26°C,0.9,0.001,-0.899,2958,
2026-09-25T18:00:01Z,buenos-aires,2026-09-25,2026-09-25 15:00,15,27°C,0.1,0.9,0.8,4436,0.83
2026-09-25T18:00:01Z,buenos-aires,2026-09-25,2026-09-25 15:00,15,28°C,0.0,0.15,0.15,2566,0.1
2026-09-25T18:00:01Z,buenos-aires,2026-09-25,2026-09-25 15:00,15,29°C,0.0,0.007,0.007,3681,0.002
2026-09-25T18:00:01Z,buenos-aires,2026-09-25,2026-09-25 15:00,15,30°C or higher,0.0,0.005,0.005,2568,0.001
2026-09-25T18:00:01Z,miami,2026-09-25,2026-09-25 14:00,14,75°F or below,0.0,0.001,0.001,95,
2026-09-25T18:00:01Z,miami,2026-09-25,2026-09-25 14:00,14,76-77°F,0.0,0.001,0.001,95,
2026-09-25T18:00:01Z,miami,2026-09-25,2026-09-25 14:00,14,78-79°F,0.0,0.001,0.001,260,
2026-09-25T18:00:01Z,miami,2026-09-25,2026-09-25 14:00,14,80-81°F,0.0,0.001,0.001,3878,
2026-09-25T18:00:01Z,miami,2026-09-25,2026-09-25 14:00,14,82-83°F,0.833,0.001,-0.832,4316,
2026-09-25T18:00:01Z,miami,2026-09-25,2026-09-25 14:00,14,84-85°F,0.133,0.001,-0.132,5022,
2026-09-25T18:00:01Z,miami,2026-09-25,2026-09-25 14:00,14,86-87°F,0.033,0.24,0.207,8844,0.15
2026-09-25T18:00:01Z,miami,2026-09-25,2026-09-25 14:00,14,88-89°F,0.0,0.64,0.64,5781,0.62
2026-09-25T18:00:01Z,miami,2026-09-25,2026-09-25 14:00,14,90-91°F,0.0,0.19,0.19,9644,0.16
2026-09-25T18:00:01Z,miami,2026-09-25,2026-09-25 14:00,14,92-93°F,0.0,0.03,0.03,7481,0.01
2026-09-25T18:00:01Z,miami,2026-09-25,2026-09-25 14:00,14,94°F or higher,0.0,0.006,0.006,6821,0.003
2026-09-25T18:00:01Z,nyc,2026-09-25,2026-09-25 14:00,14,57°F or below,0.0,0.001,0.001,100,
2026-09-25T18:00:01Z,nyc,2026-09-25,2026-09-25 14:00,14,58-59°F,0.0,0.001,0.001,2710,
2026-09-25T18:00:01Z,nyc,2026-09-25,2026-09-25 14:00,14,60-61°F,0.0,0.001,0.001,4127,
2026-09-25T18:00:01Z,nyc,2026-09-25,2026-09-25 14:00,14,62-63°F,0.0,0.001,0.001,7388,
2026-09-25T18:00:01Z,nyc,2026-09-25,2026-09-25 14:00,14,64-65°F,0.0,0.001,0.001,4973,
2026-09-25T18:00:01Z,nyc,2026-09-25,2026-09-25 14:00,14,66-67°F,0.833,0.001,-0.832,6243,
2026-09-25T18:00:01Z,nyc,2026-09-25,2026-09-25 14:00,14,68-69°F,0.133,0.12,-0.013,6102,0.11
2026-09-25T18:00:01Z,nyc,2026-09-25,2026-09-25 14:00,14,70-71°F,0.033,0.67,0.637,7147,0.63
2026-09-25T18:00:01Z,nyc,2026-09-25,2026-09-25 14:00,14,72-73°F,0.0,0.23,0.23,6091,0.2
2026-09-25T18:00:01Z,nyc,2026-09-25,2026-09-25 14:00,14,74-75°F,0.0,0.03,0.03,4319,0.01
2026-09-25T18:00:01Z,nyc,2026-09-25,2026-09-25 14:00,14,76°F or higher,0.0,0.004,0.004,2446,0.002
2026-09-25T18:00:01Z,sao-paulo,2026-09-25,2026-09-25 15:00,15,22°C or below,0.0,0.001,0.001,1226,
2026-09-25T18:00:01Z,sao-paulo,2026-09-25,2026-09-25 15:00,15,23°C,0.0,0.001,0.001,1073,
2026-09-25T18:00:01Z,sao-paulo,2026-09-25,2026-09-25 15:00,15,24°C,0.0,0.001,0.001,1607,
2026-09-25T18:00:01Z,sao-paulo,2026-09-25,2026-09-25 15:00,15,25°C,0.0,0.001,0.001,1190,
2026-09-25T18:00:01Z,sao-paulo,2026-09-25,2026-09-25 15:00,15,26°C,0.867,0.001,-0.866,3941,
2026-09-25T18:00:01Z,sao-paulo,2026-09-25,2026-09-25 15:00,15,27°C,0.133,0.001,-0.132,3929,
2026-09-25T18:00:01Z,sao-paulo,2026-09-25,2026-09-25 15:00,15,28°C,0.0,0.998,0.998,2596,0.983
2026-09-25T18:00:01Z,sao-paulo,2026-09-25,2026-09-25 15:00,15,29°C,0.0,0.02,0.02,3919,
2026-09-25T18:00:01Z,sao-paulo,2026-09-25,2026-09-25 15:00,15,30°C,0.0,0.004,0.004,1748,0.001
2026-09-25T18:00:01Z,sao-paulo,2026-09-25,2026-09-25 15:00,15,31°C,0.0,0.003,0.003,1482,
2026-09-25T18:00:01Z,sao-paulo,2026-09-25,2026-09-25 15:00,15,32°C or higher,0.0,0.001,0.001,1359,
2026-09-25T18:00:01Z,toronto,2026-09-25,2026-09-25 14:00,14,16°C or below,0.0,0.001,0.001,45,
2026-09-25T18:00:01Z,toronto,2026-09-25,2026-09-25 14:00,14,17°C,0.0,0.001,0.001,262,
2026-09-25T18:00:01Z,toronto,2026-09-25,2026-09-25 14:00,14,18°C,0.0,0.001,0.001,2614,
2026-09-25T18:00:01Z,toronto,2026-09-25,2026-09-25 14:00,14,19°C,0.6,0.012,-0.588,2111,0.01
2026-09-25T18:00:01Z,toronto,2026-09-25,2026-09-25 14:00,14,20°C,0.333,0.51,0.177,4693,0.39
2026-09-25T18:00:01Z,toronto,2026-09-25,2026-09-25 14:00,14,21°C,0.067,0.52,0.453,2900,0.42
2026-09-25T18:00:01Z,toronto,2026-09-25,2026-09-25 14:00,14,22°C,0.0,0.07,0.07,1924,0.03
2026-09-25T18:00:01Z,toronto,2026-09-25,2026-09-25 14:00,14,23°C,0.0,0.006,0.006,1568,0.002
2026-09-25T18:00:01Z,toronto,2026-09-25,2026-09-25 14:00,14,24°C,0.0,0.002,0.002,367,
2026-09-25T18:00:01Z,toronto,2026-09-25,2026-09-25 14:00,14,25°C,0.0,0.001,0.001,940,
2026-09-25T18:00:01Z,toronto,2026-09-25,2026-09-25 14:00,14,26°C or higher,0.0,0.001,0.001,145,
2026-09-25T18:10:00Z,austin,2026-09-25,2026-09-25 13:10,13,87°F or below,0.0,0.001,0.001,100,
2026-09-25T18:10:00Z,austin,2026-09-25,2026-09-25 13:10,13,88-89°F,0.033,0.001,-0.032,180,
2026-09-25T18:10:00Z,austin,2026-09-25,2026-09-25 13:10,13,90-91°F,0.2,0.002,-0.198,176,
2026-09-25T18:10:00Z,austin,2026-09-25,2026-09-25 13:10,13,92-93°F,0.533,0.018,-0.515,632,0.01
2026-09-25T18:10:00Z,austin,2026-09-25,2026-09-25 13:10,13,94-95°F,0.2,0.13,-0.07,2968,0.09
2026-09-25T18:10:00Z,austin,2026-09-25,2026-09-25 13:10,13,96-97°F,0.0,0.68,0.68,2125,0.65
2026-09-25T18:10:00Z,austin,2026-09-25,2026-09-25 13:10,13,98-99°F,0.033,0.19,0.157,1305,0.16
2026-09-25T18:10:00Z,austin,2026-09-25,2026-09-25 13:10,13,100-101°F,0.0,0.03,0.03,554,0.01
2026-09-25T18:10:00Z,austin,2026-09-25,2026-09-25 13:10,13,102-103°F,0.0,0.003,0.003,218,0.001
2026-09-25T18:10:00Z,austin,2026-09-25,2026-09-25 13:10,13,104-105°F,0.0,0.001,0.001,333,
2026-09-25T18:10:00Z,austin,2026-09-25,2026-09-25 13:10,13,106°F or higher,0.0,0.001,0.001,94,
2026-09-25T18:10:00Z,chicago,2026-09-25,2026-09-25 13:10,13,57°F or below,0.0,0.001,0.001,188,
2026-09-25T18:10:00Z,chicago,2026-09-25,2026-09-25 13:10,13,58-59°F,0.0,0.001,0.001,95,
2026-09-25T18:10:00Z,chicago,2026-09-25,2026-09-25 13:10,13,60-61°F,0.0,0.001,0.001,363,
2026-09-25T18:10:00Z,chicago,2026-09-25,2026-09-25 13:10,13,62-63°F,0.0,0.001,0.001,1793,
2026-09-25T18:10:00Z,chicago,2026-09-25,2026-09-25 13:10,13,64-65°F,0.767,0.27,-0.497,3709,0.2
2026-09-25T18:10:00Z,chicago,2026-09-25,2026-09-25 13:10,13,66-67°F,0.167,0.5,0.333,6682,0.43
2026-09-25T18:10:00Z,chicago,2026-09-25,2026-09-25 13:10,13,68-69°F,0.067,0.34,0.273,4366,0.21
2026-09-25T18:10:00Z,chicago,2026-09-25,2026-09-25 13:10,13,70-71°F,0.0,0.03,0.03,3215,0.02
2026-09-25T18:10:00Z,chicago,2026-09-25,2026-09-25 13:10,13,72-73°F,0.0,0.006,0.006,2742,0.002
2026-09-25T18:10:00Z,chicago,2026-09-25,2026-09-25 13:10,13,74-75°F,0.0,0.003,0.003,660,
2026-09-25T18:10:00Z,chicago,2026-09-25,2026-09-25 13:10,13,76°F or higher,0.0,0.001,0.001,100,
2026-09-25T18:10:00Z,dallas,2026-09-25,2026-09-25 13:10,13,85°F or below,0.9,0.001,-0.899,866,
2026-09-25T18:10:00Z,dallas,2026-09-25,2026-09-25 13:10,13,86-87°F,0.1,0.009,-0.091,1144,
2026-09-25T18:10:00Z,dallas,2026-09-25,2026-09-25 13:10,13,88-89°F,0.0,0.11,0.11,6573,0.05
2026-09-25T18:10:00Z,dallas,2026-09-25,2026-09-25 13:10,13,90-91°F,0.0,0.59,0.59,4452,0.48
2026-09-25T18:10:00Z,dallas,2026-09-25,2026-09-25 13:10,13,92-93°F,0.0,0.43,0.43,4227,0.35
2026-09-25T18:10:00Z,dallas,2026-09-25,2026-09-25 13:10,13,94-95°F,0.0,0.04,0.04,4396,0.03
2026-09-25T18:10:00Z,dallas,2026-09-25,2026-09-25 13:10,13,96-97°F,0.0,0.02,0.02,2676,
2026-09-25T18:10:00Z,dallas,2026-09-25,2026-09-25 13:10,13,98-99°F,0.0,0.003,0.003,1956,0.002
2026-09-25T18:10:00Z,dallas,2026-09-25,2026-09-25 13:10,13,100-101°F,0.0,0.001,0.001,1172,
2026-09-25T18:10:00Z,dallas,2026-09-25,2026-09-25 13:10,13,102-103°F,0.0,0.001,0.001,95,
2026-09-25T18:10:00Z,dallas,2026-09-25,2026-09-25 13:10,13,104°F or higher,0.0,0.001,0.001,95,
2026-09-25T18:10:00Z,houston,2026-09-25,2026-09-25 13:10,13,83°F or below,0.0,0.001,0.001,100,
2026-09-25T18:10:00Z,houston,2026-09-25,2026-09-25 13:10,13,84-85°F,0.6,0.001,-0.599,180,
2026-09-25T18:10:00Z,houston,2026-09-25,2026-09-25 13:10,13,86-87°F,0.367,0.01,-0.357,1877,
2026-09-25T18:10:00Z,houston,2026-09-25,2026-09-25 13:10,13,88-89°F,0.033,0.24,0.207,5589,0.15
2026-09-25T18:10:00Z,houston,2026-09-25,2026-09-25 13:10,13,90-91°F,0.0,0.51,0.51,3267,0.41
2026-09-25T18:10:00Z,houston,2026-09-25,2026-09-25 13:10,13,92-93°F,0.0,0.33,0.33,5528,0.2
2026-09-25T18:10:00Z,houston,2026-09-25,2026-09-25 13:10,13,94-95°F,0.0,0.02,0.02,1928,0.01
2026-09-25T18:10:00Z,houston,2026-09-25,2026-09-25 13:10,13,96-97°F,0.0,0.004,0.004,701,0.001
2026-09-25T18:10:00Z,houston,2026-09-25,2026-09-25 13:10,13,98-99°F,0.0,0.001,0.001,30,
2026-09-25T18:10:00Z,houston,2026-09-25,2026-09-25 13:10,13,100-101°F,0.0,0.001,0.001,215,
2026-09-25T18:10:00Z,houston,2026-09-25,2026-09-25 13:10,13,102°F or higher,0.0,0.001,0.001,95,
2026-09-25T18:10:00Z,panama-city,2026-09-25,2026-09-25 13:10,13,23°C or below,0.0,0.001,0.001,95,
2026-09-25T18:10:00Z,panama-city,2026-09-25,2026-09-25 13:10,13,24°C,0.0,0.001,0.001,25,
2026-09-25T18:10:00Z,panama-city,2026-09-25,2026-09-25 13:10,13,25°C,0.0,0.001,0.001,15,
2026-09-25T18:10:00Z,panama-city,2026-09-25,2026-09-25 13:10,13,26°C,0.0,0.001,0.001,42,
2026-09-25T18:10:00Z,panama-city,2026-09-25,2026-09-25 13:10,13,27°C,0.0,0.001,0.001,35,
2026-09-25T18:10:00Z,panama-city,2026-09-25,2026-09-25 13:10,13,28°C,0.0,0.001,0.001,165,
2026-09-25T18:10:00Z,panama-city,2026-09-25,2026-09-25 13:10,13,29°C,0.759,0.48,-0.279,1279,0.34
2026-09-25T18:10:00Z,panama-city,2026-09-25,2026-09-25 13:10,13,30°C,0.207,0.56,0.353,1934,0.49
2026-09-25T18:10:00Z,panama-city,2026-09-25,2026-09-25 13:10,13,31°C,0.034,0.06,0.026,1785,0.03
2026-09-25T18:10:00Z,panama-city,2026-09-25,2026-09-25 13:10,13,32°C,0.0,0.03,0.03,3009,0.02
2026-09-25T18:10:00Z,panama-city,2026-09-25,2026-09-25 13:10,13,33°C or higher,0.0,0.02,0.02,1276,
2026-09-25T18:20:34Z,atlanta,2026-09-25,2026-09-25 14:20,14,69°F or below,0.0,0.001,0.001,614,
2026-09-25T18:20:34Z,atlanta,2026-09-25,2026-09-25 14:20,14,70-71°F,0.0,0.001,0.001,1271,
2026-09-25T18:20:34Z,atlanta,2026-09-25,2026-09-25 14:20,14,72-73°F,0.633,0.14,-0.493,3501,0.07
2026-09-25T18:20:34Z,atlanta,2026-09-25,2026-09-25 14:20,14,74-75°F,0.333,0.42,0.087,4448,0.35
2026-09-25T18:20:34Z,atlanta,2026-09-25,2026-09-25 14:20,14,76-77°F,0.033,0.41,0.377,4943,0.35
2026-09-25T18:20:34Z,atlanta,2026-09-25,2026-09-25 14:20,14,78-79°F,0.0,0.1,0.1,5757,0.06
2026-09-25T18:20:34Z,atlanta,2026-09-25,2026-09-25 14:20,14,80-81°F,0.0,0.02,0.02,2036,
2026-09-25T18:20:34Z,atlanta,2026-09-25,2026-09-25 14:20,14,82-83°F,0.0,0.003,0.003,2466,
2026-09-25T18:20:34Z,atlanta,2026-09-25,2026-09-25 14:20,14,84-85°F,0.0,0.001,0.001,422,
2026-09-25T18:20:34Z,atlanta,2026-09-25,2026-09-25 14:20,14,86-87°F,0.0,0.001,0.001,105,
2026-09-25T18:20:34Z,atlanta,2026-09-25,2026-09-25 14:20,14,88°F or higher,0.0,0.001,0.001,105,
2026-09-25T18:20:34Z,buenos-aires,2026-09-25,2026-09-25 15:20,15,20°C or below,0.0,0.001,0.001,265,
2026-09-25T18:20:34Z,buenos-aires,2026-09-25,2026-09-25 15:20,15,21°C,0.0,0.001,0.001,105,
2026-09-25T18:20:34Z,buenos-aires,2026-09-25,2026-09-25 15:20,15,22°C,0.0,0.001,0.001,105,
2026-09-25T18:20:34Z,buenos-aires,2026-09-25,2026-09-25 15:20,15,23°C,0.0,0.001,0.001,2047,
2026-09-25T18:20:34Z,buenos-aires,2026-09-25,2026-09-25 15:20,15,24°C,0.0,0.001,0.001,2245,
2026-09-25T18:20:34Z,buenos-aires,2026-09-25,2026-09-25 15:20,15,25°C,0.0,0.001,0.001,1422,
2026-09-25T18:20:34Z,buenos-aires,2026-09-25,2026-09-25 15:20,15,26°C,0.0,0.001,0.001,2960,
2026-09-25T18:20:34Z,buenos-aires,2026-09-25,2026-09-25 15:20,15,27°C,0.9,0.99,0.09,4600,0.91
2026-09-25T18:20:34Z,buenos-aires,2026-09-25,2026-09-25 15:20,15,28°C,0.1,0.07,-0.03,2765,0.02
2026-09-25T18:20:34Z,buenos-aires,2026-09-25,2026-09-25 15:20,15,29°C,0.0,0.007,0.007,3700,0.002
2026-09-25T18:20:34Z,buenos-aires,2026-09-25,2026-09-25 15:20,15,30°C or higher,0.0,0.005,0.005,2582,
2026-09-25T18:20:34Z,miami,2026-09-25,2026-09-25 14:20,14,75°F or below,0.0,0.001,0.001,95,
2026-09-25T18:20:34Z,miami,2026-09-25,2026-09-25 14:20,14,76-77°F,0.0,0.001,0.001,95,
2026-09-25T18:20:34Z,miami,2026-09-25,2026-09-25 14:20,14,78-79°F,0.0,0.001,0.001,260,
2026-09-25T18:20:34Z,miami,2026-09-25,2026-09-25 14:20,14,80-81°F,0.0,0.001,0.001,3878,
2026-09-25T18:20:34Z,miami,2026-09-25,2026-09-25 14:20,14,82-83°F,0.0,0.001,0.001,4316,
2026-09-25T18:20:34Z,miami,2026-09-25,2026-09-25 14:20,14,84-85°F,0.0,0.001,0.001,5022,
2026-09-25T18:20:34Z,miami,2026-09-25,2026-09-25 14:20,14,86-87°F,0.0,0.001,0.001,13622,
2026-09-25T18:20:34Z,miami,2026-09-25,2026-09-25 14:20,14,88-89°F,0.967,0.73,-0.237,6377,0.65
2026-09-25T18:20:34Z,miami,2026-09-25,2026-09-25 14:20,14,90-91°F,0.033,0.31,0.277,10063,0.26
2026-09-25T18:20:34Z,miami,2026-09-25,2026-09-25 14:20,14,92-93°F,0.0,0.03,0.03,7758,0.01
2026-09-25T18:20:34Z,miami,2026-09-25,2026-09-25 14:20,14,94°F or higher,0.0,0.006,0.006,7236,0.003
2026-09-25T18:20:34Z,nyc,2026-09-25,2026-09-25 14:20,14,57°F or below,0.0,0.001,0.001,100,
2026-09-25T18:20:34Z,nyc,2026-09-25,2026-09-25 14:20,14,58-59°F,0.0,0.001,0.001,2710,
2026-09-25T18:20:34Z,nyc,2026-09-25,2026-09-25 14:20,14,60-61°F,0.0,0.001,0.001,4127,
2026-09-25T18:20:34Z,nyc,2026-09-25,2026-09-25 14:20,14,62-63°F,0.0,0.001,0.001,7388,
2026-09-25T18:20:34Z,nyc,2026-09-25,2026-09-25 14:20,14,64-65°F,0.0,0.001,0.001,4973,
2026-09-25T18:20:34Z,nyc,2026-09-25,2026-09-25 14:20,14,66-67°F,0.0,0.001,0.001,6243,
2026-09-25T18:20:34Z,nyc,2026-09-25,2026-09-25 14:20,14,68-69°F,0.533,0.09,-0.443,6202,0.07
2026-09-25T18:20:34Z,nyc,2026-09-25,2026-09-25 14:20,14,70-71°F,0.433,0.76,0.327,7374,0.72
2026-09-25T18:20:34Z,nyc,2026-09-25,2026-09-25 14:20,14,72-73°F,0.033,0.16,0.127,6156,0.14
2026-09-25T18:20:34Z,nyc,2026-09-25,2026-09-25 14:20,14,74-75°F,0.0,0.03,0.03,4330,0.01
2026-09-25T18:20:34Z,nyc,2026-09-25,2026-09-25 14:20,14,76°F or higher,0.0,0.002,0.002,2451,0.001
2026-09-25T18:20:34Z,sao-paulo,2026-09-25,2026-09-25 15:20,15,22°C or below,0.0,0.001,0.001,1226,
2026-09-25T18:20:34Z,sao-paulo,2026-09-25,2026-09-25 15:20,15,23°C,0.0,0.001,0.001,1073,
2026-09-25T18:20:34Z,sao-paulo,2026-09-25,2026-09-25 15:20,15,24°C,0.0,0.001,0.001,1607,
2026-09-25T18:20:34Z,sao-paulo,2026-09-25,2026-09-25 15:20,15,25°C,0.0,0.001,0.001,1190,
2026-09-25T18:20:34Z,sao-paulo,2026-09-25,2026-09-25 15:20,15,26°C,0.0,0.001,0.001,3943,
2026-09-25T18:20:34Z,sao-paulo,2026-09-25,2026-09-25 15:20,15,27°C,0.0,0.001,0.001,3958,
2026-09-25T18:20:34Z,sao-paulo,2026-09-25,2026-09-25 15:20,15,28°C,0.867,0.999,0.132,2649,0.997
2026-09-25T18:20:34Z,sao-paulo,2026-09-25,2026-09-25 15:20,15,29°C,0.133,0.005,-0.128,4017,0.001
2026-09-25T18:20:34Z,sao-paulo,2026-09-25,2026-09-25 15:20,15,30°C,0.0,0.003,0.003,1765,0.001
2026-09-25T18:20:34Z,sao-paulo,2026-09-25,2026-09-25 15:20,15,31°C,0.0,0.001,0.001,1482,
2026-09-25T18:20:34Z,sao-paulo,2026-09-25,2026-09-25 15:20,15,32°C or higher,0.0,0.001,0.001,1359,
2026-09-25T18:20:34Z,toronto,2026-09-25,2026-09-25 14:20,14,16°C or below,0.0,0.001,0.001,45,
2026-09-25T18:20:34Z,toronto,2026-09-25,2026-09-25 14:20,14,17°C,0.0,0.001,0.001,262,
2026-09-25T18:20:34Z,toronto,2026-09-25,2026-09-25 14:20,14,18°C,0.0,0.001,0.001,2614,
2026-09-25T18:20:34Z,toronto,2026-09-25,2026-09-25 14:20,14,19°C,0.0,0.001,0.001,2160,
2026-09-25T18:20:34Z,toronto,2026-09-25,2026-09-25 14:20,14,20°C,0.6,0.5,-0.1,4693,0.4
2026-09-25T18:20:34Z,toronto,2026-09-25,2026-09-25 14:20,14,21°C,0.333,0.55,0.217,2904,0.42
2026-09-25T18:20:34Z,toronto,2026-09-25,2026-09-25 14:20,14,22°C,0.067,0.1,0.033,1933,0.04
2026-09-25T18:20:34Z,toronto,2026-09-25,2026-09-25 14:20,14,23°C,0.0,0.006,0.006,1568,0.002
2026-09-25T18:20:34Z,toronto,2026-09-25,2026-09-25 14:20,14,24°C,0.0,0.002,0.002,367,
2026-09-25T18:20:34Z,toronto,2026-09-25,2026-09-25 14:20,14,25°C,0.0,0.001,0.001,940,
2026-09-25T18:20:34Z,toronto,2026-09-25,2026-09-25 14:20,14,26°C or higher,0.0,0.001,0.001,145,
2026-09-25T18:25:01Z,austin,2026-09-25,2026-09-25 13:25,13,87°F or below,0.0,0.001,0.001,100,
2026-09-25T18:25:01Z,austin,2026-09-25,2026-09-25 13:25,13,88-89°F,0.033,0.001,-0.032,180,
2026-09-25T18:25:01Z,austin,2026-09-25,2026-09-25 13:25,13,90-91°F,0.2,0.002,-0.198,176,
2026-09-25T18:25:01Z,austin,2026-09-25,2026-09-25 13:25,13,92-93°F,0.533,0.032,-0.501,632,0.01
2026-09-25T18:25:01Z,austin,2026-09-25,2026-09-25 13:25,13,94-95°F,0.2,0.13,-0.07,2968,0.09
2026-09-25T18:25:01Z,austin,2026-09-25,2026-09-25 13:25,13,96-97°F,0.0,0.67,0.67,2125,0.65
2026-09-25T18:25:01Z,austin,2026-09-25,2026-09-25 13:25,13,98-99°F,0.033,0.22,0.187,1311,0.17
2026-09-25T18:25:01Z,austin,2026-09-25,2026-09-25 13:25,13,100-101°F,0.0,0.03,0.03,554,0.01
2026-09-25T18:25:01Z,austin,2026-09-25,2026-09-25 13:25,13,102-103°F,0.0,0.003,0.003,218,0.001
2026-09-25T18:25:01Z,austin,2026-09-25,2026-09-25 13:25,13,104-105°F,0.0,0.001,0.001,333,
2026-09-25T18:25:01Z,austin,2026-09-25,2026-09-25 13:25,13,106°F or higher,0.0,0.001,0.001,94,
2026-09-25T18:25:01Z,chicago,2026-09-25,2026-09-25 13:25,13,57°F or below,0.0,0.001,0.001,188,
2026-09-25T18:25:01Z,chicago,2026-09-25,2026-09-25 13:25,13,58-59°F,0.0,0.001,0.001,95,
2026-09-25T18:25:01Z,chicago,2026-09-25,2026-09-25 13:25,13,60-61°F,0.0,0.001,0.001,363,
2026-09-25T18:25:01Z,chicago,2026-09-25,2026-09-25 13:25,13,62-63°F,0.0,0.001,0.001,1793,
2026-09-25T18:25:01Z,chicago,2026-09-25,2026-09-25 13:25,13,64-65°F,0.767,0.5,-0.267,3717,0.44
2026-09-25T18:25:01Z,chicago,2026-09-25,2026-09-25 13:25,13,66-67°F,0.167,0.41,0.243,6794,0.36
2026-09-25T18:25:01Z,chicago,2026-09-25,2026-09-25 13:25,13,68-69°F,0.067,0.11,0.043,4368,0.07
2026-09-25T18:25:01Z,chicago,2026-09-25,2026-09-25 13:25,13,70-71°F,0.0,0.02,0.02,3215,0.01
2026-09-25T18:25:01Z,chicago,2026-09-25,2026-09-25 13:25,13,72-73°F,0.0,0.005,0.005,2759,0.002
2026-09-25T18:25:01Z,chicago,2026-09-25,2026-09-25 13:25,13,74-75°F,0.0,0.003,0.003,660,
2026-09-25T18:25:01Z,chicago,2026-09-25,2026-09-25 13:25,13,76°F or higher,0.0,0.001,0.001,100,
2026-09-25T18:25:01Z,dallas,2026-09-25,2026-09-25 13:25,13,85°F or below,0.9,0.001,-0.899,866,
2026-09-25T18:25:01Z,dallas,2026-09-25,2026-09-25 13:25,13,86-87°F,0.1,0.015,-0.085,1144,0.003
2026-09-25T18:25:01Z,dallas,2026-09-25,2026-09-25 13:25,13,88-89°F,0.0,0.11,0.11,6656,0.05
2026-09-25T18:25:01Z,dallas,2026-09-25,2026-09-25 13:25,13,90-91°F,0.0,0.6,0.6,4493,0.55
2026-09-25T18:25:01Z,dallas,2026-09-25,2026-09-25 13:25,13,92-93°F,0.0,0.39,0.39,4305,0.31
2026-09-25T18:25:01Z,dallas,2026-09-25,2026-09-25 13:25,13,94-95°F,0.0,0.04,0.04,4516,0.03
2026-09-25T18:25:01Z,dallas,2026-09-25,2026-09-25 13:25,13,96-97°F,0.0,0.02,0.02,2676,
2026-09-25T18:25:01Z,dallas,2026-09-25,2026-09-25 13:25,13,98-99°F,0.0,0.003,0.003,2110,0.001
2026-09-25T18:25:01Z,dallas,2026-09-25,2026-09-25 13:25,13,100-101°F,0.0,0.001,0.001,1172,
2026-09-25T18:25:01Z,dallas,2026-09-25,2026-09-25 13:25,13,102-103°F,0.0,0.001,0.001,95,
2026-09-25T18:25:01Z,dallas,2026-09-25,2026-09-25 13:25,13,104°F or higher,0.0,0.001,0.001,95,
2026-09-25T18:25:01Z,houston,2026-09-25,2026-09-25 13:25,13,83°F or below,0.0,0.001,0.001,100,
2026-09-25T18:25:01Z,houston,2026-09-25,2026-09-25 13:25,13,84-85°F,0.6,0.001,-0.599,180,
2026-09-25T18:25:01Z,houston,2026-09-25,2026-09-25 13:25,13,86-87°F,0.367,0.023,-0.344,2170,
2026-09-25T18:25:01Z,houston,2026-09-25,2026-09-25 13:25,13,88-89°F,0.033,0.33,0.297,5589,0.1
2026-09-25T18:25:01Z,houston,2026-09-25,2026-09-25 13:25,13,90-91°F,0.0,0.59,0.59,3267,0.4
2026-09-25T18:25:01Z,houston,2026-09-25,2026-09-25 13:25,13,92-93°F,0.0,0.3,0.3,5529,0.15
2026-09-25T18:25:01Z,houston,2026-09-25,2026-09-25 13:25,13,94-95°F,0.0,0.04,0.04,1928,0.02
2026-09-25T18:25:01Z,houston,2026-09-25,2026-09-25 13:25,13,96-97°F,0.0,0.004,0.004,701,0.001
2026-09-25T18:25:01Z,houston,2026-09-25,2026-09-25 13:25,13,98-99°F,0.0,0.001,0.001,30,
2026-09-25T18:25:01Z,houston,2026-09-25,2026-09-25 13:25,13,100-101°F,0.0,0.001,0.001,215,
2026-09-25T18:25:01Z,houston,2026-09-25,2026-09-25 13:25,13,102°F or higher,0.0,0.001,0.001,95,
2026-09-25T18:25:01Z,panama-city,2026-09-25,2026-09-25 13:25,13,23°C or below,0.0,0.001,0.001,95,
2026-09-25T18:25:01Z,panama-city,2026-09-25,2026-09-25 13:25,13,24°C,0.0,0.001,0.001,25,
2026-09-25T18:25:01Z,panama-city,2026-09-25,2026-09-25 13:25,13,25°C,0.0,0.001,0.001,15,
2026-09-25T18:25:01Z,panama-city,2026-09-25,2026-09-25 13:25,13,26°C,0.0,0.001,0.001,42,
2026-09-25T18:25:01Z,panama-city,2026-09-25,2026-09-25 13:25,13,27°C,0.0,0.001,0.001,35,
2026-09-25T18:25:01Z,panama-city,2026-09-25,2026-09-25 13:25,13,28°C,0.0,0.001,0.001,165,
2026-09-25T18:25:01Z,panama-city,2026-09-25,2026-09-25 13:25,13,29°C,0.759,0.58,-0.179,1564,0.45
2026-09-25T18:25:01Z,panama-city,2026-09-25,2026-09-25 13:25,13,30°C,0.207,0.4,0.193,2216,0.28
2026-09-25T18:25:01Z,panama-city,2026-09-25,2026-09-25 13:25,13,31°C,0.034,0.07,0.036,1945,0.04
2026-09-25T18:25:01Z,panama-city,2026-09-25,2026-09-25 13:25,13,32°C,0.0,0.03,0.03,3108,0.02
2026-09-25T18:25:01Z,panama-city,2026-09-25,2026-09-25 13:25,13,33°C or higher,0.0,0.02,0.02,1346,
2026-09-25T18:30:13Z,denver,2026-09-25,2026-09-25 12:30,12,67°F or below,0.1,0.009,-0.091,1233,
2026-09-25T18:30:13Z,denver,2026-09-25,2026-09-25 12:30,12,68-69°F,0.133,0.003,-0.13,760,0.001
2026-09-25T18:30:13Z,denver,2026-09-25,2026-09-25 12:30,12,70-71°F,0.467,0.06,-0.407,1398,0.02
2026-09-25T18:30:13Z,denver,2026-09-25,2026-09-25 12:30,12,72-73°F,0.267,0.22,-0.047,3904,0.18
2026-09-25T18:30:13Z,denver,2026-09-25,2026-09-25 12:30,12,74-75°F,0.033,0.47,0.437,4132,0.44
2026-09-25T18:30:13Z,denver,2026-09-25,2026-09-25 12:30,12,76-77°F,0.0,0.29,0.29,3501,0.23
2026-09-25T18:30:13Z,denver,2026-09-25,2026-09-25 12:30,12,78-79°F,0.0,0.03,0.03,1011,0.01
2026-09-25T18:30:13Z,denver,2026-09-25,2026-09-25 12:30,12,80-81°F,0.0,0.009,0.009,1190,0.002
2026-09-25T18:30:13Z,denver,2026-09-25,2026-09-25 12:30,12,82-83°F,0.0,0.001,0.001,860,
2026-09-25T18:30:13Z,denver,2026-09-25,2026-09-25 12:30,12,84-85°F,0.0,0.001,0.001,195,
2026-09-25T18:30:13Z,denver,2026-09-25,2026-09-25 12:30,12,86°F or higher,0.0,0.001,0.001,95,
2026-09-25T18:30:13Z,mexico-city,2026-09-25,2026-09-25 12:30,12,16°C or below,0.0,0.001,0.001,1015,
2026-09-25T18:30:13Z,mexico-city,2026-09-25,2026-09-25 12:30,12,17°C,0.0,0.001,0.001,15,
2026-09-25T18:30:13Z,mexico-city,2026-09-25,2026-09-25 12:30,12,18°C,0.0,0.001,0.001,15,
2026-09-25T18:30:13Z,mexico-city,2026-09-25,2026-09-25 12:30,12,19°C,0.0,0.001,0.001,15,
2026-09-25T18:30:13Z,mexico-city,2026-09-25,2026-09-25 12:30,12,20°C,0.0,0.001,0.001,15,
2026-09-25T18:30:13Z,mexico-city,2026-09-25,2026-09-25 12:30,12,21°C,0.069,0.001,-0.068,145,
2026-09-25T18:30:13Z,mexico-city,2026-09-25,2026-09-25 12:30,12,22°C,0.345,0.001,-0.344,232,
2026-09-25T18:30:13Z,mexico-city,2026-09-25,2026-09-25 12:30,12,23°C,0.276,0.007,-0.269,484,0.001
2026-09-25T18:30:13Z,mexico-city,2026-09-25,2026-09-25 12:30,12,24°C,0.241,0.03,-0.211,2293,0.01
2026-09-25T18:30:13Z,mexico-city,2026-09-25,2026-09-25 12:30,12,25°C,0.069,0.41,0.341,3180,0.33
2026-09-25T18:30:13Z,mexico-city,2026-09-25,2026-09-25 12:30,12,26°C or higher,0.0,0.65,0.65,3897,0.56
2026-09-25T18:35:00Z,buenos-aires,2026-09-25,2026-09-25 15:35,15,20°C or below,0.0,0.001,0.001,265,
2026-09-25T18:35:00Z,buenos-aires,2026-09-25,2026-09-25 15:35,15,21°C,0.0,0.001,0.001,105,
2026-09-25T18:35:00Z,buenos-aires,2026-09-25,2026-09-25 15:35,15,22°C,0.0,0.001,0.001,105,
2026-09-25T18:35:00Z,buenos-aires,2026-09-25,2026-09-25 15:35,15,23°C,0.0,0.001,0.001,2047,
2026-09-25T18:35:00Z,buenos-aires,2026-09-25,2026-09-25 15:35,15,24°C,0.0,0.001,0.001,2245,
2026-09-25T18:35:00Z,buenos-aires,2026-09-25,2026-09-25 15:35,15,25°C,0.0,0.001,0.001,1422,
2026-09-25T18:35:00Z,buenos-aires,2026-09-25,2026-09-25 15:35,15,26°C,0.0,0.001,0.001,2960,
2026-09-25T18:35:00Z,buenos-aires,2026-09-25,2026-09-25 15:35,15,27°C,0.9,0.99,0.09,4939,0.95
2026-09-25T18:35:00Z,buenos-aires,2026-09-25,2026-09-25 15:35,15,28°C,0.1,0.05,-0.05,2853,0.02
2026-09-25T18:35:00Z,buenos-aires,2026-09-25,2026-09-25 15:35,15,29°C,0.0,0.007,0.007,3750,0.002
2026-09-25T18:35:00Z,buenos-aires,2026-09-25,2026-09-25 15:35,15,30°C or higher,0.0,0.004,0.004,2941,
2026-09-25T18:35:00Z,sao-paulo,2026-09-25,2026-09-25 15:35,15,22°C or below,0.0,0.001,0.001,1226,
2026-09-25T18:35:00Z,sao-paulo,2026-09-25,2026-09-25 15:35,15,23°C,0.0,0.001,0.001,1073,
2026-09-25T18:35:00Z,sao-paulo,2026-09-25,2026-09-25 15:35,15,24°C,0.0,0.001,0.001,1607,
2026-09-25T18:35:00Z,sao-paulo,2026-09-25,2026-09-25 15:35,15,25°C,0.0,0.001,0.001,1190,
2026-09-25T18:35:00Z,sao-paulo,2026-09-25,2026-09-25 15:35,15,26°C,0.0,0.001,0.001,3983,
2026-09-25T18:35:00Z,sao-paulo,2026-09-25,2026-09-25 15:35,15,27°C,0.0,0.001,0.001,3990,
2026-09-25T18:35:00Z,sao-paulo,2026-09-25,2026-09-25 15:35,15,28°C,0.867,0.998,0.131,3171,0.993
2026-09-25T18:35:00Z,sao-paulo,2026-09-25,2026-09-25 15:35,15,29°C,0.133,0.004,-0.129,4066,0.001
2026-09-25T18:35:00Z,sao-paulo,2026-09-25,2026-09-25 15:35,15,30°C,0.0,0.002,0.002,1789,0.001
2026-09-25T18:35:00Z,sao-paulo,2026-09-25,2026-09-25 15:35,15,31°C,0.0,0.001,0.001,1482,
2026-09-25T18:35:00Z,sao-paulo,2026-09-25,2026-09-25 15:35,15,32°C or higher,0.0,0.001,0.001,1359,
2026-09-25T18:40:01Z,atlanta,2026-09-25,2026-09-25 14:40,14,69°F or below,0.0,0.001,0.001,614,
2026-09-25T18:40:01Z,atlanta,2026-09-25,2026-09-25 14:40,14,70-71°F,0.0,0.001,0.001,1271,
2026-09-25T18:40:01Z,atlanta,2026-09-25,2026-09-25 14:40,14,72-73°F,0.633,0.17,-0.463,3645,0.08
2026-09-25T18:40:01Z,atlanta,2026-09-25,2026-09-25 14:40,14,74-75°F,0.333,0.43,0.097,4653,0.28
2026-09-25T18:40:01Z,atlanta,2026-09-25,2026-09-25 14:40,14,76-77°F,0.033,0.42,0.387,5088,0.39
2026-09-25T18:40:01Z,atlanta,2026-09-25,2026-09-25 14:40,14,78-79°F,0.0,0.1,0.1,5826,0.04
2026-09-25T18:40:01Z,atlanta,2026-09-25,2026-09-25 14:40,14,80-81°F,0.0,0.02,0.02,2047,
2026-09-25T18:40:01Z,atlanta,2026-09-25,2026-09-25 14:40,14,82-83°F,0.0,0.003,0.003,2466,
2026-09-25T18:40:01Z,atlanta,2026-09-25,2026-09-25 14:40,14,84-85°F,0.0,0.001,0.001,422,
2026-09-25T18:40:01Z,atlanta,2026-09-25,2026-09-25 14:40,14,86-87°F,0.0,0.001,0.001,105,
2026-09-25T18:40:01Z,atlanta,2026-09-25,2026-09-25 14:40,14,88°F or higher,0.0,0.001,0.001,105,
2026-09-25T18:40:01Z,buenos-aires,2026-09-25,2026-09-25 15:40,15,20°C or below,0.0,0.001,0.001,265,
2026-09-25T18:40:01Z,buenos-aires,2026-09-25,2026-09-25 15:40,15,21°C,0.0,0.001,0.001,105,
2026-09-25T18:40:01Z,buenos-aires,2026-09-25,2026-09-25 15:40,15,22°C,0.0,0.001,0.001,105,
2026-09-25T18:40:01Z,buenos-aires,2026-09-25,2026-09-25 15:40,15,23°C,0.0,0.001,0.001,2047,
2026-09-25T18:40:01Z,buenos-aires,2026-09-25,2026-09-25 15:40,15,24°C,0.0,0.001,0.001,2245,
2026-09-25T18:40:01Z,buenos-aires,2026-09-25,2026-09-25 15:40,15,25°C,0.0,0.001,0.001,1422,
2026-09-25T18:40:01Z,buenos-aires,2026-09-25,2026-09-25 15:40,15,26°C,0.0,0.001,0.001,2960,
2026-09-25T18:40:01Z,buenos-aires,2026-09-25,2026-09-25 15:40,15,27°C,0.9,0.99,0.09,4942,0.95
2026-09-25T18:40:01Z,buenos-aires,2026-09-25,2026-09-25 15:40,15,28°C,0.1,0.05,-0.05,2853,0.02
2026-09-25T18:40:01Z,buenos-aires,2026-09-25,2026-09-25 15:40,15,29°C,0.0,0.007,0.007,3750,0.002
2026-09-25T18:40:01Z,buenos-aires,2026-09-25,2026-09-25 15:40,15,30°C or higher,0.0,0.004,0.004,2941,
2026-09-25T18:40:01Z,miami,2026-09-25,2026-09-25 14:40,14,75°F or below,0.0,0.001,0.001,95,
2026-09-25T18:40:01Z,miami,2026-09-25,2026-09-25 14:40,14,76-77°F,0.0,0.001,0.001,95,
2026-09-25T18:40:01Z,miami,2026-09-25,2026-09-25 14:40,14,78-79°F,0.0,0.001,0.001,260,
2026-09-25T18:40:01Z,miami,2026-09-25,2026-09-25 14:40,14,80-81°F,0.0,0.001,0.001,3878,
2026-09-25T18:40:01Z,miami,2026-09-25,2026-09-25 14:40,14,82-83°F,0.0,0.001,0.001,4316,
2026-09-25T18:40:01Z,miami,2026-09-25,2026-09-25 14:40,14,84-85°F,0.0,0.001,0.001,5134,
2026-09-25T18:40:01Z,miami,2026-09-25,2026-09-25 14:40,14,86-87°F,0.0,0.001,0.001,14062,
2026-09-25T18:40:01Z,miami,2026-09-25,2026-09-25 14:40,14,88-89°F,0.967,0.75,-0.217,6433,0.65
2026-09-25T18:40:01Z,miami,2026-09-25,2026-09-25 14:40,14,90-91°F,0.033,0.31,0.277,10152,0.26
2026-09-25T18:40:01Z,miami,2026-09-25,2026-09-25 14:40,14,92-93°F,0.0,0.03,0.03,7784,0.01
2026-09-25T18:40:01Z,miami,2026-09-25,2026-09-25 14:40,14,94°F or higher,0.0,0.006,0.006,7261,0.003
2026-09-25T18:40:01Z,nyc,2026-09-25,2026-09-25 14:40,14,57°F or below,0.0,0.001,0.001,100,
2026-09-25T18:40:01Z,nyc,2026-09-25,2026-09-25 14:40,14,58-59°F,0.0,0.001,0.001,2710,
2026-09-25T18:40:01Z,nyc,2026-09-25,2026-09-25 14:40,14,60-61°F,0.0,0.001,0.001,4127,
2026-09-25T18:40:01Z,nyc,2026-09-25,2026-09-25 14:40,14,62-63°F,0.0,0.001,0.001,7388,
2026-09-25T18:40:01Z,nyc,2026-09-25,2026-09-25 14:40,14,64-65°F,0.0,0.001,0.001,4976,
2026-09-25T18:40:01Z,nyc,2026-09-25,2026-09-25 14:40,14,66-67°F,0.0,0.001,0.001,6564,
2026-09-25T18:40:01Z,nyc,2026-09-25,2026-09-25 14:40,14,68-69°F,0.533,0.08,-0.453,6347,0.07
2026-09-25T18:40:01Z,nyc,2026-09-25,2026-09-25 14:40,14,70-71°F,0.433,0.78,0.347,7404,0.73
2026-09-25T18:40:01Z,nyc,2026-09-25,2026-09-25 14:40,14,72-73°F,0.033,0.16,0.127,6166,0.11
2026-09-25T18:40:01Z,nyc,2026-09-25,2026-09-25 14:40,14,74-75°F,0.0,0.02,0.02,4440,0.01
2026-09-25T18:40:01Z,nyc,2026-09-25,2026-09-25 14:40,14,76°F or higher,0.0,0.002,0.002,2467,0.001
2026-09-25T18:40:01Z,sao-paulo,2026-09-25,2026-09-25 15:40,15,22°C or below,0.0,0.001,0.001,1226,
2026-09-25T18:40:01Z,sao-paulo,2026-09-25,2026-09-25 15:40,15,23°C,0.0,0.001,0.001,1073,
2026-09-25T18:40:01Z,sao-paulo,2026-09-25,2026-09-25 15:40,15,24°C,0.0,0.001,0.001,1607,
2026-09-25T18:40:01Z,sao-paulo,2026-09-25,2026-09-25 15:40,15,25°C,0.0,0.001,0.001,1190,
2026-09-25T18:40:01Z,sao-paulo,2026-09-25,2026-09-25 15:40,15,26°C,0.0,0.001,0.001,3983,
2026-09-25T18:40:01Z,sao-paulo,2026-09-25,2026-09-25 15:40,15,27°C,0.0,0.001,0.001,3990,
2026-09-25T18:40:01Z,sao-paulo,2026-09-25,2026-09-25 15:40,15,28°C,0.867,0.998,0.131,3171,0.993
2026-09-25T18:40:01Z,sao-paulo,2026-09-25,2026-09-25 15:40,15,29°C,0.133,0.004,-0.129,4066,0.001
2026-09-25T18:40:01Z,sao-paulo,2026-09-25,2026-09-25 15:40,15,30°C,0.0,0.002,0.002,1789,0.001
2026-09-25T18:40:01Z,sao-paulo,2026-09-25,2026-09-25 15:40,15,31°C,0.0,0.001,0.001,1482,
2026-09-25T18:40:01Z,sao-paulo,2026-09-25,2026-09-25 15:40,15,32°C or higher,0.0,0.001,0.001,1359,
2026-09-25T18:40:01Z,toronto,2026-09-25,2026-09-25 14:40,14,16°C or below,0.0,0.001,0.001,45,
2026-09-25T18:40:01Z,toronto,2026-09-25,2026-09-25 14:40,14,17°C,0.0,0.001,0.001,262,
2026-09-25T18:40:01Z,toronto,2026-09-25,2026-09-25 14:40,14,18°C,0.0,0.001,0.001,2614,
2026-09-25T18:40:01Z,toronto,2026-09-25,2026-09-25 14:40,14,19°C,0.0,0.001,0.001,2459,
2026-09-25T18:40:01Z,toronto,2026-09-25,2026-09-25 14:40,14,20°C,0.6,0.39,-0.21,4979,0.26
2026-09-25T18:40:01Z,toronto,2026-09-25,2026-09-25 14:40,14,21°C,0.333,0.63,0.297,2904,0.45
2026-09-25T18:40:01Z,toronto,2026-09-25,2026-09-25 14:40,14,22°C,0.067,0.09,0.023,1933,0.06
2026-09-25T18:40:01Z,toronto,2026-09-25,2026-09-25 14:40,14,23°C,0.0,0.006,0.006,1611,0.002
2026-09-25T18:40:01Z,toronto,2026-09-25,2026-09-25 14:40,14,24°C,0.0,0.002,0.002,367,
2026-09-25T18:40:01Z,toronto,2026-09-25,2026-09-25 14:40,14,25°C,0.0,0.001,0.001,940,
2026-09-25T18:40:01Z,toronto,2026-09-25,2026-09-25 14:40,14,26°C or higher,0.0,0.001,0.001,145,
2026-09-25T18:45:44Z,austin,2026-09-25,2026-09-25 13:45,13,87°F or below,0.0,0.001,0.001,100,
2026-09-25T18:45:44Z,austin,2026-09-25,2026-09-25 13:45,13,88-89°F,0.0,0.001,0.001,180,
2026-09-25T18:45:44Z,austin,2026-09-25,2026-09-25 13:45,13,90-91°F,0.033,0.002,-0.031,176,
2026-09-25T18:45:44Z,austin,2026-09-25,2026-09-25 13:45,13,92-93°F,0.2,0.036,-0.164,667,0.012
2026-09-25T18:45:44Z,austin,2026-09-25,2026-09-25 13:45,13,94-95°F,0.533,0.16,-0.373,2968,0.09
2026-09-25T18:45:44Z,austin,2026-09-25,2026-09-25 13:45,13,96-97°F,0.2,0.68,0.48,2125,0.65
2026-09-25T18:45:44Z,austin,2026-09-25,2026-09-25 13:45,13,98-99°F,0.0,0.19,0.19,1315,0.14
2026-09-25T18:45:44Z,austin,2026-09-25,2026-09-25 13:45,13,100-101°F,0.033,0.03,-0.003,554,0.01
2026-09-25T18:45:44Z,austin,2026-09-25,2026-09-25 13:45,13,102-103°F,0.0,0.003,0.003,218,0.001
2026-09-25T18:45:44Z,austin,2026-09-25,2026-09-25 13:45,13,104-105°F,0.0,0.001,0.001,333,
2026-09-25T18:45:44Z,austin,2026-09-25,2026-09-25 13:45,13,106°F or higher,0.0,0.001,0.001,94,
2026-09-25T18:45:44Z,chicago,2026-09-25,2026-09-25 13:45,13,57°F or below,0.0,0.001,0.001,188,
2026-09-25T18:45:44Z,chicago,2026-09-25,2026-09-25 13:45,13,58-59°F,0.0,0.001,0.001,95,
2026-09-25T18:45:44Z,chicago,2026-09-25,2026-09-25 13:45,13,60-61°F,0.0,0.001,0.001,363,
2026-09-25T18:45:44Z,chicago,2026-09-25,2026-09-25 13:45,13,62-63°F,0.0,0.001,0.001,1796,
2026-09-25T18:45:44Z,chicago,2026-09-25,2026-09-25 13:45,13,64-65°F,0.767,0.51,-0.257,3836,0.5
2026-09-25T18:45:44Z,chicago,2026-09-25,2026-09-25 13:45,13,66-67°F,0.167,0.42,0.253,6794,0.37
2026-09-25T18:45:44Z,chicago,2026-09-25,2026-09-25 13:45,13,68-69°F,0.067,0.1,0.033,4499,0.09
2026-09-25T18:45:44Z,chicago,2026-09-25,2026-09-25 13:45,13,70-71°F,0.0,0.03,0.03,3524,
2026-09-25T18:45:44Z,chicago,2026-09-25,2026-09-25 13:45,13,72-73°F,0.0,0.005,0.005,2759,0.002
2026-09-25T18:45:44Z,chicago,2026-09-25,2026-09-25 13:45,13,74-75°F,0.0,0.003,0.003,660,
2026-09-25T18:45:44Z,chicago,2026-09-25,2026-09-25 13:45,13,76°F or higher,0.0,0.001,0.001,100,
2026-09-25T18:45:44Z,dallas,2026-09-25,2026-09-25 13:45,13,85°F or below,0.0,0.001,0.001,866,
2026-09-25T18:45:44Z,dallas,2026-09-25,2026-09-25 13:45,13,86-87°F,0.233,0.043,-0.19,1224,
2026-09-25T18:45:44Z,dallas,2026-09-25,2026-09-25 13:45,13,88-89°F,0.667,0.11,-0.557,6656,0.05
2026-09-25T18:45:44Z,dallas,2026-09-25,2026-09-25 13:45,13,90-91°F,0.1,0.61,0.51,4513,0.56
2026-09-25T18:45:44Z,dallas,2026-09-25,2026-09-25 13:45,13,92-93°F,0.0,0.38,0.38,4328,0.28
2026-09-25T18:45:44Z,dallas,2026-09-25,2026-09-25 13:45,13,94-95°F,0.0,0.04,0.04,4607,0.03
2026-09-25T18:45:44Z,dallas,2026-09-25,2026-09-25 13:45,13,96-97°F,0.0,0.02,0.02,2676,
2026-09-25T18:45:44Z,dallas,2026-09-25,2026-09-25 13:45,13,98-99°F,0.0,0.003,0.003,3928,0.001
2026-09-25T18:45:44Z,dallas,2026-09-25,2026-09-25 13:45,13,100-101°F,0.0,0.001,0.001,1172,
2026-09-25T18:45:44Z,dallas,2026-09-25,2026-09-25 13:45,13,102-103°F,0.0,0.001,0.001,95,
2026-09-25T18:45:44Z,dallas,2026-09-25,2026-09-25 13:45,13,104°F or higher,0.0,0.001,0.001,95,
2026-09-25T18:45:44Z,houston,2026-09-25,2026-09-25 13:45,13,83°F or below,0.0,0.001,0.001,100,
2026-09-25T18:45:44Z,houston,2026-09-25,2026-09-25 13:45,13,84-85°F,0.0,0.001,0.001,180,
2026-09-25T18:45:44Z,houston,2026-09-25,2026-09-25 13:45,13,86-87°F,0.6,0.023,-0.577,2271,
2026-09-25T18:45:44Z,houston,2026-09-25,2026-09-25 13:45,13,88-89°F,0.367,0.33,-0.037,5617,0.18
2026-09-25T18:45:44Z,houston,2026-09-25,2026-09-25 13:45,13,90-91°F,0.033,0.59,0.557,3272,0.42
2026-09-25T18:45:44Z,houston,2026-09-25,2026-09-25 13:45,13,92-93°F,0.0,0.24,0.24,5552,0.15
2026-09-25T18:45:44Z,houston,2026-09-25,2026-09-25 13:45,13,94-95°F,0.0,0.04,0.04,2174,0.02
2026-09-25T18:45:44Z,houston,2026-09-25,2026-09-25 13:45,13,96-97°F,0.0,0.004,0.004,706,0.001
2026-09-25T18:45:44Z,houston,2026-09-25,2026-09-25 13:45,13,98-99°F,0.0,0.001,0.001,30,
2026-09-25T18:45:44Z,houston,2026-09-25,2026-09-25 13:45,13,100-101°F,0.0,0.001,0.001,215,
2026-09-25T18:45:44Z,houston,2026-09-25,2026-09-25 13:45,13,102°F or higher,0.0,0.001,0.001,95,
2026-09-25T18:45:44Z,panama-city,2026-09-25,2026-09-25 13:45,13,23°C or below,0.0,0.001,0.001,95,
2026-09-25T18:45:44Z,panama-city,2026-09-25,2026-09-25 13:45,13,24°C,0.0,0.001,0.001,25,
2026-09-25T18:45:44Z,panama-city,2026-09-25,2026-09-25 13:45,13,25°C,0.0,0.001,0.001,15,
2026-09-25T18:45:44Z,panama-city,2026-09-25,2026-09-25 13:45,13,26°C,0.0,0.001,0.001,42,
2026-09-25T18:45:44Z,panama-city,2026-09-25,2026-09-25 13:45,13,27°C,0.0,0.001,0.001,35,
2026-09-25T18:45:44Z,panama-city,2026-09-25,2026-09-25 13:45,13,28°C,0.0,0.001,0.001,165,
2026-09-25T18:45:44Z,panama-city,2026-09-25,2026-09-25 13:45,13,29°C,0.759,0.65,-0.109,1624,0.55
2026-09-25T18:45:44Z,panama-city,2026-09-25,2026-09-25 13:45,13,30°C,0.207,0.34,0.133,2223,0.22
2026-09-25T18:45:44Z,panama-city,2026-09-25,2026-09-25 13:45,13,31°C,0.034,0.06,0.026,1996,0.03
2026-09-25T18:45:44Z,panama-city,2026-09-25,2026-09-25 13:45,13,32°C,0.0,0.03,0.03,3289,0.02
2026-09-25T18:45:44Z,panama-city,2026-09-25,2026-09-25 13:45,13,33°C or higher,0.0,0.02,0.02,1346,
2026-09-25T18:50:01Z,buenos-aires,2026-09-25,2026-09-25 15:50,15,20°C or below,0.0,0.001,0.001,265,
2026-09-25T18:50:01Z,buenos-aires,2026-09-25,2026-09-25 15:50,15,21°C,0.0,0.001,0.001,105,
2026-09-25T18:50:01Z,buenos-aires,2026-09-25,2026-09-25 15:50,15,22°C,0.0,0.001,0.001,105,
2026-09-25T18:50:01Z,buenos-aires,2026-09-25,2026-09-25 15:50,15,23°C,0.0,0.001,0.001,2047,
2026-09-25T18:50:01Z,buenos-aires,2026-09-25,2026-09-25 15:50,15,24°C,0.0,0.001,0.001,2245,
2026-09-25T18:50:01Z,buenos-aires,2026-09-25,2026-09-25 15:50,15,25°C,0.0,0.001,0.001,1422,
2026-09-25T18:50:01Z,buenos-aires,2026-09-25,2026-09-25 15:50,15,26°C,0.0,0.001,0.001,2960,
2026-09-25T18:50:01Z,buenos-aires,2026-09-25,2026-09-25 15:50,15,27°C,0.9,0.99,0.09,4942,0.95
2026-09-25T18:50:01Z,buenos-aires,2026-09-25,2026-09-25 15:50,15,28°C,0.1,0.05,-0.05,2853,0.02
2026-09-25T18:50:01Z,buenos-aires,2026-09-25,2026-09-25 15:50,15,29°C,0.0,0.007,0.007,3750,0.002
2026-09-25T18:50:01Z,buenos-aires,2026-09-25,2026-09-25 15:50,15,30°C or higher,0.0,0.004,0.004,2941,
2026-09-25T18:50:01Z,denver,2026-09-25,2026-09-25 12:50,12,67°F or below,0.1,0.009,-0.091,1233,
2026-09-25T18:50:01Z,denver,2026-09-25,2026-09-25 12:50,12,68-69°F,0.133,0.003,-0.13,760,0.001
2026-09-25T18:50:01Z,denver,2026-09-25,2026-09-25 12:50,12,70-71°F,0.467,0.06,-0.407,1398,0.02
2026-09-25T18:50:01Z,denver,2026-09-25,2026-09-25 12:50,12,72-73°F,0.267,0.23,-0.037,3904,0.18
2026-09-25T18:50:01Z,denver,2026-09-25,2026-09-25 12:50,12,74-75°F,0.033,0.47,0.437,4132,0.43
2026-09-25T18:50:01Z,denver,2026-09-25,2026-09-25 12:50,12,76-77°F,0.0,0.3,0.3,3501,0.23
2026-09-25T18:50:01Z,denver,2026-09-25,2026-09-25 12:50,12,78-79°F,0.0,0.03,0.03,1011,0.01
2026-09-25T18:50:01Z,denver,2026-09-25,2026-09-25 12:50,12,80-81°F,0.0,0.009,0.009,1190,0.002
2026-09-25T18:50:01Z,denver,2026-09-25,2026-09-25 12:50,12,82-83°F,0.0,0.001,0.001,860,
2026-09-25T18:50:01Z,denver,2026-09-25,2026-09-25 12:50,12,84-85°F,0.0,0.001,0.001,195,
2026-09-25T18:50:01Z,denver,2026-09-25,2026-09-25 12:50,12,86°F or higher,0.0,0.001,0.001,95,
2026-09-25T18:50:01Z,mexico-city,2026-09-25,2026-09-25 12:50,12,16°C or below,0.0,0.001,0.001,1015,
2026-09-25T18:50:01Z,mexico-city,2026-09-25,2026-09-25 12:50,12,17°C,0.0,0.001,0.001,15,
2026-09-25T18:50:01Z,mexico-city,2026-09-25,2026-09-25 12:50,12,18°C,0.0,0.001,0.001,15,
2026-09-25T18:50:01Z,mexico-city,2026-09-25,2026-09-25 12:50,12,19°C,0.0,0.001,0.001,15,
2026-09-25T18:50:01Z,mexico-city,2026-09-25,2026-09-25 12:50,12,20°C,0.0,0.001,0.001,15,
2026-09-25T18:50:01Z,mexico-city,2026-09-25,2026-09-25 12:50,12,21°C,0.069,0.001,-0.068,145,
2026-09-25T18:50:01Z,mexico-city,2026-09-25,2026-09-25 12:50,12,22°C,0.345,0.001,-0.344,232,
2026-09-25T18:50:01Z,mexico-city,2026-09-25,2026-09-25 12:50,12,23°C,0.276,0.007,-0.269,484,0.001
2026-09-25T18:50:01Z,mexico-city,2026-09-25,2026-09-25 12:50,12,24°C,0.241,0.03,-0.211,2293,0.01
2026-09-25T18:50:01Z,mexico-city,2026-09-25,2026-09-25 12:50,12,25°C,0.069,0.41,0.341,3207,0.33
2026-09-25T18:50:01Z,mexico-city,2026-09-25,2026-09-25 12:50,12,26°C or higher,0.0,0.64,0.64,3897,0.56
2026-09-25T18:50:01Z,sao-paulo,2026-09-25,2026-09-25 15:50,15,22°C or below,0.0,0.001,0.001,1226,
2026-09-25T18:50:01Z,sao-paulo,2026-09-25,2026-09-25 15:50,15,23°C,0.0,0.001,0.001,1073,
2026-09-25T18:50:01Z,sao-paulo,2026-09-25,2026-09-25 15:50,15,24°C,0.0,0.001,0.001,1607,
2026-09-25T18:50:01Z,sao-paulo,2026-09-25,2026-09-25 15:50,15,25°C,0.0,0.001,0.001,1190,
2026-09-25T18:50:01Z,sao-paulo,2026-09-25,2026-09-25 15:50,15,26°C,0.0,0.001,0.001,3983,
2026-09-25T18:50:01Z,sao-paulo,2026-09-25,2026-09-25 15:50,15,27°C,0.0,0.001,0.001,3990,
2026-09-25T18:50:01Z,sao-paulo,2026-09-25,2026-09-25 15:50,15,28°C,0.867,0.998,0.131,3220,0.993
2026-09-25T18:50:01Z,sao-paulo,2026-09-25,2026-09-25 15:50,15,29°C,0.133,0.004,-0.129,4067,0.001
2026-09-25T18:50:01Z,sao-paulo,2026-09-25,2026-09-25 15:50,15,30°C,0.0,0.002,0.002,1789,0.001
2026-09-25T18:50:01Z,sao-paulo,2026-09-25,2026-09-25 15:50,15,31°C,0.0,0.001,0.001,1482,
2026-09-25T18:50:01Z,sao-paulo,2026-09-25,2026-09-25 15:50,15,32°C or higher,0.0,0.001,0.001,1359,
2026-09-25T19:03:47Z,atlanta,2026-09-25,2026-09-25 15:02,15,69°F or below,0.0,0.001,0.001,614,
2026-09-25T19:03:47Z,atlanta,2026-09-25,2026-09-25 15:02,15,70-71°F,0.0,0.001,0.001,1271,
2026-09-25T19:03:47Z,atlanta,2026-09-25,2026-09-25 15:02,15,72-73°F,0.0,0.001,0.001,3915,
2026-09-25T19:03:47Z,atlanta,2026-09-25,2026-09-25 15:02,15,74-75°F,0.933,0.59,-0.343,4813,0.47
2026-09-25T19:03:47Z,atlanta,2026-09-25,2026-09-25 15:02,15,76-77°F,0.067,0.51,0.443,5127,0.41
2026-09-25T19:03:47Z,atlanta,2026-09-25,2026-09-25 15:02,15,78-79°F,0.0,0.11,0.11,5862,0.02
2026-09-25T19:03:47Z,atlanta,2026-09-25,2026-09-25 15:02,15,80-81°F,0.0,0.02,0.02,2047,
2026-09-25T19:03:47Z,atlanta,2026-09-25,2026-09-25 15:02,15,82-83°F,0.0,0.006,0.006,2466,
2026-09-25T19:03:47Z,atlanta,2026-09-25,2026-09-25 15:02,15,84-85°F,0.0,0.001,0.001,422,
2026-09-25T19:03:47Z,atlanta,2026-09-25,2026-09-25 15:02,15,86-87°F,0.0,0.001,0.001,105,
2026-09-25T19:03:47Z,atlanta,2026-09-25,2026-09-25 15:02,15,88°F or higher,0.0,0.009,0.009,105,
2026-09-25T19:03:47Z,austin,2026-09-25,2026-09-25 14:02,14,87°F or below,0.0,0.001,0.001,100,
2026-09-25T19:03:47Z,austin,2026-09-25,2026-09-25 14:02,14,88-89°F,0.0,0.001,0.001,180,
2026-09-25T19:03:47Z,austin,2026-09-25,2026-09-25 14:02,14,90-91°F,0.0,0.001,0.001,176,
2026-09-25T19:03:47Z,austin,2026-09-25,2026-09-25 14:02,14,92-93°F,0.0,0.001,0.001,667,
2026-09-25T19:03:47Z,austin,2026-09-25,2026-09-25 14:02,14,94-95°F,0.167,0.12,-0.047,2968,0.09
2026-09-25T19:03:47Z,austin,2026-09-25,2026-09-25 14:02,14,96-97°F,0.633,1.0,0.367,2125,0.46
2026-09-25T19:03:47Z,austin,2026-09-25,2026-09-25 14:02,14,98-99°F,0.167,0.4,0.233,1315,0.23
2026-09-25T19:03:47Z,austin,2026-09-25,2026-09-25 14:02,14,100-101°F,0.033,0.02,-0.013,554,
2026-09-25T19:03:47Z,austin,2026-09-25,2026-09-25 14:02,14,102-103°F,0.0,0.72,0.72,218,
2026-09-25T19:03:47Z,austin,2026-09-25,2026-09-25 14:02,14,104-105°F,0.0,0.983,0.983,333,
2026-09-25T19:03:47Z,austin,2026-09-25,2026-09-25 14:02,14,106°F or higher,0.0,0.988,0.988,94,
2026-09-25T19:03:47Z,buenos-aires,2026-09-25,2026-09-25 16:02,16,20°C or below,0.0,0.001,0.001,265,
2026-09-25T19:03:47Z,buenos-aires,2026-09-25,2026-09-25 16:02,16,21°C,0.0,0.001,0.001,105,
2026-09-25T19:03:47Z,buenos-aires,2026-09-25,2026-09-25 16:02,16,22°C,0.0,0.001,0.001,105,
2026-09-25T19:03:47Z,buenos-aires,2026-09-25,2026-09-25 16:02,16,23°C,0.0,0.001,0.001,2047,
2026-09-25T19:03:47Z,buenos-aires,2026-09-25,2026-09-25 16:02,16,24°C,0.0,0.001,0.001,2245,
2026-09-25T19:03:47Z,buenos-aires,2026-09-25,2026-09-25 16:02,16,25°C,0.0,0.001,0.001,1422,
2026-09-25T19:03:47Z,buenos-aires,2026-09-25,2026-09-25 16:02,16,26°C,0.0,0.001,0.001,2960,
2026-09-25T19:03:47Z,buenos-aires,2026-09-25,2026-09-25 16:02,16,27°C,1.0,1.0,0.0,4966,0.49
2026-09-25T19:03:47Z,buenos-aires,2026-09-25,2026-09-25 16:02,16,28°C,0.0,0.03,0.03,2865,0.01
2026-09-25T19:03:47Z,buenos-aires,2026-09-25,2026-09-25 16:02,16,29°C,0.0,0.007,0.007,3750,
2026-09-25T19:03:47Z,buenos-aires,2026-09-25,2026-09-25 16:02,16,30°C or higher,0.0,0.04,0.04,2941,
2026-09-25T19:03:47Z,chicago,2026-09-25,2026-09-25 14:02,14,57°F or below,0.0,0.001,0.001,188,
2026-09-25T19:03:47Z,chicago,2026-09-25,2026-09-25 14:02,14,58-59°F,0.0,0.001,0.001,95,
2026-09-25T19:03:47Z,chicago,2026-09-25,2026-09-25 14:02,14,60-61°F,0.0,0.001,0.001,363,
2026-09-25T19:03:47Z,chicago,2026-09-25,2026-09-25 14:02,14,62-63°F,0.0,0.001,0.001,1796,
2026-09-25T19:03:47Z,chicago,2026-09-25,2026-09-25 14:02,14,64-65°F,0.867,0.7,-0.167,3836,0.32
2026-09-25T19:03:47Z,chicago,2026-09-25,2026-09-25 14:02,14,66-67°F,0.133,0.51,0.377,6794,0.21
2026-09-25T19:03:47Z,chicago,2026-09-25,2026-09-25 14:02,14,68-69°F,0.0,0.47,0.47,4509,0.13
2026-09-25T19:03:47Z,chicago,2026-09-25,2026-09-25 14:02,14,70-71°F,0.0,0.03,0.03,3524,
2026-09-25T19:03:47Z,chicago,2026-09-25,2026-09-25 14:02,14,72-73°F,0.0,0.005,0.005,2759,0.001
2026-09-25T19:03:47Z,chicago,2026-09-25,2026-09-25 14:02,14,74-75°F,0.0,0.005,0.005,660,
2026-09-25T19:03:47Z,chicago,2026-09-25,2026-09-25 14:02,14,76°F or higher,0.0,0.001,0.001,100,
2026-09-25T19:03:47Z,denver,2026-09-25,2026-09-25 13:02,13,67°F or below,0.2,1.0,0.8,1341,
2026-09-25T19:03:47Z,denver,2026-09-25,2026-09-25 13:02,13,68-69°F,0.533,0.995,0.462,760,
2026-09-25T19:03:47Z,denver,2026-09-25,2026-09-25 13:02,13,70-71°F,0.267,0.07,-0.197,1398,0.02
2026-09-25T19:03:47Z,denver,2026-09-25,2026-09-25 13:02,13,72-73°F,0.0,0.35,0.35,3904,0.12
2026-09-25T19:03:47Z,denver,2026-09-25,2026-09-25 13:02,13,74-75°F,0.0,0.46,0.46,4132,0.26
2026-09-25T19:03:47Z,denver,2026-09-25,2026-09-25 13:02,13,76-77°F,0.0,0.29,0.29,3501,0.17
2026-09-25T19:03:47Z,denver,2026-09-25,2026-09-25 13:02,13,78-79°F,0.0,0.03,0.03,1011,
2026-09-25T19:03:47Z,denver,2026-09-25,2026-09-25 13:02,13,80-81°F,0.0,0.26,0.26,1190,0.002
2026-09-25T19:03:47Z,denver,2026-09-25,2026-09-25 13:02,13,82-83°F,0.0,0.007,0.007,860,
2026-09-25T19:03:47Z,denver,2026-09-25,2026-09-25 13:02,13,84-85°F,0.0,0.003,0.003,195,
2026-09-25T19:03:47Z,denver,2026-09-25,2026-09-25 13:02,13,86°F or higher,0.0,0.003,0.003,95,
2026-09-25T19:03:47Z,houston,2026-09-25,2026-09-25 14:02,14,83°F or below,0.0,0.001,0.001,100,
2026-09-25T19:03:47Z,houston,2026-09-25,2026-09-25 14:02,14,84-85°F,0.0,0.001,0.001,180,
2026-09-25T19:03:47Z,houston,2026-09-25,2026-09-25 14:02,14,86-87°F,0.0,0.001,0.001,2271,
2026-09-25T19:03:47Z,houston,2026-09-25,2026-09-25 14:02,14,88-89°F,0.933,0.89,-0.043,5617,0.15
2026-09-25T19:03:47Z,houston,2026-09-25,2026-09-25 14:02,14,90-91°F,0.067,0.6,0.533,3302,0.13
2026-09-25T19:03:47Z,houston,2026-09-25,2026-09-25 14:02,14,92-93°F,0.0,1.0,1.0,5552,0.01
2026-09-25T19:03:47Z,houston,2026-09-25,2026-09-25 14:02,14,94-95°F,0.0,0.04,0.04,2276,
2026-09-25T19:03:47Z,houston,2026-09-25,2026-09-25 14:02,14,96-97°F,0.0,0.009,0.009,706,
2026-09-25T19:03:47Z,houston,2026-09-25,2026-09-25 14:02,14,98-99°F,0.0,0.001,0.001,30,
2026-09-25T19:03:47Z,houston,2026-09-25,2026-09-25 14:02,14,100-101°F,0.0,0.001,0.001,215,
2026-09-25T19:03:47Z,houston,2026-09-25,2026-09-25 14:02,14,102°F or higher,0.0,0.01,0.01,95,
2026-09-25T19:03:47Z,mexico-city,2026-09-25,2026-09-25 13:02,13,16°C or below,0.0,0.001,0.001,1015,
2026-09-25T19:03:47Z,mexico-city,2026-09-25,2026-09-25 13:02,13,17°C,0.0,0.001,0.001,15,
2026-09-25T19:03:47Z,mexico-city,2026-09-25,2026-09-25 13:02,13,18°C,0.0,0.001,0.001,15,
2026-09-25T19:03:47Z,mexico-city,2026-09-25,2026-09-25 13:02,13,19°C,0.0,0.001,0.001,15,
2026-09-25T19:03:47Z,mexico-city,2026-09-25,2026-09-25 13:02,13,20°C,0.0,0.001,0.001,15,
2026-09-25T19:03:47Z,mexico-city,2026-09-25,2026-09-25 13:02,13,21°C,0.0,0.001,0.001,145,
2026-09-25T19:03:47Z,mexico-city,2026-09-25,2026-09-25 13:02,13,22°C,0.0,0.001,0.001,232,
2026-09-25T19:03:47Z,mexico-city,2026-09-25,2026-09-25 13:02,13,23°C,0.0,0.001,0.001,484,
2026-09-25T19:03:47Z,mexico-city,2026-09-25,2026-09-25 13:02,13,24°C,0.172,0.07,-0.102,2293,0.01
2026-09-25T19:03:47Z,mexico-city,2026-09-25,2026-09-25 13:02,13,25°C,0.655,0.35,-0.305,3207,0.23
2026-09-25T19:03:47Z,mexico-city,2026-09-25,2026-09-25 13:02,13,26°C or higher,0.172,0.64,0.468,3897,0.57
2026-09-25T19:03:47Z,miami,2026-09-25,2026-09-25 15:02,15,75°F or below,0.0,0.001,0.001,95,
2026-09-25T19:03:47Z,miami,2026-09-25,2026-09-25 15:02,15,76-77°F,0.0,0.001,0.001,95,
2026-09-25T19:03:47Z,miami,2026-09-25,2026-09-25 15:02,15,78-79°F,0.0,0.001,0.001,260,
2026-09-25T19:03:47Z,miami,2026-09-25,2026-09-25 15:02,15,80-81°F,0.0,0.001,0.001,3878,
2026-09-25T19:03:47Z,miami,2026-09-25,2026-09-25 15:02,15,82-83°F,0.0,0.001,0.001,4316,
2026-09-25T19:03:47Z,miami,2026-09-25,2026-09-25 15:02,15,84-85°F,0.0,0.001,0.001,5134,
2026-09-25T19:03:47Z,miami,2026-09-25,2026-09-25 15:02,15,86-87°F,0.0,0.001,0.001,14064,
2026-09-25T19:03:47Z,miami,2026-09-25,2026-09-25 15:02,15,88-89°F,0.0,0.001,0.001,6674,
2026-09-25T19:03:47Z,miami,2026-09-25,2026-09-25 15:02,15,90-91°F,0.967,0.97,0.003,10314,0.95
2026-09-25T19:03:47Z,miami,2026-09-25,2026-09-25 15:02,15,92-93°F,0.033,0.05,0.017,8189,0.03
2026-09-25T19:03:47Z,miami,2026-09-25,2026-09-25 15:02,15,94°F or higher,0.0,0.005,0.005,7285,0.004
2026-09-25T19:03:47Z,nyc,2026-09-25,2026-09-25 15:02,15,57°F or below,0.0,0.001,0.001,100,
2026-09-25T19:03:47Z,nyc,2026-09-25,2026-09-25 15:02,15,58-59°F,0.0,0.001,0.001,2710,
2026-09-25T19:03:47Z,nyc,2026-09-25,2026-09-25 15:02,15,60-61°F,0.0,0.001,0.001,4127,
2026-09-25T19:03:47Z,nyc,2026-09-25,2026-09-25 15:02,15,62-63°F,0.0,0.001,0.001,7388,
2026-09-25T19:03:47Z,nyc,2026-09-25,2026-09-25 15:02,15,64-65°F,0.0,0.001,0.001,5001,
2026-09-25T19:03:47Z,nyc,2026-09-25,2026-09-25 15:02,15,66-67°F,0.0,0.001,0.001,6564,
2026-09-25T19:03:47Z,nyc,2026-09-25,2026-09-25 15:02,15,68-69°F,0.833,0.19,-0.643,9054,0.14
2026-09-25T19:03:47Z,nyc,2026-09-25,2026-09-25 15:02,15,70-71°F,0.167,0.82,0.653,7844,0.77
2026-09-25T19:03:47Z,nyc,2026-09-25,2026-09-25 15:02,15,72-73°F,0.0,0.04,0.04,6497,0.02
2026-09-25T19:03:47Z,nyc,2026-09-25,2026-09-25 15:02,15,74-75°F,0.0,0.03,0.03,4774,0.01
2026-09-25T19:03:47Z,nyc,2026-09-25,2026-09-25 15:02,15,76°F or higher,0.0,0.003,0.003,2775,0.001
2026-09-25T19:03:47Z,panama-city,2026-09-25,2026-09-25 14:03,14,23°C or below,0.0,0.001,0.001,95,
2026-09-25T19:03:47Z,panama-city,2026-09-25,2026-09-25 14:03,14,24°C,0.0,0.001,0.001,25,
2026-09-25T19:03:47Z,panama-city,2026-09-25,2026-09-25 14:03,14,25°C,0.0,0.001,0.001,15,
2026-09-25T19:03:47Z,panama-city,2026-09-25,2026-09-25 14:03,14,26°C,0.0,0.001,0.001,42,
2026-09-25T19:03:47Z,panama-city,2026-09-25,2026-09-25 14:03,14,27°C,0.0,0.001,0.001,35,
2026-09-25T19:03:47Z,panama-city,2026-09-25,2026-09-25 14:03,14,28°C,0.0,0.001,0.001,165,
2026-09-25T19:03:47Z,panama-city,2026-09-25,2026-09-25 14:03,14,29°C,0.862,0.54,-0.322,1681,0.24
2026-09-25T19:03:47Z,panama-city,2026-09-25,2026-09-25 14:03,14,30°C,0.138,0.61,0.472,2281,0.41
2026-09-25T19:03:47Z,panama-city,2026-09-25,2026-09-25 14:03,14,31°C,0.0,0.06,0.06,2040,0.03
2026-09-25T19:03:47Z,panama-city,2026-09-25,2026-09-25 14:03,14,32°C,0.0,0.03,0.03,3334,0.01
2026-09-25T19:03:47Z,panama-city,2026-09-25,2026-09-25 14:03,14,33°C or higher,0.0,0.02,0.02,1380,
2026-09-25T19:03:47Z,sao-paulo,2026-09-25,2026-09-25 16:03,16,22°C or below,0.0,0.001,0.001,1226,
2026-09-25T19:03:47Z,sao-paulo,2026-09-25,2026-09-25 16:03,16,23°C,0.0,0.001,0.001,1073,
2026-09-25T19:03:47Z,sao-paulo,2026-09-25,2026-09-25 16:03,16,24°C,0.0,0.001,0.001,1607,
2026-09-25T19:03:47Z,sao-paulo,2026-09-25,2026-09-25 16:03,16,25°C,0.0,0.001,0.001,1190,
2026-09-25T19:03:47Z,sao-paulo,2026-09-25,2026-09-25 16:03,16,26°C,0.0,0.001,0.001,3987,
2026-09-25T19:03:47Z,sao-paulo,2026-09-25,2026-09-25 16:03,16,27°C,0.0,0.001,0.001,3990,
2026-09-25T19:03:47Z,sao-paulo,2026-09-25,2026-09-25 16:03,16,28°C,1.0,0.999,-0.001,3220,0.995
2026-09-25T19:03:47Z,sao-paulo,2026-09-25,2026-09-25 16:03,16,29°C,0.0,0.004,0.004,4067,0.001
2026-09-25T19:03:47Z,sao-paulo,2026-09-25,2026-09-25 16:03,16,30°C,0.0,0.002,0.002,1789,0.001
2026-09-25T19:03:47Z,sao-paulo,2026-09-25,2026-09-25 16:03,16,31°C,0.0,0.001,0.001,1482,
2026-09-25T19:03:47Z,sao-paulo,2026-09-25,2026-09-25 16:03,16,32°C or higher,0.0,0.001,0.001,1359,
2026-09-25T19:03:47Z,toronto,2026-09-25,2026-09-25 15:03,15,16°C or below,0.0,0.001,0.001,45,
2026-09-25T19:03:47Z,toronto,2026-09-25,2026-09-25 15:03,15,17°C,0.0,0.001,0.001,262,
2026-09-25T19:03:47Z,toronto,2026-09-25,2026-09-25 15:03,15,18°C,0.0,0.001,0.001,2614,
2026-09-25T19:03:47Z,toronto,2026-09-25,2026-09-25 15:03,15,19°C,0.0,0.001,0.001,2468,
2026-09-25T19:03:47Z,toronto,2026-09-25,2026-09-25 15:03,15,20°C,0.9,0.01,-0.89,5029,
2026-09-25T19:03:47Z,toronto,2026-09-25,2026-09-25 15:03,15,21°C,0.067,0.81,0.743,3003,0.7
2026-09-25T19:03:47Z,toronto,2026-09-25,2026-09-25 15:03,15,22°C,0.033,0.32,0.287,2210,0.13
2026-09-25T19:03:47Z,toronto,2026-09-25,2026-09-25 15:03,15,23°C,0.0,0.007,0.007,1615,0.002
2026-09-25T19:03:47Z,toronto,2026-09-25,2026-09-25 15:03,15,24°C,0.0,0.002,0.002,367,
2026-09-25T19:03:47Z,toronto,2026-09-25,2026-09-25 15:03,15,25°C,0.0,0.001,0.001,940,
2026-09-25T19:03:47Z,toronto,2026-09-25,2026-09-25 15:03,15,26°C or higher,0.0,0.001,0.001,145,
2026-09-25T19:05:01Z,dallas,2026-09-25,2026-09-25 14:05,14,85°F or below,0.0,0.001,0.001,866,
2026-09-25T19:05:01Z,dallas,2026-09-25,2026-09-25 14:05,14,86-87°F,0.367,0.055,-0.312,1224,
2026-09-25T19:05:01Z,dallas,2026-09-25,2026-09-25 14:05,14,88-89°F,0.533,0.18,-0.353,6661,0.08
2026-09-25T19:05:01Z,dallas,2026-09-25,2026-09-25 14:05,14,90-91°F,0.1,0.8,0.7,4518,0.58
2026-09-25T19:05:01Z,dallas,2026-09-25,2026-09-25 14:05,14,92-93°F,0.0,0.42,0.42,4333,0.19
2026-09-25T19:05:01Z,dallas,2026-09-25,2026-09-25 14:05,14,94-95°F,0.0,0.05,0.05,4713,0.01
2026-09-25T19:05:01Z,dallas,2026-09-25,2026-09-25 14:05,14,96-97°F,0.0,0.03,0.03,2676,
2026-09-25T19:05:01Z,dallas,2026-09-25,2026-09-25 14:05,14,98-99°F,0.0,0.007,0.007,3933,0.002
2026-09-25T19:05:01Z,dallas,2026-09-25,2026-09-25 14:05,14,100-101°F,0.0,0.009,0.009,1172,
2026-09-25T19:05:01Z,dallas,2026-09-25,2026-09-25 14:05,14,102-103°F,0.0,0.001,0.001,95,
2026-09-25T19:05:01Z,dallas,2026-09-25,2026-09-25 14:05,14,104°F or higher,0.0,0.981,0.981,95,
2026-09-25T19:10:01Z,atlanta,2026-09-25,2026-09-25 15:10,15,69°F or below,0.0,0.001,0.001,614,
2026-09-25T19:10:01Z,atlanta,2026-09-25,2026-09-25 15:10,15,70-71°F,0.0,0.001,0.001,1271,
2026-09-25T19:10:01Z,atlanta,2026-09-25,2026-09-25 15:10,15,72-73°F,0.0,0.001,0.001,3915,
2026-09-25T19:10:01Z,atlanta,2026-09-25,2026-09-25 15:10,15,74-75°F,0.933,0.56,-0.373,4813,0.47
2026-09-25T19:10:01Z,atlanta,2026-09-25,2026-09-25 15:10,15,76-77°F,0.067,0.67,0.603,5127,0.43
2026-09-25T19:10:01Z,atlanta,2026-09-25,2026-09-25 15:10,15,78-79°F,0.0,0.12,0.12,5862,0.02
2026-09-25T19:10:01Z,atlanta,2026-09-25,2026-09-25 15:10,15,80-81°F,0.0,0.009,0.009,2047,0.001
2026-09-25T19:10:01Z,atlanta,2026-09-25,2026-09-25 15:10,15,82-83°F,0.0,0.006,0.006,2466,
2026-09-25T19:10:01Z,atlanta,2026-09-25,2026-09-25 15:10,15,84-85°F,0.0,0.001,0.001,422,
2026-09-25T19:10:01Z,atlanta,2026-09-25,2026-09-25 15:10,15,86-87°F,0.0,0.001,0.001,105,
2026-09-25T19:10:01Z,atlanta,2026-09-25,2026-09-25 15:10,15,88°F or higher,0.0,0.004,0.004,105,
2026-09-25T19:10:01Z,buenos-aires,2026-09-25,2026-09-25 16:10,16,20°C or below,0.0,0.001,0.001,265,
2026-09-25T19:10:01Z,buenos-aires,2026-09-25,2026-09-25 16:10,16,21°C,0.0,0.001,0.001,105,
2026-09-25T19:10:01Z,buenos-aires,2026-09-25,2026-09-25 16:10,16,22°C,0.0,0.001,0.001,105,
2026-09-25T19:10:01Z,buenos-aires,2026-09-25,2026-09-25 16:10,16,23°C,0.0,0.001,0.001,2047,
2026-09-25T19:10:01Z,buenos-aires,2026-09-25,2026-09-25 16:10,16,24°C,0.0,0.001,0.001,2245,
2026-09-25T19:10:01Z,buenos-aires,2026-09-25,2026-09-25 16:10,16,25°C,0.0,0.001,0.001,1422,
2026-09-25T19:10:01Z,buenos-aires,2026-09-25,2026-09-25 16:10,16,26°C,0.0,0.001,0.001,2960,
2026-09-25T19:10:01Z,buenos-aires,2026-09-25,2026-09-25 16:10,16,27°C,1.0,0.997,-0.003,4990,0.99
2026-09-25T19:10:01Z,buenos-aires,2026-09-25,2026-09-25 16:10,16,28°C,0.0,0.01,0.01,2921,
2026-09-25T19:10:01Z,buenos-aires,2026-09-25,2026-09-25 16:10,16,29°C,0.0,0.007,0.007,3807,
2026-09-25T19:10:01Z,buenos-aires,2026-09-25,2026-09-25 16:10,16,30°C or higher,0.0,0.019,0.019,2941,
2026-09-25T19:10:01Z,miami,2026-09-25,2026-09-25 15:10,15,75°F or below,0.0,0.001,0.001,95,
2026-09-25T19:10:01Z,miami,2026-09-25,2026-09-25 15:10,15,76-77°F,0.0,0.001,0.001,95,
2026-09-25T19:10:01Z,miami,2026-09-25,2026-09-25 15:10,15,78-79°F,0.0,0.001,0.001,260,
2026-09-25T19:10:01Z,miami,2026-09-25,2026-09-25 15:10,15,80-81°F,0.0,0.001,0.001,3878,
2026-09-25T19:10:01Z,miami,2026-09-25,2026-09-25 15:10,15,82-83°F,0.0,0.001,0.001,4316,
2026-09-25T19:10:01Z,miami,2026-09-25,2026-09-25 15:10,15,84-85°F,0.0,0.001,0.001,5134,
2026-09-25T19:10:01Z,miami,2026-09-25,2026-09-25 15:10,15,86-87°F,0.0,0.001,0.001,14064,
2026-09-25T19:10:01Z,miami,2026-09-25,2026-09-25 15:10,15,88-89°F,0.0,0.001,0.001,6674,
2026-09-25T19:10:01Z,miami,2026-09-25,2026-09-25 15:10,15,90-91°F,0.967,0.92,-0.047,10314,0.89
2026-09-25T19:10:01Z,miami,2026-09-25,2026-09-25 15:10,15,92-93°F,0.033,0.11,0.077,8189,0.09
2026-09-25T19:10:01Z,miami,2026-09-25,2026-09-25 15:10,15,94°F or higher,0.0,0.005,0.005,7285,0.003
2026-09-25T19:10:01Z,nyc,2026-09-25,2026-09-25 15:10,15,57°F or below,0.0,0.001,0.001,100,
2026-09-25T19:10:01Z,nyc,2026-09-25,2026-09-25 15:10,15,58-59°F,0.0,0.001,0.001,2710,
2026-09-25T19:10:01Z,nyc,2026-09-25,2026-09-25 15:10,15,60-61°F,0.0,0.001,0.001,4127,
2026-09-25T19:10:01Z,nyc,2026-09-25,2026-09-25 15:10,15,62-63°F,0.0,0.001,0.001,7388,
2026-09-25T19:10:01Z,nyc,2026-09-25,2026-09-25 15:10,15,64-65°F,0.0,0.001,0.001,5001,
2026-09-25T19:10:01Z,nyc,2026-09-25,2026-09-25 15:10,15,66-67°F,0.0,0.001,0.001,6564,
2026-09-25T19:10:01Z,nyc,2026-09-25,2026-09-25 15:10,15,68-69°F,0.833,0.28,-0.553,9054,0.21
2026-09-25T19:10:01Z,nyc,2026-09-25,2026-09-25 15:10,15,70-71°F,0.167,0.74,0.573,7844,0.71
2026-09-25T19:10:01Z,nyc,2026-09-25,2026-09-25 15:10,15,72-73°F,0.0,0.04,0.04,6497,0.02
2026-09-25T19:10:01Z,nyc,2026-09-25,2026-09-25 15:10,15,74-75°F,0.0,0.03,0.03,4774,0.01
2026-09-25T19:10:01Z,nyc,2026-09-25,2026-09-25 15:10,15,76°F or higher,0.0,0.003,0.003,2775,0.001
2026-09-25T19:10:01Z,sao-paulo,2026-09-25,2026-09-25 16:10,16,22°C or below,0.0,0.001,0.001,1226,
2026-09-25T19:10:01Z,sao-paulo,2026-09-25,2026-09-25 16:10,16,23°C,0.0,0.001,0.001,1073,
2026-09-25T19:10:01Z,sao-paulo,2026-09-25,2026-09-25 16:10,16,24°C,0.0,0.001,0.001,1607,
2026-09-25T19:10:01Z,sao-paulo,2026-09-25,2026-09-25 16:10,16,25°C,0.0,0.001,0.001,1190,
2026-09-25T19:10:01Z,sao-paulo,2026-09-25,2026-09-25 16:10,16,26°C,0.0,0.001,0.001,3987,
2026-09-25T19:10:01Z,sao-paulo,2026-09-25,2026-09-25 16:10,16,27°C,0.0,0.001,0.001,3990,
2026-09-25T19:10:01Z,sao-paulo,2026-09-25,2026-09-25 16:10,16,28°C,1.0,0.999,-0.001,3220,0.996
2026-09-25T19:10:01Z,sao-paulo,2026-09-25,2026-09-25 16:10,16,29°C,0.0,0.004,0.004,4067,0.001
2026-09-25T19:10:01Z,sao-paulo,2026-09-25,2026-09-25 16:10,16,30°C,0.0,0.002,0.002,1789,0.001
2026-09-25T19:10:01Z,sao-paulo,2026-09-25,2026-09-25 16:10,16,31°C,0.0,0.001,0.001,1482,
2026-09-25T19:10:01Z,sao-paulo,2026-09-25,2026-09-25 16:10,16,32°C or higher,0.0,0.001,0.001,1359,
2026-09-25T19:10:01Z,toronto,2026-09-25,2026-09-25 15:10,15,16°C or below,0.0,0.001,0.001,45,
2026-09-25T19:10:01Z,toronto,2026-09-25,2026-09-25 15:10,15,17°C,0.0,0.001,0.001,262,
2026-09-25T19:10:01Z,toronto,2026-09-25,2026-09-25 15:10,15,18°C,0.0,0.001,0.001,2614,
2026-09-25T19:10:01Z,toronto,2026-09-25,2026-09-25 15:10,15,19°C,0.0,0.001,0.001,2468,
2026-09-25T19:10:01Z,toronto,2026-09-25,2026-09-25 15:10,15,20°C,0.9,0.005,-0.895,5029,0.002
2026-09-25T19:10:01Z,toronto,2026-09-25,2026-09-25 15:10,15,21°C,0.067,0.85,0.783,3003,0.72
2026-09-25T19:10:01Z,toronto,2026-09-25,2026-09-25 15:10,15,22°C,0.033,0.24,0.207,2501,0.16
2026-09-25T19:10:01Z,toronto,2026-09-25,2026-09-25 15:10,15,23°C,0.0,0.006,0.006,1850,0.001
2026-09-25T19:10:01Z,toronto,2026-09-25,2026-09-25 15:10,15,24°C,0.0,0.002,0.002,367,
2026-09-25T19:10:01Z,toronto,2026-09-25,2026-09-25 15:10,15,25°C,0.0,0.001,0.001,940,
2026-09-25T19:10:01Z,toronto,2026-09-25,2026-09-25 15:10,15,26°C or higher,0.0,0.001,0.001,145,
2026-09-25T19:15:02Z,atlanta,2026-09-25,2026-09-25 15:15,15,69°F or below,0.0,0.001,0.001,614,
2026-09-25T19:15:02Z,atlanta,2026-09-25,2026-09-25 15:15,15,70-71°F,0.0,0.001,0.001,1271,
2026-09-25T19:15:02Z,atlanta,2026-09-25,2026-09-25 15:15,15,72-73°F,0.0,0.001,0.001,4373,
2026-09-25T19:15:02Z,atlanta,2026-09-25,2026-09-25 15:15,15,74-75°F,0.933,0.53,-0.403,5013,0.2
2026-09-25T19:15:02Z,atlanta,2026-09-25,2026-09-25 15:15,15,76-77°F,0.067,0.78,0.713,5177,0.42
2026-09-25T19:15:02Z,atlanta,2026-09-25,2026-09-25 15:15,15,78-79°F,0.0,0.12,0.12,5902,0.03
2026-09-25T19:15:02Z,atlanta,2026-09-25,2026-09-25 15:15,15,80-81°F,0.0,0.009,0.009,2052,0.001
2026-09-25T19:15:02Z,atlanta,2026-09-25,2026-09-25 15:15,15,82-83°F,0.0,0.006,0.006,2466,
2026-09-25T19:15:02Z,atlanta,2026-09-25,2026-09-25 15:15,15,84-85°F,0.0,0.001,0.001,422,
2026-09-25T19:15:02Z,atlanta,2026-09-25,2026-09-25 15:15,15,86-87°F,0.0,0.001,0.001,105,
2026-09-25T19:15:02Z,atlanta,2026-09-25,2026-09-25 15:15,15,88°F or higher,0.0,0.001,0.001,105,
2026-09-25T19:15:02Z,austin,2026-09-25,2026-09-25 14:15,14,87°F or below,0.0,0.001,0.001,100,
2026-09-25T19:15:02Z,austin,2026-09-25,2026-09-25 14:15,14,88-89°F,0.0,0.001,0.001,180,
2026-09-25T19:15:02Z,austin,2026-09-25,2026-09-25 14:15,14,90-91°F,0.0,0.001,0.001,176,
2026-09-25T19:15:02Z,austin,2026-09-25,2026-09-25 14:15,14,92-93°F,0.0,0.001,0.001,934,
2026-09-25T19:15:02Z,austin,2026-09-25,2026-09-25 14:15,14,94-95°F,0.167,0.1,-0.067,3050,0.02
2026-09-25T19:15:02Z,austin,2026-09-25,2026-09-25 14:15,14,96-97°F,0.633,1.0,0.367,2125,0.46
2026-09-25T19:15:02Z,austin,2026-09-25,2026-09-25 14:15,14,98-99°F,0.167,0.3,0.133,1315,0.24
2026-09-25T19:15:02Z,austin,2026-09-25,2026-09-25 14:15,14,100-101°F,0.033,0.02,-0.013,554,
2026-09-25T19:15:02Z,austin,2026-09-25,2026-09-25 14:15,14,102-103°F,0.0,0.483,0.483,218,
2026-09-25T19:15:02Z,austin,2026-09-25,2026-09-25 14:15,14,104-105°F,0.0,0.023,0.023,333,
2026-09-25T19:15:02Z,austin,2026-09-25,2026-09-25 14:15,14,106°F or higher,0.0,0.004,0.004,94,0.001
2026-09-25T19:15:02Z,buenos-aires,2026-09-25,2026-09-25 16:15,16,20°C or below,0.0,0.001,0.001,265,
2026-09-25T19:15:02Z,buenos-aires,2026-09-25,2026-09-25 16:15,16,21°C,0.0,0.001,0.001,105,
2026-09-25T19:15:02Z,buenos-aires,2026-09-25,2026-09-25 16:15,16,22°C,0.0,0.001,0.001,105,
2026-09-25T19:15:02Z,buenos-aires,2026-09-25,2026-09-25 16:15,16,23°C,0.0,0.001,0.001,2047,
2026-09-25T19:15:02Z,buenos-aires,2026-09-25,2026-09-25 16:15,16,24°C,0.0,0.001,0.001,2245,
2026-09-25T19:15:02Z,buenos-aires,2026-09-25,2026-09-25 16:15,16,25°C,0.0,0.001,0.001,1422,
2026-09-25T19:15:02Z,buenos-aires,2026-09-25,2026-09-25 16:15,16,26°C,0.0,0.001,0.001,2960,
2026-09-25T19:15:02Z,buenos-aires,2026-09-25,2026-09-25 16:15,16,27°C,1.0,0.997,-0.003,4990,0.992
2026-09-25T19:15:02Z,buenos-aires,2026-09-25,2026-09-25 16:15,16,28°C,0.0,0.004,0.004,2921,0.002
2026-09-25T19:15:02Z,buenos-aires,2026-09-25,2026-09-25 16:15,16,29°C,0.0,0.002,0.002,3807,
2026-09-25T19:15:02Z,buenos-aires,2026-09-25,2026-09-25 16:15,16,30°C or higher,0.0,0.002,0.002,2941,
2026-09-25T19:15:02Z,chicago,2026-09-25,2026-09-25 14:15,14,57°F or below,0.0,0.001,0.001,188,
2026-09-25T19:15:02Z,chicago,2026-09-25,2026-09-25 14:15,14,58-59°F,0.0,0.001,0.001,95,
2026-09-25T19:15:02Z,chicago,2026-09-25,2026-09-25 14:15,14,60-61°F,0.0,0.001,0.001,363,
2026-09-25T19:15:02Z,chicago,2026-09-25,2026-09-25 14:15,14,62-63°F,0.0,0.001,0.001,1796,
2026-09-25T19:15:02Z,chicago,2026-09-25,2026-09-25 14:15,14,64-65°F,0.867,0.63,-0.237,3838,0.31
2026-09-25T19:15:02Z,chicago,2026-09-25,2026-09-25 14:15,14,66-67°F,0.133,0.56,0.427,6804,0.33
2026-09-25T19:15:02Z,chicago,2026-09-25,2026-09-25 14:15,14,68-69°F,0.0,0.14,0.14,4509,0.04
2026-09-25T19:15:02Z,chicago,2026-09-25,2026-09-25 14:15,14,70-71°F,0.0,0.03,0.03,3524,
2026-09-25T19:15:02Z,chicago,2026-09-25,2026-09-25 14:15,14,72-73°F,0.0,0.004,0.004,2914,
2026-09-25T19:15:02Z,chicago,2026-09-25,2026-09-25 14:15,14,74-75°F,0.0,0.005,0.005,660,
2026-09-25T19:15:02Z,chicago,2026-09-25,2026-09-25 14:15,14,76°F or higher,0.0,0.001,0.001,100,
2026-09-25T19:15:02Z,denver,2026-09-25,2026-09-25 13:15,13,67°F or below,0.2,0.001,-0.199,1341,
2026-09-25T19:15:02Z,denver,2026-09-25,2026-09-25 13:15,13,68-69°F,0.533,0.986,0.453,765,
2026-09-25T19:15:02Z,denver,2026-09-25,2026-09-25 13:15,13,70-71°F,0.267,0.07,-0.197,1462,0.02
2026-09-25T19:15:02Z,denver,2026-09-25,2026-09-25 13:15,13,72-73°F,0.0,0.29,0.29,3909,0.11
2026-09-25T19:15:02Z,denver,2026-09-25,2026-09-25 13:15,13,74-75°F,0.0,0.43,0.43,4136,0.28
2026-09-25T19:15:02Z,denver,2026-09-25,2026-09-25 13:15,13,76-77°F,0.0,0.29,0.29,3532,0.19
2026-09-25T19:15:02Z,denver,2026-09-25,2026-09-25 13:15,13,78-79°F,0.0,0.06,0.06,1226,
2026-09-25T19:15:02Z,denver,2026-09-25,2026-09-25 13:15,13,80-81°F,0.0,0.01,0.01,1190,0.001
2026-09-25T19:15:02Z,denver,2026-09-25,2026-09-25 13:15,13,82-83°F,0.0,0.007,0.007,860,
2026-09-25T19:15:02Z,denver,2026-09-25,2026-09-25 13:15,13,84-85°F,0.0,0.003,0.003,195,
2026-09-25T19:15:02Z,denver,2026-09-25,2026-09-25 13:15,13,86°F or higher,0.0,0.003,0.003,95,
2026-09-25T19:15:02Z,houston,2026-09-25,2026-09-25 14:15,14,83°F or below,0.0,0.001,0.001,100,
2026-09-25T19:15:02Z,houston,2026-09-25,2026-09-25 14:15,14,84-85°F,0.0,0.001,0.001,180,
2026-09-25T19:15:02Z,houston,2026-09-25,2026-09-25 14:15,14,86-87°F,0.0,0.001,0.001,2350,
2026-09-25T19:15:02Z,houston,2026-09-25,2026-09-25 14:15,14,88-89°F,0.933,0.5,-0.433,5617,0.22
2026-09-25T19:15:02Z,houston,2026-09-25,2026-09-25 14:15,14,90-91°F,0.067,0.71,0.643,3347,0.6
2026-09-25T19:15:02Z,houston,2026-09-25,2026-09-25 14:15,14,92-93°F,0.0,0.23,0.23,5561,0.08
2026-09-25T19:15:02Z,houston,2026-09-25,2026-09-25 14:15,14,94-95°F,0.0,0.04,0.04,2276,0.01
2026-09-25T19:15:02Z,houston,2026-09-25,2026-09-25 14:15,14,96-97°F,0.0,0.009,0.009,706,
2026-09-25T19:15:02Z,houston,2026-09-25,2026-09-25 14:15,14,98-99°F,0.0,0.001,0.001,30,
2026-09-25T19:15:02Z,houston,2026-09-25,2026-09-25 14:15,14,100-101°F,0.0,0.001,0.001,215,
2026-09-25T19:15:02Z,houston,2026-09-25,2026-09-25 14:15,14,102°F or higher,0.0,0.004,0.004,95,
2026-09-25T19:15:02Z,mexico-city,2026-09-25,2026-09-25 13:15,13,16°C or below,0.0,0.001,0.001,1015,
2026-09-25T19:15:02Z,mexico-city,2026-09-25,2026-09-25 13:15,13,17°C,0.0,0.001,0.001,15,
2026-09-25T19:15:02Z,mexico-city,2026-09-25,2026-09-25 13:15,13,18°C,0.0,0.001,0.001,15,
2026-09-25T19:15:02Z,mexico-city,2026-09-25,2026-09-25 13:15,13,19°C,0.0,0.001,0.001,15,
2026-09-25T19:15:02Z,mexico-city,2026-09-25,2026-09-25 13:15,13,20°C,0.0,0.001,0.001,15,
2026-09-25T19:15:02Z,mexico-city,2026-09-25,2026-09-25 13:15,13,21°C,0.0,0.001,0.001,145,
2026-09-25T19:15:02Z,mexico-city,2026-09-25,2026-09-25 13:15,13,22°C,0.0,0.001,0.001,232,
2026-09-25T19:15:02Z,mexico-city,2026-09-25,2026-09-25 13:15,13,23°C,0.0,0.001,0.001,523,
2026-09-25T19:15:02Z,mexico-city,2026-09-25,2026-09-25 13:15,13,24°C,0.172,0.55,0.378,2744,0.12
2026-09-25T19:15:02Z,mexico-city,2026-09-25,2026-09-25 13:15,13,25°C,0.655,0.76,0.105,3247,0.24
2026-09-25T19:15:02Z,mexico-city,2026-09-25,2026-09-25 13:15,13,26°C or higher,0.172,0.64,0.468,3941,0.21
2026-09-25T19:15:02Z,miami,2026-09-25,2026-09-25 15:15,15,75°F or below,0.0,0.001,0.001,95,
2026-09-25T19:15:02Z,miami,2026-09-25,2026-09-25 15:15,15,76-77°F,0.0,0.001,0.001,95,
2026-09-25T19:15:02Z,miami,2026-09-25,2026-09-25 15:15,15,78-79°F,0.0,0.001,0.001,260,
2026-09-25T19:15:02Z,miami,2026-09-25,2026-09-25 15:15,15,80-81°F,0.0,0.001,0.001,3878,
2026-09-25T19:15:02Z,miami,2026-09-25,2026-09-25 15:15,15,82-83°F,0.0,0.001,0.001,4316,
2026-09-25T19:15:02Z,miami,2026-09-25,2026-09-25 15:15,15,84-85°F,0.0,0.001,0.001,5134,
2026-09-25T19:15:02Z,miami,2026-09-25,2026-09-25 15:15,15,86-87°F,0.0,0.001,0.001,14064,
2026-09-25T19:15:02Z,miami,2026-09-25,2026-09-25 15:15,15,88-89°F,0.0,0.913,0.913,8748,
2026-09-25T19:15:02Z,miami,2026-09-25,2026-09-25 15:15,15,90-91°F,0.967,0.85,-0.117,10976,0.8
2026-09-25T19:15:02Z,miami,2026-09-25,2026-09-25 15:15,15,92-93°F,0.033,0.66,0.627,8785,0.14
2026-09-25T19:15:02Z,miami,2026-09-25,2026-09-25 15:15,15,94°F or higher,0.0,0.008,0.008,7558,0.001
2026-09-25T19:15:02Z,nyc,2026-09-25,2026-09-25 15:15,15,57°F or below,0.0,0.001,0.001,100,
2026-09-25T19:15:02Z,nyc,2026-09-25,2026-09-25 15:15,15,58-59°F,0.0,0.001,0.001,2710,
2026-09-25T19:15:02Z,nyc,2026-09-25,2026-09-25 15:15,15,60-61°F,0.0,0.001,0.001,4127,
2026-09-25T19:15:02Z,nyc,2026-09-25,2026-09-25 15:15,15,62-63°F,0.0,0.001,0.001,7388,
2026-09-25T19:15:02Z,nyc,2026-09-25,2026-09-25 15:15,15,64-65°F,0.0,0.001,0.001,5001,
2026-09-25T19:15:02Z,nyc,2026-09-25,2026-09-25 15:15,15,66-67°F,0.0,0.001,0.001,6564,
2026-09-25T19:15:02Z,nyc,2026-09-25,2026-09-25 15:15,15,68-69°F,0.833,0.42,-0.413,10732,0.17
2026-09-25T19:15:02Z,nyc,2026-09-25,2026-09-25 15:15,15,70-71°F,0.167,0.81,0.643,8754,0.68
2026-09-25T19:15:02Z,nyc,2026-09-25,2026-09-25 15:15,15,72-73°F,0.0,0.04,0.04,7127,0.01
2026-09-25T19:15:02Z,nyc,2026-09-25,2026-09-25 15:15,15,74-75°F,0.0,0.03,0.03,5272,
2026-09-25T19:15:02Z,nyc,2026-09-25,2026-09-25 15:15,15,76°F or higher,0.0,0.003,0.003,3186,
2026-09-25T19:15:02Z,panama-city,2026-09-25,2026-09-25 14:15,14,23°C or below,0.0,0.001,0.001,95,
2026-09-25T19:15:02Z,panama-city,2026-09-25,2026-09-25 14:15,14,24°C,0.0,0.001,0.001,25,
2026-09-25T19:15:02Z,panama-city,2026-09-25,2026-09-25 14:15,14,25°C,0.0,0.001,0.001,15,
2026-09-25T19:15:02Z,panama-city,2026-09-25,2026-09-25 14:15,14,26°C,0.0,0.001,0.001,42,
2026-09-25T19:15:02Z,panama-city,2026-09-25,2026-09-25 14:15,14,27°C,0.0,0.001,0.001,35,
2026-09-25T19:15:02Z,panama-city,2026-09-25,2026-09-25 14:15,14,28°C,0.0,0.001,0.001,165,
2026-09-25T19:15:02Z,panama-city,2026-09-25,2026-09-25 14:15,14,29°C,0.862,0.83,-0.032,1745,
2026-09-25T19:15:02Z,panama-city,2026-09-25,2026-09-25 14:15,14,30°C,0.138,0.92,0.782,2311,0.22
2026-09-25T19:15:02Z,panama-city,2026-09-25,2026-09-25 14:15,14,31°C,0.0,0.08,0.08,2092,0.04
2026-09-25T19:15:02Z,panama-city,2026-09-25,2026-09-25 14:15,14,32°C,0.0,1.0,1.0,3386,
2026-09-25T19:15:02Z,panama-city,2026-09-25,2026-09-25 14:15,14,33°C or higher,0.0,0.02,0.02,1403,
2026-09-25T19:15:02Z,sao-paulo,2026-09-25,2026-09-25 16:15,16,22°C or below,0.0,0.001,0.001,1226,
2026-09-25T19:15:02Z,sao-paulo,2026-09-25,2026-09-25 16:15,16,23°C,0.0,0.001,0.001,1073,
2026-09-25T19:15:02Z,sao-paulo,2026-09-25,2026-09-25 16:15,16,24°C,0.0,0.001,0.001,1607,
2026-09-25T19:15:02Z,sao-paulo,2026-09-25,2026-09-25 16:15,16,25°C,0.0,0.001,0.001,1190,
2026-09-25T19:15:02Z,sao-paulo,2026-09-25,2026-09-25 16:15,16,26°C,0.0,0.001,0.001,3987,
2026-09-25T19:15:02Z,sao-paulo,2026-09-25,2026-09-25 16:15,16,27°C,0.0,0.001,0.001,3990,
2026-09-25T19:15:02Z,sao-paulo,2026-09-25,2026-09-25 16:15,16,28°C,1.0,1.0,0.0,3265,
2026-09-25T19:15:02Z,sao-paulo,2026-09-25,2026-09-25 16:15,16,29°C,0.0,0.023,0.023,4067,0.001
2026-09-25T19:15:02Z,sao-paulo,2026-09-25,2026-09-25 16:15,16,30°C,0.0,0.002,0.002,2484,
2026-09-25T19:15:02Z,sao-paulo,2026-09-25,2026-09-25 16:15,16,31°C,0.0,1.0,1.0,1482,
2026-09-25T19:15:02Z,sao-paulo,2026-09-25,2026-09-25 16:15,16,32°C or higher,0.0,0.99,0.99,1359,
2026-09-25T19:15:02Z,toronto,2026-09-25,2026-09-25 15:15,15,16°C or below,0.0,0.001,0.001,45,
2026-09-25T19:15:02Z,toronto,2026-09-25,2026-09-25 15:15,15,17°C,0.0,0.001,0.001,262,
2026-09-25T19:15:02Z,toronto,2026-09-25,2026-09-25 15:15,15,18°C,0.0,0.001,0.001,2614,
2026-09-25T19:15:02Z,toronto,2026-09-25,2026-09-25 15:15,15,19°C,0.0,0.001,0.001,2468,
2026-09-25T19:15:02Z,toronto,2026-09-25,2026-09-25 15:15,15,20°C,0.9,0.001,-0.899,5561,
2026-09-25T19:15:02Z,toronto,2026-09-25,2026-09-25 15:15,15,21°C,0.067,0.89,0.823,3283,0.81
2026-09-25T19:15:02Z,toronto,2026-09-25,2026-09-25 15:15,15,22°C,0.033,0.18,0.147,2501,0.14
2026-09-25T19:15:02Z,toronto,2026-09-25,2026-09-25 15:15,15,23°C,0.0,0.007,0.007,1850,0.001
2026-09-25T19:15:02Z,toronto,2026-09-25,2026-09-25 15:15,15,24°C,0.0,0.002,0.002,367,
2026-09-25T19:15:02Z,toronto,2026-09-25,2026-09-25 15:15,15,25°C,0.0,0.001,0.001,940,
2026-09-25T19:15:02Z,toronto,2026-09-25,2026-09-25 15:15,15,26°C or higher,0.0,0.001,0.001,145,
2026-09-25T19:20:01Z,atlanta,2026-09-25,2026-09-25 15:20,15,69°F or below,0.0,0.001,0.001,614,
2026-09-25T19:20:01Z,atlanta,2026-09-25,2026-09-25 15:20,15,70-71°F,0.0,0.001,0.001,1271,
2026-09-25T19:20:01Z,atlanta,2026-09-25,2026-09-25 15:20,15,72-73°F,0.0,0.001,0.001,4373,
2026-09-25T19:20:01Z,atlanta,2026-09-25,2026-09-25 15:20,15,74-75°F,0.933,0.45,-0.483,5013,0.24
2026-09-25T19:20:01Z,atlanta,2026-09-25,2026-09-25 15:20,15,76-77°F,0.067,0.71,0.643,5177,0.46
2026-09-25T19:20:01Z,atlanta,2026-09-25,2026-09-25 15:20,15,78-79°F,0.0,0.12,0.12,5902,0.03
2026-09-25T19:20:01Z,atlanta,2026-09-25,2026-09-25 15:20,15,80-81°F,0.0,0.009,0.009,2052,0.001
2026-09-25T19:20:01Z,atlanta,2026-09-25,2026-09-25 15:20,15,82-83°F,0.0,0.006,0.006,2466,
2026-09-25T19:20:01Z,atlanta,2026-09-25,2026-09-25 15:20,15,84-85°F,0.0,0.001,0.001,422,
2026-09-25T19:20:01Z,atlanta,2026-09-25,2026-09-25 15:20,15,86-87°F,0.0,0.001,0.001,105,
2026-09-25T19:20:01Z,atlanta,2026-09-25,2026-09-25 15:20,15,88°F or higher,0.0,0.001,0.001,105,
2026-09-25T19:20:01Z,buenos-aires,2026-09-25,2026-09-25 16:20,16,20°C or below,0.0,0.001,0.001,265,
2026-09-25T19:20:01Z,buenos-aires,2026-09-25,2026-09-25 16:20,16,21°C,0.0,0.001,0.001,105,
2026-09-25T19:20:01Z,buenos-aires,2026-09-25,2026-09-25 16:20,16,22°C,0.0,0.001,0.001,105,
2026-09-25T19:20:01Z,buenos-aires,2026-09-25,2026-09-25 16:20,16,23°C,0.0,0.001,0.001,2047,
2026-09-25T19:20:01Z,buenos-aires,2026-09-25,2026-09-25 16:20,16,24°C,0.0,0.001,0.001,2245,
2026-09-25T19:20:01Z,buenos-aires,2026-09-25,2026-09-25 16:20,16,25°C,0.0,0.001,0.001,1422,
2026-09-25T19:20:01Z,buenos-aires,2026-09-25,2026-09-25 16:20,16,26°C,0.0,0.001,0.001,2960,
2026-09-25T19:20:01Z,buenos-aires,2026-09-25,2026-09-25 16:20,16,27°C,1.0,0.999,-0.001,4990,0.996
2026-09-25T19:20:01Z,buenos-aires,2026-09-25,2026-09-25 16:20,16,28°C,0.0,0.003,0.003,2921,0.002
2026-09-25T19:20:01Z,buenos-aires,2026-09-25,2026-09-25 16:20,16,29°C,0.0,0.005,0.005,3807,
2026-09-25T19:20:01Z,buenos-aires,2026-09-25,2026-09-25 16:20,16,30°C or higher,0.0,0.001,0.001,2941,
2026-09-25T19:20:01Z,dallas,2026-09-25,2026-09-25 14:20,14,85°F or below,0.0,0.001,0.001,866,
2026-09-25T19:20:01Z,dallas,2026-09-25,2026-09-25 14:20,14,86-87°F,0.367,0.055,-0.312,1254,
2026-09-25T19:20:01Z,dallas,2026-09-25,2026-09-25 14:20,14,88-89°F,0.533,0.06,-0.473,6753,0.02
2026-09-25T19:20:01Z,dallas,2026-09-25,2026-09-25 14:20,14,90-91°F,0.1,0.78,0.68,4520,0.68
2026-09-25T19:20:01Z,dallas,2026-09-25,2026-09-25 14:20,14,92-93°F,0.0,0.31,0.31,4335,0.2
2026-09-25T19:20:01Z,dallas,2026-09-25,2026-09-25 14:20,14,94-95°F,0.0,0.05,0.05,4713,0.01
2026-09-25T19:20:01Z,dallas,2026-09-25,2026-09-25 14:20,14,96-97°F,0.0,0.02,0.02,2676,
2026-09-25T19:20:01Z,dallas,2026-09-25,2026-09-25 14:20,14,98-99°F,0.0,0.005,0.005,3958,0.001
2026-09-25T19:20:01Z,dallas,2026-09-25,2026-09-25 14:20,14,100-101°F,0.0,0.005,0.005,1172,
2026-09-25T19:20:01Z,dallas,2026-09-25,2026-09-25 14:20,14,102-103°F,0.0,0.001,0.001,95,
2026-09-25T19:20:01Z,dallas,2026-09-25,2026-09-25 14:20,14,104°F or higher,0.0,0.001,0.001,95,
2026-09-25T19:20:01Z,miami,2026-09-25,2026-09-25 15:20,15,75°F or below,0.0,0.001,0.001,95,
2026-09-25T19:20:01Z,miami,2026-09-25,2026-09-25 15:20,15,76-77°F,0.0,0.001,0.001,95,
2026-09-25T19:20:01Z,miami,2026-09-25,2026-09-25 15:20,15,78-79°F,0.0,0.001,0.001,260,
2026-09-25T19:20:01Z,miami,2026-09-25,2026-09-25 15:20,15,80-81°F,0.0,0.001,0.001,3878,
2026-09-25T19:20:01Z,miami,2026-09-25,2026-09-25 15:20,15,82-83°F,0.0,0.001,0.001,4316,
2026-09-25T19:20:01Z,miami,2026-09-25,2026-09-25 15:20,15,84-85°F,0.0,0.001,0.001,5134,
2026-09-25T19:20:01Z,miami,2026-09-25,2026-09-25 15:20,15,86-87°F,0.0,0.001,0.001,14064,
2026-09-25T19:20:01Z,miami,2026-09-25,2026-09-25 15:20,15,88-89°F,0.0,0.04,0.04,8748,
2026-09-25T19:20:01Z,miami,2026-09-25,2026-09-25 15:20,15,90-91°F,0.967,0.84,-0.127,10976,0.76
2026-09-25T19:20:01Z,miami,2026-09-25,2026-09-25 15:20,15,92-93°F,0.033,0.25,0.217,8785,0.17
2026-09-25T19:20:01Z,miami,2026-09-25,2026-09-25 15:20,15,94°F or higher,0.0,0.004,0.004,7558,0.001
2026-09-25T19:20:01Z,nyc,2026-09-25,2026-09-25 15:20,15,57°F or below,0.0,0.001,0.001,100,
2026-09-25T19:20:01Z,nyc,2026-09-25,2026-09-25 15:20,15,58-59°F,0.0,0.001,0.001,2710,
2026-09-25T19:20:01Z,nyc,2026-09-25,2026-09-25 15:20,15,60-61°F,0.0,0.001,0.001,4127,
2026-09-25T19:20:01Z,nyc,2026-09-25,2026-09-25 15:20,15,62-63°F,0.0,0.001,0.001,7388,
2026-09-25T19:20:01Z,nyc,2026-09-25,2026-09-25 15:20,15,64-65°F,0.0,0.001,0.001,5001,
2026-09-25T19:20:01Z,nyc,2026-09-25,2026-09-25 15:20,15,66-67°F,0.0,0.001,0.001,6564,
2026-09-25T19:20:01Z,nyc,2026-09-25,2026-09-25 15:20,15,68-69°F,0.833,0.25,-0.583,10732,0.13
2026-09-25T19:20:01Z,nyc,2026-09-25,2026-09-25 15:20,15,70-71°F,0.167,0.81,0.643,8754,0.69
2026-09-25T19:20:01Z,nyc,2026-09-25,2026-09-25 15:20,15,72-73°F,0.0,0.04,0.04,7127,0.03
2026-09-25T19:20:01Z,nyc,2026-09-25,2026-09-25 15:20,15,74-75°F,0.0,0.03,0.03,5272,
2026-09-25T19:20:01Z,nyc,2026-09-25,2026-09-25 15:20,15,76°F or higher,0.0,0.003,0.003,3186,
2026-09-25T19:20:01Z,sao-paulo,2026-09-25,2026-09-25 16:20,16,22°C or below,0.0,0.001,0.001,1226,
2026-09-25T19:20:01Z,sao-paulo,2026-09-25,2026-09-25 16:20,16,23°C,0.0,0.001,0.001,1073,
2026-09-25T19:20:01Z,sao-paulo,2026-09-25,2026-09-25 16:20,16,24°C,0.0,0.001,0.001,1607,
2026-09-25T19:20:01Z,sao-paulo,2026-09-25,2026-09-25 16:20,16,25°C,0.0,0.001,0.001,1190,
2026-09-25T19:20:01Z,sao-paulo,2026-09-25,2026-09-25 16:20,16,26°C,0.0,0.001,0.001,3987,
2026-09-25T19:20:01Z,sao-paulo,2026-09-25,2026-09-25 16:20,16,27°C,0.0,0.001,0.001,3990,
2026-09-25T19:20:01Z,sao-paulo,2026-09-25,2026-09-25 16:20,16,28°C,1.0,1.0,0.0,3265,
2026-09-25T19:20:01Z,sao-paulo,2026-09-25,2026-09-25 16:20,16,29°C,0.0,0.023,0.023,4067,0.001
2026-09-25T19:20:01Z,sao-paulo,2026-09-25,2026-09-25 16:20,16,30°C,0.0,0.002,0.002,2484,0.001
2026-09-25T19:20:01Z,sao-paulo,2026-09-25,2026-09-25 16:20,16,31°C,0.0,1.0,1.0,1482,
2026-09-25T19:20:01Z,sao-paulo,2026-09-25,2026-09-25 16:20,16,32°C or higher,0.0,0.97,0.97,1359,
2026-09-25T19:20:01Z,toronto,2026-09-25,2026-09-25 15:20,15,16°C or below,0.0,0.001,0.001,45,
2026-09-25T19:20:01Z,toronto,2026-09-25,2026-09-25 15:20,15,17°C,0.0,0.001,0.001,262,
2026-09-25T19:20:01Z,toronto,2026-09-25,2026-09-25 15:20,15,18°C,0.0,0.001,0.001,2614,
2026-09-25T19:20:01Z,toronto,2026-09-25,2026-09-25 15:20,15,19°C,0.0,0.001,0.001,2468,
2026-09-25T19:20:01Z,toronto,2026-09-25,2026-09-25 15:20,15,20°C,0.9,0.001,-0.899,5561,
2026-09-25T19:20:01Z,toronto,2026-09-25,2026-09-25 15:20,15,21°C,0.067,1.0,0.933,3283,
2026-09-25T19:20:01Z,toronto,2026-09-25,2026-09-25 15:20,15,22°C,0.033,0.38,0.347,2501,0.13
2026-09-25T19:20:01Z,toronto,2026-09-25,2026-09-25 15:20,15,23°C,0.0,0.009,0.009,1850,0.001
2026-09-25T19:20:01Z,toronto,2026-09-25,2026-09-25 15:20,15,24°C,0.0,0.04,0.04,367,
2026-09-25T19:20:01Z,toronto,2026-09-25,2026-09-25 15:20,15,25°C,0.0,1.0,1.0,940,
2026-09-25T19:20:01Z,toronto,2026-09-25,2026-09-25 15:20,15,26°C or higher,0.0,0.001,0.001,145,
2026-09-25T19:25:01Z,atlanta,2026-09-25,2026-09-25 15:25,15,69°F or below,0.0,0.001,0.001,614,
2026-09-25T19:25:01Z,atlanta,2026-09-25,2026-09-25 15:25,15,70-71°F,0.0,0.001,0.001,1271,
2026-09-25T19:25:01Z,atlanta,2026-09-25,2026-09-25 15:25,15,72-73°F,0.0,0.001,0.001,4373,
2026-09-25T19:25:01Z,atlanta,2026-09-25,2026-09-25 15:25,15,74-75°F,0.933,0.45,-0.483,5013,0.13
2026-09-25T19:25:01Z,atlanta,2026-09-25,2026-09-25 15:25,15,76-77°F,0.067,0.79,0.723,5177,0.44
2026-09-25T19:25:01Z,atlanta,2026-09-25,2026-09-25 15:25,15,78-79°F,0.0,0.12,0.12,5902,0.03
2026-09-25T19:25:01Z,atlanta,2026-09-25,2026-09-25 15:25,15,80-81°F,0.0,0.009,0.009,2052,0.001
2026-09-25T19:25:01Z,atlanta,2026-09-25,2026-09-25 15:25,15,82-83°F,0.0,0.006,0.006,2466,
2026-09-25T19:25:01Z,atlanta,2026-09-25,2026-09-25 15:25,15,84-85°F,0.0,0.001,0.001,422,
2026-09-25T19:25:01Z,atlanta,2026-09-25,2026-09-25 15:25,15,86-87°F,0.0,0.001,0.001,105,
2026-09-25T19:25:01Z,atlanta,2026-09-25,2026-09-25 15:25,15,88°F or higher,0.0,0.001,0.001,105,
2026-09-25T19:25:01Z,buenos-aires,2026-09-25,2026-09-25 16:25,16,20°C or below,0.0,0.001,0.001,265,
2026-09-25T19:25:01Z,buenos-aires,2026-09-25,2026-09-25 16:25,16,21°C,0.0,0.001,0.001,105,
2026-09-25T19:25:01Z,buenos-aires,2026-09-25,2026-09-25 16:25,16,22°C,0.0,0.001,0.001,105,
2026-09-25T19:25:01Z,buenos-aires,2026-09-25,2026-09-25 16:25,16,23°C,0.0,0.001,0.001,2047,
2026-09-25T19:25:01Z,buenos-aires,2026-09-25,2026-09-25 16:25,16,24°C,0.0,0.001,0.001,2245,
2026-09-25T19:25:01Z,buenos-aires,2026-09-25,2026-09-25 16:25,16,25°C,0.0,0.001,0.001,1422,
2026-09-25T19:25:01Z,buenos-aires,2026-09-25,2026-09-25 16:25,16,26°C,0.0,0.001,0.001,2960,
2026-09-25T19:25:01Z,buenos-aires,2026-09-25,2026-09-25 16:25,16,27°C,1.0,0.999,-0.001,5630,0.997
2026-09-25T19:25:01Z,buenos-aires,2026-09-25,2026-09-25 16:25,16,28°C,0.0,0.004,0.004,2969,0.002
2026-09-25T19:25:01Z,buenos-aires,2026-09-25,2026-09-25 16:25,16,29°C,0.0,0.005,0.005,3831,
2026-09-25T19:25:01Z,buenos-aires,2026-09-25,2026-09-25 16:25,16,30°C or higher,0.0,0.001,0.001,2941,
2026-09-25T19:25:01Z,miami,2026-09-25,2026-09-25 15:25,15,75°F or below,0.0,0.001,0.001,95,
2026-09-25T19:25:01Z,miami,2026-09-25,2026-09-25 15:25,15,76-77°F,0.0,0.001,0.001,95,
2026-09-25T19:25:01Z,miami,2026-09-25,2026-09-25 15:25,15,78-79°F,0.0,0.001,0.001,260,
2026-09-25T19:25:01Z,miami,2026-09-25,2026-09-25 15:25,15,80-81°F,0.0,0.001,0.001,3878,
2026-09-25T19:25:01Z,miami,2026-09-25,2026-09-25 15:25,15,82-83°F,0.0,0.001,0.001,4316,
2026-09-25T19:25:01Z,miami,2026-09-25,2026-09-25 15:25,15,84-85°F,0.0,0.001,0.001,5134,
2026-09-25T19:25:01Z,miami,2026-09-25,2026-09-25 15:25,15,86-87°F,0.0,0.001,0.001,14064,
2026-09-25T19:25:01Z,miami,2026-09-25,2026-09-25 15:25,15,88-89°F,0.0,0.04,0.04,8748,
2026-09-25T19:25:01Z,miami,2026-09-25,2026-09-25 15:25,15,90-91°F,0.967,0.93,-0.037,10976,0.77
2026-09-25T19:25:01Z,miami,2026-09-25,2026-09-25 15:25,15,92-93°F,0.033,0.16,0.127,8785,0.04
2026-09-25T19:25:01Z,miami,2026-09-25,2026-09-25 15:25,15,94°F or higher,0.0,0.004,0.004,7558,0.002
2026-09-25T19:25:01Z,nyc,2026-09-25,2026-09-25 15:25,15,57°F or below,0.0,0.001,0.001,100,
2026-09-25T19:25:01Z,nyc,2026-09-25,2026-09-25 15:25,15,58-59°F,0.0,0.001,0.001,2710,
2026-09-25T19:25:01Z,nyc,2026-09-25,2026-09-25 15:25,15,60-61°F,0.0,0.001,0.001,4127,
2026-09-25T19:25:01Z,nyc,2026-09-25,2026-09-25 15:25,15,62-63°F,0.0,0.001,0.001,7388,
2026-09-25T19:25:01Z,nyc,2026-09-25,2026-09-25 15:25,15,64-65°F,0.0,0.001,0.001,5001,
2026-09-25T19:25:01Z,nyc,2026-09-25,2026-09-25 15:25,15,66-67°F,0.0,0.001,0.001,6564,
2026-09-25T19:25:01Z,nyc,2026-09-25,2026-09-25 15:25,15,68-69°F,0.833,0.3,-0.533,11190,0.2
2026-09-25T19:25:01Z,nyc,2026-09-25,2026-09-25 15:25,15,70-71°F,0.167,0.77,0.603,9044,0.69
2026-09-25T19:25:01Z,nyc,2026-09-25,2026-09-25 15:25,15,72-73°F,0.0,0.06,0.06,7494,0.03
2026-09-25T19:25:01Z,nyc,2026-09-25,2026-09-25 15:25,15,74-75°F,0.0,0.03,0.03,5277,
2026-09-25T19:25:01Z,nyc,2026-09-25,2026-09-25 15:25,15,76°F or higher,0.0,0.003,0.003,3191,
2026-09-25T19:25:01Z,sao-paulo,2026-09-25,2026-09-25 16:25,16,22°C or below,0.0,0.001,0.001,1226,
2026-09-25T19:25:01Z,sao-paulo,2026-09-25,2026-09-25 16:25,16,23°C,0.0,0.001,0.001,1073,
2026-09-25T19:25:01Z,sao-paulo,2026-09-25,2026-09-25 16:25,16,24°C,0.0,0.001,0.001,1607,
2026-09-25T19:25:01Z,sao-paulo,2026-09-25,2026-09-25 16:25,16,25°C,0.0,0.001,0.001,1190,
2026-09-25T19:25:01Z,sao-paulo,2026-09-25,2026-09-25 16:25,16,26°C,0.0,0.001,0.001,3987,
2026-09-25T19:25:01Z,sao-paulo,2026-09-25,2026-09-25 16:25,16,27°C,0.0,0.001,0.001,3990,
2026-09-25T19:25:01Z,sao-paulo,2026-09-25,2026-09-25 16:25,16,28°C,1.0,1.0,0.0,3265,
2026-09-25T19:25:01Z,sao-paulo,2026-09-25,2026-09-25 16:25,16,29°C,0.0,0.023,0.023,4134,0.001
2026-09-25T19:25:01Z,sao-paulo,2026-09-25,2026-09-25 16:25,16,30°C,0.0,0.002,0.002,2484,0.001
2026-09-25T19:25:01Z,sao-paulo,2026-09-25,2026-09-25 16:25,16,31°C,0.0,1.0,1.0,1482,
2026-09-25T19:25:01Z,sao-paulo,2026-09-25,2026-09-25 16:25,16,32°C or higher,0.0,0.956,0.956,1359,0.001
2026-09-25T19:25:01Z,toronto,2026-09-25,2026-09-25 15:25,15,16°C or below,0.0,0.001,0.001,45,
2026-09-25T19:25:01Z,toronto,2026-09-25,2026-09-25 15:25,15,17°C,0.0,0.001,0.001,262,
2026-09-25T19:25:01Z,toronto,2026-09-25,2026-09-25 15:25,15,18°C,0.0,0.001,0.001,2614,
2026-09-25T19:25:01Z,toronto,2026-09-25,2026-09-25 15:25,15,19°C,0.0,0.001,0.001,2468,
2026-09-25T19:25:01Z,toronto,2026-09-25,2026-09-25 15:25,15,20°C,0.9,0.001,-0.899,7186,
2026-09-25T19:25:01Z,toronto,2026-09-25,2026-09-25 15:25,15,21°C,0.067,0.81,0.743,3342,0.51
2026-09-25T19:25:01Z,toronto,2026-09-25,2026-09-25 15:25,15,22°C,0.033,0.38,0.347,2556,0.11
2026-09-25T19:25:01Z,toronto,2026-09-25,2026-09-25 15:25,15,23°C,0.0,0.009,0.009,1856,0.001
2026-09-25T19:25:01Z,toronto,2026-09-25,2026-09-25 15:25,15,24°C,0.0,0.04,0.04,367,
2026-09-25T19:25:01Z,toronto,2026-09-25,2026-09-25 15:25,15,25°C,0.0,0.563,0.563,940,0.001
2026-09-25T19:25:01Z,toronto,2026-09-25,2026-09-25 15:25,15,26°C or higher,0.0,0.001,0.001,145,
2026-09-25T19:32:13Z,atlanta,2026-09-25,2026-09-25 15:30,15,69°F or below,0.0,0.001,0.001,614,
2026-09-25T19:32:13Z,atlanta,2026-09-25,2026-09-25 15:30,15,70-71°F,0.0,0.001,0.001,1271,
2026-09-25T19:32:13Z,atlanta,2026-09-25,2026-09-25 15:30,15,72-73°F,0.0,0.001,0.001,4373,
2026-09-25T19:32:13Z,atlanta,2026-09-25,2026-09-25 15:30,15,74-75°F,0.933,0.47,-0.463,5174,0.22
2026-09-25T19:32:13Z,atlanta,2026-09-25,2026-09-25 15:30,15,76-77°F,0.067,0.77,0.703,5177,0.48
2026-09-25T19:32:13Z,atlanta,2026-09-25,2026-09-25 15:30,15,78-79°F,0.0,0.12,0.12,5902,0.03
2026-09-25T19:32:13Z,atlanta,2026-09-25,2026-09-25 15:30,15,80-81°F,0.0,0.009,0.009,2052,0.001
2026-09-25T19:32:13Z,atlanta,2026-09-25,2026-09-25 15:30,15,82-83°F,0.0,0.006,0.006,2466,
2026-09-25T19:32:13Z,atlanta,2026-09-25,2026-09-25 15:30,15,84-85°F,0.0,0.001,0.001,422,
2026-09-25T19:32:13Z,atlanta,2026-09-25,2026-09-25 15:30,15,86-87°F,0.0,0.001,0.001,105,
2026-09-25T19:32:13Z,atlanta,2026-09-25,2026-09-25 15:30,15,88°F or higher,0.0,0.001,0.001,105,
2026-09-25T19:32:13Z,austin,2026-09-25,2026-09-25 14:30,14,87°F or below,0.0,0.001,0.001,100,
2026-09-25T19:32:13Z,austin,2026-09-25,2026-09-25 14:30,14,88-89°F,0.0,0.001,0.001,180,
2026-09-25T19:32:13Z,austin,2026-09-25,2026-09-25 14:30,14,90-91°F,0.0,0.001,0.001,176,
2026-09-25T19:32:13Z,austin,2026-09-25,2026-09-25 14:30,14,92-93°F,0.0,0.001,0.001,934,
2026-09-25T19:32:13Z,austin,2026-09-25,2026-09-25 14:30,14,94-95°F,0.167,0.1,-0.067,3051,0.03
2026-09-25T19:32:13Z,austin,2026-09-25,2026-09-25 14:30,14,96-97°F,0.633,1.0,0.367,2125,0.46
2026-09-25T19:32:13Z,austin,2026-09-25,2026-09-25 14:30,14,98-99°F,0.167,0.27,0.103,1335,0.18
2026-09-25T19:32:13Z,austin,2026-09-25,2026-09-25 14:30,14,100-101°F,0.033,0.02,-0.013,554,
2026-09-25T19:32:13Z,austin,2026-09-25,2026-09-25 14:30,14,102-103°F,0.0,0.197,0.197,218,
2026-09-25T19:32:13Z,austin,2026-09-25,2026-09-25 14:30,14,104-105°F,0.0,0.001,0.001,400,
2026-09-25T19:32:13Z,austin,2026-09-25,2026-09-25 14:30,14,106°F or higher,0.0,0.001,0.001,94,
2026-09-25T19:32:13Z,buenos-aires,2026-09-25,2026-09-25 16:30,16,20°C or below,0.0,0.001,0.001,265,
2026-09-25T19:32:13Z,buenos-aires,2026-09-25,2026-09-25 16:30,16,21°C,0.0,0.001,0.001,105,
2026-09-25T19:32:13Z,buenos-aires,2026-09-25,2026-09-25 16:30,16,22°C,0.0,0.001,0.001,105,
2026-09-25T19:32:13Z,buenos-aires,2026-09-25,2026-09-25 16:30,16,23°C,0.0,0.001,0.001,2047,
2026-09-25T19:32:13Z,buenos-aires,2026-09-25,2026-09-25 16:30,16,24°C,0.0,0.001,0.001,2245,
2026-09-25T19:32:13Z,buenos-aires,2026-09-25,2026-09-25 16:30,16,25°C,0.0,0.001,0.001,1422,
2026-09-25T19:32:13Z,buenos-aires,2026-09-25,2026-09-25 16:30,16,26°C,0.0,0.001,0.001,2960,
2026-09-25T19:32:13Z,buenos-aires,2026-09-25,2026-09-25 16:30,16,27°C,1.0,0.999,-0.001,5630,0.997
2026-09-25T19:32:13Z,buenos-aires,2026-09-25,2026-09-25 16:30,16,28°C,0.0,0.004,0.004,2969,0.002
2026-09-25T19:32:13Z,buenos-aires,2026-09-25,2026-09-25 16:30,16,29°C,0.0,0.005,0.005,3831,
2026-09-25T19:32:13Z,buenos-aires,2026-09-25,2026-09-25 16:30,16,30°C or higher,0.0,0.001,0.001,2941,
2026-09-25T19:32:13Z,chicago,2026-09-25,2026-09-25 14:30,14,57°F or below,0.0,0.001,0.001,188,
2026-09-25T19:32:13Z,chicago,2026-09-25,2026-09-25 14:30,14,58-59°F,0.0,0.001,0.001,95,
2026-09-25T19:32:13Z,chicago,2026-09-25,2026-09-25 14:30,14,60-61°F,0.0,0.001,0.001,363,
2026-09-25T19:32:13Z,chicago,2026-09-25,2026-09-25 14:30,14,62-63°F,0.0,0.001,0.001,1796,
2026-09-25T19:32:13Z,chicago,2026-09-25,2026-09-25 14:30,14,64-65°F,0.867,0.64,-0.227,3884,0.39
2026-09-25T19:32:13Z,chicago,2026-09-25,2026-09-25 14:30,14,66-67°F,0.133,0.45,0.317,6865,0.33
2026-09-25T19:32:13Z,chicago,2026-09-25,2026-09-25 14:30,14,68-69°F,0.0,0.11,0.11,4664,0.05
2026-09-25T19:32:13Z,chicago,2026-09-25,2026-09-25 14:30,14,70-71°F,0.0,0.03,0.03,3524,
2026-09-25T19:32:13Z,chicago,2026-09-25,2026-09-25 14:30,14,72-73°F,0.0,0.006,0.006,3054,
2026-09-25T19:32:13Z,chicago,2026-09-25,2026-09-25 14:30,14,74-75°F,0.0,0.005,0.005,660,
2026-09-25T19:32:13Z,chicago,2026-09-25,2026-09-25 14:30,14,76°F or higher,0.0,0.001,0.001,100,
2026-09-25T19:32:13Z,denver,2026-09-25,2026-09-25 13:30,13,67°F or below,0.0,0.001,0.001,1341,
2026-09-25T19:32:13Z,denver,2026-09-25,2026-09-25 13:30,13,68-69°F,0.167,0.687,0.52,768,0.001
2026-09-25T19:32:13Z,denver,2026-09-25,2026-09-25 13:30,13,70-71°F,0.467,0.07,-0.397,1480,0.04
2026-09-25T19:32:13Z,denver,2026-09-25,2026-09-25 13:30,13,72-73°F,0.367,0.29,-0.077,3919,0.16
2026-09-25T19:32:13Z,denver,2026-09-25,2026-09-25 13:30,13,74-75°F,0.0,0.44,0.44,4148,0.28
2026-09-25T19:32:13Z,denver,2026-09-25,2026-09-25 13:30,13,76-77°F,0.0,0.29,0.29,3536,0.21
2026-09-25T19:32:13Z,denver,2026-09-25,2026-09-25 13:30,13,78-79°F,0.0,0.06,0.06,1226,
2026-09-25T19:32:13Z,denver,2026-09-25,2026-09-25 13:30,13,80-81°F,0.0,0.004,0.004,1190,0.001
2026-09-25T19:32:13Z,denver,2026-09-25,2026-09-25 13:30,13,82-83°F,0.0,0.003,0.003,860,0.001
2026-09-25T19:32:13Z,denver,2026-09-25,2026-09-25 13:30,13,84-85°F,0.0,0.003,0.003,195,0.001
2026-09-25T19:32:13Z,denver,2026-09-25,2026-09-25 13:30,13,86°F or higher,0.0,0.003,0.003,98,0.001
2026-09-25T19:32:13Z,houston,2026-09-25,2026-09-25 14:30,14,83°F or below,0.0,0.001,0.001,100,
2026-09-25T19:32:13Z,houston,2026-09-25,2026-09-25 14:30,14,84-85°F,0.0,0.001,0.001,180,
2026-09-25T19:32:13Z,houston,2026-09-25,2026-09-25 14:30,14,86-87°F,0.0,0.001,0.001,2350,
2026-09-25T19:32:13Z,houston,2026-09-25,2026-09-25 14:30,14,88-89°F,0.933,0.27,-0.663,5632,0.08
2026-09-25T19:32:13Z,houston,2026-09-25,2026-09-25 14:30,14,90-91°F,0.067,0.73,0.663,3357,0.61
2026-09-25T19:32:13Z,houston,2026-09-25,2026-09-25 14:30,14,92-93°F,0.0,0.28,0.28,5571,0.1
2026-09-25T19:32:13Z,houston,2026-09-25,2026-09-25 14:30,14,94-95°F,0.0,0.04,0.04,2281,0.01
2026-09-25T19:32:13Z,houston,2026-09-25,2026-09-25 14:30,14,96-97°F,0.0,0.008,0.008,706,
2026-09-25T19:32:13Z,houston,2026-09-25,2026-09-25 14:30,14,98-99°F,0.0,0.001,0.001,30,
2026-09-25T19:32:13Z,houston,2026-09-25,2026-09-25 14:30,14,100-101°F,0.0,0.001,0.001,215,
2026-09-25T19:32:13Z,houston,2026-09-25,2026-09-25 14:30,14,102°F or higher,0.0,0.004,0.004,95,0.001
2026-09-25T19:32:13Z,los-angeles,2026-09-25,2026-09-25 12:30,12,73°F or below,0.0,0.001,0.001,1433,
2026-09-25T19:32:13Z,los-angeles,2026-09-25,2026-09-25 12:30,12,74-75°F,0.0,0.001,0.001,10809,
2026-09-25T19:32:13Z,los-angeles,2026-09-25,2026-09-25 12:30,12,76-77°F,0.833,0.9,0.067,8096,0.76
2026-09-25T19:32:13Z,los-angeles,2026-09-25,2026-09-25 12:30,12,78-79°F,0.133,0.24,0.107,5549,0.08
2026-09-25T19:32:13Z,los-angeles,2026-09-25,2026-09-25 12:30,12,80-81°F,0.0,0.02,0.02,4310,0.002
2026-09-25T19:32:13Z,los-angeles,2026-09-25,2026-09-25 12:30,12,82-83°F,0.033,0.003,-0.03,2425,0.001
2026-09-25T19:32:13Z,los-angeles,2026-09-25,2026-09-25 12:30,12,84-85°F,0.0,0.01,0.01,1614,
2026-09-25T19:32:13Z,los-angeles,2026-09-25,2026-09-25 12:30,12,86-87°F,0.0,0.01,0.01,335,0.001
2026-09-25T19:32:13Z,los-angeles,2026-09-25,2026-09-25 12:30,12,88-89°F,0.0,0.001,0.001,105,
2026-09-25T19:32:13Z,los-angeles,2026-09-25,2026-09-25 12:30,12,90-91°F,0.0,0.001,0.001,100,
2026-09-25T19:32:13Z,los-angeles,2026-09-25,2026-09-25 12:30,12,92°F or higher,0.0,0.005,0.005,495,0.001
2026-09-25T19:32:13Z,mexico-city,2026-09-25,2026-09-25 13:30,13,16°C or below,0.0,0.001,0.001,1015,
2026-09-25T19:32:13Z,mexico-city,2026-09-25,2026-09-25 13:30,13,17°C,0.0,0.001,0.001,15,
2026-09-25T19:32:13Z,mexico-city,2026-09-25,2026-09-25 13:30,13,18°C,0.0,0.001,0.001,15,
2026-09-25T19:32:13Z,mexico-city,2026-09-25,2026-09-25 13:30,13,19°C,0.0,0.001,0.001,15,
2026-09-25T19:32:13Z,mexico-city,2026-09-25,2026-09-25 13:30,13,20°C,0.0,0.001,0.001,15,
2026-09-25T19:32:13Z,mexico-city,2026-09-25,2026-09-25 13:30,13,21°C,0.0,0.001,0.001,145,
2026-09-25T19:32:13Z,mexico-city,2026-09-25,2026-09-25 13:30,13,22°C,0.0,0.001,0.001,232,
2026-09-25T19:32:13Z,mexico-city,2026-09-25,2026-09-25 13:30,13,23°C,0.0,0.001,0.001,523,
2026-09-25T19:32:13Z,mexico-city,2026-09-25,2026-09-25 13:30,13,24°C,0.172,0.47,0.298,2744,0.07
2026-09-25T19:32:13Z,mexico-city,2026-09-25,2026-09-25 13:30,13,25°C,0.655,0.75,0.095,3254,0.16
2026-09-25T19:32:13Z,mexico-city,2026-09-25,2026-09-25 13:30,13,26°C or higher,0.172,0.59,0.418,3943,0.39
2026-09-25T19:32:13Z,miami,2026-09-25,2026-09-25 15:30,15,75°F or below,0.0,0.001,0.001,95,
2026-09-25T19:32:13Z,miami,2026-09-25,2026-09-25 15:30,15,76-77°F,0.0,0.001,0.001,95,
2026-09-25T19:32:13Z,miami,2026-09-25,2026-09-25 15:30,15,78-79°F,0.0,0.001,0.001,260,
2026-09-25T19:32:13Z,miami,2026-09-25,2026-09-25 15:30,15,80-81°F,0.0,0.001,0.001,3878,
2026-09-25T19:32:13Z,miami,2026-09-25,2026-09-25 15:30,15,82-83°F,0.0,0.001,0.001,4316,
2026-09-25T19:32:13Z,miami,2026-09-25,2026-09-25 15:30,15,84-85°F,0.0,0.001,0.001,5134,
2026-09-25T19:32:13Z,miami,2026-09-25,2026-09-25 15:30,15,86-87°F,0.0,0.001,0.001,14064,
2026-09-25T19:32:13Z,miami,2026-09-25,2026-09-25 15:30,15,88-89°F,0.0,0.003,0.003,8838,0.001
2026-09-25T19:32:13Z,miami,2026-09-25,2026-09-25 15:30,15,90-91°F,0.967,0.97,0.003,11115,0.96
2026-09-25T19:32:13Z,miami,2026-09-25,2026-09-25 15:30,15,92-93°F,0.033,0.08,0.047,8999,0.03
2026-09-25T19:32:13Z,miami,2026-09-25,2026-09-25 15:30,15,94°F or higher,0.0,0.004,0.004,7571,0.002
2026-09-25T19:32:13Z,nyc,2026-09-25,2026-09-25 15:30,15,57°F or below,0.0,0.001,0.001,100,
2026-09-25T19:32:13Z,nyc,2026-09-25,2026-09-25 15:30,15,58-59°F,0.0,0.001,0.001,2710,
2026-09-25T19:32:13Z,nyc,2026-09-25,2026-09-25 15:30,15,60-61°F,0.0,0.001,0.001,4127,
2026-09-25T19:32:13Z,nyc,2026-09-25,2026-09-25 15:30,15,62-63°F,0.0,0.001,0.001,7388,
2026-09-25T19:32:13Z,nyc,2026-09-25,2026-09-25 15:30,15,64-65°F,0.0,0.001,0.001,5001,
2026-09-25T19:32:13Z,nyc,2026-09-25,2026-09-25 15:30,15,66-67°F,0.0,0.001,0.001,6564,
2026-09-25T19:32:13Z,nyc,2026-09-25,2026-09-25 15:30,15,68-69°F,0.833,0.29,-0.543,11190,0.2
2026-09-25T19:32:13Z,nyc,2026-09-25,2026-09-25 15:30,15,70-71°F,0.167,0.77,0.603,9044,0.7
2026-09-25T19:32:13Z,nyc,2026-09-25,2026-09-25 15:30,15,72-73°F,0.0,0.06,0.06,7494,0.03
2026-09-25T19:32:13Z,nyc,2026-09-25,2026-09-25 15:30,15,74-75°F,0.0,0.03,0.03,5277,
2026-09-25T19:32:13Z,nyc,2026-09-25,2026-09-25 15:30,15,76°F or higher,0.0,0.003,0.003,3191,
2026-09-25T19:32:13Z,panama-city,2026-09-25,2026-09-25 14:30,14,23°C or below,0.0,0.001,0.001,95,
2026-09-25T19:32:13Z,panama-city,2026-09-25,2026-09-25 14:30,14,24°C,0.0,0.001,0.001,25,
2026-09-25T19:32:13Z,panama-city,2026-09-25,2026-09-25 14:30,14,25°C,0.0,0.001,0.001,15,
2026-09-25T19:32:13Z,panama-city,2026-09-25,2026-09-25 14:30,14,26°C,0.0,0.001,0.001,42,
2026-09-25T19:32:13Z,panama-city,2026-09-25,2026-09-25 14:30,14,27°C,0.0,0.001,0.001,35,
2026-09-25T19:32:13Z,panama-city,2026-09-25,2026-09-25 14:30,14,28°C,0.0,0.001,0.001,165,
2026-09-25T19:32:13Z,panama-city,2026-09-25,2026-09-25 14:30,14,29°C,0.862,0.5,-0.362,1751,0.25
2026-09-25T19:32:13Z,panama-city,2026-09-25,2026-09-25 14:30,14,30°C,0.138,0.68,0.542,2314,0.4
2026-09-25T19:32:13Z,panama-city,2026-09-25,2026-09-25 14:30,14,31°C,0.0,0.08,0.08,2092,0.04
2026-09-25T19:32:13Z,panama-city,2026-09-25,2026-09-25 14:30,14,32°C,0.0,0.04,0.04,3489,0.01
2026-09-25T19:32:13Z,panama-city,2026-09-25,2026-09-25 14:30,14,33°C or higher,0.0,0.02,0.02,1426,
2026-09-25T19:32:13Z,san-francisco,2026-09-25,2026-09-25 12:30,12,61°F or below,0.0,0.001,0.001,630,
2026-09-25T19:32:13Z,san-francisco,2026-09-25,2026-09-25 12:30,12,62-63°F,0.0,0.001,0.001,1782,
2026-09-25T19:32:13Z,san-francisco,2026-09-25,2026-09-25 12:30,12,64-65°F,0.0,0.001,0.001,768,
2026-09-25T19:32:13Z,san-francisco,2026-09-25,2026-09-25 12:30,12,66-67°F,0.0,0.001,0.001,4244,
2026-09-25T19:32:13Z,san-francisco,2026-09-25,2026-09-25 12:30,12,68-69°F,0.2,0.16,-0.04,2235,0.05
2026-09-25T19:32:13Z,san-francisco,2026-09-25,2026-09-25 12:30,12,70-71°F,0.5,0.59,0.09,1562,0.29
2026-09-25T19:32:13Z,san-francisco,2026-09-25,2026-09-25 12:30,12,72-73°F,0.133,0.26,0.127,3363,0.06
2026-09-25T19:32:13Z,san-francisco,2026-09-25,2026-09-25 12:30,12,74-75°F,0.0,0.006,0.006,3380,0.003
2026-09-25T19:32:13Z,san-francisco,2026-09-25,2026-09-25 12:30,12,76-77°F,0.033,0.008,-0.025,2481,
2026-09-25T19:32:13Z,san-francisco,2026-09-25,2026-09-25 12:30,12,78-79°F,0.067,0.995,0.928,1668,
2026-09-25T19:32:13Z,san-francisco,2026-09-25,2026-09-25 12:30,12,80°F or higher,0.067,0.39,0.323,545,0.01
2026-09-25T19:32:13Z,sao-paulo,2026-09-25,2026-09-25 16:31,16,22°C or below,0.0,0.001,0.001,1226,
2026-09-25T19:32:13Z,sao-paulo,2026-09-25,2026-09-25 16:31,16,23°C,0.0,0.001,0.001,1073,
2026-09-25T19:32:13Z,sao-paulo,2026-09-25,2026-09-25 16:31,16,24°C,0.0,0.001,0.001,1607,
2026-09-25T19:32:13Z,sao-paulo,2026-09-25,2026-09-25 16:31,16,25°C,0.0,0.001,0.001,1190,
2026-09-25T19:32:13Z,sao-paulo,2026-09-25,2026-09-25 16:31,16,26°C,0.0,0.001,0.001,3987,
2026-09-25T19:32:13Z,sao-paulo,2026-09-25,2026-09-25 16:31,16,27°C,0.0,0.001,0.001,3990,
2026-09-25T19:32:13Z,sao-paulo,2026-09-25,2026-09-25 16:31,16,28°C,1.0,1.0,0.0,3265,
2026-09-25T19:32:13Z,sao-paulo,2026-09-25,2026-09-25 16:31,16,29°C,0.0,0.023,0.023,4134,0.001
2026-09-25T19:32:13Z,sao-paulo,2026-09-25,2026-09-25 16:31,16,30°C,0.0,0.002,0.002,2484,0.001
2026-09-25T19:32:13Z,sao-paulo,2026-09-25,2026-09-25 16:31,16,31°C,0.0,1.0,1.0,1482,
2026-09-25T19:32:13Z,sao-paulo,2026-09-25,2026-09-25 16:31,16,32°C or higher,0.0,0.937,0.937,1359,0.04
2026-09-25T19:32:13Z,seattle,2026-09-25,2026-09-25 12:31,12,49°F or below,0.0,0.001,0.001,95,
2026-09-25T19:32:13Z,seattle,2026-09-25,2026-09-25 12:31,12,50-51°F,0.0,0.001,0.001,3580,
2026-09-25T19:32:13Z,seattle,2026-09-25,2026-09-25 12:31,12,52-53°F,0.0,0.001,0.001,16299,
2026-09-25T19:32:13Z,seattle,2026-09-25,2026-09-25 12:31,12,54-55°F,0.0,0.001,0.001,16539,
2026-09-25T19:32:13Z,seattle,2026-09-25,2026-09-25 12:31,12,56-57°F,0.0,0.001,0.001,4945,
2026-09-25T19:32:13Z,seattle,2026-09-25,2026-09-25 12:31,12,58-59°F,0.0,0.001,0.001,14705,
2026-09-25T19:32:13Z,seattle,2026-09-25,2026-09-25 12:31,12,60-61°F,0.1,0.95,0.85,4436,0.87
2026-09-25T19:32:13Z,seattle,2026-09-25,2026-09-25 12:31,12,62-63°F,0.267,0.11,-0.157,3555,0.05
2026-09-25T19:32:13Z,seattle,2026-09-25,2026-09-25 12:31,12,64-65°F,0.367,0.008,-0.359,1573,0.001
2026-09-25T19:32:13Z,seattle,2026-09-25,2026-09-25 12:31,12,66-67°F,0.2,0.986,0.786,863,
2026-09-25T19:32:13Z,seattle,2026-09-25,2026-09-25 12:31,12,68°F or higher,0.067,0.002,-0.065,1385,0.001
2026-09-25T19:32:13Z,toronto,2026-09-25,2026-09-25 15:31,15,16°C or below,0.0,0.001,0.001,45,
2026-09-25T19:32:13Z,toronto,2026-09-25,2026-09-25 15:31,15,17°C,0.0,0.001,0.001,262,
2026-09-25T19:32:13Z,toronto,2026-09-25,2026-09-25 15:31,15,18°C,0.0,0.001,0.001,2614,
2026-09-25T19:32:13Z,toronto,2026-09-25,2026-09-25 15:31,15,19°C,0.0,0.001,0.001,2468,
2026-09-25T19:32:13Z,toronto,2026-09-25,2026-09-25 15:31,15,20°C,0.0,0.001,0.001,7186,
2026-09-25T19:32:13Z,toronto,2026-09-25,2026-09-25 15:31,15,21°C,0.9,0.91,0.01,3342,0.81
2026-09-25T19:32:13Z,toronto,2026-09-25,2026-09-25 15:31,15,22°C,0.067,0.38,0.313,2556,0.11
2026-09-25T19:32:13Z,toronto,2026-09-25,2026-09-25 15:31,15,23°C,0.033,0.009,-0.024,1856,0.001
2026-09-25T19:32:13Z,toronto,2026-09-25,2026-09-25 15:31,15,24°C,0.0,0.048,0.048,367,
2026-09-25T19:32:13Z,toronto,2026-09-25,2026-09-25 15:31,15,25°C,0.0,0.004,0.004,940,0.001
2026-09-25T19:32:13Z,toronto,2026-09-25,2026-09-25 15:31,15,26°C or higher,0.0,0.001,0.001,145,
2026-09-25T19:35:01Z,dallas,2026-09-25,2026-09-25 14:35,14,85°F or below,0.0,0.001,0.001,866,
2026-09-25T19:35:01Z,dallas,2026-09-25,2026-09-25 14:35,14,86-87°F,0.367,0.001,-0.366,1254,
2026-09-25T19:35:01Z,dallas,2026-09-25,2026-09-25 14:35,14,88-89°F,0.533,0.06,-0.473,6794,0.02
2026-09-25T19:35:01Z,dallas,2026-09-25,2026-09-25 14:35,14,90-91°F,0.1,0.77,0.67,4527,0.59
2026-09-25T19:35:01Z,dallas,2026-09-25,2026-09-25 14:35,14,92-93°F,0.0,0.4,0.4,4335,0.19
2026-09-25T19:35:01Z,dallas,2026-09-25,2026-09-25 14:35,14,94-95°F,0.0,0.04,0.04,4713,0.01
2026-09-25T19:35:01Z,dallas,2026-09-25,2026-09-25 14:35,14,96-97°F,0.0,0.02,0.02,2676,
2026-09-25T19:35:01Z,dallas,2026-09-25,2026-09-25 14:35,14,98-99°F,0.0,0.005,0.005,3958,0.001
2026-09-25T19:35:01Z,dallas,2026-09-25,2026-09-25 14:35,14,100-101°F,0.0,0.005,0.005,1172,
2026-09-25T19:35:01Z,dallas,2026-09-25,2026-09-25 14:35,14,102-103°F,0.0,0.001,0.001,95,
2026-09-25T19:35:01Z,dallas,2026-09-25,2026-09-25 14:35,14,104°F or higher,0.0,0.001,0.001,165,
2026-09-25T19:40:00Z,atlanta,2026-09-25,2026-09-25 15:40,15,69°F or below,0.0,0.001,0.001,614,
2026-09-25T19:40:00Z,atlanta,2026-09-25,2026-09-25 15:40,15,70-71°F,0.0,0.001,0.001,1271,
2026-09-25T19:40:00Z,atlanta,2026-09-25,2026-09-25 15:40,15,72-73°F,0.0,0.001,0.001,4373,
2026-09-25T19:40:00Z,atlanta,2026-09-25,2026-09-25 15:40,15,74-75°F,0.933,0.49,-0.443,5174,0.21
2026-09-25T19:40:00Z,atlanta,2026-09-25,2026-09-25 15:40,15,76-77°F,0.067,0.78,0.713,5177,0.56
2026-09-25T19:40:00Z,atlanta,2026-09-25,2026-09-25 15:40,15,78-79°F,0.0,0.12,0.12,5902,0.03
2026-09-25T19:40:00Z,atlanta,2026-09-25,2026-09-25 15:40,15,80-81°F,0.0,0.009,0.009,2052,0.001
2026-09-25T19:40:00Z,atlanta,2026-09-25,2026-09-25 15:40,15,82-83°F,0.0,0.006,0.006,2466,
2026-09-25T19:40:00Z,atlanta,2026-09-25,2026-09-25 15:40,15,84-85°F,0.0,0.001,0.001,422,
2026-09-25T19:40:00Z,atlanta,2026-09-25,2026-09-25 15:40,15,86-87°F,0.0,0.001,0.001,105,
2026-09-25T19:40:00Z,atlanta,2026-09-25,2026-09-25 15:40,15,88°F or higher,0.0,0.001,0.001,105,
2026-09-25T19:40:00Z,miami,2026-09-25,2026-09-25 15:40,15,75°F or below,0.0,0.001,0.001,95,
2026-09-25T19:40:00Z,miami,2026-09-25,2026-09-25 15:40,15,76-77°F,0.0,0.001,0.001,95,
2026-09-25T19:40:00Z,miami,2026-09-25,2026-09-25 15:40,15,78-79°F,0.0,0.001,0.001,260,
2026-09-25T19:40:00Z,miami,2026-09-25,2026-09-25 15:40,15,80-81°F,0.0,0.001,0.001,3878,
2026-09-25T19:40:00Z,miami,2026-09-25,2026-09-25 15:40,15,82-83°F,0.0,0.001,0.001,4316,
2026-09-25T19:40:00Z,miami,2026-09-25,2026-09-25 15:40,15,84-85°F,0.0,0.001,0.001,5134,
2026-09-25T19:40:00Z,miami,2026-09-25,2026-09-25 15:40,15,86-87°F,0.0,0.001,0.001,14064,
2026-09-25T19:40:00Z,miami,2026-09-25,2026-09-25 15:40,15,88-89°F,0.0,0.003,0.003,8838,0.001
2026-09-25T19:40:00Z,miami,2026-09-25,2026-09-25 15:40,15,90-91°F,0.967,0.97,0.003,11115,0.96
2026-09-25T19:40:00Z,miami,2026-09-25,2026-09-25 15:40,15,92-93°F,0.033,0.04,0.007,8999,0.01
2026-09-25T19:40:00Z,miami,2026-09-25,2026-09-25 15:40,15,94°F or higher,0.0,0.004,0.004,7571,0.002
2026-09-25T19:40:00Z,nyc,2026-09-25,2026-09-25 15:40,15,57°F or below,0.0,0.001,0.001,100,
2026-09-25T19:40:00Z,nyc,2026-09-25,2026-09-25 15:40,15,58-59°F,0.0,0.001,0.001,2710,
2026-09-25T19:40:00Z,nyc,2026-09-25,2026-09-25 15:40,15,60-61°F,0.0,0.001,0.001,4127,
2026-09-25T19:40:00Z,nyc,2026-09-25,2026-09-25 15:40,15,62-63°F,0.0,0.001,0.001,7388,
2026-09-25T19:40:00Z,nyc,2026-09-25,2026-09-25 15:40,15,64-65°F,0.0,0.001,0.001,5001,
2026-09-25T19:40:00Z,nyc,2026-09-25,2026-09-25 15:40,15,66-67°F,0.0,0.001,0.001,6564,
2026-09-25T19:40:00Z,nyc,2026-09-25,2026-09-25 15:40,15,68-69°F,0.833,0.31,-0.523,11190,0.21
2026-09-25T19:40:00Z,nyc,2026-09-25,2026-09-25 15:40,15,70-71°F,0.167,0.77,0.603,9044,0.69
2026-09-25T19:40:00Z,nyc,2026-09-25,2026-09-25 15:40,15,72-73°F,0.0,0.02,0.02,7494,0.01
2026-09-25T19:40:00Z,nyc,2026-09-25,2026-09-25 15:40,15,74-75°F,0.0,0.03,0.03,5277,
2026-09-25T19:40:00Z,nyc,2026-09-25,2026-09-25 15:40,15,76°F or higher,0.0,0.003,0.003,3191,
2026-09-25T19:40:00Z,toronto,2026-09-25,2026-09-25 15:40,15,16°C or below,0.0,0.001,0.001,45,
2026-09-25T19:40:00Z,toronto,2026-09-25,2026-09-25 15:40,15,17°C,0.0,0.001,0.001,262,
2026-09-25T19:40:00Z,toronto,2026-09-25,2026-09-25 15:40,15,18°C,0.0,0.001,0.001,2614,
2026-09-25T19:40:00Z,toronto,2026-09-25,2026-09-25 15:40,15,19°C,0.0,0.001,0.001,2468,
2026-09-25T19:40:00Z,toronto,2026-09-25,2026-09-25 15:40,15,20°C,0.0,0.001,0.001,7205,
2026-09-25T19:40:00Z,toronto,2026-09-25,2026-09-25 15:40,15,21°C,0.9,0.96,0.06,3358,0.83
2026-09-25T19:40:00Z,toronto,2026-09-25,2026-09-25 15:40,15,22°C,0.067,0.15,0.083,2556,0.03
2026-09-25T19:40:00Z,toronto,2026-09-25,2026-09-25 15:40,15,23°C,0.033,0.009,-0.024,1856,0.001
2026-09-25T19:40:00Z,toronto,2026-09-25,2026-09-25 15:40,15,24°C,0.0,0.048,0.048,367,
2026-09-25T19:40:00Z,toronto,2026-09-25,2026-09-25 15:40,15,25°C,0.0,0.003,0.003,940,0.001
2026-09-25T19:40:00Z,toronto,2026-09-25,2026-09-25 15:40,15,26°C or higher,0.0,0.001,0.001,145,
2026-09-25T19:45:02Z,atlanta,2026-09-25,2026-09-25 15:45,15,69°F or below,0.0,0.001,0.001,614,
2026-09-25T19:45:02Z,atlanta,2026-09-25,2026-09-25 15:45,15,70-71°F,0.0,0.001,0.001,1271,
2026-09-25T19:45:02Z,atlanta,2026-09-25,2026-09-25 15:45,15,72-73°F,0.0,0.001,0.001,4373,
2026-09-25T19:45:02Z,atlanta,2026-09-25,2026-09-25 15:45,15,74-75°F,0.933,0.69,-0.243,5235,0.33
2026-09-25T19:45:02Z,atlanta,2026-09-25,2026-09-25 15:45,15,76-77°F,0.067,0.75,0.683,5218,0.42
2026-09-25T19:45:02Z,atlanta,2026-09-25,2026-09-25 15:45,15,78-79°F,0.0,0.12,0.12,5913,0.03
2026-09-25T19:45:02Z,atlanta,2026-09-25,2026-09-25 15:45,15,80-81°F,0.0,0.009,0.009,2062,0.001
2026-09-25T19:45:02Z,atlanta,2026-09-25,2026-09-25 15:45,15,82-83°F,0.0,0.006,0.006,2466,
2026-09-25T19:45:02Z,atlanta,2026-09-25,2026-09-25 15:45,15,84-85°F,0.0,0.001,0.001,422,
2026-09-25T19:45:02Z,atlanta,2026-09-25,2026-09-25 15:45,15,86-87°F,0.0,0.001,0.001,105,
2026-09-25T19:45:02Z,atlanta,2026-09-25,2026-09-25 15:45,15,88°F or higher,0.0,0.001,0.001,105,
2026-09-25T19:45:02Z,austin,2026-09-25,2026-09-25 14:45,14,87°F or below,0.0,0.001,0.001,100,
2026-09-25T19:45:02Z,austin,2026-09-25,2026-09-25 14:45,14,88-89°F,0.0,0.001,0.001,180,
2026-09-25T19:45:02Z,austin,2026-09-25,2026-09-25 14:45,14,90-91°F,0.0,0.001,0.001,176,
2026-09-25T19:45:02Z,austin,2026-09-25,2026-09-25 14:45,14,92-93°F,0.0,0.001,0.001,1026,
2026-09-25T19:45:02Z,austin,2026-09-25,2026-09-25 14:45,14,94-95°F,0.167,0.1,-0.067,3081,0.02
2026-09-25T19:45:02Z,austin,2026-09-25,2026-09-25 14:45,14,96-97°F,0.633,1.0,0.367,2125,0.46
2026-09-25T19:45:02Z,austin,2026-09-25,2026-09-25 14:45,14,98-99°F,0.167,0.28,0.113,1335,0.18
2026-09-25T19:45:02Z,austin,2026-09-25,2026-09-25 14:45,14,100-101°F,0.033,0.02,-0.013,554,
2026-09-25T19:45:02Z,austin,2026-09-25,2026-09-25 14:45,14,102-103°F,0.0,0.159,0.159,218,
2026-09-25T19:45:02Z,austin,2026-09-25,2026-09-25 14:45,14,104-105°F,0.0,0.001,0.001,405,
2026-09-25T19:45:02Z,austin,2026-09-25,2026-09-25 14:45,14,106°F or higher,0.0,0.001,0.001,169,
2026-09-25T19:45:02Z,buenos-aires,2026-09-25,2026-09-25 16:45,16,20°C or below,0.0,0.001,0.001,265,
2026-09-25T19:45:02Z,buenos-aires,2026-09-25,2026-09-25 16:45,16,21°C,0.0,0.001,0.001,105,
2026-09-25T19:45:02Z,buenos-aires,2026-09-25,2026-09-25 16:45,16,22°C,0.0,0.001,0.001,105,
2026-09-25T19:45:02Z,buenos-aires,2026-09-25,2026-09-25 16:45,16,23°C,0.0,0.001,0.001,2047,
2026-09-25T19:45:02Z,buenos-aires,2026-09-25,2026-09-25 16:45,16,24°C,0.0,0.001,0.001,2245,
2026-09-25T19:45:02Z,buenos-aires,2026-09-25,2026-09-25 16:45,16,25°C,0.0,0.001,0.001,1422,
2026-09-25T19:45:02Z,buenos-aires,2026-09-25,2026-09-25 16:45,16,26°C,0.0,0.001,0.001,2960,
2026-09-25T19:45:02Z,buenos-aires,2026-09-25,2026-09-25 16:45,16,27°C,1.0,0.999,-0.001,5662,0.996
2026-09-25T19:45:02Z,buenos-aires,2026-09-25,2026-09-25 16:45,16,28°C,0.0,0.004,0.004,2969,0.002
2026-09-25T19:45:02Z,buenos-aires,2026-09-25,2026-09-25 16:45,16,29°C,0.0,0.005,0.005,3831,
2026-09-25T19:45:02Z,buenos-aires,2026-09-25,2026-09-25 16:45,16,30°C or higher,0.0,0.001,0.001,2941,
2026-09-25T19:45:02Z,chicago,2026-09-25,2026-09-25 14:45,14,57°F or below,0.0,0.001,0.001,188,
2026-09-25T19:45:02Z,chicago,2026-09-25,2026-09-25 14:45,14,58-59°F,0.0,0.001,0.001,95,
2026-09-25T19:45:02Z,chicago,2026-09-25,2026-09-25 14:45,14,60-61°F,0.0,0.001,0.001,363,
2026-09-25T19:45:02Z,chicago,2026-09-25,2026-09-25 14:45,14,62-63°F,0.0,0.001,0.001,1796,
2026-09-25T19:45:02Z,chicago,2026-09-25,2026-09-25 14:45,14,64-65°F,0.867,0.66,-0.207,3887,0.46
2026-09-25T19:45:02Z,chicago,2026-09-25,2026-09-25 14:45,14,66-67°F,0.133,0.46,0.327,6868,0.34
2026-09-25T19:45:02Z,chicago,2026-09-25,2026-09-25 14:45,14,68-69°F,0.0,0.08,0.08,4667,0.05
2026-09-25T19:45:02Z,chicago,2026-09-25,2026-09-25 14:45,14,70-71°F,0.0,0.03,0.03,3524,
2026-09-25T19:45:02Z,chicago,2026-09-25,2026-09-25 14:45,14,72-73°F,0.0,0.006,0.006,3054,
2026-09-25T19:45:02Z,chicago,2026-09-25,2026-09-25 14:45,14,74-75°F,0.0,0.005,0.005,660,
2026-09-25T19:45:02Z,chicago,2026-09-25,2026-09-25 14:45,14,76°F or higher,0.0,0.001,0.001,100,
2026-09-25T19:45:02Z,denver,2026-09-25,2026-09-25 13:45,13,67°F or below,0.0,0.001,0.001,1341,
2026-09-25T19:45:02Z,denver,2026-09-25,2026-09-25 13:45,13,68-69°F,0.167,0.006,-0.161,799,0.001
2026-09-25T19:45:02Z,denver,2026-09-25,2026-09-25 13:45,13,70-71°F,0.467,0.07,-0.397,1480,0.03
2026-09-25T19:45:02Z,denver,2026-09-25,2026-09-25 13:45,13,72-73°F,0.367,0.29,-0.077,3919,0.22
2026-09-25T19:45:02Z,denver,2026-09-25,2026-09-25 13:45,13,74-75°F,0.0,0.46,0.46,4150,0.42
2026-09-25T19:45:02Z,denver,2026-09-25,2026-09-25 13:45,13,76-77°F,0.0,0.29,0.29,3536,0.15
2026-09-25T19:45:02Z,denver,2026-09-25,2026-09-25 13:45,13,78-79°F,0.0,0.06,0.06,1226,
2026-09-25T19:45:02Z,denver,2026-09-25,2026-09-25 13:45,13,80-81°F,0.0,0.004,0.004,1190,0.001
2026-09-25T19:45:02Z,denver,2026-09-25,2026-09-25 13:45,13,82-83°F,0.0,0.003,0.003,860,0.001
2026-09-25T19:45:02Z,denver,2026-09-25,2026-09-25 13:45,13,84-85°F,0.0,0.003,0.003,195,0.001
2026-09-25T19:45:02Z,denver,2026-09-25,2026-09-25 13:45,13,86°F or higher,0.0,0.003,0.003,98,0.001
2026-09-25T19:45:02Z,houston,2026-09-25,2026-09-25 14:45,14,83°F or below,0.0,0.001,0.001,100,
2026-09-25T19:45:02Z,houston,2026-09-25,2026-09-25 14:45,14,84-85°F,0.0,0.001,0.001,180,
2026-09-25T19:45:02Z,houston,2026-09-25,2026-09-25 14:45,14,86-87°F,0.0,0.001,0.001,2350,
2026-09-25T19:45:02Z,houston,2026-09-25,2026-09-25 14:45,14,88-89°F,0.933,0.11,-0.823,5731,0.02
2026-09-25T19:45:02Z,houston,2026-09-25,2026-09-25 14:45,14,90-91°F,0.067,0.73,0.663,3357,0.64
2026-09-25T19:45:02Z,houston,2026-09-25,2026-09-25 14:45,14,92-93°F,0.0,0.35,0.35,5571,0.18
2026-09-25T19:45:02Z,houston,2026-09-25,2026-09-25 14:45,14,94-95°F,0.0,0.03,0.03,2281,0.01
2026-09-25T19:45:02Z,houston,2026-09-25,2026-09-25 14:45,14,96-97°F,0.0,0.009,0.009,706,
2026-09-25T19:45:02Z,houston,2026-09-25,2026-09-25 14:45,14,98-99°F,0.0,0.001,0.001,30,
2026-09-25T19:45:02Z,houston,2026-09-25,2026-09-25 14:45,14,100-101°F,0.0,0.001,0.001,215,
2026-09-25T19:45:02Z,houston,2026-09-25,2026-09-25 14:45,14,102°F or higher,0.0,0.004,0.004,95,0.001
2026-09-25T19:45:02Z,los-angeles,2026-09-25,2026-09-25 12:45,12,73°F or below,0.0,0.001,0.001,1433,
2026-09-25T19:45:02Z,los-angeles,2026-09-25,2026-09-25 12:45,12,74-75°F,0.0,0.001,0.001,10869,
2026-09-25T19:45:02Z,los-angeles,2026-09-25,2026-09-25 12:45,12,76-77°F,0.833,0.85,0.017,8096,0.78
2026-09-25T19:45:02Z,los-angeles,2026-09-25,2026-09-25 12:45,12,78-79°F,0.133,0.18,0.047,5549,0.15
2026-09-25T19:45:02Z,los-angeles,2026-09-25,2026-09-25 12:45,12,80-81°F,0.0,0.015,0.015,4372,0.003
2026-09-25T19:45:02Z,los-angeles,2026-09-25,2026-09-25 12:45,12,82-83°F,0.033,0.003,-0.03,2425,0.001
2026-09-25T19:45:02Z,los-angeles,2026-09-25,2026-09-25 12:45,12,84-85°F,0.0,0.01,0.01,1614,
2026-09-25T19:45:02Z,los-angeles,2026-09-25,2026-09-25 12:45,12,86-87°F,0.0,0.004,0.004,348,
2026-09-25T19:45:02Z,los-angeles,2026-09-25,2026-09-25 12:45,12,88-89°F,0.0,0.001,0.001,105,
2026-09-25T19:45:02Z,los-angeles,2026-09-25,2026-09-25 12:45,12,90-91°F,0.0,0.001,0.001,100,
2026-09-25T19:45:02Z,los-angeles,2026-09-25,2026-09-25 12:45,12,92°F or higher,0.0,0.005,0.005,510,
2026-09-25T19:45:02Z,mexico-city,2026-09-25,2026-09-25 13:45,13,16°C or below,0.0,0.001,0.001,1015,
2026-09-25T19:45:02Z,mexico-city,2026-09-25,2026-09-25 13:45,13,17°C,0.0,0.001,0.001,15,
2026-09-25T19:45:02Z,mexico-city,2026-09-25,2026-09-25 13:45,13,18°C,0.0,0.001,0.001,15,
2026-09-25T19:45:02Z,mexico-city,2026-09-25,2026-09-25 13:45,13,19°C,0.0,0.001,0.001,15,
2026-09-25T19:45:02Z,mexico-city,2026-09-25,2026-09-25 13:45,13,20°C,0.0,0.001,0.001,15,
2026-09-25T19:45:02Z,mexico-city,2026-09-25,2026-09-25 13:45,13,21°C,0.0,0.001,0.001,145,
2026-09-25T19:45:02Z,mexico-city,2026-09-25,2026-09-25 13:45,13,22°C,0.0,0.001,0.001,232,
2026-09-25T19:45:02Z,mexico-city,2026-09-25,2026-09-25 13:45,13,23°C,0.0,0.001,0.001,523,
2026-09-25T19:45:02Z,mexico-city,2026-09-25,2026-09-25 13:45,13,24°C,0.172,0.46,0.288,2763,0.12
2026-09-25T19:45:02Z,mexico-city,2026-09-25,2026-09-25 13:45,13,25°C,0.655,0.54,-0.115,3254,0.26
2026-09-25T19:45:02Z,mexico-city,2026-09-25,2026-09-25 13:45,13,26°C or higher,0.172,0.64,0.468,3943,0.31
2026-09-25T19:45:02Z,miami,2026-09-25,2026-09-25 15:45,15,75°F or below,0.0,0.001,0.001,95,
2026-09-25T19:45:02Z,miami,2026-09-25,2026-09-25 15:45,15,76-77°F,0.0,0.001,0.001,95,
2026-09-25T19:45:02Z,miami,2026-09-25,2026-09-25 15:45,15,78-79°F,0.0,0.001,0.001,260,
2026-09-25T19:45:02Z,miami,2026-09-25,2026-09-25 15:45,15,80-81°F,0.0,0.001,0.001,3878,
2026-09-25T19:45:02Z,miami,2026-09-25,2026-09-25 15:45,15,82-83°F,0.0,0.001,0.001,4316,
2026-09-25T19:45:02Z,miami,2026-09-25,2026-09-25 15:45,15,84-85°F,0.0,0.001,0.001,5134,
2026-09-25T19:45:02Z,miami,2026-09-25,2026-09-25 15:45,15,86-87°F,0.0,0.001,0.001,14064,
2026-09-25T19:45:02Z,miami,2026-09-25,2026-09-25 15:45,15,88-89°F,0.0,0.003,0.003,8913,0.001
2026-09-25T19:45:02Z,miami,2026-09-25,2026-09-25 15:45,15,90-91°F,0.967,0.98,0.013,11281,0.96
2026-09-25T19:45:02Z,miami,2026-09-25,2026-09-25 15:45,15,92-93°F,0.033,0.04,0.007,9118,0.01
2026-09-25T19:45:02Z,miami,2026-09-25,2026-09-25 15:45,15,94°F or higher,0.0,0.004,0.004,7607,0.002
2026-09-25T19:45:02Z,nyc,2026-09-25,2026-09-25 15:45,15,57°F or below,0.0,0.001,0.001,100,
2026-09-25T19:45:02Z,nyc,2026-09-25,2026-09-25 15:45,15,58-59°F,0.0,0.001,0.001,2710,
2026-09-25T19:45:02Z,nyc,2026-09-25,2026-09-25 15:45,15,60-61°F,0.0,0.001,0.001,4127,
2026-09-25T19:45:02Z,nyc,2026-09-25,2026-09-25 15:45,15,62-63°F,0.0,0.001,0.001,7388,
2026-09-25T19:45:02Z,nyc,2026-09-25,2026-09-25 15:45,15,64-65°F,0.0,0.001,0.001,5011,
2026-09-25T19:45:02Z,nyc,2026-09-25,2026-09-25 15:45,15,66-67°F,0.0,0.001,0.001,6584,
2026-09-25T19:45:02Z,nyc,2026-09-25,2026-09-25 15:45,15,68-69°F,0.833,0.4,-0.433,11442,0.38
2026-09-25T19:45:02Z,nyc,2026-09-25,2026-09-25 15:45,15,70-71°F,0.167,0.62,0.453,9303,0.59
2026-09-25T19:45:02Z,nyc,2026-09-25,2026-09-25 15:45,15,72-73°F,0.0,0.04,0.04,7720,0.01
2026-09-25T19:45:02Z,nyc,2026-09-25,2026-09-25 15:45,15,74-75°F,0.0,0.04,0.04,5327,
2026-09-25T19:45:02Z,nyc,2026-09-25,2026-09-25 15:45,15,76°F or higher,0.0,0.003,0.003,3191,
2026-09-25T19:45:02Z,panama-city,2026-09-25,2026-09-25 14:45,14,23°C or below,0.0,0.001,0.001,95,
2026-09-25T19:45:02Z,panama-city,2026-09-25,2026-09-25 14:45,14,24°C,0.0,0.001,0.001,25,
2026-09-25T19:45:02Z,panama-city,2026-09-25,2026-09-25 14:45,14,25°C,0.0,0.001,0.001,15,
2026-09-25T19:45:02Z,panama-city,2026-09-25,2026-09-25 14:45,14,26°C,0.0,0.001,0.001,42,
2026-09-25T19:45:02Z,panama-city,2026-09-25,2026-09-25 14:45,14,27°C,0.0,0.001,0.001,35,
2026-09-25T19:45:02Z,panama-city,2026-09-25,2026-09-25 14:45,14,28°C,0.0,0.001,0.001,165,
2026-09-25T19:45:02Z,panama-city,2026-09-25,2026-09-25 14:45,14,29°C,0.862,0.39,-0.472,1784,0.2
2026-09-25T19:45:02Z,panama-city,2026-09-25,2026-09-25 14:45,14,30°C,0.138,0.69,0.552,2356,0.51
2026-09-25T19:45:02Z,panama-city,2026-09-25,2026-09-25 14:45,14,31°C,0.0,0.05,0.05,2097,0.03
2026-09-25T19:45:02Z,panama-city,2026-09-25,2026-09-25 14:45,14,32°C,0.0,0.03,0.03,3494,0.02
2026-09-25T19:45:02Z,panama-city,2026-09-25,2026-09-25 14:45,14,33°C or higher,0.0,0.02,0.02,1431,
2026-09-25T19:45:02Z,san-francisco,2026-09-25,2026-09-25 12:45,12,61°F or below,0.0,0.001,0.001,630,
2026-09-25T19:45:02Z,san-francisco,2026-09-25,2026-09-25 12:45,12,62-63°F,0.0,0.001,0.001,1782,
2026-09-25T19:45:02Z,san-francisco,2026-09-25,2026-09-25 12:45,12,64-65°F,0.0,0.001,0.001,768,
2026-09-25T19:45:02Z,san-francisco,2026-09-25,2026-09-25 12:45,12,66-67°F,0.0,0.001,0.001,4244,
2026-09-25T19:45:02Z,san-francisco,2026-09-25,2026-09-25 12:45,12,68-69°F,0.2,0.19,-0.01,2301,0.05
2026-09-25T19:45:02Z,san-francisco,2026-09-25,2026-09-25 12:45,12,70-71°F,0.5,0.8,0.3,1582,0.3
2026-09-25T19:45:02Z,san-francisco,2026-09-25,2026-09-25 12:45,12,72-73°F,0.133,0.04,-0.093,3728,0.02
2026-09-25T19:45:02Z,san-francisco,2026-09-25,2026-09-25 12:45,12,74-75°F,0.0,0.007,0.007,3463,0.002
2026-09-25T19:45:02Z,san-francisco,2026-09-25,2026-09-25 12:45,12,76-77°F,0.033,0.008,-0.025,2481,
2026-09-25T19:45:02Z,san-francisco,2026-09-25,2026-09-25 12:45,12,78-79°F,0.067,0.589,0.522,1668,0.03
2026-09-25T19:45:02Z,san-francisco,2026-09-25,2026-09-25 12:45,12,80°F or higher,0.067,0.009,-0.058,545,0.001
2026-09-25T19:45:02Z,sao-paulo,2026-09-25,2026-09-25 16:45,16,22°C or below,0.0,0.001,0.001,1226,
2026-09-25T19:45:02Z,sao-paulo,2026-09-25,2026-09-25 16:45,16,23°C,0.0,0.001,0.001,1073,
2026-09-25T19:45:02Z,sao-paulo,2026-09-25,2026-09-25 16:45,16,24°C,0.0,0.001,0.001,1607,
2026-09-25T19:45:02Z,sao-paulo,2026-09-25,2026-09-25 16:45,16,25°C,0.0,0.001,0.001,1190,
2026-09-25T19:45:02Z,sao-paulo,2026-09-25,2026-09-25 16:45,16,26°C,0.0,0.001,0.001,3992,
2026-09-25T19:45:02Z,sao-paulo,2026-09-25,2026-09-25 16:45,16,27°C,0.0,0.001,0.001,3990,
2026-09-25T19:45:02Z,sao-paulo,2026-09-25,2026-09-25 16:45,16,28°C,1.0,0.999,-0.001,3265,0.981
2026-09-25T19:45:02Z,sao-paulo,2026-09-25,2026-09-25 16:45,16,29°C,0.0,0.019,0.019,4134,0.001
2026-09-25T19:45:02Z,sao-paulo,2026-09-25,2026-09-25 16:45,16,30°C,0.0,0.002,0.002,2484,0.001
2026-09-25T19:45:02Z,sao-paulo,2026-09-25,2026-09-25 16:45,16,31°C,0.0,0.003,0.003,1487,0.001
2026-09-25T19:45:02Z,sao-paulo,2026-09-25,2026-09-25 16:45,16,32°C or higher,0.0,0.002,0.002,1624,0.001
2026-09-25T19:45:02Z,seattle,2026-09-25,2026-09-25 12:45,12,49°F or below,0.0,0.001,0.001,95,
2026-09-25T19:45:02Z,seattle,2026-09-25,2026-09-25 12:45,12,50-51°F,0.0,0.001,0.001,3580,
2026-09-25T19:45:02Z,seattle,2026-09-25,2026-09-25 12:45,12,52-53°F,0.0,0.001,0.001,16299,
2026-09-25T19:45:02Z,seattle,2026-09-25,2026-09-25 12:45,12,54-55°F,0.0,0.001,0.001,16539,
2026-09-25T19:45:02Z,seattle,2026-09-25,2026-09-25 12:45,12,56-57°F,0.0,0.001,0.001,4945,
2026-09-25T19:45:02Z,seattle,2026-09-25,2026-09-25 12:45,12,58-59°F,0.0,0.001,0.001,14705,
2026-09-25T19:45:02Z,seattle,2026-09-25,2026-09-25 12:45,12,60-61°F,0.1,0.92,0.82,4436,0.86
2026-09-25T19:45:02Z,seattle,2026-09-25,2026-09-25 12:45,12,62-63°F,0.267,0.13,-0.137,3595,0.05
2026-09-25T19:45:02Z,seattle,2026-09-25,2026-09-25 12:45,12,64-65°F,0.367,0.008,-0.359,1573,0.001
2026-09-25T19:45:02Z,seattle,2026-09-25,2026-09-25 12:45,12,66-67°F,0.2,0.02,-0.18,869,0.001
2026-09-25T19:45:02Z,seattle,2026-09-25,2026-09-25 12:45,12,68°F or higher,0.067,0.002,-0.065,1395,0.001
2026-09-25T19:45:02Z,toronto,2026-09-25,2026-09-25 15:45,15,16°C or below,0.0,0.001,0.001,45,
2026-09-25T19:45:02Z,toronto,2026-09-25,2026-09-25 15:45,15,17°C,0.0,0.001,0.001,262,
2026-09-25T19:45:02Z,toronto,2026-09-25,2026-09-25 15:45,15,18°C,0.0,0.001,0.001,2614,
2026-09-25T19:45:02Z,toronto,2026-09-25,2026-09-25 15:45,15,19°C,0.0,0.001,0.001,2468,
2026-09-25T19:45:02Z,toronto,2026-09-25,2026-09-25 15:45,15,20°C,0.0,0.001,0.001,7205,
2026-09-25T19:45:02Z,toronto,2026-09-25,2026-09-25 15:45,15,21°C,0.9,0.96,0.06,3358,0.83
2026-09-25T19:45:02Z,toronto,2026-09-25,2026-09-25 15:45,15,22°C,0.067,0.17,0.103,2626,0.05
2026-09-25T19:45:02Z,toronto,2026-09-25,2026-09-25 15:45,15,23°C,0.033,0.009,-0.024,1856,0.001
2026-09-25T19:45:02Z,toronto,2026-09-25,2026-09-25 15:45,15,24°C,0.0,0.048,0.048,367,
2026-09-25T19:45:02Z,toronto,2026-09-25,2026-09-25 15:45,15,25°C,0.0,0.003,0.003,940,0.001
2026-09-25T19:45:02Z,toronto,2026-09-25,2026-09-25 15:45,15,26°C or higher,0.0,0.001,0.001,145,
2026-09-25T19:50:01Z,atlanta,2026-09-25,2026-09-25 15:50,15,69°F or below,0.0,0.001,0.001,614,
2026-09-25T19:50:01Z,atlanta,2026-09-25,2026-09-25 15:50,15,70-71°F,0.0,0.001,0.001,1271,
2026-09-25T19:50:01Z,atlanta,2026-09-25,2026-09-25 15:50,15,72-73°F,0.0,0.001,0.001,4373,
2026-09-25T19:50:01Z,atlanta,2026-09-25,2026-09-25 15:50,15,74-75°F,0.933,0.57,-0.363,5235,0.29
2026-09-25T19:50:01Z,atlanta,2026-09-25,2026-09-25 15:50,15,76-77°F,0.067,0.7,0.633,5218,0.42
2026-09-25T19:50:01Z,atlanta,2026-09-25,2026-09-25 15:50,15,78-79°F,0.0,0.12,0.12,5913,0.03
2026-09-25T19:50:01Z,atlanta,2026-09-25,2026-09-25 15:50,15,80-81°F,0.0,0.009,0.009,2062,0.001
2026-09-25T19:50:01Z,atlanta,2026-09-25,2026-09-25 15:50,15,82-83°F,0.0,0.006,0.006,2466,
2026-09-25T19:50:01Z,atlanta,2026-09-25,2026-09-25 15:50,15,84-85°F,0.0,0.001,0.001,422,
2026-09-25T19:50:01Z,atlanta,2026-09-25,2026-09-25 15:50,15,86-87°F,0.0,0.001,0.001,105,
2026-09-25T19:50:01Z,atlanta,2026-09-25,2026-09-25 15:50,15,88°F or higher,0.0,0.001,0.001,105,
2026-09-25T19:50:01Z,dallas,2026-09-25,2026-09-25 14:50,14,85°F or below,0.0,0.001,0.001,866,
2026-09-25T19:50:01Z,dallas,2026-09-25,2026-09-25 14:50,14,86-87°F,0.367,0.001,-0.366,1254,
2026-09-25T19:50:01Z,dallas,2026-09-25,2026-09-25 14:50,14,88-89°F,0.533,0.06,-0.473,6794,0.02
2026-09-25T19:50:01Z,dallas,2026-09-25,2026-09-25 14:50,14,90-91°F,0.1,0.74,0.64,4531,0.59
2026-09-25T19:50:01Z,dallas,2026-09-25,2026-09-25 14:50,14,92-93°F,0.0,0.4,0.4,4336,0.25
2026-09-25T19:50:01Z,dallas,2026-09-25,2026-09-25 14:50,14,94-95°F,0.0,0.04,0.04,4714,0.01
2026-09-25T19:50:01Z,dallas,2026-09-25,2026-09-25 14:50,14,96-97°F,0.0,0.02,0.02,2676,
2026-09-25T19:50:01Z,dallas,2026-09-25,2026-09-25 14:50,14,98-99°F,0.0,0.005,0.005,3959,0.001
2026-09-25T19:50:01Z,dallas,2026-09-25,2026-09-25 14:50,14,100-101°F,0.0,0.005,0.005,1172,
2026-09-25T19:50:01Z,dallas,2026-09-25,2026-09-25 14:50,14,102-103°F,0.0,0.001,0.001,95,
2026-09-25T19:50:01Z,dallas,2026-09-25,2026-09-25 14:50,14,104°F or higher,0.0,0.001,0.001,165,
2026-09-25T19:50:01Z,miami,2026-09-25,2026-09-25 15:50,15,75°F or below,0.0,0.001,0.001,95,
2026-09-25T19:50:01Z,miami,2026-09-25,2026-09-25 15:50,15,76-77°F,0.0,0.001,0.001,95,
2026-09-25T19:50:01Z,miami,2026-09-25,2026-09-25 15:50,15,78-79°F,0.0,0.001,0.001,260,
2026-09-25T19:50:01Z,miami,2026-09-25,2026-09-25 15:50,15,80-81°F,0.0,0.001,0.001,3878,
2026-09-25T19:50:01Z,miami,2026-09-25,2026-09-25 15:50,15,82-83°F,0.0,0.001,0.001,4316,
2026-09-25T19:50:01Z,miami,2026-09-25,2026-09-25 15:50,15,84-85°F,0.0,0.001,0.001,5134,
2026-09-25T19:50:01Z,miami,2026-09-25,2026-09-25 15:50,15,86-87°F,0.0,0.001,0.001,14064,
2026-09-25T19:50:01Z,miami,2026-09-25,2026-09-25 15:50,15,88-89°F,0.0,0.001,0.001,8913,
2026-09-25T19:50:01Z,miami,2026-09-25,2026-09-25 15:50,15,90-91°F,0.967,0.98,0.013,11281,0.97
2026-09-25T19:50:01Z,miami,2026-09-25,2026-09-25 15:50,15,92-93°F,0.033,0.04,0.007,9118,0.01
2026-09-25T19:50:01Z,miami,2026-09-25,2026-09-25 15:50,15,94°F or higher,0.0,0.004,0.004,7607,0.002
2026-09-25T19:50:01Z,nyc,2026-09-25,2026-09-25 15:50,15,57°F or below,0.0,0.001,0.001,100,
2026-09-25T19:50:01Z,nyc,2026-09-25,2026-09-25 15:50,15,58-59°F,0.0,0.001,0.001,2710,
2026-09-25T19:50:01Z,nyc,2026-09-25,2026-09-25 15:50,15,60-61°F,0.0,0.001,0.001,4127,
2026-09-25T19:50:01Z,nyc,2026-09-25,2026-09-25 15:50,15,62-63°F,0.0,0.001,0.001,7388,
2026-09-25T19:50:01Z,nyc,2026-09-25,2026-09-25 15:50,15,64-65°F,0.0,0.001,0.001,5011,
2026-09-25T19:50:01Z,nyc,2026-09-25,2026-09-25 15:50,15,66-67°F,0.0,0.001,0.001,6584,
2026-09-25T19:50:01Z,nyc,2026-09-25,2026-09-25 15:50,15,68-69°F,0.833,0.58,-0.253,11442,0.56
2026-09-25T19:50:01Z,nyc,2026-09-25,2026-09-25 15:50,15,70-71°F,0.167,0.43,0.263,9303,0.42
2026-09-25T19:50:01Z,nyc,2026-09-25,2026-09-25 15:50,15,72-73°F,0.0,0.03,0.03,7720,0.01
2026-09-25T19:50:01Z,nyc,2026-09-25,2026-09-25 15:50,15,74-75°F,0.0,0.02,0.02,5327,
2026-09-25T19:50:01Z,nyc,2026-09-25,2026-09-25 15:50,15,76°F or higher,0.0,0.003,0.003,3191,
2026-09-25T19:50:01Z,toronto,2026-09-25,2026-09-25 15:50,15,16°C or below,0.0,0.001,0.001,45,
2026-09-25T19:50:01Z,toronto,2026-09-25,2026-09-25 15:50,15,17°C,0.0,0.001,0.001,262,
2026-09-25T19:50:01Z,toronto,2026-09-25,2026-09-25 15:50,15,18°C,0.0,0.001,0.001,2614,
2026-09-25T19:50:01Z,toronto,2026-09-25,2026-09-25 15:50,15,19°C,0.0,0.001,0.001,2468,
2026-09-25T19:50:01Z,toronto,2026-09-25,2026-09-25 15:50,15,20°C,0.0,0.001,0.001,7205,
2026-09-25T19:50:01Z,toronto,2026-09-25,2026-09-25 15:50,15,21°C,0.9,0.96,0.06,3358,0.76
2026-09-25T19:50:01Z,toronto,2026-09-25,2026-09-25 15:50,15,22°C,0.067,0.15,0.083,2626,0.05
2026-09-25T19:50:01Z,toronto,2026-09-25,2026-09-25 15:50,15,23°C,0.033,0.009,-0.024,1856,0.001
2026-09-25T19:50:01Z,toronto,2026-09-25,2026-09-25 15:50,15,24°C,0.0,0.048,0.048,367,
2026-09-25T19:50:01Z,toronto,2026-09-25,2026-09-25 15:50,15,25°C,0.0,0.003,0.003,940,0.001
2026-09-25T19:50:01Z,toronto,2026-09-25,2026-09-25 15:50,15,26°C or higher,0.0,0.001,0.001,145,
2026-09-25T19:55:01Z,atlanta,2026-09-25,2026-09-25 15:55,15,69°F or below,0.0,0.001,0.001,614,
2026-09-25T19:55:01Z,atlanta,2026-09-25,2026-09-25 15:55,15,70-71°F,0.0,0.001,0.001,1271,
2026-09-25T19:55:01Z,atlanta,2026-09-25,2026-09-25 15:55,15,72-73°F,0.0,0.001,0.001,4376,
2026-09-25T19:55:01Z,atlanta,2026-09-25,2026-09-25 15:55,15,74-75°F,0.933,0.58,-0.353,5255,0.26
2026-09-25T19:55:01Z,atlanta,2026-09-25,2026-09-25 15:55,15,76-77°F,0.067,0.73,0.663,5225,0.59
2026-09-25T19:55:01Z,atlanta,2026-09-25,2026-09-25 15:55,15,78-79°F,0.0,0.06,0.06,5920,0.03
2026-09-25T19:55:01Z,atlanta,2026-09-25,2026-09-25 15:55,15,80-81°F,0.0,0.009,0.009,2069,0.001
2026-09-25T19:55:01Z,atlanta,2026-09-25,2026-09-25 15:55,15,82-83°F,0.0,0.006,0.006,2466,
2026-09-25T19:55:01Z,atlanta,2026-09-25,2026-09-25 15:55,15,84-85°F,0.0,0.001,0.001,422,
2026-09-25T19:55:01Z,atlanta,2026-09-25,2026-09-25 15:55,15,86-87°F,0.0,0.001,0.001,105,
2026-09-25T19:55:01Z,atlanta,2026-09-25,2026-09-25 15:55,15,88°F or higher,0.0,0.001,0.001,105,
2026-09-25T19:55:01Z,miami,2026-09-25,2026-09-25 15:55,15,75°F or below,0.0,0.001,0.001,95,
2026-09-25T19:55:01Z,miami,2026-09-25,2026-09-25 15:55,15,76-77°F,0.0,0.001,0.001,95,
2026-09-25T19:55:01Z,miami,2026-09-25,2026-09-25 15:55,15,78-79°F,0.0,0.001,0.001,260,
2026-09-25T19:55:01Z,miami,2026-09-25,2026-09-25 15:55,15,80-81°F,0.0,0.001,0.001,3878,
2026-09-25T19:55:01Z,miami,2026-09-25,2026-09-25 15:55,15,82-83°F,0.0,0.001,0.001,4316,
2026-09-25T19:55:01Z,miami,2026-09-25,2026-09-25 15:55,15,84-85°F,0.0,0.001,0.001,5134,
2026-09-25T19:55:01Z,miami,2026-09-25,2026-09-25 15:55,15,86-87°F,0.0,0.001,0.001,14064,
2026-09-25T19:55:01Z,miami,2026-09-25,2026-09-25 15:55,15,88-89°F,0.0,0.001,0.001,8913,
2026-09-25T19:55:01Z,miami,2026-09-25,2026-09-25 15:55,15,90-91°F,0.967,1.0,0.033,11281,0.98
2026-09-25T19:55:01Z,miami,2026-09-25,2026-09-25 15:55,15,92-93°F,0.033,0.03,-0.003,9118,
2026-09-25T19:55:01Z,miami,2026-09-25,2026-09-25 15:55,15,94°F or higher,0.0,0.004,0.004,7607,0.002
2026-09-25T19:55:01Z,nyc,2026-09-25,2026-09-25 15:55,15,57°F or below,0.0,0.001,0.001,100,
2026-09-25T19:55:01Z,nyc,2026-09-25,2026-09-25 15:55,15,58-59°F,0.0,0.001,0.001,2710,
2026-09-25T19:55:01Z,nyc,2026-09-25,2026-09-25 15:55,15,60-61°F,0.0,0.001,0.001,4127,
2026-09-25T19:55:01Z,nyc,2026-09-25,2026-09-25 15:55,15,62-63°F,0.0,0.001,0.001,7388,
2026-09-25T19:55:01Z,nyc,2026-09-25,2026-09-25 15:55,15,64-65°F,0.0,0.001,0.001,5011,
2026-09-25T19:55:01Z,nyc,2026-09-25,2026-09-25 15:55,15,66-67°F,0.0,0.001,0.001,6584,
2026-09-25T19:55:01Z,nyc,2026-09-25,2026-09-25 15:55,15,68-69°F,0.833,0.45,-0.383,12675,0.42
2026-09-25T19:55:01Z,nyc,2026-09-25,2026-09-25 15:55,15,70-71°F,0.167,0.6,0.433,9841,0.5
2026-09-25T19:55:01Z,nyc,2026-09-25,2026-09-25 15:55,15,72-73°F,0.0,0.04,0.04,8441,0.01
2026-09-25T19:55:01Z,nyc,2026-09-25,2026-09-25 15:55,15,74-75°F,0.0,0.02,0.02,5327,
2026-09-25T19:55:01Z,nyc,2026-09-25,2026-09-25 15:55,15,76°F or higher,0.0,0.003,0.003,3191,
2026-09-25T19:55:01Z,toronto,2026-09-25,2026-09-25 15:55,15,16°C or below,0.0,0.001,0.001,45,
2026-09-25T19:55:01Z,toronto,2026-09-25,2026-09-25 15:55,15,17°C,0.0,0.001,0.001,262,
2026-09-25T19:55:01Z,toronto,2026-09-25,2026-09-25 15:55,15,18°C,0.0,0.001,0.001,2614,
2026-09-25T19:55:01Z,toronto,2026-09-25,2026-09-25 15:55,15,19°C,0.0,0.001,0.001,2468,
2026-09-25T19:55:01Z,toronto,2026-09-25,2026-09-25 15:55,15,20°C,0.0,0.001,0.001,7208,
2026-09-25T19:55:01Z,toronto,2026-09-25,2026-09-25 15:55,15,21°C,0.9,0.87,-0.03,3362,0.65
2026-09-25T19:55:01Z,toronto,2026-09-25,2026-09-25 15:55,15,22°C,0.067,0.37,0.303,2637,0.14
2026-09-25T19:55:01Z,toronto,2026-09-25,2026-09-25 15:55,15,23°C,0.033,0.009,-0.024,1857,0.001
2026-09-25T19:55:01Z,toronto,2026-09-25,2026-09-25 15:55,15,24°C,0.0,0.048,0.048,367,
2026-09-25T19:55:01Z,toronto,2026-09-25,2026-09-25 15:55,15,25°C,0.0,0.003,0.003,951,
2026-09-25T19:55:01Z,toronto,2026-09-25,2026-09-25 15:55,15,26°C or higher,0.0,0.001,0.001,145,
2026-09-25T20:00:02Z,atlanta,2026-09-25,2026-09-25 16:00,16,69°F or below,0.0,0.001,0.001,614,
2026-09-25T20:00:02Z,atlanta,2026-09-25,2026-09-25 16:00,16,70-71°F,0.0,0.001,0.001,1271,
2026-09-25T20:00:02Z,atlanta,2026-09-25,2026-09-25 16:00,16,72-73°F,0.0,0.001,0.001,4376,
2026-09-25T20:00:02Z,atlanta,2026-09-25,2026-09-25 16:00,16,74-75°F,1.0,0.58,-0.42,5255,0.26
2026-09-25T20:00:02Z,atlanta,2026-09-25,2026-09-25 16:00,16,76-77°F,0.0,0.73,0.73,5225,0.59
2026-09-25T20:00:02Z,atlanta,2026-09-25,2026-09-25 16:00,16,78-79°F,0.0,0.06,0.06,5920,0.03
2026-09-25T20:00:02Z,atlanta,2026-09-25,2026-09-25 16:00,16,80-81°F,0.0,0.009,0.009,2069,0.001
2026-09-25T20:00:02Z,atlanta,2026-09-25,2026-09-25 16:00,16,82-83°F,0.0,0.006,0.006,2466,
2026-09-25T20:00:02Z,atlanta,2026-09-25,2026-09-25 16:00,16,84-85°F,0.0,0.001,0.001,422,
2026-09-25T20:00:02Z,atlanta,2026-09-25,2026-09-25 16:00,16,86-87°F,0.0,0.001,0.001,105,
2026-09-25T20:00:02Z,atlanta,2026-09-25,2026-09-25 16:00,16,88°F or higher,0.0,0.001,0.001,105,
2026-09-25T20:00:02Z,austin,2026-09-25,2026-09-25 15:00,15,87°F or below,0.0,0.001,0.001,100,
2026-09-25T20:00:02Z,austin,2026-09-25,2026-09-25 15:00,15,88-89°F,0.0,0.001,0.001,180,
2026-09-25T20:00:02Z,austin,2026-09-25,2026-09-25 15:00,15,90-91°F,0.0,0.001,0.001,186,
2026-09-25T20:00:02Z,austin,2026-09-25,2026-09-25 15:00,15,92-93°F,0.0,0.001,0.001,1026,
2026-09-25T20:00:02Z,austin,2026-09-25,2026-09-25 15:00,15,94-95°F,0.667,0.11,-0.557,3095,0.02
2026-09-25T20:00:02Z,austin,2026-09-25,2026-09-25 15:00,15,96-97°F,0.3,1.0,0.7,2125,0.46
2026-09-25T20:00:02Z,austin,2026-09-25,2026-09-25 15:00,15,98-99°F,0.033,0.8,0.767,1544,
2026-09-25T20:00:02Z,austin,2026-09-25,2026-09-25 15:00,15,100-101°F,0.0,0.89,0.89,684,
2026-09-25T20:00:02Z,austin,2026-09-25,2026-09-25 15:00,15,102-103°F,0.0,0.129,0.129,218,
2026-09-25T20:00:02Z,austin,2026-09-25,2026-09-25 15:00,15,104-105°F,0.0,0.001,0.001,405,
2026-09-25T20:00:02Z,austin,2026-09-25,2026-09-25 15:00,15,106°F or higher,0.0,0.001,0.001,169,
2026-09-25T20:00:02Z,buenos-aires,2026-09-25,2026-09-25 17:00,17,20°C or below,0.0,0.001,0.001,265,
2026-09-25T20:00:02Z,buenos-aires,2026-09-25,2026-09-25 17:00,17,21°C,0.0,0.001,0.001,105,
2026-09-25T20:00:02Z,buenos-aires,2026-09-25,2026-09-25 17:00,17,22°C,0.0,0.001,0.001,105,
2026-09-25T20:00:02Z,buenos-aires,2026-09-25,2026-09-25 17:00,17,23°C,0.0,0.001,0.001,2047,
2026-09-25T20:00:02Z,buenos-aires,2026-09-25,2026-09-25 17:00,17,24°C,0.0,0.001,0.001,2245,
2026-09-25T20:00:02Z,buenos-aires,2026-09-25,2026-09-25 17:00,17,25°C,0.0,0.001,0.001,1422,
2026-09-25T20:00:02Z,buenos-aires,2026-09-25,2026-09-25 17:00,17,26°C,0.0,0.001,0.001,2960,
2026-09-25T20:00:02Z,buenos-aires,2026-09-25,2026-09-25 17:00,17,27°C,1.0,0.999,-0.001,5771,0.996
2026-09-25T20:00:02Z,buenos-aires,2026-09-25,2026-09-25 17:00,17,28°C,0.0,0.005,0.005,2969,0.002
2026-09-25T20:00:02Z,buenos-aires,2026-09-25,2026-09-25 17:00,17,29°C,0.0,0.001,0.001,3831,
2026-09-25T20:00:02Z,buenos-aires,2026-09-25,2026-09-25 17:00,17,30°C or higher,0.0,0.001,0.001,2951,
2026-09-25T20:00:02Z,chicago,2026-09-25,2026-09-25 15:00,15,57°F or below,0.0,0.001,0.001,188,
2026-09-25T20:00:02Z,chicago,2026-09-25,2026-09-25 15:00,15,58-59°F,0.0,0.001,0.001,95,
2026-09-25T20:00:02Z,chicago,2026-09-25,2026-09-25 15:00,15,60-61°F,0.0,0.001,0.001,363,
2026-09-25T20:00:02Z,chicago,2026-09-25,2026-09-25 15:00,15,62-63°F,0.0,0.001,0.001,1796,
2026-09-25T20:00:02Z,chicago,2026-09-25,2026-09-25 15:00,15,64-65°F,1.0,0.79,-0.21,3919,0.34
2026-09-25T20:00:02Z,chicago,2026-09-25,2026-09-25 15:00,15,66-67°F,0.0,0.4,0.4,6897,0.31
2026-09-25T20:00:02Z,chicago,2026-09-25,2026-09-25 15:00,15,68-69°F,0.0,0.04,0.04,4718,0.01
2026-09-25T20:00:02Z,chicago,2026-09-25,2026-09-25 15:00,15,70-71°F,0.0,0.02,0.02,3524,
2026-09-25T20:00:02Z,chicago,2026-09-25,2026-09-25 15:00,15,72-73°F,0.0,0.006,0.006,3054,
2026-09-25T20:00:02Z,chicago,2026-09-25,2026-09-25 15:00,15,74-75°F,0.0,0.005,0.005,660,
2026-09-25T20:00:02Z,chicago,2026-09-25,2026-09-25 15:00,15,76°F or higher,0.0,0.001,0.001,100,
2026-09-25T20:00:02Z,dallas,2026-09-25,2026-09-25 15:00,15,85°F or below,0.0,0.001,0.001,866,
2026-09-25T20:00:02Z,dallas,2026-09-25,2026-09-25 15:00,15,86-87°F,0.767,0.001,-0.766,1255,
2026-09-25T20:00:02Z,dallas,2026-09-25,2026-09-25 15:00,15,88-89°F,0.2,0.63,0.43,6794,0.17
2026-09-25T20:00:02Z,dallas,2026-09-25,2026-09-25 15:00,15,90-91°F,0.033,0.61,0.577,4531,0.17
2026-09-25T20:00:02Z,dallas,2026-09-25,2026-09-25 15:00,15,92-93°F,0.0,0.72,0.72,4336,0.2
2026-09-25T20:00:02Z,dallas,2026-09-25,2026-09-25 15:00,15,94-95°F,0.0,0.05,0.05,4714,0.01
2026-09-25T20:00:02Z,dallas,2026-09-25,2026-09-25 15:00,15,96-97°F,0.0,0.02,0.02,2676,
2026-09-25T20:00:02Z,dallas,2026-09-25,2026-09-25 15:00,15,98-99°F,0.0,0.005,0.005,3959,0.001
2026-09-25T20:00:02Z,dallas,2026-09-25,2026-09-25 15:00,15,100-101°F,0.0,0.005,0.005,1172,
2026-09-25T20:00:02Z,dallas,2026-09-25,2026-09-25 15:00,15,102-103°F,0.0,0.001,0.001,95,
2026-09-25T20:00:02Z,dallas,2026-09-25,2026-09-25 15:00,15,104°F or higher,0.0,0.001,0.001,165,
2026-09-25T20:00:02Z,denver,2026-09-25,2026-09-25 14:00,14,67°F or below,0.0,0.001,0.001,1341,
2026-09-25T20:00:02Z,denver,2026-09-25,2026-09-25 14:00,14,68-69°F,0.533,0.009,-0.524,837,0.001
2026-09-25T20:00:02Z,denver,2026-09-25,2026-09-25 14:00,14,70-71°F,0.367,0.15,-0.217,1500,0.04
2026-09-25T20:00:02Z,denver,2026-09-25,2026-09-25 14:00,14,72-73°F,0.1,0.15,0.05,4034,0.1
2026-09-25T20:00:02Z,denver,2026-09-25,2026-09-25 14:00,14,74-75°F,0.0,0.45,0.45,4150,0.3
2026-09-25T20:00:02Z,denver,2026-09-25,2026-09-25 14:00,14,76-77°F,0.0,0.58,0.58,3556,0.22
2026-09-25T20:00:02Z,denver,2026-09-25,2026-09-25 14:00,14,78-79°F,0.0,0.07,0.07,1226,
2026-09-25T20:00:02Z,denver,2026-09-25,2026-09-25 14:00,14,80-81°F,0.0,0.01,0.01,1190,0.001
2026-09-25T20:00:02Z,denver,2026-09-25,2026-09-25 14:00,14,82-83°F,0.0,0.003,0.003,860,0.001
2026-09-25T20:00:02Z,denver,2026-09-25,2026-09-25 14:00,14,84-85°F,0.0,0.003,0.003,195,0.001
2026-09-25T20:00:02Z,denver,2026-09-25,2026-09-25 14:00,14,86°F or higher,0.0,0.003,0.003,98,0.001
2026-09-25T20:00:02Z,houston,2026-09-25,2026-09-25 15:00,15,83°F or below,0.0,0.001,0.001,100,
2026-09-25T20:00:02Z,houston,2026-09-25,2026-09-25 15:00,15,84-85°F,0.0,0.001,0.001,180,
2026-09-25T20:00:02Z,houston,2026-09-25,2026-09-25 15:00,15,86-87°F,0.0,0.001,0.001,2361,
2026-09-25T20:00:02Z,houston,2026-09-25,2026-09-25 15:00,15,88-89°F,1.0,0.12,-0.88,5741,0.02
2026-09-25T20:00:02Z,houston,2026-09-25,2026-09-25 15:00,15,90-91°F,0.0,0.73,0.73,3357,0.61
2026-09-25T20:00:02Z,houston,2026-09-25,2026-09-25 15:00,15,92-93°F,0.0,0.39,0.39,5571,0.18
2026-09-25T20:00:02Z,houston,2026-09-25,2026-09-25 15:00,15,94-95°F,0.0,0.03,0.03,2281,0.01
2026-09-25T20:00:02Z,houston,2026-09-25,2026-09-25 15:00,15,96-97°F,0.0,0.008,0.008,706,
2026-09-25T20:00:02Z,houston,2026-09-25,2026-09-25 15:00,15,98-99°F,0.0,0.001,0.001,30,
2026-09-25T20:00:02Z,houston,2026-09-25,2026-09-25 15:00,15,100-101°F,0.0,0.001,0.001,215,
2026-09-25T20:00:02Z,houston,2026-09-25,2026-09-25 15:00,15,102°F or higher,0.0,0.004,0.004,95,0.001
2026-09-25T20:00:02Z,los-angeles,2026-09-25,2026-09-25 13:00,13,73°F or below,0.0,0.001,0.001,1433,
2026-09-25T20:00:02Z,los-angeles,2026-09-25,2026-09-25 13:00,13,74-75°F,0.0,0.001,0.001,10869,
2026-09-25T20:00:02Z,los-angeles,2026-09-25,2026-09-25 13:00,13,76-77°F,0.933,0.86,-0.073,8142,0.78
2026-09-25T20:00:02Z,los-angeles,2026-09-25,2026-09-25 13:00,13,78-79°F,0.033,0.18,0.147,5560,0.15
2026-09-25T20:00:02Z,los-angeles,2026-09-25,2026-09-25 13:00,13,80-81°F,0.0,0.019,0.019,4677,0.003
2026-09-25T20:00:02Z,los-angeles,2026-09-25,2026-09-25 13:00,13,82-83°F,0.033,0.003,-0.03,2431,0.001
2026-09-25T20:00:02Z,los-angeles,2026-09-25,2026-09-25 13:00,13,84-85°F,0.0,0.01,0.01,1614,
2026-09-25T20:00:02Z,los-angeles,2026-09-25,2026-09-25 13:00,13,86-87°F,0.0,0.004,0.004,348,
2026-09-25T20:00:02Z,los-angeles,2026-09-25,2026-09-25 13:00,13,88-89°F,0.0,0.001,0.001,105,
2026-09-25T20:00:02Z,los-angeles,2026-09-25,2026-09-25 13:00,13,90-91°F,0.0,0.001,0.001,100,
2026-09-25T20:00:02Z,los-angeles,2026-09-25,2026-09-25 13:00,13,92°F or higher,0.0,0.005,0.005,510,
2026-09-25T20:00:02Z,mexico-city,2026-09-25,2026-09-25 14:00,14,16°C or below,0.0,0.001,0.001,1015,
2026-09-25T20:00:02Z,mexico-city,2026-09-25,2026-09-25 14:00,14,17°C,0.0,0.001,0.001,15,
2026-09-25T20:00:02Z,mexico-city,2026-09-25,2026-09-25 14:00,14,18°C,0.0,0.001,0.001,15,
2026-09-25T20:00:02Z,mexico-city,2026-09-25,2026-09-25 14:00,14,19°C,0.0,0.001,0.001,15,
2026-09-25T20:00:02Z,mexico-city,2026-09-25,2026-09-25 14:00,14,20°C,0.0,0.001,0.001,15,
2026-09-25T20:00:02Z,mexico-city,2026-09-25,2026-09-25 14:00,14,21°C,0.0,0.001,0.001,145,
2026-09-25T20:00:02Z,mexico-city,2026-09-25,2026-09-25 14:00,14,22°C,0.0,0.001,0.001,232,
2026-09-25T20:00:02Z,mexico-city,2026-09-25,2026-09-25 14:00,14,23°C,0.0,0.001,0.001,523,
2026-09-25T20:00:02Z,mexico-city,2026-09-25,2026-09-25 14:00,14,24°C,0.793,0.009,-0.784,3211,0.001
2026-09-25T20:00:02Z,mexico-city,2026-09-25,2026-09-25 14:00,14,25°C,0.207,0.54,0.333,3254,0.34
2026-09-25T20:00:02Z,mexico-city,2026-09-25,2026-09-25 14:00,14,26°C or higher,0.0,0.64,0.64,3943,0.42
2026-09-25T20:00:02Z,miami,2026-09-25,2026-09-25 16:00,16,75°F or below,0.0,0.001,0.001,95,
2026-09-25T20:00:02Z,miami,2026-09-25,2026-09-25 16:00,16,76-77°F,0.0,0.001,0.001,95,
2026-09-25T20:00:02Z,miami,2026-09-25,2026-09-25 16:00,16,78-79°F,0.0,0.001,0.001,260,
2026-09-25T20:00:02Z,miami,2026-09-25,2026-09-25 16:00,16,80-81°F,0.0,0.001,0.001,3878,
2026-09-25T20:00:02Z,miami,2026-09-25,2026-09-25 16:00,16,82-83°F,0.0,0.001,0.001,4316,
2026-09-25T20:00:02Z,miami,2026-09-25,2026-09-25 16:00,16,84-85°F,0.0,0.001,0.001,5134,
2026-09-25T20:00:02Z,miami,2026-09-25,2026-09-25 16:00,16,86-87°F,0.0,0.001,0.001,14070,
2026-09-25T20:00:02Z,miami,2026-09-25,2026-09-25 16:00,16,88-89°F,0.0,0.001,0.001,8958,
2026-09-25T20:00:02Z,miami,2026-09-25,2026-09-25 16:00,16,90-91°F,1.0,1.0,0.0,11392,0.97
2026-09-25T20:00:02Z,miami,2026-09-25,2026-09-25 16:00,16,92-93°F,0.0,0.03,0.03,9314,
2026-09-25T20:00:02Z,miami,2026-09-25,2026-09-25 16:00,16,94°F or higher,0.0,0.004,0.004,7691,0.002
2026-09-25T20:00:02Z,nyc,2026-09-25,2026-09-25 16:00,16,57°F or below,0.0,0.001,0.001,100,
2026-09-25T20:00:02Z,nyc,2026-09-25,2026-09-25 16:00,16,58-59°F,0.0,0.001,0.001,2710,
2026-09-25T20:00:02Z,nyc,2026-09-25,2026-09-25 16:00,16,60-61°F,0.0,0.001,0.001,4127,
2026-09-25T20:00:02Z,nyc,2026-09-25,2026-09-25 16:00,16,62-63°F,0.0,0.001,0.001,7388,
2026-09-25T20:00:02Z,nyc,2026-09-25,2026-09-25 16:00,16,64-65°F,0.0,0.001,0.001,5011,
2026-09-25T20:00:02Z,nyc,2026-09-25,2026-09-25 16:00,16,66-67°F,0.0,0.001,0.001,6584,
2026-09-25T20:00:02Z,nyc,2026-09-25,2026-09-25 16:00,16,68-69°F,0.933,0.68,-0.253,12675,0.61
2026-09-25T20:00:02Z,nyc,2026-09-25,2026-09-25 16:00,16,70-71°F,0.067,0.38,0.313,9841,0.36
2026-09-25T20:00:02Z,nyc,2026-09-25,2026-09-25 16:00,16,72-73°F,0.0,0.01,0.01,8441,
2026-09-25T20:00:02Z,nyc,2026-09-25,2026-09-25 16:00,16,74-75°F,0.0,0.01,0.01,5327,
2026-09-25T20:00:02Z,nyc,2026-09-25,2026-09-25 16:00,16,76°F or higher,0.0,0.001,0.001,3191,
2026-09-25T20:00:02Z,panama-city,2026-09-25,2026-09-25 15:00,15,23°C or below,0.0,0.001,0.001,95,
2026-09-25T20:00:02Z,panama-city,2026-09-25,2026-09-25 15:00,15,24°C,0.0,0.001,0.001,25,
2026-09-25T20:00:02Z,panama-city,2026-09-25,2026-09-25 15:00,15,25°C,0.0,0.001,0.001,15,
2026-09-25T20:00:02Z,panama-city,2026-09-25,2026-09-25 15:00,15,26°C,0.0,0.001,0.001,42,
2026-09-25T20:00:02Z,panama-city,2026-09-25,2026-09-25 15:00,15,27°C,0.0,0.001,0.001,35,
2026-09-25T20:00:02Z,panama-city,2026-09-25,2026-09-25 15:00,15,28°C,0.0,0.001,0.001,165,
2026-09-25T20:00:02Z,panama-city,2026-09-25,2026-09-25 15:00,15,29°C,0.966,0.53,-0.436,1837,0.26
2026-09-25T20:00:02Z,panama-city,2026-09-25,2026-09-25 15:00,15,30°C,0.034,0.67,0.636,2365,0.36
2026-09-25T20:00:02Z,panama-city,2026-09-25,2026-09-25 15:00,15,31°C,0.0,0.07,0.07,2106,0.02
2026-09-25T20:00:02Z,panama-city,2026-09-25,2026-09-25 15:00,15,32°C,0.0,0.03,0.03,3521,0.02
2026-09-25T20:00:02Z,panama-city,2026-09-25,2026-09-25 15:00,15,33°C or higher,0.0,0.01,0.01,1431,
2026-09-25T20:00:02Z,san-francisco,2026-09-25,2026-09-25 13:00,13,61°F or below,0.0,0.001,0.001,630,
2026-09-25T20:00:02Z,san-francisco,2026-09-25,2026-09-25 13:00,13,62-63°F,0.0,0.001,0.001,1782,
2026-09-25T20:00:02Z,san-francisco,2026-09-25,2026-09-25 13:00,13,64-65°F,0.0,0.001,0.001,768,
2026-09-25T20:00:02Z,san-francisco,2026-09-25,2026-09-25 13:00,13,66-67°F,0.0,0.001,0.001,4244,
2026-09-25T20:00:02Z,san-francisco,2026-09-25,2026-09-25 13:00,13,68-69°F,0.467,0.05,-0.417,2307,0.02
2026-09-25T20:00:02Z,san-francisco,2026-09-25,2026-09-25 13:00,13,70-71°F,0.367,0.86,0.493,1582,0.39
2026-09-25T20:00:02Z,san-francisco,2026-09-25,2026-09-25 13:00,13,72-73°F,0.033,0.05,0.017,3969,0.01
2026-09-25T20:00:02Z,san-francisco,2026-09-25,2026-09-25 13:00,13,74-75°F,0.033,0.007,-0.026,3952,0.002
2026-09-25T20:00:02Z,san-francisco,2026-09-25,2026-09-25 13:00,13,76-77°F,0.033,0.008,-0.025,2481,
2026-09-25T20:00:02Z,san-francisco,2026-09-25,2026-09-25 13:00,13,78-79°F,0.033,0.099,0.066,1668,0.061
2026-09-25T20:00:02Z,san-francisco,2026-09-25,2026-09-25 13:00,13,80°F or higher,0.033,0.004,-0.029,545,0.001
2026-09-25T20:00:02Z,sao-paulo,2026-09-25,2026-09-25 17:00,17,22°C or below,0.0,0.001,0.001,1226,
2026-09-25T20:00:02Z,sao-paulo,2026-09-25,2026-09-25 17:00,17,23°C,0.0,0.001,0.001,1073,
2026-09-25T20:00:02Z,sao-paulo,2026-09-25,2026-09-25 17:00,17,24°C,0.0,0.001,0.001,1607,
2026-09-25T20:00:02Z,sao-paulo,2026-09-25,2026-09-25 17:00,17,25°C,0.0,0.001,0.001,1190,
2026-09-25T20:00:02Z,sao-paulo,2026-09-25,2026-09-25 17:00,17,26°C,0.0,0.001,0.001,3992,
2026-09-25T20:00:02Z,sao-paulo,2026-09-25,2026-09-25 17:00,17,27°C,0.0,0.001,0.001,3990,
2026-09-25T20:00:02Z,sao-paulo,2026-09-25,2026-09-25 17:00,17,28°C,1.0,0.997,-0.003,3265,0.98
2026-09-25T20:00:02Z,sao-paulo,2026-09-25,2026-09-25 17:00,17,29°C,0.0,0.01,0.01,4134,0.001
2026-09-25T20:00:02Z,sao-paulo,2026-09-25,2026-09-25 17:00,17,30°C,0.0,0.002,0.002,2544,
2026-09-25T20:00:02Z,sao-paulo,2026-09-25,2026-09-25 17:00,17,31°C,0.0,0.007,0.007,1487,0.001
2026-09-25T20:00:02Z,sao-paulo,2026-09-25,2026-09-25 17:00,17,32°C or higher,0.0,0.002,0.002,1664,0.001
2026-09-25T20:00:02Z,seattle,2026-09-25,2026-09-25 13:00,13,49°F or below,0.0,0.001,0.001,95,
2026-09-25T20:00:02Z,seattle,2026-09-25,2026-09-25 13:00,13,50-51°F,0.0,0.001,0.001,3580,
2026-09-25T20:00:02Z,seattle,2026-09-25,2026-09-25 13:00,13,52-53°F,0.0,0.001,0.001,16299,
2026-09-25T20:00:02Z,seattle,2026-09-25,2026-09-25 13:00,13,54-55°F,0.0,0.001,0.001,16539,
2026-09-25T20:00:02Z,seattle,2026-09-25,2026-09-25 13:00,13,56-57°F,0.0,0.001,0.001,4945,
2026-09-25T20:00:02Z,seattle,2026-09-25,2026-09-25 13:00,13,58-59°F,0.0,0.001,0.001,14705,
2026-09-25T20:00:02Z,seattle,2026-09-25,2026-09-25 13:00,13,60-61°F,0.333,0.95,0.617,4556,0.81
2026-09-25T20:00:02Z,seattle,2026-09-25,2026-09-25 13:00,13,62-63°F,0.467,0.18,-0.287,3595,0.06
2026-09-25T20:00:02Z,seattle,2026-09-25,2026-09-25 13:00,13,64-65°F,0.133,0.008,-0.125,1573,0.001
2026-09-25T20:00:02Z,seattle,2026-09-25,2026-09-25 13:00,13,66-67°F,0.067,0.007,-0.06,889,0.001
2026-09-25T20:00:02Z,seattle,2026-09-25,2026-09-25 13:00,13,68°F or higher,0.0,0.002,0.002,1395,0.001
2026-09-25T20:00:02Z,toronto,2026-09-25,2026-09-25 16:00,16,16°C or below,0.0,0.001,0.001,45,
2026-09-25T20:00:02Z,toronto,2026-09-25,2026-09-25 16:00,16,17°C,0.0,0.001,0.001,262,
2026-09-25T20:00:02Z,toronto,2026-09-25,2026-09-25 16:00,16,18°C,0.0,0.001,0.001,2614,
2026-09-25T20:00:02Z,toronto,2026-09-25,2026-09-25 16:00,16,19°C,0.0,0.001,0.001,2468,
2026-09-25T20:00:02Z,toronto,2026-09-25,2026-09-25 16:00,16,20°C,0.0,0.001,0.001,7208,
2026-09-25T20:00:02Z,toronto,2026-09-25,2026-09-25 16:00,16,21°C,0.967,0.8,-0.167,3362,0.68
2026-09-25T20:00:02Z,toronto,2026-09-25,2026-09-25 16:00,16,22°C,0.0,0.77,0.77,2637,0.21
2026-09-25T20:00:02Z,toronto,2026-09-25,2026-09-25 16:00,16,23°C,0.033,0.009,-0.024,1857,
2026-09-25T20:00:02Z,toronto,2026-09-25,2026-09-25 16:00,16,24°C,0.0,0.001,0.001,367,
2026-09-25T20:00:02Z,toronto,2026-09-25,2026-09-25 16:00,16,25°C,0.0,0.001,0.001,951,
2026-09-25T20:00:02Z,toronto,2026-09-25,2026-09-25 16:00,16,26°C or higher,0.0,0.001,0.001,145,
2026-09-25T20:05:02Z,atlanta,2026-09-25,2026-09-25 16:05,16,69°F or below,0.0,0.001,0.001,614,
2026-09-25T20:05:02Z,atlanta,2026-09-25,2026-09-25 16:05,16,70-71°F,0.0,0.001,0.001,1271,
2026-09-25T20:05:02Z,atlanta,2026-09-25,2026-09-25 16:05,16,72-73°F,0.0,0.001,0.001,4376,
2026-09-25T20:05:02Z,atlanta,2026-09-25,2026-09-25 16:05,16,74-75°F,1.0,0.59,-0.41,5255,0.34
2026-09-25T20:05:02Z,atlanta,2026-09-25,2026-09-25 16:05,16,76-77°F,0.0,0.47,0.47,5225,0.4
2026-09-25T20:05:02Z,atlanta,2026-09-25,2026-09-25 16:05,16,78-79°F,0.0,0.06,0.06,5920,0.02
2026-09-25T20:05:02Z,atlanta,2026-09-25,2026-09-25 16:05,16,80-81°F,0.0,0.007,0.007,2069,0.001
2026-09-25T20:05:02Z,atlanta,2026-09-25,2026-09-25 16:05,16,82-83°F,0.0,0.006,0.006,2466,
2026-09-25T20:05:02Z,atlanta,2026-09-25,2026-09-25 16:05,16,84-85°F,0.0,0.001,0.001,422,
2026-09-25T20:05:02Z,atlanta,2026-09-25,2026-09-25 16:05,16,86-87°F,0.0,0.001,0.001,105,
2026-09-25T20:05:02Z,atlanta,2026-09-25,2026-09-25 16:05,16,88°F or higher,0.0,0.001,0.001,105,
2026-09-25T20:05:02Z,austin,2026-09-25,2026-09-25 15:05,15,87°F or below,0.0,0.001,0.001,100,
2026-09-25T20:05:02Z,austin,2026-09-25,2026-09-25 15:05,15,88-89°F,0.0,0.001,0.001,180,
2026-09-25T20:05:02Z,austin,2026-09-25,2026-09-25 15:05,15,90-91°F,0.0,0.001,0.001,186,
2026-09-25T20:05:02Z,austin,2026-09-25,2026-09-25 15:05,15,92-93°F,0.0,0.001,0.001,1026,
2026-09-25T20:05:02Z,austin,2026-09-25,2026-09-25 15:05,15,94-95°F,0.667,0.03,-0.637,3095,0.01
2026-09-25T20:05:02Z,austin,2026-09-25,2026-09-25 15:05,15,96-97°F,0.3,1.0,0.7,2125,0.46
2026-09-25T20:05:02Z,austin,2026-09-25,2026-09-25 15:05,15,98-99°F,0.033,0.88,0.847,1544,
2026-09-25T20:05:02Z,austin,2026-09-25,2026-09-25 15:05,15,100-101°F,0.0,0.86,0.86,684,
2026-09-25T20:05:02Z,austin,2026-09-25,2026-09-25 15:05,15,102-103°F,0.0,0.125,0.125,218,
2026-09-25T20:05:02Z,austin,2026-09-25,2026-09-25 15:05,15,104-105°F,0.0,0.001,0.001,405,
2026-09-25T20:05:02Z,austin,2026-09-25,2026-09-25 15:05,15,106°F or higher,0.0,0.001,0.001,169,
2026-09-25T20:05:02Z,chicago,2026-09-25,2026-09-25 15:05,15,57°F or below,0.0,0.001,0.001,188,
2026-09-25T20:05:02Z,chicago,2026-09-25,2026-09-25 15:05,15,58-59°F,0.0,0.001,0.001,95,
2026-09-25T20:05:02Z,chicago,2026-09-25,2026-09-25 15:05,15,60-61°F,0.0,0.001,0.001,363,
2026-09-25T20:05:02Z,chicago,2026-09-25,2026-09-25 15:05,15,62-63°F,0.0,0.001,0.001,1796,
2026-09-25T20:05:02Z,chicago,2026-09-25,2026-09-25 15:05,15,64-65°F,1.0,0.92,-0.08,3919,0.52
2026-09-25T20:05:02Z,chicago,2026-09-25,2026-09-25 15:05,15,66-67°F,0.0,0.31,0.31,6897,0.05
2026-09-25T20:05:02Z,chicago,2026-09-25,2026-09-25 15:05,15,68-69°F,0.0,0.02,0.02,4718,0.01
2026-09-25T20:05:02Z,chicago,2026-09-25,2026-09-25 15:05,15,70-71°F,0.0,0.02,0.02,3524,
2026-09-25T20:05:02Z,chicago,2026-09-25,2026-09-25 15:05,15,72-73°F,0.0,0.006,0.006,3054,
2026-09-25T20:05:02Z,chicago,2026-09-25,2026-09-25 15:05,15,74-75°F,0.0,0.005,0.005,660,
2026-09-25T20:05:02Z,chicago,2026-09-25,2026-09-25 15:05,15,76°F or higher,0.0,0.001,0.001,100,
2026-09-25T20:05:02Z,dallas,2026-09-25,2026-09-25 15:05,15,85°F or below,0.0,0.001,0.001,866,
2026-09-25T20:05:02Z,dallas,2026-09-25,2026-09-25 15:05,15,86-87°F,0.767,0.001,-0.766,1255,
2026-09-25T20:05:02Z,dallas,2026-09-25,2026-09-25 15:05,15,88-89°F,0.2,0.33,0.13,6794,0.08
2026-09-25T20:05:02Z,dallas,2026-09-25,2026-09-25 15:05,15,90-91°F,0.033,0.63,0.597,4531,0.46
2026-09-25T20:05:02Z,dallas,2026-09-25,2026-09-25 15:05,15,92-93°F,0.0,0.46,0.46,4336,0.21
2026-09-25T20:05:02Z,dallas,2026-09-25,2026-09-25 15:05,15,94-95°F,0.0,0.05,0.05,4714,0.02
2026-09-25T20:05:02Z,dallas,2026-09-25,2026-09-25 15:05,15,96-97°F,0.0,0.02,0.02,2676,
2026-09-25T20:05:02Z,dallas,2026-09-25,2026-09-25 15:05,15,98-99°F,0.0,0.005,0.005,3959,0.001
2026-09-25T20:05:02Z,dallas,2026-09-25,2026-09-25 15:05,15,100-101°F,0.0,0.005,0.005,1172,
2026-09-25T20:05:02Z,dallas,2026-09-25,2026-09-25 15:05,15,102-103°F,0.0,0.001,0.001,95,
2026-09-25T20:05:02Z,dallas,2026-09-25,2026-09-25 15:05,15,104°F or higher,0.0,0.001,0.001,165,
2026-09-25T20:05:02Z,houston,2026-09-25,2026-09-25 15:05,15,83°F or below,0.0,0.001,0.001,100,
2026-09-25T20:05:02Z,houston,2026-09-25,2026-09-25 15:05,15,84-85°F,0.0,0.001,0.001,180,
2026-09-25T20:05:02Z,houston,2026-09-25,2026-09-25 15:05,15,86-87°F,0.0,0.001,0.001,2361,
2026-09-25T20:05:02Z,houston,2026-09-25,2026-09-25 15:05,15,88-89°F,1.0,0.001,-0.999,5741,
2026-09-25T20:05:02Z,houston,2026-09-25,2026-09-25 15:05,15,90-91°F,0.0,0.75,0.75,3357,0.6
2026-09-25T20:05:02Z,houston,2026-09-25,2026-09-25 15:05,15,92-93°F,0.0,0.39,0.39,5571,0.21
2026-09-25T20:05:02Z,houston,2026-09-25,2026-09-25 15:05,15,94-95°F,0.0,0.04,0.04,2281,0.02
2026-09-25T20:05:02Z,houston,2026-09-25,2026-09-25 15:05,15,96-97°F,0.0,0.008,0.008,706,
2026-09-25T20:05:02Z,houston,2026-09-25,2026-09-25 15:05,15,98-99°F,0.0,0.001,0.001,30,
2026-09-25T20:05:02Z,houston,2026-09-25,2026-09-25 15:05,15,100-101°F,0.0,0.001,0.001,215,
2026-09-25T20:05:02Z,houston,2026-09-25,2026-09-25 15:05,15,102°F or higher,0.0,0.004,0.004,95,0.001
2026-09-25T20:05:02Z,miami,2026-09-25,2026-09-25 16:05,16,75°F or below,0.0,0.001,0.001,95,
2026-09-25T20:05:02Z,miami,2026-09-25,2026-09-25 16:05,16,76-77°F,0.0,0.001,0.001,95,
2026-09-25T20:05:02Z,miami,2026-09-25,2026-09-25 16:05,16,78-79°F,0.0,0.001,0.001,260,
2026-09-25T20:05:02Z,miami,2026-09-25,2026-09-25 16:05,16,80-81°F,0.0,0.001,0.001,3878,
2026-09-25T20:05:02Z,miami,2026-09-25,2026-09-25 16:05,16,82-83°F,0.0,0.001,0.001,4316,
2026-09-25T20:05:02Z,miami,2026-09-25,2026-09-25 16:05,16,84-85°F,0.0,0.001,0.001,5134,
2026-09-25T20:05:02Z,miami,2026-09-25,2026-09-25 16:05,16,86-87°F,0.0,0.001,0.001,14070,
2026-09-25T20:05:02Z,miami,2026-09-25,2026-09-25 16:05,16,88-89°F,0.0,0.001,0.001,8958,
2026-09-25T20:05:02Z,miami,2026-09-25,2026-09-25 16:05,16,90-91°F,1.0,1.0,0.0,11392,0.99
2026-09-25T20:05:02Z,miami,2026-09-25,2026-09-25 16:05,16,92-93°F,0.0,0.01,0.01,9314,
2026-09-25T20:05:02Z,miami,2026-09-25,2026-09-25 16:05,16,94°F or higher,0.0,0.004,0.004,7691,0.002
2026-09-25T20:05:02Z,nyc,2026-09-25,2026-09-25 16:05,16,57°F or below,0.0,0.001,0.001,100,
2026-09-25T20:05:02Z,nyc,2026-09-25,2026-09-25 16:05,16,58-59°F,0.0,0.001,0.001,2710,
2026-09-25T20:05:02Z,nyc,2026-09-25,2026-09-25 16:05,16,60-61°F,0.0,0.001,0.001,4127,
2026-09-25T20:05:02Z,nyc,2026-09-25,2026-09-25 16:05,16,62-63°F,0.0,0.001,0.001,7388,
2026-09-25T20:05:02Z,nyc,2026-09-25,2026-09-25 16:05,16,64-65°F,0.0,0.001,0.001,5011,
2026-09-25T20:05:02Z,nyc,2026-09-25,2026-09-25 16:05,16,66-67°F,0.0,0.001,0.001,6584,
2026-09-25T20:05:02Z,nyc,2026-09-25,2026-09-25 16:05,16,68-69°F,0.933,0.63,-0.303,12675,0.46
2026-09-25T20:05:02Z,nyc,2026-09-25,2026-09-25 16:05,16,70-71°F,0.067,0.59,0.523,9841,0.38
2026-09-25T20:05:02Z,nyc,2026-09-25,2026-09-25 16:05,16,72-73°F,0.0,0.01,0.01,8441,0.001
2026-09-25T20:05:02Z,nyc,2026-09-25,2026-09-25 16:05,16,74-75°F,0.0,0.007,0.007,5327,0.001
2026-09-25T20:05:02Z,nyc,2026-09-25,2026-09-25 16:05,16,76°F or higher,0.0,0.001,0.001,3191,
2026-09-25T20:05:02Z,panama-city,2026-09-25,2026-09-25 15:05,15,23°C or below,0.0,0.001,0.001,95,
2026-09-25T20:05:02Z,panama-city,2026-09-25,2026-09-25 15:05,15,24°C,0.0,0.001,0.001,25,
2026-09-25T20:05:02Z,panama-city,2026-09-25,2026-09-25 15:05,15,25°C,0.0,0.001,0.001,15,
2026-09-25T20:05:02Z,panama-city,2026-09-25,2026-09-25 15:05,15,26°C,0.0,0.001,0.001,42,
2026-09-25T20:05:02Z,panama-city,2026-09-25,2026-09-25 15:05,15,27°C,0.0,0.001,0.001,35,
2026-09-25T20:05:02Z,panama-city,2026-09-25,2026-09-25 15:05,15,28°C,0.0,0.001,0.001,165,
2026-09-25T20:05:02Z,panama-city,2026-09-25,2026-09-25 15:05,15,29°C,0.966,0.76,-0.206,1837,0.25
2026-09-25T20:05:02Z,panama-city,2026-09-25,2026-09-25 15:05,15,30°C,0.034,0.68,0.646,2365,0.2
2026-09-25T20:05:02Z,panama-city,2026-09-25,2026-09-25 15:05,15,31°C,0.0,0.06,0.06,2106,0.02
2026-09-25T20:05:02Z,panama-city,2026-09-25,2026-09-25 15:05,15,32°C,0.0,0.03,0.03,3521,0.01
2026-09-25T20:05:02Z,panama-city,2026-09-25,2026-09-25 15:05,15,33°C or higher,0.0,0.009,0.009,1431,0.001
2026-09-25T20:05:02Z,toronto,2026-09-25,2026-09-25 16:05,16,16°C or below,0.0,0.001,0.001,45,
2026-09-25T20:05:02Z,toronto,2026-09-25,2026-09-25 16:05,16,17°C,0.0,0.001,0.001,262,
2026-09-25T20:05:02Z,toronto,2026-09-25,2026-09-25 16:05,16,18°C,0.0,0.001,0.001,2614,
2026-09-25T20:05:02Z,toronto,2026-09-25,2026-09-25 16:05,16,19°C,0.0,0.001,0.001,2468,
2026-09-25T20:05:02Z,toronto,2026-09-25,2026-09-25 16:05,16,20°C,0.0,0.001,0.001,7208,
2026-09-25T20:05:02Z,toronto,2026-09-25,2026-09-25 16:05,16,21°C,0.967,0.91,-0.057,3362,0.69
2026-09-25T20:05:02Z,toronto,2026-09-25,2026-09-25 16:05,16,22°C,0.0,0.35,0.35,2637,0.12
2026-09-25T20:05:02Z,toronto,2026-09-25,2026-09-25 16:05,16,23°C,0.033,0.009,-0.024,1857,
2026-09-25T20:05:02Z,toronto,2026-09-25,2026-09-25 16:05,16,24°C,0.0,0.001,0.001,367,
2026-09-25T20:05:02Z,toronto,2026-09-25,2026-09-25 16:05,16,25°C,0.0,0.001,0.001,951,
2026-09-25T20:05:02Z,toronto,2026-09-25,2026-09-25 16:05,16,26°C or higher,0.0,0.001,0.001,145,
2026-09-25T20:10:01Z,atlanta,2026-09-25,2026-09-25 16:10,16,69°F or below,0.0,0.001,0.001,614,
2026-09-25T20:10:01Z,atlanta,2026-09-25,2026-09-25 16:10,16,70-71°F,0.0,0.001,0.001,1271,
2026-09-25T20:10:01Z,atlanta,2026-09-25,2026-09-25 16:10,16,72-73°F,0.0,0.001,0.001,4376,
2026-09-25T20:10:01Z,atlanta,2026-09-25,2026-09-25 16:10,16,74-75°F,1.0,0.61,-0.39,5255,0.57
2026-09-25T20:10:01Z,atlanta,2026-09-25,2026-09-25 16:10,16,76-77°F,0.0,0.47,0.47,5225,0.39
2026-09-25T20:10:01Z,atlanta,2026-09-25,2026-09-25 16:10,16,78-79°F,0.0,0.06,0.06,5920,0.02
2026-09-25T20:10:01Z,atlanta,2026-09-25,2026-09-25 16:10,16,80-81°F,0.0,0.005,0.005,2069,0.001
2026-09-25T20:10:01Z,atlanta,2026-09-25,2026-09-25 16:10,16,82-83°F,0.0,0.006,0.006,2466,
2026-09-25T20:10:01Z,atlanta,2026-09-25,2026-09-25 16:10,16,84-85°F,0.0,0.001,0.001,422,
2026-09-25T20:10:01Z,atlanta,2026-09-25,2026-09-25 16:10,16,86-87°F,0.0,0.001,0.001,105,
2026-09-25T20:10:01Z,atlanta,2026-09-25,2026-09-25 16:10,16,88°F or higher,0.0,0.001,0.001,105,
2026-09-25T20:10:01Z,austin,2026-09-25,2026-09-25 15:10,15,87°F or below,0.0,0.001,0.001,100,
2026-09-25T20:10:01Z,austin,2026-09-25,2026-09-25 15:10,15,88-89°F,0.0,0.001,0.001,180,
2026-09-25T20:10:01Z,austin,2026-09-25,2026-09-25 15:10,15,90-91°F,0.0,0.001,0.001,186,
2026-09-25T20:10:01Z,austin,2026-09-25,2026-09-25 15:10,15,92-93°F,0.0,0.001,0.001,1026,
2026-09-25T20:10:01Z,austin,2026-09-25,2026-09-25 15:10,15,94-95°F,0.667,0.03,-0.637,3151,0.01
2026-09-25T20:10:01Z,austin,2026-09-25,2026-09-25 15:10,15,96-97°F,0.3,1.0,0.7,2125,0.46
2026-09-25T20:10:01Z,austin,2026-09-25,2026-09-25 15:10,15,98-99°F,0.033,0.83,0.797,1544,0.13
2026-09-25T20:10:01Z,austin,2026-09-25,2026-09-25 15:10,15,100-101°F,0.0,0.82,0.82,684,
2026-09-25T20:10:01Z,austin,2026-09-25,2026-09-25 15:10,15,102-103°F,0.0,0.121,0.121,218,
2026-09-25T20:10:01Z,austin,2026-09-25,2026-09-25 15:10,15,104-105°F,0.0,0.001,0.001,405,
2026-09-25T20:10:01Z,austin,2026-09-25,2026-09-25 15:10,15,106°F or higher,0.0,0.001,0.001,169,
2026-09-25T20:10:01Z,chicago,2026-09-25,2026-09-25 15:10,15,57°F or below,0.0,0.001,0.001,188,
2026-09-25T20:10:01Z,chicago,2026-09-25,2026-09-25 15:10,15,58-59°F,0.0,0.001,0.001,95,
2026-09-25T20:10:01Z,chicago,2026-09-25,2026-09-25 15:10,15,60-61°F,0.0,0.001,0.001,363,
2026-09-25T20:10:01Z,chicago,2026-09-25,2026-09-25 15:10,15,62-63°F,0.0,0.001,0.001,1796,
2026-09-25T20:10:01Z,chicago,2026-09-25,2026-09-25 15:10,15,64-65°F,1.0,0.92,-0.08,3919,0.54
2026-09-25T20:10:01Z,chicago,2026-09-25,2026-09-25 15:10,15,66-67°F,0.0,0.37,0.37,6897,0.07
2026-09-25T20:10:01Z,chicago,2026-09-25,2026-09-25 15:10,15,68-69°F,0.0,0.02,0.02,4718,0.01
2026-09-25T20:10:01Z,chicago,2026-09-25,2026-09-25 15:10,15,70-71°F,0.0,0.009,0.009,3524,0.001
2026-09-25T20:10:01Z,chicago,2026-09-25,2026-09-25 15:10,15,72-73°F,0.0,0.006,0.006,3054,
2026-09-25T20:10:01Z,chicago,2026-09-25,2026-09-25 15:10,15,74-75°F,0.0,0.005,0.005,660,
2026-09-25T20:10:01Z,chicago,2026-09-25,2026-09-25 15:10,15,76°F or higher,0.0,0.001,0.001,100,
2026-09-25T20:10:01Z,dallas,2026-09-25,2026-09-25 15:10,15,85°F or below,0.0,0.001,0.001,866,
2026-09-25T20:10:01Z,dallas,2026-09-25,2026-09-25 15:10,15,86-87°F,0.767,0.001,-0.766,1255,
2026-09-25T20:10:01Z,dallas,2026-09-25,2026-09-25 15:10,15,88-89°F,0.2,0.07,-0.13,6794,0.02
2026-09-25T20:10:01Z,dallas,2026-09-25,2026-09-25 15:10,15,90-91°F,0.033,0.67,0.637,4531,0.5
2026-09-25T20:10:01Z,dallas,2026-09-25,2026-09-25 15:10,15,92-93°F,0.0,0.39,0.39,4336,0.22
2026-09-25T20:10:01Z,dallas,2026-09-25,2026-09-25 15:10,15,94-95°F,0.0,0.03,0.03,4714,0.01
2026-09-25T20:10:01Z,dallas,2026-09-25,2026-09-25 15:10,15,96-97°F,0.0,0.02,0.02,2676,
2026-09-25T20:10:01Z,dallas,2026-09-25,2026-09-25 15:10,15,98-99°F,0.0,0.005,0.005,3959,0.001
2026-09-25T20:10:01Z,dallas,2026-09-25,2026-09-25 15:10,15,100-101°F,0.0,0.005,0.005,1172,
2026-09-25T20:10:01Z,dallas,2026-09-25,2026-09-25 15:10,15,102-103°F,0.0,0.001,0.001,95,
2026-09-25T20:10:01Z,dallas,2026-09-25,2026-09-25 15:10,15,104°F or higher,0.0,0.001,0.001,165,
2026-09-25T20:10:01Z,houston,2026-09-25,2026-09-25 15:10,15,83°F or below,0.0,0.001,0.001,100,
2026-09-25T20:10:01Z,houston,2026-09-25,2026-09-25 15:10,15,84-85°F,0.0,0.001,0.001,180,
2026-09-25T20:10:01Z,houston,2026-09-25,2026-09-25 15:10,15,86-87°F,0.0,0.001,0.001,2361,
2026-09-25T20:10:01Z,houston,2026-09-25,2026-09-25 15:10,15,88-89°F,1.0,0.001,-0.999,5741,
2026-09-25T20:10:01Z,houston,2026-09-25,2026-09-25 15:10,15,90-91°F,0.0,0.79,0.79,3357,0.64
2026-09-25T20:10:01Z,houston,2026-09-25,2026-09-25 15:10,15,92-93°F,0.0,0.35,0.35,5571,0.19
2026-09-25T20:10:01Z,houston,2026-09-25,2026-09-25 15:10,15,94-95°F,0.0,0.04,0.04,2281,0.02
2026-09-25T20:10:01Z,houston,2026-09-25,2026-09-25 15:10,15,96-97°F,0.0,0.008,0.008,706,
2026-09-25T20:10:01Z,houston,2026-09-25,2026-09-25 15:10,15,98-99°F,0.0,0.001,0.001,30,
2026-09-25T20:10:01Z,houston,2026-09-25,2026-09-25 15:10,15,100-101°F,0.0,0.001,0.001,215,
2026-09-25T20:10:01Z,houston,2026-09-25,2026-09-25 15:10,15,102°F or higher,0.0,0.001,0.001,95,
2026-09-25T20:10:01Z,miami,2026-09-25,2026-09-25 16:10,16,75°F or below,0.0,0.001,0.001,95,
2026-09-25T20:10:01Z,miami,2026-09-25,2026-09-25 16:10,16,76-77°F,0.0,0.001,0.001,95,
2026-09-25T20:10:01Z,miami,2026-09-25,2026-09-25 16:10,16,78-79°F,0.0,0.001,0.001,260,
2026-09-25T20:10:01Z,miami,2026-09-25,2026-09-25 16:10,16,80-81°F,0.0,0.001,0.001,3878,
2026-09-25T20:10:01Z,miami,2026-09-25,2026-09-25 16:10,16,82-83°F,0.0,0.001,0.001,4316,
2026-09-25T20:10:01Z,miami,2026-09-25,2026-09-25 16:10,16,84-85°F,0.0,0.001,0.001,5134,
2026-09-25T20:10:01Z,miami,2026-09-25,2026-09-25 16:10,16,86-87°F,0.0,0.001,0.001,14070,
2026-09-25T20:10:01Z,miami,2026-09-25,2026-09-25 16:10,16,88-89°F,0.0,0.001,0.001,8958,
2026-09-25T20:10:01Z,miami,2026-09-25,2026-09-25 16:10,16,90-91°F,1.0,0.999,-0.001,11392,0.99
2026-09-25T20:10:01Z,miami,2026-09-25,2026-09-25 16:10,16,92-93°F,0.0,0.009,0.009,9314,0.001
2026-09-25T20:10:01Z,miami,2026-09-25,2026-09-25 16:10,16,94°F or higher,0.0,0.002,0.002,7691,0.001
2026-09-25T20:10:01Z,nyc,2026-09-25,2026-09-25 16:10,16,57°F or below,0.0,0.001,0.001,100,
2026-09-25T20:10:01Z,nyc,2026-09-25,2026-09-25 16:10,16,58-59°F,0.0,0.001,0.001,2710,
2026-09-25T20:10:01Z,nyc,2026-09-25,2026-09-25 16:10,16,60-61°F,0.0,0.001,0.001,4127,
2026-09-25T20:10:01Z,nyc,2026-09-25,2026-09-25 16:10,16,62-63°F,0.0,0.001,0.001,7388,
2026-09-25T20:10:01Z,nyc,2026-09-25,2026-09-25 16:10,16,64-65°F,0.0,0.001,0.001,5011,
2026-09-25T20:10:01Z,nyc,2026-09-25,2026-09-25 16:10,16,66-67°F,0.0,0.001,0.001,6584,
2026-09-25T20:10:01Z,nyc,2026-09-25,2026-09-25 16:10,16,68-69°F,0.933,0.62,-0.313,12675,0.61
2026-09-25T20:10:01Z,nyc,2026-09-25,2026-09-25 16:10,16,70-71°F,0.067,0.53,0.463,9841,0.4
2026-09-25T20:10:01Z,nyc,2026-09-25,2026-09-25 16:10,16,72-73°F,0.0,0.009,0.009,8441,0.002
2026-09-25T20:10:01Z,nyc,2026-09-25,2026-09-25 16:10,16,74-75°F,0.0,0.007,0.007,5327,0.001
2026-09-25T20:10:01Z,nyc,2026-09-25,2026-09-25 16:10,16,76°F or higher,0.0,0.001,0.001,3191,
2026-09-25T20:10:01Z,panama-city,2026-09-25,2026-09-25 15:10,15,23°C or below,0.0,0.001,0.001,95,
2026-09-25T20:10:01Z,panama-city,2026-09-25,2026-09-25 15:10,15,24°C,0.0,0.001,0.001,25,
2026-09-25T20:10:01Z,panama-city,2026-09-25,2026-09-25 15:10,15,25°C,0.0,0.001,0.001,15,
2026-09-25T20:10:01Z,panama-city,2026-09-25,2026-09-25 15:10,15,26°C,0.0,0.001,0.001,42,
2026-09-25T20:10:01Z,panama-city,2026-09-25,2026-09-25 15:10,15,27°C,0.0,0.001,0.001,35,
2026-09-25T20:10:01Z,panama-city,2026-09-25,2026-09-25 15:10,15,28°C,0.0,0.001,0.001,165,
2026-09-25T20:10:01Z,panama-city,2026-09-25,2026-09-25 15:10,15,29°C,0.966,0.78,-0.186,1837,0.3
2026-09-25T20:10:01Z,panama-city,2026-09-25,2026-09-25 15:10,15,30°C,0.034,0.62,0.586,2365,0.2
2026-09-25T20:10:01Z,panama-city,2026-09-25,2026-09-25 15:10,15,31°C,0.0,0.05,0.05,2127,0.02
2026-09-25T20:10:01Z,panama-city,2026-09-25,2026-09-25 15:10,15,32°C,0.0,0.03,0.03,3521,0.01
2026-09-25T20:10:01Z,panama-city,2026-09-25,2026-09-25 15:10,15,33°C or higher,0.0,0.009,0.009,1431,0.001
2026-09-25T20:10:01Z,toronto,2026-09-25,2026-09-25 16:10,16,16°C or below,0.0,0.001,0.001,45,
2026-09-25T20:10:01Z,toronto,2026-09-25,2026-09-25 16:10,16,17°C,0.0,0.001,0.001,262,
2026-09-25T20:10:01Z,toronto,2026-09-25,2026-09-25 16:10,16,18°C,0.0,0.001,0.001,2614,
2026-09-25T20:10:01Z,toronto,2026-09-25,2026-09-25 16:10,16,19°C,0.0,0.001,0.001,2468,
2026-09-25T20:10:01Z,toronto,2026-09-25,2026-09-25 16:10,16,20°C,0.0,0.001,0.001,7208,
2026-09-25T20:10:01Z,toronto,2026-09-25,2026-09-25 16:10,16,21°C,0.967,0.98,0.013,3362,0.69
2026-09-25T20:10:01Z,toronto,2026-09-25,2026-09-25 16:10,16,22°C,0.0,0.08,0.08,3057,0.02
2026-09-25T20:10:01Z,toronto,2026-09-25,2026-09-25 16:10,16,23°C,0.033,0.008,-0.025,1998,0.001
2026-09-25T20:10:01Z,toronto,2026-09-25,2026-09-25 16:10,16,24°C,0.0,0.001,0.001,367,
2026-09-25T20:10:01Z,toronto,2026-09-25,2026-09-25 16:10,16,25°C,0.0,0.001,0.001,953,
2026-09-25T20:10:01Z,toronto,2026-09-25,2026-09-25 16:10,16,26°C or higher,0.0,0.001,0.001,145,
2026-09-25T20:15:03Z,atlanta,2026-09-25,2026-09-25 16:15,16,69°F or below,0.0,0.001,0.001,614,
2026-09-25T20:15:03Z,atlanta,2026-09-25,2026-09-25 16:15,16,70-71°F,0.0,0.001,0.001,1271,
2026-09-25T20:15:03Z,atlanta,2026-09-25,2026-09-25 16:15,16,72-73°F,0.0,0.001,0.001,4396,
2026-09-25T20:15:03Z,atlanta,2026-09-25,2026-09-25 16:15,16,74-75°F,1.0,0.6,-0.4,5284,0.57
2026-09-25T20:15:03Z,atlanta,2026-09-25,2026-09-25 16:15,16,76-77°F,0.0,0.47,0.47,5271,0.4
2026-09-25T20:15:03Z,atlanta,2026-09-25,2026-09-25 16:15,16,78-79°F,0.0,0.06,0.06,6006,0.03
2026-09-25T20:15:03Z,atlanta,2026-09-25,2026-09-25 16:15,16,80-81°F,0.0,0.005,0.005,2100,0.001
2026-09-25T20:15:03Z,atlanta,2026-09-25,2026-09-25 16:15,16,82-83°F,0.0,0.001,0.001,2466,
2026-09-25T20:15:03Z,atlanta,2026-09-25,2026-09-25 16:15,16,84-85°F,0.0,0.001,0.001,422,
2026-09-25T20:15:03Z,atlanta,2026-09-25,2026-09-25 16:15,16,86-87°F,0.0,0.001,0.001,105,
2026-09-25T20:15:03Z,atlanta,2026-09-25,2026-09-25 16:15,16,88°F or higher,0.0,0.001,0.001,105,
2026-09-25T20:15:03Z,austin,2026-09-25,2026-09-25 15:15,15,87°F or below,0.0,0.001,0.001,100,
2026-09-25T20:15:03Z,austin,2026-09-25,2026-09-25 15:15,15,88-89°F,0.0,0.001,0.001,180,
2026-09-25T20:15:03Z,austin,2026-09-25,2026-09-25 15:15,15,90-91°F,0.0,0.001,0.001,186,
2026-09-25T20:15:03Z,austin,2026-09-25,2026-09-25 15:15,15,92-93°F,0.0,0.001,0.001,1026,
2026-09-25T20:15:03Z,austin,2026-09-25,2026-09-25 15:15,15,94-95°F,0.667,0.03,-0.637,3151,0.01
2026-09-25T20:15:03Z,austin,2026-09-25,2026-09-25 15:15,15,96-97°F,0.3,1.0,0.7,2125,0.46
2026-09-25T20:15:03Z,austin,2026-09-25,2026-09-25 15:15,15,98-99°F,0.033,0.85,0.817,1544,0.09
2026-09-25T20:15:03Z,austin,2026-09-25,2026-09-25 15:15,15,100-101°F,0.0,0.7,0.7,684,
2026-09-25T20:15:03Z,austin,2026-09-25,2026-09-25 15:15,15,102-103°F,0.0,0.105,0.105,218,
2026-09-25T20:15:03Z,austin,2026-09-25,2026-09-25 15:15,15,104-105°F,0.0,0.001,0.001,405,
2026-09-25T20:15:03Z,austin,2026-09-25,2026-09-25 15:15,15,106°F or higher,0.0,0.001,0.001,169,
2026-09-25T20:15:03Z,buenos-aires,2026-09-25,2026-09-25 17:15,17,20°C or below,0.0,0.001,0.001,265,
2026-09-25T20:15:03Z,buenos-aires,2026-09-25,2026-09-25 17:15,17,21°C,0.0,0.001,0.001,105,
2026-09-25T20:15:03Z,buenos-aires,2026-09-25,2026-09-25 17:15,17,22°C,0.0,0.001,0.001,105,
2026-09-25T20:15:03Z,buenos-aires,2026-09-25,2026-09-25 17:15,17,23°C,0.0,0.001,0.001,2047,
2026-09-25T20:15:03Z,buenos-aires,2026-09-25,2026-09-25 17:15,17,24°C,0.0,0.001,0.001,2245,
2026-09-25T20:15:03Z,buenos-aires,2026-09-25,2026-09-25 17:15,17,25°C,0.0,0.001,0.001,1422,
2026-09-25T20:15:03Z,buenos-aires,2026-09-25,2026-09-25 17:15,17,26°C,0.0,0.001,0.001,2960,
2026-09-25T20:15:03Z,buenos-aires,2026-09-25,2026-09-25 17:15,17,27°C,1.0,0.999,-0.001,5771,0.998
2026-09-25T20:15:03Z,buenos-aires,2026-09-25,2026-09-25 17:15,17,28°C,0.0,0.002,0.002,2972,
2026-09-25T20:15:03Z,buenos-aires,2026-09-25,2026-09-25 17:15,17,29°C,0.0,0.005,0.005,4320,
2026-09-25T20:15:03Z,buenos-aires,2026-09-25,2026-09-25 17:15,17,30°C or higher,0.0,0.001,0.001,2951,
2026-09-25T20:15:03Z,chicago,2026-09-25,2026-09-25 15:15,15,57°F or below,0.0,0.001,0.001,188,
2026-09-25T20:15:03Z,chicago,2026-09-25,2026-09-25 15:15,15,58-59°F,0.0,0.001,0.001,95,
2026-09-25T20:15:03Z,chicago,2026-09-25,2026-09-25 15:15,15,60-61°F,0.0,0.001,0.001,363,
2026-09-25T20:15:03Z,chicago,2026-09-25,2026-09-25 15:15,15,62-63°F,0.0,0.001,0.001,1796,
2026-09-25T20:15:03Z,chicago,2026-09-25,2026-09-25 15:15,15,64-65°F,1.0,0.89,-0.11,3995,0.27
2026-09-25T20:15:03Z,chicago,2026-09-25,2026-09-25 15:15,15,66-67°F,0.0,0.34,0.34,6961,0.16
2026-09-25T20:15:03Z,chicago,2026-09-25,2026-09-25 15:15,15,68-69°F,0.0,0.02,0.02,4754,0.01
2026-09-25T20:15:03Z,chicago,2026-09-25,2026-09-25 15:15,15,70-71°F,0.0,0.009,0.009,3527,
2026-09-25T20:15:03Z,chicago,2026-09-25,2026-09-25 15:15,15,72-73°F,0.0,0.001,0.001,3057,
2026-09-25T20:15:03Z,chicago,2026-09-25,2026-09-25 15:15,15,74-75°F,0.0,0.005,0.005,663,
2026-09-25T20:15:03Z,chicago,2026-09-25,2026-09-25 15:15,15,76°F or higher,0.0,0.001,0.001,100,
2026-09-25T20:15:03Z,dallas,2026-09-25,2026-09-25 15:15,15,85°F or below,0.0,0.001,0.001,866,
2026-09-25T20:15:03Z,dallas,2026-09-25,2026-09-25 15:15,15,86-87°F,0.767,0.001,-0.766,1255,
2026-09-25T20:15:03Z,dallas,2026-09-25,2026-09-25 15:15,15,88-89°F,0.2,0.07,-0.13,7239,0.03
2026-09-25T20:15:03Z,dallas,2026-09-25,2026-09-25 15:15,15,90-91°F,0.033,0.61,0.577,4586,0.48
2026-09-25T20:15:03Z,dallas,2026-09-25,2026-09-25 15:15,15,92-93°F,0.0,0.5,0.5,4407,0.41
2026-09-25T20:15:03Z,dallas,2026-09-25,2026-09-25 15:15,15,94-95°F,0.0,0.03,0.03,4823,0.01
2026-09-25T20:15:03Z,dallas,2026-09-25,2026-09-25 15:15,15,96-97°F,0.0,0.01,0.01,2676,
2026-09-25T20:15:03Z,dallas,2026-09-25,2026-09-25 15:15,15,98-99°F,0.0,0.005,0.005,4009,0.001
2026-09-25T20:15:03Z,dallas,2026-09-25,2026-09-25 15:15,15,100-101°F,0.0,0.001,0.001,1172,
2026-09-25T20:15:03Z,dallas,2026-09-25,2026-09-25 15:15,15,102-103°F,0.0,0.001,0.001,95,
2026-09-25T20:15:03Z,dallas,2026-09-25,2026-09-25 15:15,15,104°F or higher,0.0,0.001,0.001,165,
2026-09-25T20:15:03Z,denver,2026-09-25,2026-09-25 14:15,14,67°F or below,0.0,0.001,0.001,1341,
2026-09-25T20:15:03Z,denver,2026-09-25,2026-09-25 14:15,14,68-69°F,0.533,0.009,-0.524,840,0.001
2026-09-25T20:15:03Z,denver,2026-09-25,2026-09-25 14:15,14,70-71°F,0.367,0.31,-0.057,1503,0.1
2026-09-25T20:15:03Z,denver,2026-09-25,2026-09-25 14:15,14,72-73°F,0.1,0.17,0.07,4034,0.1
2026-09-25T20:15:03Z,denver,2026-09-25,2026-09-25 14:15,14,74-75°F,0.0,0.44,0.44,4150,0.29
2026-09-25T20:15:03Z,denver,2026-09-25,2026-09-25 14:15,14,76-77°F,0.0,0.41,0.41,3590,0.2
2026-09-25T20:15:03Z,denver,2026-09-25,2026-09-25 14:15,14,78-79°F,0.0,0.23,0.23,1348,0.11
2026-09-25T20:15:03Z,denver,2026-09-25,2026-09-25 14:15,14,80-81°F,0.0,0.009,0.009,1440,0.001
2026-09-25T20:15:03Z,denver,2026-09-25,2026-09-25 14:15,14,82-83°F,0.0,0.003,0.003,862,0.001
2026-09-25T20:15:03Z,denver,2026-09-25,2026-09-25 14:15,14,84-85°F,0.0,0.001,0.001,200,
2026-09-25T20:15:03Z,denver,2026-09-25,2026-09-25 14:15,14,86°F or higher,0.0,0.001,0.001,100,
2026-09-25T20:15:03Z,houston,2026-09-25,2026-09-25 15:15,15,83°F or below,0.0,0.001,0.001,100,
2026-09-25T20:15:03Z,houston,2026-09-25,2026-09-25 15:15,15,84-85°F,0.0,0.001,0.001,180,
2026-09-25T20:15:03Z,houston,2026-09-25,2026-09-25 15:15,15,86-87°F,0.0,0.001,0.001,2361,
2026-09-25T20:15:03Z,houston,2026-09-25,2026-09-25 15:15,15,88-89°F,1.0,0.001,-0.999,6665,
2026-09-25T20:15:03Z,houston,2026-09-25,2026-09-25 15:15,15,90-91°F,0.0,0.82,0.82,3427,0.71
2026-09-25T20:15:03Z,houston,2026-09-25,2026-09-25 15:15,15,92-93°F,0.0,0.3,0.3,5600,0.17
2026-09-25T20:15:03Z,houston,2026-09-25,2026-09-25 15:15,15,94-95°F,0.0,0.04,0.04,2286,0.02
2026-09-25T20:15:03Z,houston,2026-09-25,2026-09-25 15:15,15,96-97°F,0.0,0.008,0.008,706,
2026-09-25T20:15:03Z,houston,2026-09-25,2026-09-25 15:15,15,98-99°F,0.0,0.001,0.001,30,
2026-09-25T20:15:03Z,houston,2026-09-25,2026-09-25 15:15,15,100-101°F,0.0,0.001,0.001,215,
2026-09-25T20:15:03Z,houston,2026-09-25,2026-09-25 15:15,15,102°F or higher,0.0,0.001,0.001,100,
2026-09-25T20:15:03Z,los-angeles,2026-09-25,2026-09-25 13:15,13,73°F or below,0.0,0.001,0.001,1433,
2026-09-25T20:15:03Z,los-angeles,2026-09-25,2026-09-25 13:15,13,74-75°F,0.0,0.001,0.001,10869,
2026-09-25T20:15:03Z,los-angeles,2026-09-25,2026-09-25 13:15,13,76-77°F,0.933,0.86,-0.073,8158,0.8
2026-09-25T20:15:03Z,los-angeles,2026-09-25,2026-09-25 13:15,13,78-79°F,0.033,0.21,0.177,5576,0.15
2026-09-25T20:15:03Z,los-angeles,2026-09-25,2026-09-25 13:15,13,80-81°F,0.0,0.008,0.008,4689,0.002
2026-09-25T20:15:03Z,los-angeles,2026-09-25,2026-09-25 13:15,13,82-83°F,0.033,0.001,-0.032,2432,
2026-09-25T20:15:03Z,los-angeles,2026-09-25,2026-09-25 13:15,13,84-85°F,0.0,0.001,0.001,1656,
2026-09-25T20:15:03Z,los-angeles,2026-09-25,2026-09-25 13:15,13,86-87°F,0.0,0.001,0.001,348,
2026-09-25T20:15:03Z,los-angeles,2026-09-25,2026-09-25 13:15,13,88-89°F,0.0,0.001,0.001,105,
2026-09-25T20:15:03Z,los-angeles,2026-09-25,2026-09-25 13:15,13,90-91°F,0.0,0.001,0.001,100,
2026-09-25T20:15:03Z,los-angeles,2026-09-25,2026-09-25 13:15,13,92°F or higher,0.0,0.001,0.001,510,
2026-09-25T20:15:03Z,mexico-city,2026-09-25,2026-09-25 14:15,14,16°C or below,0.0,0.001,0.001,1015,
2026-09-25T20:15:03Z,mexico-city,2026-09-25,2026-09-25 14:15,14,17°C,0.0,0.001,0.001,15,
2026-09-25T20:15:03Z,mexico-city,2026-09-25,2026-09-25 14:15,14,18°C,0.0,0.001,0.001,15,
2026-09-25T20:15:03Z,mexico-city,2026-09-25,2026-09-25 14:15,14,19°C,0.0,0.001,0.001,15,
2026-09-25T20:15:03Z,mexico-city,2026-09-25,2026-09-25 14:15,14,20°C,0.0,0.001,0.001,15,
2026-09-25T20:15:03Z,mexico-city,2026-09-25,2026-09-25 14:15,14,21°C,0.0,0.001,0.001,145,
2026-09-25T20:15:03Z,mexico-city,2026-09-25,2026-09-25 14:15,14,22°C,0.0,0.001,0.001,232,
2026-09-25T20:15:03Z,mexico-city,2026-09-25,2026-09-25 14:15,14,23°C,0.0,0.001,0.001,523,
2026-09-25T20:15:03Z,mexico-city,2026-09-25,2026-09-25 14:15,14,24°C,0.793,0.001,-0.792,3886,
2026-09-25T20:15:03Z,mexico-city,2026-09-25,2026-09-25 14:15,14,25°C,0.207,0.74,0.533,3364,0.36
2026-09-25T20:15:03Z,mexico-city,2026-09-25,2026-09-25 14:15,14,26°C or higher,0.0,0.64,0.64,4005,0.26
2026-09-25T20:15:03Z,miami,2026-09-25,2026-09-25 16:15,16,75°F or below,0.0,0.001,0.001,95,
2026-09-25T20:15:03Z,miami,2026-09-25,2026-09-25 16:15,16,76-77°F,0.0,0.001,0.001,95,
2026-09-25T20:15:03Z,miami,2026-09-25,2026-09-25 16:15,16,78-79°F,0.0,0.001,0.001,260,
2026-09-25T20:15:03Z,miami,2026-09-25,2026-09-25 16:15,16,80-81°F,0.0,0.001,0.001,3878,
2026-09-25T20:15:03Z,miami,2026-09-25,2026-09-25 16:15,16,82-83°F,0.0,0.001,0.001,4316,
2026-09-25T20:15:03Z,miami,2026-09-25,2026-09-25 16:15,16,84-85°F,0.0,0.001,0.001,5134,
2026-09-25T20:15:03Z,miami,2026-09-25,2026-09-25 16:15,16,86-87°F,0.0,0.001,0.001,14075,
2026-09-25T20:15:03Z,miami,2026-09-25,2026-09-25 16:15,16,88-89°F,0.0,0.001,0.001,8958,
2026-09-25T20:15:03Z,miami,2026-09-25,2026-09-25 16:15,16,90-91°F,1.0,0.998,-0.002,11787,0.991
2026-09-25T20:15:03Z,miami,2026-09-25,2026-09-25 16:15,16,92-93°F,0.0,0.009,0.009,9706,0.001
2026-09-25T20:15:03Z,miami,2026-09-25,2026-09-25 16:15,16,94°F or higher,0.0,0.002,0.002,8540,0.001
2026-09-25T20:15:03Z,nyc,2026-09-25,2026-09-25 16:15,16,57°F or below,0.0,0.001,0.001,100,
2026-09-25T20:15:03Z,nyc,2026-09-25,2026-09-25 16:15,16,58-59°F,0.0,0.001,0.001,2710,
2026-09-25T20:15:03Z,nyc,2026-09-25,2026-09-25 16:15,16,60-61°F,0.0,0.001,0.001,4127,
2026-09-25T20:15:03Z,nyc,2026-09-25,2026-09-25 16:15,16,62-63°F,0.0,0.001,0.001,7388,
2026-09-25T20:15:03Z,nyc,2026-09-25,2026-09-25 16:15,16,64-65°F,0.0,0.001,0.001,5011,
2026-09-25T20:15:03Z,nyc,2026-09-25,2026-09-25 16:15,16,66-67°F,0.0,0.001,0.001,6584,
2026-09-25T20:15:03Z,nyc,2026-09-25,2026-09-25 16:15,16,68-69°F,0.933,0.65,-0.283,13001,0.6
2026-09-25T20:15:03Z,nyc,2026-09-25,2026-09-25 16:15,16,70-71°F,0.067,0.61,0.543,10035,0.36
2026-09-25T20:15:03Z,nyc,2026-09-25,2026-09-25 16:15,16,72-73°F,0.0,0.009,0.009,8488,0.002
2026-09-25T20:15:03Z,nyc,2026-09-25,2026-09-25 16:15,16,74-75°F,0.0,0.002,0.002,5340,0.001
2026-09-25T20:15:03Z,nyc,2026-09-25,2026-09-25 16:15,16,76°F or higher,0.0,0.001,0.001,3223,
2026-09-25T20:15:03Z,panama-city,2026-09-25,2026-09-25 15:15,15,23°C or below,0.0,0.001,0.001,95,
2026-09-25T20:15:03Z,panama-city,2026-09-25,2026-09-25 15:15,15,24°C,0.0,0.001,0.001,25,
2026-09-25T20:15:03Z,panama-city,2026-09-25,2026-09-25 15:15,15,25°C,0.0,0.001,0.001,15,
2026-09-25T20:15:03Z,panama-city,2026-09-25,2026-09-25 15:15,15,26°C,0.0,0.001,0.001,42,
2026-09-25T20:15:03Z,panama-city,2026-09-25,2026-09-25 15:15,15,27°C,0.0,0.001,0.001,35,
2026-09-25T20:15:03Z,panama-city,2026-09-25,2026-09-25 15:15,15,28°C,0.0,0.001,0.001,165,
2026-09-25T20:15:03Z,panama-city,2026-09-25,2026-09-25 15:15,15,29°C,0.966,0.77,-0.196,1893,0.42
2026-09-25T20:15:03Z,panama-city,2026-09-25,2026-09-25 15:15,15,30°C,0.034,0.53,0.496,2365,0.17
2026-09-25T20:15:03Z,panama-city,2026-09-25,2026-09-25 15:15,15,31°C,0.0,0.07,0.07,2127,0.03
2026-09-25T20:15:03Z,panama-city,2026-09-25,2026-09-25 15:15,15,32°C,0.0,0.03,0.03,3542,0.01
2026-09-25T20:15:03Z,panama-city,2026-09-25,2026-09-25 15:15,15,33°C or higher,0.0,0.009,0.009,1431,0.001
2026-09-25T20:15:03Z,san-francisco,2026-09-25,2026-09-25 13:15,13,61°F or below,0.0,0.001,0.001,630,
2026-09-25T20:15:03Z,san-francisco,2026-09-25,2026-09-25 13:15,13,62-63°F,0.0,0.001,0.001,1782,
2026-09-25T20:15:03Z,san-francisco,2026-09-25,2026-09-25 13:15,13,64-65°F,0.0,0.001,0.001,768,
2026-09-25T20:15:03Z,san-francisco,2026-09-25,2026-09-25 13:15,13,66-67°F,0.0,0.001,0.001,4244,
2026-09-25T20:15:03Z,san-francisco,2026-09-25,2026-09-25 13:15,13,68-69°F,0.467,0.001,-0.466,3115,
2026-09-25T20:15:03Z,san-francisco,2026-09-25,2026-09-25 13:15,13,70-71°F,0.367,0.85,0.483,1782,0.82
2026-09-25T20:15:03Z,san-francisco,2026-09-25,2026-09-25 13:15,13,72-73°F,0.033,0.18,0.147,4208,0.13
2026-09-25T20:15:03Z,san-francisco,2026-09-25,2026-09-25 13:15,13,74-75°F,0.033,0.009,-0.024,4193,0.003
2026-09-25T20:15:03Z,san-francisco,2026-09-25,2026-09-25 13:15,13,76-77°F,0.033,0.001,-0.032,2488,
2026-09-25T20:15:03Z,san-francisco,2026-09-25,2026-09-25 13:15,13,78-79°F,0.033,0.001,-0.032,2121,
2026-09-25T20:15:03Z,san-francisco,2026-09-25,2026-09-25 13:15,13,80°F or higher,0.033,0.001,-0.032,643,
2026-09-25T20:15:03Z,sao-paulo,2026-09-25,2026-09-25 17:15,17,22°C or below,0.0,0.001,0.001,1226,
2026-09-25T20:15:03Z,sao-paulo,2026-09-25,2026-09-25 17:15,17,23°C,0.0,0.001,0.001,1073,
2026-09-25T20:15:03Z,sao-paulo,2026-09-25,2026-09-25 17:15,17,24°C,0.0,0.001,0.001,1607,
2026-09-25T20:15:03Z,sao-paulo,2026-09-25,2026-09-25 17:15,17,25°C,0.0,0.001,0.001,1190,
2026-09-25T20:15:03Z,sao-paulo,2026-09-25,2026-09-25 17:15,17,26°C,0.0,0.001,0.001,3992,
2026-09-25T20:15:03Z,sao-paulo,2026-09-25,2026-09-25 17:15,17,27°C,0.0,0.001,0.001,3990,
2026-09-25T20:15:03Z,sao-paulo,2026-09-25,2026-09-25 17:15,17,28°C,1.0,0.999,-0.001,3961,0.998
2026-09-25T20:15:03Z,sao-paulo,2026-09-25,2026-09-25 17:15,17,29°C,0.0,0.003,0.003,4139,0.001
2026-09-25T20:15:03Z,sao-paulo,2026-09-25,2026-09-25 17:15,17,30°C,0.0,0.002,0.002,2544,
2026-09-25T20:15:03Z,sao-paulo,2026-09-25,2026-09-25 17:15,17,31°C,0.0,0.001,0.001,1492,
2026-09-25T20:15:03Z,sao-paulo,2026-09-25,2026-09-25 17:15,17,32°C or higher,0.0,0.001,0.001,1669,
2026-09-25T20:15:03Z,seattle,2026-09-25,2026-09-25 13:15,13,49°F or below,0.0,0.001,0.001,95,
2026-09-25T20:15:03Z,seattle,2026-09-25,2026-09-25 13:15,13,50-51°F,0.0,0.001,0.001,3580,
2026-09-25T20:15:03Z,seattle,2026-09-25,2026-09-25 13:15,13,52-53°F,0.0,0.001,0.001,16299,
2026-09-25T20:15:03Z,seattle,2026-09-25,2026-09-25 13:15,13,54-55°F,0.0,0.001,0.001,16539,
2026-09-25T20:15:03Z,seattle,2026-09-25,2026-09-25 13:15,13,56-57°F,0.0,0.001,0.001,4945,
2026-09-25T20:15:03Z,seattle,2026-09-25,2026-09-25 13:15,13,58-59°F,0.0,0.001,0.001,14705,
2026-09-25T20:15:03Z,seattle,2026-09-25,2026-09-25 13:15,13,60-61°F,0.333,0.95,0.617,4610,0.91
2026-09-25T20:15:03Z,seattle,2026-09-25,2026-09-25 13:15,13,62-63°F,0.467,0.09,-0.377,3625,0.06
2026-09-25T20:15:03Z,seattle,2026-09-25,2026-09-25 13:15,13,64-65°F,0.133,0.006,-0.127,1632,0.001
2026-09-25T20:15:03Z,seattle,2026-09-25,2026-09-25 13:15,13,66-67°F,0.067,0.001,-0.066,993,
2026-09-25T20:15:03Z,seattle,2026-09-25,2026-09-25 13:15,13,68°F or higher,0.0,0.001,0.001,1400,
2026-09-25T20:15:03Z,toronto,2026-09-25,2026-09-25 16:15,16,16°C or below,0.0,0.001,0.001,45,
2026-09-25T20:15:03Z,toronto,2026-09-25,2026-09-25 16:15,16,17°C,0.0,0.001,0.001,262,
2026-09-25T20:15:03Z,toronto,2026-09-25,2026-09-25 16:15,16,18°C,0.0,0.001,0.001,2614,
2026-09-25T20:15:03Z,toronto,2026-09-25,2026-09-25 16:15,16,19°C,0.0,0.001,0.001,2468,
2026-09-25T20:15:03Z,toronto,2026-09-25,2026-09-25 16:15,16,20°C,0.0,0.001,0.001,7208,
2026-09-25T20:15:03Z,toronto,2026-09-25,2026-09-25 16:15,16,21°C,0.967,0.99,0.023,3552,0.93
2026-09-25T20:15:03Z,toronto,2026-09-25,2026-09-25 16:15,16,22°C,0.0,0.07,0.07,3057,0.01
2026-09-25T20:15:03Z,toronto,2026-09-25,2026-09-25 16:15,16,23°C,0.033,0.009,-0.024,1998,
2026-09-25T20:15:03Z,toronto,2026-09-25,2026-09-25 16:15,16,24°C,0.0,0.001,0.001,367,
2026-09-25T20:15:03Z,toronto,2026-09-25,2026-09-25 16:15,16,25°C,0.0,0.001,0.001,953,
2026-09-25T20:15:03Z,toronto,2026-09-25,2026-09-25 16:15,16,26°C or higher,0.0,0.001,0.001,145,
2026-09-25T20:20:02Z,atlanta,2026-09-25,2026-09-25 16:20,16,69°F or below,0.0,0.001,0.001,614,
2026-09-25T20:20:02Z,atlanta,2026-09-25,2026-09-25 16:20,16,70-71°F,0.0,0.001,0.001,1271,
2026-09-25T20:20:02Z,atlanta,2026-09-25,2026-09-25 16:20,16,72-73°F,0.0,0.001,0.001,4396,
2026-09-25T20:20:02Z,atlanta,2026-09-25,2026-09-25 16:20,16,74-75°F,1.0,0.6,-0.4,5284,0.57
2026-09-25T20:20:02Z,atlanta,2026-09-25,2026-09-25 16:20,16,76-77°F,0.0,0.58,0.58,5271,0.4
2026-09-25T20:20:02Z,atlanta,2026-09-25,2026-09-25 16:20,16,78-79°F,0.0,0.06,0.06,6006,0.02
2026-09-25T20:20:02Z,atlanta,2026-09-25,2026-09-25 16:20,16,80-81°F,0.0,0.005,0.005,2100,0.001
2026-09-25T20:20:02Z,atlanta,2026-09-25,2026-09-25 16:20,16,82-83°F,0.0,0.001,0.001,2466,
2026-09-25T20:20:02Z,atlanta,2026-09-25,2026-09-25 16:20,16,84-85°F,0.0,0.001,0.001,422,
2026-09-25T20:20:02Z,atlanta,2026-09-25,2026-09-25 16:20,16,86-87°F,0.0,0.001,0.001,105,
2026-09-25T20:20:02Z,atlanta,2026-09-25,2026-09-25 16:20,16,88°F or higher,0.0,0.001,0.001,105,
2026-09-25T20:20:02Z,austin,2026-09-25,2026-09-25 15:20,15,87°F or below,0.0,0.001,0.001,100,
2026-09-25T20:20:02Z,austin,2026-09-25,2026-09-25 15:20,15,88-89°F,0.0,0.001,0.001,180,
2026-09-25T20:20:02Z,austin,2026-09-25,2026-09-25 15:20,15,90-91°F,0.0,0.001,0.001,186,
2026-09-25T20:20:02Z,austin,2026-09-25,2026-09-25 15:20,15,92-93°F,0.0,0.001,0.001,1026,
2026-09-25T20:20:02Z,austin,2026-09-25,2026-09-25 15:20,15,94-95°F,0.667,0.08,-0.587,3151,0.02
2026-09-25T20:20:02Z,austin,2026-09-25,2026-09-25 15:20,15,96-97°F,0.3,1.0,0.7,2125,0.46
2026-09-25T20:20:02Z,austin,2026-09-25,2026-09-25 15:20,15,98-99°F,0.033,0.8,0.767,1544,0.15
2026-09-25T20:20:02Z,austin,2026-09-25,2026-09-25 15:20,15,100-101°F,0.0,0.7,0.7,684,
2026-09-25T20:20:02Z,austin,2026-09-25,2026-09-25 15:20,15,102-103°F,0.0,0.084,0.084,218,
2026-09-25T20:20:02Z,austin,2026-09-25,2026-09-25 15:20,15,104-105°F,0.0,0.001,0.001,405,
2026-09-25T20:20:02Z,austin,2026-09-25,2026-09-25 15:20,15,106°F or higher,0.0,0.001,0.001,169,
2026-09-25T20:20:02Z,chicago,2026-09-25,2026-09-25 15:20,15,57°F or below,0.0,0.001,0.001,188,
2026-09-25T20:20:02Z,chicago,2026-09-25,2026-09-25 15:20,15,58-59°F,0.0,0.001,0.001,95,
2026-09-25T20:20:02Z,chicago,2026-09-25,2026-09-25 15:20,15,60-61°F,0.0,0.001,0.001,363,
2026-09-25T20:20:02Z,chicago,2026-09-25,2026-09-25 15:20,15,62-63°F,0.0,0.001,0.001,1796,
2026-09-25T20:20:02Z,chicago,2026-09-25,2026-09-25 15:20,15,64-65°F,1.0,0.86,-0.14,3995,0.62
2026-09-25T20:20:02Z,chicago,2026-09-25,2026-09-25 15:20,15,66-67°F,0.0,0.35,0.35,6961,0.12
2026-09-25T20:20:02Z,chicago,2026-09-25,2026-09-25 15:20,15,68-69°F,0.0,0.01,0.01,4754,
2026-09-25T20:20:02Z,chicago,2026-09-25,2026-09-25 15:20,15,70-71°F,0.0,0.008,0.008,3527,0.001
2026-09-25T20:20:02Z,chicago,2026-09-25,2026-09-25 15:20,15,72-73°F,0.0,0.001,0.001,3057,
2026-09-25T20:20:02Z,chicago,2026-09-25,2026-09-25 15:20,15,74-75°F,0.0,0.001,0.001,663,
2026-09-25T20:20:02Z,chicago,2026-09-25,2026-09-25 15:20,15,76°F or higher,0.0,0.001,0.001,100,
2026-09-25T20:20:02Z,dallas,2026-09-25,2026-09-25 15:20,15,85°F or below,0.0,0.001,0.001,866,
2026-09-25T20:20:02Z,dallas,2026-09-25,2026-09-25 15:20,15,86-87°F,0.767,0.001,-0.766,1255,
2026-09-25T20:20:02Z,dallas,2026-09-25,2026-09-25 15:20,15,88-89°F,0.2,0.06,-0.14,7239,0.03
2026-09-25T20:20:02Z,dallas,2026-09-25,2026-09-25 15:20,15,90-91°F,0.033,0.53,0.497,4586,0.41
2026-09-25T20:20:02Z,dallas,2026-09-25,2026-09-25 15:20,15,92-93°F,0.0,0.57,0.57,4407,0.43
2026-09-25T20:20:02Z,dallas,2026-09-25,2026-09-25 15:20,15,94-95°F,0.0,0.03,0.03,4823,
2026-09-25T20:20:02Z,dallas,2026-09-25,2026-09-25 15:20,15,96-97°F,0.0,0.002,0.002,2676,0.001
2026-09-25T20:20:02Z,dallas,2026-09-25,2026-09-25 15:20,15,98-99°F,0.0,0.001,0.001,4009,
2026-09-25T20:20:02Z,dallas,2026-09-25,2026-09-25 15:20,15,100-101°F,0.0,0.001,0.001,1172,
2026-09-25T20:20:02Z,dallas,2026-09-25,2026-09-25 15:20,15,102-103°F,0.0,0.001,0.001,95,
2026-09-25T20:20:02Z,dallas,2026-09-25,2026-09-25 15:20,15,104°F or higher,0.0,0.001,0.001,165,
2026-09-25T20:20:02Z,houston,2026-09-25,2026-09-25 15:20,15,83°F or below,0.0,0.001,0.001,100,
2026-09-25T20:20:02Z,houston,2026-09-25,2026-09-25 15:20,15,84-85°F,0.0,0.001,0.001,180,
2026-09-25T20:20:02Z,houston,2026-09-25,2026-09-25 15:20,15,86-87°F,0.0,0.001,0.001,2361,
2026-09-25T20:20:02Z,houston,2026-09-25,2026-09-25 15:20,15,88-89°F,1.0,0.001,-0.999,6665,
2026-09-25T20:20:02Z,houston,2026-09-25,2026-09-25 15:20,15,90-91°F,0.0,0.82,0.82,3427,0.73
2026-09-25T20:20:02Z,houston,2026-09-25,2026-09-25 15:20,15,92-93°F,0.0,0.26,0.26,5600,0.16
2026-09-25T20:20:02Z,houston,2026-09-25,2026-09-25 15:20,15,94-95°F,0.0,0.04,0.04,2286,0.02
2026-09-25T20:20:02Z,houston,2026-09-25,2026-09-25 15:20,15,96-97°F,0.0,0.008,0.008,706,
2026-09-25T20:20:02Z,houston,2026-09-25,2026-09-25 15:20,15,98-99°F,0.0,0.001,0.001,30,
2026-09-25T20:20:02Z,houston,2026-09-25,2026-09-25 15:20,15,100-101°F,0.0,0.001,0.001,215,
2026-09-25T20:20:02Z,houston,2026-09-25,2026-09-25 15:20,15,102°F or higher,0.0,0.001,0.001,100,
2026-09-25T20:20:02Z,miami,2026-09-25,2026-09-25 16:20,16,75°F or below,0.0,0.001,0.001,95,
2026-09-25T20:20:02Z,miami,2026-09-25,2026-09-25 16:20,16,76-77°F,0.0,0.001,0.001,95,
2026-09-25T20:20:02Z,miami,2026-09-25,2026-09-25 16:20,16,78-79°F,0.0,0.001,0.001,260,
2026-09-25T20:20:02Z,miami,2026-09-25,2026-09-25 16:20,16,80-81°F,0.0,0.001,0.001,3878,
2026-09-25T20:20:02Z,miami,2026-09-25,2026-09-25 16:20,16,82-83°F,0.0,0.001,0.001,4316,
2026-09-25T20:20:02Z,miami,2026-09-25,2026-09-25 16:20,16,84-85°F,0.0,0.001,0.001,5134,
2026-09-25T20:20:02Z,miami,2026-09-25,2026-09-25 16:20,16,86-87°F,0.0,0.001,0.001,14075,
2026-09-25T20:20:02Z,miami,2026-09-25,2026-09-25 16:20,16,88-89°F,0.0,0.001,0.001,8958,
2026-09-25T20:20:02Z,miami,2026-09-25,2026-09-25 16:20,16,90-91°F,1.0,0.998,-0.002,11787,0.99
2026-09-25T20:20:02Z,miami,2026-09-25,2026-09-25 16:20,16,92-93°F,0.0,0.009,0.009,9706,0.002
2026-09-25T20:20:02Z,miami,2026-09-25,2026-09-25 16:20,16,94°F or higher,0.0,0.002,0.002,8540,
2026-09-25T20:20:02Z,nyc,2026-09-25,2026-09-25 16:20,16,57°F or below,0.0,0.001,0.001,100,
2026-09-25T20:20:02Z,nyc,2026-09-25,2026-09-25 16:20,16,58-59°F,0.0,0.001,0.001,2710,
2026-09-25T20:20:02Z,nyc,2026-09-25,2026-09-25 16:20,16,60-61°F,0.0,0.001,0.001,4127,
2026-09-25T20:20:02Z,nyc,2026-09-25,2026-09-25 16:20,16,62-63°F,0.0,0.001,0.001,7388,
2026-09-25T20:20:02Z,nyc,2026-09-25,2026-09-25 16:20,16,64-65°F,0.0,0.001,0.001,5011,
2026-09-25T20:20:02Z,nyc,2026-09-25,2026-09-25 16:20,16,66-67°F,0.0,0.001,0.001,6584,
2026-09-25T20:20:02Z,nyc,2026-09-25,2026-09-25 16:20,16,68-69°F,0.933,0.65,-0.283,13001,0.61
2026-09-25T20:20:02Z,nyc,2026-09-25,2026-09-25 16:20,16,70-71°F,0.067,0.4,0.333,10035,0.36
2026-09-25T20:20:02Z,nyc,2026-09-25,2026-09-25 16:20,16,72-73°F,0.0,0.009,0.009,8488,0.002
2026-09-25T20:20:02Z,nyc,2026-09-25,2026-09-25 16:20,16,74-75°F,0.0,0.002,0.002,5340,0.001
2026-09-25T20:20:02Z,nyc,2026-09-25,2026-09-25 16:20,16,76°F or higher,0.0,0.001,0.001,3223,
2026-09-25T20:20:02Z,panama-city,2026-09-25,2026-09-25 15:20,15,23°C or below,0.0,0.001,0.001,95,
2026-09-25T20:20:02Z,panama-city,2026-09-25,2026-09-25 15:20,15,24°C,0.0,0.001,0.001,25,
2026-09-25T20:20:02Z,panama-city,2026-09-25,2026-09-25 15:20,15,25°C,0.0,0.001,0.001,15,
2026-09-25T20:20:02Z,panama-city,2026-09-25,2026-09-25 15:20,15,26°C,0.0,0.001,0.001,42,
2026-09-25T20:20:02Z,panama-city,2026-09-25,2026-09-25 15:20,15,27°C,0.0,0.001,0.001,35,
2026-09-25T20:20:02Z,panama-city,2026-09-25,2026-09-25 15:20,15,28°C,0.0,0.001,0.001,165,
2026-09-25T20:20:02Z,panama-city,2026-09-25,2026-09-25 15:20,15,29°C,0.966,0.78,-0.186,1893,0.51
2026-09-25T20:20:02Z,panama-city,2026-09-25,2026-09-25 15:20,15,30°C,0.034,0.4,0.366,2365,0.22
2026-09-25T20:20:02Z,panama-city,2026-09-25,2026-09-25 15:20,15,31°C,0.0,0.04,0.04,2127,0.03
2026-09-25T20:20:02Z,panama-city,2026-09-25,2026-09-25 15:20,15,32°C,0.0,0.03,0.03,3542,0.01
2026-09-25T20:20:02Z,panama-city,2026-09-25,2026-09-25 15:20,15,33°C or higher,0.0,0.001,0.001,1431,
2026-09-25T20:20:02Z,toronto,2026-09-25,2026-09-25 16:20,16,16°C or below,0.0,0.001,0.001,45,
2026-09-25T20:20:02Z,toronto,2026-09-25,2026-09-25 16:20,16,17°C,0.0,0.001,0.001,262,
2026-09-25T20:20:02Z,toronto,2026-09-25,2026-09-25 16:20,16,18°C,0.0,0.001,0.001,2614,
2026-09-25T20:20:02Z,toronto,2026-09-25,2026-09-25 16:20,16,19°C,0.0,0.001,0.001,2468,
2026-09-25T20:20:02Z,toronto,2026-09-25,2026-09-25 16:20,16,20°C,0.0,0.001,0.001,7208,
2026-09-25T20:20:02Z,toronto,2026-09-25,2026-09-25 16:20,16,21°C,0.967,0.98,0.013,3552,0.92
2026-09-25T20:20:02Z,toronto,2026-09-25,2026-09-25 16:20,16,22°C,0.0,0.08,0.08,3057,0.03
2026-09-25T20:20:02Z,toronto,2026-09-25,2026-09-25 16:20,16,23°C,0.033,0.009,-0.024,1998,
2026-09-25T20:20:02Z,toronto,2026-09-25,2026-09-25 16:20,16,24°C,0.0,0.001,0.001,367,
2026-09-25T20:20:02Z,toronto,2026-09-25,2026-09-25 16:20,16,25°C,0.0,0.001,0.001,953,
2026-09-25T20:20:02Z,toronto,2026-09-25,2026-09-25 16:20,16,26°C or higher,0.0,0.001,0.001,145,
2026-09-25T20:25:02Z,atlanta,2026-09-25,2026-09-25 16:25,16,69°F or below,0.0,0.001,0.001,614,
2026-09-25T20:25:02Z,atlanta,2026-09-25,2026-09-25 16:25,16,70-71°F,0.0,0.001,0.001,1271,
2026-09-25T20:25:02Z,atlanta,2026-09-25,2026-09-25 16:25,16,72-73°F,0.0,0.001,0.001,4396,
2026-09-25T20:25:02Z,atlanta,2026-09-25,2026-09-25 16:25,16,74-75°F,1.0,0.78,-0.22,5309,0.57
2026-09-25T20:25:02Z,atlanta,2026-09-25,2026-09-25 16:25,16,76-77°F,0.0,0.56,0.56,5290,0.39
2026-09-25T20:25:02Z,atlanta,2026-09-25,2026-09-25 16:25,16,78-79°F,0.0,0.06,0.06,6024,0.03
2026-09-25T20:25:02Z,atlanta,2026-09-25,2026-09-25 16:25,16,80-81°F,0.0,0.005,0.005,2109,0.001
2026-09-25T20:25:02Z,atlanta,2026-09-25,2026-09-25 16:25,16,82-83°F,0.0,0.001,0.001,2466,
2026-09-25T20:25:02Z,atlanta,2026-09-25,2026-09-25 16:25,16,84-85°F,0.0,0.001,0.001,422,
2026-09-25T20:25:02Z,atlanta,2026-09-25,2026-09-25 16:25,16,86-87°F,0.0,0.001,0.001,105,
2026-09-25T20:25:02Z,atlanta,2026-09-25,2026-09-25 16:25,16,88°F or higher,0.0,0.001,0.001,105,
2026-09-25T20:25:02Z,austin,2026-09-25,2026-09-25 15:25,15,87°F or below,0.0,0.001,0.001,100,
2026-09-25T20:25:02Z,austin,2026-09-25,2026-09-25 15:25,15,88-89°F,0.0,0.001,0.001,180,
2026-09-25T20:25:02Z,austin,2026-09-25,2026-09-25 15:25,15,90-91°F,0.0,0.001,0.001,186,
2026-09-25T20:25:02Z,austin,2026-09-25,2026-09-25 15:25,15,92-93°F,0.0,0.001,0.001,1026,
2026-09-25T20:25:02Z,austin,2026-09-25,2026-09-25 15:25,15,94-95°F,0.667,0.16,-0.507,3179,0.08
2026-09-25T20:25:02Z,austin,2026-09-25,2026-09-25 15:25,15,96-97°F,0.3,1.0,0.7,2156,0.47
2026-09-25T20:25:02Z,austin,2026-09-25,2026-09-25 15:25,15,98-99°F,0.033,0.64,0.607,1545,0.2
2026-09-25T20:25:02Z,austin,2026-09-25,2026-09-25 15:25,15,100-101°F,0.0,0.68,0.68,686,
2026-09-25T20:25:02Z,austin,2026-09-25,2026-09-25 15:25,15,102-103°F,0.0,0.07,0.07,218,
2026-09-25T20:25:02Z,austin,2026-09-25,2026-09-25 15:25,15,104-105°F,0.0,0.001,0.001,405,
2026-09-25T20:25:02Z,austin,2026-09-25,2026-09-25 15:25,15,106°F or higher,0.0,0.001,0.001,169,
2026-09-25T20:25:02Z,chicago,2026-09-25,2026-09-25 15:25,15,57°F or below,0.0,0.001,0.001,188,
2026-09-25T20:25:02Z,chicago,2026-09-25,2026-09-25 15:25,15,58-59°F,0.0,0.001,0.001,95,
2026-09-25T20:25:02Z,chicago,2026-09-25,2026-09-25 15:25,15,60-61°F,0.0,0.001,0.001,363,
2026-09-25T20:25:02Z,chicago,2026-09-25,2026-09-25 15:25,15,62-63°F,0.0,0.001,0.001,1796,
2026-09-25T20:25:02Z,chicago,2026-09-25,2026-09-25 15:25,15,64-65°F,1.0,0.91,-0.09,3997,0.7
2026-09-25T20:25:02Z,chicago,2026-09-25,2026-09-25 15:25,15,66-67°F,0.0,0.27,0.27,6963,0.09
2026-09-25T20:25:02Z,chicago,2026-09-25,2026-09-25 15:25,15,68-69°F,0.0,0.029,0.029,4854,0.008
2026-09-25T20:25:02Z,chicago,2026-09-25,2026-09-25 15:25,15,70-71°F,0.0,0.008,0.008,3527,0.001
2026-09-25T20:25:02Z,chicago,2026-09-25,2026-09-25 15:25,15,72-73°F,0.0,0.001,0.001,3057,
2026-09-25T20:25:02Z,chicago,2026-09-25,2026-09-25 15:25,15,74-75°F,0.0,0.001,0.001,663,
2026-09-25T20:25:02Z,chicago,2026-09-25,2026-09-25 15:25,15,76°F or higher,0.0,0.001,0.001,100,
2026-09-25T20:25:02Z,dallas,2026-09-25,2026-09-25 15:25,15,85°F or below,0.0,0.001,0.001,866,
2026-09-25T20:25:02Z,dallas,2026-09-25,2026-09-25 15:25,15,86-87°F,0.767,0.001,-0.766,1255,
2026-09-25T20:25:02Z,dallas,2026-09-25,2026-09-25 15:25,15,88-89°F,0.2,0.06,-0.14,7239,0.02
2026-09-25T20:25:02Z,dallas,2026-09-25,2026-09-25 15:25,15,90-91°F,0.033,0.53,0.497,4586,0.45
2026-09-25T20:25:02Z,dallas,2026-09-25,2026-09-25 15:25,15,92-93°F,0.0,0.55,0.55,4407,0.46
2026-09-25T20:25:02Z,dallas,2026-09-25,2026-09-25 15:25,15,94-95°F,0.0,0.03,0.03,4823,
2026-09-25T20:25:02Z,dallas,2026-09-25,2026-09-25 15:25,15,96-97°F,0.0,0.002,0.002,2676,0.001
2026-09-25T20:25:02Z,dallas,2026-09-25,2026-09-25 15:25,15,98-99°F,0.0,0.001,0.001,4009,
2026-09-25T20:25:02Z,dallas,2026-09-25,2026-09-25 15:25,15,100-101°F,0.0,0.001,0.001,1172,
2026-09-25T20:25:02Z,dallas,2026-09-25,2026-09-25 15:25,15,102-103°F,0.0,0.001,0.001,95,
2026-09-25T20:25:02Z,dallas,2026-09-25,2026-09-25 15:25,15,104°F or higher,0.0,0.001,0.001,165,
2026-09-25T20:25:02Z,houston,2026-09-25,2026-09-25 15:25,15,83°F or below,0.0,0.001,0.001,100,
2026-09-25T20:25:02Z,houston,2026-09-25,2026-09-25 15:25,15,84-85°F,0.0,0.001,0.001,180,
2026-09-25T20:25:02Z,houston,2026-09-25,2026-09-25 15:25,15,86-87°F,0.0,0.001,0.001,2361,
2026-09-25T20:25:02Z,houston,2026-09-25,2026-09-25 15:25,15,88-89°F,1.0,0.001,-0.999,6665,
2026-09-25T20:25:02Z,houston,2026-09-25,2026-09-25 15:25,15,90-91°F,0.0,0.82,0.82,3427,0.74
2026-09-25T20:25:02Z,houston,2026-09-25,2026-09-25 15:25,15,92-93°F,0.0,0.26,0.26,5600,0.16
2026-09-25T20:25:02Z,houston,2026-09-25,2026-09-25 15:25,15,94-95°F,0.0,0.04,0.04,2286,0.01
2026-09-25T20:25:02Z,houston,2026-09-25,2026-09-25 15:25,15,96-97°F,0.0,0.008,0.008,706,
2026-09-25T20:25:02Z,houston,2026-09-25,2026-09-25 15:25,15,98-99°F,0.0,0.001,0.001,30,
2026-09-25T20:25:02Z,houston,2026-09-25,2026-09-25 15:25,15,100-101°F,0.0,0.001,0.001,215,
2026-09-25T20:25:02Z,houston,2026-09-25,2026-09-25 15:25,15,102°F or higher,0.0,0.001,0.001,100,
2026-09-25T20:25:02Z,miami,2026-09-25,2026-09-25 16:25,16,75°F or below,0.0,0.001,0.001,95,
2026-09-25T20:25:02Z,miami,2026-09-25,2026-09-25 16:25,16,76-77°F,0.0,0.001,0.001,95,
2026-09-25T20:25:02Z,miami,2026-09-25,2026-09-25 16:25,16,78-79°F,0.0,0.001,0.001,260,
2026-09-25T20:25:02Z,miami,2026-09-25,2026-09-25 16:25,16,80-81°F,0.0,0.001,0.001,3878,
2026-09-25T20:25:02Z,miami,2026-09-25,2026-09-25 16:25,16,82-83°F,0.0,0.001,0.001,4316,
2026-09-25T20:25:02Z,miami,2026-09-25,2026-09-25 16:25,16,84-85°F,0.0,0.001,0.001,5134,
2026-09-25T20:25:02Z,miami,2026-09-25,2026-09-25 16:25,16,86-87°F,0.0,0.001,0.001,14075,
2026-09-25T20:25:02Z,miami,2026-09-25,2026-09-25 16:25,16,88-89°F,0.0,0.001,0.001,8958,
2026-09-25T20:25:02Z,miami,2026-09-25,2026-09-25 16:25,16,90-91°F,1.0,0.998,-0.002,11787,0.99
2026-09-25T20:25:02Z,miami,2026-09-25,2026-09-25 16:25,16,92-93°F,0.0,0.009,0.009,9706,0.002
2026-09-25T20:25:02Z,miami,2026-09-25,2026-09-25 16:25,16,94°F or higher,0.0,0.002,0.002,8540,
2026-09-25T20:25:02Z,nyc,2026-09-25,2026-09-25 16:25,16,57°F or below,0.0,0.001,0.001,100,
2026-09-25T20:25:02Z,nyc,2026-09-25,2026-09-25 16:25,16,58-59°F,0.0,0.001,0.001,2710,
2026-09-25T20:25:02Z,nyc,2026-09-25,2026-09-25 16:25,16,60-61°F,0.0,0.001,0.001,4127,
2026-09-25T20:25:02Z,nyc,2026-09-25,2026-09-25 16:25,16,62-63°F,0.0,0.001,0.001,7388,
2026-09-25T20:25:02Z,nyc,2026-09-25,2026-09-25 16:25,16,64-65°F,0.0,0.001,0.001,5011,
2026-09-25T20:25:02Z,nyc,2026-09-25,2026-09-25 16:25,16,66-67°F,0.0,0.001,0.001,6584,
2026-09-25T20:25:02Z,nyc,2026-09-25,2026-09-25 16:25,16,68-69°F,0.933,0.69,-0.243,13400,0.6
2026-09-25T20:25:02Z,nyc,2026-09-25,2026-09-25 16:25,16,70-71°F,0.067,0.4,0.333,10215,0.32
2026-09-25T20:25:02Z,nyc,2026-09-25,2026-09-25 16:25,16,72-73°F,0.0,0.009,0.009,8560,0.003
2026-09-25T20:25:02Z,nyc,2026-09-25,2026-09-25 16:25,16,74-75°F,0.0,0.002,0.002,5474,0.001
2026-09-25T20:25:02Z,nyc,2026-09-25,2026-09-25 16:25,16,76°F or higher,0.0,0.001,0.001,3223,
2026-09-25T20:25:02Z,panama-city,2026-09-25,2026-09-25 15:25,15,23°C or below,0.0,0.001,0.001,95,
2026-09-25T20:25:02Z,panama-city,2026-09-25,2026-09-25 15:25,15,24°C,0.0,0.001,0.001,25,
2026-09-25T20:25:02Z,panama-city,2026-09-25,2026-09-25 15:25,15,25°C,0.0,0.001,0.001,15,
2026-09-25T20:25:02Z,panama-city,2026-09-25,2026-09-25 15:25,15,26°C,0.0,0.001,0.001,42,
2026-09-25T20:25:02Z,panama-city,2026-09-25,2026-09-25 15:25,15,27°C,0.0,0.001,0.001,35,
2026-09-25T20:25:02Z,panama-city,2026-09-25,2026-09-25 15:25,15,28°C,0.0,0.001,0.001,165,
2026-09-25T20:25:02Z,panama-city,2026-09-25,2026-09-25 15:25,15,29°C,0.966,0.69,-0.276,1893,0.41
2026-09-25T20:25:02Z,panama-city,2026-09-25,2026-09-25 15:25,15,30°C,0.034,0.52,0.486,2401,0.27
2026-09-25T20:25:02Z,panama-city,2026-09-25,2026-09-25 15:25,15,31°C,0.0,0.07,0.07,2127,0.03
2026-09-25T20:25:02Z,panama-city,2026-09-25,2026-09-25 15:25,15,32°C,0.0,0.03,0.03,3542,0.01
2026-09-25T20:25:02Z,panama-city,2026-09-25,2026-09-25 15:25,15,33°C or higher,0.0,0.001,0.001,1495,
2026-09-25T20:25:02Z,toronto,2026-09-25,2026-09-25 16:25,16,16°C or below,0.0,0.001,0.001,45,
2026-09-25T20:25:02Z,toronto,2026-09-25,2026-09-25 16:25,16,17°C,0.0,0.001,0.001,262,
2026-09-25T20:25:02Z,toronto,2026-09-25,2026-09-25 16:25,16,18°C,0.0,0.001,0.001,2614,
2026-09-25T20:25:02Z,toronto,2026-09-25,2026-09-25 16:25,16,19°C,0.0,0.001,0.001,2468,
2026-09-25T20:25:02Z,toronto,2026-09-25,2026-09-25 16:25,16,20°C,0.0,0.001,0.001,7208,
2026-09-25T20:25:02Z,toronto,2026-09-25,2026-09-25 16:25,16,21°C,0.967,0.98,0.013,3572,0.89
2026-09-25T20:25:02Z,toronto,2026-09-25,2026-09-25 16:25,16,22°C,0.0,0.08,0.08,3079,0.03
2026-09-25T20:25:02Z,toronto,2026-09-25,2026-09-25 16:25,16,23°C,0.033,0.009,-0.024,2134,
2026-09-25T20:25:02Z,toronto,2026-09-25,2026-09-25 16:25,16,24°C,0.0,0.001,0.001,367,
2026-09-25T20:25:02Z,toronto,2026-09-25,2026-09-25 16:25,16,25°C,0.0,0.001,0.001,953,
2026-09-25T20:25:02Z,toronto,2026-09-25,2026-09-25 16:25,16,26°C or higher,0.0,0.001,0.001,145,
2026-09-25T20:30:03Z,atlanta,2026-09-25,2026-09-25 16:30,16,69°F or below,0.0,0.001,0.001,614,
2026-09-25T20:30:03Z,atlanta,2026-09-25,2026-09-25 16:30,16,70-71°F,0.0,0.001,0.001,1271,
2026-09-25T20:30:03Z,atlanta,2026-09-25,2026-09-25 16:30,16,72-73°F,0.0,0.001,0.001,4402,
2026-09-25T20:30:03Z,atlanta,2026-09-25,2026-09-25 16:30,16,74-75°F,1.0,0.7,-0.3,5309,0.6
2026-09-25T20:30:03Z,atlanta,2026-09-25,2026-09-25 16:30,16,76-77°F,0.0,0.68,0.68,5290,0.39
2026-09-25T20:30:03Z,atlanta,2026-09-25,2026-09-25 16:30,16,78-79°F,0.0,0.06,0.06,6024,0.02
2026-09-25T20:30:03Z,atlanta,2026-09-25,2026-09-25 16:30,16,80-81°F,0.0,0.005,0.005,2109,
2026-09-25T20:30:03Z,atlanta,2026-09-25,2026-09-25 16:30,16,82-83°F,0.0,0.001,0.001,2466,
2026-09-25T20:30:03Z,atlanta,2026-09-25,2026-09-25 16:30,16,84-85°F,0.0,0.001,0.001,422,
2026-09-25T20:30:03Z,atlanta,2026-09-25,2026-09-25 16:30,16,86-87°F,0.0,0.001,0.001,105,
2026-09-25T20:30:03Z,atlanta,2026-09-25,2026-09-25 16:30,16,88°F or higher,0.0,0.001,0.001,105,
2026-09-25T20:30:03Z,austin,2026-09-25,2026-09-25 15:30,15,87°F or below,0.0,0.001,0.001,100,
2026-09-25T20:30:03Z,austin,2026-09-25,2026-09-25 15:30,15,88-89°F,0.0,0.001,0.001,180,
2026-09-25T20:30:03Z,austin,2026-09-25,2026-09-25 15:30,15,90-91°F,0.0,0.001,0.001,186,
2026-09-25T20:30:03Z,austin,2026-09-25,2026-09-25 15:30,15,92-93°F,0.0,0.001,0.001,1026,
2026-09-25T20:30:03Z,austin,2026-09-25,2026-09-25 15:30,15,94-95°F,0.667,0.17,-0.497,3179,0.08
2026-09-25T20:30:03Z,austin,2026-09-25,2026-09-25 15:30,15,96-97°F,0.3,1.0,0.7,2156,0.47
2026-09-25T20:30:03Z,austin,2026-09-25,2026-09-25 15:30,15,98-99°F,0.033,0.7,0.667,1545,0.2
2026-09-25T20:30:03Z,austin,2026-09-25,2026-09-25 15:30,15,100-101°F,0.0,0.68,0.68,686,
2026-09-25T20:30:03Z,austin,2026-09-25,2026-09-25 15:30,15,102-103°F,0.0,0.061,0.061,218,
2026-09-25T20:30:03Z,austin,2026-09-25,2026-09-25 15:30,15,104-105°F,0.0,0.001,0.001,405,
2026-09-25T20:30:03Z,austin,2026-09-25,2026-09-25 15:30,15,106°F or higher,0.0,0.001,0.001,169,
2026-09-25T20:30:03Z,buenos-aires,2026-09-25,2026-09-25 17:30,17,20°C or below,0.0,0.001,0.001,265,
2026-09-25T20:30:03Z,buenos-aires,2026-09-25,2026-09-25 17:30,17,21°C,0.0,0.001,0.001,105,
2026-09-25T20:30:03Z,buenos-aires,2026-09-25,2026-09-25 17:30,17,22°C,0.0,0.001,0.001,105,
2026-09-25T20:30:03Z,buenos-aires,2026-09-25,2026-09-25 17:30,17,23°C,0.0,0.001,0.001,2047,
2026-09-25T20:30:03Z,buenos-aires,2026-09-25,2026-09-25 17:30,17,24°C,0.0,0.001,0.001,2245,
2026-09-25T20:30:03Z,buenos-aires,2026-09-25,2026-09-25 17:30,17,25°C,0.0,0.001,0.001,1422,
2026-09-25T20:30:03Z,buenos-aires,2026-09-25,2026-09-25 17:30,17,26°C,0.0,0.001,0.001,2960,
2026-09-25T20:30:03Z,buenos-aires,2026-09-25,2026-09-25 17:30,17,27°C,1.0,0.999,-0.001,6148,0.996
2026-09-25T20:30:03Z,buenos-aires,2026-09-25,2026-09-25 17:30,17,28°C,0.0,0.005,0.005,3226,
2026-09-25T20:30:03Z,buenos-aires,2026-09-25,2026-09-25 17:30,17,29°C,0.0,0.005,0.005,4320,
2026-09-25T20:30:03Z,buenos-aires,2026-09-25,2026-09-25 17:30,17,30°C or higher,0.0,0.001,0.001,2951,
2026-09-25T20:30:03Z,chicago,2026-09-25,2026-09-25 15:30,15,57°F or below,0.0,0.001,0.001,188,
2026-09-25T20:30:03Z,chicago,2026-09-25,2026-09-25 15:30,15,58-59°F,0.0,0.001,0.001,95,
2026-09-25T20:30:03Z,chicago,2026-09-25,2026-09-25 15:30,15,60-61°F,0.0,0.001,0.001,363,
2026-09-25T20:30:03Z,chicago,2026-09-25,2026-09-25 15:30,15,62-63°F,0.0,0.001,0.001,1796,
2026-09-25T20:30:03Z,chicago,2026-09-25,2026-09-25 15:30,15,64-65°F,1.0,0.92,-0.08,3997,0.66
2026-09-25T20:30:03Z,chicago,2026-09-25,2026-09-25 15:30,15,66-67°F,0.0,0.31,0.31,6963,0.08
2026-09-25T20:30:03Z,chicago,2026-09-25,2026-09-25 15:30,15,68-69°F,0.0,0.029,0.029,4854,0.008
2026-09-25T20:30:03Z,chicago,2026-09-25,2026-09-25 15:30,15,70-71°F,0.0,0.008,0.008,3582,
2026-09-25T20:30:03Z,chicago,2026-09-25,2026-09-25 15:30,15,72-73°F,0.0,0.001,0.001,3136,
2026-09-25T20:30:03Z,chicago,2026-09-25,2026-09-25 15:30,15,74-75°F,0.0,0.001,0.001,663,
2026-09-25T20:30:03Z,chicago,2026-09-25,2026-09-25 15:30,15,76°F or higher,0.0,0.001,0.001,100,
2026-09-25T20:30:03Z,dallas,2026-09-25,2026-09-25 15:30,15,85°F or below,0.0,0.001,0.001,866,
2026-09-25T20:30:03Z,dallas,2026-09-25,2026-09-25 15:30,15,86-87°F,0.767,0.001,-0.766,1255,
2026-09-25T20:30:03Z,dallas,2026-09-25,2026-09-25 15:30,15,88-89°F,0.2,0.06,-0.14,7597,0.04
2026-09-25T20:30:03Z,dallas,2026-09-25,2026-09-25 15:30,15,90-91°F,0.033,0.8,0.767,4683,0.48
2026-09-25T20:30:03Z,dallas,2026-09-25,2026-09-25 15:30,15,92-93°F,0.0,0.48,0.48,4472,0.41
2026-09-25T20:30:03Z,dallas,2026-09-25,2026-09-25 15:30,15,94-95°F,0.0,0.03,0.03,4835,0.01
2026-09-25T20:30:03Z,dallas,2026-09-25,2026-09-25 15:30,15,96-97°F,0.0,0.002,0.002,2752,
2026-09-25T20:30:03Z,dallas,2026-09-25,2026-09-25 15:30,15,98-99°F,0.0,0.001,0.001,4148,
2026-09-25T20:30:03Z,dallas,2026-09-25,2026-09-25 15:30,15,100-101°F,0.0,0.001,0.001,1172,
2026-09-25T20:30:03Z,dallas,2026-09-25,2026-09-25 15:30,15,102-103°F,0.0,0.001,0.001,95,
2026-09-25T20:30:03Z,dallas,2026-09-25,2026-09-25 15:30,15,104°F or higher,0.0,0.001,0.001,165,
2026-09-25T20:30:03Z,denver,2026-09-25,2026-09-25 14:30,14,67°F or below,0.0,0.001,0.001,1341,
2026-09-25T20:30:03Z,denver,2026-09-25,2026-09-25 14:30,14,68-69°F,0.533,0.001,-0.532,966,
2026-09-25T20:30:03Z,denver,2026-09-25,2026-09-25 14:30,14,70-71°F,0.367,0.001,-0.366,1942,
2026-09-25T20:30:03Z,denver,2026-09-25,2026-09-25 14:30,14,72-73°F,0.1,0.001,-0.099,4612,
2026-09-25T20:30:03Z,denver,2026-09-25,2026-09-25 14:30,14,74-75°F,0.0,0.75,0.75,4233,0.48
2026-09-25T20:30:03Z,denver,2026-09-25,2026-09-25 14:30,14,76-77°F,0.0,0.42,0.42,3658,0.4
2026-09-25T20:30:03Z,denver,2026-09-25,2026-09-25 14:30,14,78-79°F,0.0,0.28,0.28,1445,0.08
2026-09-25T20:30:03Z,denver,2026-09-25,2026-09-25 14:30,14,80-81°F,0.0,0.009,0.009,1524,
2026-09-25T20:30:03Z,denver,2026-09-25,2026-09-25 14:30,14,82-83°F,0.0,0.003,0.003,862,0.001
2026-09-25T20:30:03Z,denver,2026-09-25,2026-09-25 14:30,14,84-85°F,0.0,0.001,0.001,200,
2026-09-25T20:30:03Z,denver,2026-09-25,2026-09-25 14:30,14,86°F or higher,0.0,0.001,0.001,100,
2026-09-25T20:30:03Z,houston,2026-09-25,2026-09-25 15:30,15,83°F or below,0.0,0.001,0.001,100,
2026-09-25T20:30:03Z,houston,2026-09-25,2026-09-25 15:30,15,84-85°F,0.0,0.001,0.001,180,
2026-09-25T20:30:03Z,houston,2026-09-25,2026-09-25 15:30,15,86-87°F,0.0,0.001,0.001,2361,
2026-09-25T20:30:03Z,houston,2026-09-25,2026-09-25 15:30,15,88-89°F,1.0,0.001,-0.999,6665,
2026-09-25T20:30:03Z,houston,2026-09-25,2026-09-25 15:30,15,90-91°F,0.0,0.79,0.79,3434,0.7
2026-09-25T20:30:03Z,houston,2026-09-25,2026-09-25 15:30,15,92-93°F,0.0,0.3,0.3,5604,0.21
2026-09-25T20:30:03Z,houston,2026-09-25,2026-09-25 15:30,15,94-95°F,0.0,0.04,0.04,2291,0.01
2026-09-25T20:30:03Z,houston,2026-09-25,2026-09-25 15:30,15,96-97°F,0.0,0.008,0.008,706,
2026-09-25T20:30:03Z,houston,2026-09-25,2026-09-25 15:30,15,98-99°F,0.0,0.001,0.001,30,
2026-09-25T20:30:03Z,houston,2026-09-25,2026-09-25 15:30,15,100-101°F,0.0,0.001,0.001,215,
2026-09-25T20:30:03Z,houston,2026-09-25,2026-09-25 15:30,15,102°F or higher,0.0,0.001,0.001,100,
2026-09-25T20:30:03Z,los-angeles,2026-09-25,2026-09-25 13:30,13,73°F or below,0.0,0.001,0.001,1433,
2026-09-25T20:30:03Z,los-angeles,2026-09-25,2026-09-25 13:30,13,74-75°F,0.0,0.001,0.001,10869,
2026-09-25T20:30:03Z,los-angeles,2026-09-25,2026-09-25 13:30,13,76-77°F,0.933,0.92,-0.013,8273,0.87
2026-09-25T20:30:03Z,los-angeles,2026-09-25,2026-09-25 13:30,13,78-79°F,0.033,0.13,0.097,5658,0.08
2026-09-25T20:30:03Z,los-angeles,2026-09-25,2026-09-25 13:30,13,80-81°F,0.0,0.008,0.008,4755,0.003
2026-09-25T20:30:03Z,los-angeles,2026-09-25,2026-09-25 13:30,13,82-83°F,0.033,0.001,-0.032,2432,
2026-09-25T20:30:03Z,los-angeles,2026-09-25,2026-09-25 13:30,13,84-85°F,0.0,0.001,0.001,1656,
2026-09-25T20:30:03Z,los-angeles,2026-09-25,2026-09-25 13:30,13,86-87°F,0.0,0.001,0.001,348,
2026-09-25T20:30:03Z,los-angeles,2026-09-25,2026-09-25 13:30,13,88-89°F,0.0,0.001,0.001,105,
2026-09-25T20:30:03Z,los-angeles,2026-09-25,2026-09-25 13:30,13,90-91°F,0.0,0.001,0.001,100,
2026-09-25T20:30:03Z,los-angeles,2026-09-25,2026-09-25 13:30,13,92°F or higher,0.0,0.001,0.001,510,
2026-09-25T20:30:03Z,mexico-city,2026-09-25,2026-09-25 14:30,14,16°C or below,0.0,0.001,0.001,1015,
2026-09-25T20:30:03Z,mexico-city,2026-09-25,2026-09-25 14:30,14,17°C,0.0,0.001,0.001,15,
2026-09-25T20:30:03Z,mexico-city,2026-09-25,2026-09-25 14:30,14,18°C,0.0,0.001,0.001,15,
2026-09-25T20:30:03Z,mexico-city,2026-09-25,2026-09-25 14:30,14,19°C,0.0,0.001,0.001,15,
2026-09-25T20:30:03Z,mexico-city,2026-09-25,2026-09-25 14:30,14,20°C,0.0,0.001,0.001,15,
2026-09-25T20:30:03Z,mexico-city,2026-09-25,2026-09-25 14:30,14,21°C,0.0,0.001,0.001,145,
2026-09-25T20:30:03Z,mexico-city,2026-09-25,2026-09-25 14:30,14,22°C,0.0,0.001,0.001,232,
2026-09-25T20:30:03Z,mexico-city,2026-09-25,2026-09-25 14:30,14,23°C,0.0,0.001,0.001,523,
2026-09-25T20:30:03Z,mexico-city,2026-09-25,2026-09-25 14:30,14,24°C,0.793,0.001,-0.792,3898,
2026-09-25T20:30:03Z,mexico-city,2026-09-25,2026-09-25 14:30,14,25°C,0.207,0.65,0.443,3364,0.34
2026-09-25T20:30:03Z,mexico-city,2026-09-25,2026-09-25 14:30,14,26°C or higher,0.0,0.64,0.64,4016,0.34
2026-09-25T20:30:03Z,miami,2026-09-25,2026-09-25 16:30,16,75°F or below,0.0,0.001,0.001,95,
2026-09-25T20:30:03Z,miami,2026-09-25,2026-09-25 16:30,16,76-77°F,0.0,0.001,0.001,95,
2026-09-25T20:30:03Z,miami,2026-09-25,2026-09-25 16:30,16,78-79°F,0.0,0.001,0.001,260,
2026-09-25T20:30:03Z,miami,2026-09-25,2026-09-25 16:30,16,80-81°F,0.0,0.001,0.001,3878,
2026-09-25T20:30:03Z,miami,2026-09-25,2026-09-25 16:30,16,82-83°F,0.0,0.001,0.001,4316,
2026-09-25T20:30:03Z,miami,2026-09-25,2026-09-25 16:30,16,84-85°F,0.0,0.001,0.001,5134,
2026-09-25T20:30:03Z,miami,2026-09-25,2026-09-25 16:30,16,86-87°F,0.0,0.001,0.001,14080,
2026-09-25T20:30:03Z,miami,2026-09-25,2026-09-25 16:30,16,88-89°F,0.0,0.001,0.001,8958,
2026-09-25T20:30:03Z,miami,2026-09-25,2026-09-25 16:30,16,90-91°F,1.0,0.998,-0.002,11858,0.99
2026-09-25T20:30:03Z,miami,2026-09-25,2026-09-25 16:30,16,92-93°F,0.0,0.009,0.009,9706,0.002
2026-09-25T20:30:03Z,miami,2026-09-25,2026-09-25 16:30,16,94°F or higher,0.0,0.009,0.009,8540,
2026-09-25T20:30:03Z,nyc,2026-09-25,2026-09-25 16:30,16,57°F or below,0.0,0.001,0.001,100,
2026-09-25T20:30:03Z,nyc,2026-09-25,2026-09-25 16:30,16,58-59°F,0.0,0.001,0.001,2710,
2026-09-25T20:30:03Z,nyc,2026-09-25,2026-09-25 16:30,16,60-61°F,0.0,0.001,0.001,4127,
2026-09-25T20:30:03Z,nyc,2026-09-25,2026-09-25 16:30,16,62-63°F,0.0,0.001,0.001,7388,
2026-09-25T20:30:03Z,nyc,2026-09-25,2026-09-25 16:30,16,64-65°F,0.0,0.001,0.001,5011,
2026-09-25T20:30:03Z,nyc,2026-09-25,2026-09-25 16:30,16,66-67°F,0.0,0.001,0.001,6584,
2026-09-25T20:30:03Z,nyc,2026-09-25,2026-09-25 16:30,16,68-69°F,0.933,0.73,-0.203,13400,0.69
2026-09-25T20:30:03Z,nyc,2026-09-25,2026-09-25 16:30,16,70-71°F,0.067,0.33,0.263,10215,0.28
2026-09-25T20:30:03Z,nyc,2026-09-25,2026-09-25 16:30,16,72-73°F,0.0,0.008,0.008,8560,0.003
2026-09-25T20:30:03Z,nyc,2026-09-25,2026-09-25 16:30,16,74-75°F,0.0,0.002,0.002,5474,0.001
2026-09-25T20:30:03Z,nyc,2026-09-25,2026-09-25 16:30,16,76°F or higher,0.0,0.001,0.001,3223,
2026-09-25T20:30:03Z,panama-city,2026-09-25,2026-09-25 15:30,15,23°C or below,0.0,0.001,0.001,95,
2026-09-25T20:30:03Z,panama-city,2026-09-25,2026-09-25 15:30,15,24°C,0.0,0.001,0.001,25,
2026-09-25T20:30:03Z,panama-city,2026-09-25,2026-09-25 15:30,15,25°C,0.0,0.001,0.001,15,
2026-09-25T20:30:03Z,panama-city,2026-09-25,2026-09-25 15:30,15,26°C,0.0,0.001,0.001,42,
2026-09-25T20:30:03Z,panama-city,2026-09-25,2026-09-25 15:30,15,27°C,0.0,0.001,0.001,35,
2026-09-25T20:30:03Z,panama-city,2026-09-25,2026-09-25 15:30,15,28°C,0.0,0.001,0.001,165,
2026-09-25T20:30:03Z,panama-city,2026-09-25,2026-09-25 15:30,15,29°C,0.966,0.68,-0.286,1893,0.37
2026-09-25T20:30:03Z,panama-city,2026-09-25,2026-09-25 15:30,15,30°C,0.034,0.6,0.566,2401,0.26
2026-09-25T20:30:03Z,panama-city,2026-09-25,2026-09-25 15:30,15,31°C,0.0,0.06,0.06,2127,0.03
2026-09-25T20:30:03Z,panama-city,2026-09-25,2026-09-25 15:30,15,32°C,0.0,0.03,0.03,3542,0.01
2026-09-25T20:30:03Z,panama-city,2026-09-25,2026-09-25 15:30,15,33°C or higher,0.0,0.001,0.001,1495,
2026-09-25T20:30:03Z,san-francisco,2026-09-25,2026-09-25 13:30,13,61°F or below,0.0,0.001,0.001,630,
2026-09-25T20:30:03Z,san-francisco,2026-09-25,2026-09-25 13:30,13,62-63°F,0.0,0.001,0.001,1782,
2026-09-25T20:30:03Z,san-francisco,2026-09-25,2026-09-25 13:30,13,64-65°F,0.0,0.001,0.001,768,
2026-09-25T20:30:03Z,san-francisco,2026-09-25,2026-09-25 13:30,13,66-67°F,0.0,0.001,0.001,4244,
2026-09-25T20:30:03Z,san-francisco,2026-09-25,2026-09-25 13:30,13,68-69°F,0.467,0.001,-0.466,3125,
2026-09-25T20:30:03Z,san-francisco,2026-09-25,2026-09-25 13:30,13,70-71°F,0.367,0.9,0.533,1787,0.87
2026-09-25T20:30:03Z,san-francisco,2026-09-25,2026-09-25 13:30,13,72-73°F,0.033,0.12,0.087,4242,0.07
2026-09-25T20:30:03Z,san-francisco,2026-09-25,2026-09-25 13:30,13,74-75°F,0.033,0.008,-0.025,4294,0.004
2026-09-25T20:30:03Z,san-francisco,2026-09-25,2026-09-25 13:30,13,76-77°F,0.033,0.001,-0.032,2488,
2026-09-25T20:30:03Z,san-francisco,2026-09-25,2026-09-25 13:30,13,78-79°F,0.033,0.001,-0.032,2121,
2026-09-25T20:30:03Z,san-francisco,2026-09-25,2026-09-25 13:30,13,80°F or higher,0.033,0.001,-0.032,643,
2026-09-25T20:30:03Z,sao-paulo,2026-09-25,2026-09-25 17:30,17,22°C or below,0.0,0.001,0.001,1226,
2026-09-25T20:30:03Z,sao-paulo,2026-09-25,2026-09-25 17:30,17,23°C,0.0,0.001,0.001,1073,
2026-09-25T20:30:03Z,sao-paulo,2026-09-25,2026-09-25 17:30,17,24°C,0.0,0.001,0.001,1607,
2026-09-25T20:30:03Z,sao-paulo,2026-09-25,2026-09-25 17:30,17,25°C,0.0,0.001,0.001,1190,
2026-09-25T20:30:03Z,sao-paulo,2026-09-25,2026-09-25 17:30,17,26°C,0.0,0.001,0.001,3992,
2026-09-25T20:30:03Z,sao-paulo,2026-09-25,2026-09-25 17:30,17,27°C,0.0,0.001,0.001,3990,
2026-09-25T20:30:03Z,sao-paulo,2026-09-25,2026-09-25 17:30,17,28°C,1.0,0.999,-0.001,3977,0.998
2026-09-25T20:30:03Z,sao-paulo,2026-09-25,2026-09-25 17:30,17,29°C,0.0,0.004,0.004,4144,0.001
2026-09-25T20:30:03Z,sao-paulo,2026-09-25,2026-09-25 17:30,17,30°C,0.0,0.002,0.002,2544,
2026-09-25T20:30:03Z,sao-paulo,2026-09-25,2026-09-25 17:30,17,31°C,0.0,0.001,0.001,1541,
2026-09-25T20:30:03Z,sao-paulo,2026-09-25,2026-09-25 17:30,17,32°C or higher,0.0,0.001,0.001,1669,
2026-09-25T20:30:03Z,seattle,2026-09-25,2026-09-25 13:30,13,49°F or below,0.0,0.001,0.001,95,
2026-09-25T20:30:03Z,seattle,2026-09-25,2026-09-25 13:30,13,50-51°F,0.0,0.001,0.001,3580,
2026-09-25T20:30:03Z,seattle,2026-09-25,2026-09-25 13:30,13,52-53°F,0.0,0.001,0.001,16299,
2026-09-25T20:30:03Z,seattle,2026-09-25,2026-09-25 13:30,13,54-55°F,0.0,0.001,0.001,16539,
2026-09-25T20:30:03Z,seattle,2026-09-25,2026-09-25 13:30,13,56-57°F,0.0,0.001,0.001,4945,
2026-09-25T20:30:03Z,seattle,2026-09-25,2026-09-25 13:30,13,58-59°F,0.0,0.001,0.001,14705,
2026-09-25T20:30:03Z,seattle,2026-09-25,2026-09-25 13:30,13,60-61°F,0.333,0.95,0.617,4616,0.85
2026-09-25T20:30:03Z,seattle,2026-09-25,2026-09-25 13:30,13,62-63°F,0.467,0.16,-0.307,3669,0.06
2026-09-25T20:30:03Z,seattle,2026-09-25,2026-09-25 13:30,13,64-65°F,0.133,0.006,-0.127,1634,0.001
2026-09-25T20:30:03Z,seattle,2026-09-25,2026-09-25 13:30,13,66-67°F,0.067,0.001,-0.066,993,
2026-09-25T20:30:03Z,seattle,2026-09-25,2026-09-25 13:30,13,68°F or higher,0.0,0.001,0.001,1400,
2026-09-25T20:30:03Z,toronto,2026-09-25,2026-09-25 16:30,16,16°C or below,0.0,0.001,0.001,45,
2026-09-25T20:30:03Z,toronto,2026-09-25,2026-09-25 16:30,16,17°C,0.0,0.001,0.001,262,
2026-09-25T20:30:03Z,toronto,2026-09-25,2026-09-25 16:30,16,18°C,0.0,0.001,0.001,2614,
2026-09-25T20:30:03Z,toronto,2026-09-25,2026-09-25 16:30,16,19°C,0.0,0.001,0.001,2468,
2026-09-25T20:30:03Z,toronto,2026-09-25,2026-09-25 16:30,16,20°C,0.0,0.001,0.001,7208,
2026-09-25T20:30:03Z,toronto,2026-09-25,2026-09-25 16:30,16,21°C,0.967,0.98,0.013,3572,0.89
2026-09-25T20:30:03Z,toronto,2026-09-25,2026-09-25 16:30,16,22°C,0.0,0.08,0.08,3079,0.03
2026-09-25T20:30:03Z,toronto,2026-09-25,2026-09-25 16:30,16,23°C,0.033,0.009,-0.024,2134,
2026-09-25T20:30:03Z,toronto,2026-09-25,2026-09-25 16:30,16,24°C,0.0,0.001,0.001,367,
2026-09-25T20:30:03Z,toronto,2026-09-25,2026-09-25 16:30,16,25°C,0.0,0.001,0.001,953,
2026-09-25T20:30:03Z,toronto,2026-09-25,2026-09-25 16:30,16,26°C or higher,0.0,0.001,0.001,145,
2026-09-25T20:35:29Z,austin,2026-09-25,2026-09-25 15:35,15,87°F or below,0.0,0.001,0.001,100,
2026-09-25T20:35:29Z,austin,2026-09-25,2026-09-25 15:35,15,88-89°F,0.0,0.001,0.001,180,
2026-09-25T20:35:29Z,austin,2026-09-25,2026-09-25 15:35,15,90-91°F,0.0,0.001,0.001,186,
2026-09-25T20:35:29Z,austin,2026-09-25,2026-09-25 15:35,15,92-93°F,0.0,0.001,0.001,1026,
2026-09-25T20:35:29Z,austin,2026-09-25,2026-09-25 15:35,15,94-95°F,0.667,0.11,-0.557,3179,0.1
2026-09-25T20:35:29Z,austin,2026-09-25,2026-09-25 15:35,15,96-97°F,0.3,0.69,0.39,2156,0.48
2026-09-25T20:35:29Z,austin,2026-09-25,2026-09-25 15:35,15,98-99°F,0.033,0.52,0.487,1545,0.2
2026-09-25T20:35:29Z,austin,2026-09-25,2026-09-25 15:35,15,100-101°F,0.0,0.67,0.67,686,
2026-09-25T20:35:29Z,austin,2026-09-25,2026-09-25 15:35,15,102-103°F,0.0,0.038,0.038,218,
2026-09-25T20:35:29Z,austin,2026-09-25,2026-09-25 15:35,15,104-105°F,0.0,0.001,0.001,405,
2026-09-25T20:35:29Z,austin,2026-09-25,2026-09-25 15:35,15,106°F or higher,0.0,0.001,0.001,169,
2026-09-25T20:35:29Z,chicago,2026-09-25,2026-09-25 15:35,15,57°F or below,0.0,0.001,0.001,188,
2026-09-25T20:35:29Z,chicago,2026-09-25,2026-09-25 15:35,15,58-59°F,0.0,0.001,0.001,95,
2026-09-25T20:35:29Z,chicago,2026-09-25,2026-09-25 15:35,15,60-61°F,0.0,0.001,0.001,363,
2026-09-25T20:35:29Z,chicago,2026-09-25,2026-09-25 15:35,15,62-63°F,0.0,0.001,0.001,1796,
2026-09-25T20:35:29Z,chicago,2026-09-25,2026-09-25 15:35,15,64-65°F,1.0,0.91,-0.09,3997,0.86
2026-09-25T20:35:29Z,chicago,2026-09-25,2026-09-25 15:35,15,66-67°F,0.0,0.09,0.09,6963,0.06
2026-09-25T20:35:29Z,chicago,2026-09-25,2026-09-25 15:35,15,68-69°F,0.0,0.029,0.029,4854,0.004
2026-09-25T20:35:29Z,chicago,2026-09-25,2026-09-25 15:35,15,70-71°F,0.0,0.008,0.008,3582,
2026-09-25T20:35:29Z,chicago,2026-09-25,2026-09-25 15:35,15,72-73°F,0.0,0.001,0.001,3136,
2026-09-25T20:35:29Z,chicago,2026-09-25,2026-09-25 15:35,15,74-75°F,0.0,0.001,0.001,663,
2026-09-25T20:35:29Z,chicago,2026-09-25,2026-09-25 15:35,15,76°F or higher,0.0,0.001,0.001,100,
2026-09-25T20:35:29Z,dallas,2026-09-25,2026-09-25 15:35,15,85°F or below,0.0,0.001,0.001,866,
2026-09-25T20:35:29Z,dallas,2026-09-25,2026-09-25 15:35,15,86-87°F,0.767,0.001,-0.766,1255,
2026-09-25T20:35:29Z,dallas,2026-09-25,2026-09-25 15:35,15,88-89°F,0.2,0.07,-0.13,7597,0.04
2026-09-25T20:35:29Z,dallas,2026-09-25,2026-09-25 15:35,15,90-91°F,0.033,0.79,0.757,4683,0.6
2026-09-25T20:35:29Z,dallas,2026-09-25,2026-09-25 15:35,15,92-93°F,0.0,0.41,0.41,4472,0.15
2026-09-25T20:35:29Z,dallas,2026-09-25,2026-09-25 15:35,15,94-95°F,0.0,0.009,0.009,4835,0.001
2026-09-25T20:35:29Z,dallas,2026-09-25,2026-09-25 15:35,15,96-97°F,0.0,0.002,0.002,2752,
2026-09-25T20:35:29Z,dallas,2026-09-25,2026-09-25 15:35,15,98-99°F,0.0,0.001,0.001,4148,
2026-09-25T20:35:29Z,dallas,2026-09-25,2026-09-25 15:35,15,100-101°F,0.0,0.001,0.001,1172,
2026-09-25T20:35:29Z,dallas,2026-09-25,2026-09-25 15:35,15,102-103°F,0.0,0.001,0.001,95,
2026-09-25T20:35:29Z,dallas,2026-09-25,2026-09-25 15:35,15,104°F or higher,0.0,0.001,0.001,165,
2026-09-25T20:35:29Z,houston,2026-09-25,2026-09-25 15:35,15,83°F or below,0.0,0.001,0.001,100,
2026-09-25T20:35:29Z,houston,2026-09-25,2026-09-25 15:35,15,84-85°F,0.0,0.001,0.001,180,
2026-09-25T20:35:29Z,houston,2026-09-25,2026-09-25 15:35,15,86-87°F,0.0,0.001,0.001,2361,
2026-09-25T20:35:29Z,houston,2026-09-25,2026-09-25 15:35,15,88-89°F,0.0,0.001,0.001,6665,
2026-09-25T20:35:29Z,houston,2026-09-25,2026-09-25 15:35,15,90-91°F,1.0,0.82,-0.18,3434,0.8
2026-09-25T20:35:29Z,houston,2026-09-25,2026-09-25 15:35,15,92-93°F,0.0,0.16,0.16,5604,0.09
2026-09-25T20:35:29Z,houston,2026-09-25,2026-09-25 15:35,15,94-95°F,0.0,0.04,0.04,2291,0.01
2026-09-25T20:35:29Z,houston,2026-09-25,2026-09-25 15:35,15,96-97°F,0.0,0.008,0.008,706,
2026-09-25T20:35:29Z,houston,2026-09-25,2026-09-25 15:35,15,98-99°F,0.0,0.001,0.001,30,
2026-09-25T20:35:29Z,houston,2026-09-25,2026-09-25 15:35,15,100-101°F,0.0,0.001,0.001,215,
2026-09-25T20:35:29Z,houston,2026-09-25,2026-09-25 15:35,15,102°F or higher,0.0,0.001,0.001,100,
2026-09-25T20:35:29Z,panama-city,2026-09-25,2026-09-25 15:35,15,23°C or below,0.0,0.001,0.001,95,
2026-09-25T20:35:29Z,panama-city,2026-09-25,2026-09-25 15:35,15,24°C,0.0,0.001,0.001,25,
2026-09-25T20:35:29Z,panama-city,2026-09-25,2026-09-25 15:35,15,25°C,0.0,0.001,0.001,15,
2026-09-25T20:35:29Z,panama-city,2026-09-25,2026-09-25 15:35,15,26°C,0.0,0.001,0.001,42,
2026-09-25T20:35:29Z,panama-city,2026-09-25,2026-09-25 15:35,15,27°C,0.0,0.001,0.001,35,
2026-09-25T20:35:29Z,panama-city,2026-09-25,2026-09-25 15:35,15,28°C,0.0,0.001,0.001,165,
2026-09-25T20:35:29Z,panama-city,2026-09-25,2026-09-25 15:35,15,29°C,0.966,0.78,-0.186,1893,0.43
2026-09-25T20:35:29Z,panama-city,2026-09-25,2026-09-25 15:35,15,30°C,0.034,0.49,0.456,2401,0.21
2026-09-25T20:35:29Z,panama-city,2026-09-25,2026-09-25 15:35,15,31°C,0.0,0.07,0.07,2127,0.03
2026-09-25T20:35:29Z,panama-city,2026-09-25,2026-09-25 15:35,15,32°C,0.0,0.03,0.03,3542,
2026-09-25T20:35:29Z,panama-city,2026-09-25,2026-09-25 15:35,15,33°C or higher,0.0,0.001,0.001,1495,
2026-09-25T20:40:02Z,austin,2026-09-25,2026-09-25 15:40,15,87°F or below,0.0,0.001,0.001,100,
2026-09-25T20:40:02Z,austin,2026-09-25,2026-09-25 15:40,15,88-89°F,0.0,0.001,0.001,180,
2026-09-25T20:40:02Z,austin,2026-09-25,2026-09-25 15:40,15,90-91°F,0.0,0.001,0.001,186,
2026-09-25T20:40:02Z,austin,2026-09-25,2026-09-25 15:40,15,92-93°F,0.0,0.001,0.001,1026,
2026-09-25T20:40:02Z,austin,2026-09-25,2026-09-25 15:40,15,94-95°F,0.667,0.09,-0.577,3358,0.03
2026-09-25T20:40:02Z,austin,2026-09-25,2026-09-25 15:40,15,96-97°F,0.3,1.0,0.7,2162,0.47
2026-09-25T20:40:02Z,austin,2026-09-25,2026-09-25 15:40,15,98-99°F,0.033,0.58,0.547,1545,0.2
2026-09-25T20:40:02Z,austin,2026-09-25,2026-09-25 15:40,15,100-101°F,0.0,0.67,0.67,686,
2026-09-25T20:40:02Z,austin,2026-09-25,2026-09-25 15:40,15,102-103°F,0.0,0.02,0.02,218,
2026-09-25T20:40:02Z,austin,2026-09-25,2026-09-25 15:40,15,104-105°F,0.0,0.001,0.001,405,
2026-09-25T20:40:02Z,austin,2026-09-25,2026-09-25 15:40,15,106°F or higher,0.0,0.001,0.001,169,
2026-09-25T20:40:02Z,chicago,2026-09-25,2026-09-25 15:40,15,57°F or below,0.0,0.001,0.001,188,
2026-09-25T20:40:02Z,chicago,2026-09-25,2026-09-25 15:40,15,58-59°F,0.0,0.001,0.001,95,
2026-09-25T20:40:02Z,chicago,2026-09-25,2026-09-25 15:40,15,60-61°F,0.0,0.001,0.001,363,
2026-09-25T20:40:02Z,chicago,2026-09-25,2026-09-25 15:40,15,62-63°F,0.0,0.001,0.001,1796,
2026-09-25T20:40:02Z,chicago,2026-09-25,2026-09-25 15:40,15,64-65°F,1.0,0.96,-0.04,3997,0.92
2026-09-25T20:40:02Z,chicago,2026-09-25,2026-09-25 15:40,15,66-67°F,0.0,0.04,0.04,6963,0.02
2026-09-25T20:40:02Z,chicago,2026-09-25,2026-09-25 15:40,15,68-69°F,0.0,0.009,0.009,4854,0.003
2026-09-25T20:40:02Z,chicago,2026-09-25,2026-09-25 15:40,15,70-71°F,0.0,0.008,0.008,3582,
2026-09-25T20:40:02Z,chicago,2026-09-25,2026-09-25 15:40,15,72-73°F,0.0,0.001,0.001,3136,
2026-09-25T20:40:02Z,chicago,2026-09-25,2026-09-25 15:40,15,74-75°F,0.0,0.001,0.001,663,
2026-09-25T20:40:02Z,chicago,2026-09-25,2026-09-25 15:40,15,76°F or higher,0.0,0.001,0.001,100,
2026-09-25T20:40:02Z,dallas,2026-09-25,2026-09-25 15:40,15,85°F or below,0.0,0.001,0.001,866,
2026-09-25T20:40:02Z,dallas,2026-09-25,2026-09-25 15:40,15,86-87°F,0.0,0.001,0.001,1255,
2026-09-25T20:40:02Z,dallas,2026-09-25,2026-09-25 15:40,15,88-89°F,0.767,0.07,-0.697,7597,0.05
2026-09-25T20:40:02Z,dallas,2026-09-25,2026-09-25 15:40,15,90-91°F,0.2,0.81,0.61,4683,0.53
2026-09-25T20:40:02Z,dallas,2026-09-25,2026-09-25 15:40,15,92-93°F,0.033,0.4,0.367,4472,0.16
2026-09-25T20:40:02Z,dallas,2026-09-25,2026-09-25 15:40,15,94-95°F,0.0,0.04,0.04,4835,0.005
2026-09-25T20:40:02Z,dallas,2026-09-25,2026-09-25 15:40,15,96-97°F,0.0,0.002,0.002,2752,
2026-09-25T20:40:02Z,dallas,2026-09-25,2026-09-25 15:40,15,98-99°F,0.0,0.001,0.001,4148,
2026-09-25T20:40:02Z,dallas,2026-09-25,2026-09-25 15:40,15,100-101°F,0.0,0.001,0.001,1172,
2026-09-25T20:40:02Z,dallas,2026-09-25,2026-09-25 15:40,15,102-103°F,0.0,0.001,0.001,95,
2026-09-25T20:40:02Z,dallas,2026-09-25,2026-09-25 15:40,15,104°F or higher,0.0,0.001,0.001,165,
2026-09-25T20:40:02Z,houston,2026-09-25,2026-09-25 15:40,15,83°F or below,0.0,0.001,0.001,100,
2026-09-25T20:40:02Z,houston,2026-09-25,2026-09-25 15:40,15,84-85°F,0.0,0.001,0.001,180,
2026-09-25T20:40:02Z,houston,2026-09-25,2026-09-25 15:40,15,86-87°F,0.0,0.001,0.001,2361,
2026-09-25T20:40:02Z,houston,2026-09-25,2026-09-25 15:40,15,88-89°F,0.0,0.001,0.001,6665,
2026-09-25T20:40:02Z,houston,2026-09-25,2026-09-25 15:40,15,90-91°F,1.0,0.82,-0.18,3434,0.8
2026-09-25T20:40:02Z,houston,2026-09-25,2026-09-25 15:40,15,92-93°F,0.0,0.16,0.16,5604,0.09
2026-09-25T20:40:02Z,houston,2026-09-25,2026-09-25 15:40,15,94-95°F,0.0,0.04,0.04,2291,0.01
2026-09-25T20:40:02Z,houston,2026-09-25,2026-09-25 15:40,15,96-97°F,0.0,0.008,0.008,706,
2026-09-25T20:40:02Z,houston,2026-09-25,2026-09-25 15:40,15,98-99°F,0.0,0.001,0.001,30,
2026-09-25T20:40:02Z,houston,2026-09-25,2026-09-25 15:40,15,100-101°F,0.0,0.001,0.001,215,
2026-09-25T20:40:02Z,houston,2026-09-25,2026-09-25 15:40,15,102°F or higher,0.0,0.001,0.001,100,
2026-09-25T20:40:02Z,panama-city,2026-09-25,2026-09-25 15:40,15,23°C or below,0.0,0.001,0.001,95,
2026-09-25T20:40:02Z,panama-city,2026-09-25,2026-09-25 15:40,15,24°C,0.0,0.001,0.001,25,
2026-09-25T20:40:02Z,panama-city,2026-09-25,2026-09-25 15:40,15,25°C,0.0,0.001,0.001,15,
2026-09-25T20:40:02Z,panama-city,2026-09-25,2026-09-25 15:40,15,26°C,0.0,0.001,0.001,42,
2026-09-25T20:40:02Z,panama-city,2026-09-25,2026-09-25 15:40,15,27°C,0.0,0.001,0.001,35,
2026-09-25T20:40:02Z,panama-city,2026-09-25,2026-09-25 15:40,15,28°C,0.0,0.001,0.001,165,
2026-09-25T20:40:02Z,panama-city,2026-09-25,2026-09-25 15:40,15,29°C,0.966,0.78,-0.186,1893,0.46
2026-09-25T20:40:02Z,panama-city,2026-09-25,2026-09-25 15:40,15,30°C,0.034,0.49,0.456,2401,0.2
2026-09-25T20:40:02Z,panama-city,2026-09-25,2026-09-25 15:40,15,31°C,0.0,0.07,0.07,2127,0.03
2026-09-25T20:40:02Z,panama-city,2026-09-25,2026-09-25 15:40,15,32°C,0.0,0.04,0.04,3542,
2026-09-25T20:40:02Z,panama-city,2026-09-25,2026-09-25 15:40,15,33°C or higher,0.0,0.001,0.001,1501,
2026-09-25T20:46:17Z,atlanta,2026-09-25,2026-09-25 16:45,16,69°F or below,0.0,0.001,0.001,614,
2026-09-25T20:46:17Z,atlanta,2026-09-25,2026-09-25 16:45,16,70-71°F,0.0,0.001,0.001,1271,
2026-09-25T20:46:17Z,atlanta,2026-09-25,2026-09-25 16:45,16,72-73°F,0.0,0.001,0.001,4402,
2026-09-25T20:46:17Z,atlanta,2026-09-25,2026-09-25 16:45,16,74-75°F,1.0,0.64,-0.36,5332,0.57
2026-09-25T20:46:17Z,atlanta,2026-09-25,2026-09-25 16:45,16,76-77°F,0.0,0.77,0.77,5308,0.37
2026-09-25T20:46:17Z,atlanta,2026-09-25,2026-09-25 16:45,16,78-79°F,0.0,0.04,0.04,6192,
2026-09-25T20:46:17Z,atlanta,2026-09-25,2026-09-25 16:45,16,80-81°F,0.0,0.005,0.005,2118,
2026-09-25T20:46:17Z,atlanta,2026-09-25,2026-09-25 16:45,16,82-83°F,0.0,0.001,0.001,2466,
2026-09-25T20:46:17Z,atlanta,2026-09-25,2026-09-25 16:45,16,84-85°F,0.0,0.001,0.001,422,
2026-09-25T20:46:17Z,atlanta,2026-09-25,2026-09-25 16:45,16,86-87°F,0.0,0.001,0.001,105,
2026-09-25T20:46:17Z,atlanta,2026-09-25,2026-09-25 16:45,16,88°F or higher,0.0,0.001,0.001,105,
2026-09-25T20:46:17Z,austin,2026-09-25,2026-09-25 15:45,15,87°F or below,0.0,0.001,0.001,100,
2026-09-25T20:46:17Z,austin,2026-09-25,2026-09-25 15:45,15,88-89°F,0.0,0.001,0.001,180,
2026-09-25T20:46:17Z,austin,2026-09-25,2026-09-25 15:45,15,90-91°F,0.0,0.001,0.001,186,
2026-09-25T20:46:17Z,austin,2026-09-25,2026-09-25 15:45,15,92-93°F,0.0,0.001,0.001,1026,
2026-09-25T20:46:17Z,austin,2026-09-25,2026-09-25 15:45,15,94-95°F,0.667,0.08,-0.587,3358,0.03
2026-09-25T20:46:17Z,austin,2026-09-25,2026-09-25 15:45,15,96-97°F,0.3,1.0,0.7,2162,0.47
2026-09-25T20:46:17Z,austin,2026-09-25,2026-09-25 15:45,15,98-99°F,0.033,0.44,0.407,1545,0.2
2026-09-25T20:46:17Z,austin,2026-09-25,2026-09-25 15:45,15,100-101°F,0.0,0.67,0.67,686,
2026-09-25T20:46:17Z,austin,2026-09-25,2026-09-25 15:45,15,102-103°F,0.0,0.006,0.006,218,0.002
2026-09-25T20:46:17Z,austin,2026-09-25,2026-09-25 15:45,15,104-105°F,0.0,0.001,0.001,405,
2026-09-25T20:46:17Z,austin,2026-09-25,2026-09-25 15:45,15,106°F or higher,0.0,0.001,0.001,169,
2026-09-25T20:46:17Z,buenos-aires,2026-09-25,2026-09-25 17:45,17,20°C or below,0.0,0.001,0.001,265,
2026-09-25T20:46:17Z,buenos-aires,2026-09-25,2026-09-25 17:45,17,21°C,0.0,0.001,0.001,105,
2026-09-25T20:46:17Z,buenos-aires,2026-09-25,2026-09-25 17:45,17,22°C,0.0,0.001,0.001,105,
2026-09-25T20:46:17Z,buenos-aires,2026-09-25,2026-09-25 17:45,17,23°C,0.0,0.001,0.001,2047,
2026-09-25T20:46:17Z,buenos-aires,2026-09-25,2026-09-25 17:45,17,24°C,0.0,0.001,0.001,2245,
2026-09-25T20:46:17Z,buenos-aires,2026-09-25,2026-09-25 17:45,17,25°C,0.0,0.001,0.001,1422,
2026-09-25T20:46:17Z,buenos-aires,2026-09-25,2026-09-25 17:45,17,26°C,0.0,0.001,0.001,2960,
2026-09-25T20:46:17Z,buenos-aires,2026-09-25,2026-09-25 17:45,17,27°C,1.0,0.999,-0.001,6448,0.996
2026-09-25T20:46:17Z,buenos-aires,2026-09-25,2026-09-25 17:45,17,28°C,0.0,0.004,0.004,3226,
2026-09-25T20:46:17Z,buenos-aires,2026-09-25,2026-09-25 17:45,17,29°C,0.0,0.005,0.005,4325,
2026-09-25T20:46:17Z,buenos-aires,2026-09-25,2026-09-25 17:45,17,30°C or higher,0.0,0.001,0.001,2951,
2026-09-25T20:46:17Z,chicago,2026-09-25,2026-09-25 15:45,15,57°F or below,0.0,0.001,0.001,188,
2026-09-25T20:46:17Z,chicago,2026-09-25,2026-09-25 15:45,15,58-59°F,0.0,0.001,0.001,95,
2026-09-25T20:46:17Z,chicago,2026-09-25,2026-09-25 15:45,15,60-61°F,0.0,0.001,0.001,363,
2026-09-25T20:46:17Z,chicago,2026-09-25,2026-09-25 15:45,15,62-63°F,0.0,0.001,0.001,1796,
2026-09-25T20:46:17Z,chicago,2026-09-25,2026-09-25 15:45,15,64-65°F,1.0,0.92,-0.08,4083,0.88
2026-09-25T20:46:17Z,chicago,2026-09-25,2026-09-25 15:45,15,66-67°F,0.0,0.09,0.09,6995,0.04
2026-09-25T20:46:17Z,chicago,2026-09-25,2026-09-25 15:45,15,68-69°F,0.0,0.009,0.009,4886,0.003
2026-09-25T20:46:17Z,chicago,2026-09-25,2026-09-25 15:45,15,70-71°F,0.0,0.008,0.008,3587,
2026-09-25T20:46:17Z,chicago,2026-09-25,2026-09-25 15:45,15,72-73°F,0.0,0.001,0.001,3136,
2026-09-25T20:46:17Z,chicago,2026-09-25,2026-09-25 15:45,15,74-75°F,0.0,0.001,0.001,663,
2026-09-25T20:46:17Z,chicago,2026-09-25,2026-09-25 15:45,15,76°F or higher,0.0,0.001,0.001,100,
2026-09-25T20:46:17Z,dallas,2026-09-25,2026-09-25 15:45,15,85°F or below,0.0,0.001,0.001,866,
2026-09-25T20:46:17Z,dallas,2026-09-25,2026-09-25 15:45,15,86-87°F,0.0,0.001,0.001,1255,
2026-09-25T20:46:17Z,dallas,2026-09-25,2026-09-25 15:45,15,88-89°F,0.767,0.08,-0.687,7715,0.06
2026-09-25T20:46:17Z,dallas,2026-09-25,2026-09-25 15:45,15,90-91°F,0.2,0.72,0.52,4709,0.64
2026-09-25T20:46:17Z,dallas,2026-09-25,2026-09-25 15:45,15,92-93°F,0.033,0.27,0.237,4547,0.21
2026-09-25T20:46:17Z,dallas,2026-09-25,2026-09-25 15:45,15,94-95°F,0.0,0.039,0.039,4944,0.01
2026-09-25T20:46:17Z,dallas,2026-09-25,2026-09-25 15:45,15,96-97°F,0.0,0.002,0.002,2752,
2026-09-25T20:46:17Z,dallas,2026-09-25,2026-09-25 15:45,15,98-99°F,0.0,0.001,0.001,4148,
2026-09-25T20:46:17Z,dallas,2026-09-25,2026-09-25 15:45,15,100-101°F,0.0,0.001,0.001,1172,
2026-09-25T20:46:17Z,dallas,2026-09-25,2026-09-25 15:45,15,102-103°F,0.0,0.001,0.001,95,
2026-09-25T20:46:17Z,dallas,2026-09-25,2026-09-25 15:45,15,104°F or higher,0.0,0.001,0.001,165,
2026-09-25T20:46:17Z,denver,2026-09-25,2026-09-25 14:45,14,67°F or below,0.0,0.001,0.001,1349,
2026-09-25T20:46:17Z,denver,2026-09-25,2026-09-25 14:45,14,68-69°F,0.0,0.001,0.001,966,
2026-09-25T20:46:17Z,denver,2026-09-25,2026-09-25 14:45,14,70-71°F,0.0,0.001,0.001,2280,
2026-09-25T20:46:17Z,denver,2026-09-25,2026-09-25 14:45,14,72-73°F,0.0,0.001,0.001,4830,
2026-09-25T20:46:17Z,denver,2026-09-25,2026-09-25 14:45,14,74-75°F,0.5,0.72,0.22,4249,0.5
2026-09-25T20:46:17Z,denver,2026-09-25,2026-09-25 14:45,14,76-77°F,0.333,0.4,0.067,3673,0.21
2026-09-25T20:46:17Z,denver,2026-09-25,2026-09-25 14:45,14,78-79°F,0.167,0.08,-0.087,1510,0.05
2026-09-25T20:46:17Z,denver,2026-09-25,2026-09-25 14:45,14,80-81°F,0.0,0.009,0.009,1524,
2026-09-25T20:46:17Z,denver,2026-09-25,2026-09-25 14:45,14,82-83°F,0.0,0.003,0.003,862,0.001
2026-09-25T20:46:17Z,denver,2026-09-25,2026-09-25 14:45,14,84-85°F,0.0,0.001,0.001,200,
2026-09-25T20:46:17Z,denver,2026-09-25,2026-09-25 14:45,14,86°F or higher,0.0,0.001,0.001,100,
2026-09-25T20:46:17Z,houston,2026-09-25,2026-09-25 15:45,15,83°F or below,0.0,0.001,0.001,100,
2026-09-25T20:46:17Z,houston,2026-09-25,2026-09-25 15:45,15,84-85°F,0.0,0.001,0.001,180,
2026-09-25T20:46:17Z,houston,2026-09-25,2026-09-25 15:45,15,86-87°F,0.0,0.001,0.001,2361,
2026-09-25T20:46:17Z,houston,2026-09-25,2026-09-25 15:45,15,88-89°F,0.0,0.001,0.001,6665,
2026-09-25T20:46:17Z,houston,2026-09-25,2026-09-25 15:45,15,90-91°F,1.0,0.82,-0.18,3446,0.79
2026-09-25T20:46:17Z,houston,2026-09-25,2026-09-25 15:45,15,92-93°F,0.0,0.2,0.2,5664,0.1
2026-09-25T20:46:17Z,houston,2026-09-25,2026-09-25 15:45,15,94-95°F,0.0,0.04,0.04,2291,0.01
2026-09-25T20:46:17Z,houston,2026-09-25,2026-09-25 15:45,15,96-97°F,0.0,0.008,0.008,706,
2026-09-25T20:46:17Z,houston,2026-09-25,2026-09-25 15:45,15,98-99°F,0.0,0.001,0.001,30,
2026-09-25T20:46:17Z,houston,2026-09-25,2026-09-25 15:45,15,100-101°F,0.0,0.001,0.001,215,
2026-09-25T20:46:17Z,houston,2026-09-25,2026-09-25 15:45,15,102°F or higher,0.0,0.001,0.001,100,
2026-09-25T20:46:17Z,los-angeles,2026-09-25,2026-09-25 13:45,13,73°F or below,0.0,0.001,0.001,1433,
2026-09-25T20:46:17Z,los-angeles,2026-09-25,2026-09-25 13:45,13,74-75°F,0.0,0.001,0.001,10869,
2026-09-25T20:46:17Z,los-angeles,2026-09-25,2026-09-25 13:45,13,76-77°F,0.933,0.95,0.017,8762,0.93
2026-09-25T20:46:17Z,los-angeles,2026-09-25,2026-09-25 13:45,13,78-79°F,0.033,0.06,0.027,5932,0.03
2026-09-25T20:46:17Z,los-angeles,2026-09-25,2026-09-25 13:45,13,80-81°F,0.0,0.008,0.008,5013,0.003
2026-09-25T20:46:17Z,los-angeles,2026-09-25,2026-09-25 13:45,13,82-83°F,0.033,0.001,-0.032,2432,
2026-09-25T20:46:17Z,los-angeles,2026-09-25,2026-09-25 13:45,13,84-85°F,0.0,0.001,0.001,1656,
2026-09-25T20:46:17Z,los-angeles,2026-09-25,2026-09-25 13:45,13,86-87°F,0.0,0.001,0.001,348,
2026-09-25T20:46:17Z,los-angeles,2026-09-25,2026-09-25 13:45,13,88-89°F,0.0,0.001,0.001,105,
2026-09-25T20:46:17Z,los-angeles,2026-09-25,2026-09-25 13:45,13,90-91°F,0.0,0.001,0.001,100,
2026-09-25T20:46:17Z,los-angeles,2026-09-25,2026-09-25 13:45,13,92°F or higher,0.0,0.001,0.001,510,
2026-09-25T20:46:17Z,mexico-city,2026-09-25,2026-09-25 14:45,14,16°C or below,0.0,0.001,0.001,1015,
2026-09-25T20:46:17Z,mexico-city,2026-09-25,2026-09-25 14:45,14,17°C,0.0,0.001,0.001,15,
2026-09-25T20:46:17Z,mexico-city,2026-09-25,2026-09-25 14:45,14,18°C,0.0,0.001,0.001,15,
2026-09-25T20:46:17Z,mexico-city,2026-09-25,2026-09-25 14:45,14,19°C,0.0,0.001,0.001,15,
2026-09-25T20:46:17Z,mexico-city,2026-09-25,2026-09-25 14:45,14,20°C,0.0,0.001,0.001,15,
2026-09-25T20:46:17Z,mexico-city,2026-09-25,2026-09-25 14:45,14,21°C,0.0,0.001,0.001,145,
2026-09-25T20:46:17Z,mexico-city,2026-09-25,2026-09-25 14:45,14,22°C,0.0,0.001,0.001,232,
2026-09-25T20:46:17Z,mexico-city,2026-09-25,2026-09-25 14:45,14,23°C,0.0,0.001,0.001,523,
2026-09-25T20:46:17Z,mexico-city,2026-09-25,2026-09-25 14:45,14,24°C,0.0,0.001,0.001,3903,
2026-09-25T20:46:17Z,mexico-city,2026-09-25,2026-09-25 14:45,14,25°C,0.793,0.66,-0.133,3364,0.38
2026-09-25T20:46:17Z,mexico-city,2026-09-25,2026-09-25 14:45,14,26°C or higher,0.207,0.58,0.373,4040,0.33
2026-09-25T20:46:17Z,miami,2026-09-25,2026-09-25 16:45,16,75°F or below,0.0,0.001,0.001,95,
2026-09-25T20:46:17Z,miami,2026-09-25,2026-09-25 16:45,16,76-77°F,0.0,0.001,0.001,95,
2026-09-25T20:46:17Z,miami,2026-09-25,2026-09-25 16:45,16,78-79°F,0.0,0.001,0.001,260,
2026-09-25T20:46:17Z,miami,2026-09-25,2026-09-25 16:45,16,80-81°F,0.0,0.001,0.001,3878,
2026-09-25T20:46:17Z,miami,2026-09-25,2026-09-25 16:45,16,82-83°F,0.0,0.001,0.001,4316,
2026-09-25T20:46:17Z,miami,2026-09-25,2026-09-25 16:45,16,84-85°F,0.0,0.001,0.001,5134,
2026-09-25T20:46:17Z,miami,2026-09-25,2026-09-25 16:45,16,86-87°F,0.0,0.001,0.001,14080,
2026-09-25T20:46:17Z,miami,2026-09-25,2026-09-25 16:45,16,88-89°F,0.0,0.001,0.001,8958,
2026-09-25T20:46:17Z,miami,2026-09-25,2026-09-25 16:45,16,90-91°F,1.0,0.997,-0.003,11908,0.991
2026-09-25T20:46:17Z,miami,2026-09-25,2026-09-25 16:45,16,92-93°F,0.0,0.007,0.007,9737,0.001
2026-09-25T20:46:17Z,miami,2026-09-25,2026-09-25 16:45,16,94°F or higher,0.0,0.003,0.003,8540,0.001
2026-09-25T20:46:17Z,nyc,2026-09-25,2026-09-25 16:45,16,57°F or below,0.0,0.001,0.001,100,
2026-09-25T20:46:17Z,nyc,2026-09-25,2026-09-25 16:45,16,58-59°F,0.0,0.001,0.001,2710,
2026-09-25T20:46:17Z,nyc,2026-09-25,2026-09-25 16:45,16,60-61°F,0.0,0.001,0.001,4127,
2026-09-25T20:46:17Z,nyc,2026-09-25,2026-09-25 16:45,16,62-63°F,0.0,0.001,0.001,7388,
2026-09-25T20:46:17Z,nyc,2026-09-25,2026-09-25 16:45,16,64-65°F,0.0,0.001,0.001,5011,
2026-09-25T20:46:17Z,nyc,2026-09-25,2026-09-25 16:45,16,66-67°F,0.0,0.001,0.001,6584,
2026-09-25T20:46:17Z,nyc,2026-09-25,2026-09-25 16:45,16,68-69°F,0.933,0.72,-0.213,13558,0.7
2026-09-25T20:46:17Z,nyc,2026-09-25,2026-09-25 16:45,16,70-71°F,0.067,0.3,0.233,10346,0.26
2026-09-25T20:46:17Z,nyc,2026-09-25,2026-09-25 16:45,16,72-73°F,0.0,0.008,0.008,8646,0.002
2026-09-25T20:46:17Z,nyc,2026-09-25,2026-09-25 16:45,16,74-75°F,0.0,0.002,0.002,5483,0.001
2026-09-25T20:46:17Z,nyc,2026-09-25,2026-09-25 16:45,16,76°F or higher,0.0,0.001,0.001,3223,
2026-09-25T20:46:17Z,panama-city,2026-09-25,2026-09-25 15:45,15,23°C or below,0.0,0.001,0.001,95,
2026-09-25T20:46:17Z,panama-city,2026-09-25,2026-09-25 15:45,15,24°C,0.0,0.001,0.001,25,
2026-09-25T20:46:17Z,panama-city,2026-09-25,2026-09-25 15:45,15,25°C,0.0,0.001,0.001,15,
2026-09-25T20:46:17Z,panama-city,2026-09-25,2026-09-25 15:45,15,26°C,0.0,0.001,0.001,42,
2026-09-25T20:46:17Z,panama-city,2026-09-25,2026-09-25 15:45,15,27°C,0.0,0.001,0.001,35,
2026-09-25T20:46:17Z,panama-city,2026-09-25,2026-09-25 15:45,15,28°C,0.0,0.001,0.001,165,
2026-09-25T20:46:17Z,panama-city,2026-09-25,2026-09-25 15:45,15,29°C,0.966,0.62,-0.346,1893,0.4
2026-09-25T20:46:17Z,panama-city,2026-09-25,2026-09-25 15:45,15,30°C,0.034,0.55,0.516,2401,0.27
2026-09-25T20:46:17Z,panama-city,2026-09-25,2026-09-25 15:45,15,31°C,0.0,0.08,0.08,2127,0.03
2026-09-25T20:46:17Z,panama-city,2026-09-25,2026-09-25 15:45,15,32°C,0.0,0.04,0.04,3576,
2026-09-25T20:46:17Z,panama-city,2026-09-25,2026-09-25 15:45,15,33°C or higher,0.0,0.001,0.001,1501,
2026-09-25T20:46:17Z,san-francisco,2026-09-25,2026-09-25 13:45,13,61°F or below,0.0,0.001,0.001,630,
2026-09-25T20:46:17Z,san-francisco,2026-09-25,2026-09-25 13:45,13,62-63°F,0.0,0.001,0.001,1782,
2026-09-25T20:46:17Z,san-francisco,2026-09-25,2026-09-25 13:45,13,64-65°F,0.0,0.001,0.001,768,
2026-09-25T20:46:17Z,san-francisco,2026-09-25,2026-09-25 13:45,13,66-67°F,0.0,0.001,0.001,4244,
2026-09-25T20:46:17Z,san-francisco,2026-09-25,2026-09-25 13:45,13,68-69°F,0.0,0.001,0.001,3125,
2026-09-25T20:46:17Z,san-francisco,2026-09-25,2026-09-25 13:45,13,70-71°F,0.767,1.0,0.233,1939,0.89
2026-09-25T20:46:17Z,san-francisco,2026-09-25,2026-09-25 13:45,13,72-73°F,0.1,0.09,-0.01,4390,0.01
2026-09-25T20:46:17Z,san-francisco,2026-09-25,2026-09-25 13:45,13,74-75°F,0.033,0.009,-0.024,4450,
2026-09-25T20:46:17Z,san-francisco,2026-09-25,2026-09-25 13:45,13,76-77°F,0.033,0.001,-0.032,2488,
2026-09-25T20:46:17Z,san-francisco,2026-09-25,2026-09-25 13:45,13,78-79°F,0.0,0.001,0.001,2121,
2026-09-25T20:46:17Z,san-francisco,2026-09-25,2026-09-25 13:45,13,80°F or higher,0.067,0.001,-0.066,643,
2026-09-25T20:46:17Z,sao-paulo,2026-09-25,2026-09-25 17:45,17,22°C or below,0.0,0.001,0.001,1226,
2026-09-25T20:46:17Z,sao-paulo,2026-09-25,2026-09-25 17:45,17,23°C,0.0,0.001,0.001,1073,
2026-09-25T20:46:17Z,sao-paulo,2026-09-25,2026-09-25 17:45,17,24°C,0.0,0.001,0.001,1607,
2026-09-25T20:46:17Z,sao-paulo,2026-09-25,2026-09-25 17:45,17,25°C,0.0,0.001,0.001,1190,
2026-09-25T20:46:17Z,sao-paulo,2026-09-25,2026-09-25 17:45,17,26°C,0.0,0.001,0.001,3992,
2026-09-25T20:46:17Z,sao-paulo,2026-09-25,2026-09-25 17:45,17,27°C,0.0,0.001,0.001,3990,
2026-09-25T20:46:17Z,sao-paulo,2026-09-25,2026-09-25 17:45,17,28°C,1.0,0.999,-0.001,4287,0.998
2026-09-25T20:46:17Z,sao-paulo,2026-09-25,2026-09-25 17:45,17,29°C,0.0,0.022,0.022,4310,
2026-09-25T20:46:17Z,sao-paulo,2026-09-25,2026-09-25 17:45,17,30°C,0.0,0.002,0.002,2544,
2026-09-25T20:46:17Z,sao-paulo,2026-09-25,2026-09-25 17:45,17,31°C,0.0,0.001,0.001,1541,
2026-09-25T20:46:17Z,sao-paulo,2026-09-25,2026-09-25 17:45,17,32°C or higher,0.0,0.001,0.001,1669,
2026-09-25T20:46:17Z,seattle,2026-09-25,2026-09-25 13:45,13,49°F or below,0.0,0.001,0.001,95,
2026-09-25T20:46:17Z,seattle,2026-09-25,2026-09-25 13:45,13,50-51°F,0.0,0.001,0.001,3580,
2026-09-25T20:46:17Z,seattle,2026-09-25,2026-09-25 13:45,13,52-53°F,0.0,0.001,0.001,16299,
2026-09-25T20:46:17Z,seattle,2026-09-25,2026-09-25 13:45,13,54-55°F,0.0,0.001,0.001,16539,
2026-09-25T20:46:17Z,seattle,2026-09-25,2026-09-25 13:45,13,56-57°F,0.0,0.001,0.001,4945,
2026-09-25T20:46:17Z,seattle,2026-09-25,2026-09-25 13:45,13,58-59°F,0.0,0.001,0.001,14705,
2026-09-25T20:46:17Z,seattle,2026-09-25,2026-09-25 13:45,13,60-61°F,0.333,0.95,0.617,4622,0.91
2026-09-25T20:46:17Z,seattle,2026-09-25,2026-09-25 13:45,13,62-63°F,0.467,0.1,-0.367,3676,0.06
2026-09-25T20:46:17Z,seattle,2026-09-25,2026-09-25 13:45,13,64-65°F,0.133,0.006,-0.127,1793,0.001
2026-09-25T20:46:17Z,seattle,2026-09-25,2026-09-25 13:45,13,66-67°F,0.067,0.001,-0.066,993,
2026-09-25T20:46:17Z,seattle,2026-09-25,2026-09-25 13:45,13,68°F or higher,0.0,0.001,0.001,1400,
2026-09-25T20:46:17Z,toronto,2026-09-25,2026-09-25 16:45,16,16°C or below,0.0,0.001,0.001,45,
2026-09-25T20:46:17Z,toronto,2026-09-25,2026-09-25 16:45,16,17°C,0.0,0.001,0.001,262,
2026-09-25T20:46:17Z,toronto,2026-09-25,2026-09-25 16:45,16,18°C,0.0,0.001,0.001,2614,
2026-09-25T20:46:17Z,toronto,2026-09-25,2026-09-25 16:45,16,19°C,0.0,0.001,0.001,2468,
2026-09-25T20:46:17Z,toronto,2026-09-25,2026-09-25 16:45,16,20°C,0.0,0.001,0.001,7208,
2026-09-25T20:46:17Z,toronto,2026-09-25,2026-09-25 16:45,16,21°C,0.967,0.99,0.023,3573,0.98
2026-09-25T20:46:17Z,toronto,2026-09-25,2026-09-25 16:45,16,22°C,0.0,0.04,0.04,3079,0.02
2026-09-25T20:46:17Z,toronto,2026-09-25,2026-09-25 16:45,16,23°C,0.033,0.008,-0.025,2134,
2026-09-25T20:46:17Z,toronto,2026-09-25,2026-09-25 16:45,16,24°C,0.0,0.001,0.001,367,
2026-09-25T20:46:17Z,toronto,2026-09-25,2026-09-25 16:45,16,25°C,0.0,0.001,0.001,953,
2026-09-25T20:46:17Z,toronto,2026-09-25,2026-09-25 16:45,16,26°C or higher,0.0,0.001,0.001,145,
2026-09-25T20:55:01Z,austin,2026-09-25,2026-09-25 15:55,15,87°F or below,0.0,0.001,0.001,100,
2026-09-25T20:55:01Z,austin,2026-09-25,2026-09-25 15:55,15,88-89°F,0.0,0.001,0.001,180,
2026-09-25T20:55:01Z,austin,2026-09-25,2026-09-25 15:55,15,90-91°F,0.0,0.001,0.001,186,
2026-09-25T20:55:01Z,austin,2026-09-25,2026-09-25 15:55,15,92-93°F,0.0,0.001,0.001,1026,
2026-09-25T20:55:01Z,austin,2026-09-25,2026-09-25 15:55,15,94-95°F,0.667,0.06,-0.607,3529,0.01
2026-09-25T20:55:01Z,austin,2026-09-25,2026-09-25 15:55,15,96-97°F,0.3,0.72,0.42,2234,0.39
2026-09-25T20:55:01Z,austin,2026-09-25,2026-09-25 15:55,15,98-99°F,0.033,0.61,0.577,1579,0.21
2026-09-25T20:55:01Z,austin,2026-09-25,2026-09-25 15:55,15,100-101°F,0.0,0.7,0.7,686,
2026-09-25T20:55:01Z,austin,2026-09-25,2026-09-25 15:55,15,102-103°F,0.0,0.006,0.006,245,0.002
2026-09-25T20:55:01Z,austin,2026-09-25,2026-09-25 15:55,15,104-105°F,0.0,0.001,0.001,405,
2026-09-25T20:55:01Z,austin,2026-09-25,2026-09-25 15:55,15,106°F or higher,0.0,0.001,0.001,169,
2026-09-25T20:55:01Z,chicago,2026-09-25,2026-09-25 15:55,15,57°F or below,0.0,0.001,0.001,188,
2026-09-25T20:55:01Z,chicago,2026-09-25,2026-09-25 15:55,15,58-59°F,0.0,0.001,0.001,95,
2026-09-25T20:55:01Z,chicago,2026-09-25,2026-09-25 15:55,15,60-61°F,0.0,0.001,0.001,363,
2026-09-25T20:55:01Z,chicago,2026-09-25,2026-09-25 15:55,15,62-63°F,0.0,0.001,0.001,1796,
2026-09-25T20:55:01Z,chicago,2026-09-25,2026-09-25 15:55,15,64-65°F,1.0,0.92,-0.08,4096,0.5
2026-09-25T20:55:01Z,chicago,2026-09-25,2026-09-25 15:55,15,66-67°F,0.0,0.12,0.12,7051,0.03
2026-09-25T20:55:01Z,chicago,2026-09-25,2026-09-25 15:55,15,68-69°F,0.0,0.017,0.017,4926,0.003
2026-09-25T20:55:01Z,chicago,2026-09-25,2026-09-25 15:55,15,70-71°F,0.0,0.007,0.007,3587,
2026-09-25T20:55:01Z,chicago,2026-09-25,2026-09-25 15:55,15,72-73°F,0.0,0.001,0.001,3146,
2026-09-25T20:55:01Z,chicago,2026-09-25,2026-09-25 15:55,15,74-75°F,0.0,0.001,0.001,663,
2026-09-25T20:55:01Z,chicago,2026-09-25,2026-09-25 15:55,15,76°F or higher,0.0,0.001,0.001,100,
2026-09-25T20:55:01Z,dallas,2026-09-25,2026-09-25 15:55,15,85°F or below,0.0,0.001,0.001,866,
2026-09-25T20:55:01Z,dallas,2026-09-25,2026-09-25 15:55,15,86-87°F,0.0,0.001,0.001,1255,
2026-09-25T20:55:01Z,dallas,2026-09-25,2026-09-25 15:55,15,88-89°F,0.767,0.08,-0.687,7715,0.04
2026-09-25T20:55:01Z,dallas,2026-09-25,2026-09-25 15:55,15,90-91°F,0.2,0.73,0.53,4709,0.56
2026-09-25T20:55:01Z,dallas,2026-09-25,2026-09-25 15:55,15,92-93°F,0.033,0.39,0.357,4547,0.21
2026-09-25T20:55:01Z,dallas,2026-09-25,2026-09-25 15:55,15,94-95°F,0.0,0.027,0.027,4944,0.005
2026-09-25T20:55:01Z,dallas,2026-09-25,2026-09-25 15:55,15,96-97°F,0.0,0.002,0.002,2752,
2026-09-25T20:55:01Z,dallas,2026-09-25,2026-09-25 15:55,15,98-99°F,0.0,0.001,0.001,4148,
2026-09-25T20:55:01Z,dallas,2026-09-25,2026-09-25 15:55,15,100-101°F,0.0,0.001,0.001,1172,
2026-09-25T20:55:01Z,dallas,2026-09-25,2026-09-25 15:55,15,102-103°F,0.0,0.001,0.001,95,
2026-09-25T20:55:01Z,dallas,2026-09-25,2026-09-25 15:55,15,104°F or higher,0.0,0.001,0.001,165,
2026-09-25T20:55:01Z,houston,2026-09-25,2026-09-25 15:55,15,83°F or below,0.0,0.001,0.001,100,
2026-09-25T20:55:01Z,houston,2026-09-25,2026-09-25 15:55,15,84-85°F,0.0,0.001,0.001,180,
2026-09-25T20:55:01Z,houston,2026-09-25,2026-09-25 15:55,15,86-87°F,0.0,0.001,0.001,2361,
2026-09-25T20:55:01Z,houston,2026-09-25,2026-09-25 15:55,15,88-89°F,0.0,0.001,0.001,6665,
2026-09-25T20:55:01Z,houston,2026-09-25,2026-09-25 15:55,15,90-91°F,1.0,0.81,-0.19,3446,0.77
2026-09-25T20:55:01Z,houston,2026-09-25,2026-09-25 15:55,15,92-93°F,0.0,0.2,0.2,5664,0.15
2026-09-25T20:55:01Z,houston,2026-09-25,2026-09-25 15:55,15,94-95°F,0.0,0.01,0.01,2291,0.001
2026-09-25T20:55:01Z,houston,2026-09-25,2026-09-25 15:55,15,96-97°F,0.0,0.007,0.007,706,
2026-09-25T20:55:01Z,houston,2026-09-25,2026-09-25 15:55,15,98-99°F,0.0,0.001,0.001,30,
2026-09-25T20:55:01Z,houston,2026-09-25,2026-09-25 15:55,15,100-101°F,0.0,0.001,0.001,215,
2026-09-25T20:55:01Z,houston,2026-09-25,2026-09-25 15:55,15,102°F or higher,0.0,0.001,0.001,100,
2026-09-25T20:55:01Z,panama-city,2026-09-25,2026-09-25 15:55,15,23°C or below,0.0,0.001,0.001,95,
2026-09-25T20:55:01Z,panama-city,2026-09-25,2026-09-25 15:55,15,24°C,0.0,0.001,0.001,25,
2026-09-25T20:55:01Z,panama-city,2026-09-25,2026-09-25 15:55,15,25°C,0.0,0.001,0.001,15,
2026-09-25T20:55:01Z,panama-city,2026-09-25,2026-09-25 15:55,15,26°C,0.0,0.001,0.001,42,
2026-09-25T20:55:01Z,panama-city,2026-09-25,2026-09-25 15:55,15,27°C,0.0,0.001,0.001,35,
2026-09-25T20:55:01Z,panama-city,2026-09-25,2026-09-25 15:55,15,28°C,0.0,0.001,0.001,165,
2026-09-25T20:55:01Z,panama-city,2026-09-25,2026-09-25 15:55,15,29°C,0.966,0.77,-0.196,1898,0.49
2026-09-25T20:55:01Z,panama-city,2026-09-25,2026-09-25 15:55,15,30°C,0.034,0.46,0.426,2401,0.2
2026-09-25T20:55:01Z,panama-city,2026-09-25,2026-09-25 15:55,15,31°C,0.0,0.08,0.08,2153,0.03
2026-09-25T20:55:01Z,panama-city,2026-09-25,2026-09-25 15:55,15,32°C,0.0,0.04,0.04,3576,
2026-09-25T20:55:01Z,panama-city,2026-09-25,2026-09-25 15:55,15,33°C or higher,0.0,0.001,0.001,1501,
2026-09-25T21:00:03Z,atlanta,2026-09-25,2026-09-25 17:00,17,69°F or below,0.0,0.001,0.001,614,
2026-09-25T21:00:03Z,atlanta,2026-09-25,2026-09-25 17:00,17,70-71°F,0.0,0.001,0.001,1271,
2026-09-25T21:00:03Z,atlanta,2026-09-25,2026-09-25 17:00,17,72-73°F,0.0,0.001,0.001,4402,
2026-09-25T21:00:03Z,atlanta,2026-09-25,2026-09-25 17:00,17,74-75°F,1.0,0.01,-0.99,5585,
2026-09-25T21:00:03Z,atlanta,2026-09-25,2026-09-25 17:00,17,76-77°F,0.0,0.98,0.98,5371,0.94
2026-09-25T21:00:03Z,atlanta,2026-09-25,2026-09-25 17:00,17,78-79°F,0.0,0.12,0.12,6228,
2026-09-25T21:00:03Z,atlanta,2026-09-25,2026-09-25 17:00,17,80-81°F,0.0,0.009,0.009,2122,
2026-09-25T21:00:03Z,atlanta,2026-09-25,2026-09-25 17:00,17,82-83°F,0.0,0.001,0.001,2466,
2026-09-25T21:00:03Z,atlanta,2026-09-25,2026-09-25 17:00,17,84-85°F,0.0,0.001,0.001,422,
2026-09-25T21:00:03Z,atlanta,2026-09-25,2026-09-25 17:00,17,86-87°F,0.0,0.001,0.001,105,
2026-09-25T21:00:03Z,atlanta,2026-09-25,2026-09-25 17:00,17,88°F or higher,0.0,0.001,0.001,105,
2026-09-25T21:00:03Z,austin,2026-09-25,2026-09-25 16:00,16,87°F or below,0.0,0.001,0.001,100,
2026-09-25T21:00:03Z,austin,2026-09-25,2026-09-25 16:00,16,88-89°F,0.0,0.001,0.001,180,
2026-09-25T21:00:03Z,austin,2026-09-25,2026-09-25 16:00,16,90-91°F,0.0,0.001,0.001,186,
2026-09-25T21:00:03Z,austin,2026-09-25,2026-09-25 16:00,16,92-93°F,0.0,0.001,0.001,1026,
2026-09-25T21:00:03Z,austin,2026-09-25,2026-09-25 16:00,16,94-95°F,0.967,0.01,-0.957,3529,
2026-09-25T21:00:03Z,austin,2026-09-25,2026-09-25 16:00,16,96-97°F,0.033,0.75,0.717,2234,0.46
2026-09-25T21:00:03Z,austin,2026-09-25,2026-09-25 16:00,16,98-99°F,0.0,0.55,0.55,1579,0.21
2026-09-25T21:00:03Z,austin,2026-09-25,2026-09-25 16:00,16,100-101°F,0.0,0.7,0.7,686,
2026-09-25T21:00:03Z,austin,2026-09-25,2026-09-25 16:00,16,102-103°F,0.0,0.006,0.006,245,
2026-09-25T21:00:03Z,austin,2026-09-25,2026-09-25 16:00,16,104-105°F,0.0,0.001,0.001,405,
2026-09-25T21:00:03Z,austin,2026-09-25,2026-09-25 16:00,16,106°F or higher,0.0,0.001,0.001,169,
2026-09-25T21:00:03Z,buenos-aires,2026-09-25,2026-09-25 18:00,18,20°C or below,0.0,0.001,0.001,265,
2026-09-25T21:00:03Z,buenos-aires,2026-09-25,2026-09-25 18:00,18,21°C,0.0,0.001,0.001,105,
2026-09-25T21:00:03Z,buenos-aires,2026-09-25,2026-09-25 18:00,18,22°C,0.0,0.001,0.001,105,
2026-09-25T21:00:03Z,buenos-aires,2026-09-25,2026-09-25 18:00,18,23°C,0.0,0.001,0.001,2047,
2026-09-25T21:00:03Z,buenos-aires,2026-09-25,2026-09-25 18:00,18,24°C,0.0,0.001,0.001,2245,
2026-09-25T21:00:03Z,buenos-aires,2026-09-25,2026-09-25 18:00,18,25°C,0.0,0.001,0.001,1422,
2026-09-25T21:00:03Z,buenos-aires,2026-09-25,2026-09-25 18:00,18,26°C,0.0,0.001,0.001,2960,
2026-09-25T21:00:03Z,buenos-aires,2026-09-25,2026-09-25 18:00,18,27°C,1.0,0.999,-0.001,6448,0.997
2026-09-25T21:00:03Z,buenos-aires,2026-09-25,2026-09-25 18:00,18,28°C,0.0,0.004,0.004,3226,
2026-09-25T21:00:03Z,buenos-aires,2026-09-25,2026-09-25 18:00,18,29°C,0.0,0.005,0.005,4325,
2026-09-25T21:00:03Z,buenos-aires,2026-09-25,2026-09-25 18:00,18,30°C or higher,0.0,0.001,0.001,2951,
2026-09-25T21:00:03Z,chicago,2026-09-25,2026-09-25 16:00,16,57°F or below,0.0,0.001,0.001,188,
2026-09-25T21:00:03Z,chicago,2026-09-25,2026-09-25 16:00,16,58-59°F,0.0,0.001,0.001,95,
2026-09-25T21:00:03Z,chicago,2026-09-25,2026-09-25 16:00,16,60-61°F,0.0,0.001,0.001,363,
2026-09-25T21:00:03Z,chicago,2026-09-25,2026-09-25 16:00,16,62-63°F,0.0,0.001,0.001,1796,
2026-09-25T21:00:03Z,chicago,2026-09-25,2026-09-25 16:00,16,64-65°F,1.0,0.92,-0.08,4096,0.47
2026-09-25T21:00:03Z,chicago,2026-09-25,2026-09-25 16:00,16,66-67°F,0.0,0.08,0.08,7051,0.03
2026-09-25T21:00:03Z,chicago,2026-09-25,2026-09-25 16:00,16,68-69°F,0.0,0.009,0.009,4926,0.003
2026-09-25T21:00:03Z,chicago,2026-09-25,2026-09-25 16:00,16,70-71°F,0.0,0.007,0.007,3587,
2026-09-25T21:00:03Z,chicago,2026-09-25,2026-09-25 16:00,16,72-73°F,0.0,0.001,0.001,3146,
2026-09-25T21:00:03Z,chicago,2026-09-25,2026-09-25 16:00,16,74-75°F,0.0,0.001,0.001,663,
2026-09-25T21:00:03Z,chicago,2026-09-25,2026-09-25 16:00,16,76°F or higher,0.0,0.001,0.001,100,
2026-09-25T21:00:03Z,dallas,2026-09-25,2026-09-25 16:00,16,85°F or below,0.0,0.001,0.001,866,
2026-09-25T21:00:03Z,dallas,2026-09-25,2026-09-25 16:00,16,86-87°F,0.0,0.001,0.001,1265,
2026-09-25T21:00:03Z,dallas,2026-09-25,2026-09-25 16:00,16,88-89°F,0.967,0.04,-0.927,7869,0.01
2026-09-25T21:00:03Z,dallas,2026-09-25,2026-09-25 16:00,16,90-91°F,0.033,0.79,0.757,4722,0.55
2026-09-25T21:00:03Z,dallas,2026-09-25,2026-09-25 16:00,16,92-93°F,0.0,0.4,0.4,4547,0.2
2026-09-25T21:00:03Z,dallas,2026-09-25,2026-09-25 16:00,16,94-95°F,0.0,0.029,0.029,4976,0.005
2026-09-25T21:00:03Z,dallas,2026-09-25,2026-09-25 16:00,16,96-97°F,0.0,0.002,0.002,2752,
2026-09-25T21:00:03Z,dallas,2026-09-25,2026-09-25 16:00,16,98-99°F,0.0,0.001,0.001,4148,
2026-09-25T21:00:03Z,dallas,2026-09-25,2026-09-25 16:00,16,100-101°F,0.0,0.001,0.001,1172,
2026-09-25T21:00:03Z,dallas,2026-09-25,2026-09-25 16:00,16,102-103°F,0.0,0.001,0.001,95,
2026-09-25T21:00:03Z,dallas,2026-09-25,2026-09-25 16:00,16,104°F or higher,0.0,0.001,0.001,165,
2026-09-25T21:00:03Z,denver,2026-09-25,2026-09-25 15:00,15,67°F or below,0.0,0.001,0.001,1349,
2026-09-25T21:00:03Z,denver,2026-09-25,2026-09-25 15:00,15,68-69°F,0.0,0.001,0.001,966,
2026-09-25T21:00:03Z,denver,2026-09-25,2026-09-25 15:00,15,70-71°F,0.0,0.001,0.001,2280,
2026-09-25T21:00:03Z,denver,2026-09-25,2026-09-25 15:00,15,72-73°F,0.0,0.001,0.001,4881,
2026-09-25T21:00:03Z,denver,2026-09-25,2026-09-25 15:00,15,74-75°F,0.867,0.37,-0.497,4436,0.21
2026-09-25T21:00:03Z,denver,2026-09-25,2026-09-25 15:00,15,76-77°F,0.133,0.74,0.607,3708,0.61
2026-09-25T21:00:03Z,denver,2026-09-25,2026-09-25 15:00,15,78-79°F,0.0,0.05,0.05,1768,0.02
2026-09-25T21:00:03Z,denver,2026-09-25,2026-09-25 15:00,15,80-81°F,0.0,0.019,0.019,1770,0.01
2026-09-25T21:00:03Z,denver,2026-09-25,2026-09-25 15:00,15,82-83°F,0.0,0.002,0.002,884,0.001
2026-09-25T21:00:03Z,denver,2026-09-25,2026-09-25 15:00,15,84-85°F,0.0,0.001,0.001,200,
2026-09-25T21:00:03Z,denver,2026-09-25,2026-09-25 15:00,15,86°F or higher,0.0,0.001,0.001,100,
2026-09-25T21:00:03Z,houston,2026-09-25,2026-09-25 16:00,16,83°F or below,0.0,0.001,0.001,100,
2026-09-25T21:00:03Z,houston,2026-09-25,2026-09-25 16:00,16,84-85°F,0.0,0.001,0.001,180,
2026-09-25T21:00:03Z,houston,2026-09-25,2026-09-25 16:00,16,86-87°F,0.0,0.001,0.001,2361,
2026-09-25T21:00:03Z,houston,2026-09-25,2026-09-25 16:00,16,88-89°F,0.0,0.001,0.001,6666,
2026-09-25T21:00:03Z,houston,2026-09-25,2026-09-25 16:00,16,90-91°F,1.0,0.82,-0.18,3484,0.73
2026-09-25T21:00:03Z,houston,2026-09-25,2026-09-25 16:00,16,92-93°F,0.0,0.27,0.27,5683,0.17
2026-09-25T21:00:03Z,houston,2026-09-25,2026-09-25 16:00,16,94-95°F,0.0,0.01,0.01,2554,0.002
2026-09-25T21:00:03Z,houston,2026-09-25,2026-09-25 16:00,16,96-97°F,0.0,0.007,0.007,816,
2026-09-25T21:00:03Z,houston,2026-09-25,2026-09-25 16:00,16,98-99°F,0.0,0.001,0.001,30,
2026-09-25T21:00:03Z,houston,2026-09-25,2026-09-25 16:00,16,100-101°F,0.0,0.001,0.001,215,
2026-09-25T21:00:03Z,houston,2026-09-25,2026-09-25 16:00,16,102°F or higher,0.0,0.001,0.001,100,
2026-09-25T21:00:03Z,los-angeles,2026-09-25,2026-09-25 14:00,14,73°F or below,0.0,0.001,0.001,1433,
2026-09-25T21:00:03Z,los-angeles,2026-09-25,2026-09-25 14:00,14,74-75°F,0.0,0.001,0.001,10869,
2026-09-25T21:00:03Z,los-angeles,2026-09-25,2026-09-25 14:00,14,76-77°F,0.933,0.96,0.027,8844,0.93
2026-09-25T21:00:03Z,los-angeles,2026-09-25,2026-09-25 14:00,14,78-79°F,0.033,0.06,0.027,5940,0.03
2026-09-25T21:00:03Z,los-angeles,2026-09-25,2026-09-25 14:00,14,80-81°F,0.0,0.009,0.009,5021,0.002
2026-09-25T21:00:03Z,los-angeles,2026-09-25,2026-09-25 14:00,14,82-83°F,0.033,0.001,-0.032,2432,
2026-09-25T21:00:03Z,los-angeles,2026-09-25,2026-09-25 14:00,14,84-85°F,0.0,0.001,0.001,1656,
2026-09-25T21:00:03Z,los-angeles,2026-09-25,2026-09-25 14:00,14,86-87°F,0.0,0.001,0.001,348,
2026-09-25T21:00:03Z,los-angeles,2026-09-25,2026-09-25 14:00,14,88-89°F,0.0,0.001,0.001,105,
2026-09-25T21:00:03Z,los-angeles,2026-09-25,2026-09-25 14:00,14,90-91°F,0.0,0.001,0.001,100,
2026-09-25T21:00:03Z,los-angeles,2026-09-25,2026-09-25 14:00,14,92°F or higher,0.0,0.001,0.001,510,
2026-09-25T21:00:03Z,mexico-city,2026-09-25,2026-09-25 15:00,15,16°C or below,0.0,0.001,0.001,1015,
2026-09-25T21:00:03Z,mexico-city,2026-09-25,2026-09-25 15:00,15,17°C,0.0,0.001,0.001,15,
2026-09-25T21:00:03Z,mexico-city,2026-09-25,2026-09-25 15:00,15,18°C,0.0,0.001,0.001,15,
2026-09-25T21:00:03Z,mexico-city,2026-09-25,2026-09-25 15:00,15,19°C,0.0,0.001,0.001,15,
2026-09-25T21:00:03Z,mexico-city,2026-09-25,2026-09-25 15:00,15,20°C,0.0,0.001,0.001,15,
2026-09-25T21:00:03Z,mexico-city,2026-09-25,2026-09-25 15:00,15,21°C,0.0,0.001,0.001,145,
2026-09-25T21:00:03Z,mexico-city,2026-09-25,2026-09-25 15:00,15,22°C,0.0,0.001,0.001,232,
2026-09-25T21:00:03Z,mexico-city,2026-09-25,2026-09-25 15:00,15,23°C,0.0,0.001,0.001,523,
2026-09-25T21:00:03Z,mexico-city,2026-09-25,2026-09-25 15:00,15,24°C,0.0,0.001,0.001,3908,
2026-09-25T21:00:03Z,mexico-city,2026-09-25,2026-09-25 15:00,15,25°C,0.967,0.57,-0.397,3364,0.37
2026-09-25T21:00:03Z,mexico-city,2026-09-25,2026-09-25 15:00,15,26°C or higher,0.033,0.59,0.557,4040,0.44
2026-09-25T21:00:03Z,miami,2026-09-25,2026-09-25 17:00,17,75°F or below,0.0,0.001,0.001,95,
2026-09-25T21:00:03Z,miami,2026-09-25,2026-09-25 17:00,17,76-77°F,0.0,0.001,0.001,95,
2026-09-25T21:00:03Z,miami,2026-09-25,2026-09-25 17:00,17,78-79°F,0.0,0.001,0.001,260,
2026-09-25T21:00:03Z,miami,2026-09-25,2026-09-25 17:00,17,80-81°F,0.0,0.001,0.001,3878,
2026-09-25T21:00:03Z,miami,2026-09-25,2026-09-25 17:00,17,82-83°F,0.0,0.001,0.001,4316,
2026-09-25T21:00:03Z,miami,2026-09-25,2026-09-25 17:00,17,84-85°F,0.0,0.001,0.001,5134,
2026-09-25T21:00:03Z,miami,2026-09-25,2026-09-25 17:00,17,86-87°F,0.0,0.001,0.001,14080,
2026-09-25T21:00:03Z,miami,2026-09-25,2026-09-25 17:00,17,88-89°F,0.0,0.001,0.001,8958,
2026-09-25T21:00:03Z,miami,2026-09-25,2026-09-25 17:00,17,90-91°F,1.0,0.998,-0.002,11908,0.991
2026-09-25T21:00:03Z,miami,2026-09-25,2026-09-25 17:00,17,92-93°F,0.0,0.007,0.007,9812,0.001
2026-09-25T21:00:03Z,miami,2026-09-25,2026-09-25 17:00,17,94°F or higher,0.0,0.002,0.002,8540,0.001
2026-09-25T21:00:03Z,nyc,2026-09-25,2026-09-25 17:00,17,57°F or below,0.0,0.001,0.001,100,
2026-09-25T21:00:03Z,nyc,2026-09-25,2026-09-25 17:00,17,58-59°F,0.0,0.001,0.001,2710,
2026-09-25T21:00:03Z,nyc,2026-09-25,2026-09-25 17:00,17,60-61°F,0.0,0.001,0.001,4127,
2026-09-25T21:00:03Z,nyc,2026-09-25,2026-09-25 17:00,17,62-63°F,0.0,0.001,0.001,7388,
2026-09-25T21:00:03Z,nyc,2026-09-25,2026-09-25 17:00,17,64-65°F,0.0,0.001,0.001,5037,
2026-09-25T21:00:03Z,nyc,2026-09-25,2026-09-25 17:00,17,66-67°F,0.0,0.001,0.001,6584,
2026-09-25T21:00:03Z,nyc,2026-09-25,2026-09-25 17:00,17,68-69°F,0.967,0.87,-0.097,13721,0.78
2026-09-25T21:00:03Z,nyc,2026-09-25,2026-09-25 17:00,17,70-71°F,0.033,0.59,0.557,10455,0.17
2026-09-25T21:00:03Z,nyc,2026-09-25,2026-09-25 17:00,17,72-73°F,0.0,0.008,0.008,8646,0.001
2026-09-25T21:00:03Z,nyc,2026-09-25,2026-09-25 17:00,17,74-75°F,0.0,0.002,0.002,5483,
2026-09-25T21:00:03Z,nyc,2026-09-25,2026-09-25 17:00,17,76°F or higher,0.0,0.001,0.001,3223,
2026-09-25T21:00:03Z,panama-city,2026-09-25,2026-09-25 16:00,16,23°C or below,0.0,0.001,0.001,95,
2026-09-25T21:00:03Z,panama-city,2026-09-25,2026-09-25 16:00,16,24°C,0.0,0.001,0.001,25,
2026-09-25T21:00:03Z,panama-city,2026-09-25,2026-09-25 16:00,16,25°C,0.0,0.001,0.001,15,
2026-09-25T21:00:03Z,panama-city,2026-09-25,2026-09-25 16:00,16,26°C,0.0,0.001,0.001,42,
2026-09-25T21:00:03Z,panama-city,2026-09-25,2026-09-25 16:00,16,27°C,0.0,0.001,0.001,35,
2026-09-25T21:00:03Z,panama-city,2026-09-25,2026-09-25 16:00,16,28°C,0.0,0.001,0.001,165,
2026-09-25T21:00:03Z,panama-city,2026-09-25,2026-09-25 16:00,16,29°C,0.966,0.77,-0.196,1898,0.39
2026-09-25T21:00:03Z,panama-city,2026-09-25,2026-09-25 16:00,16,30°C,0.034,0.98,0.946,2401,0.88
2026-09-25T21:00:03Z,panama-city,2026-09-25,2026-09-25 16:00,16,31°C,0.0,0.05,0.05,2153,0.03
2026-09-25T21:00:03Z,panama-city,2026-09-25,2026-09-25 16:00,16,32°C,0.0,0.04,0.04,3576,
2026-09-25T21:00:03Z,panama-city,2026-09-25,2026-09-25 16:00,16,33°C or higher,0.0,0.001,0.001,1501,
2026-09-25T21:00:03Z,san-francisco,2026-09-25,2026-09-25 14:00,14,61°F or below,0.0,0.001,0.001,630,
2026-09-25T21:00:03Z,san-francisco,2026-09-25,2026-09-25 14:00,14,62-63°F,0.0,0.001,0.001,1782,
2026-09-25T21:00:03Z,san-francisco,2026-09-25,2026-09-25 14:00,14,64-65°F,0.0,0.001,0.001,768,
2026-09-25T21:00:03Z,san-francisco,2026-09-25,2026-09-25 14:00,14,66-67°F,0.0,0.001,0.001,4244,
2026-09-25T21:00:03Z,san-francisco,2026-09-25,2026-09-25 14:00,14,68-69°F,0.0,0.001,0.001,3127,
2026-09-25T21:00:03Z,san-francisco,2026-09-25,2026-09-25 14:00,14,70-71°F,0.967,0.98,0.013,1943,0.92
2026-09-25T21:00:03Z,san-francisco,2026-09-25,2026-09-25 14:00,14,72-73°F,0.0,0.07,0.07,4547,0.02
2026-09-25T21:00:03Z,san-francisco,2026-09-25,2026-09-25 14:00,14,74-75°F,0.033,0.009,-0.024,4450,
2026-09-25T21:00:03Z,san-francisco,2026-09-25,2026-09-25 14:00,14,76-77°F,0.0,0.001,0.001,2488,
2026-09-25T21:00:03Z,san-francisco,2026-09-25,2026-09-25 14:00,14,78-79°F,0.0,0.001,0.001,2121,
2026-09-25T21:00:03Z,san-francisco,2026-09-25,2026-09-25 14:00,14,80°F or higher,0.0,0.001,0.001,643,
2026-09-25T21:00:03Z,sao-paulo,2026-09-25,2026-09-25 18:00,18,22°C or below,0.0,0.001,0.001,1226,
2026-09-25T21:00:03Z,sao-paulo,2026-09-25,2026-09-25 18:00,18,23°C,0.0,0.001,0.001,1073,
2026-09-25T21:00:03Z,sao-paulo,2026-09-25,2026-09-25 18:00,18,24°C,0.0,0.001,0.001,1607,
2026-09-25T21:00:03Z,sao-paulo,2026-09-25,2026-09-25 18:00,18,25°C,0.0,0.001,0.001,1190,
2026-09-25T21:00:03Z,sao-paulo,2026-09-25,2026-09-25 18:00,18,26°C,0.0,0.001,0.001,3992,
2026-09-25T21:00:03Z,sao-paulo,2026-09-25,2026-09-25 18:00,18,27°C,0.0,0.001,0.001,3990,
2026-09-25T21:00:03Z,sao-paulo,2026-09-25,2026-09-25 18:00,18,28°C,1.0,0.999,-0.001,4287,0.998
2026-09-25T21:00:03Z,sao-paulo,2026-09-25,2026-09-25 18:00,18,29°C,0.0,0.003,0.003,4310,
2026-09-25T21:00:03Z,sao-paulo,2026-09-25,2026-09-25 18:00,18,30°C,0.0,0.002,0.002,2544,
2026-09-25T21:00:03Z,sao-paulo,2026-09-25,2026-09-25 18:00,18,31°C,0.0,0.001,0.001,1541,
2026-09-25T21:00:03Z,sao-paulo,2026-09-25,2026-09-25 18:00,18,32°C or higher,0.0,0.001,0.001,1669,
2026-09-25T21:00:03Z,seattle,2026-09-25,2026-09-25 14:00,14,49°F or below,0.0,0.001,0.001,95,
2026-09-25T21:00:03Z,seattle,2026-09-25,2026-09-25 14:00,14,50-51°F,0.0,0.001,0.001,3580,
2026-09-25T21:00:03Z,seattle,2026-09-25,2026-09-25 14:00,14,52-53°F,0.0,0.001,0.001,16299,
2026-09-25T21:00:03Z,seattle,2026-09-25,2026-09-25 14:00,14,54-55°F,0.0,0.001,0.001,16539,
2026-09-25T21:00:03Z,seattle,2026-09-25,2026-09-25 14:00,14,56-57°F,0.0,0.001,0.001,4945,
2026-09-25T21:00:03Z,seattle,2026-09-25,2026-09-25 14:00,14,58-59°F,0.0,0.001,0.001,14705,
2026-09-25T21:00:03Z,seattle,2026-09-25,2026-09-25 14:00,14,60-61°F,0.7,0.97,0.27,4623,0.89
2026-09-25T21:00:03Z,seattle,2026-09-25,2026-09-25 14:00,14,62-63°F,0.2,0.05,-0.15,3676,0.03
2026-09-25T21:00:03Z,seattle,2026-09-25,2026-09-25 14:00,14,64-65°F,0.1,0.009,-0.091,1793,0.001
2026-09-25T21:00:03Z,seattle,2026-09-25,2026-09-25 14:00,14,66-67°F,0.0,0.001,0.001,993,
2026-09-25T21:00:03Z,seattle,2026-09-25,2026-09-25 14:00,14,68°F or higher,0.0,0.001,0.001,1400,
2026-09-25T21:00:03Z,toronto,2026-09-25,2026-09-25 17:00,17,16°C or below,0.0,0.001,0.001,45,
2026-09-25T21:00:03Z,toronto,2026-09-25,2026-09-25 17:00,17,17°C,0.0,0.001,0.001,262,
2026-09-25T21:00:03Z,toronto,2026-09-25,2026-09-25 17:00,17,18°C,0.0,0.001,0.001,2614,
2026-09-25T21:00:03Z,toronto,2026-09-25,2026-09-25 17:00,17,19°C,0.0,0.001,0.001,2468,
2026-09-25T21:00:03Z,toronto,2026-09-25,2026-09-25 17:00,17,20°C,0.0,0.001,0.001,7208,
2026-09-25T21:00:03Z,toronto,2026-09-25,2026-09-25 17:00,17,21°C,0.967,0.99,0.023,3633,0.98
2026-09-25T21:00:03Z,toronto,2026-09-25,2026-09-25 17:00,17,22°C,0.033,0.04,0.007,3087,0.02
2026-09-25T21:00:03Z,toronto,2026-09-25,2026-09-25 17:00,17,23°C,0.0,0.006,0.006,2134,
2026-09-25T21:00:03Z,toronto,2026-09-25,2026-09-25 17:00,17,24°C,0.0,0.001,0.001,367,
2026-09-25T21:00:03Z,toronto,2026-09-25,2026-09-25 17:00,17,25°C,0.0,0.001,0.001,953,
2026-09-25T21:00:03Z,toronto,2026-09-25,2026-09-25 17:00,17,26°C or higher,0.0,0.001,0.001,145,
2026-09-25T21:05:02Z,austin,2026-09-25,2026-09-25 16:05,16,87°F or below,0.0,0.001,0.001,100,
2026-09-25T21:05:02Z,austin,2026-09-25,2026-09-25 16:05,16,88-89°F,0.0,0.001,0.001,180,
2026-09-25T21:05:02Z,austin,2026-09-25,2026-09-25 16:05,16,90-91°F,0.0,0.001,0.001,186,
2026-09-25T21:05:02Z,austin,2026-09-25,2026-09-25 16:05,16,92-93°F,0.0,0.001,0.001,1026,
2026-09-25T21:05:02Z,austin,2026-09-25,2026-09-25 16:05,16,94-95°F,0.967,0.001,-0.966,3529,
2026-09-25T21:05:02Z,austin,2026-09-25,2026-09-25 16:05,16,96-97°F,0.033,0.72,0.687,2234,0.6
2026-09-25T21:05:02Z,austin,2026-09-25,2026-09-25 16:05,16,98-99°F,0.0,0.4,0.4,1579,0.22
2026-09-25T21:05:02Z,austin,2026-09-25,2026-09-25 16:05,16,100-101°F,0.0,0.68,0.68,686,
2026-09-25T21:05:02Z,austin,2026-09-25,2026-09-25 16:05,16,102-103°F,0.0,0.006,0.006,245,
2026-09-25T21:05:02Z,austin,2026-09-25,2026-09-25 16:05,16,104-105°F,0.0,0.001,0.001,405,
2026-09-25T21:05:02Z,austin,2026-09-25,2026-09-25 16:05,16,106°F or higher,0.0,0.001,0.001,169,
2026-09-25T21:05:02Z,chicago,2026-09-25,2026-09-25 16:05,16,57°F or below,0.0,0.001,0.001,188,
2026-09-25T21:05:02Z,chicago,2026-09-25,2026-09-25 16:05,16,58-59°F,0.0,0.001,0.001,95,
2026-09-25T21:05:02Z,chicago,2026-09-25,2026-09-25 16:05,16,60-61°F,0.0,0.001,0.001,363,
2026-09-25T21:05:02Z,chicago,2026-09-25,2026-09-25 16:05,16,62-63°F,0.0,0.001,0.001,1796,
2026-09-25T21:05:02Z,chicago,2026-09-25,2026-09-25 16:05,16,64-65°F,1.0,0.92,-0.08,4096,0.91
2026-09-25T21:05:02Z,chicago,2026-09-25,2026-09-25 16:05,16,66-67°F,0.0,0.07,0.07,7051,0.05
2026-09-25T21:05:02Z,chicago,2026-09-25,2026-09-25 16:05,16,68-69°F,0.0,0.009,0.009,4926,0.003
2026-09-25T21:05:02Z,chicago,2026-09-25,2026-09-25 16:05,16,70-71°F,0.0,0.007,0.007,3587,
2026-09-25T21:05:02Z,chicago,2026-09-25,2026-09-25 16:05,16,72-73°F,0.0,0.001,0.001,3146,
2026-09-25T21:05:02Z,chicago,2026-09-25,2026-09-25 16:05,16,74-75°F,0.0,0.001,0.001,663,
2026-09-25T21:05:02Z,chicago,2026-09-25,2026-09-25 16:05,16,76°F or higher,0.0,0.001,0.001,100,
2026-09-25T21:05:02Z,dallas,2026-09-25,2026-09-25 16:05,16,85°F or below,0.0,0.001,0.001,866,
2026-09-25T21:05:02Z,dallas,2026-09-25,2026-09-25 16:05,16,86-87°F,0.0,0.001,0.001,1265,
2026-09-25T21:05:02Z,dallas,2026-09-25,2026-09-25 16:05,16,88-89°F,0.967,0.01,-0.957,7869,
2026-09-25T21:05:02Z,dallas,2026-09-25,2026-09-25 16:05,16,90-91°F,0.033,0.01,-0.023,4722,
2026-09-25T21:05:02Z,dallas,2026-09-25,2026-09-25 16:05,16,92-93°F,0.0,0.97,0.97,4547,0.92
2026-09-25T21:05:02Z,dallas,2026-09-25,2026-09-25 16:05,16,94-95°F,0.0,0.07,0.07,4976,0.03
2026-09-25T21:05:02Z,dallas,2026-09-25,2026-09-25 16:05,16,96-97°F,0.0,0.002,0.002,2752,
2026-09-25T21:05:02Z,dallas,2026-09-25,2026-09-25 16:05,16,98-99°F,0.0,0.001,0.001,4148,
2026-09-25T21:05:02Z,dallas,2026-09-25,2026-09-25 16:05,16,100-101°F,0.0,0.001,0.001,1172,
2026-09-25T21:05:02Z,dallas,2026-09-25,2026-09-25 16:05,16,102-103°F,0.0,0.001,0.001,95,
2026-09-25T21:05:02Z,dallas,2026-09-25,2026-09-25 16:05,16,104°F or higher,0.0,0.001,0.001,165,
2026-09-25T21:05:02Z,denver,2026-09-25,2026-09-25 15:05,15,67°F or below,0.0,0.001,0.001,1349,
2026-09-25T21:05:02Z,denver,2026-09-25,2026-09-25 15:05,15,68-69°F,0.0,0.001,0.001,966,
2026-09-25T21:05:02Z,denver,2026-09-25,2026-09-25 15:05,15,70-71°F,0.0,0.001,0.001,2280,
2026-09-25T21:05:02Z,denver,2026-09-25,2026-09-25 15:05,15,72-73°F,0.0,0.001,0.001,4881,
2026-09-25T21:05:02Z,denver,2026-09-25,2026-09-25 15:05,15,74-75°F,0.867,0.2,-0.667,4436,0.04
2026-09-25T21:05:02Z,denver,2026-09-25,2026-09-25 15:05,15,76-77°F,0.133,0.79,0.657,3708,0.59
2026-09-25T21:05:02Z,denver,2026-09-25,2026-09-25 15:05,15,78-79°F,0.0,0.16,0.16,1768,0.02
2026-09-25T21:05:02Z,denver,2026-09-25,2026-09-25 15:05,15,80-81°F,0.0,0.018,0.018,1770,0.004
2026-09-25T21:05:02Z,denver,2026-09-25,2026-09-25 15:05,15,82-83°F,0.0,0.002,0.002,884,0.001
2026-09-25T21:05:02Z,denver,2026-09-25,2026-09-25 15:05,15,84-85°F,0.0,0.001,0.001,200,
2026-09-25T21:05:02Z,denver,2026-09-25,2026-09-25 15:05,15,86°F or higher,0.0,0.001,0.001,100,
2026-09-25T21:05:02Z,houston,2026-09-25,2026-09-25 16:05,16,83°F or below,0.0,0.001,0.001,100,
2026-09-25T21:05:02Z,houston,2026-09-25,2026-09-25 16:05,16,84-85°F,0.0,0.001,0.001,180,
2026-09-25T21:05:02Z,houston,2026-09-25,2026-09-25 16:05,16,86-87°F,0.0,0.001,0.001,2361,
2026-09-25T21:05:02Z,houston,2026-09-25,2026-09-25 16:05,16,88-89°F,0.0,0.001,0.001,6666,
2026-09-25T21:05:02Z,houston,2026-09-25,2026-09-25 16:05,16,90-91°F,1.0,0.82,-0.18,3484,0.65
2026-09-25T21:05:02Z,houston,2026-09-25,2026-09-25 16:05,16,92-93°F,0.0,0.36,0.36,5683,0.18
2026-09-25T21:05:02Z,houston,2026-09-25,2026-09-25 16:05,16,94-95°F,0.0,0.01,0.01,2554,0.002
2026-09-25T21:05:02Z,houston,2026-09-25,2026-09-25 16:05,16,96-97°F,0.0,0.008,0.008,816,
2026-09-25T21:05:02Z,houston,2026-09-25,2026-09-25 16:05,16,98-99°F,0.0,0.001,0.001,30,
2026-09-25T21:05:02Z,houston,2026-09-25,2026-09-25 16:05,16,100-101°F,0.0,0.001,0.001,215,
2026-09-25T21:05:02Z,houston,2026-09-25,2026-09-25 16:05,16,102°F or higher,0.0,0.001,0.001,100,
2026-09-25T21:05:02Z,mexico-city,2026-09-25,2026-09-25 15:05,15,16°C or below,0.0,0.001,0.001,1015,
2026-09-25T21:05:02Z,mexico-city,2026-09-25,2026-09-25 15:05,15,17°C,0.0,0.001,0.001,15,
2026-09-25T21:05:02Z,mexico-city,2026-09-25,2026-09-25 15:05,15,18°C,0.0,0.001,0.001,15,
2026-09-25T21:05:02Z,mexico-city,2026-09-25,2026-09-25 15:05,15,19°C,0.0,0.001,0.001,15,
2026-09-25T21:05:02Z,mexico-city,2026-09-25,2026-09-25 15:05,15,20°C,0.0,0.001,0.001,15,
2026-09-25T21:05:02Z,mexico-city,2026-09-25,2026-09-25 15:05,15,21°C,0.0,0.001,0.001,145,
2026-09-25T21:05:02Z,mexico-city,2026-09-25,2026-09-25 15:05,15,22°C,0.0,0.001,0.001,232,
2026-09-25T21:05:02Z,mexico-city,2026-09-25,2026-09-25 15:05,15,23°C,0.0,0.001,0.001,523,
2026-09-25T21:05:02Z,mexico-city,2026-09-25,2026-09-25 15:05,15,24°C,0.0,0.001,0.001,3908,
2026-09-25T21:05:02Z,mexico-city,2026-09-25,2026-09-25 15:05,15,25°C,0.967,0.99,0.023,3364,0.96
2026-09-25T21:05:02Z,mexico-city,2026-09-25,2026-09-25 15:05,15,26°C or higher,0.033,0.04,0.007,4040,0.02
2026-09-25T21:05:02Z,panama-city,2026-09-25,2026-09-25 16:05,16,23°C or below,0.0,0.001,0.001,95,
2026-09-25T21:05:02Z,panama-city,2026-09-25,2026-09-25 16:05,16,24°C,0.0,0.001,0.001,25,
2026-09-25T21:05:02Z,panama-city,2026-09-25,2026-09-25 16:05,16,25°C,0.0,0.001,0.001,15,
2026-09-25T21:05:02Z,panama-city,2026-09-25,2026-09-25 16:05,16,26°C,0.0,0.001,0.001,42,
2026-09-25T21:05:02Z,panama-city,2026-09-25,2026-09-25 16:05,16,27°C,0.0,0.001,0.001,35,
2026-09-25T21:05:02Z,panama-city,2026-09-25,2026-09-25 16:05,16,28°C,0.0,0.001,0.001,165,
2026-09-25T21:05:02Z,panama-city,2026-09-25,2026-09-25 16:05,16,29°C,0.966,0.04,-0.926,1898,
2026-09-25T21:05:02Z,panama-city,2026-09-25,2026-09-25 16:05,16,30°C,0.034,0.97,0.936,2401,0.8
2026-09-25T21:05:02Z,panama-city,2026-09-25,2026-09-25 16:05,16,31°C,0.0,0.02,0.02,2153,0.01
2026-09-25T21:05:02Z,panama-city,2026-09-25,2026-09-25 16:05,16,32°C,0.0,0.02,0.02,3576,
2026-09-25T21:05:02Z,panama-city,2026-09-25,2026-09-25 16:05,16,33°C or higher,0.0,0.001,0.001,1501,
2026-09-25T21:10:01Z,austin,2026-09-25,2026-09-25 16:10,16,87°F or below,0.0,0.001,0.001,100,
2026-09-25T21:10:01Z,austin,2026-09-25,2026-09-25 16:10,16,88-89°F,0.0,0.001,0.001,180,
2026-09-25T21:10:01Z,austin,2026-09-25,2026-09-25 16:10,16,90-91°F,0.0,0.001,0.001,186,
2026-09-25T21:10:01Z,austin,2026-09-25,2026-09-25 16:10,16,92-93°F,0.0,0.001,0.001,1026,
2026-09-25T21:10:01Z,austin,2026-09-25,2026-09-25 16:10,16,94-95°F,0.967,0.001,-0.966,3911,
2026-09-25T21:10:01Z,austin,2026-09-25,2026-09-25 16:10,16,96-97°F,0.033,0.78,0.747,2507,0.64
2026-09-25T21:10:01Z,austin,2026-09-25,2026-09-25 16:10,16,98-99°F,0.0,0.37,0.37,1719,0.22
2026-09-25T21:10:01Z,austin,2026-09-25,2026-09-25 16:10,16,100-101°F,0.0,0.66,0.66,686,
2026-09-25T21:10:01Z,austin,2026-09-25,2026-09-25 16:10,16,102-103°F,0.0,0.006,0.006,245,
2026-09-25T21:10:01Z,austin,2026-09-25,2026-09-25 16:10,16,104-105°F,0.0,0.001,0.001,405,
2026-09-25T21:10:01Z,austin,2026-09-25,2026-09-25 16:10,16,106°F or higher,0.0,0.001,0.001,169,
2026-09-25T21:10:01Z,chicago,2026-09-25,2026-09-25 16:10,16,57°F or below,0.0,0.001,0.001,188,
2026-09-25T21:10:01Z,chicago,2026-09-25,2026-09-25 16:10,16,58-59°F,0.0,0.001,0.001,95,
2026-09-25T21:10:01Z,chicago,2026-09-25,2026-09-25 16:10,16,60-61°F,0.0,0.001,0.001,363,
2026-09-25T21:10:01Z,chicago,2026-09-25,2026-09-25 16:10,16,62-63°F,0.0,0.001,0.001,1796,
2026-09-25T21:10:01Z,chicago,2026-09-25,2026-09-25 16:10,16,64-65°F,1.0,0.92,-0.08,4096,0.9
2026-09-25T21:10:01Z,chicago,2026-09-25,2026-09-25 16:10,16,66-67°F,0.0,0.07,0.07,7051,0.05
2026-09-25T21:10:01Z,chicago,2026-09-25,2026-09-25 16:10,16,68-69°F,0.0,0.009,0.009,4926,0.003
2026-09-25T21:10:01Z,chicago,2026-09-25,2026-09-25 16:10,16,70-71°F,0.0,0.007,0.007,3587,
2026-09-25T21:10:01Z,chicago,2026-09-25,2026-09-25 16:10,16,72-73°F,0.0,0.001,0.001,3146,
2026-09-25T21:10:01Z,chicago,2026-09-25,2026-09-25 16:10,16,74-75°F,0.0,0.001,0.001,663,
2026-09-25T21:10:01Z,chicago,2026-09-25,2026-09-25 16:10,16,76°F or higher,0.0,0.001,0.001,100,
2026-09-25T21:10:01Z,dallas,2026-09-25,2026-09-25 16:10,16,85°F or below,0.0,0.001,0.001,866,
2026-09-25T21:10:01Z,dallas,2026-09-25,2026-09-25 16:10,16,86-87°F,0.0,0.001,0.001,1265,
2026-09-25T21:10:01Z,dallas,2026-09-25,2026-09-25 16:10,16,88-89°F,0.967,0.001,-0.966,7869,
2026-09-25T21:10:01Z,dallas,2026-09-25,2026-09-25 16:10,16,90-91°F,0.033,0.001,-0.032,4722,
2026-09-25T21:10:01Z,dallas,2026-09-25,2026-09-25 16:10,16,92-93°F,0.0,0.98,0.98,4547,0.91
2026-09-25T21:10:01Z,dallas,2026-09-25,2026-09-25 16:10,16,94-95°F,0.0,0.08,0.08,4976,0.013
2026-09-25T21:10:01Z,dallas,2026-09-25,2026-09-25 16:10,16,96-97°F,0.0,0.002,0.002,2752,
2026-09-25T21:10:01Z,dallas,2026-09-25,2026-09-25 16:10,16,98-99°F,0.0,0.001,0.001,4148,
2026-09-25T21:10:01Z,dallas,2026-09-25,2026-09-25 16:10,16,100-101°F,0.0,0.001,0.001,1172,
2026-09-25T21:10:01Z,dallas,2026-09-25,2026-09-25 16:10,16,102-103°F,0.0,0.001,0.001,95,
2026-09-25T21:10:01Z,dallas,2026-09-25,2026-09-25 16:10,16,104°F or higher,0.0,0.001,0.001,165,
2026-09-25T21:10:01Z,denver,2026-09-25,2026-09-25 15:10,15,67°F or below,0.0,0.001,0.001,1349,
2026-09-25T21:10:01Z,denver,2026-09-25,2026-09-25 15:10,15,68-69°F,0.0,0.001,0.001,966,
2026-09-25T21:10:01Z,denver,2026-09-25,2026-09-25 15:10,15,70-71°F,0.0,0.001,0.001,2280,
2026-09-25T21:10:01Z,denver,2026-09-25,2026-09-25 15:10,15,72-73°F,0.0,0.001,0.001,4881,
2026-09-25T21:10:01Z,denver,2026-09-25,2026-09-25 15:10,15,74-75°F,0.867,0.2,-0.667,4436,0.04
2026-09-25T21:10:01Z,denver,2026-09-25,2026-09-25 15:10,15,76-77°F,0.133,0.84,0.707,3708,0.6
2026-09-25T21:10:01Z,denver,2026-09-25,2026-09-25 15:10,15,78-79°F,0.0,0.17,0.17,1768,0.02
2026-09-25T21:10:01Z,denver,2026-09-25,2026-09-25 15:10,15,80-81°F,0.0,0.018,0.018,1770,0.004
2026-09-25T21:10:01Z,denver,2026-09-25,2026-09-25 15:10,15,82-83°F,0.0,0.002,0.002,884,0.001
2026-09-25T21:10:01Z,denver,2026-09-25,2026-09-25 15:10,15,84-85°F,0.0,0.001,0.001,200,
2026-09-25T21:10:01Z,denver,2026-09-25,2026-09-25 15:10,15,86°F or higher,0.0,0.001,0.001,100,
2026-09-25T21:10:01Z,houston,2026-09-25,2026-09-25 16:10,16,83°F or below,0.0,0.001,0.001,100,
2026-09-25T21:10:01Z,houston,2026-09-25,2026-09-25 16:10,16,84-85°F,0.0,0.001,0.001,180,
2026-09-25T21:10:01Z,houston,2026-09-25,2026-09-25 16:10,16,86-87°F,0.0,0.001,0.001,2361,
2026-09-25T21:10:01Z,houston,2026-09-25,2026-09-25 16:10,16,88-89°F,0.0,0.001,0.001,6666,
2026-09-25T21:10:01Z,houston,2026-09-25,2026-09-25 16:10,16,90-91°F,1.0,0.84,-0.16,3484,0.78
2026-09-25T21:10:01Z,houston,2026-09-25,2026-09-25 16:10,16,92-93°F,0.0,0.21,0.21,5683,0.09
2026-09-25T21:10:01Z,houston,2026-09-25,2026-09-25 16:10,16,94-95°F,0.0,0.01,0.01,2554,0.002
2026-09-25T21:10:01Z,houston,2026-09-25,2026-09-25 16:10,16,96-97°F,0.0,0.008,0.008,816,
2026-09-25T21:10:01Z,houston,2026-09-25,2026-09-25 16:10,16,98-99°F,0.0,0.001,0.001,30,
2026-09-25T21:10:01Z,houston,2026-09-25,2026-09-25 16:10,16,100-101°F,0.0,0.001,0.001,215,
2026-09-25T21:10:01Z,houston,2026-09-25,2026-09-25 16:10,16,102°F or higher,0.0,0.001,0.001,100,
2026-09-25T21:10:01Z,mexico-city,2026-09-25,2026-09-25 15:10,15,16°C or below,0.0,0.001,0.001,1015,
2026-09-25T21:10:01Z,mexico-city,2026-09-25,2026-09-25 15:10,15,17°C,0.0,0.001,0.001,15,
2026-09-25T21:10:01Z,mexico-city,2026-09-25,2026-09-25 15:10,15,18°C,0.0,0.001,0.001,15,
2026-09-25T21:10:01Z,mexico-city,2026-09-25,2026-09-25 15:10,15,19°C,0.0,0.001,0.001,15,
2026-09-25T21:10:01Z,mexico-city,2026-09-25,2026-09-25 15:10,15,20°C,0.0,0.001,0.001,15,
2026-09-25T21:10:01Z,mexico-city,2026-09-25,2026-09-25 15:10,15,21°C,0.0,0.001,0.001,145,
2026-09-25T21:10:01Z,mexico-city,2026-09-25,2026-09-25 15:10,15,22°C,0.0,0.001,0.001,232,
2026-09-25T21:10:01Z,mexico-city,2026-09-25,2026-09-25 15:10,15,23°C,0.0,0.001,0.001,523,
2026-09-25T21:10:01Z,mexico-city,2026-09-25,2026-09-25 15:10,15,24°C,0.0,0.001,0.001,3913,
2026-09-25T21:10:01Z,mexico-city,2026-09-25,2026-09-25 15:10,15,25°C,0.967,0.99,0.023,3665,0.94
2026-09-25T21:10:01Z,mexico-city,2026-09-25,2026-09-25 15:10,15,26°C or higher,0.033,0.04,0.007,4104,0.02
2026-09-25T21:10:01Z,panama-city,2026-09-25,2026-09-25 16:10,16,23°C or below,0.0,0.001,0.001,95,
2026-09-25T21:10:01Z,panama-city,2026-09-25,2026-09-25 16:10,16,24°C,0.0,0.001,0.001,25,
2026-09-25T21:10:01Z,panama-city,2026-09-25,2026-09-25 16:10,16,25°C,0.0,0.001,0.001,15,
2026-09-25T21:10:01Z,panama-city,2026-09-25,2026-09-25 16:10,16,26°C,0.0,0.001,0.001,42,
2026-09-25T21:10:01Z,panama-city,2026-09-25,2026-09-25 16:10,16,27°C,0.0,0.001,0.001,35,
2026-09-25T21:10:01Z,panama-city,2026-09-25,2026-09-25 16:10,16,28°C,0.0,0.001,0.001,165,
2026-09-25T21:10:01Z,panama-city,2026-09-25,2026-09-25 16:10,16,29°C,0.966,0.002,-0.964,2103,0.001
2026-09-25T21:10:01Z,panama-city,2026-09-25,2026-09-25 16:10,16,30°C,0.034,0.97,0.936,2401,0.83
2026-09-25T21:10:01Z,panama-city,2026-09-25,2026-09-25 16:10,16,31°C,0.0,0.02,0.02,2260,0.01
2026-09-25T21:10:01Z,panama-city,2026-09-25,2026-09-25 16:10,16,32°C,0.0,0.02,0.02,3576,
2026-09-25T21:10:01Z,panama-city,2026-09-25,2026-09-25 16:10,16,33°C or higher,0.0,0.001,0.001,1501,
2026-09-25T21:15:03Z,atlanta,2026-09-25,2026-09-25 17:15,17,69°F or below,0.0,0.001,0.001,614,
2026-09-25T21:15:03Z,atlanta,2026-09-25,2026-09-25 17:15,17,70-71°F,0.0,0.001,0.001,1271,
2026-09-25T21:15:03Z,atlanta,2026-09-25,2026-09-25 17:15,17,72-73°F,0.0,0.001,0.001,4402,
2026-09-25T21:15:03Z,atlanta,2026-09-25,2026-09-25 17:15,17,74-75°F,1.0,0.001,-0.999,6474,
2026-09-25T21:15:03Z,atlanta,2026-09-25,2026-09-25 17:15,17,76-77°F,0.0,0.99,0.99,5559,0.95
2026-09-25T21:15:03Z,atlanta,2026-09-25,2026-09-25 17:15,17,78-79°F,0.0,0.12,0.12,6259,
2026-09-25T21:15:03Z,atlanta,2026-09-25,2026-09-25 17:15,17,80-81°F,0.0,0.008,0.008,2153,
2026-09-25T21:15:03Z,atlanta,2026-09-25,2026-09-25 17:15,17,82-83°F,0.0,0.001,0.001,2466,
2026-09-25T21:15:03Z,atlanta,2026-09-25,2026-09-25 17:15,17,84-85°F,0.0,0.001,0.001,422,
2026-09-25T21:15:03Z,atlanta,2026-09-25,2026-09-25 17:15,17,86-87°F,0.0,0.001,0.001,105,
2026-09-25T21:15:03Z,atlanta,2026-09-25,2026-09-25 17:15,17,88°F or higher,0.0,0.001,0.001,105,
2026-09-25T21:15:03Z,austin,2026-09-25,2026-09-25 16:15,16,87°F or below,0.0,0.001,0.001,100,
2026-09-25T21:15:03Z,austin,2026-09-25,2026-09-25 16:15,16,88-89°F,0.0,0.001,0.001,180,
2026-09-25T21:15:03Z,austin,2026-09-25,2026-09-25 16:15,16,90-91°F,0.0,0.001,0.001,186,
2026-09-25T21:15:03Z,austin,2026-09-25,2026-09-25 16:15,16,92-93°F,0.0,0.001,0.001,1026,
2026-09-25T21:15:03Z,austin,2026-09-25,2026-09-25 16:15,16,94-95°F,0.967,0.001,-0.966,3911,
2026-09-25T21:15:03Z,austin,2026-09-25,2026-09-25 16:15,16,96-97°F,0.033,0.75,0.717,2507,0.57
2026-09-25T21:15:03Z,austin,2026-09-25,2026-09-25 16:15,16,98-99°F,0.0,0.39,0.39,1719,0.24
2026-09-25T21:15:03Z,austin,2026-09-25,2026-09-25 16:15,16,100-101°F,0.0,0.7,0.7,686,
2026-09-25T21:15:03Z,austin,2026-09-25,2026-09-25 16:15,16,102-103°F,0.0,0.007,0.007,245,
2026-09-25T21:15:03Z,austin,2026-09-25,2026-09-25 16:15,16,104-105°F,0.0,0.001,0.001,405,
2026-09-25T21:15:03Z,austin,2026-09-25,2026-09-25 16:15,16,106°F or higher,0.0,0.001,0.001,169,
2026-09-25T21:15:03Z,buenos-aires,2026-09-25,2026-09-25 18:15,18,20°C or below,0.0,0.001,0.001,265,
2026-09-25T21:15:03Z,buenos-aires,2026-09-25,2026-09-25 18:15,18,21°C,0.0,0.001,0.001,105,
2026-09-25T21:15:03Z,buenos-aires,2026-09-25,2026-09-25 18:15,18,22°C,0.0,0.001,0.001,105,
2026-09-25T21:15:03Z,buenos-aires,2026-09-25,2026-09-25 18:15,18,23°C,0.0,0.001,0.001,2047,
2026-09-25T21:15:03Z,buenos-aires,2026-09-25,2026-09-25 18:15,18,24°C,0.0,0.001,0.001,2245,
2026-09-25T21:15:03Z,buenos-aires,2026-09-25,2026-09-25 18:15,18,25°C,0.0,0.001,0.001,1422,
2026-09-25T21:15:03Z,buenos-aires,2026-09-25,2026-09-25 18:15,18,26°C,0.0,0.001,0.001,2960,
2026-09-25T21:15:03Z,buenos-aires,2026-09-25,2026-09-25 18:15,18,27°C,1.0,1.0,0.0,6534,0.998
2026-09-25T21:15:03Z,buenos-aires,2026-09-25,2026-09-25 18:15,18,28°C,0.0,0.001,0.001,3226,
2026-09-25T21:15:03Z,buenos-aires,2026-09-25,2026-09-25 18:15,18,29°C,0.0,0.001,0.001,4325,
2026-09-25T21:15:03Z,buenos-aires,2026-09-25,2026-09-25 18:15,18,30°C or higher,0.0,0.001,0.001,2951,
2026-09-25T21:15:03Z,chicago,2026-09-25,2026-09-25 16:15,16,57°F or below,0.0,0.001,0.001,188,
2026-09-25T21:15:03Z,chicago,2026-09-25,2026-09-25 16:15,16,58-59°F,0.0,0.001,0.001,95,
2026-09-25T21:15:03Z,chicago,2026-09-25,2026-09-25 16:15,16,60-61°F,0.0,0.001,0.001,363,
2026-09-25T21:15:03Z,chicago,2026-09-25,2026-09-25 16:15,16,62-63°F,0.0,0.001,0.001,1796,
2026-09-25T21:15:03Z,chicago,2026-09-25,2026-09-25 16:15,16,64-65°F,1.0,0.92,-0.08,4154,0.91
2026-09-25T21:15:03Z,chicago,2026-09-25,2026-09-25 16:15,16,66-67°F,0.0,0.06,0.06,7105,0.05
2026-09-25T21:15:03Z,chicago,2026-09-25,2026-09-25 16:15,16,68-69°F,0.0,0.009,0.009,4926,0.003
2026-09-25T21:15:03Z,chicago,2026-09-25,2026-09-25 16:15,16,70-71°F,0.0,0.007,0.007,3587,
2026-09-25T21:15:03Z,chicago,2026-09-25,2026-09-25 16:15,16,72-73°F,0.0,0.001,0.001,3146,
2026-09-25T21:15:03Z,chicago,2026-09-25,2026-09-25 16:15,16,74-75°F,0.0,0.001,0.001,663,
2026-09-25T21:15:03Z,chicago,2026-09-25,2026-09-25 16:15,16,76°F or higher,0.0,0.001,0.001,100,
2026-09-25T21:15:03Z,dallas,2026-09-25,2026-09-25 16:15,16,85°F or below,0.0,0.001,0.001,866,
2026-09-25T21:15:03Z,dallas,2026-09-25,2026-09-25 16:15,16,86-87°F,0.0,0.001,0.001,1265,
2026-09-25T21:15:03Z,dallas,2026-09-25,2026-09-25 16:15,16,88-89°F,0.967,0.001,-0.966,8722,
2026-09-25T21:15:03Z,dallas,2026-09-25,2026-09-25 16:15,16,90-91°F,0.033,0.001,-0.032,5830,
2026-09-25T21:15:03Z,dallas,2026-09-25,2026-09-25 16:15,16,92-93°F,0.0,0.98,0.98,4719,0.91
2026-09-25T21:15:03Z,dallas,2026-09-25,2026-09-25 16:15,16,94-95°F,0.0,0.08,0.08,5154,0.025
2026-09-25T21:15:03Z,dallas,2026-09-25,2026-09-25 16:15,16,96-97°F,0.0,0.002,0.002,2772,
2026-09-25T21:15:03Z,dallas,2026-09-25,2026-09-25 16:15,16,98-99°F,0.0,0.001,0.001,4148,
2026-09-25T21:15:03Z,dallas,2026-09-25,2026-09-25 16:15,16,100-101°F,0.0,0.001,0.001,1172,
2026-09-25T21:15:03Z,dallas,2026-09-25,2026-09-25 16:15,16,102-103°F,0.0,0.001,0.001,95,
2026-09-25T21:15:03Z,dallas,2026-09-25,2026-09-25 16:15,16,104°F or higher,0.0,0.001,0.001,165,
2026-09-25T21:15:03Z,denver,2026-09-25,2026-09-25 15:15,15,67°F or below,0.0,0.001,0.001,1349,
2026-09-25T21:15:03Z,denver,2026-09-25,2026-09-25 15:15,15,68-69°F,0.0,0.001,0.001,966,
2026-09-25T21:15:03Z,denver,2026-09-25,2026-09-25 15:15,15,70-71°F,0.0,0.001,0.001,2280,
2026-09-25T21:15:03Z,denver,2026-09-25,2026-09-25 15:15,15,72-73°F,0.0,0.001,0.001,4881,
2026-09-25T21:15:03Z,denver,2026-09-25,2026-09-25 15:15,15,74-75°F,0.867,0.23,-0.637,4608,0.2
2026-09-25T21:15:03Z,denver,2026-09-25,2026-09-25 15:15,15,76-77°F,0.133,0.82,0.687,3779,0.78
2026-09-25T21:15:03Z,denver,2026-09-25,2026-09-25 15:15,15,78-79°F,0.0,0.04,0.04,2333,
2026-09-25T21:15:03Z,denver,2026-09-25,2026-09-25 15:15,15,80-81°F,0.0,0.016,0.016,2262,
2026-09-25T21:15:03Z,denver,2026-09-25,2026-09-25 15:15,15,82-83°F,0.0,0.002,0.002,890,0.001
2026-09-25T21:15:03Z,denver,2026-09-25,2026-09-25 15:15,15,84-85°F,0.0,0.001,0.001,200,
2026-09-25T21:15:03Z,denver,2026-09-25,2026-09-25 15:15,15,86°F or higher,0.0,0.001,0.001,100,
2026-09-25T21:15:03Z,houston,2026-09-25,2026-09-25 16:15,16,83°F or below,0.0,0.001,0.001,100,
2026-09-25T21:15:03Z,houston,2026-09-25,2026-09-25 16:15,16,84-85°F,0.0,0.001,0.001,180,
2026-09-25T21:15:03Z,houston,2026-09-25,2026-09-25 16:15,16,86-87°F,0.0,0.001,0.001,2361,
2026-09-25T21:15:03Z,houston,2026-09-25,2026-09-25 16:15,16,88-89°F,0.0,0.001,0.001,6666,
2026-09-25T21:15:03Z,houston,2026-09-25,2026-09-25 16:15,16,90-91°F,1.0,0.99,-0.01,3609,0.9
2026-09-25T21:15:03Z,houston,2026-09-25,2026-09-25 16:15,16,92-93°F,0.0,0.1,0.1,5709,0.02
2026-09-25T21:15:03Z,houston,2026-09-25,2026-09-25 16:15,16,94-95°F,0.0,0.01,0.01,2577,0.002
2026-09-25T21:15:03Z,houston,2026-09-25,2026-09-25 16:15,16,96-97°F,0.0,0.008,0.008,816,
2026-09-25T21:15:03Z,houston,2026-09-25,2026-09-25 16:15,16,98-99°F,0.0,0.001,0.001,30,
2026-09-25T21:15:03Z,houston,2026-09-25,2026-09-25 16:15,16,100-101°F,0.0,0.001,0.001,215,
2026-09-25T21:15:03Z,houston,2026-09-25,2026-09-25 16:15,16,102°F or higher,0.0,0.001,0.001,100,
2026-09-25T21:15:03Z,los-angeles,2026-09-25,2026-09-25 14:15,14,73°F or below,0.0,0.001,0.001,1433,
2026-09-25T21:15:03Z,los-angeles,2026-09-25,2026-09-25 14:15,14,74-75°F,0.0,0.001,0.001,10869,
2026-09-25T21:15:03Z,los-angeles,2026-09-25,2026-09-25 14:15,14,76-77°F,0.933,0.96,0.027,8864,0.93
2026-09-25T21:15:03Z,los-angeles,2026-09-25,2026-09-25 14:15,14,78-79°F,0.033,0.05,0.017,5940,0.02
2026-09-25T21:15:03Z,los-angeles,2026-09-25,2026-09-25 14:15,14,80-81°F,0.0,0.019,0.019,5021,0.002
2026-09-25T21:15:03Z,los-angeles,2026-09-25,2026-09-25 14:15,14,82-83°F,0.033,0.001,-0.032,2432,
2026-09-25T21:15:03Z,los-angeles,2026-09-25,2026-09-25 14:15,14,84-85°F,0.0,0.001,0.001,1656,
2026-09-25T21:15:03Z,los-angeles,2026-09-25,2026-09-25 14:15,14,86-87°F,0.0,0.001,0.001,348,
2026-09-25T21:15:03Z,los-angeles,2026-09-25,2026-09-25 14:15,14,88-89°F,0.0,0.001,0.001,105,
2026-09-25T21:15:03Z,los-angeles,2026-09-25,2026-09-25 14:15,14,90-91°F,0.0,0.001,0.001,100,
2026-09-25T21:15:03Z,los-angeles,2026-09-25,2026-09-25 14:15,14,92°F or higher,0.0,0.001,0.001,510,
2026-09-25T21:15:03Z,mexico-city,2026-09-25,2026-09-25 15:15,15,16°C or below,0.0,0.001,0.001,1015,
2026-09-25T21:15:03Z,mexico-city,2026-09-25,2026-09-25 15:15,15,17°C,0.0,0.001,0.001,15,
2026-09-25T21:15:03Z,mexico-city,2026-09-25,2026-09-25 15:15,15,18°C,0.0,0.001,0.001,15,
2026-09-25T21:15:03Z,mexico-city,2026-09-25,2026-09-25 15:15,15,19°C,0.0,0.001,0.001,15,
2026-09-25T21:15:03Z,mexico-city,2026-09-25,2026-09-25 15:15,15,20°C,0.0,0.001,0.001,15,
2026-09-25T21:15:03Z,mexico-city,2026-09-25,2026-09-25 15:15,15,21°C,0.0,0.001,0.001,145,
2026-09-25T21:15:03Z,mexico-city,2026-09-25,2026-09-25 15:15,15,22°C,0.0,0.001,0.001,232,
2026-09-25T21:15:03Z,mexico-city,2026-09-25,2026-09-25 15:15,15,23°C,0.0,0.001,0.001,523,
2026-09-25T21:15:03Z,mexico-city,2026-09-25,2026-09-25 15:15,15,24°C,0.0,0.001,0.001,3913,
2026-09-25T21:15:03Z,mexico-city,2026-09-25,2026-09-25 15:15,15,25°C,0.967,0.99,0.023,3665,0.95
2026-09-25T21:15:03Z,mexico-city,2026-09-25,2026-09-25 15:15,15,26°C or higher,0.033,0.04,0.007,4104,0.02
2026-09-25T21:15:03Z,miami,2026-09-25,2026-09-25 17:15,17,75°F or below,0.0,0.001,0.001,95,
2026-09-25T21:15:03Z,miami,2026-09-25,2026-09-25 17:15,17,76-77°F,0.0,0.001,0.001,95,
2026-09-25T21:15:03Z,miami,2026-09-25,2026-09-25 17:15,17,78-79°F,0.0,0.001,0.001,260,
2026-09-25T21:15:03Z,miami,2026-09-25,2026-09-25 17:15,17,80-81°F,0.0,0.001,0.001,3878,
2026-09-25T21:15:03Z,miami,2026-09-25,2026-09-25 17:15,17,82-83°F,0.0,0.001,0.001,4316,
2026-09-25T21:15:03Z,miami,2026-09-25,2026-09-25 17:15,17,84-85°F,0.0,0.001,0.001,5134,
2026-09-25T21:15:03Z,miami,2026-09-25,2026-09-25 17:15,17,86-87°F,0.0,0.001,0.001,14080,
2026-09-25T21:15:03Z,miami,2026-09-25,2026-09-25 17:15,17,88-89°F,0.0,0.001,0.001,8958,
2026-09-25T21:15:03Z,miami,2026-09-25,2026-09-25 17:15,17,90-91°F,1.0,0.999,-0.001,12121,0.996
2026-09-25T21:15:03Z,miami,2026-09-25,2026-09-25 17:15,17,92-93°F,0.0,0.002,0.002,9886,0.001
2026-09-25T21:15:03Z,miami,2026-09-25,2026-09-25 17:15,17,94°F or higher,0.0,0.002,0.002,8825,0.001
2026-09-25T21:15:03Z,nyc,2026-09-25,2026-09-25 17:15,17,57°F or below,0.0,0.001,0.001,100,
2026-09-25T21:15:03Z,nyc,2026-09-25,2026-09-25 17:15,17,58-59°F,0.0,0.001,0.001,2710,
2026-09-25T21:15:03Z,nyc,2026-09-25,2026-09-25 17:15,17,60-61°F,0.0,0.001,0.001,4127,
2026-09-25T21:15:03Z,nyc,2026-09-25,2026-09-25 17:15,17,62-63°F,0.0,0.001,0.001,7388,
2026-09-25T21:15:03Z,nyc,2026-09-25,2026-09-25 17:15,17,64-65°F,0.0,0.001,0.001,5037,
2026-09-25T21:15:03Z,nyc,2026-09-25,2026-09-25 17:15,17,66-67°F,0.0,0.001,0.001,6584,
2026-09-25T21:15:03Z,nyc,2026-09-25,2026-09-25 17:15,17,68-69°F,0.967,0.95,-0.017,14557,0.9
2026-09-25T21:15:03Z,nyc,2026-09-25,2026-09-25 17:15,17,70-71°F,0.033,0.1,0.067,10768,0.02
2026-09-25T21:15:03Z,nyc,2026-09-25,2026-09-25 17:15,17,72-73°F,0.0,0.006,0.006,9501,0.003
2026-09-25T21:15:03Z,nyc,2026-09-25,2026-09-25 17:15,17,74-75°F,0.0,0.008,0.008,6447,0.001
2026-09-25T21:15:03Z,nyc,2026-09-25,2026-09-25 17:15,17,76°F or higher,0.0,0.001,0.001,3233,
2026-09-25T21:15:03Z,panama-city,2026-09-25,2026-09-25 16:15,16,23°C or below,0.0,0.001,0.001,95,
2026-09-25T21:15:03Z,panama-city,2026-09-25,2026-09-25 16:15,16,24°C,0.0,0.001,0.001,25,
2026-09-25T21:15:03Z,panama-city,2026-09-25,2026-09-25 16:15,16,25°C,0.0,0.001,0.001,15,
2026-09-25T21:15:03Z,panama-city,2026-09-25,2026-09-25 16:15,16,26°C,0.0,0.001,0.001,42,
2026-09-25T21:15:03Z,panama-city,2026-09-25,2026-09-25 16:15,16,27°C,0.0,0.001,0.001,35,
2026-09-25T21:15:03Z,panama-city,2026-09-25,2026-09-25 16:15,16,28°C,0.0,0.001,0.001,165,
2026-09-25T21:15:03Z,panama-city,2026-09-25,2026-09-25 16:15,16,29°C,0.966,0.001,-0.965,2103,
2026-09-25T21:15:03Z,panama-city,2026-09-25,2026-09-25 16:15,16,30°C,0.034,0.99,0.956,2601,0.96
2026-09-25T21:15:03Z,panama-city,2026-09-25,2026-09-25 16:15,16,31°C,0.0,0.009,0.009,2260,0.001
2026-09-25T21:15:03Z,panama-city,2026-09-25,2026-09-25 16:15,16,32°C,0.0,0.02,0.02,3576,
2026-09-25T21:15:03Z,panama-city,2026-09-25,2026-09-25 16:15,16,33°C or higher,0.0,0.001,0.001,1501,
2026-09-25T21:15:03Z,san-francisco,2026-09-25,2026-09-25 14:15,14,61°F or below,0.0,0.001,0.001,630,
2026-09-25T21:15:03Z,san-francisco,2026-09-25,2026-09-25 14:15,14,62-63°F,0.0,0.001,0.001,1782,
2026-09-25T21:15:03Z,san-francisco,2026-09-25,2026-09-25 14:15,14,64-65°F,0.0,0.001,0.001,768,
2026-09-25T21:15:03Z,san-francisco,2026-09-25,2026-09-25 14:15,14,66-67°F,0.0,0.001,0.001,4244,
2026-09-25T21:15:03Z,san-francisco,2026-09-25,2026-09-25 14:15,14,68-69°F,0.0,0.001,0.001,3127,
2026-09-25T21:15:03Z,san-francisco,2026-09-25,2026-09-25 14:15,14,70-71°F,0.967,0.99,0.023,1998,0.94
2026-09-25T21:15:03Z,san-francisco,2026-09-25,2026-09-25 14:15,14,72-73°F,0.0,0.06,0.06,4661,0.01
2026-09-25T21:15:03Z,san-francisco,2026-09-25,2026-09-25 14:15,14,74-75°F,0.033,0.009,-0.024,4450,
2026-09-25T21:15:03Z,san-francisco,2026-09-25,2026-09-25 14:15,14,76-77°F,0.0,0.001,0.001,2488,
2026-09-25T21:15:03Z,san-francisco,2026-09-25,2026-09-25 14:15,14,78-79°F,0.0,0.001,0.001,2121,
2026-09-25T21:15:03Z,san-francisco,2026-09-25,2026-09-25 14:15,14,80°F or higher,0.0,0.001,0.001,643,
2026-09-25T21:15:03Z,sao-paulo,2026-09-25,2026-09-25 18:15,18,22°C or below,0.0,0.001,0.001,1226,
2026-09-25T21:15:03Z,sao-paulo,2026-09-25,2026-09-25 18:15,18,23°C,0.0,0.001,0.001,1073,
2026-09-25T21:15:03Z,sao-paulo,2026-09-25,2026-09-25 18:15,18,24°C,0.0,0.001,0.001,1607,
2026-09-25T21:15:03Z,sao-paulo,2026-09-25,2026-09-25 18:15,18,25°C,0.0,0.001,0.001,1190,
2026-09-25T21:15:03Z,sao-paulo,2026-09-25,2026-09-25 18:15,18,26°C,0.0,0.001,0.001,3992,
2026-09-25T21:15:03Z,sao-paulo,2026-09-25,2026-09-25 18:15,18,27°C,0.0,0.001,0.001,3990,
2026-09-25T21:15:03Z,sao-paulo,2026-09-25,2026-09-25 18:15,18,28°C,1.0,1.0,0.0,4422,0.999
2026-09-25T21:15:03Z,sao-paulo,2026-09-25,2026-09-25 18:15,18,29°C,0.0,0.001,0.001,4409,
2026-09-25T21:15:03Z,sao-paulo,2026-09-25,2026-09-25 18:15,18,30°C,0.0,0.001,0.001,2794,
2026-09-25T21:15:03Z,sao-paulo,2026-09-25,2026-09-25 18:15,18,31°C,0.0,0.001,0.001,1541,
2026-09-25T21:15:03Z,sao-paulo,2026-09-25,2026-09-25 18:15,18,32°C or higher,0.0,0.001,0.001,1669,
2026-09-25T21:15:03Z,seattle,2026-09-25,2026-09-25 14:15,14,49°F or below,0.0,0.001,0.001,95,
2026-09-25T21:15:03Z,seattle,2026-09-25,2026-09-25 14:15,14,50-51°F,0.0,0.001,0.001,3580,
2026-09-25T21:15:03Z,seattle,2026-09-25,2026-09-25 14:15,14,52-53°F,0.0,0.001,0.001,16299,
2026-09-25T21:15:03Z,seattle,2026-09-25,2026-09-25 14:15,14,54-55°F,0.0,0.001,0.001,16539,
2026-09-25T21:15:03Z,seattle,2026-09-25,2026-09-25 14:15,14,56-57°F,0.0,0.001,0.001,4945,
2026-09-25T21:15:03Z,seattle,2026-09-25,2026-09-25 14:15,14,58-59°F,0.0,0.001,0.001,14705,
2026-09-25T21:15:03Z,seattle,2026-09-25,2026-09-25 14:15,14,60-61°F,0.7,0.97,0.27,4628,0.93
2026-09-25T21:15:03Z,seattle,2026-09-25,2026-09-25 14:15,14,62-63°F,0.2,0.08,-0.12,3745,0.03
2026-09-25T21:15:03Z,seattle,2026-09-25,2026-09-25 14:15,14,64-65°F,0.1,0.009,-0.091,1900,0.001
2026-09-25T21:15:03Z,seattle,2026-09-25,2026-09-25 14:15,14,66-67°F,0.0,0.001,0.001,993,
2026-09-25T21:15:03Z,seattle,2026-09-25,2026-09-25 14:15,14,68°F or higher,0.0,0.001,0.001,1400,
2026-09-25T21:15:03Z,toronto,2026-09-25,2026-09-25 17:15,17,16°C or below,0.0,0.001,0.001,45,
2026-09-25T21:15:03Z,toronto,2026-09-25,2026-09-25 17:15,17,17°C,0.0,0.001,0.001,262,
2026-09-25T21:15:03Z,toronto,2026-09-25,2026-09-25 17:15,17,18°C,0.0,0.001,0.001,2614,
2026-09-25T21:15:03Z,toronto,2026-09-25,2026-09-25 17:15,17,19°C,0.0,0.001,0.001,2468,
2026-09-25T21:15:03Z,toronto,2026-09-25,2026-09-25 17:15,17,20°C,0.0,0.001,0.001,7208,
2026-09-25T21:15:03Z,toronto,2026-09-25,2026-09-25 17:15,17,21°C,0.967,0.997,0.03,4250,0.984
2026-09-25T21:15:03Z,toronto,2026-09-25,2026-09-25 17:15,17,22°C,0.033,0.01,-0.023,3177,
2026-09-25T21:15:03Z,toronto,2026-09-25,2026-09-25 17:15,17,23°C,0.0,0.002,0.002,2134,
2026-09-25T21:15:03Z,toronto,2026-09-25,2026-09-25 17:15,17,24°C,0.0,0.001,0.001,367,
2026-09-25T21:15:03Z,toronto,2026-09-25,2026-09-25 17:15,17,25°C,0.0,0.001,0.001,953,
2026-09-25T21:15:03Z,toronto,2026-09-25,2026-09-25 17:15,17,26°C or higher,0.0,0.001,0.001,145,
2026-09-25T21:20:01Z,austin,2026-09-25,2026-09-25 16:20,16,87°F or below,0.0,0.001,0.001,100,
2026-09-25T21:20:01Z,austin,2026-09-25,2026-09-25 16:20,16,88-89°F,0.0,0.001,0.001,180,
2026-09-25T21:20:01Z,austin,2026-09-25,2026-09-25 16:20,16,90-91°F,0.0,0.001,0.001,186,
2026-09-25T21:20:01Z,austin,2026-09-25,2026-09-25 16:20,16,92-93°F,0.0,0.001,0.001,1026,
2026-09-25T21:20:01Z,austin,2026-09-25,2026-09-25 16:20,16,94-95°F,0.967,0.001,-0.966,3911,
2026-09-25T21:20:01Z,austin,2026-09-25,2026-09-25 16:20,16,96-97°F,0.033,0.76,0.727,2507,0.71
2026-09-25T21:20:01Z,austin,2026-09-25,2026-09-25 16:20,16,98-99°F,0.0,0.31,0.31,1719,0.21
2026-09-25T21:20:01Z,austin,2026-09-25,2026-09-25 16:20,16,100-101°F,0.0,0.67,0.67,686,
2026-09-25T21:20:01Z,austin,2026-09-25,2026-09-25 16:20,16,102-103°F,0.0,0.007,0.007,245,
2026-09-25T21:20:01Z,austin,2026-09-25,2026-09-25 16:20,16,104-105°F,0.0,0.001,0.001,405,
2026-09-25T21:20:01Z,austin,2026-09-25,2026-09-25 16:20,16,106°F or higher,0.0,0.001,0.001,169,
2026-09-25T21:20:01Z,chicago,2026-09-25,2026-09-25 16:20,16,57°F or below,0.0,0.001,0.001,188,
2026-09-25T21:20:01Z,chicago,2026-09-25,2026-09-25 16:20,16,58-59°F,0.0,0.001,0.001,95,
2026-09-25T21:20:01Z,chicago,2026-09-25,2026-09-25 16:20,16,60-61°F,0.0,0.001,0.001,363,
2026-09-25T21:20:01Z,chicago,2026-09-25,2026-09-25 16:20,16,62-63°F,0.0,0.001,0.001,1796,
2026-09-25T21:20:01Z,chicago,2026-09-25,2026-09-25 16:20,16,64-65°F,1.0,0.98,-0.02,4154,0.95
2026-09-25T21:20:01Z,chicago,2026-09-25,2026-09-25 16:20,16,66-67°F,0.0,0.04,0.04,7105,0.03
2026-09-25T21:20:01Z,chicago,2026-09-25,2026-09-25 16:20,16,68-69°F,0.0,0.008,0.008,4926,0.002
2026-09-25T21:20:01Z,chicago,2026-09-25,2026-09-25 16:20,16,70-71°F,0.0,0.006,0.006,3587,
2026-09-25T21:20:01Z,chicago,2026-09-25,2026-09-25 16:20,16,72-73°F,0.0,0.001,0.001,3146,
2026-09-25T21:20:01Z,chicago,2026-09-25,2026-09-25 16:20,16,74-75°F,0.0,0.001,0.001,663,
2026-09-25T21:20:01Z,chicago,2026-09-25,2026-09-25 16:20,16,76°F or higher,0.0,0.001,0.001,100,
2026-09-25T21:20:01Z,dallas,2026-09-25,2026-09-25 16:20,16,85°F or below,0.0,0.001,0.001,866,
2026-09-25T21:20:01Z,dallas,2026-09-25,2026-09-25 16:20,16,86-87°F,0.0,0.001,0.001,1265,
2026-09-25T21:20:01Z,dallas,2026-09-25,2026-09-25 16:20,16,88-89°F,0.967,0.001,-0.966,8722,
2026-09-25T21:20:01Z,dallas,2026-09-25,2026-09-25 16:20,16,90-91°F,0.033,0.001,-0.032,5830,
2026-09-25T21:20:01Z,dallas,2026-09-25,2026-09-25 16:20,16,92-93°F,0.0,0.98,0.98,4719,0.94
2026-09-25T21:20:01Z,dallas,2026-09-25,2026-09-25 16:20,16,94-95°F,0.0,0.046,0.046,5154,0.026
2026-09-25T21:20:01Z,dallas,2026-09-25,2026-09-25 16:20,16,96-97°F,0.0,0.002,0.002,2772,
2026-09-25T21:20:01Z,dallas,2026-09-25,2026-09-25 16:20,16,98-99°F,0.0,0.001,0.001,4148,
2026-09-25T21:20:01Z,dallas,2026-09-25,2026-09-25 16:20,16,100-101°F,0.0,0.001,0.001,1172,
2026-09-25T21:20:01Z,dallas,2026-09-25,2026-09-25 16:20,16,102-103°F,0.0,0.001,0.001,95,
2026-09-25T21:20:01Z,dallas,2026-09-25,2026-09-25 16:20,16,104°F or higher,0.0,0.001,0.001,165,
2026-09-25T21:20:01Z,denver,2026-09-25,2026-09-25 15:20,15,67°F or below,0.0,0.001,0.001,1349,
2026-09-25T21:20:01Z,denver,2026-09-25,2026-09-25 15:20,15,68-69°F,0.0,0.001,0.001,966,
2026-09-25T21:20:01Z,denver,2026-09-25,2026-09-25 15:20,15,70-71°F,0.0,0.001,0.001,2280,
2026-09-25T21:20:01Z,denver,2026-09-25,2026-09-25 15:20,15,72-73°F,0.0,0.001,0.001,4881,
2026-09-25T21:20:01Z,denver,2026-09-25,2026-09-25 15:20,15,74-75°F,0.867,0.98,0.113,4608,0.61
2026-09-25T21:20:01Z,denver,2026-09-25,2026-09-25 15:20,15,76-77°F,0.133,0.81,0.677,3779,
2026-09-25T21:20:01Z,denver,2026-09-25,2026-09-25 15:20,15,78-79°F,0.0,0.09,0.09,2333,
2026-09-25T21:20:01Z,denver,2026-09-25,2026-09-25 15:20,15,80-81°F,0.0,0.014,0.014,2262,
2026-09-25T21:20:01Z,denver,2026-09-25,2026-09-25 15:20,15,82-83°F,0.0,0.002,0.002,890,0.001
2026-09-25T21:20:01Z,denver,2026-09-25,2026-09-25 15:20,15,84-85°F,0.0,0.001,0.001,200,
2026-09-25T21:20:01Z,denver,2026-09-25,2026-09-25 15:20,15,86°F or higher,0.0,0.001,0.001,100,
2026-09-25T21:20:01Z,houston,2026-09-25,2026-09-25 16:20,16,83°F or below,0.0,0.001,0.001,100,
2026-09-25T21:20:01Z,houston,2026-09-25,2026-09-25 16:20,16,84-85°F,0.0,0.001,0.001,180,
2026-09-25T21:20:01Z,houston,2026-09-25,2026-09-25 16:20,16,86-87°F,0.0,0.001,0.001,2361,
2026-09-25T21:20:01Z,houston,2026-09-25,2026-09-25 16:20,16,88-89°F,0.0,0.001,0.001,6666,
2026-09-25T21:20:01Z,houston,2026-09-25,2026-09-25 16:20,16,90-91°F,1.0,0.99,-0.01,3609,0.96
2026-09-25T21:20:01Z,houston,2026-09-25,2026-09-25 16:20,16,92-93°F,0.0,0.03,0.03,5709,0.01
2026-09-25T21:20:01Z,houston,2026-09-25,2026-09-25 16:20,16,94-95°F,0.0,0.01,0.01,2577,0.002
2026-09-25T21:20:01Z,houston,2026-09-25,2026-09-25 16:20,16,96-97°F,0.0,0.008,0.008,816,
2026-09-25T21:20:01Z,houston,2026-09-25,2026-09-25 16:20,16,98-99°F,0.0,0.001,0.001,30,
2026-09-25T21:20:01Z,houston,2026-09-25,2026-09-25 16:20,16,100-101°F,0.0,0.001,0.001,215,
2026-09-25T21:20:01Z,houston,2026-09-25,2026-09-25 16:20,16,102°F or higher,0.0,0.001,0.001,100,
2026-09-25T21:20:01Z,mexico-city,2026-09-25,2026-09-25 15:20,15,16°C or below,0.0,0.001,0.001,1015,
2026-09-25T21:20:01Z,mexico-city,2026-09-25,2026-09-25 15:20,15,17°C,0.0,0.001,0.001,15,
2026-09-25T21:20:01Z,mexico-city,2026-09-25,2026-09-25 15:20,15,18°C,0.0,0.001,0.001,15,
2026-09-25T21:20:01Z,mexico-city,2026-09-25,2026-09-25 15:20,15,19°C,0.0,0.001,0.001,15,
2026-09-25T21:20:01Z,mexico-city,2026-09-25,2026-09-25 15:20,15,20°C,0.0,0.001,0.001,15,
2026-09-25T21:20:01Z,mexico-city,2026-09-25,2026-09-25 15:20,15,21°C,0.0,0.001,0.001,145,
2026-09-25T21:20:01Z,mexico-city,2026-09-25,2026-09-25 15:20,15,22°C,0.0,0.001,0.001,232,
2026-09-25T21:20:01Z,mexico-city,2026-09-25,2026-09-25 15:20,15,23°C,0.0,0.001,0.001,523,
2026-09-25T21:20:01Z,mexico-city,2026-09-25,2026-09-25 15:20,15,24°C,0.0,0.001,0.001,3913,
2026-09-25T21:20:01Z,mexico-city,2026-09-25,2026-09-25 15:20,15,25°C,0.967,0.99,0.023,3665,0.95
2026-09-25T21:20:01Z,mexico-city,2026-09-25,2026-09-25 15:20,15,26°C or higher,0.033,0.04,0.007,4104,0.02
2026-09-25T21:20:01Z,panama-city,2026-09-25,2026-09-25 16:20,16,23°C or below,0.0,0.001,0.001,95,
2026-09-25T21:20:01Z,panama-city,2026-09-25,2026-09-25 16:20,16,24°C,0.0,0.001,0.001,25,
2026-09-25T21:20:01Z,panama-city,2026-09-25,2026-09-25 16:20,16,25°C,0.0,0.001,0.001,15,
2026-09-25T21:20:01Z,panama-city,2026-09-25,2026-09-25 16:20,16,26°C,0.0,0.001,0.001,42,
2026-09-25T21:20:01Z,panama-city,2026-09-25,2026-09-25 16:20,16,27°C,0.0,0.001,0.001,35,
2026-09-25T21:20:01Z,panama-city,2026-09-25,2026-09-25 16:20,16,28°C,0.0,0.001,0.001,165,
2026-09-25T21:20:01Z,panama-city,2026-09-25,2026-09-25 16:20,16,29°C,0.966,0.001,-0.965,2103,
2026-09-25T21:20:01Z,panama-city,2026-09-25,2026-09-25 16:20,16,30°C,0.034,0.99,0.956,2601,0.97
2026-09-25T21:20:01Z,panama-city,2026-09-25,2026-09-25 16:20,16,31°C,0.0,0.009,0.009,2260,0.001
2026-09-25T21:20:01Z,panama-city,2026-09-25,2026-09-25 16:20,16,32°C,0.0,0.02,0.02,3576,
2026-09-25T21:20:01Z,panama-city,2026-09-25,2026-09-25 16:20,16,33°C or higher,0.0,0.001,0.001,1501,
2026-09-25T21:25:01Z,austin,2026-09-25,2026-09-25 16:25,16,87°F or below,0.0,0.001,0.001,100,
2026-09-25T21:25:01Z,austin,2026-09-25,2026-09-25 16:25,16,88-89°F,0.0,0.001,0.001,180,
2026-09-25T21:25:01Z,austin,2026-09-25,2026-09-25 16:25,16,90-91°F,0.0,0.001,0.001,186,
2026-09-25T21:25:01Z,austin,2026-09-25,2026-09-25 16:25,16,92-93°F,0.0,0.001,0.001,1026,
2026-09-25T21:25:01Z,austin,2026-09-25,2026-09-25 16:25,16,94-95°F,0.967,0.001,-0.966,4022,
2026-09-25T21:25:01Z,austin,2026-09-25,2026-09-25 16:25,16,96-97°F,0.033,0.71,0.677,2674,0.69
2026-09-25T21:25:01Z,austin,2026-09-25,2026-09-25 16:25,16,98-99°F,0.0,0.32,0.32,1790,0.28
2026-09-25T21:25:01Z,austin,2026-09-25,2026-09-25 16:25,16,100-101°F,0.0,0.66,0.66,686,
2026-09-25T21:25:01Z,austin,2026-09-25,2026-09-25 16:25,16,102-103°F,0.0,0.007,0.007,245,
2026-09-25T21:25:01Z,austin,2026-09-25,2026-09-25 16:25,16,104-105°F,0.0,0.001,0.001,405,
2026-09-25T21:25:01Z,austin,2026-09-25,2026-09-25 16:25,16,106°F or higher,0.0,0.001,0.001,169,
2026-09-25T21:25:01Z,chicago,2026-09-25,2026-09-25 16:25,16,57°F or below,0.0,0.001,0.001,188,
2026-09-25T21:25:01Z,chicago,2026-09-25,2026-09-25 16:25,16,58-59°F,0.0,0.001,0.001,95,
2026-09-25T21:25:01Z,chicago,2026-09-25,2026-09-25 16:25,16,60-61°F,0.0,0.001,0.001,363,
2026-09-25T21:25:01Z,chicago,2026-09-25,2026-09-25 16:25,16,62-63°F,0.0,0.001,0.001,1796,
2026-09-25T21:25:01Z,chicago,2026-09-25,2026-09-25 16:25,16,64-65°F,1.0,0.98,-0.02,4263,0.95
2026-09-25T21:25:01Z,chicago,2026-09-25,2026-09-25 16:25,16,66-67°F,0.0,0.04,0.04,7112,0.03
2026-09-25T21:25:01Z,chicago,2026-09-25,2026-09-25 16:25,16,68-69°F,0.0,0.008,0.008,4926,0.002
2026-09-25T21:25:01Z,chicago,2026-09-25,2026-09-25 16:25,16,70-71°F,0.0,0.006,0.006,3587,
2026-09-25T21:25:01Z,chicago,2026-09-25,2026-09-25 16:25,16,72-73°F,0.0,0.001,0.001,3146,
2026-09-25T21:25:01Z,chicago,2026-09-25,2026-09-25 16:25,16,74-75°F,0.0,0.001,0.001,663,
2026-09-25T21:25:01Z,chicago,2026-09-25,2026-09-25 16:25,16,76°F or higher,0.0,0.001,0.001,100,
2026-09-25T21:25:01Z,dallas,2026-09-25,2026-09-25 16:25,16,85°F or below,0.0,0.001,0.001,866,
2026-09-25T21:25:01Z,dallas,2026-09-25,2026-09-25 16:25,16,86-87°F,0.0,0.001,0.001,1265,
2026-09-25T21:25:01Z,dallas,2026-09-25,2026-09-25 16:25,16,88-89°F,0.967,0.001,-0.966,8722,
2026-09-25T21:25:01Z,dallas,2026-09-25,2026-09-25 16:25,16,90-91°F,0.033,0.001,-0.032,5830,
2026-09-25T21:25:01Z,dallas,2026-09-25,2026-09-25 16:25,16,92-93°F,0.0,0.98,0.98,4719,0.94
2026-09-25T21:25:01Z,dallas,2026-09-25,2026-09-25 16:25,16,94-95°F,0.0,0.046,0.046,5154,0.026
2026-09-25T21:25:01Z,dallas,2026-09-25,2026-09-25 16:25,16,96-97°F,0.0,0.002,0.002,2772,
2026-09-25T21:25:01Z,dallas,2026-09-25,2026-09-25 16:25,16,98-99°F,0.0,0.001,0.001,4148,
2026-09-25T21:25:01Z,dallas,2026-09-25,2026-09-25 16:25,16,100-101°F,0.0,0.001,0.001,1172,
2026-09-25T21:25:01Z,dallas,2026-09-25,2026-09-25 16:25,16,102-103°F,0.0,0.001,0.001,95,
2026-09-25T21:25:01Z,dallas,2026-09-25,2026-09-25 16:25,16,104°F or higher,0.0,0.001,0.001,165,
2026-09-25T21:25:01Z,denver,2026-09-25,2026-09-25 15:25,15,67°F or below,0.0,0.001,0.001,1349,
2026-09-25T21:25:01Z,denver,2026-09-25,2026-09-25 15:25,15,68-69°F,0.0,0.001,0.001,966,
2026-09-25T21:25:01Z,denver,2026-09-25,2026-09-25 15:25,15,70-71°F,0.0,0.001,0.001,2280,
2026-09-25T21:25:01Z,denver,2026-09-25,2026-09-25 15:25,15,72-73°F,0.0,0.001,0.001,4881,
2026-09-25T21:25:01Z,denver,2026-09-25,2026-09-25 15:25,15,74-75°F,0.867,0.91,0.043,5054,0.44
2026-09-25T21:25:01Z,denver,2026-09-25,2026-09-25 15:25,15,76-77°F,0.133,0.82,0.687,3779,
2026-09-25T21:25:01Z,denver,2026-09-25,2026-09-25 15:25,15,78-79°F,0.0,0.06,0.06,2333,
2026-09-25T21:25:01Z,denver,2026-09-25,2026-09-25 15:25,15,80-81°F,0.0,0.01,0.01,2302,
2026-09-25T21:25:01Z,denver,2026-09-25,2026-09-25 15:25,15,82-83°F,0.0,0.002,0.002,890,0.001
2026-09-25T21:25:01Z,denver,2026-09-25,2026-09-25 15:25,15,84-85°F,0.0,0.001,0.001,200,
2026-09-25T21:25:01Z,denver,2026-09-25,2026-09-25 15:25,15,86°F or higher,0.0,0.001,0.001,100,
2026-09-25T21:25:01Z,houston,2026-09-25,2026-09-25 16:25,16,83°F or below,0.0,0.001,0.001,100,
2026-09-25T21:25:01Z,houston,2026-09-25,2026-09-25 16:25,16,84-85°F,0.0,0.001,0.001,180,
2026-09-25T21:25:01Z,houston,2026-09-25,2026-09-25 16:25,16,86-87°F,0.0,0.001,0.001,2361,
2026-09-25T21:25:01Z,houston,2026-09-25,2026-09-25 16:25,16,88-89°F,0.0,0.001,0.001,6666,
2026-09-25T21:25:01Z,houston,2026-09-25,2026-09-25 16:25,16,90-91°F,1.0,0.98,-0.02,3609,0.96
2026-09-25T21:25:01Z,houston,2026-09-25,2026-09-25 16:25,16,92-93°F,0.0,0.04,0.04,5709,0.02
2026-09-25T21:25:01Z,houston,2026-09-25,2026-09-25 16:25,16,94-95°F,0.0,0.01,0.01,2577,0.002
2026-09-25T21:25:01Z,houston,2026-09-25,2026-09-25 16:25,16,96-97°F,0.0,0.008,0.008,816,
2026-09-25T21:25:01Z,houston,2026-09-25,2026-09-25 16:25,16,98-99°F,0.0,0.001,0.001,30,
2026-09-25T21:25:01Z,houston,2026-09-25,2026-09-25 16:25,16,100-101°F,0.0,0.001,0.001,215,
2026-09-25T21:25:01Z,houston,2026-09-25,2026-09-25 16:25,16,102°F or higher,0.0,0.001,0.001,100,
2026-09-25T21:25:01Z,mexico-city,2026-09-25,2026-09-25 15:25,15,16°C or below,0.0,0.001,0.001,1015,
2026-09-25T21:25:01Z,mexico-city,2026-09-25,2026-09-25 15:25,15,17°C,0.0,0.001,0.001,15,
2026-09-25T21:25:01Z,mexico-city,2026-09-25,2026-09-25 15:25,15,18°C,0.0,0.001,0.001,15,
2026-09-25T21:25:01Z,mexico-city,2026-09-25,2026-09-25 15:25,15,19°C,0.0,0.001,0.001,15,
2026-09-25T21:25:01Z,mexico-city,2026-09-25,2026-09-25 15:25,15,20°C,0.0,0.001,0.001,15,
2026-09-25T21:25:01Z,mexico-city,2026-09-25,2026-09-25 15:25,15,21°C,0.0,0.001,0.001,145,
2026-09-25T21:25:01Z,mexico-city,2026-09-25,2026-09-25 15:25,15,22°C,0.0,0.001,0.001,232,
2026-09-25T21:25:01Z,mexico-city,2026-09-25,2026-09-25 15:25,15,23°C,0.0,0.001,0.001,523,
2026-09-25T21:25:01Z,mexico-city,2026-09-25,2026-09-25 15:25,15,24°C,0.0,0.001,0.001,3913,
2026-09-25T21:25:01Z,mexico-city,2026-09-25,2026-09-25 15:25,15,25°C,0.967,0.99,0.023,3765,0.95
2026-09-25T21:25:01Z,mexico-city,2026-09-25,2026-09-25 15:25,15,26°C or higher,0.033,0.04,0.007,4199,0.01
2026-09-25T21:25:01Z,panama-city,2026-09-25,2026-09-25 16:25,16,23°C or below,0.0,0.001,0.001,95,
2026-09-25T21:25:01Z,panama-city,2026-09-25,2026-09-25 16:25,16,24°C,0.0,0.001,0.001,25,
2026-09-25T21:25:01Z,panama-city,2026-09-25,2026-09-25 16:25,16,25°C,0.0,0.001,0.001,15,
2026-09-25T21:25:01Z,panama-city,2026-09-25,2026-09-25 16:25,16,26°C,0.0,0.001,0.001,42,
2026-09-25T21:25:01Z,panama-city,2026-09-25,2026-09-25 16:25,16,27°C,0.0,0.001,0.001,35,
2026-09-25T21:25:01Z,panama-city,2026-09-25,2026-09-25 16:25,16,28°C,0.0,0.001,0.001,165,
2026-09-25T21:25:01Z,panama-city,2026-09-25,2026-09-25 16:25,16,29°C,0.966,0.001,-0.965,3028,
2026-09-25T21:25:01Z,panama-city,2026-09-25,2026-09-25 16:25,16,30°C,0.034,1.0,0.966,2739,0.98
2026-09-25T21:25:01Z,panama-city,2026-09-25,2026-09-25 16:25,16,31°C,0.0,0.009,0.009,2275,0.001
2026-09-25T21:25:01Z,panama-city,2026-09-25,2026-09-25 16:25,16,32°C,0.0,0.02,0.02,3576,
2026-09-25T21:25:01Z,panama-city,2026-09-25,2026-09-25 16:25,16,33°C or higher,0.0,0.001,0.001,1501,
2026-09-25T21:30:03Z,atlanta,2026-09-25,2026-09-25 17:30,17,69°F or below,0.0,0.001,0.001,614,
2026-09-25T21:30:03Z,atlanta,2026-09-25,2026-09-25 17:30,17,70-71°F,0.0,0.001,0.001,1271,
2026-09-25T21:30:03Z,atlanta,2026-09-25,2026-09-25 17:30,17,72-73°F,0.0,0.001,0.001,4402,
2026-09-25T21:30:03Z,atlanta,2026-09-25,2026-09-25 17:30,17,74-75°F,1.0,0.001,-0.999,6532,
2026-09-25T21:30:03Z,atlanta,2026-09-25,2026-09-25 17:30,17,76-77°F,0.0,0.987,0.987,5559,0.921
2026-09-25T21:30:03Z,atlanta,2026-09-25,2026-09-25 17:30,17,78-79°F,0.0,0.12,0.12,6259,
2026-09-25T21:30:03Z,atlanta,2026-09-25,2026-09-25 17:30,17,80-81°F,0.0,0.008,0.008,2153,
2026-09-25T21:30:03Z,atlanta,2026-09-25,2026-09-25 17:30,17,82-83°F,0.0,0.001,0.001,2466,
2026-09-25T21:30:03Z,atlanta,2026-09-25,2026-09-25 17:30,17,84-85°F,0.0,0.001,0.001,422,
2026-09-25T21:30:03Z,atlanta,2026-09-25,2026-09-25 17:30,17,86-87°F,0.0,0.001,0.001,105,
2026-09-25T21:30:03Z,atlanta,2026-09-25,2026-09-25 17:30,17,88°F or higher,0.0,0.001,0.001,105,
2026-09-25T21:30:03Z,austin,2026-09-25,2026-09-25 16:30,16,87°F or below,0.0,0.001,0.001,100,
2026-09-25T21:30:03Z,austin,2026-09-25,2026-09-25 16:30,16,88-89°F,0.0,0.001,0.001,180,
2026-09-25T21:30:03Z,austin,2026-09-25,2026-09-25 16:30,16,90-91°F,0.0,0.001,0.001,186,
2026-09-25T21:30:03Z,austin,2026-09-25,2026-09-25 16:30,16,92-93°F,0.0,0.001,0.001,1026,
2026-09-25T21:30:03Z,austin,2026-09-25,2026-09-25 16:30,16,94-95°F,0.967,0.001,-0.966,4022,
2026-09-25T21:30:03Z,austin,2026-09-25,2026-09-25 16:30,16,96-97°F,0.033,0.78,0.747,2674,0.76
2026-09-25T21:30:03Z,austin,2026-09-25,2026-09-25 16:30,16,98-99°F,0.0,0.26,0.26,1790,0.21
2026-09-25T21:30:03Z,austin,2026-09-25,2026-09-25 16:30,16,100-101°F,0.0,0.69,0.69,686,
2026-09-25T21:30:03Z,austin,2026-09-25,2026-09-25 16:30,16,102-103°F,0.0,0.007,0.007,245,
2026-09-25T21:30:03Z,austin,2026-09-25,2026-09-25 16:30,16,104-105°F,0.0,0.001,0.001,405,
2026-09-25T21:30:03Z,austin,2026-09-25,2026-09-25 16:30,16,106°F or higher,0.0,0.001,0.001,169,
2026-09-25T21:30:03Z,buenos-aires,2026-09-25,2026-09-25 18:30,18,20°C or below,0.0,0.001,0.001,265,
2026-09-25T21:30:03Z,buenos-aires,2026-09-25,2026-09-25 18:30,18,21°C,0.0,0.001,0.001,105,
2026-09-25T21:30:03Z,buenos-aires,2026-09-25,2026-09-25 18:30,18,22°C,0.0,0.001,0.001,105,
2026-09-25T21:30:03Z,buenos-aires,2026-09-25,2026-09-25 18:30,18,23°C,0.0,0.001,0.001,2047,
2026-09-25T21:30:03Z,buenos-aires,2026-09-25,2026-09-25 18:30,18,24°C,0.0,0.001,0.001,2245,
2026-09-25T21:30:03Z,buenos-aires,2026-09-25,2026-09-25 18:30,18,25°C,0.0,0.001,0.001,1422,
2026-09-25T21:30:03Z,buenos-aires,2026-09-25,2026-09-25 18:30,18,26°C,0.0,0.001,0.001,2960,
2026-09-25T21:30:03Z,buenos-aires,2026-09-25,2026-09-25 18:30,18,27°C,1.0,1.0,0.0,6534,0.999
2026-09-25T21:30:03Z,buenos-aires,2026-09-25,2026-09-25 18:30,18,28°C,0.0,0.001,0.001,3333,
2026-09-25T21:30:03Z,buenos-aires,2026-09-25,2026-09-25 18:30,18,29°C,0.0,0.001,0.001,4420,
2026-09-25T21:30:03Z,buenos-aires,2026-09-25,2026-09-25 18:30,18,30°C or higher,0.0,0.001,0.001,2951,
2026-09-25T21:30:03Z,chicago,2026-09-25,2026-09-25 16:30,16,57°F or below,0.0,0.001,0.001,188,
2026-09-25T21:30:03Z,chicago,2026-09-25,2026-09-25 16:30,16,58-59°F,0.0,0.001,0.001,95,
2026-09-25T21:30:03Z,chicago,2026-09-25,2026-09-25 16:30,16,60-61°F,0.0,0.001,0.001,363,
2026-09-25T21:30:03Z,chicago,2026-09-25,2026-09-25 16:30,16,62-63°F,0.0,0.001,0.001,1796,
2026-09-25T21:30:03Z,chicago,2026-09-25,2026-09-25 16:30,16,64-65°F,1.0,0.98,-0.02,4263,0.96
2026-09-25T21:30:03Z,chicago,2026-09-25,2026-09-25 16:30,16,66-67°F,0.0,0.04,0.04,7112,0.03
2026-09-25T21:30:03Z,chicago,2026-09-25,2026-09-25 16:30,16,68-69°F,0.0,0.008,0.008,4952,0.002
2026-09-25T21:30:03Z,chicago,2026-09-25,2026-09-25 16:30,16,70-71°F,0.0,0.005,0.005,3587,
2026-09-25T21:30:03Z,chicago,2026-09-25,2026-09-25 16:30,16,72-73°F,0.0,0.001,0.001,3146,
2026-09-25T21:30:03Z,chicago,2026-09-25,2026-09-25 16:30,16,74-75°F,0.0,0.001,0.001,663,
2026-09-25T21:30:03Z,chicago,2026-09-25,2026-09-25 16:30,16,76°F or higher,0.0,0.001,0.001,100,
2026-09-25T21:30:03Z,dallas,2026-09-25,2026-09-25 16:30,16,85°F or below,0.0,0.001,0.001,866,
2026-09-25T21:30:03Z,dallas,2026-09-25,2026-09-25 16:30,16,86-87°F,0.0,0.001,0.001,1265,
2026-09-25T21:30:03Z,dallas,2026-09-25,2026-09-25 16:30,16,88-89°F,0.967,0.001,-0.966,9226,
2026-09-25T21:30:03Z,dallas,2026-09-25,2026-09-25 16:30,16,90-91°F,0.033,0.001,-0.032,5891,
2026-09-25T21:30:03Z,dallas,2026-09-25,2026-09-25 16:30,16,92-93°F,0.0,0.97,0.97,4723,0.92
2026-09-25T21:30:03Z,dallas,2026-09-25,2026-09-25 16:30,16,94-95°F,0.0,0.07,0.07,5154,0.032
2026-09-25T21:30:03Z,dallas,2026-09-25,2026-09-25 16:30,16,96-97°F,0.0,0.002,0.002,2772,
2026-09-25T21:30:03Z,dallas,2026-09-25,2026-09-25 16:30,16,98-99°F,0.0,0.001,0.001,4148,
2026-09-25T21:30:03Z,dallas,2026-09-25,2026-09-25 16:30,16,100-101°F,0.0,0.001,0.001,1172,
2026-09-25T21:30:03Z,dallas,2026-09-25,2026-09-25 16:30,16,102-103°F,0.0,0.001,0.001,95,
2026-09-25T21:30:03Z,dallas,2026-09-25,2026-09-25 16:30,16,104°F or higher,0.0,0.001,0.001,165,
2026-09-25T21:30:03Z,denver,2026-09-25,2026-09-25 15:30,15,67°F or below,0.0,0.001,0.001,1349,
2026-09-25T21:30:03Z,denver,2026-09-25,2026-09-25 15:30,15,68-69°F,0.0,0.001,0.001,966,
2026-09-25T21:30:03Z,denver,2026-09-25,2026-09-25 15:30,15,70-71°F,0.0,0.001,0.001,2280,
2026-09-25T21:30:03Z,denver,2026-09-25,2026-09-25 15:30,15,72-73°F,0.0,0.001,0.001,4921,
2026-09-25T21:30:03Z,denver,2026-09-25,2026-09-25 15:30,15,74-75°F,0.867,0.91,0.043,5054,0.44
2026-09-25T21:30:03Z,denver,2026-09-25,2026-09-25 15:30,15,76-77°F,0.133,0.81,0.677,3929,
2026-09-25T21:30:03Z,denver,2026-09-25,2026-09-25 15:30,15,78-79°F,0.0,0.06,0.06,2378,
2026-09-25T21:30:03Z,denver,2026-09-25,2026-09-25 15:30,15,80-81°F,0.0,0.009,0.009,2302,
2026-09-25T21:30:03Z,denver,2026-09-25,2026-09-25 15:30,15,82-83°F,0.0,0.002,0.002,890,0.001
2026-09-25T21:30:03Z,denver,2026-09-25,2026-09-25 15:30,15,84-85°F,0.0,0.001,0.001,200,
2026-09-25T21:30:03Z,denver,2026-09-25,2026-09-25 15:30,15,86°F or higher,0.0,0.001,0.001,100,
2026-09-25T21:30:03Z,houston,2026-09-25,2026-09-25 16:30,16,83°F or below,0.0,0.001,0.001,100,
2026-09-25T21:30:03Z,houston,2026-09-25,2026-09-25 16:30,16,84-85°F,0.0,0.001,0.001,180,
2026-09-25T21:30:03Z,houston,2026-09-25,2026-09-25 16:30,16,86-87°F,0.0,0.001,0.001,2361,
2026-09-25T21:30:03Z,houston,2026-09-25,2026-09-25 16:30,16,88-89°F,0.0,0.001,0.001,6666,
2026-09-25T21:30:03Z,houston,2026-09-25,2026-09-25 16:30,16,90-91°F,1.0,0.97,-0.03,4234,0.91
2026-09-25T21:30:03Z,houston,2026-09-25,2026-09-25 16:30,16,92-93°F,0.0,0.12,0.12,5755,0.03
2026-09-25T21:30:03Z,houston,2026-09-25,2026-09-25 16:30,16,94-95°F,0.0,0.01,0.01,2715,0.002
2026-09-25T21:30:03Z,houston,2026-09-25,2026-09-25 16:30,16,96-97°F,0.0,0.008,0.008,816,
2026-09-25T21:30:03Z,houston,2026-09-25,2026-09-25 16:30,16,98-99°F,0.0,0.001,0.001,30,
2026-09-25T21:30:03Z,houston,2026-09-25,2026-09-25 16:30,16,100-101°F,0.0,0.001,0.001,215,
2026-09-25T21:30:03Z,houston,2026-09-25,2026-09-25 16:30,16,102°F or higher,0.0,0.001,0.001,100,
2026-09-25T21:30:03Z,los-angeles,2026-09-25,2026-09-25 14:30,14,73°F or below,0.0,0.001,0.001,1433,
2026-09-25T21:30:03Z,los-angeles,2026-09-25,2026-09-25 14:30,14,74-75°F,0.0,0.001,0.001,10869,
2026-09-25T21:30:03Z,los-angeles,2026-09-25,2026-09-25 14:30,14,76-77°F,0.933,0.97,0.037,8900,0.95
2026-09-25T21:30:03Z,los-angeles,2026-09-25,2026-09-25 14:30,14,78-79°F,0.033,0.04,0.007,5940,0.02
2026-09-25T21:30:03Z,los-angeles,2026-09-25,2026-09-25 14:30,14,80-81°F,0.0,0.019,0.019,5021,0.002
2026-09-25T21:30:03Z,los-angeles,2026-09-25,2026-09-25 14:30,14,82-83°F,0.033,0.001,-0.032,2432,
2026-09-25T21:30:03Z,los-angeles,2026-09-25,2026-09-25 14:30,14,84-85°F,0.0,0.001,0.001,1656,
2026-09-25T21:30:03Z,los-angeles,2026-09-25,2026-09-25 14:30,14,86-87°F,0.0,0.001,0.001,348,
2026-09-25T21:30:03Z,los-angeles,2026-09-25,2026-09-25 14:30,14,88-89°F,0.0,0.001,0.001,105,
2026-09-25T21:30:03Z,los-angeles,2026-09-25,2026-09-25 14:30,14,90-91°F,0.0,0.001,0.001,100,
2026-09-25T21:30:03Z,los-angeles,2026-09-25,2026-09-25 14:30,14,92°F or higher,0.0,0.001,0.001,510,
2026-09-25T21:30:03Z,mexico-city,2026-09-25,2026-09-25 15:30,15,16°C or below,0.0,0.001,0.001,1015,
2026-09-25T21:30:03Z,mexico-city,2026-09-25,2026-09-25 15:30,15,17°C,0.0,0.001,0.001,15,
2026-09-25T21:30:03Z,mexico-city,2026-09-25,2026-09-25 15:30,15,18°C,0.0,0.001,0.001,15,
2026-09-25T21:30:03Z,mexico-city,2026-09-25,2026-09-25 15:30,15,19°C,0.0,0.001,0.001,15,
2026-09-25T21:30:03Z,mexico-city,2026-09-25,2026-09-25 15:30,15,20°C,0.0,0.001,0.001,15,
2026-09-25T21:30:03Z,mexico-city,2026-09-25,2026-09-25 15:30,15,21°C,0.0,0.001,0.001,145,
2026-09-25T21:30:03Z,mexico-city,2026-09-25,2026-09-25 15:30,15,22°C,0.0,0.001,0.001,232,
2026-09-25T21:30:03Z,mexico-city,2026-09-25,2026-09-25 15:30,15,23°C,0.0,0.001,0.001,523,
2026-09-25T21:30:03Z,mexico-city,2026-09-25,2026-09-25 15:30,15,24°C,0.0,0.001,0.001,3913,
2026-09-25T21:30:03Z,mexico-city,2026-09-25,2026-09-25 15:30,15,25°C,0.967,0.99,0.023,3765,0.95
2026-09-25T21:30:03Z,mexico-city,2026-09-25,2026-09-25 15:30,15,26°C or higher,0.033,0.04,0.007,4199,0.01
2026-09-25T21:30:03Z,miami,2026-09-25,2026-09-25 17:30,17,75°F or below,0.0,0.001,0.001,95,
2026-09-25T21:30:03Z,miami,2026-09-25,2026-09-25 17:30,17,76-77°F,0.0,0.001,0.001,95,
2026-09-25T21:30:03Z,miami,2026-09-25,2026-09-25 17:30,17,78-79°F,0.0,0.001,0.001,260,
2026-09-25T21:30:03Z,miami,2026-09-25,2026-09-25 17:30,17,80-81°F,0.0,0.001,0.001,3878,
2026-09-25T21:30:03Z,miami,2026-09-25,2026-09-25 17:30,17,82-83°F,0.0,0.001,0.001,4316,
2026-09-25T21:30:03Z,miami,2026-09-25,2026-09-25 17:30,17,84-85°F,0.0,0.001,0.001,5134,
2026-09-25T21:30:03Z,miami,2026-09-25,2026-09-25 17:30,17,86-87°F,0.0,0.001,0.001,14080,
2026-09-25T21:30:03Z,miami,2026-09-25,2026-09-25 17:30,17,88-89°F,0.0,0.001,0.001,8958,
2026-09-25T21:30:03Z,miami,2026-09-25,2026-09-25 17:30,17,90-91°F,1.0,0.999,-0.001,12121,0.996
2026-09-25T21:30:03Z,miami,2026-09-25,2026-09-25 17:30,17,92-93°F,0.0,0.004,0.004,9886,0.001
2026-09-25T21:30:03Z,miami,2026-09-25,2026-09-25 17:30,17,94°F or higher,0.0,0.002,0.002,8925,0.001
2026-09-25T21:30:03Z,nyc,2026-09-25,2026-09-25 17:30,17,57°F or below,0.0,0.001,0.001,100,
2026-09-25T21:30:03Z,nyc,2026-09-25,2026-09-25 17:30,17,58-59°F,0.0,0.001,0.001,2710,
2026-09-25T21:30:03Z,nyc,2026-09-25,2026-09-25 17:30,17,60-61°F,0.0,0.001,0.001,4127,
2026-09-25T21:30:03Z,nyc,2026-09-25,2026-09-25 17:30,17,62-63°F,0.0,0.001,0.001,7388,
2026-09-25T21:30:03Z,nyc,2026-09-25,2026-09-25 17:30,17,64-65°F,0.0,0.001,0.001,5037,
2026-09-25T21:30:03Z,nyc,2026-09-25,2026-09-25 17:30,17,66-67°F,0.0,0.001,0.001,6584,
2026-09-25T21:30:03Z,nyc,2026-09-25,2026-09-25 17:30,17,68-69°F,0.967,0.93,-0.037,14711,0.91
2026-09-25T21:30:03Z,nyc,2026-09-25,2026-09-25 17:30,17,70-71°F,0.033,0.07,0.037,10836,0.06
2026-09-25T21:30:03Z,nyc,2026-09-25,2026-09-25 17:30,17,72-73°F,0.0,0.006,0.006,9603,0.003
2026-09-25T21:30:03Z,nyc,2026-09-25,2026-09-25 17:30,17,74-75°F,0.0,0.008,0.008,6496,0.001
2026-09-25T21:30:03Z,nyc,2026-09-25,2026-09-25 17:30,17,76°F or higher,0.0,0.001,0.001,3233,
2026-09-25T21:30:03Z,panama-city,2026-09-25,2026-09-25 16:30,16,23°C or below,0.0,0.001,0.001,95,
2026-09-25T21:30:03Z,panama-city,2026-09-25,2026-09-25 16:30,16,24°C,0.0,0.001,0.001,25,
2026-09-25T21:30:03Z,panama-city,2026-09-25,2026-09-25 16:30,16,25°C,0.0,0.001,0.001,15,
2026-09-25T21:30:03Z,panama-city,2026-09-25,2026-09-25 16:30,16,26°C,0.0,0.001,0.001,42,
2026-09-25T21:30:03Z,panama-city,2026-09-25,2026-09-25 16:30,16,27°C,0.0,0.001,0.001,35,
2026-09-25T21:30:03Z,panama-city,2026-09-25,2026-09-25 16:30,16,28°C,0.0,0.001,0.001,165,
2026-09-25T21:30:03Z,panama-city,2026-09-25,2026-09-25 16:30,16,29°C,0.966,0.001,-0.965,3028,
2026-09-25T21:30:03Z,panama-city,2026-09-25,2026-09-25 16:30,16,30°C,0.034,1.0,0.966,2739,0.99
2026-09-25T21:30:03Z,panama-city,2026-09-25,2026-09-25 16:30,16,31°C,0.0,0.009,0.009,2275,0.001
2026-09-25T21:30:03Z,panama-city,2026-09-25,2026-09-25 16:30,16,32°C,0.0,0.02,0.02,3576,
2026-09-25T21:30:03Z,panama-city,2026-09-25,2026-09-25 16:30,16,33°C or higher,0.0,0.001,0.001,1501,
2026-09-25T21:30:03Z,san-francisco,2026-09-25,2026-09-25 14:30,14,61°F or below,0.0,0.001,0.001,630,
2026-09-25T21:30:03Z,san-francisco,2026-09-25,2026-09-25 14:30,14,62-63°F,0.0,0.001,0.001,1782,
2026-09-25T21:30:03Z,san-francisco,2026-09-25,2026-09-25 14:30,14,64-65°F,0.0,0.001,0.001,768,
2026-09-25T21:30:03Z,san-francisco,2026-09-25,2026-09-25 14:30,14,66-67°F,0.0,0.001,0.001,4244,
2026-09-25T21:30:03Z,san-francisco,2026-09-25,2026-09-25 14:30,14,68-69°F,0.0,0.001,0.001,3187,
2026-09-25T21:30:03Z,san-francisco,2026-09-25,2026-09-25 14:30,14,70-71°F,0.967,0.99,0.023,2029,0.94
2026-09-25T21:30:03Z,san-francisco,2026-09-25,2026-09-25 14:30,14,72-73°F,0.0,0.06,0.06,4691,0.01
2026-09-25T21:30:03Z,san-francisco,2026-09-25,2026-09-25 14:30,14,74-75°F,0.033,0.009,-0.024,4450,
2026-09-25T21:30:03Z,san-francisco,2026-09-25,2026-09-25 14:30,14,76-77°F,0.0,0.001,0.001,2488,
2026-09-25T21:30:03Z,san-francisco,2026-09-25,2026-09-25 14:30,14,78-79°F,0.0,0.001,0.001,2121,
2026-09-25T21:30:03Z,san-francisco,2026-09-25,2026-09-25 14:30,14,80°F or higher,0.0,0.001,0.001,643,
2026-09-25T21:30:03Z,sao-paulo,2026-09-25,2026-09-25 18:30,18,22°C or below,0.0,0.001,0.001,1226,
2026-09-25T21:30:03Z,sao-paulo,2026-09-25,2026-09-25 18:30,18,23°C,0.0,0.001,0.001,1073,
2026-09-25T21:30:03Z,sao-paulo,2026-09-25,2026-09-25 18:30,18,24°C,0.0,0.001,0.001,1607,
2026-09-25T21:30:03Z,sao-paulo,2026-09-25,2026-09-25 18:30,18,25°C,0.0,0.001,0.001,1190,
2026-09-25T21:30:03Z,sao-paulo,2026-09-25,2026-09-25 18:30,18,26°C,0.0,0.001,0.001,3992,
2026-09-25T21:30:03Z,sao-paulo,2026-09-25,2026-09-25 18:30,18,27°C,0.0,0.001,0.001,3990,
2026-09-25T21:30:03Z,sao-paulo,2026-09-25,2026-09-25 18:30,18,28°C,1.0,1.0,0.0,4715,0.999
2026-09-25T21:30:03Z,sao-paulo,2026-09-25,2026-09-25 18:30,18,29°C,0.0,0.001,0.001,4493,
2026-09-25T21:30:03Z,sao-paulo,2026-09-25,2026-09-25 18:30,18,30°C,0.0,0.001,0.001,2885,
2026-09-25T21:30:03Z,sao-paulo,2026-09-25,2026-09-25 18:30,18,31°C,0.0,0.001,0.001,1541,
2026-09-25T21:30:03Z,sao-paulo,2026-09-25,2026-09-25 18:30,18,32°C or higher,0.0,0.001,0.001,1669,
2026-09-25T21:30:03Z,seattle,2026-09-25,2026-09-25 14:30,14,49°F or below,0.0,0.001,0.001,95,
2026-09-25T21:30:03Z,seattle,2026-09-25,2026-09-25 14:30,14,50-51°F,0.0,0.001,0.001,3580,
2026-09-25T21:30:03Z,seattle,2026-09-25,2026-09-25 14:30,14,52-53°F,0.0,0.001,0.001,16299,
2026-09-25T21:30:03Z,seattle,2026-09-25,2026-09-25 14:30,14,54-55°F,0.0,0.001,0.001,16539,
2026-09-25T21:30:03Z,seattle,2026-09-25,2026-09-25 14:30,14,56-57°F,0.0,0.001,0.001,4945,
2026-09-25T21:30:03Z,seattle,2026-09-25,2026-09-25 14:30,14,58-59°F,0.0,0.001,0.001,14705,
2026-09-25T21:30:03Z,seattle,2026-09-25,2026-09-25 14:30,14,60-61°F,0.7,0.97,0.27,4628,0.94
2026-09-25T21:30:03Z,seattle,2026-09-25,2026-09-25 14:30,14,62-63°F,0.2,0.06,-0.14,3745,0.03
2026-09-25T21:30:03Z,seattle,2026-09-25,2026-09-25 14:30,14,64-65°F,0.1,0.009,-0.091,1912,0.002
2026-09-25T21:30:03Z,seattle,2026-09-25,2026-09-25 14:30,14,66-67°F,0.0,0.001,0.001,993,
2026-09-25T21:30:03Z,seattle,2026-09-25,2026-09-25 14:30,14,68°F or higher,0.0,0.001,0.001,1400,
2026-09-25T21:30:03Z,toronto,2026-09-25,2026-09-25 17:30,17,16°C or below,0.0,0.001,0.001,45,
2026-09-25T21:30:03Z,toronto,2026-09-25,2026-09-25 17:30,17,17°C,0.0,0.001,0.001,262,
2026-09-25T21:30:03Z,toronto,2026-09-25,2026-09-25 17:30,17,18°C,0.0,0.001,0.001,2614,
2026-09-25T21:30:03Z,toronto,2026-09-25,2026-09-25 17:30,17,19°C,0.0,0.001,0.001,2468,
2026-09-25T21:30:03Z,toronto,2026-09-25,2026-09-25 17:30,17,20°C,0.0,0.001,0.001,7268,
2026-09-25T21:30:03Z,toronto,2026-09-25,2026-09-25 17:30,17,21°C,0.967,0.999,0.032,4601,0.993
2026-09-25T21:30:03Z,toronto,2026-09-25,2026-09-25 17:30,17,22°C,0.033,0.004,-0.029,3196,0.001
2026-09-25T21:30:03Z,toronto,2026-09-25,2026-09-25 17:30,17,23°C,0.0,0.007,0.007,2158,
2026-09-25T21:30:03Z,toronto,2026-09-25,2026-09-25 17:30,17,24°C,0.0,0.001,0.001,367,
2026-09-25T21:30:03Z,toronto,2026-09-25,2026-09-25 17:30,17,25°C,0.0,0.001,0.001,953,
2026-09-25T21:30:03Z,toronto,2026-09-25,2026-09-25 17:30,17,26°C or higher,0.0,0.001,0.001,145,
2026-09-25T21:35:01Z,denver,2026-09-25,2026-09-25 15:35,15,67°F or below,0.0,0.001,0.001,1349,
2026-09-25T21:35:01Z,denver,2026-09-25,2026-09-25 15:35,15,68-69°F,0.0,0.001,0.001,966,
2026-09-25T21:35:01Z,denver,2026-09-25,2026-09-25 15:35,15,70-71°F,0.0,0.001,0.001,2280,
2026-09-25T21:35:01Z,denver,2026-09-25,2026-09-25 15:35,15,72-73°F,0.0,0.001,0.001,4921,
2026-09-25T21:35:01Z,denver,2026-09-25,2026-09-25 15:35,15,74-75°F,0.867,0.92,0.053,5054,0.5
2026-09-25T21:35:01Z,denver,2026-09-25,2026-09-25 15:35,15,76-77°F,0.133,0.7,0.567,3929,
2026-09-25T21:35:01Z,denver,2026-09-25,2026-09-25 15:35,15,78-79°F,0.0,0.06,0.06,2378,
2026-09-25T21:35:01Z,denver,2026-09-25,2026-09-25 15:35,15,80-81°F,0.0,0.009,0.009,2302,
2026-09-25T21:35:01Z,denver,2026-09-25,2026-09-25 15:35,15,82-83°F,0.0,0.002,0.002,890,0.001
2026-09-25T21:35:01Z,denver,2026-09-25,2026-09-25 15:35,15,84-85°F,0.0,0.001,0.001,200,
2026-09-25T21:35:01Z,denver,2026-09-25,2026-09-25 15:35,15,86°F or higher,0.0,0.001,0.001,100,
2026-09-25T21:35:01Z,mexico-city,2026-09-25,2026-09-25 15:35,15,16°C or below,0.0,0.001,0.001,1015,
2026-09-25T21:35:01Z,mexico-city,2026-09-25,2026-09-25 15:35,15,17°C,0.0,0.001,0.001,15,
2026-09-25T21:35:01Z,mexico-city,2026-09-25,2026-09-25 15:35,15,18°C,0.0,0.001,0.001,15,
2026-09-25T21:35:01Z,mexico-city,2026-09-25,2026-09-25 15:35,15,19°C,0.0,0.001,0.001,15,
2026-09-25T21:35:01Z,mexico-city,2026-09-25,2026-09-25 15:35,15,20°C,0.0,0.001,0.001,15,
2026-09-25T21:35:01Z,mexico-city,2026-09-25,2026-09-25 15:35,15,21°C,0.0,0.001,0.001,145,
2026-09-25T21:35:01Z,mexico-city,2026-09-25,2026-09-25 15:35,15,22°C,0.0,0.001,0.001,232,
2026-09-25T21:35:01Z,mexico-city,2026-09-25,2026-09-25 15:35,15,23°C,0.0,0.001,0.001,523,
2026-09-25T21:35:01Z,mexico-city,2026-09-25,2026-09-25 15:35,15,24°C,0.0,0.001,0.001,3913,
2026-09-25T21:35:01Z,mexico-city,2026-09-25,2026-09-25 15:35,15,25°C,0.967,0.99,0.023,3765,0.95
2026-09-25T21:35:01Z,mexico-city,2026-09-25,2026-09-25 15:35,15,26°C or higher,0.033,0.04,0.007,4199,0.01
2026-09-25T21:40:00Z,denver,2026-09-25,2026-09-25 15:40,15,67°F or below,0.0,0.001,0.001,1349,
2026-09-25T21:40:00Z,denver,2026-09-25,2026-09-25 15:40,15,68-69°F,0.0,0.001,0.001,966,
2026-09-25T21:40:00Z,denver,2026-09-25,2026-09-25 15:40,15,70-71°F,0.0,0.001,0.001,2280,
2026-09-25T21:40:00Z,denver,2026-09-25,2026-09-25 15:40,15,72-73°F,0.0,0.001,0.001,4921,
2026-09-25T21:40:00Z,denver,2026-09-25,2026-09-25 15:40,15,74-75°F,0.867,0.96,0.093,5054,0.35
2026-09-25T21:40:00Z,denver,2026-09-25,2026-09-25 15:40,15,76-77°F,0.133,0.7,0.567,3929,
2026-09-25T21:40:00Z,denver,2026-09-25,2026-09-25 15:40,15,78-79°F,0.0,0.06,0.06,2378,
2026-09-25T21:40:00Z,denver,2026-09-25,2026-09-25 15:40,15,80-81°F,0.0,0.009,0.009,2302,
2026-09-25T21:40:00Z,denver,2026-09-25,2026-09-25 15:40,15,82-83°F,0.0,0.002,0.002,890,0.001
2026-09-25T21:40:00Z,denver,2026-09-25,2026-09-25 15:40,15,84-85°F,0.0,0.001,0.001,200,
2026-09-25T21:40:00Z,denver,2026-09-25,2026-09-25 15:40,15,86°F or higher,0.0,0.001,0.001,100,
2026-09-25T21:40:00Z,mexico-city,2026-09-25,2026-09-25 15:40,15,16°C or below,0.0,0.001,0.001,1015,
2026-09-25T21:40:00Z,mexico-city,2026-09-25,2026-09-25 15:40,15,17°C,0.0,0.001,0.001,15,
2026-09-25T21:40:00Z,mexico-city,2026-09-25,2026-09-25 15:40,15,18°C,0.0,0.001,0.001,15,
2026-09-25T21:40:00Z,mexico-city,2026-09-25,2026-09-25 15:40,15,19°C,0.0,0.001,0.001,15,
2026-09-25T21:40:00Z,mexico-city,2026-09-25,2026-09-25 15:40,15,20°C,0.0,0.001,0.001,15,
2026-09-25T21:40:00Z,mexico-city,2026-09-25,2026-09-25 15:40,15,21°C,0.0,0.001,0.001,145,
2026-09-25T21:40:00Z,mexico-city,2026-09-25,2026-09-25 15:40,15,22°C,0.0,0.001,0.001,232,
2026-09-25T21:40:00Z,mexico-city,2026-09-25,2026-09-25 15:40,15,23°C,0.0,0.001,0.001,523,
2026-09-25T21:40:00Z,mexico-city,2026-09-25,2026-09-25 15:40,15,24°C,0.0,0.001,0.001,3913,
2026-09-25T21:40:00Z,mexico-city,2026-09-25,2026-09-25 15:40,15,25°C,0.967,0.99,0.023,3765,0.95
2026-09-25T21:40:00Z,mexico-city,2026-09-25,2026-09-25 15:40,15,26°C or higher,0.033,0.04,0.007,4199,0.01
2026-09-25T21:45:32Z,atlanta,2026-09-25,2026-09-25 17:45,17,69°F or below,0.0,0.001,0.001,614,
2026-09-25T21:45:32Z,atlanta,2026-09-25,2026-09-25 17:45,17,70-71°F,0.0,0.001,0.001,1271,
2026-09-25T21:45:32Z,atlanta,2026-09-25,2026-09-25 17:45,17,72-73°F,0.0,0.001,0.001,4402,
2026-09-25T21:45:32Z,atlanta,2026-09-25,2026-09-25 17:45,17,74-75°F,1.0,0.001,-0.999,6532,
2026-09-25T21:45:32Z,atlanta,2026-09-25,2026-09-25 17:45,17,76-77°F,0.0,0.99,0.99,5638,0.973
2026-09-25T21:45:32Z,atlanta,2026-09-25,2026-09-25 17:45,17,78-79°F,0.0,0.019,0.019,6309,0.001
2026-09-25T21:45:32Z,atlanta,2026-09-25,2026-09-25 17:45,17,80-81°F,0.0,0.007,0.007,2153,
2026-09-25T21:45:32Z,atlanta,2026-09-25,2026-09-25 17:45,17,82-83°F,0.0,0.001,0.001,2466,
2026-09-25T21:45:32Z,atlanta,2026-09-25,2026-09-25 17:45,17,84-85°F,0.0,0.001,0.001,422,
2026-09-25T21:45:32Z,atlanta,2026-09-25,2026-09-25 17:45,17,86-87°F,0.0,0.001,0.001,105,
2026-09-25T21:45:32Z,atlanta,2026-09-25,2026-09-25 17:45,17,88°F or higher,0.0,0.001,0.001,105,
2026-09-25T21:45:32Z,austin,2026-09-25,2026-09-25 16:45,16,87°F or below,0.0,0.001,0.001,100,
2026-09-25T21:45:32Z,austin,2026-09-25,2026-09-25 16:45,16,88-89°F,0.0,0.001,0.001,180,
2026-09-25T21:45:32Z,austin,2026-09-25,2026-09-25 16:45,16,90-91°F,0.0,0.001,0.001,186,
2026-09-25T21:45:32Z,austin,2026-09-25,2026-09-25 16:45,16,92-93°F,0.0,0.001,0.001,1026,
2026-09-25T21:45:32Z,austin,2026-09-25,2026-09-25 16:45,16,94-95°F,0.0,0.001,0.001,4022,
2026-09-25T21:45:32Z,austin,2026-09-25,2026-09-25 16:45,16,96-97°F,0.967,0.74,-0.227,2840,0.52
2026-09-25T21:45:32Z,austin,2026-09-25,2026-09-25 16:45,16,98-99°F,0.033,0.62,0.587,1878,0.29
2026-09-25T21:45:32Z,austin,2026-09-25,2026-09-25 16:45,16,100-101°F,0.0,0.49,0.49,686,
2026-09-25T21:45:32Z,austin,2026-09-25,2026-09-25 16:45,16,102-103°F,0.0,0.007,0.007,245,
2026-09-25T21:45:32Z,austin,2026-09-25,2026-09-25 16:45,16,104-105°F,0.0,0.001,0.001,405,
2026-09-25T21:45:32Z,austin,2026-09-25,2026-09-25 16:45,16,106°F or higher,0.0,0.001,0.001,169,
2026-09-25T21:45:32Z,chicago,2026-09-25,2026-09-25 16:45,16,57°F or below,0.0,0.001,0.001,188,
2026-09-25T21:45:32Z,chicago,2026-09-25,2026-09-25 16:45,16,58-59°F,0.0,0.001,0.001,95,
2026-09-25T21:45:32Z,chicago,2026-09-25,2026-09-25 16:45,16,60-61°F,0.0,0.001,0.001,363,
2026-09-25T21:45:32Z,chicago,2026-09-25,2026-09-25 16:45,16,62-63°F,0.0,0.001,0.001,1796,
2026-09-25T21:45:32Z,chicago,2026-09-25,2026-09-25 16:45,16,64-65°F,1.0,0.99,-0.01,4337,0.98
2026-09-25T21:45:32Z,chicago,2026-09-25,2026-09-25 16:45,16,66-67°F,0.0,0.03,0.03,7137,0.01
2026-09-25T21:45:32Z,chicago,2026-09-25,2026-09-25 16:45,16,68-69°F,0.0,0.008,0.008,4961,0.002
2026-09-25T21:45:32Z,chicago,2026-09-25,2026-09-25 16:45,16,70-71°F,0.0,0.005,0.005,3587,
2026-09-25T21:45:32Z,chicago,2026-09-25,2026-09-25 16:45,16,72-73°F,0.0,0.001,0.001,3146,
2026-09-25T21:45:32Z,chicago,2026-09-25,2026-09-25 16:45,16,74-75°F,0.0,0.001,0.001,663,
2026-09-25T21:45:32Z,chicago,2026-09-25,2026-09-25 16:45,16,76°F or higher,0.0,0.001,0.001,100,
2026-09-25T21:45:32Z,dallas,2026-09-25,2026-09-25 16:45,16,85°F or below,0.0,0.001,0.001,866,
2026-09-25T21:45:32Z,dallas,2026-09-25,2026-09-25 16:45,16,86-87°F,0.0,0.001,0.001,1265,
2026-09-25T21:45:32Z,dallas,2026-09-25,2026-09-25 16:45,16,88-89°F,0.0,0.001,0.001,9226,
2026-09-25T21:45:32Z,dallas,2026-09-25,2026-09-25 16:45,16,90-91°F,0.0,0.001,0.001,5891,
2026-09-25T21:45:32Z,dallas,2026-09-25,2026-09-25 16:45,16,92-93°F,1.0,0.98,-0.02,4759,0.94
2026-09-25T21:45:32Z,dallas,2026-09-25,2026-09-25 16:45,16,94-95°F,0.0,0.06,0.06,5169,0.026
2026-09-25T21:45:32Z,dallas,2026-09-25,2026-09-25 16:45,16,96-97°F,0.0,0.002,0.002,2772,
2026-09-25T21:45:32Z,dallas,2026-09-25,2026-09-25 16:45,16,98-99°F,0.0,0.001,0.001,4148,
2026-09-25T21:45:32Z,dallas,2026-09-25,2026-09-25 16:45,16,100-101°F,0.0,0.001,0.001,1172,
2026-09-25T21:45:32Z,dallas,2026-09-25,2026-09-25 16:45,16,102-103°F,0.0,0.001,0.001,95,
2026-09-25T21:45:32Z,dallas,2026-09-25,2026-09-25 16:45,16,104°F or higher,0.0,0.001,0.001,165,
2026-09-25T21:45:32Z,denver,2026-09-25,2026-09-25 15:45,15,67°F or below,0.0,0.001,0.001,1349,
2026-09-25T21:45:32Z,denver,2026-09-25,2026-09-25 15:45,15,68-69°F,0.0,0.001,0.001,966,
2026-09-25T21:45:32Z,denver,2026-09-25,2026-09-25 15:45,15,70-71°F,0.0,0.001,0.001,2280,
2026-09-25T21:45:32Z,denver,2026-09-25,2026-09-25 15:45,15,72-73°F,0.0,0.001,0.001,4921,
2026-09-25T21:45:32Z,denver,2026-09-25,2026-09-25 15:45,15,74-75°F,0.867,0.98,0.113,5054,0.43
2026-09-25T21:45:32Z,denver,2026-09-25,2026-09-25 15:45,15,76-77°F,0.133,0.7,0.567,3929,
2026-09-25T21:45:32Z,denver,2026-09-25,2026-09-25 15:45,15,78-79°F,0.0,0.06,0.06,2378,
2026-09-25T21:45:32Z,denver,2026-09-25,2026-09-25 15:45,15,80-81°F,0.0,0.008,0.008,2302,
2026-09-25T21:45:32Z,denver,2026-09-25,2026-09-25 15:45,15,82-83°F,0.0,0.002,0.002,890,0.001
2026-09-25T21:45:32Z,denver,2026-09-25,2026-09-25 15:45,15,84-85°F,0.0,0.001,0.001,200,
2026-09-25T21:45:32Z,denver,2026-09-25,2026-09-25 15:45,15,86°F or higher,0.0,0.001,0.001,100,
2026-09-25T21:45:32Z,houston,2026-09-25,2026-09-25 16:45,16,83°F or below,0.0,0.001,0.001,100,
2026-09-25T21:45:32Z,houston,2026-09-25,2026-09-25 16:45,16,84-85°F,0.0,0.001,0.001,180,
2026-09-25T21:45:32Z,houston,2026-09-25,2026-09-25 16:45,16,86-87°F,0.0,0.001,0.001,2361,
2026-09-25T21:45:32Z,houston,2026-09-25,2026-09-25 16:45,16,88-89°F,0.0,0.001,0.001,6666,
2026-09-25T21:45:32Z,houston,2026-09-25,2026-09-25 16:45,16,90-91°F,1.0,0.99,-0.01,4326,0.97
2026-09-25T21:45:32Z,houston,2026-09-25,2026-09-25 16:45,16,92-93°F,0.0,0.04,0.04,5844,0.01
2026-09-25T21:45:32Z,houston,2026-09-25,2026-09-25 16:45,16,94-95°F,0.0,0.009,0.009,2757,0.002
2026-09-25T21:45:32Z,houston,2026-09-25,2026-09-25 16:45,16,96-97°F,0.0,0.007,0.007,816,
2026-09-25T21:45:32Z,houston,2026-09-25,2026-09-25 16:45,16,98-99°F,0.0,0.001,0.001,30,
2026-09-25T21:45:32Z,houston,2026-09-25,2026-09-25 16:45,16,100-101°F,0.0,0.001,0.001,215,
2026-09-25T21:45:32Z,houston,2026-09-25,2026-09-25 16:45,16,102°F or higher,0.0,0.001,0.001,100,
2026-09-25T21:45:32Z,los-angeles,2026-09-25,2026-09-25 14:45,14,73°F or below,0.0,0.001,0.001,1433,
2026-09-25T21:45:32Z,los-angeles,2026-09-25,2026-09-25 14:45,14,74-75°F,0.0,0.001,0.001,10869,
2026-09-25T21:45:32Z,los-angeles,2026-09-25,2026-09-25 14:45,14,76-77°F,0.933,0.97,0.037,8910,0.94
2026-09-25T21:45:32Z,los-angeles,2026-09-25,2026-09-25 14:45,14,78-79°F,0.033,0.04,0.007,5940,0.02
2026-09-25T21:45:32Z,los-angeles,2026-09-25,2026-09-25 14:45,14,80-81°F,0.0,0.019,0.019,5021,0.002
2026-09-25T21:45:32Z,los-angeles,2026-09-25,2026-09-25 14:45,14,82-83°F,0.033,0.001,-0.032,2432,
2026-09-25T21:45:32Z,los-angeles,2026-09-25,2026-09-25 14:45,14,84-85°F,0.0,0.001,0.001,1656,
2026-09-25T21:45:32Z,los-angeles,2026-09-25,2026-09-25 14:45,14,86-87°F,0.0,0.001,0.001,348,
2026-09-25T21:45:32Z,los-angeles,2026-09-25,2026-09-25 14:45,14,88-89°F,0.0,0.001,0.001,105,
2026-09-25T21:45:32Z,los-angeles,2026-09-25,2026-09-25 14:45,14,90-91°F,0.0,0.001,0.001,100,
2026-09-25T21:45:32Z,los-angeles,2026-09-25,2026-09-25 14:45,14,92°F or higher,0.0,0.001,0.001,510,
2026-09-25T21:45:32Z,mexico-city,2026-09-25,2026-09-25 15:45,15,16°C or below,0.0,0.001,0.001,1015,
2026-09-25T21:45:32Z,mexico-city,2026-09-25,2026-09-25 15:45,15,17°C,0.0,0.001,0.001,15,
2026-09-25T21:45:32Z,mexico-city,2026-09-25,2026-09-25 15:45,15,18°C,0.0,0.001,0.001,15,
2026-09-25T21:45:32Z,mexico-city,2026-09-25,2026-09-25 15:45,15,19°C,0.0,0.001,0.001,15,
2026-09-25T21:45:32Z,mexico-city,2026-09-25,2026-09-25 15:45,15,20°C,0.0,0.001,0.001,15,
2026-09-25T21:45:32Z,mexico-city,2026-09-25,2026-09-25 15:45,15,21°C,0.0,0.001,0.001,145,
2026-09-25T21:45:32Z,mexico-city,2026-09-25,2026-09-25 15:45,15,22°C,0.0,0.001,0.001,232,
2026-09-25T21:45:32Z,mexico-city,2026-09-25,2026-09-25 15:45,15,23°C,0.0,0.001,0.001,523,
2026-09-25T21:45:32Z,mexico-city,2026-09-25,2026-09-25 15:45,15,24°C,0.0,0.001,0.001,3913,
2026-09-25T21:45:32Z,mexico-city,2026-09-25,2026-09-25 15:45,15,25°C,0.967,0.99,0.023,3765,0.95
2026-09-25T21:45:32Z,mexico-city,2026-09-25,2026-09-25 15:45,15,26°C or higher,0.033,0.04,0.007,4199,0.01
2026-09-25T21:45:32Z,miami,2026-09-25,2026-09-25 17:45,17,75°F or below,0.0,0.001,0.001,95,
2026-09-25T21:45:32Z,miami,2026-09-25,2026-09-25 17:45,17,76-77°F,0.0,0.001,0.001,95,
2026-09-25T21:45:32Z,miami,2026-09-25,2026-09-25 17:45,17,78-79°F,0.0,0.001,0.001,260,
2026-09-25T21:45:32Z,miami,2026-09-25,2026-09-25 17:45,17,80-81°F,0.0,0.001,0.001,3878,
2026-09-25T21:45:32Z,miami,2026-09-25,2026-09-25 17:45,17,82-83°F,0.0,0.001,0.001,4316,
2026-09-25T21:45:32Z,miami,2026-09-25,2026-09-25 17:45,17,84-85°F,0.0,0.001,0.001,5134,
2026-09-25T21:45:32Z,miami,2026-09-25,2026-09-25 17:45,17,86-87°F,0.0,0.001,0.001,14080,
2026-09-25T21:45:32Z,miami,2026-09-25,2026-09-25 17:45,17,88-89°F,0.0,0.001,0.001,8958,
2026-09-25T21:45:32Z,miami,2026-09-25,2026-09-25 17:45,17,90-91°F,1.0,0.999,-0.001,12121,0.997
2026-09-25T21:45:32Z,miami,2026-09-25,2026-09-25 17:45,17,92-93°F,0.0,0.004,0.004,10164,
2026-09-25T21:45:32Z,miami,2026-09-25,2026-09-25 17:45,17,94°F or higher,0.0,0.002,0.002,8925,0.001
2026-09-25T21:45:32Z,nyc,2026-09-25,2026-09-25 17:45,17,57°F or below,0.0,0.001,0.001,100,
2026-09-25T21:45:32Z,nyc,2026-09-25,2026-09-25 17:45,17,58-59°F,0.0,0.001,0.001,2710,
2026-09-25T21:45:32Z,nyc,2026-09-25,2026-09-25 17:45,17,60-61°F,0.0,0.001,0.001,4127,
2026-09-25T21:45:32Z,nyc,2026-09-25,2026-09-25 17:45,17,62-63°F,0.0,0.001,0.001,7388,
2026-09-25T21:45:32Z,nyc,2026-09-25,2026-09-25 17:45,17,64-65°F,0.0,0.001,0.001,5037,
2026-09-25T21:45:32Z,nyc,2026-09-25,2026-09-25 17:45,17,66-67°F,0.0,0.001,0.001,6584,
2026-09-25T21:45:32Z,nyc,2026-09-25,2026-09-25 17:45,17,68-69°F,0.967,0.88,-0.087,14969,0.87
2026-09-25T21:45:32Z,nyc,2026-09-25,2026-09-25 17:45,17,70-71°F,0.033,0.12,0.087,11015,0.1
2026-09-25T21:45:32Z,nyc,2026-09-25,2026-09-25 17:45,17,72-73°F,0.0,0.009,0.009,9664,0.004
2026-09-25T21:45:32Z,nyc,2026-09-25,2026-09-25 17:45,17,74-75°F,0.0,0.007,0.007,6593,0.001
2026-09-25T21:45:32Z,nyc,2026-09-25,2026-09-25 17:45,17,76°F or higher,0.0,0.001,0.001,3233,
2026-09-25T21:45:32Z,panama-city,2026-09-25,2026-09-25 16:45,16,23°C or below,0.0,0.001,0.001,95,
2026-09-25T21:45:32Z,panama-city,2026-09-25,2026-09-25 16:45,16,24°C,0.0,0.001,0.001,25,
2026-09-25T21:45:32Z,panama-city,2026-09-25,2026-09-25 16:45,16,25°C,0.0,0.001,0.001,15,
2026-09-25T21:45:32Z,panama-city,2026-09-25,2026-09-25 16:45,16,26°C,0.0,0.001,0.001,42,
2026-09-25T21:45:32Z,panama-city,2026-09-25,2026-09-25 16:45,16,27°C,0.0,0.001,0.001,35,
2026-09-25T21:45:32Z,panama-city,2026-09-25,2026-09-25 16:45,16,28°C,0.0,0.001,0.001,165,
2026-09-25T21:45:32Z,panama-city,2026-09-25,2026-09-25 16:45,16,29°C,0.0,0.001,0.001,3481,
2026-09-25T21:45:32Z,panama-city,2026-09-25,2026-09-25 16:45,16,30°C,0.966,0.999,0.033,2818,0.991
2026-09-25T21:45:32Z,panama-city,2026-09-25,2026-09-25 16:45,16,31°C,0.034,0.008,-0.026,2395,0.001
2026-09-25T21:45:32Z,panama-city,2026-09-25,2026-09-25 16:45,16,32°C,0.0,0.003,0.003,3576,0.001
2026-09-25T21:45:32Z,panama-city,2026-09-25,2026-09-25 16:45,16,33°C or higher,0.0,0.001,0.001,1501,
2026-09-25T21:45:32Z,san-francisco,2026-09-25,2026-09-25 14:45,14,61°F or below,0.0,0.001,0.001,630,
2026-09-25T21:45:32Z,san-francisco,2026-09-25,2026-09-25 14:45,14,62-63°F,0.0,0.001,0.001,1782,
2026-09-25T21:45:32Z,san-francisco,2026-09-25,2026-09-25 14:45,14,64-65°F,0.0,0.001,0.001,768,
2026-09-25T21:45:32Z,san-francisco,2026-09-25,2026-09-25 14:45,14,66-67°F,0.0,0.001,0.001,4244,
2026-09-25T21:45:32Z,san-francisco,2026-09-25,2026-09-25 14:45,14,68-69°F,0.0,0.001,0.001,3187,
2026-09-25T21:45:32Z,san-francisco,2026-09-25,2026-09-25 14:45,14,70-71°F,0.967,1.0,0.033,2029,0.95
2026-09-25T21:45:32Z,san-francisco,2026-09-25,2026-09-25 14:45,14,72-73°F,0.0,0.06,0.06,4691,0.01
2026-09-25T21:45:32Z,san-francisco,2026-09-25,2026-09-25 14:45,14,74-75°F,0.033,0.009,-0.024,4450,
2026-09-25T21:45:32Z,san-francisco,2026-09-25,2026-09-25 14:45,14,76-77°F,0.0,0.001,0.001,2488,
2026-09-25T21:45:32Z,san-francisco,2026-09-25,2026-09-25 14:45,14,78-79°F,0.0,0.001,0.001,2121,
2026-09-25T21:45:32Z,san-francisco,2026-09-25,2026-09-25 14:45,14,80°F or higher,0.0,0.001,0.001,643,
2026-09-25T21:45:32Z,seattle,2026-09-25,2026-09-25 14:45,14,49°F or below,0.0,0.001,0.001,95,
2026-09-25T21:45:32Z,seattle,2026-09-25,2026-09-25 14:45,14,50-51°F,0.0,0.001,0.001,3580,
2026-09-25T21:45:32Z,seattle,2026-09-25,2026-09-25 14:45,14,52-53°F,0.0,0.001,0.001,16299,
2026-09-25T21:45:32Z,seattle,2026-09-25,2026-09-25 14:45,14,54-55°F,0.0,0.001,0.001,16539,
2026-09-25T21:45:32Z,seattle,2026-09-25,2026-09-25 14:45,14,56-57°F,0.0,0.001,0.001,4945,
2026-09-25T21:45:32Z,seattle,2026-09-25,2026-09-25 14:45,14,58-59°F,0.0,0.001,0.001,14705,
2026-09-25T21:45:32Z,seattle,2026-09-25,2026-09-25 14:45,14,60-61°F,0.7,0.97,0.27,4645,0.94
2026-09-25T21:45:32Z,seattle,2026-09-25,2026-09-25 14:45,14,62-63°F,0.2,0.07,-0.13,3745,0.03
2026-09-25T21:45:32Z,seattle,2026-09-25,2026-09-25 14:45,14,64-65°F,0.1,0.009,-0.091,1912,0.002
2026-09-25T21:45:32Z,seattle,2026-09-25,2026-09-25 14:45,14,66-67°F,0.0,0.001,0.001,993,
2026-09-25T21:45:32Z,seattle,2026-09-25,2026-09-25 14:45,14,68°F or higher,0.0,0.001,0.001,1400,
2026-09-25T21:45:32Z,toronto,2026-09-25,2026-09-25 17:45,17,16°C or below,0.0,0.001,0.001,45,
2026-09-25T21:45:32Z,toronto,2026-09-25,2026-09-25 17:45,17,17°C,0.0,0.001,0.001,262,
2026-09-25T21:45:32Z,toronto,2026-09-25,2026-09-25 17:45,17,18°C,0.0,0.001,0.001,2614,
2026-09-25T21:45:32Z,toronto,2026-09-25,2026-09-25 17:45,17,19°C,0.0,0.001,0.001,2468,
2026-09-25T21:45:32Z,toronto,2026-09-25,2026-09-25 17:45,17,20°C,0.0,0.001,0.001,7268,
2026-09-25T21:45:32Z,toronto,2026-09-25,2026-09-25 17:45,17,21°C,0.967,0.999,0.032,4601,0.994
2026-09-25T21:45:32Z,toronto,2026-09-25,2026-09-25 17:45,17,22°C,0.033,0.004,-0.029,3196,0.002
2026-09-25T21:45:32Z,toronto,2026-09-25,2026-09-25 17:45,17,23°C,0.0,0.005,0.005,2158,
2026-09-25T21:45:32Z,toronto,2026-09-25,2026-09-25 17:45,17,24°C,0.0,0.001,0.001,367,
2026-09-25T21:45:32Z,toronto,2026-09-25,2026-09-25 17:45,17,25°C,0.0,0.001,0.001,953,
2026-09-25T21:45:32Z,toronto,2026-09-25,2026-09-25 17:45,17,26°C or higher,0.0,0.001,0.001,145,
2026-09-25T21:50:12Z,denver,2026-09-25,2026-09-25 15:50,15,67°F or below,0.0,0.001,0.001,1349,
2026-09-25T21:50:12Z,denver,2026-09-25,2026-09-25 15:50,15,68-69°F,0.0,0.001,0.001,966,
2026-09-25T21:50:12Z,denver,2026-09-25,2026-09-25 15:50,15,70-71°F,0.0,0.001,0.001,2280,
2026-09-25T21:50:12Z,denver,2026-09-25,2026-09-25 15:50,15,72-73°F,0.0,0.001,0.001,4921,
2026-09-25T21:50:12Z,denver,2026-09-25,2026-09-25 15:50,15,74-75°F,0.867,1.0,0.133,5054,0.99
2026-09-25T21:50:12Z,denver,2026-09-25,2026-09-25 15:50,15,76-77°F,0.133,0.7,0.567,3929,
2026-09-25T21:50:12Z,denver,2026-09-25,2026-09-25 15:50,15,78-79°F,0.0,0.06,0.06,2378,
2026-09-25T21:50:12Z,denver,2026-09-25,2026-09-25 15:50,15,80-81°F,0.0,0.008,0.008,2302,
2026-09-25T21:50:12Z,denver,2026-09-25,2026-09-25 15:50,15,82-83°F,0.0,0.002,0.002,890,0.001
2026-09-25T21:50:12Z,denver,2026-09-25,2026-09-25 15:50,15,84-85°F,0.0,0.001,0.001,200,
2026-09-25T21:50:12Z,denver,2026-09-25,2026-09-25 15:50,15,86°F or higher,0.0,0.001,0.001,100,
2026-09-25T21:50:12Z,mexico-city,2026-09-25,2026-09-25 15:50,15,16°C or below,0.0,0.001,0.001,1015,
2026-09-25T21:50:12Z,mexico-city,2026-09-25,2026-09-25 15:50,15,17°C,0.0,0.001,0.001,15,
2026-09-25T21:50:12Z,mexico-city,2026-09-25,2026-09-25 15:50,15,18°C,0.0,0.001,0.001,15,
2026-09-25T21:50:12Z,mexico-city,2026-09-25,2026-09-25 15:50,15,19°C,0.0,0.001,0.001,15,
2026-09-25T21:50:12Z,mexico-city,2026-09-25,2026-09-25 15:50,15,20°C,0.0,0.001,0.001,15,
2026-09-25T21:50:12Z,mexico-city,2026-09-25,2026-09-25 15:50,15,21°C,0.0,0.001,0.001,145,
2026-09-25T21:50:12Z,mexico-city,2026-09-25,2026-09-25 15:50,15,22°C,0.0,0.001,0.001,232,
2026-09-25T21:50:12Z,mexico-city,2026-09-25,2026-09-25 15:50,15,23°C,0.0,0.001,0.001,523,
2026-09-25T21:50:12Z,mexico-city,2026-09-25,2026-09-25 15:50,15,24°C,0.0,0.001,0.001,3913,
2026-09-25T21:50:12Z,mexico-city,2026-09-25,2026-09-25 15:50,15,25°C,0.967,0.99,0.023,3765,0.95
2026-09-25T21:50:12Z,mexico-city,2026-09-25,2026-09-25 15:50,15,26°C or higher,0.033,0.04,0.007,4199,0.01
2026-09-25T21:55:01Z,denver,2026-09-25,2026-09-25 15:55,15,67°F or below,0.0,0.001,0.001,1349,
2026-09-25T21:55:01Z,denver,2026-09-25,2026-09-25 15:55,15,68-69°F,0.0,0.001,0.001,966,
2026-09-25T21:55:01Z,denver,2026-09-25,2026-09-25 15:55,15,70-71°F,0.0,0.001,0.001,2280,
2026-09-25T21:55:01Z,denver,2026-09-25,2026-09-25 15:55,15,72-73°F,0.0,0.001,0.001,4921,
2026-09-25T21:55:01Z,denver,2026-09-25,2026-09-25 15:55,15,74-75°F,0.867,0.989,0.122,5054,0.98
2026-09-25T21:55:01Z,denver,2026-09-25,2026-09-25 15:55,15,76-77°F,0.133,0.02,-0.113,3929,
2026-09-25T21:55:01Z,denver,2026-09-25,2026-09-25 15:55,15,78-79°F,0.0,0.02,0.02,2378,
2026-09-25T21:55:01Z,denver,2026-09-25,2026-09-25 15:55,15,80-81°F,0.0,0.005,0.005,2302,
2026-09-25T21:55:01Z,denver,2026-09-25,2026-09-25 15:55,15,82-83°F,0.0,0.001,0.001,890,
2026-09-25T21:55:01Z,denver,2026-09-25,2026-09-25 15:55,15,84-85°F,0.0,0.001,0.001,200,
2026-09-25T21:55:01Z,denver,2026-09-25,2026-09-25 15:55,15,86°F or higher,0.0,0.001,0.001,100,
2026-09-25T21:55:01Z,mexico-city,2026-09-25,2026-09-25 15:55,15,16°C or below,0.0,0.001,0.001,1015,
2026-09-25T21:55:01Z,mexico-city,2026-09-25,2026-09-25 15:55,15,17°C,0.0,0.001,0.001,15,
2026-09-25T21:55:01Z,mexico-city,2026-09-25,2026-09-25 15:55,15,18°C,0.0,0.001,0.001,15,
2026-09-25T21:55:01Z,mexico-city,2026-09-25,2026-09-25 15:55,15,19°C,0.0,0.001,0.001,15,
2026-09-25T21:55:01Z,mexico-city,2026-09-25,2026-09-25 15:55,15,20°C,0.0,0.001,0.001,15,
2026-09-25T21:55:01Z,mexico-city,2026-09-25,2026-09-25 15:55,15,21°C,0.0,0.001,0.001,145,
2026-09-25T21:55:01Z,mexico-city,2026-09-25,2026-09-25 15:55,15,22°C,0.0,0.001,0.001,232,
2026-09-25T21:55:01Z,mexico-city,2026-09-25,2026-09-25 15:55,15,23°C,0.0,0.001,0.001,523,
2026-09-25T21:55:01Z,mexico-city,2026-09-25,2026-09-25 15:55,15,24°C,0.0,0.001,0.001,3913,
2026-09-25T21:55:01Z,mexico-city,2026-09-25,2026-09-25 15:55,15,25°C,0.967,0.99,0.023,3790,0.95
2026-09-25T21:55:01Z,mexico-city,2026-09-25,2026-09-25 15:55,15,26°C or higher,0.033,0.04,0.007,4204,0.01
2026-09-25T22:01:02Z,atlanta,2026-09-25,2026-09-25 18:00,18,69°F or below,0.0,0.001,0.001,614,
2026-09-25T22:01:02Z,atlanta,2026-09-25,2026-09-25 18:00,18,70-71°F,0.0,0.001,0.001,1271,
2026-09-25T22:01:02Z,atlanta,2026-09-25,2026-09-25 18:00,18,72-73°F,0.0,0.001,0.001,4402,
2026-09-25T22:01:02Z,atlanta,2026-09-25,2026-09-25 18:00,18,74-75°F,0.0,0.001,0.001,6533,
2026-09-25T22:01:02Z,atlanta,2026-09-25,2026-09-25 18:00,18,76-77°F,1.0,0.999,-0.001,5892,0.998
2026-09-25T22:01:02Z,atlanta,2026-09-25,2026-09-25 18:00,18,78-79°F,0.0,0.006,0.006,6314,0.001
2026-09-25T22:01:02Z,atlanta,2026-09-25,2026-09-25 18:00,18,80-81°F,0.0,0.007,0.007,2153,
2026-09-25T22:01:02Z,atlanta,2026-09-25,2026-09-25 18:00,18,82-83°F,0.0,0.001,0.001,2466,
2026-09-25T22:01:02Z,atlanta,2026-09-25,2026-09-25 18:00,18,84-85°F,0.0,0.001,0.001,422,
2026-09-25T22:01:02Z,atlanta,2026-09-25,2026-09-25 18:00,18,86-87°F,0.0,0.001,0.001,105,
2026-09-25T22:01:02Z,atlanta,2026-09-25,2026-09-25 18:00,18,88°F or higher,0.0,0.001,0.001,105,
2026-09-25T22:01:02Z,austin,2026-09-25,2026-09-25 17:00,17,87°F or below,0.0,0.001,0.001,100,
2026-09-25T22:01:02Z,austin,2026-09-25,2026-09-25 17:00,17,88-89°F,0.0,0.001,0.001,180,
2026-09-25T22:01:02Z,austin,2026-09-25,2026-09-25 17:00,17,90-91°F,0.0,0.001,0.001,186,
2026-09-25T22:01:02Z,austin,2026-09-25,2026-09-25 17:00,17,92-93°F,0.0,0.001,0.001,1026,
2026-09-25T22:01:02Z,austin,2026-09-25,2026-09-25 17:00,17,94-95°F,0.0,0.001,0.001,4023,
2026-09-25T22:01:02Z,austin,2026-09-25,2026-09-25 17:00,17,96-97°F,1.0,1.0,0.0,3084,0.75
2026-09-25T22:01:02Z,austin,2026-09-25,2026-09-25 17:00,17,98-99°F,0.0,0.16,0.16,1991,0.02
2026-09-25T22:01:02Z,austin,2026-09-25,2026-09-25 17:00,17,100-101°F,0.0,0.23,0.23,686,
2026-09-25T22:01:02Z,austin,2026-09-25,2026-09-25 17:00,17,102-103°F,0.0,0.006,0.006,245,
2026-09-25T22:01:02Z,austin,2026-09-25,2026-09-25 17:00,17,104-105°F,0.0,0.001,0.001,405,
2026-09-25T22:01:02Z,austin,2026-09-25,2026-09-25 17:00,17,106°F or higher,0.0,0.001,0.001,169,
2026-09-25T22:01:02Z,chicago,2026-09-25,2026-09-25 17:00,17,57°F or below,0.0,0.001,0.001,188,
2026-09-25T22:01:02Z,chicago,2026-09-25,2026-09-25 17:00,17,58-59°F,0.0,0.001,0.001,95,
2026-09-25T22:01:02Z,chicago,2026-09-25,2026-09-25 17:00,17,60-61°F,0.0,0.001,0.001,363,
2026-09-25T22:01:02Z,chicago,2026-09-25,2026-09-25 17:00,17,62-63°F,0.0,0.001,0.001,1804,
2026-09-25T22:01:02Z,chicago,2026-09-25,2026-09-25 17:00,17,64-65°F,1.0,1.0,0.0,4461,0.99
2026-09-25T22:01:02Z,chicago,2026-09-25,2026-09-25 17:00,17,66-67°F,0.0,0.009,0.009,7246,0.002
2026-09-25T22:01:02Z,chicago,2026-09-25,2026-09-25 17:00,17,68-69°F,0.0,0.003,0.003,4996,0.001
2026-09-25T22:01:02Z,chicago,2026-09-25,2026-09-25 17:00,17,70-71°F,0.0,0.001,0.001,3587,
2026-09-25T22:01:02Z,chicago,2026-09-25,2026-09-25 17:00,17,72-73°F,0.0,0.001,0.001,3146,
2026-09-25T22:01:02Z,chicago,2026-09-25,2026-09-25 17:00,17,74-75°F,0.0,0.001,0.001,666,
2026-09-25T22:01:02Z,chicago,2026-09-25,2026-09-25 17:00,17,76°F or higher,0.0,0.001,0.001,100,
2026-09-25T22:01:02Z,dallas,2026-09-25,2026-09-25 17:00,17,85°F or below,0.0,0.001,0.001,866,
2026-09-25T22:01:02Z,dallas,2026-09-25,2026-09-25 17:00,17,86-87°F,0.0,0.001,0.001,1265,
2026-09-25T22:01:02Z,dallas,2026-09-25,2026-09-25 17:00,17,88-89°F,0.0,0.001,0.001,9228,
2026-09-25T22:01:02Z,dallas,2026-09-25,2026-09-25 17:00,17,90-91°F,0.0,0.001,0.001,5893,
2026-09-25T22:01:02Z,dallas,2026-09-25,2026-09-25 17:00,17,92-93°F,1.0,0.99,-0.01,5118,0.97
2026-09-25T22:01:02Z,dallas,2026-09-25,2026-09-25 17:00,17,94-95°F,0.0,0.045,0.045,5174,0.02
2026-09-25T22:01:02Z,dallas,2026-09-25,2026-09-25 17:00,17,96-97°F,0.0,0.002,0.002,2780,
2026-09-25T22:01:02Z,dallas,2026-09-25,2026-09-25 17:00,17,98-99°F,0.0,0.001,0.001,4148,
2026-09-25T22:01:02Z,dallas,2026-09-25,2026-09-25 17:00,17,100-101°F,0.0,0.001,0.001,1172,
2026-09-25T22:01:02Z,dallas,2026-09-25,2026-09-25 17:00,17,102-103°F,0.0,0.001,0.001,95,
2026-09-25T22:01:02Z,dallas,2026-09-25,2026-09-25 17:00,17,104°F or higher,0.0,0.001,0.001,165,
2026-09-25T22:01:02Z,denver,2026-09-25,2026-09-25 16:00,16,67°F or below,0.0,0.001,0.001,1349,
2026-09-25T22:01:02Z,denver,2026-09-25,2026-09-25 16:00,16,68-69°F,0.0,0.001,0.001,966,
2026-09-25T22:01:02Z,denver,2026-09-25,2026-09-25 16:00,16,70-71°F,0.0,0.001,0.001,2388,
2026-09-25T22:01:02Z,denver,2026-09-25,2026-09-25 16:00,16,72-73°F,0.0,0.001,0.001,4921,
2026-09-25T22:01:02Z,denver,2026-09-25,2026-09-25 16:00,16,74-75°F,1.0,0.979,-0.021,5153,0.932
2026-09-25T22:01:02Z,denver,2026-09-25,2026-09-25 16:00,16,76-77°F,0.0,0.02,0.02,3943,
2026-09-25T22:01:02Z,denver,2026-09-25,2026-09-25 16:00,16,78-79°F,0.0,0.02,0.02,2378,
2026-09-25T22:01:02Z,denver,2026-09-25,2026-09-25 16:00,16,80-81°F,0.0,0.004,0.004,2302,
2026-09-25T22:01:02Z,denver,2026-09-25,2026-09-25 16:00,16,82-83°F,0.0,0.001,0.001,890,
2026-09-25T22:01:02Z,denver,2026-09-25,2026-09-25 16:00,16,84-85°F,0.0,0.001,0.001,200,
2026-09-25T22:01:02Z,denver,2026-09-25,2026-09-25 16:00,16,86°F or higher,0.0,0.001,0.001,100,
2026-09-25T22:01:02Z,houston,2026-09-25,2026-09-25 17:00,17,83°F or below,0.0,0.001,0.001,100,
2026-09-25T22:01:02Z,houston,2026-09-25,2026-09-25 17:00,17,84-85°F,0.0,0.001,0.001,180,
2026-09-25T22:01:02Z,houston,2026-09-25,2026-09-25 17:00,17,86-87°F,0.0,0.001,0.001,2361,
2026-09-25T22:01:02Z,houston,2026-09-25,2026-09-25 17:00,17,88-89°F,0.0,0.001,0.001,6666,
2026-09-25T22:01:02Z,houston,2026-09-25,2026-09-25 17:00,17,90-91°F,1.0,0.99,-0.01,4638,0.95
2026-09-25T22:01:02Z,houston,2026-09-25,2026-09-25 17:00,17,92-93°F,0.0,0.04,0.04,5848,0.01
2026-09-25T22:01:02Z,houston,2026-09-25,2026-09-25 17:00,17,94-95°F,0.0,0.01,0.01,2801,0.002
2026-09-25T22:01:02Z,houston,2026-09-25,2026-09-25 17:00,17,96-97°F,0.0,0.001,0.001,816,
2026-09-25T22:01:02Z,houston,2026-09-25,2026-09-25 17:00,17,98-99°F,0.0,0.001,0.001,30,
2026-09-25T22:01:02Z,houston,2026-09-25,2026-09-25 17:00,17,100-101°F,0.0,0.001,0.001,215,
2026-09-25T22:01:02Z,houston,2026-09-25,2026-09-25 17:00,17,102°F or higher,0.0,0.001,0.001,100,
2026-09-25T22:01:02Z,los-angeles,2026-09-25,2026-09-25 15:00,15,73°F or below,0.0,0.001,0.001,1433,
2026-09-25T22:01:02Z,los-angeles,2026-09-25,2026-09-25 15:00,15,74-75°F,0.0,0.001,0.001,10869,
2026-09-25T22:01:02Z,los-angeles,2026-09-25,2026-09-25 15:00,15,76-77°F,0.967,1.0,0.033,8955,0.95
2026-09-25T22:01:02Z,los-angeles,2026-09-25,2026-09-25 15:00,15,78-79°F,0.0,0.03,0.03,5951,
2026-09-25T22:01:02Z,los-angeles,2026-09-25,2026-09-25 15:00,15,80-81°F,0.0,0.01,0.01,5038,0.001
2026-09-25T22:01:02Z,los-angeles,2026-09-25,2026-09-25 15:00,15,82-83°F,0.033,0.001,-0.032,2432,
2026-09-25T22:01:02Z,los-angeles,2026-09-25,2026-09-25 15:00,15,84-85°F,0.0,0.001,0.001,1656,
2026-09-25T22:01:02Z,los-angeles,2026-09-25,2026-09-25 15:00,15,86-87°F,0.0,0.001,0.001,348,
2026-09-25T22:01:02Z,los-angeles,2026-09-25,2026-09-25 15:00,15,88-89°F,0.0,0.001,0.001,105,
2026-09-25T22:01:02Z,los-angeles,2026-09-25,2026-09-25 15:00,15,90-91°F,0.0,0.001,0.001,100,
2026-09-25T22:01:02Z,los-angeles,2026-09-25,2026-09-25 15:00,15,92°F or higher,0.0,0.001,0.001,510,
2026-09-25T22:01:02Z,mexico-city,2026-09-25,2026-09-25 16:00,16,16°C or below,0.0,0.001,0.001,1015,
2026-09-25T22:01:02Z,mexico-city,2026-09-25,2026-09-25 16:00,16,17°C,0.0,0.001,0.001,15,
2026-09-25T22:01:02Z,mexico-city,2026-09-25,2026-09-25 16:00,16,18°C,0.0,0.001,0.001,15,
2026-09-25T22:01:02Z,mexico-city,2026-09-25,2026-09-25 16:00,16,19°C,0.0,0.001,0.001,15,
2026-09-25T22:01:02Z,mexico-city,2026-09-25,2026-09-25 16:00,16,20°C,0.0,0.001,0.001,15,
2026-09-25T22:01:02Z,mexico-city,2026-09-25,2026-09-25 16:00,16,21°C,0.0,0.001,0.001,145,
2026-09-25T22:01:02Z,mexico-city,2026-09-25,2026-09-25 16:00,16,22°C,0.0,0.001,0.001,232,
2026-09-25T22:01:02Z,mexico-city,2026-09-25,2026-09-25 16:00,16,23°C,0.0,0.001,0.001,523,
2026-09-25T22:01:02Z,mexico-city,2026-09-25,2026-09-25 16:00,16,24°C,0.0,0.001,0.001,3913,
2026-09-25T22:01:02Z,mexico-city,2026-09-25,2026-09-25 16:00,16,25°C,1.0,0.99,-0.01,3790,0.97
2026-09-25T22:01:02Z,mexico-city,2026-09-25,2026-09-25 16:00,16,26°C or higher,0.0,0.04,0.04,4204,0.01
2026-09-25T22:01:02Z,miami,2026-09-25,2026-09-25 18:00,18,75°F or below,0.0,0.001,0.001,95,
2026-09-25T22:01:02Z,miami,2026-09-25,2026-09-25 18:00,18,76-77°F,0.0,0.001,0.001,95,
2026-09-25T22:01:02Z,miami,2026-09-25,2026-09-25 18:00,18,78-79°F,0.0,0.001,0.001,260,
2026-09-25T22:01:02Z,miami,2026-09-25,2026-09-25 18:00,18,80-81°F,0.0,0.001,0.001,3878,
2026-09-25T22:01:02Z,miami,2026-09-25,2026-09-25 18:00,18,82-83°F,0.0,0.001,0.001,4316,
2026-09-25T22:01:02Z,miami,2026-09-25,2026-09-25 18:00,18,84-85°F,0.0,0.001,0.001,5134,
2026-09-25T22:01:02Z,miami,2026-09-25,2026-09-25 18:00,18,86-87°F,0.0,0.001,0.001,14080,
2026-09-25T22:01:02Z,miami,2026-09-25,2026-09-25 18:00,18,88-89°F,0.0,0.001,0.001,8958,
2026-09-25T22:01:02Z,miami,2026-09-25,2026-09-25 18:00,18,90-91°F,1.0,0.999,-0.001,12294,0.998
2026-09-25T22:01:02Z,miami,2026-09-25,2026-09-25 18:00,18,92-93°F,0.0,0.004,0.004,10172,0.001
2026-09-25T22:01:02Z,miami,2026-09-25,2026-09-25 18:00,18,94°F or higher,0.0,0.001,0.001,9695,
2026-09-25T22:01:02Z,nyc,2026-09-25,2026-09-25 18:00,18,57°F or below,0.0,0.001,0.001,100,
2026-09-25T22:01:02Z,nyc,2026-09-25,2026-09-25 18:00,18,58-59°F,0.0,0.001,0.001,2710,
2026-09-25T22:01:02Z,nyc,2026-09-25,2026-09-25 18:00,18,60-61°F,0.0,0.001,0.001,4127,
2026-09-25T22:01:02Z,nyc,2026-09-25,2026-09-25 18:00,18,62-63°F,0.0,0.001,0.001,7396,
2026-09-25T22:01:02Z,nyc,2026-09-25,2026-09-25 18:00,18,64-65°F,0.0,0.001,0.001,5044,
2026-09-25T22:01:02Z,nyc,2026-09-25,2026-09-25 18:00,18,66-67°F,0.0,0.001,0.001,6592,
2026-09-25T22:01:02Z,nyc,2026-09-25,2026-09-25 18:00,18,68-69°F,1.0,0.99,-0.01,15221,0.93
2026-09-25T22:01:02Z,nyc,2026-09-25,2026-09-25 18:00,18,70-71°F,0.0,0.08,0.08,11147,0.02
2026-09-25T22:01:02Z,nyc,2026-09-25,2026-09-25 18:00,18,72-73°F,0.0,0.003,0.003,9709,0.002
2026-09-25T22:01:02Z,nyc,2026-09-25,2026-09-25 18:00,18,74-75°F,0.0,0.001,0.001,6655,
2026-09-25T22:01:02Z,nyc,2026-09-25,2026-09-25 18:00,18,76°F or higher,0.0,0.001,0.001,3233,
2026-09-25T22:01:02Z,panama-city,2026-09-25,2026-09-25 17:00,17,23°C or below,0.0,0.001,0.001,95,
2026-09-25T22:01:02Z,panama-city,2026-09-25,2026-09-25 17:00,17,24°C,0.0,0.001,0.001,25,
2026-09-25T22:01:02Z,panama-city,2026-09-25,2026-09-25 17:00,17,25°C,0.0,0.001,0.001,15,
2026-09-25T22:01:02Z,panama-city,2026-09-25,2026-09-25 17:00,17,26°C,0.0,0.001,0.001,42,
2026-09-25T22:01:02Z,panama-city,2026-09-25,2026-09-25 17:00,17,27°C,0.0,0.001,0.001,35,
2026-09-25T22:01:02Z,panama-city,2026-09-25,2026-09-25 17:00,17,28°C,0.0,0.001,0.001,165,
2026-09-25T22:01:02Z,panama-city,2026-09-25,2026-09-25 17:00,17,29°C,0.0,0.001,0.001,3481,
2026-09-25T22:01:02Z,panama-city,2026-09-25,2026-09-25 17:00,17,30°C,1.0,0.999,-0.001,2848,0.996
2026-09-25T22:01:02Z,panama-city,2026-09-25,2026-09-25 17:00,17,31°C,0.0,0.008,0.008,2435,0.002
2026-09-25T22:01:02Z,panama-city,2026-09-25,2026-09-25 17:00,17,32°C,0.0,0.003,0.003,3679,0.001
2026-09-25T22:01:02Z,panama-city,2026-09-25,2026-09-25 17:00,17,33°C or higher,0.0,0.001,0.001,1501,
2026-09-25T22:01:02Z,san-francisco,2026-09-25,2026-09-25 15:00,15,61°F or below,0.0,0.001,0.001,630,
2026-09-25T22:01:02Z,san-francisco,2026-09-25,2026-09-25 15:00,15,62-63°F,0.0,0.001,0.001,1782,
2026-09-25T22:01:02Z,san-francisco,2026-09-25,2026-09-25 15:00,15,64-65°F,0.0,0.001,0.001,768,
2026-09-25T22:01:02Z,san-francisco,2026-09-25,2026-09-25 15:00,15,66-67°F,0.0,0.001,0.001,4244,
2026-09-25T22:01:02Z,san-francisco,2026-09-25,2026-09-25 15:00,15,68-69°F,0.0,0.001,0.001,3187,
2026-09-25T22:01:02Z,san-francisco,2026-09-25,2026-09-25 15:00,15,70-71°F,1.0,1.0,0.0,2053,0.96
2026-09-25T22:01:02Z,san-francisco,2026-09-25,2026-09-25 15:00,15,72-73°F,0.0,0.05,0.05,4691,0.01
2026-09-25T22:01:02Z,san-francisco,2026-09-25,2026-09-25 15:00,15,74-75°F,0.0,0.009,0.009,4450,
2026-09-25T22:01:02Z,san-francisco,2026-09-25,2026-09-25 15:00,15,76-77°F,0.0,0.001,0.001,2488,
2026-09-25T22:01:02Z,san-francisco,2026-09-25,2026-09-25 15:00,15,78-79°F,0.0,0.001,0.001,2121,
2026-09-25T22:01:02Z,san-francisco,2026-09-25,2026-09-25 15:00,15,80°F or higher,0.0,0.001,0.001,643,
2026-09-25T22:01:02Z,seattle,2026-09-25,2026-09-25 15:00,15,49°F or below,0.0,0.001,0.001,95,
2026-09-25T22:01:02Z,seattle,2026-09-25,2026-09-25 15:00,15,50-51°F,0.0,0.001,0.001,3580,
2026-09-25T22:01:02Z,seattle,2026-09-25,2026-09-25 15:00,15,52-53°F,0.0,0.001,0.001,16299,
2026-09-25T22:01:02Z,seattle,2026-09-25,2026-09-25 15:00,15,54-55°F,0.0,0.001,0.001,16539,
2026-09-25T22:01:02Z,seattle,2026-09-25,2026-09-25 15:00,15,56-57°F,0.0,0.001,0.001,4945,
2026-09-25T22:01:02Z,seattle,2026-09-25,2026-09-25 15:00,15,58-59°F,0.0,0.001,0.001,14705,
2026-09-25T22:01:02Z,seattle,2026-09-25,2026-09-25 15:00,15,60-61°F,0.867,0.97,0.103,4679,0.88
2026-09-25T22:01:02Z,seattle,2026-09-25,2026-09-25 15:00,15,62-63°F,0.133,0.07,-0.063,3793,0.03
2026-09-25T22:01:02Z,seattle,2026-09-25,2026-09-25 15:00,15,64-65°F,0.0,0.009,0.009,1940,
2026-09-25T22:01:02Z,seattle,2026-09-25,2026-09-25 15:00,15,66-67°F,0.0,0.001,0.001,993,
2026-09-25T22:01:02Z,seattle,2026-09-25,2026-09-25 15:00,15,68°F or higher,0.0,0.001,0.001,1400,
2026-09-25T22:01:02Z,toronto,2026-09-25,2026-09-25 18:00,18,16°C or below,0.0,0.001,0.001,45,
2026-09-25T22:01:02Z,toronto,2026-09-25,2026-09-25 18:00,18,17°C,0.0,0.001,0.001,262,
2026-09-25T22:01:02Z,toronto,2026-09-25,2026-09-25 18:00,18,18°C,0.0,0.001,0.001,2614,
2026-09-25T22:01:02Z,toronto,2026-09-25,2026-09-25 18:00,18,19°C,0.0,0.001,0.001,2468,
2026-09-25T22:01:02Z,toronto,2026-09-25,2026-09-25 18:00,18,20°C,0.0,0.001,0.001,7268,
2026-09-25T22:01:02Z,toronto,2026-09-25,2026-09-25 18:00,18,21°C,1.0,0.999,-0.001,4628,0.992
2026-09-25T22:01:02Z,toronto,2026-09-25,2026-09-25 18:00,18,22°C,0.0,0.005,0.005,3196,0.002
2026-09-25T22:01:02Z,toronto,2026-09-25,2026-09-25 18:00,18,23°C,0.0,0.004,0.004,2158,
2026-09-25T22:01:02Z,toronto,2026-09-25,2026-09-25 18:00,18,24°C,0.0,0.001,0.001,367,
2026-09-25T22:01:02Z,toronto,2026-09-25,2026-09-25 18:00,18,25°C,0.0,0.001,0.001,953,
2026-09-25T22:01:02Z,toronto,2026-09-25,2026-09-25 18:00,18,26°C or higher,0.0,0.001,0.001,145,
2026-09-25T22:10:01Z,denver,2026-09-25,2026-09-25 16:10,16,67°F or below,0.0,0.001,0.001,1349,
2026-09-25T22:10:01Z,denver,2026-09-25,2026-09-25 16:10,16,68-69°F,0.0,0.001,0.001,966,
2026-09-25T22:10:01Z,denver,2026-09-25,2026-09-25 16:10,16,70-71°F,0.0,0.001,0.001,2388,
2026-09-25T22:10:01Z,denver,2026-09-25,2026-09-25 16:10,16,72-73°F,0.0,0.001,0.001,4921,
2026-09-25T22:10:01Z,denver,2026-09-25,2026-09-25 16:10,16,74-75°F,1.0,0.989,-0.011,5153,0.976
2026-09-25T22:10:01Z,denver,2026-09-25,2026-09-25 16:10,16,76-77°F,0.0,0.02,0.02,3943,
2026-09-25T22:10:01Z,denver,2026-09-25,2026-09-25 16:10,16,78-79°F,0.0,0.01,0.01,2378,
2026-09-25T22:10:01Z,denver,2026-09-25,2026-09-25 16:10,16,80-81°F,0.0,0.001,0.001,2302,
2026-09-25T22:10:01Z,denver,2026-09-25,2026-09-25 16:10,16,82-83°F,0.0,0.001,0.001,890,
2026-09-25T22:10:01Z,denver,2026-09-25,2026-09-25 16:10,16,84-85°F,0.0,0.001,0.001,200,
2026-09-25T22:10:01Z,denver,2026-09-25,2026-09-25 16:10,16,86°F or higher,0.0,0.001,0.001,100,
2026-09-25T22:10:01Z,los-angeles,2026-09-25,2026-09-25 15:10,15,73°F or below,0.0,0.001,0.001,1433,
2026-09-25T22:10:01Z,los-angeles,2026-09-25,2026-09-25 15:10,15,74-75°F,0.0,0.001,0.001,10869,
2026-09-25T22:10:01Z,los-angeles,2026-09-25,2026-09-25 15:10,15,76-77°F,0.967,0.995,0.028,8955,0.98
2026-09-25T22:10:01Z,los-angeles,2026-09-25,2026-09-25 15:10,15,78-79°F,0.0,0.02,0.02,5951,
2026-09-25T22:10:01Z,los-angeles,2026-09-25,2026-09-25 15:10,15,80-81°F,0.0,0.006,0.006,5038,0.001
2026-09-25T22:10:01Z,los-angeles,2026-09-25,2026-09-25 15:10,15,82-83°F,0.033,0.001,-0.032,2432,
2026-09-25T22:10:01Z,los-angeles,2026-09-25,2026-09-25 15:10,15,84-85°F,0.0,0.001,0.001,1656,
2026-09-25T22:10:01Z,los-angeles,2026-09-25,2026-09-25 15:10,15,86-87°F,0.0,0.001,0.001,348,
2026-09-25T22:10:01Z,los-angeles,2026-09-25,2026-09-25 15:10,15,88-89°F,0.0,0.001,0.001,105,
2026-09-25T22:10:01Z,los-angeles,2026-09-25,2026-09-25 15:10,15,90-91°F,0.0,0.001,0.001,100,
2026-09-25T22:10:01Z,los-angeles,2026-09-25,2026-09-25 15:10,15,92°F or higher,0.0,0.001,0.001,510,
2026-09-25T22:10:01Z,mexico-city,2026-09-25,2026-09-25 16:10,16,16°C or below,0.0,0.001,0.001,1015,
2026-09-25T22:10:01Z,mexico-city,2026-09-25,2026-09-25 16:10,16,17°C,0.0,0.001,0.001,15,
2026-09-25T22:10:01Z,mexico-city,2026-09-25,2026-09-25 16:10,16,18°C,0.0,0.001,0.001,15,
2026-09-25T22:10:01Z,mexico-city,2026-09-25,2026-09-25 16:10,16,19°C,0.0,0.001,0.001,15,
2026-09-25T22:10:01Z,mexico-city,2026-09-25,2026-09-25 16:10,16,20°C,0.0,0.001,0.001,15,
2026-09-25T22:10:01Z,mexico-city,2026-09-25,2026-09-25 16:10,16,21°C,0.0,0.001,0.001,145,
2026-09-25T22:10:01Z,mexico-city,2026-09-25,2026-09-25 16:10,16,22°C,0.0,0.001,0.001,232,
2026-09-25T22:10:01Z,mexico-city,2026-09-25,2026-09-25 16:10,16,23°C,0.0,0.001,0.001,523,
2026-09-25T22:10:01Z,mexico-city,2026-09-25,2026-09-25 16:10,16,24°C,0.0,0.001,0.001,3913,
2026-09-25T22:10:01Z,mexico-city,2026-09-25,2026-09-25 16:10,16,25°C,1.0,0.99,-0.01,3890,0.98
2026-09-25T22:10:01Z,mexico-city,2026-09-25,2026-09-25 16:10,16,26°C or higher,0.0,0.009,0.009,4229,0.002
2026-09-25T22:10:01Z,san-francisco,2026-09-25,2026-09-25 15:10,15,61°F or below,0.0,0.001,0.001,630,
2026-09-25T22:10:01Z,san-francisco,2026-09-25,2026-09-25 15:10,15,62-63°F,0.0,0.001,0.001,1782,
2026-09-25T22:10:01Z,san-francisco,2026-09-25,2026-09-25 15:10,15,64-65°F,0.0,0.001,0.001,768,
2026-09-25T22:10:01Z,san-francisco,2026-09-25,2026-09-25 15:10,15,66-67°F,0.0,0.001,0.001,4244,
2026-09-25T22:10:01Z,san-francisco,2026-09-25,2026-09-25 15:10,15,68-69°F,0.0,0.001,0.001,3187,
2026-09-25T22:10:01Z,san-francisco,2026-09-25,2026-09-25 15:10,15,70-71°F,1.0,1.0,0.0,2130,0.96
2026-09-25T22:10:01Z,san-francisco,2026-09-25,2026-09-25 15:10,15,72-73°F,0.0,0.03,0.03,4710,
2026-09-25T22:10:01Z,san-francisco,2026-09-25,2026-09-25 15:10,15,74-75°F,0.0,0.009,0.009,4450,
2026-09-25T22:10:01Z,san-francisco,2026-09-25,2026-09-25 15:10,15,76-77°F,0.0,0.001,0.001,2488,
2026-09-25T22:10:01Z,san-francisco,2026-09-25,2026-09-25 15:10,15,78-79°F,0.0,0.001,0.001,2121,
2026-09-25T22:10:01Z,san-francisco,2026-09-25,2026-09-25 15:10,15,80°F or higher,0.0,0.001,0.001,643,
2026-09-25T22:10:01Z,seattle,2026-09-25,2026-09-25 15:10,15,49°F or below,0.0,0.001,0.001,95,
2026-09-25T22:10:01Z,seattle,2026-09-25,2026-09-25 15:10,15,50-51°F,0.0,0.001,0.001,3580,
2026-09-25T22:10:01Z,seattle,2026-09-25,2026-09-25 15:10,15,52-53°F,0.0,0.001,0.001,16299,
2026-09-25T22:10:01Z,seattle,2026-09-25,2026-09-25 15:10,15,54-55°F,0.0,0.001,0.001,16539,
2026-09-25T22:10:01Z,seattle,2026-09-25,2026-09-25 15:10,15,56-57°F,0.0,0.001,0.001,4945,
2026-09-25T22:10:01Z,seattle,2026-09-25,2026-09-25 15:10,15,58-59°F,0.0,0.001,0.001,14710,
2026-09-25T22:10:01Z,seattle,2026-09-25,2026-09-25 15:10,15,60-61°F,0.867,0.98,0.113,4741,0.96
2026-09-25T22:10:01Z,seattle,2026-09-25,2026-09-25 15:10,15,62-63°F,0.133,0.05,-0.083,3827,0.03
2026-09-25T22:10:01Z,seattle,2026-09-25,2026-09-25 15:10,15,64-65°F,0.0,0.009,0.009,1940,
2026-09-25T22:10:01Z,seattle,2026-09-25,2026-09-25 15:10,15,66-67°F,0.0,0.001,0.001,993,
2026-09-25T22:10:01Z,seattle,2026-09-25,2026-09-25 15:10,15,68°F or higher,0.0,0.001,0.001,1400,
2026-09-25T22:15:02Z,atlanta,2026-09-25,2026-09-25 18:15,18,69°F or below,0.0,0.001,0.001,614,
2026-09-25T22:15:02Z,atlanta,2026-09-25,2026-09-25 18:15,18,70-71°F,0.0,0.001,0.001,1271,
2026-09-25T22:15:02Z,atlanta,2026-09-25,2026-09-25 18:15,18,72-73°F,0.0,0.001,0.001,4402,
2026-09-25T22:15:02Z,atlanta,2026-09-25,2026-09-25 18:15,18,74-75°F,0.0,0.001,0.001,6533,
2026-09-25T22:15:02Z,atlanta,2026-09-25,2026-09-25 18:15,18,76-77°F,1.0,0.999,-0.001,6198,0.994
2026-09-25T22:15:02Z,atlanta,2026-09-25,2026-09-25 18:15,18,78-79°F,0.0,0.003,0.003,6581,0.001
2026-09-25T22:15:02Z,atlanta,2026-09-25,2026-09-25 18:15,18,80-81°F,0.0,0.001,0.001,2153,
2026-09-25T22:15:02Z,atlanta,2026-09-25,2026-09-25 18:15,18,82-83°F,0.0,0.001,0.001,2466,
2026-09-25T22:15:02Z,atlanta,2026-09-25,2026-09-25 18:15,18,84-85°F,0.0,0.001,0.001,422,
2026-09-25T22:15:02Z,atlanta,2026-09-25,2026-09-25 18:15,18,86-87°F,0.0,0.001,0.001,105,
2026-09-25T22:15:02Z,atlanta,2026-09-25,2026-09-25 18:15,18,88°F or higher,0.0,0.001,0.001,105,
2026-09-25T22:15:02Z,austin,2026-09-25,2026-09-25 17:15,17,87°F or below,0.0,0.001,0.001,100,
2026-09-25T22:15:02Z,austin,2026-09-25,2026-09-25 17:15,17,88-89°F,0.0,0.001,0.001,180,
2026-09-25T22:15:02Z,austin,2026-09-25,2026-09-25 17:15,17,90-91°F,0.0,0.001,0.001,186,
2026-09-25T22:15:02Z,austin,2026-09-25,2026-09-25 17:15,17,92-93°F,0.0,0.001,0.001,1026,
2026-09-25T22:15:02Z,austin,2026-09-25,2026-09-25 17:15,17,94-95°F,0.0,0.001,0.001,4023,
2026-09-25T22:15:02Z,austin,2026-09-25,2026-09-25 17:15,17,96-97°F,1.0,1.0,0.0,3437,0.6
2026-09-25T22:15:02Z,austin,2026-09-25,2026-09-25 17:15,17,98-99°F,0.0,0.42,0.42,2037,0.19
2026-09-25T22:15:02Z,austin,2026-09-25,2026-09-25 17:15,17,100-101°F,0.0,0.1,0.1,686,
2026-09-25T22:15:02Z,austin,2026-09-25,2026-09-25 17:15,17,102-103°F,0.0,0.001,0.001,245,
2026-09-25T22:15:02Z,austin,2026-09-25,2026-09-25 17:15,17,104-105°F,0.0,0.001,0.001,405,
2026-09-25T22:15:02Z,austin,2026-09-25,2026-09-25 17:15,17,106°F or higher,0.0,0.001,0.001,169,
2026-09-25T22:15:02Z,chicago,2026-09-25,2026-09-25 17:15,17,57°F or below,0.0,0.001,0.001,188,
2026-09-25T22:15:02Z,chicago,2026-09-25,2026-09-25 17:15,17,58-59°F,0.0,0.001,0.001,95,
2026-09-25T22:15:02Z,chicago,2026-09-25,2026-09-25 17:15,17,60-61°F,0.0,0.001,0.001,363,
2026-09-25T22:15:02Z,chicago,2026-09-25,2026-09-25 17:15,17,62-63°F,0.0,0.001,0.001,1804,
2026-09-25T22:15:02Z,chicago,2026-09-25,2026-09-25 17:15,17,64-65°F,1.0,0.999,-0.001,4471,0.992
2026-09-25T22:15:02Z,chicago,2026-09-25,2026-09-25 17:15,17,66-67°F,0.0,0.003,0.003,7381,0.001
2026-09-25T22:15:02Z,chicago,2026-09-25,2026-09-25 17:15,17,68-69°F,0.0,0.003,0.003,5110,0.001
2026-09-25T22:15:02Z,chicago,2026-09-25,2026-09-25 17:15,17,70-71°F,0.0,0.001,0.001,3763,
2026-09-25T22:15:02Z,chicago,2026-09-25,2026-09-25 17:15,17,72-73°F,0.0,0.001,0.001,3146,
2026-09-25T22:15:02Z,chicago,2026-09-25,2026-09-25 17:15,17,74-75°F,0.0,0.001,0.001,666,
2026-09-25T22:15:02Z,chicago,2026-09-25,2026-09-25 17:15,17,76°F or higher,0.0,0.001,0.001,100,
2026-09-25T22:15:02Z,dallas,2026-09-25,2026-09-25 17:15,17,85°F or below,0.0,0.001,0.001,866,
2026-09-25T22:15:02Z,dallas,2026-09-25,2026-09-25 17:15,17,86-87°F,0.0,0.001,0.001,1265,
2026-09-25T22:15:02Z,dallas,2026-09-25,2026-09-25 17:15,17,88-89°F,0.0,0.001,0.001,9228,
2026-09-25T22:15:02Z,dallas,2026-09-25,2026-09-25 17:15,17,90-91°F,0.0,0.001,0.001,5893,
2026-09-25T22:15:02Z,dallas,2026-09-25,2026-09-25 17:15,17,92-93°F,1.0,1.0,0.0,5288,0.97
2026-09-25T22:15:02Z,dallas,2026-09-25,2026-09-25 17:15,17,94-95°F,0.0,0.028,0.028,5224,0.01
2026-09-25T22:15:02Z,dallas,2026-09-25,2026-09-25 17:15,17,96-97°F,0.0,0.002,0.002,2780,
2026-09-25T22:15:02Z,dallas,2026-09-25,2026-09-25 17:15,17,98-99°F,0.0,0.001,0.001,4148,
2026-09-25T22:15:02Z,dallas,2026-09-25,2026-09-25 17:15,17,100-101°F,0.0,0.001,0.001,1172,
2026-09-25T22:15:02Z,dallas,2026-09-25,2026-09-25 17:15,17,102-103°F,0.0,0.001,0.001,95,
2026-09-25T22:15:02Z,dallas,2026-09-25,2026-09-25 17:15,17,104°F or higher,0.0,0.001,0.001,165,
2026-09-25T22:15:02Z,denver,2026-09-25,2026-09-25 16:15,16,67°F or below,0.0,0.001,0.001,1349,
2026-09-25T22:15:02Z,denver,2026-09-25,2026-09-25 16:15,16,68-69°F,0.0,0.001,0.001,966,
2026-09-25T22:15:02Z,denver,2026-09-25,2026-09-25 16:15,16,70-71°F,0.0,0.001,0.001,2388,
2026-09-25T22:15:02Z,denver,2026-09-25,2026-09-25 16:15,16,72-73°F,0.0,0.001,0.001,4921,
2026-09-25T22:15:02Z,denver,2026-09-25,2026-09-25 16:15,16,74-75°F,1.0,0.989,-0.011,5310,0.976
2026-09-25T22:15:02Z,denver,2026-09-25,2026-09-25 16:15,16,76-77°F,0.0,0.02,0.02,3943,
2026-09-25T22:15:02Z,denver,2026-09-25,2026-09-25 16:15,16,78-79°F,0.0,0.01,0.01,2378,
2026-09-25T22:15:02Z,denver,2026-09-25,2026-09-25 16:15,16,80-81°F,0.0,0.001,0.001,2302,
2026-09-25T22:15:02Z,denver,2026-09-25,2026-09-25 16:15,16,82-83°F,0.0,0.001,0.001,890,
2026-09-25T22:15:02Z,denver,2026-09-25,2026-09-25 16:15,16,84-85°F,0.0,0.001,0.001,200,
2026-09-25T22:15:02Z,denver,2026-09-25,2026-09-25 16:15,16,86°F or higher,0.0,0.001,0.001,100,
2026-09-25T22:15:02Z,houston,2026-09-25,2026-09-25 17:15,17,83°F or below,0.0,0.001,0.001,100,
2026-09-25T22:15:02Z,houston,2026-09-25,2026-09-25 17:15,17,84-85°F,0.0,0.001,0.001,180,
2026-09-25T22:15:02Z,houston,2026-09-25,2026-09-25 17:15,17,86-87°F,0.0,0.001,0.001,2361,
2026-09-25T22:15:02Z,houston,2026-09-25,2026-09-25 17:15,17,88-89°F,0.0,0.001,0.001,6710,
2026-09-25T22:15:02Z,houston,2026-09-25,2026-09-25 17:15,17,90-91°F,1.0,0.989,-0.011,4884,0.961
2026-09-25T22:15:02Z,houston,2026-09-25,2026-09-25 17:15,17,92-93°F,0.0,0.028,0.028,6053,0.006
2026-09-25T22:15:02Z,houston,2026-09-25,2026-09-25 17:15,17,94-95°F,0.0,0.002,0.002,2919,
2026-09-25T22:15:02Z,houston,2026-09-25,2026-09-25 17:15,17,96-97°F,0.0,0.001,0.001,823,
2026-09-25T22:15:02Z,houston,2026-09-25,2026-09-25 17:15,17,98-99°F,0.0,0.001,0.001,30,
2026-09-25T22:15:02Z,houston,2026-09-25,2026-09-25 17:15,17,100-101°F,0.0,0.001,0.001,215,
2026-09-25T22:15:02Z,houston,2026-09-25,2026-09-25 17:15,17,102°F or higher,0.0,0.001,0.001,100,
2026-09-25T22:15:02Z,los-angeles,2026-09-25,2026-09-25 15:15,15,73°F or below,0.0,0.001,0.001,1433,
2026-09-25T22:15:02Z,los-angeles,2026-09-25,2026-09-25 15:15,15,74-75°F,0.0,0.001,0.001,10869,
2026-09-25T22:15:02Z,los-angeles,2026-09-25,2026-09-25 15:15,15,76-77°F,0.967,0.997,0.03,8977,0.98
2026-09-25T22:15:02Z,los-angeles,2026-09-25,2026-09-25 15:15,15,78-79°F,0.0,0.02,0.02,5971,
2026-09-25T22:15:02Z,los-angeles,2026-09-25,2026-09-25 15:15,15,80-81°F,0.0,0.006,0.006,5043,0.001
2026-09-25T22:15:02Z,los-angeles,2026-09-25,2026-09-25 15:15,15,82-83°F,0.033,0.001,-0.032,2432,
2026-09-25T22:15:02Z,los-angeles,2026-09-25,2026-09-25 15:15,15,84-85°F,0.0,0.001,0.001,1656,
2026-09-25T22:15:02Z,los-angeles,2026-09-25,2026-09-25 15:15,15,86-87°F,0.0,0.001,0.001,348,
2026-09-25T22:15:02Z,los-angeles,2026-09-25,2026-09-25 15:15,15,88-89°F,0.0,0.001,0.001,105,
2026-09-25T22:15:02Z,los-angeles,2026-09-25,2026-09-25 15:15,15,90-91°F,0.0,0.001,0.001,100,
2026-09-25T22:15:02Z,los-angeles,2026-09-25,2026-09-25 15:15,15,92°F or higher,0.0,0.001,0.001,510,
2026-09-25T22:15:02Z,mexico-city,2026-09-25,2026-09-25 16:15,16,16°C or below,0.0,0.001,0.001,1015,
2026-09-25T22:15:02Z,mexico-city,2026-09-25,2026-09-25 16:15,16,17°C,0.0,0.001,0.001,15,
2026-09-25T22:15:02Z,mexico-city,2026-09-25,2026-09-25 16:15,16,18°C,0.0,0.001,0.001,15,
2026-09-25T22:15:02Z,mexico-city,2026-09-25,2026-09-25 16:15,16,19°C,0.0,0.001,0.001,15,
2026-09-25T22:15:02Z,mexico-city,2026-09-25,2026-09-25 16:15,16,20°C,0.0,0.001,0.001,15,
2026-09-25T22:15:02Z,mexico-city,2026-09-25,2026-09-25 16:15,16,21°C,0.0,0.001,0.001,145,
2026-09-25T22:15:02Z,mexico-city,2026-09-25,2026-09-25 16:15,16,22°C,0.0,0.001,0.001,232,
2026-09-25T22:15:02Z,mexico-city,2026-09-25,2026-09-25 16:15,16,23°C,0.0,0.001,0.001,523,
2026-09-25T22:15:02Z,mexico-city,2026-09-25,2026-09-25 16:15,16,24°C,0.0,0.001,0.001,3913,
2026-09-25T22:15:02Z,mexico-city,2026-09-25,2026-09-25 16:15,16,25°C,1.0,0.99,-0.01,3890,0.98
2026-09-25T22:15:02Z,mexico-city,2026-09-25,2026-09-25 16:15,16,26°C or higher,0.0,0.009,0.009,4229,0.002
2026-09-25T22:15:02Z,miami,2026-09-25,2026-09-25 18:15,18,75°F or below,0.0,0.001,0.001,95,
2026-09-25T22:15:02Z,miami,2026-09-25,2026-09-25 18:15,18,76-77°F,0.0,0.001,0.001,95,
2026-09-25T22:15:02Z,miami,2026-09-25,2026-09-25 18:15,18,78-79°F,0.0,0.001,0.001,260,
2026-09-25T22:15:02Z,miami,2026-09-25,2026-09-25 18:15,18,80-81°F,0.0,0.001,0.001,3878,
2026-09-25T22:15:02Z,miami,2026-09-25,2026-09-25 18:15,18,82-83°F,0.0,0.001,0.001,4316,
2026-09-25T22:15:02Z,miami,2026-09-25,2026-09-25 18:15,18,84-85°F,0.0,0.001,0.001,5134,
2026-09-25T22:15:02Z,miami,2026-09-25,2026-09-25 18:15,18,86-87°F,0.0,0.001,0.001,14080,
2026-09-25T22:15:02Z,miami,2026-09-25,2026-09-25 18:15,18,88-89°F,0.0,0.001,0.001,8958,
2026-09-25T22:15:02Z,miami,2026-09-25,2026-09-25 18:15,18,90-91°F,1.0,0.999,-0.001,13066,0.998
2026-09-25T22:15:02Z,miami,2026-09-25,2026-09-25 18:15,18,92-93°F,0.0,0.004,0.004,10190,
2026-09-25T22:15:02Z,miami,2026-09-25,2026-09-25 18:15,18,94°F or higher,0.0,0.001,0.001,9695,
2026-09-25T22:15:02Z,nyc,2026-09-25,2026-09-25 18:15,18,57°F or below,0.0,0.001,0.001,100,
2026-09-25T22:15:02Z,nyc,2026-09-25,2026-09-25 18:15,18,58-59°F,0.0,0.001,0.001,2710,
2026-09-25T22:15:02Z,nyc,2026-09-25,2026-09-25 18:15,18,60-61°F,0.0,0.001,0.001,4127,
2026-09-25T22:15:02Z,nyc,2026-09-25,2026-09-25 18:15,18,62-63°F,0.0,0.001,0.001,7396,
2026-09-25T22:15:02Z,nyc,2026-09-25,2026-09-25 18:15,18,64-65°F,0.0,0.001,0.001,5044,
2026-09-25T22:15:02Z,nyc,2026-09-25,2026-09-25 18:15,18,66-67°F,0.0,0.001,0.001,6606,
2026-09-25T22:15:02Z,nyc,2026-09-25,2026-09-25 18:15,18,68-69°F,1.0,0.96,-0.04,15323,0.94
2026-09-25T22:15:02Z,nyc,2026-09-25,2026-09-25 18:15,18,70-71°F,0.0,0.05,0.05,11157,0.02
2026-09-25T22:15:02Z,nyc,2026-09-25,2026-09-25 18:15,18,72-73°F,0.0,0.006,0.006,9796,
2026-09-25T22:15:02Z,nyc,2026-09-25,2026-09-25 18:15,18,74-75°F,0.0,0.001,0.001,6704,
2026-09-25T22:15:02Z,nyc,2026-09-25,2026-09-25 18:15,18,76°F or higher,0.0,0.001,0.001,3233,
2026-09-25T22:15:02Z,panama-city,2026-09-25,2026-09-25 17:15,17,23°C or below,0.0,0.001,0.001,95,
2026-09-25T22:15:02Z,panama-city,2026-09-25,2026-09-25 17:15,17,24°C,0.0,0.001,0.001,25,
2026-09-25T22:15:02Z,panama-city,2026-09-25,2026-09-25 17:15,17,25°C,0.0,0.001,0.001,15,
2026-09-25T22:15:02Z,panama-city,2026-09-25,2026-09-25 17:15,17,26°C,0.0,0.001,0.001,42,
2026-09-25T22:15:02Z,panama-city,2026-09-25,2026-09-25 17:15,17,27°C,0.0,0.001,0.001,35,
2026-09-25T22:15:02Z,panama-city,2026-09-25,2026-09-25 17:15,17,28°C,0.0,0.001,0.001,165,
2026-09-25T22:15:02Z,panama-city,2026-09-25,2026-09-25 17:15,17,29°C,0.0,0.001,0.001,3483,
2026-09-25T22:15:02Z,panama-city,2026-09-25,2026-09-25 17:15,17,30°C,1.0,0.999,-0.001,2890,0.997
2026-09-25T22:15:02Z,panama-city,2026-09-25,2026-09-25 17:15,17,31°C,0.0,0.004,0.004,2440,0.001
2026-09-25T22:15:02Z,panama-city,2026-09-25,2026-09-25 17:15,17,32°C,0.0,0.003,0.003,3684,0.001
2026-09-25T22:15:02Z,panama-city,2026-09-25,2026-09-25 17:15,17,33°C or higher,0.0,0.001,0.001,1501,
2026-09-25T22:15:02Z,san-francisco,2026-09-25,2026-09-25 15:15,15,61°F or below,0.0,0.001,0.001,630,
2026-09-25T22:15:02Z,san-francisco,2026-09-25,2026-09-25 15:15,15,62-63°F,0.0,0.001,0.001,1782,
2026-09-25T22:15:02Z,san-francisco,2026-09-25,2026-09-25 15:15,15,64-65°F,0.0,0.001,0.001,768,
2026-09-25T22:15:02Z,san-francisco,2026-09-25,2026-09-25 15:15,15,66-67°F,0.0,0.001,0.001,4244,
2026-09-25T22:15:02Z,san-francisco,2026-09-25,2026-09-25 15:15,15,68-69°F,0.0,0.001,0.001,3187,
2026-09-25T22:15:02Z,san-francisco,2026-09-25,2026-09-25 15:15,15,70-71°F,1.0,1.0,0.0,2130,0.96
2026-09-25T22:15:02Z,san-francisco,2026-09-25,2026-09-25 15:15,15,72-73°F,0.0,0.03,0.03,4710,
2026-09-25T22:15:02Z,san-francisco,2026-09-25,2026-09-25 15:15,15,74-75°F,0.0,0.009,0.009,4450,
2026-09-25T22:15:02Z,san-francisco,2026-09-25,2026-09-25 15:15,15,76-77°F,0.0,0.001,0.001,2488,
2026-09-25T22:15:02Z,san-francisco,2026-09-25,2026-09-25 15:15,15,78-79°F,0.0,0.001,0.001,2121,
2026-09-25T22:15:02Z,san-francisco,2026-09-25,2026-09-25 15:15,15,80°F or higher,0.0,0.001,0.001,643,
2026-09-25T22:15:02Z,seattle,2026-09-25,2026-09-25 15:15,15,49°F or below,0.0,0.001,0.001,95,
2026-09-25T22:15:02Z,seattle,2026-09-25,2026-09-25 15:15,15,50-51°F,0.0,0.001,0.001,3580,
2026-09-25T22:15:02Z,seattle,2026-09-25,2026-09-25 15:15,15,52-53°F,0.0,0.001,0.001,16299,
2026-09-25T22:15:02Z,seattle,2026-09-25,2026-09-25 15:15,15,54-55°F,0.0,0.001,0.001,16539,
2026-09-25T22:15:02Z,seattle,2026-09-25,2026-09-25 15:15,15,56-57°F,0.0,0.001,0.001,4945,
2026-09-25T22:15:02Z,seattle,2026-09-25,2026-09-25 15:15,15,58-59°F,0.0,0.001,0.001,14710,
2026-09-25T22:15:02Z,seattle,2026-09-25,2026-09-25 15:15,15,60-61°F,0.867,0.99,0.123,4741,0.97
2026-09-25T22:15:02Z,seattle,2026-09-25,2026-09-25 15:15,15,62-63°F,0.133,0.04,-0.093,3827,0.02
2026-09-25T22:15:02Z,seattle,2026-09-25,2026-09-25 15:15,15,64-65°F,0.0,0.009,0.009,1940,
2026-09-25T22:15:02Z,seattle,2026-09-25,2026-09-25 15:15,15,66-67°F,0.0,0.001,0.001,993,
2026-09-25T22:15:02Z,seattle,2026-09-25,2026-09-25 15:15,15,68°F or higher,0.0,0.001,0.001,1400,
2026-09-25T22:15:02Z,toronto,2026-09-25,2026-09-25 18:15,18,16°C or below,0.0,0.001,0.001,45,
2026-09-25T22:15:02Z,toronto,2026-09-25,2026-09-25 18:15,18,17°C,0.0,0.001,0.001,262,
2026-09-25T22:15:02Z,toronto,2026-09-25,2026-09-25 18:15,18,18°C,0.0,0.001,0.001,2614,
2026-09-25T22:15:02Z,toronto,2026-09-25,2026-09-25 18:15,18,19°C,0.0,0.001,0.001,2468,
2026-09-25T22:15:02Z,toronto,2026-09-25,2026-09-25 18:15,18,20°C,0.0,0.001,0.001,7268,
2026-09-25T22:15:02Z,toronto,2026-09-25,2026-09-25 18:15,18,21°C,1.0,0.999,-0.001,4659,0.998
2026-09-25T22:15:02Z,toronto,2026-09-25,2026-09-25 18:15,18,22°C,0.0,0.002,0.002,3393,0.001
2026-09-25T22:15:02Z,toronto,2026-09-25,2026-09-25 18:15,18,23°C,0.0,0.001,0.001,2367,
2026-09-25T22:15:02Z,toronto,2026-09-25,2026-09-25 18:15,18,24°C,0.0,0.001,0.001,367,
2026-09-25T22:15:02Z,toronto,2026-09-25,2026-09-25 18:15,18,25°C,0.0,0.001,0.001,953,
2026-09-25T22:15:02Z,toronto,2026-09-25,2026-09-25 18:15,18,26°C or higher,0.0,0.001,0.001,145,
2026-09-25T22:20:01Z,denver,2026-09-25,2026-09-25 16:20,16,67°F or below,0.0,0.001,0.001,1349,
2026-09-25T22:20:01Z,denver,2026-09-25,2026-09-25 16:20,16,68-69°F,0.0,0.001,0.001,966,
2026-09-25T22:20:01Z,denver,2026-09-25,2026-09-25 16:20,16,70-71°F,0.0,0.001,0.001,2388,
2026-09-25T22:20:01Z,denver,2026-09-25,2026-09-25 16:20,16,72-73°F,0.0,0.001,0.001,4921,
2026-09-25T22:20:01Z,denver,2026-09-25,2026-09-25 16:20,16,74-75°F,1.0,0.989,-0.011,5310,0.976
2026-09-25T22:20:01Z,denver,2026-09-25,2026-09-25 16:20,16,76-77°F,0.0,0.02,0.02,3943,
2026-09-25T22:20:01Z,denver,2026-09-25,2026-09-25 16:20,16,78-79°F,0.0,0.009,0.009,2378,0.001
2026-09-25T22:20:01Z,denver,2026-09-25,2026-09-25 16:20,16,80-81°F,0.0,0.001,0.001,2302,
2026-09-25T22:20:01Z,denver,2026-09-25,2026-09-25 16:20,16,82-83°F,0.0,0.001,0.001,890,
2026-09-25T22:20:01Z,denver,2026-09-25,2026-09-25 16:20,16,84-85°F,0.0,0.001,0.001,200,
2026-09-25T22:20:01Z,denver,2026-09-25,2026-09-25 16:20,16,86°F or higher,0.0,0.001,0.001,100,
2026-09-25T22:20:01Z,los-angeles,2026-09-25,2026-09-25 15:20,15,73°F or below,0.0,0.001,0.001,1433,
2026-09-25T22:20:01Z,los-angeles,2026-09-25,2026-09-25 15:20,15,74-75°F,0.0,0.001,0.001,10869,
2026-09-25T22:20:01Z,los-angeles,2026-09-25,2026-09-25 15:20,15,76-77°F,0.967,0.999,0.032,8977,0.991
2026-09-25T22:20:01Z,los-angeles,2026-09-25,2026-09-25 15:20,15,78-79°F,0.0,0.01,0.01,5971,
2026-09-25T22:20:01Z,los-angeles,2026-09-25,2026-09-25 15:20,15,80-81°F,0.0,0.006,0.006,5043,
2026-09-25T22:20:01Z,los-angeles,2026-09-25,2026-09-25 15:20,15,82-83°F,0.033,0.001,-0.032,2432,
2026-09-25T22:20:01Z,los-angeles,2026-09-25,2026-09-25 15:20,15,84-85°F,0.0,0.001,0.001,1656,
2026-09-25T22:20:01Z,los-angeles,2026-09-25,2026-09-25 15:20,15,86-87°F,0.0,0.001,0.001,348,
2026-09-25T22:20:01Z,los-angeles,2026-09-25,2026-09-25 15:20,15,88-89°F,0.0,0.001,0.001,105,
2026-09-25T22:20:01Z,los-angeles,2026-09-25,2026-09-25 15:20,15,90-91°F,0.0,0.001,0.001,100,
2026-09-25T22:20:01Z,los-angeles,2026-09-25,2026-09-25 15:20,15,92°F or higher,0.0,0.001,0.001,510,
2026-09-25T22:20:01Z,mexico-city,2026-09-25,2026-09-25 16:20,16,16°C or below,0.0,0.001,0.001,1015,
2026-09-25T22:20:01Z,mexico-city,2026-09-25,2026-09-25 16:20,16,17°C,0.0,0.001,0.001,15,
2026-09-25T22:20:01Z,mexico-city,2026-09-25,2026-09-25 16:20,16,18°C,0.0,0.001,0.001,15,
2026-09-25T22:20:01Z,mexico-city,2026-09-25,2026-09-25 16:20,16,19°C,0.0,0.001,0.001,15,
2026-09-25T22:20:01Z,mexico-city,2026-09-25,2026-09-25 16:20,16,20°C,0.0,0.001,0.001,15,
2026-09-25T22:20:01Z,mexico-city,2026-09-25,2026-09-25 16:20,16,21°C,0.0,0.001,0.001,145,
2026-09-25T22:20:01Z,mexico-city,2026-09-25,2026-09-25 16:20,16,22°C,0.0,0.001,0.001,232,
2026-09-25T22:20:01Z,mexico-city,2026-09-25,2026-09-25 16:20,16,23°C,0.0,0.001,0.001,523,
2026-09-25T22:20:01Z,mexico-city,2026-09-25,2026-09-25 16:20,16,24°C,0.0,0.001,0.001,3913,
2026-09-25T22:20:01Z,mexico-city,2026-09-25,2026-09-25 16:20,16,25°C,1.0,0.99,-0.01,3890,0.98
2026-09-25T22:20:01Z,mexico-city,2026-09-25,2026-09-25 16:20,16,26°C or higher,0.0,0.009,0.009,4229,0.002
2026-09-25T22:20:01Z,san-francisco,2026-09-25,2026-09-25 15:20,15,61°F or below,0.0,0.001,0.001,630,
2026-09-25T22:20:01Z,san-francisco,2026-09-25,2026-09-25 15:20,15,62-63°F,0.0,0.001,0.001,1782,
2026-09-25T22:20:01Z,san-francisco,2026-09-25,2026-09-25 15:20,15,64-65°F,0.0,0.001,0.001,768,
2026-09-25T22:20:01Z,san-francisco,2026-09-25,2026-09-25 15:20,15,66-67°F,0.0,0.001,0.001,4244,
2026-09-25T22:20:01Z,san-francisco,2026-09-25,2026-09-25 15:20,15,68-69°F,0.0,0.001,0.001,3187,
2026-09-25T22:20:01Z,san-francisco,2026-09-25,2026-09-25 15:20,15,70-71°F,1.0,1.0,0.0,2130,0.96
2026-09-25T22:20:01Z,san-francisco,2026-09-25,2026-09-25 15:20,15,72-73°F,0.0,0.03,0.03,4710,
2026-09-25T22:20:01Z,san-francisco,2026-09-25,2026-09-25 15:20,15,74-75°F,0.0,0.009,0.009,4450,
2026-09-25T22:20:01Z,san-francisco,2026-09-25,2026-09-25 15:20,15,76-77°F,0.0,0.001,0.001,2488,
2026-09-25T22:20:01Z,san-francisco,2026-09-25,2026-09-25 15:20,15,78-79°F,0.0,0.001,0.001,2121,
2026-09-25T22:20:01Z,san-francisco,2026-09-25,2026-09-25 15:20,15,80°F or higher,0.0,0.001,0.001,643,
2026-09-25T22:20:01Z,seattle,2026-09-25,2026-09-25 15:20,15,49°F or below,0.0,0.001,0.001,95,
2026-09-25T22:20:01Z,seattle,2026-09-25,2026-09-25 15:20,15,50-51°F,0.0,0.001,0.001,3580,
2026-09-25T22:20:01Z,seattle,2026-09-25,2026-09-25 15:20,15,52-53°F,0.0,0.001,0.001,16299,
2026-09-25T22:20:01Z,seattle,2026-09-25,2026-09-25 15:20,15,54-55°F,0.0,0.001,0.001,16539,
2026-09-25T22:20:01Z,seattle,2026-09-25,2026-09-25 15:20,15,56-57°F,0.0,0.001,0.001,4945,
2026-09-25T22:20:01Z,seattle,2026-09-25,2026-09-25 15:20,15,58-59°F,0.0,0.001,0.001,14710,
2026-09-25T22:20:01Z,seattle,2026-09-25,2026-09-25 15:20,15,60-61°F,0.867,0.99,0.123,4741,0.97
2026-09-25T22:20:01Z,seattle,2026-09-25,2026-09-25 15:20,15,62-63°F,0.133,0.04,-0.093,3827,0.02
2026-09-25T22:20:01Z,seattle,2026-09-25,2026-09-25 15:20,15,64-65°F,0.0,0.009,0.009,1940,
2026-09-25T22:20:01Z,seattle,2026-09-25,2026-09-25 15:20,15,66-67°F,0.0,0.001,0.001,993,
2026-09-25T22:20:01Z,seattle,2026-09-25,2026-09-25 15:20,15,68°F or higher,0.0,0.001,0.001,1400,
2026-09-25T22:25:01Z,denver,2026-09-25,2026-09-25 16:25,16,67°F or below,0.0,0.001,0.001,1349,
2026-09-25T22:25:01Z,denver,2026-09-25,2026-09-25 16:25,16,68-69°F,0.0,0.001,0.001,966,
2026-09-25T22:25:01Z,denver,2026-09-25,2026-09-25 16:25,16,70-71°F,0.0,0.001,0.001,2388,
2026-09-25T22:25:01Z,denver,2026-09-25,2026-09-25 16:25,16,72-73°F,0.0,0.001,0.001,4921,
2026-09-25T22:25:01Z,denver,2026-09-25,2026-09-25 16:25,16,74-75°F,1.0,0.989,-0.011,5310,0.976
2026-09-25T22:25:01Z,denver,2026-09-25,2026-09-25 16:25,16,76-77°F,0.0,0.02,0.02,3943,
2026-09-25T22:25:01Z,denver,2026-09-25,2026-09-25 16:25,16,78-79°F,0.0,0.009,0.009,2378,0.001
2026-09-25T22:25:01Z,denver,2026-09-25,2026-09-25 16:25,16,80-81°F,0.0,0.001,0.001,2302,
2026-09-25T22:25:01Z,denver,2026-09-25,2026-09-25 16:25,16,82-83°F,0.0,0.001,0.001,890,
2026-09-25T22:25:01Z,denver,2026-09-25,2026-09-25 16:25,16,84-85°F,0.0,0.001,0.001,200,
2026-09-25T22:25:01Z,denver,2026-09-25,2026-09-25 16:25,16,86°F or higher,0.0,0.001,0.001,100,
2026-09-25T22:25:01Z,los-angeles,2026-09-25,2026-09-25 15:25,15,73°F or below,0.0,0.001,0.001,1433,
2026-09-25T22:25:01Z,los-angeles,2026-09-25,2026-09-25 15:25,15,74-75°F,0.0,0.001,0.001,10869,
2026-09-25T22:25:01Z,los-angeles,2026-09-25,2026-09-25 15:25,15,76-77°F,0.967,0.996,0.029,8977,0.988
2026-09-25T22:25:01Z,los-angeles,2026-09-25,2026-09-25 15:25,15,78-79°F,0.0,0.009,0.009,6153,0.001
2026-09-25T22:25:01Z,los-angeles,2026-09-25,2026-09-25 15:25,15,80-81°F,0.0,0.006,0.006,5043,
2026-09-25T22:25:01Z,los-angeles,2026-09-25,2026-09-25 15:25,15,82-83°F,0.033,0.001,-0.032,2432,
2026-09-25T22:25:01Z,los-angeles,2026-09-25,2026-09-25 15:25,15,84-85°F,0.0,0.001,0.001,1656,
2026-09-25T22:25:01Z,los-angeles,2026-09-25,2026-09-25 15:25,15,86-87°F,0.0,0.001,0.001,348,
2026-09-25T22:25:01Z,los-angeles,2026-09-25,2026-09-25 15:25,15,88-89°F,0.0,0.001,0.001,105,
2026-09-25T22:25:01Z,los-angeles,2026-09-25,2026-09-25 15:25,15,90-91°F,0.0,0.001,0.001,100,
2026-09-25T22:25:01Z,los-angeles,2026-09-25,2026-09-25 15:25,15,92°F or higher,0.0,0.001,0.001,510,
2026-09-25T22:25:01Z,mexico-city,2026-09-25,2026-09-25 16:25,16,16°C or below,0.0,0.001,0.001,1015,
2026-09-25T22:25:01Z,mexico-city,2026-09-25,2026-09-25 16:25,16,17°C,0.0,0.001,0.001,15,
2026-09-25T22:25:01Z,mexico-city,2026-09-25,2026-09-25 16:25,16,18°C,0.0,0.001,0.001,15,
2026-09-25T22:25:01Z,mexico-city,2026-09-25,2026-09-25 16:25,16,19°C,0.0,0.001,0.001,15,
2026-09-25T22:25:01Z,mexico-city,2026-09-25,2026-09-25 16:25,16,20°C,0.0,0.001,0.001,15,
2026-09-25T22:25:01Z,mexico-city,2026-09-25,2026-09-25 16:25,16,21°C,0.0,0.001,0.001,145,
2026-09-25T22:25:01Z,mexico-city,2026-09-25,2026-09-25 16:25,16,22°C,0.0,0.001,0.001,232,
2026-09-25T22:25:01Z,mexico-city,2026-09-25,2026-09-25 16:25,16,23°C,0.0,0.001,0.001,523,
2026-09-25T22:25:01Z,mexico-city,2026-09-25,2026-09-25 16:25,16,24°C,0.0,0.001,0.001,3913,
2026-09-25T22:25:01Z,mexico-city,2026-09-25,2026-09-25 16:25,16,25°C,1.0,0.99,-0.01,3901,0.98
2026-09-25T22:25:01Z,mexico-city,2026-09-25,2026-09-25 16:25,16,26°C or higher,0.0,0.009,0.009,4231,0.002
2026-09-25T22:25:01Z,san-francisco,2026-09-25,2026-09-25 15:25,15,61°F or below,0.0,0.001,0.001,630,
2026-09-25T22:25:01Z,san-francisco,2026-09-25,2026-09-25 15:25,15,62-63°F,0.0,0.001,0.001,1782,
2026-09-25T22:25:01Z,san-francisco,2026-09-25,2026-09-25 15:25,15,64-65°F,0.0,0.001,0.001,768,
2026-09-25T22:25:01Z,san-francisco,2026-09-25,2026-09-25 15:25,15,66-67°F,0.0,0.001,0.001,4244,
2026-09-25T22:25:01Z,san-francisco,2026-09-25,2026-09-25 15:25,15,68-69°F,0.0,0.001,0.001,3189,
2026-09-25T22:25:01Z,san-francisco,2026-09-25,2026-09-25 15:25,15,70-71°F,1.0,1.0,0.0,2130,0.96
2026-09-25T22:25:01Z,san-francisco,2026-09-25,2026-09-25 15:25,15,72-73°F,0.0,0.03,0.03,4744,
2026-09-25T22:25:01Z,san-francisco,2026-09-25,2026-09-25 15:25,15,74-75°F,0.0,0.009,0.009,4450,
2026-09-25T22:25:01Z,san-francisco,2026-09-25,2026-09-25 15:25,15,76-77°F,0.0,0.001,0.001,2488,
2026-09-25T22:25:01Z,san-francisco,2026-09-25,2026-09-25 15:25,15,78-79°F,0.0,0.001,0.001,2121,
2026-09-25T22:25:01Z,san-francisco,2026-09-25,2026-09-25 15:25,15,80°F or higher,0.0,0.001,0.001,643,
2026-09-25T22:25:01Z,seattle,2026-09-25,2026-09-25 15:25,15,49°F or below,0.0,0.001,0.001,95,
2026-09-25T22:25:01Z,seattle,2026-09-25,2026-09-25 15:25,15,50-51°F,0.0,0.001,0.001,3580,
2026-09-25T22:25:01Z,seattle,2026-09-25,2026-09-25 15:25,15,52-53°F,0.0,0.001,0.001,16299,
2026-09-25T22:25:01Z,seattle,2026-09-25,2026-09-25 15:25,15,54-55°F,0.0,0.001,0.001,16539,
2026-09-25T22:25:01Z,seattle,2026-09-25,2026-09-25 15:25,15,56-57°F,0.0,0.001,0.001,4945,
2026-09-25T22:25:01Z,seattle,2026-09-25,2026-09-25 15:25,15,58-59°F,0.0,0.001,0.001,14710,
2026-09-25T22:25:01Z,seattle,2026-09-25,2026-09-25 15:25,15,60-61°F,0.867,0.96,0.093,4946,0.9
2026-09-25T22:25:01Z,seattle,2026-09-25,2026-09-25 15:25,15,62-63°F,0.133,0.09,-0.043,3829,0.05
2026-09-25T22:25:01Z,seattle,2026-09-25,2026-09-25 15:25,15,64-65°F,0.0,0.009,0.009,1940,
2026-09-25T22:25:01Z,seattle,2026-09-25,2026-09-25 15:25,15,66-67°F,0.0,0.001,0.001,993,
2026-09-25T22:25:01Z,seattle,2026-09-25,2026-09-25 15:25,15,68°F or higher,0.0,0.001,0.001,1400,
2026-09-25T22:30:02Z,atlanta,2026-09-25,2026-09-25 18:30,18,69°F or below,0.0,0.001,0.001,614,
2026-09-25T22:30:02Z,atlanta,2026-09-25,2026-09-25 18:30,18,70-71°F,0.0,0.001,0.001,1271,
2026-09-25T22:30:02Z,atlanta,2026-09-25,2026-09-25 18:30,18,72-73°F,0.0,0.001,0.001,4402,
2026-09-25T22:30:02Z,atlanta,2026-09-25,2026-09-25 18:30,18,74-75°F,0.0,0.001,0.001,6533,
2026-09-25T22:30:02Z,atlanta,2026-09-25,2026-09-25 18:30,18,76-77°F,1.0,0.999,-0.001,6454,0.996
2026-09-25T22:30:02Z,atlanta,2026-09-25,2026-09-25 18:30,18,78-79°F,0.0,0.005,0.005,6694,0.002
2026-09-25T22:30:02Z,atlanta,2026-09-25,2026-09-25 18:30,18,80-81°F,0.0,0.001,0.001,2153,
2026-09-25T22:30:02Z,atlanta,2026-09-25,2026-09-25 18:30,18,82-83°F,0.0,0.001,0.001,2466,
2026-09-25T22:30:02Z,atlanta,2026-09-25,2026-09-25 18:30,18,84-85°F,0.0,0.001,0.001,422,
2026-09-25T22:30:02Z,atlanta,2026-09-25,2026-09-25 18:30,18,86-87°F,0.0,0.001,0.001,105,
2026-09-25T22:30:02Z,atlanta,2026-09-25,2026-09-25 18:30,18,88°F or higher,0.0,0.001,0.001,105,
2026-09-25T22:30:02Z,austin,2026-09-25,2026-09-25 17:30,17,87°F or below,0.0,0.001,0.001,100,
2026-09-25T22:30:02Z,austin,2026-09-25,2026-09-25 17:30,17,88-89°F,0.0,0.001,0.001,180,
2026-09-25T22:30:02Z,austin,2026-09-25,2026-09-25 17:30,17,90-91°F,0.0,0.001,0.001,186,
2026-09-25T22:30:02Z,austin,2026-09-25,2026-09-25 17:30,17,92-93°F,0.0,0.001,0.001,1026,
2026-09-25T22:30:02Z,austin,2026-09-25,2026-09-25 17:30,17,94-95°F,0.0,0.001,0.001,4024,
2026-09-25T22:30:02Z,austin,2026-09-25,2026-09-25 17:30,17,96-97°F,1.0,0.73,-0.27,3451,0.71
2026-09-25T22:30:02Z,austin,2026-09-25,2026-09-25 17:30,17,98-99°F,0.0,0.3,0.3,2042,0.02
2026-09-25T22:30:02Z,austin,2026-09-25,2026-09-25 17:30,17,100-101°F,0.0,0.09,0.09,686,
2026-09-25T22:30:02Z,austin,2026-09-25,2026-09-25 17:30,17,102-103°F,0.0,0.001,0.001,245,
2026-09-25T22:30:02Z,austin,2026-09-25,2026-09-25 17:30,17,104-105°F,0.0,0.001,0.001,405,
2026-09-25T22:30:02Z,austin,2026-09-25,2026-09-25 17:30,17,106°F or higher,0.0,0.001,0.001,169,
2026-09-25T22:30:02Z,chicago,2026-09-25,2026-09-25 17:30,17,57°F or below,0.0,0.001,0.001,188,
2026-09-25T22:30:02Z,chicago,2026-09-25,2026-09-25 17:30,17,58-59°F,0.0,0.001,0.001,95,
2026-09-25T22:30:02Z,chicago,2026-09-25,2026-09-25 17:30,17,60-61°F,0.0,0.001,0.001,363,
2026-09-25T22:30:02Z,chicago,2026-09-25,2026-09-25 17:30,17,62-63°F,0.0,0.001,0.001,1804,
2026-09-25T22:30:02Z,chicago,2026-09-25,2026-09-25 17:30,17,64-65°F,1.0,0.999,-0.001,4505,0.998
2026-09-25T22:30:02Z,chicago,2026-09-25,2026-09-25 17:30,17,66-67°F,0.0,0.003,0.003,7389,0.001
2026-09-25T22:30:02Z,chicago,2026-09-25,2026-09-25 17:30,17,68-69°F,0.0,0.001,0.001,5306,
2026-09-25T22:30:02Z,chicago,2026-09-25,2026-09-25 17:30,17,70-71°F,0.0,0.001,0.001,3763,
2026-09-25T22:30:02Z,chicago,2026-09-25,2026-09-25 17:30,17,72-73°F,0.0,0.001,0.001,3146,
2026-09-25T22:30:02Z,chicago,2026-09-25,2026-09-25 17:30,17,74-75°F,0.0,0.001,0.001,666,
2026-09-25T22:30:02Z,chicago,2026-09-25,2026-09-25 17:30,17,76°F or higher,0.0,0.001,0.001,100,
2026-09-25T22:30:02Z,dallas,2026-09-25,2026-09-25 17:30,17,85°F or below,0.0,0.001,0.001,866,
2026-09-25T22:30:02Z,dallas,2026-09-25,2026-09-25 17:30,17,86-87°F,0.0,0.001,0.001,1265,
2026-09-25T22:30:02Z,dallas,2026-09-25,2026-09-25 17:30,17,88-89°F,0.0,0.001,0.001,9228,
2026-09-25T22:30:02Z,dallas,2026-09-25,2026-09-25 17:30,17,90-91°F,0.0,0.001,0.001,5893,
2026-09-25T22:30:02Z,dallas,2026-09-25,2026-09-25 17:30,17,92-93°F,1.0,1.0,0.0,5288,0.97
2026-09-25T22:30:02Z,dallas,2026-09-25,2026-09-25 17:30,17,94-95°F,0.0,0.028,0.028,5255,0.01
2026-09-25T22:30:02Z,dallas,2026-09-25,2026-09-25 17:30,17,96-97°F,0.0,0.002,0.002,2780,
2026-09-25T22:30:02Z,dallas,2026-09-25,2026-09-25 17:30,17,98-99°F,0.0,0.001,0.001,4148,
2026-09-25T22:30:02Z,dallas,2026-09-25,2026-09-25 17:30,17,100-101°F,0.0,0.001,0.001,1172,
2026-09-25T22:30:02Z,dallas,2026-09-25,2026-09-25 17:30,17,102-103°F,0.0,0.001,0.001,95,
2026-09-25T22:30:02Z,dallas,2026-09-25,2026-09-25 17:30,17,104°F or higher,0.0,0.001,0.001,165,
2026-09-25T22:30:02Z,denver,2026-09-25,2026-09-25 16:30,16,67°F or below,0.0,0.001,0.001,1349,
2026-09-25T22:30:02Z,denver,2026-09-25,2026-09-25 16:30,16,68-69°F,0.0,0.001,0.001,966,
2026-09-25T22:30:02Z,denver,2026-09-25,2026-09-25 16:30,16,70-71°F,0.0,0.001,0.001,2388,
2026-09-25T22:30:02Z,denver,2026-09-25,2026-09-25 16:30,16,72-73°F,0.0,0.001,0.001,4921,
2026-09-25T22:30:02Z,denver,2026-09-25,2026-09-25 16:30,16,74-75°F,1.0,0.989,-0.011,5352,0.976
2026-09-25T22:30:02Z,denver,2026-09-25,2026-09-25 16:30,16,76-77°F,0.0,0.02,0.02,3943,
2026-09-25T22:30:02Z,denver,2026-09-25,2026-09-25 16:30,16,78-79°F,0.0,0.009,0.009,2383,0.001
2026-09-25T22:30:02Z,denver,2026-09-25,2026-09-25 16:30,16,80-81°F,0.0,0.001,0.001,2302,
2026-09-25T22:30:02Z,denver,2026-09-25,2026-09-25 16:30,16,82-83°F,0.0,0.001,0.001,890,
2026-09-25T22:30:02Z,denver,2026-09-25,2026-09-25 16:30,16,84-85°F,0.0,0.001,0.001,200,
2026-09-25T22:30:02Z,denver,2026-09-25,2026-09-25 16:30,16,86°F or higher,0.0,0.001,0.001,100,
2026-09-25T22:30:02Z,houston,2026-09-25,2026-09-25 17:30,17,83°F or below,0.0,0.001,0.001,100,
2026-09-25T22:30:02Z,houston,2026-09-25,2026-09-25 17:30,17,84-85°F,0.0,0.001,0.001,180,
2026-09-25T22:30:02Z,houston,2026-09-25,2026-09-25 17:30,17,86-87°F,0.0,0.001,0.001,2361,
2026-09-25T22:30:02Z,houston,2026-09-25,2026-09-25 17:30,17,88-89°F,0.0,0.001,0.001,6710,
2026-09-25T22:30:02Z,houston,2026-09-25,2026-09-25 17:30,17,90-91°F,1.0,0.989,-0.011,4985,0.97
2026-09-25T22:30:02Z,houston,2026-09-25,2026-09-25 17:30,17,92-93°F,0.0,0.029,0.029,6080,0.007
2026-09-25T22:30:02Z,houston,2026-09-25,2026-09-25 17:30,17,94-95°F,0.0,0.002,0.002,2941,
2026-09-25T22:30:02Z,houston,2026-09-25,2026-09-25 17:30,17,96-97°F,0.0,0.001,0.001,823,
2026-09-25T22:30:02Z,houston,2026-09-25,2026-09-25 17:30,17,98-99°F,0.0,0.001,0.001,30,
2026-09-25T22:30:02Z,houston,2026-09-25,2026-09-25 17:30,17,100-101°F,0.0,0.001,0.001,215,
2026-09-25T22:30:02Z,houston,2026-09-25,2026-09-25 17:30,17,102°F or higher,0.0,0.001,0.001,100,
2026-09-25T22:30:02Z,los-angeles,2026-09-25,2026-09-25 15:30,15,73°F or below,0.0,0.001,0.001,1433,
2026-09-25T22:30:02Z,los-angeles,2026-09-25,2026-09-25 15:30,15,74-75°F,0.0,0.001,0.001,10869,
2026-09-25T22:30:02Z,los-angeles,2026-09-25,2026-09-25 15:30,15,76-77°F,0.967,0.997,0.03,9119,0.988
2026-09-25T22:30:02Z,los-angeles,2026-09-25,2026-09-25 15:30,15,78-79°F,0.0,0.009,0.009,6153,0.001
2026-09-25T22:30:02Z,los-angeles,2026-09-25,2026-09-25 15:30,15,80-81°F,0.0,0.006,0.006,5371,
2026-09-25T22:30:02Z,los-angeles,2026-09-25,2026-09-25 15:30,15,82-83°F,0.033,0.001,-0.032,2432,
2026-09-25T22:30:02Z,los-angeles,2026-09-25,2026-09-25 15:30,15,84-85°F,0.0,0.001,0.001,1656,
2026-09-25T22:30:02Z,los-angeles,2026-09-25,2026-09-25 15:30,15,86-87°F,0.0,0.001,0.001,348,
2026-09-25T22:30:02Z,los-angeles,2026-09-25,2026-09-25 15:30,15,88-89°F,0.0,0.001,0.001,105,
2026-09-25T22:30:02Z,los-angeles,2026-09-25,2026-09-25 15:30,15,90-91°F,0.0,0.001,0.001,100,
2026-09-25T22:30:02Z,los-angeles,2026-09-25,2026-09-25 15:30,15,92°F or higher,0.0,0.001,0.001,510,
2026-09-25T22:30:02Z,mexico-city,2026-09-25,2026-09-25 16:30,16,16°C or below,0.0,0.001,0.001,1015,
2026-09-25T22:30:02Z,mexico-city,2026-09-25,2026-09-25 16:30,16,17°C,0.0,0.001,0.001,15,
2026-09-25T22:30:02Z,mexico-city,2026-09-25,2026-09-25 16:30,16,18°C,0.0,0.001,0.001,15,
2026-09-25T22:30:02Z,mexico-city,2026-09-25,2026-09-25 16:30,16,19°C,0.0,0.001,0.001,15,
2026-09-25T22:30:02Z,mexico-city,2026-09-25,2026-09-25 16:30,16,20°C,0.0,0.001,0.001,15,
2026-09-25T22:30:02Z,mexico-city,2026-09-25,2026-09-25 16:30,16,21°C,0.0,0.001,0.001,145,
2026-09-25T22:30:02Z,mexico-city,2026-09-25,2026-09-25 16:30,16,22°C,0.0,0.001,0.001,232,
2026-09-25T22:30:02Z,mexico-city,2026-09-25,2026-09-25 16:30,16,23°C,0.0,0.001,0.001,523,
2026-09-25T22:30:02Z,mexico-city,2026-09-25,2026-09-25 16:30,16,24°C,0.0,0.001,0.001,3913,
2026-09-25T22:30:02Z,mexico-city,2026-09-25,2026-09-25 16:30,16,25°C,1.0,0.99,-0.01,3901,0.98
2026-09-25T22:30:02Z,mexico-city,2026-09-25,2026-09-25 16:30,16,26°C or higher,0.0,0.009,0.009,4231,0.002
2026-09-25T22:30:02Z,miami,2026-09-25,2026-09-25 18:30,18,75°F or below,0.0,0.001,0.001,95,
2026-09-25T22:30:02Z,miami,2026-09-25,2026-09-25 18:30,18,76-77°F,0.0,0.001,0.001,95,
2026-09-25T22:30:02Z,miami,2026-09-25,2026-09-25 18:30,18,78-79°F,0.0,0.001,0.001,260,
2026-09-25T22:30:02Z,miami,2026-09-25,2026-09-25 18:30,18,80-81°F,0.0,0.001,0.001,3878,
2026-09-25T22:30:02Z,miami,2026-09-25,2026-09-25 18:30,18,82-83°F,0.0,0.001,0.001,4316,
2026-09-25T22:30:02Z,miami,2026-09-25,2026-09-25 18:30,18,84-85°F,0.0,0.001,0.001,5134,
2026-09-25T22:30:02Z,miami,2026-09-25,2026-09-25 18:30,18,86-87°F,0.0,0.001,0.001,14080,
2026-09-25T22:30:02Z,miami,2026-09-25,2026-09-25 18:30,18,88-89°F,0.0,0.001,0.001,8958,
2026-09-25T22:30:02Z,miami,2026-09-25,2026-09-25 18:30,18,90-91°F,1.0,1.0,0.0,13343,0.999
2026-09-25T22:30:02Z,miami,2026-09-25,2026-09-25 18:30,18,92-93°F,0.0,0.004,0.004,10190,
2026-09-25T22:30:02Z,miami,2026-09-25,2026-09-25 18:30,18,94°F or higher,0.0,0.001,0.001,9695,
2026-09-25T22:30:02Z,nyc,2026-09-25,2026-09-25 18:30,18,57°F or below,0.0,0.001,0.001,100,
2026-09-25T22:30:02Z,nyc,2026-09-25,2026-09-25 18:30,18,58-59°F,0.0,0.001,0.001,2710,
2026-09-25T22:30:02Z,nyc,2026-09-25,2026-09-25 18:30,18,60-61°F,0.0,0.001,0.001,4127,
2026-09-25T22:30:02Z,nyc,2026-09-25,2026-09-25 18:30,18,62-63°F,0.0,0.001,0.001,7396,
2026-09-25T22:30:02Z,nyc,2026-09-25,2026-09-25 18:30,18,64-65°F,0.0,0.001,0.001,5044,
2026-09-25T22:30:02Z,nyc,2026-09-25,2026-09-25 18:30,18,66-67°F,0.0,0.001,0.001,6606,
2026-09-25T22:30:02Z,nyc,2026-09-25,2026-09-25 18:30,18,68-69°F,1.0,1.0,0.0,16416,0.96
2026-09-25T22:30:02Z,nyc,2026-09-25,2026-09-25 18:30,18,70-71°F,0.0,0.03,0.03,11197,0.01
2026-09-25T22:30:02Z,nyc,2026-09-25,2026-09-25 18:30,18,72-73°F,0.0,0.006,0.006,9796,
2026-09-25T22:30:02Z,nyc,2026-09-25,2026-09-25 18:30,18,74-75°F,0.0,0.001,0.001,6755,
2026-09-25T22:30:02Z,nyc,2026-09-25,2026-09-25 18:30,18,76°F or higher,0.0,0.001,0.001,3233,
2026-09-25T22:30:02Z,panama-city,2026-09-25,2026-09-25 17:30,17,23°C or below,0.0,0.001,0.001,95,
2026-09-25T22:30:02Z,panama-city,2026-09-25,2026-09-25 17:30,17,24°C,0.0,0.001,0.001,25,
2026-09-25T22:30:02Z,panama-city,2026-09-25,2026-09-25 17:30,17,25°C,0.0,0.001,0.001,15,
2026-09-25T22:30:02Z,panama-city,2026-09-25,2026-09-25 17:30,17,26°C,0.0,0.001,0.001,42,
2026-09-25T22:30:02Z,panama-city,2026-09-25,2026-09-25 17:30,17,27°C,0.0,0.001,0.001,35,
2026-09-25T22:30:02Z,panama-city,2026-09-25,2026-09-25 17:30,17,28°C,0.0,0.001,0.001,165,
2026-09-25T22:30:02Z,panama-city,2026-09-25,2026-09-25 17:30,17,29°C,0.0,0.001,0.001,3484,
2026-09-25T22:30:02Z,panama-city,2026-09-25,2026-09-25 17:30,17,30°C,1.0,0.999,-0.001,2900,0.997
2026-09-25T22:30:02Z,panama-city,2026-09-25,2026-09-25 17:30,17,31°C,0.0,0.004,0.004,2445,0.001
2026-09-25T22:30:02Z,panama-city,2026-09-25,2026-09-25 17:30,17,32°C,0.0,0.001,0.001,4342,
2026-09-25T22:30:02Z,panama-city,2026-09-25,2026-09-25 17:30,17,33°C or higher,0.0,0.001,0.001,1501,
2026-09-25T22:30:02Z,san-francisco,2026-09-25,2026-09-25 15:30,15,61°F or below,0.0,0.001,0.001,630,
2026-09-25T22:30:02Z,san-francisco,2026-09-25,2026-09-25 15:30,15,62-63°F,0.0,0.001,0.001,1782,
2026-09-25T22:30:02Z,san-francisco,2026-09-25,2026-09-25 15:30,15,64-65°F,0.0,0.001,0.001,768,
2026-09-25T22:30:02Z,san-francisco,2026-09-25,2026-09-25 15:30,15,66-67°F,0.0,0.001,0.001,4244,
2026-09-25T22:30:02Z,san-francisco,2026-09-25,2026-09-25 15:30,15,68-69°F,0.0,0.001,0.001,3189,
2026-09-25T22:30:02Z,san-francisco,2026-09-25,2026-09-25 15:30,15,70-71°F,1.0,1.0,0.0,2130,0.97
2026-09-25T22:30:02Z,san-francisco,2026-09-25,2026-09-25 15:30,15,72-73°F,0.0,0.02,0.02,4744,
2026-09-25T22:30:02Z,san-francisco,2026-09-25,2026-09-25 15:30,15,74-75°F,0.0,0.007,0.007,4450,0.001
2026-09-25T22:30:02Z,san-francisco,2026-09-25,2026-09-25 15:30,15,76-77°F,0.0,0.001,0.001,2488,
2026-09-25T22:30:02Z,san-francisco,2026-09-25,2026-09-25 15:30,15,78-79°F,0.0,0.001,0.001,2121,
2026-09-25T22:30:02Z,san-francisco,2026-09-25,2026-09-25 15:30,15,80°F or higher,0.0,0.001,0.001,643,
2026-09-25T22:30:02Z,seattle,2026-09-25,2026-09-25 15:30,15,49°F or below,0.0,0.001,0.001,95,
2026-09-25T22:30:02Z,seattle,2026-09-25,2026-09-25 15:30,15,50-51°F,0.0,0.001,0.001,3580,
2026-09-25T22:30:02Z,seattle,2026-09-25,2026-09-25 15:30,15,52-53°F,0.0,0.001,0.001,16299,
2026-09-25T22:30:02Z,seattle,2026-09-25,2026-09-25 15:30,15,54-55°F,0.0,0.001,0.001,16539,
2026-09-25T22:30:02Z,seattle,2026-09-25,2026-09-25 15:30,15,56-57°F,0.0,0.001,0.001,4945,
2026-09-25T22:30:02Z,seattle,2026-09-25,2026-09-25 15:30,15,58-59°F,0.0,0.001,0.001,14710,
2026-09-25T22:30:02Z,seattle,2026-09-25,2026-09-25 15:30,15,60-61°F,0.867,0.95,0.083,4946,0.9
2026-09-25T22:30:02Z,seattle,2026-09-25,2026-09-25 15:30,15,62-63°F,0.133,0.09,-0.043,3829,0.05
2026-09-25T22:30:02Z,seattle,2026-09-25,2026-09-25 15:30,15,64-65°F,0.0,0.001,0.001,1940,
2026-09-25T22:30:02Z,seattle,2026-09-25,2026-09-25 15:30,15,66-67°F,0.0,0.001,0.001,993,
2026-09-25T22:30:02Z,seattle,2026-09-25,2026-09-25 15:30,15,68°F or higher,0.0,0.001,0.001,1400,
2026-09-25T22:30:02Z,toronto,2026-09-25,2026-09-25 18:30,18,16°C or below,0.0,0.001,0.001,45,
2026-09-25T22:30:02Z,toronto,2026-09-25,2026-09-25 18:30,18,17°C,0.0,0.001,0.001,262,
2026-09-25T22:30:02Z,toronto,2026-09-25,2026-09-25 18:30,18,18°C,0.0,0.001,0.001,2614,
2026-09-25T22:30:02Z,toronto,2026-09-25,2026-09-25 18:30,18,19°C,0.0,0.001,0.001,2468,
2026-09-25T22:30:02Z,toronto,2026-09-25,2026-09-25 18:30,18,20°C,0.0,0.001,0.001,7288,
2026-09-25T22:30:02Z,toronto,2026-09-25,2026-09-25 18:30,18,21°C,1.0,1.0,0.0,5476,0.999
2026-09-25T22:30:02Z,toronto,2026-09-25,2026-09-25 18:30,18,22°C,0.0,0.001,0.001,3508,
2026-09-25T22:30:02Z,toronto,2026-09-25,2026-09-25 18:30,18,23°C,0.0,0.001,0.001,2367,
2026-09-25T22:30:02Z,toronto,2026-09-25,2026-09-25 18:30,18,24°C,0.0,0.001,0.001,367,
2026-09-25T22:30:02Z,toronto,2026-09-25,2026-09-25 18:30,18,25°C,0.0,0.001,0.001,953,
2026-09-25T22:30:02Z,toronto,2026-09-25,2026-09-25 18:30,18,26°C or higher,0.0,0.001,0.001,145,
2026-09-25T22:35:00Z,los-angeles,2026-09-25,2026-09-25 15:35,15,73°F or below,0.0,0.001,0.001,1433,
2026-09-25T22:35:00Z,los-angeles,2026-09-25,2026-09-25 15:35,15,74-75°F,0.0,0.001,0.001,10869,
2026-09-25T22:35:00Z,los-angeles,2026-09-25,2026-09-25 15:35,15,76-77°F,0.967,0.997,0.03,9119,0.988
2026-09-25T22:35:00Z,los-angeles,2026-09-25,2026-09-25 15:35,15,78-79°F,0.0,0.009,0.009,6153,0.001
2026-09-25T22:35:00Z,los-angeles,2026-09-25,2026-09-25 15:35,15,80-81°F,0.0,0.006,0.006,5371,
2026-09-25T22:35:00Z,los-angeles,2026-09-25,2026-09-25 15:35,15,82-83°F,0.033,0.001,-0.032,2432,
2026-09-25T22:35:00Z,los-angeles,2026-09-25,2026-09-25 15:35,15,84-85°F,0.0,0.001,0.001,1656,
2026-09-25T22:35:00Z,los-angeles,2026-09-25,2026-09-25 15:35,15,86-87°F,0.0,0.001,0.001,348,
2026-09-25T22:35:00Z,los-angeles,2026-09-25,2026-09-25 15:35,15,88-89°F,0.0,0.001,0.001,105,
2026-09-25T22:35:00Z,los-angeles,2026-09-25,2026-09-25 15:35,15,90-91°F,0.0,0.001,0.001,100,
2026-09-25T22:35:00Z,los-angeles,2026-09-25,2026-09-25 15:35,15,92°F or higher,0.0,0.001,0.001,510,
2026-09-25T22:35:00Z,san-francisco,2026-09-25,2026-09-25 15:35,15,61°F or below,0.0,0.001,0.001,630,
2026-09-25T22:35:00Z,san-francisco,2026-09-25,2026-09-25 15:35,15,62-63°F,0.0,0.001,0.001,1782,
2026-09-25T22:35:00Z,san-francisco,2026-09-25,2026-09-25 15:35,15,64-65°F,0.0,0.001,0.001,768,
2026-09-25T22:35:00Z,san-francisco,2026-09-25,2026-09-25 15:35,15,66-67°F,0.0,0.001,0.001,4244,
2026-09-25T22:35:00Z,san-francisco,2026-09-25,2026-09-25 15:35,15,68-69°F,0.0,0.001,0.001,3189,
2026-09-25T22:35:00Z,san-francisco,2026-09-25,2026-09-25 15:35,15,70-71°F,1.0,1.0,0.0,2130,0.97
2026-09-25T22:35:00Z,san-francisco,2026-09-25,2026-09-25 15:35,15,72-73°F,0.0,0.02,0.02,4744,
2026-09-25T22:35:00Z,san-francisco,2026-09-25,2026-09-25 15:35,15,74-75°F,0.0,0.008,0.008,4450,0.001
2026-09-25T22:35:00Z,san-francisco,2026-09-25,2026-09-25 15:35,15,76-77°F,0.0,0.001,0.001,2488,
2026-09-25T22:35:00Z,san-francisco,2026-09-25,2026-09-25 15:35,15,78-79°F,0.0,0.001,0.001,2121,
2026-09-25T22:35:00Z,san-francisco,2026-09-25,2026-09-25 15:35,15,80°F or higher,0.0,0.001,0.001,643,
2026-09-25T22:35:00Z,seattle,2026-09-25,2026-09-25 15:35,15,49°F or below,0.0,0.001,0.001,95,
2026-09-25T22:35:00Z,seattle,2026-09-25,2026-09-25 15:35,15,50-51°F,0.0,0.001,0.001,3580,
2026-09-25T22:35:00Z,seattle,2026-09-25,2026-09-25 15:35,15,52-53°F,0.0,0.001,0.001,16299,
2026-09-25T22:35:00Z,seattle,2026-09-25,2026-09-25 15:35,15,54-55°F,0.0,0.001,0.001,16539,
2026-09-25T22:35:00Z,seattle,2026-09-25,2026-09-25 15:35,15,56-57°F,0.0,0.001,0.001,4945,
2026-09-25T22:35:00Z,seattle,2026-09-25,2026-09-25 15:35,15,58-59°F,0.0,0.001,0.001,14710,
2026-09-25T22:35:00Z,seattle,2026-09-25,2026-09-25 15:35,15,60-61°F,0.867,0.97,0.103,4946,0.95
2026-09-25T22:35:00Z,seattle,2026-09-25,2026-09-25 15:35,15,62-63°F,0.133,0.06,-0.073,3829,0.02
2026-09-25T22:35:00Z,seattle,2026-09-25,2026-09-25 15:35,15,64-65°F,0.0,0.001,0.001,1940,
2026-09-25T22:35:00Z,seattle,2026-09-25,2026-09-25 15:35,15,66-67°F,0.0,0.001,0.001,993,
2026-09-25T22:35:00Z,seattle,2026-09-25,2026-09-25 15:35,15,68°F or higher,0.0,0.001,0.001,1400,
2026-09-25T22:40:01Z,los-angeles,2026-09-25,2026-09-25 15:40,15,73°F or below,0.0,0.001,0.001,1433,
2026-09-25T22:40:01Z,los-angeles,2026-09-25,2026-09-25 15:40,15,74-75°F,0.0,0.001,0.001,10869,
2026-09-25T22:40:01Z,los-angeles,2026-09-25,2026-09-25 15:40,15,76-77°F,0.967,0.999,0.032,9119,0.988
2026-09-25T22:40:01Z,los-angeles,2026-09-25,2026-09-25 15:40,15,78-79°F,0.0,0.009,0.009,6153,0.001
2026-09-25T22:40:01Z,los-angeles,2026-09-25,2026-09-25 15:40,15,80-81°F,0.0,0.006,0.006,5371,
2026-09-25T22:40:01Z,los-angeles,2026-09-25,2026-09-25 15:40,15,82-83°F,0.033,0.001,-0.032,2432,
2026-09-25T22:40:01Z,los-angeles,2026-09-25,2026-09-25 15:40,15,84-85°F,0.0,0.001,0.001,1656,
2026-09-25T22:40:01Z,los-angeles,2026-09-25,2026-09-25 15:40,15,86-87°F,0.0,0.001,0.001,348,
2026-09-25T22:40:01Z,los-angeles,2026-09-25,2026-09-25 15:40,15,88-89°F,0.0,0.001,0.001,105,
2026-09-25T22:40:01Z,los-angeles,2026-09-25,2026-09-25 15:40,15,90-91°F,0.0,0.001,0.001,100,
2026-09-25T22:40:01Z,los-angeles,2026-09-25,2026-09-25 15:40,15,92°F or higher,0.0,0.001,0.001,510,
2026-09-25T22:40:01Z,san-francisco,2026-09-25,2026-09-25 15:40,15,61°F or below,0.0,0.001,0.001,630,
2026-09-25T22:40:01Z,san-francisco,2026-09-25,2026-09-25 15:40,15,62-63°F,0.0,0.001,0.001,1782,
2026-09-25T22:40:01Z,san-francisco,2026-09-25,2026-09-25 15:40,15,64-65°F,0.0,0.001,0.001,768,
2026-09-25T22:40:01Z,san-francisco,2026-09-25,2026-09-25 15:40,15,66-67°F,0.0,0.001,0.001,4244,
2026-09-25T22:40:01Z,san-francisco,2026-09-25,2026-09-25 15:40,15,68-69°F,0.0,0.001,0.001,3189,
2026-09-25T22:40:01Z,san-francisco,2026-09-25,2026-09-25 15:40,15,70-71°F,1.0,1.0,0.0,2130,0.97
2026-09-25T22:40:01Z,san-francisco,2026-09-25,2026-09-25 15:40,15,72-73°F,0.0,0.02,0.02,4744,
2026-09-25T22:40:01Z,san-francisco,2026-09-25,2026-09-25 15:40,15,74-75°F,0.0,0.008,0.008,4494,0.001
2026-09-25T22:40:01Z,san-francisco,2026-09-25,2026-09-25 15:40,15,76-77°F,0.0,0.001,0.001,2488,
2026-09-25T22:40:01Z,san-francisco,2026-09-25,2026-09-25 15:40,15,78-79°F,0.0,0.001,0.001,2121,
2026-09-25T22:40:01Z,san-francisco,2026-09-25,2026-09-25 15:40,15,80°F or higher,0.0,0.001,0.001,643,
2026-09-25T22:40:01Z,seattle,2026-09-25,2026-09-25 15:40,15,49°F or below,0.0,0.001,0.001,95,
2026-09-25T22:40:01Z,seattle,2026-09-25,2026-09-25 15:40,15,50-51°F,0.0,0.001,0.001,3580,
2026-09-25T22:40:01Z,seattle,2026-09-25,2026-09-25 15:40,15,52-53°F,0.0,0.001,0.001,16299,
2026-09-25T22:40:01Z,seattle,2026-09-25,2026-09-25 15:40,15,54-55°F,0.0,0.001,0.001,16539,
2026-09-25T22:40:01Z,seattle,2026-09-25,2026-09-25 15:40,15,56-57°F,0.0,0.001,0.001,4945,
2026-09-25T22:40:01Z,seattle,2026-09-25,2026-09-25 15:40,15,58-59°F,0.0,0.001,0.001,14710,
2026-09-25T22:40:01Z,seattle,2026-09-25,2026-09-25 15:40,15,60-61°F,0.867,0.97,0.103,5040,0.96
2026-09-25T22:40:01Z,seattle,2026-09-25,2026-09-25 15:40,15,62-63°F,0.133,0.05,-0.083,3897,0.02
2026-09-25T22:40:01Z,seattle,2026-09-25,2026-09-25 15:40,15,64-65°F,0.0,0.001,0.001,1951,
2026-09-25T22:40:01Z,seattle,2026-09-25,2026-09-25 15:40,15,66-67°F,0.0,0.001,0.001,993,
2026-09-25T22:40:01Z,seattle,2026-09-25,2026-09-25 15:40,15,68°F or higher,0.0,0.001,0.001,1400,
2026-09-25T22:45:02Z,austin,2026-09-25,2026-09-25 17:45,17,87°F or below,0.0,0.001,0.001,100,
2026-09-25T22:45:02Z,austin,2026-09-25,2026-09-25 17:45,17,88-89°F,0.0,0.001,0.001,180,
2026-09-25T22:45:02Z,austin,2026-09-25,2026-09-25 17:45,17,90-91°F,0.0,0.001,0.001,186,
2026-09-25T22:45:02Z,austin,2026-09-25,2026-09-25 17:45,17,92-93°F,0.0,0.001,0.001,1026,
2026-09-25T22:45:02Z,austin,2026-09-25,2026-09-25 17:45,17,94-95°F,0.0,0.001,0.001,4024,
2026-09-25T22:45:02Z,austin,2026-09-25,2026-09-25 17:45,17,96-97°F,1.0,1.0,0.0,3472,0.73
2026-09-25T22:45:02Z,austin,2026-09-25,2026-09-25 17:45,17,98-99°F,0.0,0.26,0.26,2042,0.13
2026-09-25T22:45:02Z,austin,2026-09-25,2026-09-25 17:45,17,100-101°F,0.0,0.09,0.09,686,
2026-09-25T22:45:02Z,austin,2026-09-25,2026-09-25 17:45,17,102-103°F,0.0,0.001,0.001,245,
2026-09-25T22:45:02Z,austin,2026-09-25,2026-09-25 17:45,17,104-105°F,0.0,0.001,0.001,405,
2026-09-25T22:45:02Z,austin,2026-09-25,2026-09-25 17:45,17,106°F or higher,0.0,0.001,0.001,169,
2026-09-25T22:45:02Z,chicago,2026-09-25,2026-09-25 17:45,17,57°F or below,0.0,0.001,0.001,188,
2026-09-25T22:45:02Z,chicago,2026-09-25,2026-09-25 17:45,17,58-59°F,0.0,0.001,0.001,95,
2026-09-25T22:45:02Z,chicago,2026-09-25,2026-09-25 17:45,17,60-61°F,0.0,0.001,0.001,363,
2026-09-25T22:45:02Z,chicago,2026-09-25,2026-09-25 17:45,17,62-63°F,0.0,0.001,0.001,1804,
2026-09-25T22:45:02Z,chicago,2026-09-25,2026-09-25 17:45,17,64-65°F,1.0,0.999,-0.001,4560,0.998
2026-09-25T22:45:02Z,chicago,2026-09-25,2026-09-25 17:45,17,66-67°F,0.0,0.004,0.004,7389,0.001
2026-09-25T22:45:02Z,chicago,2026-09-25,2026-09-25 17:45,17,68-69°F,0.0,0.001,0.001,5306,
2026-09-25T22:45:02Z,chicago,2026-09-25,2026-09-25 17:45,17,70-71°F,0.0,0.001,0.001,3763,
2026-09-25T22:45:02Z,chicago,2026-09-25,2026-09-25 17:45,17,72-73°F,0.0,0.001,0.001,3146,
2026-09-25T22:45:02Z,chicago,2026-09-25,2026-09-25 17:45,17,74-75°F,0.0,0.001,0.001,666,
2026-09-25T22:45:02Z,chicago,2026-09-25,2026-09-25 17:45,17,76°F or higher,0.0,0.001,0.001,100,
2026-09-25T22:45:02Z,dallas,2026-09-25,2026-09-25 17:45,17,85°F or below,0.0,0.001,0.001,866,
2026-09-25T22:45:02Z,dallas,2026-09-25,2026-09-25 17:45,17,86-87°F,0.0,0.001,0.001,1265,
2026-09-25T22:45:02Z,dallas,2026-09-25,2026-09-25 17:45,17,88-89°F,0.0,0.001,0.001,9228,
2026-09-25T22:45:02Z,dallas,2026-09-25,2026-09-25 17:45,17,90-91°F,0.0,0.001,0.001,7398,
2026-09-25T22:45:02Z,dallas,2026-09-25,2026-09-25 17:45,17,92-93°F,1.0,0.997,-0.003,5519,0.99
2026-09-25T22:45:02Z,dallas,2026-09-25,2026-09-25 17:45,17,94-95°F,0.0,0.004,0.004,5481,0.002
2026-09-25T22:45:02Z,dallas,2026-09-25,2026-09-25 17:45,17,96-97°F,0.0,0.002,0.002,2780,
2026-09-25T22:45:02Z,dallas,2026-09-25,2026-09-25 17:45,17,98-99°F,0.0,0.001,0.001,4148,
2026-09-25T22:45:02Z,dallas,2026-09-25,2026-09-25 17:45,17,100-101°F,0.0,0.001,0.001,1172,
2026-09-25T22:45:02Z,dallas,2026-09-25,2026-09-25 17:45,17,102-103°F,0.0,0.001,0.001,95,
2026-09-25T22:45:02Z,dallas,2026-09-25,2026-09-25 17:45,17,104°F or higher,0.0,0.001,0.001,165,
2026-09-25T22:45:02Z,denver,2026-09-25,2026-09-25 16:45,16,67°F or below,0.0,0.001,0.001,1349,
2026-09-25T22:45:02Z,denver,2026-09-25,2026-09-25 16:45,16,68-69°F,0.0,0.001,0.001,966,
2026-09-25T22:45:02Z,denver,2026-09-25,2026-09-25 16:45,16,70-71°F,0.0,0.001,0.001,2388,
2026-09-25T22:45:02Z,denver,2026-09-25,2026-09-25 16:45,16,72-73°F,0.0,0.001,0.001,4921,
2026-09-25T22:45:02Z,denver,2026-09-25,2026-09-25 16:45,16,74-75°F,1.0,0.998,-0.002,5927,0.98
2026-09-25T22:45:02Z,denver,2026-09-25,2026-09-25 16:45,16,76-77°F,0.0,0.02,0.02,3943,
2026-09-25T22:45:02Z,denver,2026-09-25,2026-09-25 16:45,16,78-79°F,0.0,0.009,0.009,2383,0.001
2026-09-25T22:45:02Z,denver,2026-09-25,2026-09-25 16:45,16,80-81°F,0.0,0.001,0.001,2302,
2026-09-25T22:45:02Z,denver,2026-09-25,2026-09-25 16:45,16,82-83°F,0.0,0.001,0.001,890,
2026-09-25T22:45:02Z,denver,2026-09-25,2026-09-25 16:45,16,84-85°F,0.0,0.001,0.001,200,
2026-09-25T22:45:02Z,denver,2026-09-25,2026-09-25 16:45,16,86°F or higher,0.0,0.001,0.001,100,
2026-09-25T22:45:02Z,houston,2026-09-25,2026-09-25 17:45,17,83°F or below,0.0,0.001,0.001,100,
2026-09-25T22:45:02Z,houston,2026-09-25,2026-09-25 17:45,17,84-85°F,0.0,0.001,0.001,180,
2026-09-25T22:45:02Z,houston,2026-09-25,2026-09-25 17:45,17,86-87°F,0.0,0.001,0.001,2361,
2026-09-25T22:45:02Z,houston,2026-09-25,2026-09-25 17:45,17,88-89°F,0.0,0.001,0.001,6710,
2026-09-25T22:45:02Z,houston,2026-09-25,2026-09-25 17:45,17,90-91°F,1.0,0.998,-0.002,5066,0.991
2026-09-25T22:45:02Z,houston,2026-09-25,2026-09-25 17:45,17,92-93°F,0.0,0.01,0.01,6080,0.003
2026-09-25T22:45:02Z,houston,2026-09-25,2026-09-25 17:45,17,94-95°F,0.0,0.002,0.002,2941,
2026-09-25T22:45:02Z,houston,2026-09-25,2026-09-25 17:45,17,96-97°F,0.0,0.001,0.001,823,
2026-09-25T22:45:02Z,houston,2026-09-25,2026-09-25 17:45,17,98-99°F,0.0,0.001,0.001,30,
2026-09-25T22:45:02Z,houston,2026-09-25,2026-09-25 17:45,17,100-101°F,0.0,0.001,0.001,215,
2026-09-25T22:45:02Z,houston,2026-09-25,2026-09-25 17:45,17,102°F or higher,0.0,0.001,0.001,100,
2026-09-25T22:45:02Z,los-angeles,2026-09-25,2026-09-25 15:45,15,73°F or below,0.0,0.001,0.001,1433,
2026-09-25T22:45:02Z,los-angeles,2026-09-25,2026-09-25 15:45,15,74-75°F,0.0,0.001,0.001,10869,
2026-09-25T22:45:02Z,los-angeles,2026-09-25,2026-09-25 15:45,15,76-77°F,0.967,0.999,0.032,9129,0.988
2026-09-25T22:45:02Z,los-angeles,2026-09-25,2026-09-25 15:45,15,78-79°F,0.0,0.008,0.008,6153,0.001
2026-09-25T22:45:02Z,los-angeles,2026-09-25,2026-09-25 15:45,15,80-81°F,0.0,0.006,0.006,5571,
2026-09-25T22:45:02Z,los-angeles,2026-09-25,2026-09-25 15:45,15,82-83°F,0.033,0.001,-0.032,2432,
2026-09-25T22:45:02Z,los-angeles,2026-09-25,2026-09-25 15:45,15,84-85°F,0.0,0.001,0.001,1656,
2026-09-25T22:45:02Z,los-angeles,2026-09-25,2026-09-25 15:45,15,86-87°F,0.0,0.001,0.001,348,
2026-09-25T22:45:02Z,los-angeles,2026-09-25,2026-09-25 15:45,15,88-89°F,0.0,0.001,0.001,105,
2026-09-25T22:45:02Z,los-angeles,2026-09-25,2026-09-25 15:45,15,90-91°F,0.0,0.001,0.001,100,
2026-09-25T22:45:02Z,los-angeles,2026-09-25,2026-09-25 15:45,15,92°F or higher,0.0,0.001,0.001,510,
2026-09-25T22:45:02Z,mexico-city,2026-09-25,2026-09-25 16:45,16,16°C or below,0.0,0.001,0.001,1015,
2026-09-25T22:45:02Z,mexico-city,2026-09-25,2026-09-25 16:45,16,17°C,0.0,0.001,0.001,15,
2026-09-25T22:45:02Z,mexico-city,2026-09-25,2026-09-25 16:45,16,18°C,0.0,0.001,0.001,15,
2026-09-25T22:45:02Z,mexico-city,2026-09-25,2026-09-25 16:45,16,19°C,0.0,0.001,0.001,15,
2026-09-25T22:45:02Z,mexico-city,2026-09-25,2026-09-25 16:45,16,20°C,0.0,0.001,0.001,15,
2026-09-25T22:45:02Z,mexico-city,2026-09-25,2026-09-25 16:45,16,21°C,0.0,0.001,0.001,145,
2026-09-25T22:45:02Z,mexico-city,2026-09-25,2026-09-25 16:45,16,22°C,0.0,0.001,0.001,232,
2026-09-25T22:45:02Z,mexico-city,2026-09-25,2026-09-25 16:45,16,23°C,0.0,0.001,0.001,523,
2026-09-25T22:45:02Z,mexico-city,2026-09-25,2026-09-25 16:45,16,24°C,0.0,0.001,0.001,3913,
2026-09-25T22:45:02Z,mexico-city,2026-09-25,2026-09-25 16:45,16,25°C,1.0,0.998,-0.002,4193,0.99
2026-09-25T22:45:02Z,mexico-city,2026-09-25,2026-09-25 16:45,16,26°C or higher,0.0,0.009,0.009,4231,0.002
2026-09-25T22:45:02Z,panama-city,2026-09-25,2026-09-25 17:45,17,23°C or below,0.0,0.001,0.001,95,
2026-09-25T22:45:02Z,panama-city,2026-09-25,2026-09-25 17:45,17,24°C,0.0,0.001,0.001,25,
2026-09-25T22:45:02Z,panama-city,2026-09-25,2026-09-25 17:45,17,25°C,0.0,0.001,0.001,15,
2026-09-25T22:45:02Z,panama-city,2026-09-25,2026-09-25 17:45,17,26°C,0.0,0.001,0.001,42,
2026-09-25T22:45:02Z,panama-city,2026-09-25,2026-09-25 17:45,17,27°C,0.0,0.001,0.001,35,
2026-09-25T22:45:02Z,panama-city,2026-09-25,2026-09-25 17:45,17,28°C,0.0,0.001,0.001,165,
2026-09-25T22:45:02Z,panama-city,2026-09-25,2026-09-25 17:45,17,29°C,0.0,0.001,0.001,3484,
2026-09-25T22:45:02Z,panama-city,2026-09-25,2026-09-25 17:45,17,30°C,1.0,0.999,-0.001,3254,0.996
2026-09-25T22:45:02Z,panama-city,2026-09-25,2026-09-25 17:45,17,31°C,0.0,0.004,0.004,2630,0.001
2026-09-25T22:45:02Z,panama-city,2026-09-25,2026-09-25 17:45,17,32°C,0.0,0.001,0.001,4342,
2026-09-25T22:45:02Z,panama-city,2026-09-25,2026-09-25 17:45,17,33°C or higher,0.0,0.001,0.001,1501,
2026-09-25T22:45:02Z,san-francisco,2026-09-25,2026-09-25 15:45,15,61°F or below,0.0,0.001,0.001,630,
2026-09-25T22:45:02Z,san-francisco,2026-09-25,2026-09-25 15:45,15,62-63°F,0.0,0.001,0.001,1782,
2026-09-25T22:45:02Z,san-francisco,2026-09-25,2026-09-25 15:45,15,64-65°F,0.0,0.001,0.001,768,
2026-09-25T22:45:02Z,san-francisco,2026-09-25,2026-09-25 15:45,15,66-67°F,0.0,0.001,0.001,4244,
2026-09-25T22:45:02Z,san-francisco,2026-09-25,2026-09-25 15:45,15,68-69°F,0.0,0.001,0.001,3189,
2026-09-25T22:45:02Z,san-francisco,2026-09-25,2026-09-25 15:45,15,70-71°F,1.0,1.0,0.0,2130,0.97
2026-09-25T22:45:02Z,san-francisco,2026-09-25,2026-09-25 15:45,15,72-73°F,0.0,0.02,0.02,4744,
2026-09-25T22:45:02Z,san-francisco,2026-09-25,2026-09-25 15:45,15,74-75°F,0.0,0.008,0.008,4494,0.001
2026-09-25T22:45:02Z,san-francisco,2026-09-25,2026-09-25 15:45,15,76-77°F,0.0,0.001,0.001,2488,
2026-09-25T22:45:02Z,san-francisco,2026-09-25,2026-09-25 15:45,15,78-79°F,0.0,0.001,0.001,2121,
2026-09-25T22:45:02Z,san-francisco,2026-09-25,2026-09-25 15:45,15,80°F or higher,0.0,0.001,0.001,643,
2026-09-25T22:45:02Z,seattle,2026-09-25,2026-09-25 15:45,15,49°F or below,0.0,0.001,0.001,95,
2026-09-25T22:45:02Z,seattle,2026-09-25,2026-09-25 15:45,15,50-51°F,0.0,0.001,0.001,3580,
2026-09-25T22:45:02Z,seattle,2026-09-25,2026-09-25 15:45,15,52-53°F,0.0,0.001,0.001,16299,
2026-09-25T22:45:02Z,seattle,2026-09-25,2026-09-25 15:45,15,54-55°F,0.0,0.001,0.001,16539,
2026-09-25T22:45:02Z,seattle,2026-09-25,2026-09-25 15:45,15,56-57°F,0.0,0.001,0.001,4945,
2026-09-25T22:45:02Z,seattle,2026-09-25,2026-09-25 15:45,15,58-59°F,0.0,0.001,0.001,14710,
2026-09-25T22:45:02Z,seattle,2026-09-25,2026-09-25 15:45,15,60-61°F,0.867,0.94,0.073,5040,0.89
2026-09-25T22:45:02Z,seattle,2026-09-25,2026-09-25 15:45,15,62-63°F,0.133,0.09,-0.043,3897,0.03
2026-09-25T22:45:02Z,seattle,2026-09-25,2026-09-25 15:45,15,64-65°F,0.0,0.017,0.017,1951,0.002
2026-09-25T22:45:02Z,seattle,2026-09-25,2026-09-25 15:45,15,66-67°F,0.0,0.001,0.001,993,
2026-09-25T22:45:02Z,seattle,2026-09-25,2026-09-25 15:45,15,68°F or higher,0.0,0.001,0.001,1400,
2026-09-25T22:50:00Z,los-angeles,2026-09-25,2026-09-25 15:50,15,73°F or below,0.0,0.001,0.001,1433,
2026-09-25T22:50:00Z,los-angeles,2026-09-25,2026-09-25 15:50,15,74-75°F,0.0,0.001,0.001,10869,
2026-09-25T22:50:00Z,los-angeles,2026-09-25,2026-09-25 15:50,15,76-77°F,0.967,0.999,0.032,9129,0.988
2026-09-25T22:50:00Z,los-angeles,2026-09-25,2026-09-25 15:50,15,78-79°F,0.0,0.006,0.006,6153,0.001
2026-09-25T22:50:00Z,los-angeles,2026-09-25,2026-09-25 15:50,15,80-81°F,0.0,0.006,0.006,5571,
2026-09-25T22:50:00Z,los-angeles,2026-09-25,2026-09-25 15:50,15,82-83°F,0.033,0.001,-0.032,2432,
2026-09-25T22:50:00Z,los-angeles,2026-09-25,2026-09-25 15:50,15,84-85°F,0.0,0.001,0.001,1656,
2026-09-25T22:50:00Z,los-angeles,2026-09-25,2026-09-25 15:50,15,86-87°F,0.0,0.001,0.001,348,
2026-09-25T22:50:00Z,los-angeles,2026-09-25,2026-09-25 15:50,15,88-89°F,0.0,0.001,0.001,105,
2026-09-25T22:50:00Z,los-angeles,2026-09-25,2026-09-25 15:50,15,90-91°F,0.0,0.001,0.001,100,
2026-09-25T22:50:00Z,los-angeles,2026-09-25,2026-09-25 15:50,15,92°F or higher,0.0,0.001,0.001,510,
2026-09-25T22:50:00Z,san-francisco,2026-09-25,2026-09-25 15:50,15,61°F or below,0.0,0.001,0.001,630,
2026-09-25T22:50:00Z,san-francisco,2026-09-25,2026-09-25 15:50,15,62-63°F,0.0,0.001,0.001,1782,
2026-09-25T22:50:00Z,san-francisco,2026-09-25,2026-09-25 15:50,15,64-65°F,0.0,0.001,0.001,768,
2026-09-25T22:50:00Z,san-francisco,2026-09-25,2026-09-25 15:50,15,66-67°F,0.0,0.001,0.001,4244,
2026-09-25T22:50:00Z,san-francisco,2026-09-25,2026-09-25 15:50,15,68-69°F,0.0,0.001,0.001,3189,
2026-09-25T22:50:00Z,san-francisco,2026-09-25,2026-09-25 15:50,15,70-71°F,1.0,1.0,0.0,2130,0.96
2026-09-25T22:50:00Z,san-francisco,2026-09-25,2026-09-25 15:50,15,72-73°F,0.0,0.03,0.03,4744,
2026-09-25T22:50:00Z,san-francisco,2026-09-25,2026-09-25 15:50,15,74-75°F,0.0,0.005,0.005,4494,0.001
2026-09-25T22:50:00Z,san-francisco,2026-09-25,2026-09-25 15:50,15,76-77°F,0.0,0.001,0.001,2488,
2026-09-25T22:50:00Z,san-francisco,2026-09-25,2026-09-25 15:50,15,78-79°F,0.0,0.001,0.001,2121,
2026-09-25T22:50:00Z,san-francisco,2026-09-25,2026-09-25 15:50,15,80°F or higher,0.0,0.001,0.001,643,
2026-09-25T22:50:00Z,seattle,2026-09-25,2026-09-25 15:50,15,49°F or below,0.0,0.001,0.001,95,
2026-09-25T22:50:00Z,seattle,2026-09-25,2026-09-25 15:50,15,50-51°F,0.0,0.001,0.001,3580,
2026-09-25T22:50:00Z,seattle,2026-09-25,2026-09-25 15:50,15,52-53°F,0.0,0.001,0.001,16299,
2026-09-25T22:50:00Z,seattle,2026-09-25,2026-09-25 15:50,15,54-55°F,0.0,0.001,0.001,16539,
2026-09-25T22:50:00Z,seattle,2026-09-25,2026-09-25 15:50,15,56-57°F,0.0,0.001,0.001,4945,
2026-09-25T22:50:00Z,seattle,2026-09-25,2026-09-25 15:50,15,58-59°F,0.0,0.001,0.001,14710,
2026-09-25T22:50:00Z,seattle,2026-09-25,2026-09-25 15:50,15,60-61°F,0.867,0.91,0.043,5040,0.8
2026-09-25T22:50:00Z,seattle,2026-09-25,2026-09-25 15:50,15,62-63°F,0.133,0.18,0.047,3897,0.07
2026-09-25T22:50:00Z,seattle,2026-09-25,2026-09-25 15:50,15,64-65°F,0.0,0.009,0.009,1951,0.001
2026-09-25T22:50:00Z,seattle,2026-09-25,2026-09-25 15:50,15,66-67°F,0.0,0.001,0.001,993,
2026-09-25T22:50:00Z,seattle,2026-09-25,2026-09-25 15:50,15,68°F or higher,0.0,0.001,0.001,1400,
2026-09-25T22:55:01Z,los-angeles,2026-09-25,2026-09-25 15:55,15,73°F or below,0.0,0.001,0.001,1433,
2026-09-25T22:55:01Z,los-angeles,2026-09-25,2026-09-25 15:55,15,74-75°F,0.0,0.001,0.001,10869,
2026-09-25T22:55:01Z,los-angeles,2026-09-25,2026-09-25 15:55,15,76-77°F,0.967,0.999,0.032,9129,0.991
2026-09-25T22:55:01Z,los-angeles,2026-09-25,2026-09-25 15:55,15,78-79°F,0.0,0.006,0.006,6153,0.001
2026-09-25T22:55:01Z,los-angeles,2026-09-25,2026-09-25 15:55,15,80-81°F,0.0,0.006,0.006,5571,
2026-09-25T22:55:01Z,los-angeles,2026-09-25,2026-09-25 15:55,15,82-83°F,0.033,0.001,-0.032,2432,
2026-09-25T22:55:01Z,los-angeles,2026-09-25,2026-09-25 15:55,15,84-85°F,0.0,0.001,0.001,1656,
2026-09-25T22:55:01Z,los-angeles,2026-09-25,2026-09-25 15:55,15,86-87°F,0.0,0.001,0.001,348,
2026-09-25T22:55:01Z,los-angeles,2026-09-25,2026-09-25 15:55,15,88-89°F,0.0,0.001,0.001,105,
2026-09-25T22:55:01Z,los-angeles,2026-09-25,2026-09-25 15:55,15,90-91°F,0.0,0.001,0.001,100,
2026-09-25T22:55:01Z,los-angeles,2026-09-25,2026-09-25 15:55,15,92°F or higher,0.0,0.001,0.001,510,
2026-09-25T22:55:01Z,san-francisco,2026-09-25,2026-09-25 15:55,15,61°F or below,0.0,0.001,0.001,630,
2026-09-25T22:55:01Z,san-francisco,2026-09-25,2026-09-25 15:55,15,62-63°F,0.0,0.001,0.001,1782,
2026-09-25T22:55:01Z,san-francisco,2026-09-25,2026-09-25 15:55,15,64-65°F,0.0,0.001,0.001,768,
2026-09-25T22:55:01Z,san-francisco,2026-09-25,2026-09-25 15:55,15,66-67°F,0.0,0.001,0.001,4244,
2026-09-25T22:55:01Z,san-francisco,2026-09-25,2026-09-25 15:55,15,68-69°F,0.0,0.001,0.001,3189,
2026-09-25T22:55:01Z,san-francisco,2026-09-25,2026-09-25 15:55,15,70-71°F,1.0,1.0,0.0,2170,0.96
2026-09-25T22:55:01Z,san-francisco,2026-09-25,2026-09-25 15:55,15,72-73°F,0.0,0.03,0.03,4744,
2026-09-25T22:55:01Z,san-francisco,2026-09-25,2026-09-25 15:55,15,74-75°F,0.0,0.007,0.007,4494,0.001
2026-09-25T22:55:01Z,san-francisco,2026-09-25,2026-09-25 15:55,15,76-77°F,0.0,0.001,0.001,2488,
2026-09-25T22:55:01Z,san-francisco,2026-09-25,2026-09-25 15:55,15,78-79°F,0.0,0.001,0.001,2121,
2026-09-25T22:55:01Z,san-francisco,2026-09-25,2026-09-25 15:55,15,80°F or higher,0.0,0.001,0.001,643,
2026-09-25T22:55:01Z,seattle,2026-09-25,2026-09-25 15:55,15,49°F or below,0.0,0.001,0.001,95,
2026-09-25T22:55:01Z,seattle,2026-09-25,2026-09-25 15:55,15,50-51°F,0.0,0.001,0.001,3580,
2026-09-25T22:55:01Z,seattle,2026-09-25,2026-09-25 15:55,15,52-53°F,0.0,0.001,0.001,16299,
2026-09-25T22:55:01Z,seattle,2026-09-25,2026-09-25 15:55,15,54-55°F,0.0,0.001,0.001,16539,
2026-09-25T22:55:01Z,seattle,2026-09-25,2026-09-25 15:55,15,56-57°F,0.0,0.001,0.001,4945,
2026-09-25T22:55:01Z,seattle,2026-09-25,2026-09-25 15:55,15,58-59°F,0.0,0.001,0.001,14710,
2026-09-25T22:55:01Z,seattle,2026-09-25,2026-09-25 15:55,15,60-61°F,0.867,0.92,0.053,5214,0.85
2026-09-25T22:55:01Z,seattle,2026-09-25,2026-09-25 15:55,15,62-63°F,0.133,0.12,-0.013,3995,0.05
2026-09-25T22:55:01Z,seattle,2026-09-25,2026-09-25 15:55,15,64-65°F,0.0,0.008,0.008,2501,0.002
2026-09-25T22:55:01Z,seattle,2026-09-25,2026-09-25 15:55,15,66-67°F,0.0,0.005,0.005,1481,0.001
2026-09-25T22:55:01Z,seattle,2026-09-25,2026-09-25 15:55,15,68°F or higher,0.0,0.001,0.001,1400,
2026-09-25T23:00:48Z,austin,2026-09-25,2026-09-25 18:00,18,87°F or below,0.0,0.001,0.001,100,
2026-09-25T23:00:48Z,austin,2026-09-25,2026-09-25 18:00,18,88-89°F,0.0,0.001,0.001,180,
2026-09-25T23:00:48Z,austin,2026-09-25,2026-09-25 18:00,18,90-91°F,0.0,0.001,0.001,186,
2026-09-25T23:00:48Z,austin,2026-09-25,2026-09-25 18:00,18,92-93°F,0.0,0.001,0.001,1026,
2026-09-25T23:00:48Z,austin,2026-09-25,2026-09-25 18:00,18,94-95°F,0.0,0.001,0.001,4024,
2026-09-25T23:00:48Z,austin,2026-09-25,2026-09-25 18:00,18,96-97°F,1.0,1.0,0.0,3475,0.9
2026-09-25T23:00:48Z,austin,2026-09-25,2026-09-25 18:00,18,98-99°F,0.0,0.09,0.09,2042,
2026-09-25T23:00:48Z,austin,2026-09-25,2026-09-25 18:00,18,100-101°F,0.0,0.08,0.08,686,
2026-09-25T23:00:48Z,austin,2026-09-25,2026-09-25 18:00,18,102-103°F,0.0,0.001,0.001,245,
2026-09-25T23:00:48Z,austin,2026-09-25,2026-09-25 18:00,18,104-105°F,0.0,0.001,0.001,405,
2026-09-25T23:00:48Z,austin,2026-09-25,2026-09-25 18:00,18,106°F or higher,0.0,0.001,0.001,169,
2026-09-25T23:00:48Z,chicago,2026-09-25,2026-09-25 18:00,18,57°F or below,0.0,0.001,0.001,188,
2026-09-25T23:00:48Z,chicago,2026-09-25,2026-09-25 18:00,18,58-59°F,0.0,0.001,0.001,95,
2026-09-25T23:00:48Z,chicago,2026-09-25,2026-09-25 18:00,18,60-61°F,0.0,0.001,0.001,363,
2026-09-25T23:00:48Z,chicago,2026-09-25,2026-09-25 18:00,18,62-63°F,0.0,0.001,0.001,1804,
2026-09-25T23:00:48Z,chicago,2026-09-25,2026-09-25 18:00,18,64-65°F,1.0,0.999,-0.001,4685,0.997
2026-09-25T23:00:48Z,chicago,2026-09-25,2026-09-25 18:00,18,66-67°F,0.0,0.004,0.004,7433,0.001
2026-09-25T23:00:48Z,chicago,2026-09-25,2026-09-25 18:00,18,68-69°F,0.0,0.007,0.007,5306,
2026-09-25T23:00:48Z,chicago,2026-09-25,2026-09-25 18:00,18,70-71°F,0.0,0.001,0.001,3763,
2026-09-25T23:00:48Z,chicago,2026-09-25,2026-09-25 18:00,18,72-73°F,0.0,0.001,0.001,3146,
2026-09-25T23:00:48Z,chicago,2026-09-25,2026-09-25 18:00,18,74-75°F,0.0,0.001,0.001,666,
2026-09-25T23:00:48Z,chicago,2026-09-25,2026-09-25 18:00,18,76°F or higher,0.0,0.001,0.001,100,
2026-09-25T23:00:48Z,dallas,2026-09-25,2026-09-25 18:00,18,85°F or below,0.0,0.001,0.001,866,
2026-09-25T23:00:48Z,dallas,2026-09-25,2026-09-25 18:00,18,86-87°F,0.0,0.001,0.001,1265,
2026-09-25T23:00:48Z,dallas,2026-09-25,2026-09-25 18:00,18,88-89°F,0.0,0.001,0.001,9228,
2026-09-25T23:00:48Z,dallas,2026-09-25,2026-09-25 18:00,18,90-91°F,0.0,0.001,0.001,7949,
2026-09-25T23:00:48Z,dallas,2026-09-25,2026-09-25 18:00,18,92-93°F,1.0,0.999,-0.001,5580,0.993
2026-09-25T23:00:48Z,dallas,2026-09-25,2026-09-25 18:00,18,94-95°F,0.0,0.007,0.007,5503,0.001
2026-09-25T23:00:48Z,dallas,2026-09-25,2026-09-25 18:00,18,96-97°F,0.0,0.002,0.002,2780,
2026-09-25T23:00:48Z,dallas,2026-09-25,2026-09-25 18:00,18,98-99°F,0.0,0.001,0.001,4148,
2026-09-25T23:00:48Z,dallas,2026-09-25,2026-09-25 18:00,18,100-101°F,0.0,0.001,0.001,1172,
2026-09-25T23:00:48Z,dallas,2026-09-25,2026-09-25 18:00,18,102-103°F,0.0,0.001,0.001,95,
2026-09-25T23:00:48Z,dallas,2026-09-25,2026-09-25 18:00,18,104°F or higher,0.0,0.001,0.001,165,
2026-09-25T23:00:48Z,denver,2026-09-25,2026-09-25 17:00,17,67°F or below,0.0,0.001,0.001,1349,
2026-09-25T23:00:48Z,denver,2026-09-25,2026-09-25 17:00,17,68-69°F,0.0,0.001,0.001,966,
2026-09-25T23:00:48Z,denver,2026-09-25,2026-09-25 17:00,17,70-71°F,0.0,0.001,0.001,2388,
2026-09-25T23:00:48Z,denver,2026-09-25,2026-09-25 17:00,17,72-73°F,0.0,0.001,0.001,4921,
2026-09-25T23:00:48Z,denver,2026-09-25,2026-09-25 17:00,17,74-75°F,1.0,0.999,-0.001,6163,0.996
2026-09-25T23:00:48Z,denver,2026-09-25,2026-09-25 17:00,17,76-77°F,0.0,0.006,0.006,3981,0.001
2026-09-25T23:00:48Z,denver,2026-09-25,2026-09-25 17:00,17,78-79°F,0.0,0.004,0.004,2449,0.001
2026-09-25T23:00:48Z,denver,2026-09-25,2026-09-25 17:00,17,80-81°F,0.0,0.001,0.001,2302,
2026-09-25T23:00:48Z,denver,2026-09-25,2026-09-25 17:00,17,82-83°F,0.0,0.001,0.001,890,
2026-09-25T23:00:48Z,denver,2026-09-25,2026-09-25 17:00,17,84-85°F,0.0,0.001,0.001,200,
2026-09-25T23:00:48Z,denver,2026-09-25,2026-09-25 17:00,17,86°F or higher,0.0,0.001,0.001,100,
2026-09-25T23:00:48Z,houston,2026-09-25,2026-09-25 18:00,18,83°F or below,0.0,0.001,0.001,100,
2026-09-25T23:00:48Z,houston,2026-09-25,2026-09-25 18:00,18,84-85°F,0.0,0.001,0.001,180,
2026-09-25T23:00:48Z,houston,2026-09-25,2026-09-25 18:00,18,86-87°F,0.0,0.001,0.001,2361,
2026-09-25T23:00:48Z,houston,2026-09-25,2026-09-25 18:00,18,88-89°F,0.0,0.001,0.001,6710,
2026-09-25T23:00:48Z,houston,2026-09-25,2026-09-25 18:00,18,90-91°F,1.0,0.999,-0.001,5194,0.998
2026-09-25T23:00:48Z,houston,2026-09-25,2026-09-25 18:00,18,92-93°F,0.0,0.009,0.009,6262,
2026-09-25T23:00:48Z,houston,2026-09-25,2026-09-25 18:00,18,94-95°F,0.0,0.002,0.002,2941,
2026-09-25T23:00:48Z,houston,2026-09-25,2026-09-25 18:00,18,96-97°F,0.0,0.001,0.001,823,
2026-09-25T23:00:48Z,houston,2026-09-25,2026-09-25 18:00,18,98-99°F,0.0,0.001,0.001,30,
2026-09-25T23:00:48Z,houston,2026-09-25,2026-09-25 18:00,18,100-101°F,0.0,0.001,0.001,215,
2026-09-25T23:00:48Z,houston,2026-09-25,2026-09-25 18:00,18,102°F or higher,0.0,0.001,0.001,100,
2026-09-25T23:00:48Z,los-angeles,2026-09-25,2026-09-25 16:00,16,73°F or below,0.0,0.001,0.001,1433,
2026-09-25T23:00:48Z,los-angeles,2026-09-25,2026-09-25 16:00,16,74-75°F,0.0,0.001,0.001,10917,
2026-09-25T23:00:48Z,los-angeles,2026-09-25,2026-09-25 16:00,16,76-77°F,0.967,0.999,0.032,9140,0.991
2026-09-25T23:00:48Z,los-angeles,2026-09-25,2026-09-25 16:00,16,78-79°F,0.033,0.006,-0.027,6158,0.001
2026-09-25T23:00:48Z,los-angeles,2026-09-25,2026-09-25 16:00,16,80-81°F,0.0,0.006,0.006,5571,
2026-09-25T23:00:48Z,los-angeles,2026-09-25,2026-09-25 16:00,16,82-83°F,0.0,0.001,0.001,2432,
2026-09-25T23:00:48Z,los-angeles,2026-09-25,2026-09-25 16:00,16,84-85°F,0.0,0.001,0.001,1656,
2026-09-25T23:00:48Z,los-angeles,2026-09-25,2026-09-25 16:00,16,86-87°F,0.0,0.001,0.001,348,
2026-09-25T23:00:48Z,los-angeles,2026-09-25,2026-09-25 16:00,16,88-89°F,0.0,0.001,0.001,105,
2026-09-25T23:00:48Z,los-angeles,2026-09-25,2026-09-25 16:00,16,90-91°F,0.0,0.001,0.001,100,
2026-09-25T23:00:48Z,los-angeles,2026-09-25,2026-09-25 16:00,16,92°F or higher,0.0,0.001,0.001,510,
2026-09-25T23:00:48Z,mexico-city,2026-09-25,2026-09-25 17:00,17,16°C or below,0.0,0.001,0.001,1015,
2026-09-25T23:00:48Z,mexico-city,2026-09-25,2026-09-25 17:00,17,17°C,0.0,0.001,0.001,15,
2026-09-25T23:00:48Z,mexico-city,2026-09-25,2026-09-25 17:00,17,18°C,0.0,0.001,0.001,15,
2026-09-25T23:00:48Z,mexico-city,2026-09-25,2026-09-25 17:00,17,19°C,0.0,0.001,0.001,15,
2026-09-25T23:00:48Z,mexico-city,2026-09-25,2026-09-25 17:00,17,20°C,0.0,0.001,0.001,15,
2026-09-25T23:00:48Z,mexico-city,2026-09-25,2026-09-25 17:00,17,21°C,0.0,0.001,0.001,145,
2026-09-25T23:00:48Z,mexico-city,2026-09-25,2026-09-25 17:00,17,22°C,0.0,0.001,0.001,232,
2026-09-25T23:00:48Z,mexico-city,2026-09-25,2026-09-25 17:00,17,23°C,0.0,0.001,0.001,523,
2026-09-25T23:00:48Z,mexico-city,2026-09-25,2026-09-25 17:00,17,24°C,0.0,0.001,0.001,3913,
2026-09-25T23:00:48Z,mexico-city,2026-09-25,2026-09-25 17:00,17,25°C,1.0,0.998,-0.002,4632,0.981
2026-09-25T23:00:48Z,mexico-city,2026-09-25,2026-09-25 17:00,17,26°C or higher,0.0,0.009,0.009,4275,0.002
2026-09-25T23:00:48Z,panama-city,2026-09-25,2026-09-25 18:00,18,23°C or below,0.0,0.001,0.001,95,
2026-09-25T23:00:48Z,panama-city,2026-09-25,2026-09-25 18:00,18,24°C,0.0,0.001,0.001,25,
2026-09-25T23:00:48Z,panama-city,2026-09-25,2026-09-25 18:00,18,25°C,0.0,0.001,0.001,15,
2026-09-25T23:00:48Z,panama-city,2026-09-25,2026-09-25 18:00,18,26°C,0.0,0.001,0.001,42,
2026-09-25T23:00:48Z,panama-city,2026-09-25,2026-09-25 18:00,18,27°C,0.0,0.001,0.001,35,
2026-09-25T23:00:48Z,panama-city,2026-09-25,2026-09-25 18:00,18,28°C,0.0,0.001,0.001,165,
2026-09-25T23:00:48Z,panama-city,2026-09-25,2026-09-25 18:00,18,29°C,0.0,0.001,0.001,3484,
2026-09-25T23:00:48Z,panama-city,2026-09-25,2026-09-25 18:00,18,30°C,1.0,0.999,-0.001,3265,0.996
2026-09-25T23:00:48Z,panama-city,2026-09-25,2026-09-25 18:00,18,31°C,0.0,0.004,0.004,2630,0.001
2026-09-25T23:00:48Z,panama-city,2026-09-25,2026-09-25 18:00,18,32°C,0.0,0.001,0.001,4342,
2026-09-25T23:00:48Z,panama-city,2026-09-25,2026-09-25 18:00,18,33°C or higher,0.0,0.001,0.001,1501,
2026-09-25T23:00:48Z,san-francisco,2026-09-25,2026-09-25 16:00,16,61°F or below,0.0,0.001,0.001,630,
2026-09-25T23:00:48Z,san-francisco,2026-09-25,2026-09-25 16:00,16,62-63°F,0.0,0.001,0.001,1782,
2026-09-25T23:00:48Z,san-francisco,2026-09-25,2026-09-25 16:00,16,64-65°F,0.0,0.001,0.001,768,
2026-09-25T23:00:48Z,san-francisco,2026-09-25,2026-09-25 16:00,16,66-67°F,0.0,0.001,0.001,4244,
2026-09-25T23:00:48Z,san-francisco,2026-09-25,2026-09-25 16:00,16,68-69°F,0.0,0.001,0.001,3189,
2026-09-25T23:00:48Z,san-francisco,2026-09-25,2026-09-25 16:00,16,70-71°F,1.0,1.0,0.0,2170,0.96
2026-09-25T23:00:48Z,san-francisco,2026-09-25,2026-09-25 16:00,16,72-73°F,0.0,0.04,0.04,4744,
2026-09-25T23:00:48Z,san-francisco,2026-09-25,2026-09-25 16:00,16,74-75°F,0.0,0.007,0.007,4494,0.001
2026-09-25T23:00:48Z,san-francisco,2026-09-25,2026-09-25 16:00,16,76-77°F,0.0,0.001,0.001,2488,
2026-09-25T23:00:48Z,san-francisco,2026-09-25,2026-09-25 16:00,16,78-79°F,0.0,0.001,0.001,2121,
2026-09-25T23:00:48Z,san-francisco,2026-09-25,2026-09-25 16:00,16,80°F or higher,0.0,0.001,0.001,643,
2026-09-25T23:00:48Z,seattle,2026-09-25,2026-09-25 16:00,16,49°F or below,0.0,0.001,0.001,95,
2026-09-25T23:00:48Z,seattle,2026-09-25,2026-09-25 16:00,16,50-51°F,0.0,0.001,0.001,3580,
2026-09-25T23:00:48Z,seattle,2026-09-25,2026-09-25 16:00,16,52-53°F,0.0,0.001,0.001,16299,
2026-09-25T23:00:48Z,seattle,2026-09-25,2026-09-25 16:00,16,54-55°F,0.0,0.001,0.001,16539,
2026-09-25T23:00:48Z,seattle,2026-09-25,2026-09-25 16:00,16,56-57°F,0.0,0.001,0.001,4945,
2026-09-25T23:00:48Z,seattle,2026-09-25,2026-09-25 16:00,16,58-59°F,0.0,0.001,0.001,14710,
2026-09-25T23:00:48Z,seattle,2026-09-25,2026-09-25 16:00,16,60-61°F,1.0,0.001,-0.999,5214,
2026-09-25T23:00:48Z,seattle,2026-09-25,2026-09-25 16:00,16,62-63°F,0.0,0.94,0.94,3995,0.83
2026-09-25T23:00:48Z,seattle,2026-09-25,2026-09-25 16:00,16,64-65°F,0.0,0.76,0.76,2501,0.04
2026-09-25T23:00:48Z,seattle,2026-09-25,2026-09-25 16:00,16,66-67°F,0.0,0.003,0.003,1481,0.001
2026-09-25T23:00:48Z,seattle,2026-09-25,2026-09-25 16:00,16,68°F or higher,0.0,0.001,0.001,1400,
2026-09-25T23:05:28Z,los-angeles,2026-09-25,2026-09-25 16:05,16,73°F or below,0.0,0.001,0.001,1433,
2026-09-25T23:05:28Z,los-angeles,2026-09-25,2026-09-25 16:05,16,74-75°F,0.0,0.001,0.001,10917,
2026-09-25T23:05:28Z,los-angeles,2026-09-25,2026-09-25 16:05,16,76-77°F,0.967,0.999,0.032,9140,0.992
2026-09-25T23:05:28Z,los-angeles,2026-09-25,2026-09-25 16:05,16,78-79°F,0.033,0.006,-0.027,6158,0.001
2026-09-25T23:05:28Z,los-angeles,2026-09-25,2026-09-25 16:05,16,80-81°F,0.0,0.006,0.006,5571,
2026-09-25T23:05:28Z,los-angeles,2026-09-25,2026-09-25 16:05,16,82-83°F,0.0,0.001,0.001,2432,
2026-09-25T23:05:28Z,los-angeles,2026-09-25,2026-09-25 16:05,16,84-85°F,0.0,0.001,0.001,1656,
2026-09-25T23:05:28Z,los-angeles,2026-09-25,2026-09-25 16:05,16,86-87°F,0.0,0.001,0.001,348,
2026-09-25T23:05:28Z,los-angeles,2026-09-25,2026-09-25 16:05,16,88-89°F,0.0,0.001,0.001,105,
2026-09-25T23:05:28Z,los-angeles,2026-09-25,2026-09-25 16:05,16,90-91°F,0.0,0.001,0.001,100,
2026-09-25T23:05:28Z,los-angeles,2026-09-25,2026-09-25 16:05,16,92°F or higher,0.0,0.001,0.001,510,
2026-09-25T23:05:28Z,san-francisco,2026-09-25,2026-09-25 16:05,16,61°F or below,0.0,0.001,0.001,630,
2026-09-25T23:05:28Z,san-francisco,2026-09-25,2026-09-25 16:05,16,62-63°F,0.0,0.001,0.001,1782,
2026-09-25T23:05:28Z,san-francisco,2026-09-25,2026-09-25 16:05,16,64-65°F,0.0,0.001,0.001,768,
2026-09-25T23:05:28Z,san-francisco,2026-09-25,2026-09-25 16:05,16,66-67°F,0.0,0.001,0.001,4244,
2026-09-25T23:05:28Z,san-francisco,2026-09-25,2026-09-25 16:05,16,68-69°F,0.0,0.001,0.001,3189,
2026-09-25T23:05:28Z,san-francisco,2026-09-25,2026-09-25 16:05,16,70-71°F,1.0,1.0,0.0,2170,0.96
2026-09-25T23:05:28Z,san-francisco,2026-09-25,2026-09-25 16:05,16,72-73°F,0.0,0.02,0.02,4744,
2026-09-25T23:05:28Z,san-francisco,2026-09-25,2026-09-25 16:05,16,74-75°F,0.0,0.008,0.008,4494,0.001
2026-09-25T23:05:28Z,san-francisco,2026-09-25,2026-09-25 16:05,16,76-77°F,0.0,0.001,0.001,2488,
2026-09-25T23:05:28Z,san-francisco,2026-09-25,2026-09-25 16:05,16,78-79°F,0.0,0.001,0.001,2121,
2026-09-25T23:05:28Z,san-francisco,2026-09-25,2026-09-25 16:05,16,80°F or higher,0.0,0.001,0.001,643,
2026-09-25T23:05:28Z,seattle,2026-09-25,2026-09-25 16:05,16,49°F or below,0.0,0.001,0.001,95,
2026-09-25T23:05:28Z,seattle,2026-09-25,2026-09-25 16:05,16,50-51°F,0.0,0.001,0.001,3580,
2026-09-25T23:05:28Z,seattle,2026-09-25,2026-09-25 16:05,16,52-53°F,0.0,0.001,0.001,16299,
2026-09-25T23:05:28Z,seattle,2026-09-25,2026-09-25 16:05,16,54-55°F,0.0,0.001,0.001,16539,
2026-09-25T23:05:28Z,seattle,2026-09-25,2026-09-25 16:05,16,56-57°F,0.0,0.001,0.001,4945,
2026-09-25T23:05:28Z,seattle,2026-09-25,2026-09-25 16:05,16,58-59°F,0.0,0.001,0.001,14710,
2026-09-25T23:05:28Z,seattle,2026-09-25,2026-09-25 16:05,16,60-61°F,0.0,0.001,0.001,5214,
2026-09-25T23:05:28Z,seattle,2026-09-25,2026-09-25 16:05,16,62-63°F,1.0,0.92,-0.08,3995,0.72
2026-09-25T23:05:28Z,seattle,2026-09-25,2026-09-25 16:05,16,64-65°F,0.0,0.539,0.539,2501,0.048
2026-09-25T23:05:28Z,seattle,2026-09-25,2026-09-25 16:05,16,66-67°F,0.0,0.003,0.003,1481,0.001
2026-09-25T23:05:28Z,seattle,2026-09-25,2026-09-25 16:05,16,68°F or higher,0.0,0.001,0.001,1400,
2026-09-25T23:10:01Z,los-angeles,2026-09-25,2026-09-25 16:10,16,73°F or below,0.0,0.001,0.001,1433,
2026-09-25T23:10:01Z,los-angeles,2026-09-25,2026-09-25 16:10,16,74-75°F,0.0,0.001,0.001,10917,
2026-09-25T23:10:01Z,los-angeles,2026-09-25,2026-09-25 16:10,16,76-77°F,0.967,0.999,0.032,9140,0.992
2026-09-25T23:10:01Z,los-angeles,2026-09-25,2026-09-25 16:10,16,78-79°F,0.033,0.006,-0.027,6158,0.001
2026-09-25T23:10:01Z,los-angeles,2026-09-25,2026-09-25 16:10,16,80-81°F,0.0,0.006,0.006,5571,
2026-09-25T23:10:01Z,los-angeles,2026-09-25,2026-09-25 16:10,16,82-83°F,0.0,0.001,0.001,2432,
2026-09-25T23:10:01Z,los-angeles,2026-09-25,2026-09-25 16:10,16,84-85°F,0.0,0.001,0.001,1656,
2026-09-25T23:10:01Z,los-angeles,2026-09-25,2026-09-25 16:10,16,86-87°F,0.0,0.001,0.001,348,
2026-09-25T23:10:01Z,los-angeles,2026-09-25,2026-09-25 16:10,16,88-89°F,0.0,0.001,0.001,105,
2026-09-25T23:10:01Z,los-angeles,2026-09-25,2026-09-25 16:10,16,90-91°F,0.0,0.001,0.001,100,
2026-09-25T23:10:01Z,los-angeles,2026-09-25,2026-09-25 16:10,16,92°F or higher,0.0,0.001,0.001,510,
2026-09-25T23:10:01Z,san-francisco,2026-09-25,2026-09-25 16:10,16,61°F or below,0.0,0.001,0.001,630,
2026-09-25T23:10:01Z,san-francisco,2026-09-25,2026-09-25 16:10,16,62-63°F,0.0,0.001,0.001,1782,
2026-09-25T23:10:01Z,san-francisco,2026-09-25,2026-09-25 16:10,16,64-65°F,0.0,0.001,0.001,768,
2026-09-25T23:10:01Z,san-francisco,2026-09-25,2026-09-25 16:10,16,66-67°F,0.0,0.001,0.001,4244,
2026-09-25T23:10:01Z,san-francisco,2026-09-25,2026-09-25 16:10,16,68-69°F,0.0,0.001,0.001,3189,
2026-09-25T23:10:01Z,san-francisco,2026-09-25,2026-09-25 16:10,16,70-71°F,1.0,1.0,0.0,2170,0.97
2026-09-25T23:10:01Z,san-francisco,2026-09-25,2026-09-25 16:10,16,72-73°F,0.0,0.009,0.009,4745,0.001
2026-09-25T23:10:01Z,san-francisco,2026-09-25,2026-09-25 16:10,16,74-75°F,0.0,0.008,0.008,4614,0.001
2026-09-25T23:10:01Z,san-francisco,2026-09-25,2026-09-25 16:10,16,76-77°F,0.0,0.001,0.001,2488,
2026-09-25T23:10:01Z,san-francisco,2026-09-25,2026-09-25 16:10,16,78-79°F,0.0,0.001,0.001,2121,
2026-09-25T23:10:01Z,san-francisco,2026-09-25,2026-09-25 16:10,16,80°F or higher,0.0,0.001,0.001,643,
2026-09-25T23:10:01Z,seattle,2026-09-25,2026-09-25 16:10,16,49°F or below,0.0,0.001,0.001,95,
2026-09-25T23:10:01Z,seattle,2026-09-25,2026-09-25 16:10,16,50-51°F,0.0,0.001,0.001,3580,
2026-09-25T23:10:01Z,seattle,2026-09-25,2026-09-25 16:10,16,52-53°F,0.0,0.001,0.001,16299,
2026-09-25T23:10:01Z,seattle,2026-09-25,2026-09-25 16:10,16,54-55°F,0.0,0.001,0.001,16539,
2026-09-25T23:10:01Z,seattle,2026-09-25,2026-09-25 16:10,16,56-57°F,0.0,0.001,0.001,4945,
2026-09-25T23:10:01Z,seattle,2026-09-25,2026-09-25 16:10,16,58-59°F,0.0,0.001,0.001,14710,
2026-09-25T23:10:01Z,seattle,2026-09-25,2026-09-25 16:10,16,60-61°F,0.0,0.001,0.001,6984,
2026-09-25T23:10:01Z,seattle,2026-09-25,2026-09-25 16:10,16,62-63°F,1.0,0.97,-0.03,4487,0.96
2026-09-25T23:10:01Z,seattle,2026-09-25,2026-09-25 16:10,16,64-65°F,0.0,0.17,0.17,2783,0.009
2026-09-25T23:10:01Z,seattle,2026-09-25,2026-09-25 16:10,16,66-67°F,0.0,0.001,0.001,1711,
2026-09-25T23:10:01Z,seattle,2026-09-25,2026-09-25 16:10,16,68°F or higher,0.0,0.001,0.001,1400,
2026-09-25T23:15:02Z,austin,2026-09-25,2026-09-25 18:15,18,87°F or below,0.0,0.001,0.001,100,
2026-09-25T23:15:02Z,austin,2026-09-25,2026-09-25 18:15,18,88-89°F,0.0,0.001,0.001,180,
2026-09-25T23:15:02Z,austin,2026-09-25,2026-09-25 18:15,18,90-91°F,0.0,0.001,0.001,186,
2026-09-25T23:15:02Z,austin,2026-09-25,2026-09-25 18:15,18,92-93°F,0.0,0.001,0.001,1026,
2026-09-25T23:15:02Z,austin,2026-09-25,2026-09-25 18:15,18,94-95°F,0.0,0.001,0.001,4024,
2026-09-25T23:15:02Z,austin,2026-09-25,2026-09-25 18:15,18,96-97°F,1.0,1.0,0.0,3475,0.95
2026-09-25T23:15:02Z,austin,2026-09-25,2026-09-25 18:15,18,98-99°F,0.0,0.09,0.09,2111,
2026-09-25T23:15:02Z,austin,2026-09-25,2026-09-25 18:15,18,100-101°F,0.0,0.02,0.02,686,
2026-09-25T23:15:02Z,austin,2026-09-25,2026-09-25 18:15,18,102-103°F,0.0,0.001,0.001,245,
2026-09-25T23:15:02Z,austin,2026-09-25,2026-09-25 18:15,18,104-105°F,0.0,0.001,0.001,405,
2026-09-25T23:15:02Z,austin,2026-09-25,2026-09-25 18:15,18,106°F or higher,0.0,0.001,0.001,169,
2026-09-25T23:15:02Z,chicago,2026-09-25,2026-09-25 18:15,18,57°F or below,0.0,0.001,0.001,188,
2026-09-25T23:15:02Z,chicago,2026-09-25,2026-09-25 18:15,18,58-59°F,0.0,0.001,0.001,95,
2026-09-25T23:15:02Z,chicago,2026-09-25,2026-09-25 18:15,18,60-61°F,0.0,0.001,0.001,363,
2026-09-25T23:15:02Z,chicago,2026-09-25,2026-09-25 18:15,18,62-63°F,0.0,0.001,0.001,1804,
2026-09-25T23:15:02Z,chicago,2026-09-25,2026-09-25 18:15,18,64-65°F,1.0,0.999,-0.001,4694,0.995
2026-09-25T23:15:02Z,chicago,2026-09-25,2026-09-25 18:15,18,66-67°F,0.0,0.003,0.003,7438,0.001
2026-09-25T23:15:02Z,chicago,2026-09-25,2026-09-25 18:15,18,68-69°F,0.0,0.005,0.005,5306,
2026-09-25T23:15:02Z,chicago,2026-09-25,2026-09-25 18:15,18,70-71°F,0.0,0.001,0.001,3763,
2026-09-25T23:15:02Z,chicago,2026-09-25,2026-09-25 18:15,18,72-73°F,0.0,0.001,0.001,3146,
2026-09-25T23:15:02Z,chicago,2026-09-25,2026-09-25 18:15,18,74-75°F,0.0,0.001,0.001,666,
2026-09-25T23:15:02Z,chicago,2026-09-25,2026-09-25 18:15,18,76°F or higher,0.0,0.001,0.001,100,
2026-09-25T23:15:02Z,dallas,2026-09-25,2026-09-25 18:15,18,85°F or below,0.0,0.001,0.001,866,
2026-09-25T23:15:02Z,dallas,2026-09-25,2026-09-25 18:15,18,86-87°F,0.0,0.001,0.001,1265,
2026-09-25T23:15:02Z,dallas,2026-09-25,2026-09-25 18:15,18,88-89°F,0.0,0.001,0.001,9228,
2026-09-25T23:15:02Z,dallas,2026-09-25,2026-09-25 18:15,18,90-91°F,0.0,0.001,0.001,7949,
2026-09-25T23:15:02Z,dallas,2026-09-25,2026-09-25 18:15,18,92-93°F,1.0,0.999,-0.001,5690,0.996
2026-09-25T23:15:02Z,dallas,2026-09-25,2026-09-25 18:15,18,94-95°F,0.0,0.003,0.003,5503,0.001
2026-09-25T23:15:02Z,dallas,2026-09-25,2026-09-25 18:15,18,96-97°F,0.0,0.001,0.001,2816,
2026-09-25T23:15:02Z,dallas,2026-09-25,2026-09-25 18:15,18,98-99°F,0.0,0.001,0.001,4148,
2026-09-25T23:15:02Z,dallas,2026-09-25,2026-09-25 18:15,18,100-101°F,0.0,0.001,0.001,1172,
2026-09-25T23:15:02Z,dallas,2026-09-25,2026-09-25 18:15,18,102-103°F,0.0,0.001,0.001,95,
2026-09-25T23:15:02Z,dallas,2026-09-25,2026-09-25 18:15,18,104°F or higher,0.0,0.001,0.001,165,
2026-09-25T23:15:02Z,denver,2026-09-25,2026-09-25 17:15,17,67°F or below,0.0,0.001,0.001,1349,
2026-09-25T23:15:02Z,denver,2026-09-25,2026-09-25 17:15,17,68-69°F,0.0,0.001,0.001,966,
2026-09-25T23:15:02Z,denver,2026-09-25,2026-09-25 17:15,17,70-71°F,0.0,0.001,0.001,2388,
2026-09-25T23:15:02Z,denver,2026-09-25,2026-09-25 17:15,17,72-73°F,0.0,0.001,0.001,4921,
2026-09-25T23:15:02Z,denver,2026-09-25,2026-09-25 17:15,17,74-75°F,1.0,0.999,-0.001,6230,0.996
2026-09-25T23:15:02Z,denver,2026-09-25,2026-09-25 17:15,17,76-77°F,0.0,0.004,0.004,3987,0.001
2026-09-25T23:15:02Z,denver,2026-09-25,2026-09-25 17:15,17,78-79°F,0.0,0.003,0.003,2449,0.001
2026-09-25T23:15:02Z,denver,2026-09-25,2026-09-25 17:15,17,80-81°F,0.0,0.001,0.001,2302,
2026-09-25T23:15:02Z,denver,2026-09-25,2026-09-25 17:15,17,82-83°F,0.0,0.001,0.001,890,
2026-09-25T23:15:02Z,denver,2026-09-25,2026-09-25 17:15,17,84-85°F,0.0,0.001,0.001,200,
2026-09-25T23:15:02Z,denver,2026-09-25,2026-09-25 17:15,17,86°F or higher,0.0,0.001,0.001,100,
2026-09-25T23:15:02Z,houston,2026-09-25,2026-09-25 18:15,18,83°F or below,0.0,0.001,0.001,100,
2026-09-25T23:15:02Z,houston,2026-09-25,2026-09-25 18:15,18,84-85°F,0.0,0.001,0.001,180,
2026-09-25T23:15:02Z,houston,2026-09-25,2026-09-25 18:15,18,86-87°F,0.0,0.001,0.001,2361,
2026-09-25T23:15:02Z,houston,2026-09-25,2026-09-25 18:15,18,88-89°F,0.0,0.001,0.001,6710,
2026-09-25T23:15:02Z,houston,2026-09-25,2026-09-25 18:15,18,90-91°F,1.0,0.999,-0.001,5280,0.993
2026-09-25T23:15:02Z,houston,2026-09-25,2026-09-25 18:15,18,92-93°F,0.0,0.009,0.009,6262,
2026-09-25T23:15:02Z,houston,2026-09-25,2026-09-25 18:15,18,94-95°F,0.0,0.002,0.002,2941,
2026-09-25T23:15:02Z,houston,2026-09-25,2026-09-25 18:15,18,96-97°F,0.0,0.001,0.001,823,
2026-09-25T23:15:02Z,houston,2026-09-25,2026-09-25 18:15,18,98-99°F,0.0,0.001,0.001,30,
2026-09-25T23:15:02Z,houston,2026-09-25,2026-09-25 18:15,18,100-101°F,0.0,0.001,0.001,215,
2026-09-25T23:15:02Z,houston,2026-09-25,2026-09-25 18:15,18,102°F or higher,0.0,0.001,0.001,100,
2026-09-25T23:15:02Z,los-angeles,2026-09-25,2026-09-25 16:15,16,73°F or below,0.0,0.001,0.001,1433,
2026-09-25T23:15:02Z,los-angeles,2026-09-25,2026-09-25 16:15,16,74-75°F,0.0,0.001,0.001,10917,
2026-09-25T23:15:02Z,los-angeles,2026-09-25,2026-09-25 16:15,16,76-77°F,0.967,0.999,0.032,9140,0.992
2026-09-25T23:15:02Z,los-angeles,2026-09-25,2026-09-25 16:15,16,78-79°F,0.033,0.006,-0.027,6159,0.001
2026-09-25T23:15:02Z,los-angeles,2026-09-25,2026-09-25 16:15,16,80-81°F,0.0,0.006,0.006,5571,
2026-09-25T23:15:02Z,los-angeles,2026-09-25,2026-09-25 16:15,16,82-83°F,0.0,0.001,0.001,2432,
2026-09-25T23:15:02Z,los-angeles,2026-09-25,2026-09-25 16:15,16,84-85°F,0.0,0.001,0.001,1656,
2026-09-25T23:15:02Z,los-angeles,2026-09-25,2026-09-25 16:15,16,86-87°F,0.0,0.001,0.001,348,
2026-09-25T23:15:02Z,los-angeles,2026-09-25,2026-09-25 16:15,16,88-89°F,0.0,0.001,0.001,105,
2026-09-25T23:15:02Z,los-angeles,2026-09-25,2026-09-25 16:15,16,90-91°F,0.0,0.001,0.001,100,
2026-09-25T23:15:02Z,los-angeles,2026-09-25,2026-09-25 16:15,16,92°F or higher,0.0,0.001,0.001,510,
2026-09-25T23:15:02Z,mexico-city,2026-09-25,2026-09-25 17:15,17,16°C or below,0.0,0.001,0.001,1015,
2026-09-25T23:15:02Z,mexico-city,2026-09-25,2026-09-25 17:15,17,17°C,0.0,0.001,0.001,15,
2026-09-25T23:15:02Z,mexico-city,2026-09-25,2026-09-25 17:15,17,18°C,0.0,0.001,0.001,15,
2026-09-25T23:15:02Z,mexico-city,2026-09-25,2026-09-25 17:15,17,19°C,0.0,0.001,0.001,15,
2026-09-25T23:15:02Z,mexico-city,2026-09-25,2026-09-25 17:15,17,20°C,0.0,0.001,0.001,15,
2026-09-25T23:15:02Z,mexico-city,2026-09-25,2026-09-25 17:15,17,21°C,0.0,0.001,0.001,145,
2026-09-25T23:15:02Z,mexico-city,2026-09-25,2026-09-25 17:15,17,22°C,0.0,0.001,0.001,232,
2026-09-25T23:15:02Z,mexico-city,2026-09-25,2026-09-25 17:15,17,23°C,0.0,0.001,0.001,523,
2026-09-25T23:15:02Z,mexico-city,2026-09-25,2026-09-25 17:15,17,24°C,0.0,0.001,0.001,3913,
2026-09-25T23:15:02Z,mexico-city,2026-09-25,2026-09-25 17:15,17,25°C,1.0,1.0,0.0,5010,0.999
2026-09-25T23:15:02Z,mexico-city,2026-09-25,2026-09-25 17:15,17,26°C or higher,0.0,0.001,0.001,4275,
2026-09-25T23:15:02Z,panama-city,2026-09-25,2026-09-25 18:15,18,23°C or below,0.0,0.001,0.001,95,
2026-09-25T23:15:02Z,panama-city,2026-09-25,2026-09-25 18:15,18,24°C,0.0,0.001,0.001,25,
2026-09-25T23:15:02Z,panama-city,2026-09-25,2026-09-25 18:15,18,25°C,0.0,0.001,0.001,15,
2026-09-25T23:15:02Z,panama-city,2026-09-25,2026-09-25 18:15,18,26°C,0.0,0.001,0.001,42,
2026-09-25T23:15:02Z,panama-city,2026-09-25,2026-09-25 18:15,18,27°C,0.0,0.001,0.001,35,
2026-09-25T23:15:02Z,panama-city,2026-09-25,2026-09-25 18:15,18,28°C,0.0,0.001,0.001,165,
2026-09-25T23:15:02Z,panama-city,2026-09-25,2026-09-25 18:15,18,29°C,0.0,0.001,0.001,3489,
2026-09-25T23:15:02Z,panama-city,2026-09-25,2026-09-25 18:15,18,30°C,1.0,1.0,0.0,3396,0.999
2026-09-25T23:15:02Z,panama-city,2026-09-25,2026-09-25 18:15,18,31°C,0.0,0.001,0.001,2779,
2026-09-25T23:15:02Z,panama-city,2026-09-25,2026-09-25 18:15,18,32°C,0.0,0.001,0.001,4342,
2026-09-25T23:15:02Z,panama-city,2026-09-25,2026-09-25 18:15,18,33°C or higher,0.0,0.001,0.001,1501,
2026-09-25T23:15:02Z,san-francisco,2026-09-25,2026-09-25 16:15,16,61°F or below,0.0,0.001,0.001,630,
2026-09-25T23:15:02Z,san-francisco,2026-09-25,2026-09-25 16:15,16,62-63°F,0.0,0.001,0.001,1782,
2026-09-25T23:15:02Z,san-francisco,2026-09-25,2026-09-25 16:15,16,64-65°F,0.0,0.001,0.001,768,
2026-09-25T23:15:02Z,san-francisco,2026-09-25,2026-09-25 16:15,16,66-67°F,0.0,0.001,0.001,4244,
2026-09-25T23:15:02Z,san-francisco,2026-09-25,2026-09-25 16:15,16,68-69°F,0.0,0.001,0.001,3189,
2026-09-25T23:15:02Z,san-francisco,2026-09-25,2026-09-25 16:15,16,70-71°F,1.0,1.0,0.0,2170,0.98
2026-09-25T23:15:02Z,san-francisco,2026-09-25,2026-09-25 16:15,16,72-73°F,0.0,0.009,0.009,4745,0.001
2026-09-25T23:15:02Z,san-francisco,2026-09-25,2026-09-25 16:15,16,74-75°F,0.0,0.008,0.008,4614,0.001
2026-09-25T23:15:02Z,san-francisco,2026-09-25,2026-09-25 16:15,16,76-77°F,0.0,0.001,0.001,2488,
2026-09-25T23:15:02Z,san-francisco,2026-09-25,2026-09-25 16:15,16,78-79°F,0.0,0.001,0.001,2121,
2026-09-25T23:15:02Z,san-francisco,2026-09-25,2026-09-25 16:15,16,80°F or higher,0.0,0.001,0.001,643,
2026-09-25T23:15:02Z,seattle,2026-09-25,2026-09-25 16:15,16,49°F or below,0.0,0.001,0.001,95,
2026-09-25T23:15:02Z,seattle,2026-09-25,2026-09-25 16:15,16,50-51°F,0.0,0.001,0.001,3580,
2026-09-25T23:15:02Z,seattle,2026-09-25,2026-09-25 16:15,16,52-53°F,0.0,0.001,0.001,16299,
2026-09-25T23:15:02Z,seattle,2026-09-25,2026-09-25 16:15,16,54-55°F,0.0,0.001,0.001,16539,
2026-09-25T23:15:02Z,seattle,2026-09-25,2026-09-25 16:15,16,56-57°F,0.0,0.001,0.001,4945,
2026-09-25T23:15:02Z,seattle,2026-09-25,2026-09-25 16:15,16,58-59°F,0.0,0.001,0.001,14710,
2026-09-25T23:15:02Z,seattle,2026-09-25,2026-09-25 16:15,16,60-61°F,0.0,0.001,0.001,6984,
2026-09-25T23:15:02Z,seattle,2026-09-25,2026-09-25 16:15,16,62-63°F,1.0,0.95,-0.05,4487,0.94
2026-09-25T23:15:02Z,seattle,2026-09-25,2026-09-25 16:15,16,64-65°F,0.0,0.06,0.06,2783,0.032
2026-09-25T23:15:02Z,seattle,2026-09-25,2026-09-25 16:15,16,66-67°F,0.0,0.001,0.001,1711,
2026-09-25T23:15:02Z,seattle,2026-09-25,2026-09-25 16:15,16,68°F or higher,0.0,0.001,0.001,1400,
2026-09-25T23:20:01Z,los-angeles,2026-09-25,2026-09-25 16:20,16,73°F or below,0.0,0.001,0.001,1433,
2026-09-25T23:20:01Z,los-angeles,2026-09-25,2026-09-25 16:20,16,74-75°F,0.0,0.001,0.001,10917,
2026-09-25T23:20:01Z,los-angeles,2026-09-25,2026-09-25 16:20,16,76-77°F,0.967,0.999,0.032,9140,0.991
2026-09-25T23:20:01Z,los-angeles,2026-09-25,2026-09-25 16:20,16,78-79°F,0.033,0.006,-0.027,6159,0.001
2026-09-25T23:20:01Z,los-angeles,2026-09-25,2026-09-25 16:20,16,80-81°F,0.0,0.006,0.006,5571,
2026-09-25T23:20:01Z,los-angeles,2026-09-25,2026-09-25 16:20,16,82-83°F,0.0,0.001,0.001,2432,
2026-09-25T23:20:01Z,los-angeles,2026-09-25,2026-09-25 16:20,16,84-85°F,0.0,0.001,0.001,1656,
2026-09-25T23:20:01Z,los-angeles,2026-09-25,2026-09-25 16:20,16,86-87°F,0.0,0.001,0.001,348,
2026-09-25T23:20:01Z,los-angeles,2026-09-25,2026-09-25 16:20,16,88-89°F,0.0,0.001,0.001,105,
2026-09-25T23:20:01Z,los-angeles,2026-09-25,2026-09-25 16:20,16,90-91°F,0.0,0.001,0.001,100,
2026-09-25T23:20:01Z,los-angeles,2026-09-25,2026-09-25 16:20,16,92°F or higher,0.0,0.001,0.001,510,
2026-09-25T23:20:01Z,san-francisco,2026-09-25,2026-09-25 16:20,16,61°F or below,0.0,0.001,0.001,630,
2026-09-25T23:20:01Z,san-francisco,2026-09-25,2026-09-25 16:20,16,62-63°F,0.0,0.001,0.001,1782,
2026-09-25T23:20:01Z,san-francisco,2026-09-25,2026-09-25 16:20,16,64-65°F,0.0,0.001,0.001,768,
2026-09-25T23:20:01Z,san-francisco,2026-09-25,2026-09-25 16:20,16,66-67°F,0.0,0.001,0.001,4244,
2026-09-25T23:20:01Z,san-francisco,2026-09-25,2026-09-25 16:20,16,68-69°F,0.0,0.001,0.001,3189,
2026-09-25T23:20:01Z,san-francisco,2026-09-25,2026-09-25 16:20,16,70-71°F,1.0,1.0,0.0,2170,0.98
2026-09-25T23:20:01Z,san-francisco,2026-09-25,2026-09-25 16:20,16,72-73°F,0.0,0.004,0.004,4745,0.001
2026-09-25T23:20:01Z,san-francisco,2026-09-25,2026-09-25 16:20,16,74-75°F,0.0,0.008,0.008,4614,0.001
2026-09-25T23:20:01Z,san-francisco,2026-09-25,2026-09-25 16:20,16,76-77°F,0.0,0.001,0.001,2488,
2026-09-25T23:20:01Z,san-francisco,2026-09-25,2026-09-25 16:20,16,78-79°F,0.0,0.001,0.001,2121,
2026-09-25T23:20:01Z,san-francisco,2026-09-25,2026-09-25 16:20,16,80°F or higher,0.0,0.001,0.001,643,
2026-09-25T23:20:01Z,seattle,2026-09-25,2026-09-25 16:20,16,49°F or below,0.0,0.001,0.001,95,
2026-09-25T23:20:01Z,seattle,2026-09-25,2026-09-25 16:20,16,50-51°F,0.0,0.001,0.001,3580,
2026-09-25T23:20:01Z,seattle,2026-09-25,2026-09-25 16:20,16,52-53°F,0.0,0.001,0.001,16299,
2026-09-25T23:20:01Z,seattle,2026-09-25,2026-09-25 16:20,16,54-55°F,0.0,0.001,0.001,16539,
2026-09-25T23:20:01Z,seattle,2026-09-25,2026-09-25 16:20,16,56-57°F,0.0,0.001,0.001,4945,
2026-09-25T23:20:01Z,seattle,2026-09-25,2026-09-25 16:20,16,58-59°F,0.0,0.001,0.001,14710,
2026-09-25T23:20:01Z,seattle,2026-09-25,2026-09-25 16:20,16,60-61°F,0.0,0.001,0.001,6984,
2026-09-25T23:20:01Z,seattle,2026-09-25,2026-09-25 16:20,16,62-63°F,1.0,0.96,-0.04,4487,0.94
2026-09-25T23:20:01Z,seattle,2026-09-25,2026-09-25 16:20,16,64-65°F,0.0,0.06,0.06,2783,0.025
2026-09-25T23:20:01Z,seattle,2026-09-25,2026-09-25 16:20,16,66-67°F,0.0,0.001,0.001,1711,
2026-09-25T23:20:01Z,seattle,2026-09-25,2026-09-25 16:20,16,68°F or higher,0.0,0.001,0.001,1400,
2026-09-25T23:25:00Z,los-angeles,2026-09-25,2026-09-25 16:25,16,73°F or below,0.0,0.001,0.001,1433,
2026-09-25T23:25:00Z,los-angeles,2026-09-25,2026-09-25 16:25,16,74-75°F,0.0,0.001,0.001,10917,
2026-09-25T23:25:00Z,los-angeles,2026-09-25,2026-09-25 16:25,16,76-77°F,0.967,0.999,0.032,9140,0.991
2026-09-25T23:25:00Z,los-angeles,2026-09-25,2026-09-25 16:25,16,78-79°F,0.033,0.006,-0.027,6159,0.001
2026-09-25T23:25:00Z,los-angeles,2026-09-25,2026-09-25 16:25,16,80-81°F,0.0,0.006,0.006,5571,
2026-09-25T23:25:00Z,los-angeles,2026-09-25,2026-09-25 16:25,16,82-83°F,0.0,0.001,0.001,2432,
2026-09-25T23:25:00Z,los-angeles,2026-09-25,2026-09-25 16:25,16,84-85°F,0.0,0.001,0.001,1656,
2026-09-25T23:25:00Z,los-angeles,2026-09-25,2026-09-25 16:25,16,86-87°F,0.0,0.001,0.001,348,
2026-09-25T23:25:00Z,los-angeles,2026-09-25,2026-09-25 16:25,16,88-89°F,0.0,0.001,0.001,105,
2026-09-25T23:25:00Z,los-angeles,2026-09-25,2026-09-25 16:25,16,90-91°F,0.0,0.001,0.001,100,
2026-09-25T23:25:00Z,los-angeles,2026-09-25,2026-09-25 16:25,16,92°F or higher,0.0,0.001,0.001,510,
2026-09-25T23:25:00Z,san-francisco,2026-09-25,2026-09-25 16:25,16,61°F or below,0.0,0.001,0.001,630,
2026-09-25T23:25:00Z,san-francisco,2026-09-25,2026-09-25 16:25,16,62-63°F,0.0,0.001,0.001,1782,
2026-09-25T23:25:00Z,san-francisco,2026-09-25,2026-09-25 16:25,16,64-65°F,0.0,0.001,0.001,768,
2026-09-25T23:25:00Z,san-francisco,2026-09-25,2026-09-25 16:25,16,66-67°F,0.0,0.001,0.001,4244,
2026-09-25T23:25:00Z,san-francisco,2026-09-25,2026-09-25 16:25,16,68-69°F,0.0,0.001,0.001,3189,
2026-09-25T23:25:00Z,san-francisco,2026-09-25,2026-09-25 16:25,16,70-71°F,1.0,1.0,0.0,2181,0.98
2026-09-25T23:25:00Z,san-francisco,2026-09-25,2026-09-25 16:25,16,72-73°F,0.0,0.004,0.004,4800,0.001
2026-09-25T23:25:00Z,san-francisco,2026-09-25,2026-09-25 16:25,16,74-75°F,0.0,0.008,0.008,4614,
2026-09-25T23:25:00Z,san-francisco,2026-09-25,2026-09-25 16:25,16,76-77°F,0.0,0.001,0.001,2488,
2026-09-25T23:25:00Z,san-francisco,2026-09-25,2026-09-25 16:25,16,78-79°F,0.0,0.001,0.001,2121,
2026-09-25T23:25:00Z,san-francisco,2026-09-25,2026-09-25 16:25,16,80°F or higher,0.0,0.001,0.001,643,
2026-09-25T23:25:00Z,seattle,2026-09-25,2026-09-25 16:25,16,49°F or below,0.0,0.001,0.001,95,
2026-09-25T23:25:00Z,seattle,2026-09-25,2026-09-25 16:25,16,50-51°F,0.0,0.001,0.001,3580,
2026-09-25T23:25:00Z,seattle,2026-09-25,2026-09-25 16:25,16,52-53°F,0.0,0.001,0.001,16299,
2026-09-25T23:25:00Z,seattle,2026-09-25,2026-09-25 16:25,16,54-55°F,0.0,0.001,0.001,16539,
2026-09-25T23:25:00Z,seattle,2026-09-25,2026-09-25 16:25,16,56-57°F,0.0,0.001,0.001,4945,
2026-09-25T23:25:00Z,seattle,2026-09-25,2026-09-25 16:25,16,58-59°F,0.0,0.001,0.001,14710,
2026-09-25T23:25:00Z,seattle,2026-09-25,2026-09-25 16:25,16,60-61°F,0.0,0.001,0.001,7011,
2026-09-25T23:25:00Z,seattle,2026-09-25,2026-09-25 16:25,16,62-63°F,1.0,0.95,-0.05,4922,0.81
2026-09-25T23:25:00Z,seattle,2026-09-25,2026-09-25 16:25,16,64-65°F,0.0,0.197,0.197,2888,0.051
2026-09-25T23:25:00Z,seattle,2026-09-25,2026-09-25 16:25,16,66-67°F,0.0,0.009,0.009,2093,0.001
2026-09-25T23:25:00Z,seattle,2026-09-25,2026-09-25 16:25,16,68°F or higher,0.0,0.001,0.001,1400,
2026-09-25T23:30:02Z,austin,2026-09-25,2026-09-25 18:30,18,87°F or below,0.0,0.001,0.001,100,
2026-09-25T23:30:02Z,austin,2026-09-25,2026-09-25 18:30,18,88-89°F,0.0,0.001,0.001,180,
2026-09-25T23:30:02Z,austin,2026-09-25,2026-09-25 18:30,18,90-91°F,0.0,0.001,0.001,186,
2026-09-25T23:30:02Z,austin,2026-09-25,2026-09-25 18:30,18,92-93°F,0.0,0.001,0.001,1026,
2026-09-25T23:30:02Z,austin,2026-09-25,2026-09-25 18:30,18,94-95°F,0.0,0.001,0.001,4075,
2026-09-25T23:30:02Z,austin,2026-09-25,2026-09-25 18:30,18,96-97°F,1.0,1.0,0.0,3521,0.95
2026-09-25T23:30:02Z,austin,2026-09-25,2026-09-25 18:30,18,98-99°F,0.0,0.09,0.09,2111,
2026-09-25T23:30:02Z,austin,2026-09-25,2026-09-25 18:30,18,100-101°F,0.0,0.02,0.02,686,
2026-09-25T23:30:02Z,austin,2026-09-25,2026-09-25 18:30,18,102-103°F,0.0,0.001,0.001,245,
2026-09-25T23:30:02Z,austin,2026-09-25,2026-09-25 18:30,18,104-105°F,0.0,0.001,0.001,405,
2026-09-25T23:30:02Z,austin,2026-09-25,2026-09-25 18:30,18,106°F or higher,0.0,0.001,0.001,169,
2026-09-25T23:30:02Z,chicago,2026-09-25,2026-09-25 18:30,18,57°F or below,0.0,0.001,0.001,188,
2026-09-25T23:30:02Z,chicago,2026-09-25,2026-09-25 18:30,18,58-59°F,0.0,0.001,0.001,95,
2026-09-25T23:30:02Z,chicago,2026-09-25,2026-09-25 18:30,18,60-61°F,0.0,0.001,0.001,363,
2026-09-25T23:30:02Z,chicago,2026-09-25,2026-09-25 18:30,18,62-63°F,0.0,0.001,0.001,1804,
2026-09-25T23:30:02Z,chicago,2026-09-25,2026-09-25 18:30,18,64-65°F,1.0,0.999,-0.001,4694,0.995
2026-09-25T23:30:02Z,chicago,2026-09-25,2026-09-25 18:30,18,66-67°F,0.0,0.003,0.003,7438,0.001
2026-09-25T23:30:02Z,chicago,2026-09-25,2026-09-25 18:30,18,68-69°F,0.0,0.005,0.005,5306,
2026-09-25T23:30:02Z,chicago,2026-09-25,2026-09-25 18:30,18,70-71°F,0.0,0.001,0.001,3763,
2026-09-25T23:30:02Z,chicago,2026-09-25,2026-09-25 18:30,18,72-73°F,0.0,0.001,0.001,3146,
2026-09-25T23:30:02Z,chicago,2026-09-25,2026-09-25 18:30,18,74-75°F,0.0,0.001,0.001,666,
2026-09-25T23:30:02Z,chicago,2026-09-25,2026-09-25 18:30,18,76°F or higher,0.0,0.001,0.001,100,
2026-09-25T23:30:02Z,dallas,2026-09-25,2026-09-25 18:30,18,85°F or below,0.0,0.001,0.001,866,
2026-09-25T23:30:02Z,dallas,2026-09-25,2026-09-25 18:30,18,86-87°F,0.0,0.001,0.001,1265,
2026-09-25T23:30:02Z,dallas,2026-09-25,2026-09-25 18:30,18,88-89°F,0.0,0.001,0.001,9228,
2026-09-25T23:30:02Z,dallas,2026-09-25,2026-09-25 18:30,18,90-91°F,0.0,0.001,0.001,7949,
2026-09-25T23:30:02Z,dallas,2026-09-25,2026-09-25 18:30,18,92-93°F,1.0,1.0,0.0,5955,0.997
2026-09-25T23:30:02Z,dallas,2026-09-25,2026-09-25 18:30,18,94-95°F,0.0,0.003,0.003,5950,
2026-09-25T23:30:02Z,dallas,2026-09-25,2026-09-25 18:30,18,96-97°F,0.0,0.001,0.001,2816,
2026-09-25T23:30:02Z,dallas,2026-09-25,2026-09-25 18:30,18,98-99°F,0.0,0.001,0.001,4148,
2026-09-25T23:30:02Z,dallas,2026-09-25,2026-09-25 18:30,18,100-101°F,0.0,0.001,0.001,1172,
2026-09-25T23:30:02Z,dallas,2026-09-25,2026-09-25 18:30,18,102-103°F,0.0,0.001,0.001,95,
2026-09-25T23:30:02Z,dallas,2026-09-25,2026-09-25 18:30,18,104°F or higher,0.0,0.001,0.001,165,
2026-09-25T23:30:02Z,denver,2026-09-25,2026-09-25 17:30,17,67°F or below,0.0,0.001,0.001,1349,
2026-09-25T23:30:02Z,denver,2026-09-25,2026-09-25 17:30,17,68-69°F,0.0,0.001,0.001,966,
2026-09-25T23:30:02Z,denver,2026-09-25,2026-09-25 17:30,17,70-71°F,0.0,0.001,0.001,2388,
2026-09-25T23:30:02Z,denver,2026-09-25,2026-09-25 17:30,17,72-73°F,0.0,0.001,0.001,4921,
2026-09-25T23:30:02Z,denver,2026-09-25,2026-09-25 17:30,17,74-75°F,1.0,0.999,-0.001,6230,0.996
2026-09-25T23:30:02Z,denver,2026-09-25,2026-09-25 17:30,17,76-77°F,0.0,0.004,0.004,3987,0.001
2026-09-25T23:30:02Z,denver,2026-09-25,2026-09-25 17:30,17,78-79°F,0.0,0.003,0.003,2449,0.001
2026-09-25T23:30:02Z,denver,2026-09-25,2026-09-25 17:30,17,80-81°F,0.0,0.001,0.001,2302,
2026-09-25T23:30:02Z,denver,2026-09-25,2026-09-25 17:30,17,82-83°F,0.0,0.001,0.001,890,
2026-09-25T23:30:02Z,denver,2026-09-25,2026-09-25 17:30,17,84-85°F,0.0,0.001,0.001,200,
2026-09-25T23:30:02Z,denver,2026-09-25,2026-09-25 17:30,17,86°F or higher,0.0,0.001,0.001,100,
2026-09-25T23:30:02Z,houston,2026-09-25,2026-09-25 18:30,18,83°F or below,0.0,0.001,0.001,100,
2026-09-25T23:30:02Z,houston,2026-09-25,2026-09-25 18:30,18,84-85°F,0.0,0.001,0.001,180,
2026-09-25T23:30:02Z,houston,2026-09-25,2026-09-25 18:30,18,86-87°F,0.0,0.001,0.001,2361,
2026-09-25T23:30:02Z,houston,2026-09-25,2026-09-25 18:30,18,88-89°F,0.0,0.001,0.001,6710,
2026-09-25T23:30:02Z,houston,2026-09-25,2026-09-25 18:30,18,90-91°F,1.0,1.0,0.0,5300,0.99
2026-09-25T23:30:02Z,houston,2026-09-25,2026-09-25 18:30,18,92-93°F,0.0,0.009,0.009,6262,
2026-09-25T23:30:02Z,houston,2026-09-25,2026-09-25 18:30,18,94-95°F,0.0,0.002,0.002,2941,
2026-09-25T23:30:02Z,houston,2026-09-25,2026-09-25 18:30,18,96-97°F,0.0,0.001,0.001,823,
2026-09-25T23:30:02Z,houston,2026-09-25,2026-09-25 18:30,18,98-99°F,0.0,0.001,0.001,30,
2026-09-25T23:30:02Z,houston,2026-09-25,2026-09-25 18:30,18,100-101°F,0.0,0.001,0.001,215,
2026-09-25T23:30:02Z,houston,2026-09-25,2026-09-25 18:30,18,102°F or higher,0.0,0.001,0.001,100,
2026-09-25T23:30:02Z,los-angeles,2026-09-25,2026-09-25 16:30,16,73°F or below,0.0,0.001,0.001,1433,
2026-09-25T23:30:02Z,los-angeles,2026-09-25,2026-09-25 16:30,16,74-75°F,0.0,0.001,0.001,10917,
2026-09-25T23:30:02Z,los-angeles,2026-09-25,2026-09-25 16:30,16,76-77°F,0.967,0.999,0.032,9151,0.991
2026-09-25T23:30:02Z,los-angeles,2026-09-25,2026-09-25 16:30,16,78-79°F,0.033,0.006,-0.027,6159,0.001
2026-09-25T23:30:02Z,los-angeles,2026-09-25,2026-09-25 16:30,16,80-81°F,0.0,0.006,0.006,5571,
2026-09-25T23:30:02Z,los-angeles,2026-09-25,2026-09-25 16:30,16,82-83°F,0.0,0.001,0.001,2432,
2026-09-25T23:30:02Z,los-angeles,2026-09-25,2026-09-25 16:30,16,84-85°F,0.0,0.001,0.001,1656,
2026-09-25T23:30:02Z,los-angeles,2026-09-25,2026-09-25 16:30,16,86-87°F,0.0,0.001,0.001,348,
2026-09-25T23:30:02Z,los-angeles,2026-09-25,2026-09-25 16:30,16,88-89°F,0.0,0.001,0.001,105,
2026-09-25T23:30:02Z,los-angeles,2026-09-25,2026-09-25 16:30,16,90-91°F,0.0,0.001,0.001,100,
2026-09-25T23:30:02Z,los-angeles,2026-09-25,2026-09-25 16:30,16,92°F or higher,0.0,0.001,0.001,510,
2026-09-25T23:30:02Z,mexico-city,2026-09-25,2026-09-25 17:30,17,16°C or below,0.0,0.001,0.001,1015,
2026-09-25T23:30:02Z,mexico-city,2026-09-25,2026-09-25 17:30,17,17°C,0.0,0.001,0.001,15,
2026-09-25T23:30:02Z,mexico-city,2026-09-25,2026-09-25 17:30,17,18°C,0.0,0.001,0.001,15,
2026-09-25T23:30:02Z,mexico-city,2026-09-25,2026-09-25 17:30,17,19°C,0.0,0.001,0.001,15,
2026-09-25T23:30:02Z,mexico-city,2026-09-25,2026-09-25 17:30,17,20°C,0.0,0.001,0.001,15,
2026-09-25T23:30:02Z,mexico-city,2026-09-25,2026-09-25 17:30,17,21°C,0.0,0.001,0.001,145,
2026-09-25T23:30:02Z,mexico-city,2026-09-25,2026-09-25 17:30,17,22°C,0.0,0.001,0.001,232,
2026-09-25T23:30:02Z,mexico-city,2026-09-25,2026-09-25 17:30,17,23°C,0.0,0.001,0.001,523,
2026-09-25T23:30:02Z,mexico-city,2026-09-25,2026-09-25 17:30,17,24°C,0.0,0.001,0.001,3913,
2026-09-25T23:30:02Z,mexico-city,2026-09-25,2026-09-25 17:30,17,25°C,1.0,1.0,0.0,5476,0.999
2026-09-25T23:30:02Z,mexico-city,2026-09-25,2026-09-25 17:30,17,26°C or higher,0.0,0.001,0.001,4761,
2026-09-25T23:30:02Z,panama-city,2026-09-25,2026-09-25 18:30,18,23°C or below,0.0,0.001,0.001,95,
2026-09-25T23:30:02Z,panama-city,2026-09-25,2026-09-25 18:30,18,24°C,0.0,0.001,0.001,25,
2026-09-25T23:30:02Z,panama-city,2026-09-25,2026-09-25 18:30,18,25°C,0.0,0.001,0.001,15,
2026-09-25T23:30:02Z,panama-city,2026-09-25,2026-09-25 18:30,18,26°C,0.0,0.001,0.001,42,
2026-09-25T23:30:02Z,panama-city,2026-09-25,2026-09-25 18:30,18,27°C,0.0,0.001,0.001,35,
2026-09-25T23:30:02Z,panama-city,2026-09-25,2026-09-25 18:30,18,28°C,0.0,0.001,0.001,165,
2026-09-25T23:30:02Z,panama-city,2026-09-25,2026-09-25 18:30,18,29°C,0.0,0.001,0.001,3489,
2026-09-25T23:30:02Z,panama-city,2026-09-25,2026-09-25 18:30,18,30°C,1.0,1.0,0.0,3651,0.999
2026-09-25T23:30:02Z,panama-city,2026-09-25,2026-09-25 18:30,18,31°C,0.0,0.001,0.001,2779,
2026-09-25T23:30:02Z,panama-city,2026-09-25,2026-09-25 18:30,18,32°C,0.0,0.001,0.001,4342,
2026-09-25T23:30:02Z,panama-city,2026-09-25,2026-09-25 18:30,18,33°C or higher,0.0,0.001,0.001,1501,
2026-09-25T23:30:02Z,san-francisco,2026-09-25,2026-09-25 16:30,16,61°F or below,0.0,0.001,0.001,630,
2026-09-25T23:30:02Z,san-francisco,2026-09-25,2026-09-25 16:30,16,62-63°F,0.0,0.001,0.001,1782,
2026-09-25T23:30:02Z,san-francisco,2026-09-25,2026-09-25 16:30,16,64-65°F,0.0,0.001,0.001,768,
2026-09-25T23:30:02Z,san-francisco,2026-09-25,2026-09-25 16:30,16,66-67°F,0.0,0.001,0.001,4244,
2026-09-25T23:30:02Z,san-francisco,2026-09-25,2026-09-25 16:30,16,68-69°F,0.0,0.001,0.001,3189,
2026-09-25T23:30:02Z,san-francisco,2026-09-25,2026-09-25 16:30,16,70-71°F,1.0,1.0,0.0,2181,0.99
2026-09-25T23:30:02Z,san-francisco,2026-09-25,2026-09-25 16:30,16,72-73°F,0.0,0.004,0.004,4800,0.001
2026-09-25T23:30:02Z,san-francisco,2026-09-25,2026-09-25 16:30,16,74-75°F,0.0,0.008,0.008,4614,
2026-09-25T23:30:02Z,san-francisco,2026-09-25,2026-09-25 16:30,16,76-77°F,0.0,0.001,0.001,2488,
2026-09-25T23:30:02Z,san-francisco,2026-09-25,2026-09-25 16:30,16,78-79°F,0.0,0.001,0.001,2121,
2026-09-25T23:30:02Z,san-francisco,2026-09-25,2026-09-25 16:30,16,80°F or higher,0.0,0.001,0.001,643,
2026-09-25T23:30:02Z,seattle,2026-09-25,2026-09-25 16:30,16,49°F or below,0.0,0.001,0.001,95,
2026-09-25T23:30:02Z,seattle,2026-09-25,2026-09-25 16:30,16,50-51°F,0.0,0.001,0.001,3580,
2026-09-25T23:30:02Z,seattle,2026-09-25,2026-09-25 16:30,16,52-53°F,0.0,0.001,0.001,16299,
2026-09-25T23:30:02Z,seattle,2026-09-25,2026-09-25 16:30,16,54-55°F,0.0,0.001,0.001,16539,
2026-09-25T23:30:02Z,seattle,2026-09-25,2026-09-25 16:30,16,56-57°F,0.0,0.001,0.001,4945,
2026-09-25T23:30:02Z,seattle,2026-09-25,2026-09-25 16:30,16,58-59°F,0.0,0.001,0.001,14710,
2026-09-25T23:30:02Z,seattle,2026-09-25,2026-09-25 16:30,16,60-61°F,0.0,0.001,0.001,7011,
2026-09-25T23:30:02Z,seattle,2026-09-25,2026-09-25 16:30,16,62-63°F,1.0,0.95,-0.05,4922,0.93
2026-09-25T23:30:02Z,seattle,2026-09-25,2026-09-25 16:30,16,64-65°F,0.0,0.079,0.079,2888,0.061
2026-09-25T23:30:02Z,seattle,2026-09-25,2026-09-25 16:30,16,66-67°F,0.0,0.008,0.008,2093,0.001
2026-09-25T23:30:02Z,seattle,2026-09-25,2026-09-25 16:30,16,68°F or higher,0.0,0.001,0.001,1400,
2026-09-25T23:45:01Z,denver,2026-09-25,2026-09-25 17:45,17,67°F or below,0.0,0.001,0.001,1349,
2026-09-25T23:45:01Z,denver,2026-09-25,2026-09-25 17:45,17,68-69°F,0.0,0.001,0.001,966,
2026-09-25T23:45:01Z,denver,2026-09-25,2026-09-25 17:45,17,70-71°F,0.0,0.001,0.001,2388,
2026-09-25T23:45:01Z,denver,2026-09-25,2026-09-25 17:45,17,72-73°F,0.0,0.001,0.001,4921,
2026-09-25T23:45:01Z,denver,2026-09-25,2026-09-25 17:45,17,74-75°F,1.0,0.999,-0.001,6230,0.996
2026-09-25T23:45:01Z,denver,2026-09-25,2026-09-25 17:45,17,76-77°F,0.0,0.004,0.004,3989,0.001
2026-09-25T23:45:01Z,denver,2026-09-25,2026-09-25 17:45,17,78-79°F,0.0,0.003,0.003,2449,0.001
2026-09-25T23:45:01Z,denver,2026-09-25,2026-09-25 17:45,17,80-81°F,0.0,0.001,0.001,2302,
2026-09-25T23:45:01Z,denver,2026-09-25,2026-09-25 17:45,17,82-83°F,0.0,0.001,0.001,890,
2026-09-25T23:45:01Z,denver,2026-09-25,2026-09-25 17:45,17,84-85°F,0.0,0.001,0.001,200,
2026-09-25T23:45:01Z,denver,2026-09-25,2026-09-25 17:45,17,86°F or higher,0.0,0.001,0.001,100,
2026-09-25T23:45:01Z,los-angeles,2026-09-25,2026-09-25 16:45,16,73°F or below,0.0,0.001,0.001,1433,
2026-09-25T23:45:01Z,los-angeles,2026-09-25,2026-09-25 16:45,16,74-75°F,0.0,0.001,0.001,10917,
2026-09-25T23:45:01Z,los-angeles,2026-09-25,2026-09-25 16:45,16,76-77°F,0.967,0.999,0.032,9151,0.991
2026-09-25T23:45:01Z,los-angeles,2026-09-25,2026-09-25 16:45,16,78-79°F,0.033,0.006,-0.027,6159,0.001
2026-09-25T23:45:01Z,los-angeles,2026-09-25,2026-09-25 16:45,16,80-81°F,0.0,0.006,0.006,5571,
2026-09-25T23:45:01Z,los-angeles,2026-09-25,2026-09-25 16:45,16,82-83°F,0.0,0.001,0.001,2432,
2026-09-25T23:45:01Z,los-angeles,2026-09-25,2026-09-25 16:45,16,84-85°F,0.0,0.001,0.001,1656,
2026-09-25T23:45:01Z,los-angeles,2026-09-25,2026-09-25 16:45,16,86-87°F,0.0,0.001,0.001,348,
2026-09-25T23:45:01Z,los-angeles,2026-09-25,2026-09-25 16:45,16,88-89°F,0.0,0.001,0.001,105,
2026-09-25T23:45:01Z,los-angeles,2026-09-25,2026-09-25 16:45,16,90-91°F,0.0,0.001,0.001,100,
2026-09-25T23:45:01Z,los-angeles,2026-09-25,2026-09-25 16:45,16,92°F or higher,0.0,0.001,0.001,510,
2026-09-25T23:45:01Z,mexico-city,2026-09-25,2026-09-25 17:45,17,16°C or below,0.0,0.001,0.001,1015,
2026-09-25T23:45:01Z,mexico-city,2026-09-25,2026-09-25 17:45,17,17°C,0.0,0.001,0.001,15,
2026-09-25T23:45:01Z,mexico-city,2026-09-25,2026-09-25 17:45,17,18°C,0.0,0.001,0.001,15,
2026-09-25T23:45:01Z,mexico-city,2026-09-25,2026-09-25 17:45,17,19°C,0.0,0.001,0.001,15,
2026-09-25T23:45:01Z,mexico-city,2026-09-25,2026-09-25 17:45,17,20°C,0.0,0.001,0.001,15,
2026-09-25T23:45:01Z,mexico-city,2026-09-25,2026-09-25 17:45,17,21°C,0.0,0.001,0.001,145,
2026-09-25T23:45:01Z,mexico-city,2026-09-25,2026-09-25 17:45,17,22°C,0.0,0.001,0.001,232,
2026-09-25T23:45:01Z,mexico-city,2026-09-25,2026-09-25 17:45,17,23°C,0.0,0.001,0.001,523,
2026-09-25T23:45:01Z,mexico-city,2026-09-25,2026-09-25 17:45,17,24°C,0.0,0.001,0.001,3913,
2026-09-25T23:45:01Z,mexico-city,2026-09-25,2026-09-25 17:45,17,25°C,1.0,1.0,0.0,5516,0.999
2026-09-25T23:45:01Z,mexico-city,2026-09-25,2026-09-25 17:45,17,26°C or higher,0.0,0.001,0.001,4761,
2026-09-25T23:45:01Z,san-francisco,2026-09-25,2026-09-25 16:45,16,61°F or below,0.0,0.001,0.001,630,
2026-09-25T23:45:01Z,san-francisco,2026-09-25,2026-09-25 16:45,16,62-63°F,0.0,0.001,0.001,1782,
2026-09-25T23:45:01Z,san-francisco,2026-09-25,2026-09-25 16:45,16,64-65°F,0.0,0.001,0.001,768,
2026-09-25T23:45:01Z,san-francisco,2026-09-25,2026-09-25 16:45,16,66-67°F,0.0,0.001,0.001,4244,
2026-09-25T23:45:01Z,san-francisco,2026-09-25,2026-09-25 16:45,16,68-69°F,0.0,0.001,0.001,3189,
2026-09-25T23:45:01Z,san-francisco,2026-09-25,2026-09-25 16:45,16,70-71°F,1.0,0.999,-0.001,2186,0.99
2026-09-25T23:45:01Z,san-francisco,2026-09-25,2026-09-25 16:45,16,72-73°F,0.0,0.004,0.004,4800,0.001
2026-09-25T23:45:01Z,san-francisco,2026-09-25,2026-09-25 16:45,16,74-75°F,0.0,0.008,0.008,4614,
2026-09-25T23:45:01Z,san-francisco,2026-09-25,2026-09-25 16:45,16,76-77°F,0.0,0.001,0.001,2488,
2026-09-25T23:45:01Z,san-francisco,2026-09-25,2026-09-25 16:45,16,78-79°F,0.0,0.001,0.001,2121,
2026-09-25T23:45:01Z,san-francisco,2026-09-25,2026-09-25 16:45,16,80°F or higher,0.0,0.001,0.001,643,
2026-09-25T23:45:01Z,seattle,2026-09-25,2026-09-25 16:45,16,49°F or below,0.0,0.001,0.001,95,
2026-09-25T23:45:01Z,seattle,2026-09-25,2026-09-25 16:45,16,50-51°F,0.0,0.001,0.001,3580,
2026-09-25T23:45:01Z,seattle,2026-09-25,2026-09-25 16:45,16,52-53°F,0.0,0.001,0.001,16299,
2026-09-25T23:45:01Z,seattle,2026-09-25,2026-09-25 16:45,16,54-55°F,0.0,0.001,0.001,16539,
2026-09-25T23:45:01Z,seattle,2026-09-25,2026-09-25 16:45,16,56-57°F,0.0,0.001,0.001,4945,
2026-09-25T23:45:01Z,seattle,2026-09-25,2026-09-25 16:45,16,58-59°F,0.0,0.001,0.001,14710,
2026-09-25T23:45:01Z,seattle,2026-09-25,2026-09-25 16:45,16,60-61°F,0.0,0.001,0.001,7073,
2026-09-25T23:45:01Z,seattle,2026-09-25,2026-09-25 16:45,16,62-63°F,1.0,0.96,-0.04,4932,0.94
2026-09-25T23:45:01Z,seattle,2026-09-25,2026-09-25 16:45,16,64-65°F,0.0,0.059,0.059,2906,0.024
2026-09-25T23:45:01Z,seattle,2026-09-25,2026-09-25 16:45,16,66-67°F,0.0,0.008,0.008,2113,0.001
2026-09-25T23:45:01Z,seattle,2026-09-25,2026-09-25 16:45,16,68°F or higher,0.0,0.001,0.001,1400,
2026-09-26T00:00:01Z,denver,2026-09-25,2026-09-25 18:00,18,67°F or below,0.0,0.001,0.001,1349,
2026-09-26T00:00:01Z,denver,2026-09-25,2026-09-25 18:00,18,68-69°F,0.0,0.001,0.001,966,
2026-09-26T00:00:01Z,denver,2026-09-25,2026-09-25 18:00,18,70-71°F,0.0,0.001,0.001,2388,
2026-09-26T00:00:01Z,denver,2026-09-25,2026-09-25 18:00,18,72-73°F,0.0,0.001,0.001,4921,
2026-09-26T00:00:01Z,denver,2026-09-25,2026-09-25 18:00,18,74-75°F,1.0,0.999,-0.001,6230,0.996
2026-09-26T00:00:01Z,denver,2026-09-25,2026-09-25 18:00,18,76-77°F,0.0,0.004,0.004,3989,0.001
2026-09-26T00:00:01Z,denver,2026-09-25,2026-09-25 18:00,18,78-79°F,0.0,0.003,0.003,2449,0.001
2026-09-26T00:00:01Z,denver,2026-09-25,2026-09-25 18:00,18,80-81°F,0.0,0.001,0.001,2302,
2026-09-26T00:00:01Z,denver,2026-09-25,2026-09-25 18:00,18,82-83°F,0.0,0.001,0.001,890,
2026-09-26T00:00:01Z,denver,2026-09-25,2026-09-25 18:00,18,84-85°F,0.0,0.001,0.001,200,
2026-09-26T00:00:01Z,denver,2026-09-25,2026-09-25 18:00,18,86°F or higher,0.0,0.001,0.001,100,
2026-09-26T00:00:01Z,los-angeles,2026-09-25,2026-09-25 17:00,17,73°F or below,0.0,0.001,0.001,1433,
2026-09-26T00:00:01Z,los-angeles,2026-09-25,2026-09-25 17:00,17,74-75°F,0.0,0.001,0.001,10918,
2026-09-26T00:00:01Z,los-angeles,2026-09-25,2026-09-25 17:00,17,76-77°F,1.0,0.999,-0.001,9151,0.991
2026-09-26T00:00:01Z,los-angeles,2026-09-25,2026-09-25 17:00,17,78-79°F,0.0,0.006,0.006,6159,0.001
2026-09-26T00:00:01Z,los-angeles,2026-09-25,2026-09-25 17:00,17,80-81°F,0.0,0.006,0.006,5571,
2026-09-26T00:00:01Z,los-angeles,2026-09-25,2026-09-25 17:00,17,82-83°F,0.0,0.001,0.001,2432,
2026-09-26T00:00:01Z,los-angeles,2026-09-25,2026-09-25 17:00,17,84-85°F,0.0,0.001,0.001,1656,
2026-09-26T00:00:01Z,los-angeles,2026-09-25,2026-09-25 17:00,17,86-87°F,0.0,0.001,0.001,348,
2026-09-26T00:00:01Z,los-angeles,2026-09-25,2026-09-25 17:00,17,88-89°F,0.0,0.001,0.001,105,
2026-09-26T00:00:01Z,los-angeles,2026-09-25,2026-09-25 17:00,17,90-91°F,0.0,0.001,0.001,100,
2026-09-26T00:00:01Z,los-angeles,2026-09-25,2026-09-25 17:00,17,92°F or higher,0.0,0.001,0.001,510,
2026-09-26T00:00:01Z,mexico-city,2026-09-25,2026-09-25 18:00,18,16°C or below,0.0,0.001,0.001,1015,
2026-09-26T00:00:01Z,mexico-city,2026-09-25,2026-09-25 18:00,18,17°C,0.0,0.001,0.001,15,
2026-09-26T00:00:01Z,mexico-city,2026-09-25,2026-09-25 18:00,18,18°C,0.0,0.001,0.001,15,
2026-09-26T00:00:01Z,mexico-city,2026-09-25,2026-09-25 18:00,18,19°C,0.0,0.001,0.001,15,
2026-09-26T00:00:01Z,mexico-city,2026-09-25,2026-09-25 18:00,18,20°C,0.0,0.001,0.001,15,
2026-09-26T00:00:01Z,mexico-city,2026-09-25,2026-09-25 18:00,18,21°C,0.0,0.001,0.001,145,
2026-09-26T00:00:01Z,mexico-city,2026-09-25,2026-09-25 18:00,18,22°C,0.0,0.001,0.001,232,
2026-09-26T00:00:01Z,mexico-city,2026-09-25,2026-09-25 18:00,18,23°C,0.0,0.001,0.001,523,
2026-09-26T00:00:01Z,mexico-city,2026-09-25,2026-09-25 18:00,18,24°C,0.0,0.001,0.001,3913,
2026-09-26T00:00:01Z,mexico-city,2026-09-25,2026-09-25 18:00,18,25°C,1.0,1.0,0.0,5516,0.999
2026-09-26T00:00:01Z,mexico-city,2026-09-25,2026-09-25 18:00,18,26°C or higher,0.0,0.001,0.001,4761,
2026-09-26T00:00:01Z,san-francisco,2026-09-25,2026-09-25 17:00,17,61°F or below,0.0,0.001,0.001,630,
2026-09-26T00:00:01Z,san-francisco,2026-09-25,2026-09-25 17:00,17,62-63°F,0.0,0.001,0.001,1782,
2026-09-26T00:00:01Z,san-francisco,2026-09-25,2026-09-25 17:00,17,64-65°F,0.0,0.001,0.001,768,
2026-09-26T00:00:01Z,san-francisco,2026-09-25,2026-09-25 17:00,17,66-67°F,0.0,0.001,0.001,4244,
2026-09-26T00:00:01Z,san-francisco,2026-09-25,2026-09-25 17:00,17,68-69°F,0.0,0.001,0.001,3189,
2026-09-26T00:00:01Z,san-francisco,2026-09-25,2026-09-25 17:00,17,70-71°F,1.0,0.999,-0.001,2186,0.991
2026-09-26T00:00:01Z,san-francisco,2026-09-25,2026-09-25 17:00,17,72-73°F,0.0,0.004,0.004,4800,0.001
2026-09-26T00:00:01Z,san-francisco,2026-09-25,2026-09-25 17:00,17,74-75°F,0.0,0.008,0.008,4614,
2026-09-26T00:00:01Z,san-francisco,2026-09-25,2026-09-25 17:00,17,76-77°F,0.0,0.001,0.001,2488,
2026-09-26T00:00:01Z,san-francisco,2026-09-25,2026-09-25 17:00,17,78-79°F,0.0,0.001,0.001,2121,
2026-09-26T00:00:01Z,san-francisco,2026-09-25,2026-09-25 17:00,17,80°F or higher,0.0,0.001,0.001,643,
2026-09-26T00:00:01Z,seattle,2026-09-25,2026-09-25 17:00,17,49°F or below,0.0,0.001,0.001,95,
2026-09-26T00:00:01Z,seattle,2026-09-25,2026-09-25 17:00,17,50-51°F,0.0,0.001,0.001,3580,
2026-09-26T00:00:01Z,seattle,2026-09-25,2026-09-25 17:00,17,52-53°F,0.0,0.001,0.001,16299,
2026-09-26T00:00:01Z,seattle,2026-09-25,2026-09-25 17:00,17,54-55°F,0.0,0.001,0.001,16539,
2026-09-26T00:00:01Z,seattle,2026-09-25,2026-09-25 17:00,17,56-57°F,0.0,0.001,0.001,4945,
2026-09-26T00:00:01Z,seattle,2026-09-25,2026-09-25 17:00,17,58-59°F,0.0,0.001,0.001,14710,
2026-09-26T00:00:01Z,seattle,2026-09-25,2026-09-25 17:00,17,60-61°F,0.0,0.001,0.001,7122,
2026-09-26T00:00:01Z,seattle,2026-09-25,2026-09-25 17:00,17,62-63°F,1.0,0.99,-0.01,4942,0.96
2026-09-26T00:00:01Z,seattle,2026-09-25,2026-09-25 17:00,17,64-65°F,0.0,0.01,0.01,2916,0.007
2026-09-26T00:00:01Z,seattle,2026-09-25,2026-09-25 17:00,17,66-67°F,0.0,0.008,0.008,2123,0.002
2026-09-26T00:00:01Z,seattle,2026-09-25,2026-09-25 17:00,17,68°F or higher,0.0,0.001,0.001,1400,
2026-09-26T00:15:49Z,denver,2026-09-25,2026-09-25 18:15,18,67°F or below,0.0,0.001,0.001,1349,
2026-09-26T00:15:49Z,denver,2026-09-25,2026-09-25 18:15,18,68-69°F,0.0,0.001,0.001,966,
2026-09-26T00:15:49Z,denver,2026-09-25,2026-09-25 18:15,18,70-71°F,0.0,0.001,0.001,2388,
2026-09-26T00:15:49Z,denver,2026-09-25,2026-09-25 18:15,18,72-73°F,0.0,0.001,0.001,4921,
2026-09-26T00:15:49Z,denver,2026-09-25,2026-09-25 18:15,18,74-75°F,1.0,0.999,-0.001,6336,0.998
2026-09-26T00:15:49Z,denver,2026-09-25,2026-09-25 18:15,18,76-77°F,0.0,0.001,0.001,4089,
2026-09-26T00:15:49Z,denver,2026-09-25,2026-09-25 18:15,18,78-79°F,0.0,0.001,0.001,2478,
2026-09-26T00:15:49Z,denver,2026-09-25,2026-09-25 18:15,18,80-81°F,0.0,0.001,0.001,2302,
2026-09-26T00:15:49Z,denver,2026-09-25,2026-09-25 18:15,18,82-83°F,0.0,0.001,0.001,890,
2026-09-26T00:15:49Z,denver,2026-09-25,2026-09-25 18:15,18,84-85°F,0.0,0.001,0.001,200,
2026-09-26T00:15:49Z,denver,2026-09-25,2026-09-25 18:15,18,86°F or higher,0.0,0.001,0.001,100,
2026-09-26T00:15:49Z,los-angeles,2026-09-25,2026-09-25 17:15,17,73°F or below,0.0,0.001,0.001,1433,
2026-09-26T00:15:49Z,los-angeles,2026-09-25,2026-09-25 17:15,17,74-75°F,0.0,0.001,0.001,10918,
2026-09-26T00:15:49Z,los-angeles,2026-09-25,2026-09-25 17:15,17,76-77°F,1.0,0.999,-0.001,9151,0.994
2026-09-26T00:15:49Z,los-angeles,2026-09-25,2026-09-25 17:15,17,78-79°F,0.0,0.002,0.002,6259,0.001
2026-09-26T00:15:49Z,los-angeles,2026-09-25,2026-09-25 17:15,17,80-81°F,0.0,0.001,0.001,5571,
2026-09-26T00:15:49Z,los-angeles,2026-09-25,2026-09-25 17:15,17,82-83°F,0.0,0.001,0.001,2432,
2026-09-26T00:15:49Z,los-angeles,2026-09-25,2026-09-25 17:15,17,84-85°F,0.0,0.001,0.001,1656,
2026-09-26T00:15:49Z,los-angeles,2026-09-25,2026-09-25 17:15,17,86-87°F,0.0,0.001,0.001,348,
2026-09-26T00:15:49Z,los-angeles,2026-09-25,2026-09-25 17:15,17,88-89°F,0.0,0.001,0.001,105,
2026-09-26T00:15:49Z,los-angeles,2026-09-25,2026-09-25 17:15,17,90-91°F,0.0,0.001,0.001,100,
2026-09-26T00:15:49Z,los-angeles,2026-09-25,2026-09-25 17:15,17,92°F or higher,0.0,0.001,0.001,510,
2026-09-26T00:15:49Z,mexico-city,2026-09-25,2026-09-25 18:15,18,16°C or below,0.0,0.001,0.001,1015,
2026-09-26T00:15:49Z,mexico-city,2026-09-25,2026-09-25 18:15,18,17°C,0.0,0.001,0.001,15,
2026-09-26T00:15:49Z,mexico-city,2026-09-25,2026-09-25 18:15,18,18°C,0.0,0.001,0.001,15,
2026-09-26T00:15:49Z,mexico-city,2026-09-25,2026-09-25 18:15,18,19°C,0.0,0.001,0.001,15,
2026-09-26T00:15:49Z,mexico-city,2026-09-25,2026-09-25 18:15,18,20°C,0.0,0.001,0.001,15,
2026-09-26T00:15:49Z,mexico-city,2026-09-25,2026-09-25 18:15,18,21°C,0.0,0.001,0.001,145,
2026-09-26T00:15:49Z,mexico-city,2026-09-25,2026-09-25 18:15,18,22°C,0.0,0.001,0.001,232,
2026-09-26T00:15:49Z,mexico-city,2026-09-25,2026-09-25 18:15,18,23°C,0.0,0.001,0.001,523,
2026-09-26T00:15:49Z,mexico-city,2026-09-25,2026-09-25 18:15,18,24°C,0.0,0.001,0.001,3913,
2026-09-26T00:15:49Z,mexico-city,2026-09-25,2026-09-25 18:15,18,25°C,1.0,1.0,0.0,5516,0.999
2026-09-26T00:15:49Z,mexico-city,2026-09-25,2026-09-25 18:15,18,26°C or higher,0.0,0.001,0.001,4761,
2026-09-26T00:15:49Z,san-francisco,2026-09-25,2026-09-25 17:15,17,61°F or below,0.0,0.001,0.001,630,
2026-09-26T00:15:49Z,san-francisco,2026-09-25,2026-09-25 17:15,17,62-63°F,0.0,0.001,0.001,1782,
2026-09-26T00:15:49Z,san-francisco,2026-09-25,2026-09-25 17:15,17,64-65°F,0.0,0.001,0.001,768,
2026-09-26T00:15:49Z,san-francisco,2026-09-25,2026-09-25 17:15,17,66-67°F,0.0,0.001,0.001,4244,
2026-09-26T00:15:49Z,san-francisco,2026-09-25,2026-09-25 17:15,17,68-69°F,0.0,0.001,0.001,3189,
2026-09-26T00:15:49Z,san-francisco,2026-09-25,2026-09-25 17:15,17,70-71°F,1.0,0.999,-0.001,2186,0.994
2026-09-26T00:15:49Z,san-francisco,2026-09-25,2026-09-25 17:15,17,72-73°F,0.0,0.004,0.004,4807,0.001
2026-09-26T00:15:49Z,san-francisco,2026-09-25,2026-09-25 17:15,17,74-75°F,0.0,0.002,0.002,4614,
2026-09-26T00:15:49Z,san-francisco,2026-09-25,2026-09-25 17:15,17,76-77°F,0.0,0.001,0.001,2488,
2026-09-26T00:15:49Z,san-francisco,2026-09-25,2026-09-25 17:15,17,78-79°F,0.0,0.001,0.001,2121,
2026-09-26T00:15:49Z,san-francisco,2026-09-25,2026-09-25 17:15,17,80°F or higher,0.0,0.001,0.001,643,
2026-09-26T00:15:49Z,seattle,2026-09-25,2026-09-25 17:15,17,49°F or below,0.0,0.001,0.001,95,
2026-09-26T00:15:49Z,seattle,2026-09-25,2026-09-25 17:15,17,50-51°F,0.0,0.001,0.001,3580,
2026-09-26T00:15:49Z,seattle,2026-09-25,2026-09-25 17:15,17,52-53°F,0.0,0.001,0.001,16299,
2026-09-26T00:15:49Z,seattle,2026-09-25,2026-09-25 17:15,17,54-55°F,0.0,0.001,0.001,16539,
2026-09-26T00:15:49Z,seattle,2026-09-25,2026-09-25 17:15,17,56-57°F,0.0,0.001,0.001,4945,
2026-09-26T00:15:49Z,seattle,2026-09-25,2026-09-25 17:15,17,58-59°F,0.0,0.001,0.001,14710,
2026-09-26T00:15:49Z,seattle,2026-09-25,2026-09-25 17:15,17,60-61°F,0.0,0.001,0.001,7171,
2026-09-26T00:15:49Z,seattle,2026-09-25,2026-09-25 17:15,17,62-63°F,1.0,0.998,-0.002,5226,0.99
2026-09-26T00:15:49Z,seattle,2026-09-25,2026-09-25 17:15,17,64-65°F,0.0,0.007,0.007,3011,0.002
2026-09-26T00:15:49Z,seattle,2026-09-25,2026-09-25 17:15,17,66-67°F,0.0,0.006,0.006,2123,0.001
2026-09-26T00:15:49Z,seattle,2026-09-25,2026-09-25 17:15,17,68°F or higher,0.0,0.001,0.001,1400,
2026-09-26T00:30:01Z,denver,2026-09-25,2026-09-25 18:30,18,67°F or below,0.0,0.001,0.001,1349,
2026-09-26T00:30:01Z,denver,2026-09-25,2026-09-25 18:30,18,68-69°F,0.0,0.001,0.001,966,
2026-09-26T00:30:01Z,denver,2026-09-25,2026-09-25 18:30,18,70-71°F,0.0,0.001,0.001,2388,
2026-09-26T00:30:01Z,denver,2026-09-25,2026-09-25 18:30,18,72-73°F,0.0,0.001,0.001,4921,
2026-09-26T00:30:01Z,denver,2026-09-25,2026-09-25 18:30,18,74-75°F,1.0,1.0,0.0,7040,0.999
2026-09-26T00:30:01Z,denver,2026-09-25,2026-09-25 18:30,18,76-77°F,0.0,0.001,0.001,4724,
2026-09-26T00:30:01Z,denver,2026-09-25,2026-09-25 18:30,18,78-79°F,0.0,0.001,0.001,2478,
2026-09-26T00:30:01Z,denver,2026-09-25,2026-09-25 18:30,18,80-81°F,0.0,0.001,0.001,2302,
2026-09-26T00:30:01Z,denver,2026-09-25,2026-09-25 18:30,18,82-83°F,0.0,0.001,0.001,890,
2026-09-26T00:30:01Z,denver,2026-09-25,2026-09-25 18:30,18,84-85°F,0.0,0.001,0.001,200,
2026-09-26T00:30:01Z,denver,2026-09-25,2026-09-25 18:30,18,86°F or higher,0.0,0.001,0.001,100,
2026-09-26T00:30:01Z,los-angeles,2026-09-25,2026-09-25 17:30,17,73°F or below,0.0,0.001,0.001,1433,
2026-09-26T00:30:01Z,los-angeles,2026-09-25,2026-09-25 17:30,17,74-75°F,0.0,0.001,0.001,10918,
2026-09-26T00:30:01Z,los-angeles,2026-09-25,2026-09-25 17:30,17,76-77°F,1.0,0.999,-0.001,9151,0.996
2026-09-26T00:30:01Z,los-angeles,2026-09-25,2026-09-25 17:30,17,78-79°F,0.0,0.002,0.002,6378,0.001
2026-09-26T00:30:01Z,los-angeles,2026-09-25,2026-09-25 17:30,17,80-81°F,0.0,0.001,0.001,5587,
2026-09-26T00:30:01Z,los-angeles,2026-09-25,2026-09-25 17:30,17,82-83°F,0.0,0.001,0.001,2432,
2026-09-26T00:30:01Z,los-angeles,2026-09-25,2026-09-25 17:30,17,84-85°F,0.0,0.001,0.001,1656,
2026-09-26T00:30:01Z,los-angeles,2026-09-25,2026-09-25 17:30,17,86-87°F,0.0,0.001,0.001,348,
2026-09-26T00:30:01Z,los-angeles,2026-09-25,2026-09-25 17:30,17,88-89°F,0.0,0.001,0.001,105,
2026-09-26T00:30:01Z,los-angeles,2026-09-25,2026-09-25 17:30,17,90-91°F,0.0,0.001,0.001,100,
2026-09-26T00:30:01Z,los-angeles,2026-09-25,2026-09-25 17:30,17,92°F or higher,0.0,0.001,0.001,510,
2026-09-26T00:30:01Z,mexico-city,2026-09-25,2026-09-25 18:30,18,16°C or below,0.0,0.001,0.001,1015,
2026-09-26T00:30:01Z,mexico-city,2026-09-25,2026-09-25 18:30,18,17°C,0.0,0.001,0.001,15,
2026-09-26T00:30:01Z,mexico-city,2026-09-25,2026-09-25 18:30,18,18°C,0.0,0.001,0.001,15,
2026-09-26T00:30:01Z,mexico-city,2026-09-25,2026-09-25 18:30,18,19°C,0.0,0.001,0.001,15,
2026-09-26T00:30:01Z,mexico-city,2026-09-25,2026-09-25 18:30,18,20°C,0.0,0.001,0.001,15,
2026-09-26T00:30:01Z,mexico-city,2026-09-25,2026-09-25 18:30,18,21°C,0.0,0.001,0.001,145,
2026-09-26T00:30:01Z,mexico-city,2026-09-25,2026-09-25 18:30,18,22°C,0.0,0.001,0.001,232,
2026-09-26T00:30:01Z,mexico-city,2026-09-25,2026-09-25 18:30,18,23°C,0.0,0.001,0.001,523,
2026-09-26T00:30:01Z,mexico-city,2026-09-25,2026-09-25 18:30,18,24°C,0.0,0.001,0.001,3913,
2026-09-26T00:30:01Z,mexico-city,2026-09-25,2026-09-25 18:30,18,25°C,1.0,1.0,0.0,5516,0.999
2026-09-26T00:30:01Z,mexico-city,2026-09-25,2026-09-25 18:30,18,26°C or higher,0.0,0.001,0.001,4761,
2026-09-26T00:30:01Z,san-francisco,2026-09-25,2026-09-25 17:30,17,61°F or below,0.0,0.001,0.001,630,
2026-09-26T00:30:01Z,san-francisco,2026-09-25,2026-09-25 17:30,17,62-63°F,0.0,0.001,0.001,1782,
2026-09-26T00:30:01Z,san-francisco,2026-09-25,2026-09-25 17:30,17,64-65°F,0.0,0.001,0.001,768,
2026-09-26T00:30:01Z,san-francisco,2026-09-25,2026-09-25 17:30,17,66-67°F,0.0,0.001,0.001,4244,
2026-09-26T00:30:01Z,san-francisco,2026-09-25,2026-09-25 17:30,17,68-69°F,0.0,0.001,0.001,3189,
2026-09-26T00:30:01Z,san-francisco,2026-09-25,2026-09-25 17:30,17,70-71°F,1.0,0.999,-0.001,2186,0.994
2026-09-26T00:30:01Z,san-francisco,2026-09-25,2026-09-25 17:30,17,72-73°F,0.0,0.004,0.004,4807,0.001
2026-09-26T00:30:01Z,san-francisco,2026-09-25,2026-09-25 17:30,17,74-75°F,0.0,0.002,0.002,4614,
2026-09-26T00:30:01Z,san-francisco,2026-09-25,2026-09-25 17:30,17,76-77°F,0.0,0.001,0.001,2488,
2026-09-26T00:30:01Z,san-francisco,2026-09-25,2026-09-25 17:30,17,78-79°F,0.0,0.001,0.001,2121,
2026-09-26T00:30:01Z,san-francisco,2026-09-25,2026-09-25 17:30,17,80°F or higher,0.0,0.001,0.001,643,
2026-09-26T00:30:01Z,seattle,2026-09-25,2026-09-25 17:30,17,49°F or below,0.0,0.001,0.001,95,
2026-09-26T00:30:01Z,seattle,2026-09-25,2026-09-25 17:30,17,50-51°F,0.0,0.001,0.001,3580,
2026-09-26T00:30:01Z,seattle,2026-09-25,2026-09-25 17:30,17,52-53°F,0.0,0.001,0.001,16299,
2026-09-26T00:30:01Z,seattle,2026-09-25,2026-09-25 17:30,17,54-55°F,0.0,0.001,0.001,16539,
2026-09-26T00:30:01Z,seattle,2026-09-25,2026-09-25 17:30,17,56-57°F,0.0,0.001,0.001,4945,
2026-09-26T00:30:01Z,seattle,2026-09-25,2026-09-25 17:30,17,58-59°F,0.0,0.001,0.001,14710,
2026-09-26T00:30:01Z,seattle,2026-09-25,2026-09-25 17:30,17,60-61°F,0.0,0.001,0.001,7171,
2026-09-26T00:30:01Z,seattle,2026-09-25,2026-09-25 17:30,17,62-63°F,1.0,0.999,-0.001,5290,0.993
2026-09-26T00:30:01Z,seattle,2026-09-25,2026-09-25 17:30,17,64-65°F,0.0,0.004,0.004,3011,0.002
2026-09-26T00:30:01Z,seattle,2026-09-25,2026-09-25 17:30,17,66-67°F,0.0,0.006,0.006,2123,0.001
2026-09-26T00:30:01Z,seattle,2026-09-25,2026-09-25 17:30,17,68°F or higher,0.0,0.001,0.001,1400,
2026-09-26T00:30:01Z,wellington,2026-09-26,2026-09-26 12:30,12,9°C or below,0.0,0.001,0.001,1214,
2026-09-26T00:30:01Z,wellington,2026-09-26,2026-09-26 12:30,12,10°C,0.0,0.001,0.001,1225,
2026-09-26T00:30:01Z,wellington,2026-09-26,2026-09-26 12:30,12,11°C,0.0,0.001,0.001,934,
2026-09-26T00:30:01Z,wellington,2026-09-26,2026-09-26 12:30,12,12°C,0.0,0.001,0.001,389,
2026-09-26T00:30:01Z,wellington,2026-09-26,2026-09-26 12:30,12,13°C,0.0,0.001,0.001,3745,
2026-09-26T00:30:01Z,wellington,2026-09-26,2026-09-26 12:30,12,14°C,0.6,0.44,-0.16,7758,0.33
2026-09-26T00:30:01Z,wellington,2026-09-26,2026-09-26 12:30,12,15°C,0.267,0.62,0.353,7688,0.52
2026-09-26T00:30:01Z,wellington,2026-09-26,2026-09-26 12:30,12,16°C,0.133,0.03,-0.103,4608,0.02
2026-09-26T00:30:01Z,wellington,2026-09-26,2026-09-26 12:30,12,17°C,0.0,0.009,0.009,1861,0.005
2026-09-26T00:30:01Z,wellington,2026-09-26,2026-09-26 12:30,12,18°C,0.0,0.003,0.003,2756,
2026-09-26T00:30:01Z,wellington,2026-09-26,2026-09-26 12:30,12,19°C or higher,0.0,0.001,0.001,95,
2026-09-26T00:45:01Z,los-angeles,2026-09-25,2026-09-25 17:45,17,73°F or below,0.0,0.001,0.001,1433,
2026-09-26T00:45:01Z,los-angeles,2026-09-25,2026-09-25 17:45,17,74-75°F,0.0,0.001,0.001,10918,
2026-09-26T00:45:01Z,los-angeles,2026-09-25,2026-09-25 17:45,17,76-77°F,1.0,1.0,0.0,9984,0.999
2026-09-26T00:45:01Z,los-angeles,2026-09-25,2026-09-25 17:45,17,78-79°F,0.0,0.001,0.001,6949,
2026-09-26T00:45:01Z,los-angeles,2026-09-25,2026-09-25 17:45,17,80-81°F,0.0,0.001,0.001,5587,
2026-09-26T00:45:01Z,los-angeles,2026-09-25,2026-09-25 17:45,17,82-83°F,0.0,0.001,0.001,2432,
2026-09-26T00:45:01Z,los-angeles,2026-09-25,2026-09-25 17:45,17,84-85°F,0.0,0.001,0.001,1656,
2026-09-26T00:45:01Z,los-angeles,2026-09-25,2026-09-25 17:45,17,86-87°F,0.0,0.001,0.001,348,
2026-09-26T00:45:01Z,los-angeles,2026-09-25,2026-09-25 17:45,17,88-89°F,0.0,0.001,0.001,105,
2026-09-26T00:45:01Z,los-angeles,2026-09-25,2026-09-25 17:45,17,90-91°F,0.0,0.001,0.001,100,
2026-09-26T00:45:01Z,los-angeles,2026-09-25,2026-09-25 17:45,17,92°F or higher,0.0,0.001,0.001,510,
2026-09-26T00:45:01Z,san-francisco,2026-09-25,2026-09-25 17:45,17,61°F or below,0.0,0.001,0.001,630,
2026-09-26T00:45:01Z,san-francisco,2026-09-25,2026-09-25 17:45,17,62-63°F,0.0,0.001,0.001,1782,
2026-09-26T00:45:01Z,san-francisco,2026-09-25,2026-09-25 17:45,17,64-65°F,0.0,0.001,0.001,768,
2026-09-26T00:45:01Z,san-francisco,2026-09-25,2026-09-25 17:45,17,66-67°F,0.0,0.001,0.001,4344,
2026-09-26T00:45:01Z,san-francisco,2026-09-25,2026-09-25 17:45,17,68-69°F,0.0,0.001,0.001,3189,
2026-09-26T00:45:01Z,san-francisco,2026-09-25,2026-09-25 17:45,17,70-71°F,1.0,0.999,-0.001,2195,0.994
2026-09-26T00:45:01Z,san-francisco,2026-09-25,2026-09-25 17:45,17,72-73°F,0.0,0.004,0.004,4807,0.001
2026-09-26T00:45:01Z,san-francisco,2026-09-25,2026-09-25 17:45,17,74-75°F,0.0,0.002,0.002,4614,
2026-09-26T00:45:01Z,san-francisco,2026-09-25,2026-09-25 17:45,17,76-77°F,0.0,0.001,0.001,2488,
2026-09-26T00:45:01Z,san-francisco,2026-09-25,2026-09-25 17:45,17,78-79°F,0.0,0.001,0.001,2121,
2026-09-26T00:45:01Z,san-francisco,2026-09-25,2026-09-25 17:45,17,80°F or higher,0.0,0.001,0.001,643,
2026-09-26T00:45:01Z,seattle,2026-09-25,2026-09-25 17:45,17,49°F or below,0.0,0.001,0.001,95,
2026-09-26T00:45:01Z,seattle,2026-09-25,2026-09-25 17:45,17,50-51°F,0.0,0.001,0.001,3580,
2026-09-26T00:45:01Z,seattle,2026-09-25,2026-09-25 17:45,17,52-53°F,0.0,0.001,0.001,16299,
2026-09-26T00:45:01Z,seattle,2026-09-25,2026-09-25 17:45,17,54-55°F,0.0,0.001,0.001,16539,
2026-09-26T00:45:01Z,seattle,2026-09-25,2026-09-25 17:45,17,56-57°F,0.0,0.001,0.001,4945,
2026-09-26T00:45:01Z,seattle,2026-09-25,2026-09-25 17:45,17,58-59°F,0.0,0.001,0.001,14710,
2026-09-26T00:45:01Z,seattle,2026-09-25,2026-09-25 17:45,17,60-61°F,0.0,0.001,0.001,7171,
2026-09-26T00:45:01Z,seattle,2026-09-25,2026-09-25 17:45,17,62-63°F,1.0,0.999,-0.001,5529,0.997
2026-09-26T00:45:01Z,seattle,2026-09-25,2026-09-25 17:45,17,64-65°F,0.0,0.003,0.003,3261,0.001
2026-09-26T00:45:01Z,seattle,2026-09-25,2026-09-25 17:45,17,66-67°F,0.0,0.003,0.003,2318,
2026-09-26T00:45:01Z,seattle,2026-09-25,2026-09-25 17:45,17,68°F or higher,0.0,0.001,0.001,1400,
2026-09-26T00:45:01Z,wellington,2026-09-26,2026-09-26 12:45,12,9°C or below,0.0,0.001,0.001,1214,
2026-09-26T00:45:01Z,wellington,2026-09-26,2026-09-26 12:45,12,10°C,0.0,0.001,0.001,1225,
2026-09-26T00:45:01Z,wellington,2026-09-26,2026-09-26 12:45,12,11°C,0.0,0.001,0.001,934,
2026-09-26T00:45:01Z,wellington,2026-09-26,2026-09-26 12:45,12,12°C,0.0,0.001,0.001,389,
2026-09-26T00:45:01Z,wellington,2026-09-26,2026-09-26 12:45,12,13°C,0.0,0.001,0.001,3745,
2026-09-26T00:45:01Z,wellington,2026-09-26,2026-09-26 12:45,12,14°C,0.6,0.61,0.01,8015,0.54
2026-09-26T00:45:01Z,wellington,2026-09-26,2026-09-26 12:45,12,15°C,0.267,0.5,0.233,7783,0.38
2026-09-26T00:45:01Z,wellington,2026-09-26,2026-09-26 12:45,12,16°C,0.133,0.009,-0.124,4714,0.001
2026-09-26T00:45:01Z,wellington,2026-09-26,2026-09-26 12:45,12,17°C,0.0,0.005,0.005,1938,0.004
2026-09-26T00:45:01Z,wellington,2026-09-26,2026-09-26 12:45,12,18°C,0.0,0.003,0.003,2756,
2026-09-26T00:45:01Z,wellington,2026-09-26,2026-09-26 12:45,12,19°C or higher,0.0,0.001,0.001,95,
2026-09-26T01:00:01Z,los-angeles,2026-09-25,2026-09-25 18:00,18,73°F or below,0.0,0.001,0.001,1433,
2026-09-26T01:00:01Z,los-angeles,2026-09-25,2026-09-25 18:00,18,74-75°F,0.0,0.001,0.001,10918,
2026-09-26T01:00:01Z,los-angeles,2026-09-25,2026-09-25 18:00,18,76-77°F,1.0,1.0,0.0,9984,0.999
2026-09-26T01:00:01Z,los-angeles,2026-09-25,2026-09-25 18:00,18,78-79°F,0.0,0.001,0.001,7115,
2026-09-26T01:00:01Z,los-angeles,2026-09-25,2026-09-25 18:00,18,80-81°F,0.0,0.001,0.001,5590,
2026-09-26T01:00:01Z,los-angeles,2026-09-25,2026-09-25 18:00,18,82-83°F,0.0,0.001,0.001,2432,
2026-09-26T01:00:01Z,los-angeles,2026-09-25,2026-09-25 18:00,18,84-85°F,0.0,0.001,0.001,1656,
2026-09-26T01:00:01Z,los-angeles,2026-09-25,2026-09-25 18:00,18,86-87°F,0.0,0.001,0.001,348,
2026-09-26T01:00:01Z,los-angeles,2026-09-25,2026-09-25 18:00,18,88-89°F,0.0,0.001,0.001,105,
2026-09-26T01:00:01Z,los-angeles,2026-09-25,2026-09-25 18:00,18,90-91°F,0.0,0.001,0.001,100,
2026-09-26T01:00:01Z,los-angeles,2026-09-25,2026-09-25 18:00,18,92°F or higher,0.0,0.001,0.001,510,
2026-09-26T01:00:01Z,san-francisco,2026-09-25,2026-09-25 18:00,18,61°F or below,0.0,0.001,0.001,630,
2026-09-26T01:00:01Z,san-francisco,2026-09-25,2026-09-25 18:00,18,62-63°F,0.0,0.001,0.001,1782,
2026-09-26T01:00:01Z,san-francisco,2026-09-25,2026-09-25 18:00,18,64-65°F,0.0,0.001,0.001,768,
2026-09-26T01:00:01Z,san-francisco,2026-09-25,2026-09-25 18:00,18,66-67°F,0.0,0.001,0.001,4344,
2026-09-26T01:00:01Z,san-francisco,2026-09-25,2026-09-25 18:00,18,68-69°F,0.0,0.001,0.001,3189,
2026-09-26T01:00:01Z,san-francisco,2026-09-25,2026-09-25 18:00,18,70-71°F,1.0,0.999,-0.001,2195,0.994
2026-09-26T01:00:01Z,san-francisco,2026-09-25,2026-09-25 18:00,18,72-73°F,0.0,0.004,0.004,4807,0.001
2026-09-26T01:00:01Z,san-francisco,2026-09-25,2026-09-25 18:00,18,74-75°F,0.0,0.002,0.002,4614,
2026-09-26T01:00:01Z,san-francisco,2026-09-25,2026-09-25 18:00,18,76-77°F,0.0,0.001,0.001,2488,
2026-09-26T01:00:01Z,san-francisco,2026-09-25,2026-09-25 18:00,18,78-79°F,0.0,0.001,0.001,2121,
2026-09-26T01:00:01Z,san-francisco,2026-09-25,2026-09-25 18:00,18,80°F or higher,0.0,0.001,0.001,643,
2026-09-26T01:00:01Z,seattle,2026-09-25,2026-09-25 18:00,18,49°F or below,0.0,0.001,0.001,95,
2026-09-26T01:00:01Z,seattle,2026-09-25,2026-09-25 18:00,18,50-51°F,0.0,0.001,0.001,3580,
2026-09-26T01:00:01Z,seattle,2026-09-25,2026-09-25 18:00,18,52-53°F,0.0,0.001,0.001,16299,
2026-09-26T01:00:01Z,seattle,2026-09-25,2026-09-25 18:00,18,54-55°F,0.0,0.001,0.001,16539,
2026-09-26T01:00:01Z,seattle,2026-09-25,2026-09-25 18:00,18,56-57°F,0.0,0.001,0.001,4945,
2026-09-26T01:00:01Z,seattle,2026-09-25,2026-09-25 18:00,18,58-59°F,0.0,0.001,0.001,14710,
2026-09-26T01:00:01Z,seattle,2026-09-25,2026-09-25 18:00,18,60-61°F,0.0,0.001,0.001,7176,
2026-09-26T01:00:01Z,seattle,2026-09-25,2026-09-25 18:00,18,62-63°F,1.0,0.999,-0.001,5529,0.997
2026-09-26T01:00:01Z,seattle,2026-09-25,2026-09-25 18:00,18,64-65°F,0.0,0.004,0.004,3261,0.001
2026-09-26T01:00:01Z,seattle,2026-09-25,2026-09-25 18:00,18,66-67°F,0.0,0.003,0.003,2318,
2026-09-26T01:00:01Z,seattle,2026-09-25,2026-09-25 18:00,18,68°F or higher,0.0,0.001,0.001,1400,
2026-09-26T01:00:01Z,wellington,2026-09-26,2026-09-26 13:00,13,9°C or below,0.0,0.001,0.001,1214,
2026-09-26T01:00:01Z,wellington,2026-09-26,2026-09-26 13:00,13,10°C,0.0,0.001,0.001,1225,
2026-09-26T01:00:01Z,wellington,2026-09-26,2026-09-26 13:00,13,11°C,0.0,0.001,0.001,934,
2026-09-26T01:00:01Z,wellington,2026-09-26,2026-09-26 13:00,13,12°C,0.0,0.001,0.001,389,
2026-09-26T01:00:01Z,wellington,2026-09-26,2026-09-26 13:00,13,13°C,0.0,0.001,0.001,3745,
2026-09-26T01:00:01Z,wellington,2026-09-26,2026-09-26 13:00,13,14°C,0.8,0.39,-0.41,8052,0.29
2026-09-26T01:00:01Z,wellington,2026-09-26,2026-09-26 13:00,13,15°C,0.133,0.71,0.577,7783,0.57
2026-09-26T01:00:01Z,wellington,2026-09-26,2026-09-26 13:00,13,16°C,0.067,0.025,-0.042,5374,0.021
2026-09-26T01:00:01Z,wellington,2026-09-26,2026-09-26 13:00,13,17°C,0.0,0.009,0.009,2050,0.005
2026-09-26T01:00:01Z,wellington,2026-09-26,2026-09-26 13:00,13,18°C,0.0,0.003,0.003,2756,
2026-09-26T01:00:01Z,wellington,2026-09-26,2026-09-26 13:00,13,19°C or higher,0.0,0.001,0.001,95,
2026-09-26T01:15:26Z,los-angeles,2026-09-25,2026-09-25 18:15,18,73°F or below,0.0,0.001,0.001,1433,
2026-09-26T01:15:26Z,los-angeles,2026-09-25,2026-09-25 18:15,18,74-75°F,0.0,0.001,0.001,10924,
2026-09-26T01:15:26Z,los-angeles,2026-09-25,2026-09-25 18:15,18,76-77°F,1.0,1.0,0.0,9984,0.999
2026-09-26T01:15:26Z,los-angeles,2026-09-25,2026-09-25 18:15,18,78-79°F,0.0,0.001,0.001,7115,
2026-09-26T01:15:26Z,los-angeles,2026-09-25,2026-09-25 18:15,18,80-81°F,0.0,0.001,0.001,5590,
2026-09-26T01:15:26Z,los-angeles,2026-09-25,2026-09-25 18:15,18,82-83°F,0.0,0.001,0.001,2432,
2026-09-26T01:15:26Z,los-angeles,2026-09-25,2026-09-25 18:15,18,84-85°F,0.0,0.001,0.001,1656,
2026-09-26T01:15:26Z,los-angeles,2026-09-25,2026-09-25 18:15,18,86-87°F,0.0,0.001,0.001,348,
2026-09-26T01:15:26Z,los-angeles,2026-09-25,2026-09-25 18:15,18,88-89°F,0.0,0.001,0.001,105,
2026-09-26T01:15:26Z,los-angeles,2026-09-25,2026-09-25 18:15,18,90-91°F,0.0,0.001,0.001,100,
2026-09-26T01:15:26Z,los-angeles,2026-09-25,2026-09-25 18:15,18,92°F or higher,0.0,0.001,0.001,510,
2026-09-26T01:15:26Z,san-francisco,2026-09-25,2026-09-25 18:15,18,61°F or below,0.0,0.001,0.001,630,
2026-09-26T01:15:26Z,san-francisco,2026-09-25,2026-09-25 18:15,18,62-63°F,0.0,0.001,0.001,1782,
2026-09-26T01:15:26Z,san-francisco,2026-09-25,2026-09-25 18:15,18,64-65°F,0.0,0.001,0.001,774,
2026-09-26T01:15:26Z,san-francisco,2026-09-25,2026-09-25 18:15,18,66-67°F,0.0,0.001,0.001,4344,
2026-09-26T01:15:26Z,san-francisco,2026-09-25,2026-09-25 18:15,18,68-69°F,0.0,0.001,0.001,3189,
2026-09-26T01:15:26Z,san-francisco,2026-09-25,2026-09-25 18:15,18,70-71°F,1.0,0.999,-0.001,2293,0.998
2026-09-26T01:15:26Z,san-francisco,2026-09-25,2026-09-25 18:15,18,72-73°F,0.0,0.001,0.001,5035,
2026-09-26T01:15:26Z,san-francisco,2026-09-25,2026-09-25 18:15,18,74-75°F,0.0,0.001,0.001,4614,
2026-09-26T01:15:26Z,san-francisco,2026-09-25,2026-09-25 18:15,18,76-77°F,0.0,0.001,0.001,2488,
2026-09-26T01:15:26Z,san-francisco,2026-09-25,2026-09-25 18:15,18,78-79°F,0.0,0.001,0.001,2121,
2026-09-26T01:15:26Z,san-francisco,2026-09-25,2026-09-25 18:15,18,80°F or higher,0.0,0.001,0.001,643,
2026-09-26T01:15:26Z,seattle,2026-09-25,2026-09-25 18:15,18,49°F or below,0.0,0.001,0.001,95,
2026-09-26T01:15:26Z,seattle,2026-09-25,2026-09-25 18:15,18,50-51°F,0.0,0.001,0.001,3580,
2026-09-26T01:15:26Z,seattle,2026-09-25,2026-09-25 18:15,18,52-53°F,0.0,0.001,0.001,16299,
2026-09-26T01:15:26Z,seattle,2026-09-25,2026-09-25 18:15,18,54-55°F,0.0,0.001,0.001,16545,
2026-09-26T01:15:26Z,seattle,2026-09-25,2026-09-25 18:15,18,56-57°F,0.0,0.001,0.001,4945,
2026-09-26T01:15:26Z,seattle,2026-09-25,2026-09-25 18:15,18,58-59°F,0.0,0.001,0.001,14710,
2026-09-26T01:15:26Z,seattle,2026-09-25,2026-09-25 18:15,18,60-61°F,0.0,0.001,0.001,7176,
2026-09-26T01:15:26Z,seattle,2026-09-25,2026-09-25 18:15,18,62-63°F,1.0,0.999,-0.001,5593,0.998
2026-09-26T01:15:26Z,seattle,2026-09-25,2026-09-25 18:15,18,64-65°F,0.0,0.004,0.004,3535,
2026-09-26T01:15:26Z,seattle,2026-09-25,2026-09-25 18:15,18,66-67°F,0.0,0.001,0.001,2318,
2026-09-26T01:15:26Z,seattle,2026-09-25,2026-09-25 18:15,18,68°F or higher,0.0,0.001,0.001,1400,
2026-09-26T01:15:26Z,wellington,2026-09-26,2026-09-26 13:15,13,9°C or below,0.0,0.001,0.001,1214,
2026-09-26T01:15:26Z,wellington,2026-09-26,2026-09-26 13:15,13,10°C,0.0,0.001,0.001,1225,
2026-09-26T01:15:26Z,wellington,2026-09-26,2026-09-26 13:15,13,11°C,0.0,0.001,0.001,934,
2026-09-26T01:15:26Z,wellington,2026-09-26,2026-09-26 13:15,13,12°C,0.0,0.001,0.001,389,
2026-09-26T01:15:26Z,wellington,2026-09-26,2026-09-26 13:15,13,13°C,0.0,0.001,0.001,3745,
2026-09-26T01:15:26Z,wellington,2026-09-26,2026-09-26 13:15,13,14°C,0.8,0.33,-0.47,8463,0.23
2026-09-26T01:15:26Z,wellington,2026-09-26,2026-09-26 13:15,13,15°C,0.133,0.7,0.567,8001,0.63
2026-09-26T01:15:26Z,wellington,2026-09-26,2026-09-26 13:15,13,16°C,0.067,0.037,-0.03,6307,0.019
2026-09-26T01:15:26Z,wellington,2026-09-26,2026-09-26 13:15,13,17°C,0.0,0.015,0.015,2236,0.008
2026-09-26T01:15:26Z,wellington,2026-09-26,2026-09-26 13:15,13,18°C,0.0,0.003,0.003,2756,
2026-09-26T01:15:26Z,wellington,2026-09-26,2026-09-26 13:15,13,19°C or higher,0.0,0.001,0.001,95,
2026-09-26T01:30:01Z,los-angeles,2026-09-25,2026-09-25 18:30,18,73°F or below,0.0,0.001,0.001,1433,
2026-09-26T01:30:01Z,los-angeles,2026-09-25,2026-09-25 18:30,18,74-75°F,0.0,0.001,0.001,10924,
2026-09-26T01:30:01Z,los-angeles,2026-09-25,2026-09-25 18:30,18,76-77°F,1.0,1.0,0.0,9984,0.999
2026-09-26T01:30:01Z,los-angeles,2026-09-25,2026-09-25 18:30,18,78-79°F,0.0,0.001,0.001,7115,
2026-09-26T01:30:01Z,los-angeles,2026-09-25,2026-09-25 18:30,18,80-81°F,0.0,0.001,0.001,5590,
2026-09-26T01:30:01Z,los-angeles,2026-09-25,2026-09-25 18:30,18,82-83°F,0.0,0.001,0.001,2432,
2026-09-26T01:30:01Z,los-angeles,2026-09-25,2026-09-25 18:30,18,84-85°F,0.0,0.001,0.001,1656,
2026-09-26T01:30:01Z,los-angeles,2026-09-25,2026-09-25 18:30,18,86-87°F,0.0,0.001,0.001,348,
2026-09-26T01:30:01Z,los-angeles,2026-09-25,2026-09-25 18:30,18,88-89°F,0.0,0.001,0.001,105,
2026-09-26T01:30:01Z,los-angeles,2026-09-25,2026-09-25 18:30,18,90-91°F,0.0,0.001,0.001,100,
2026-09-26T01:30:01Z,los-angeles,2026-09-25,2026-09-25 18:30,18,92°F or higher,0.0,0.001,0.001,510,
2026-09-26T01:30:01Z,san-francisco,2026-09-25,2026-09-25 18:30,18,61°F or below,0.0,0.001,0.001,630,
2026-09-26T01:30:01Z,san-francisco,2026-09-25,2026-09-25 18:30,18,62-63°F,0.0,0.001,0.001,1782,
2026-09-26T01:30:01Z,san-francisco,2026-09-25,2026-09-25 18:30,18,64-65°F,0.0,0.001,0.001,774,
2026-09-26T01:30:01Z,san-francisco,2026-09-25,2026-09-25 18:30,18,66-67°F,0.0,0.001,0.001,4344,
2026-09-26T01:30:01Z,san-francisco,2026-09-25,2026-09-25 18:30,18,68-69°F,0.0,0.001,0.001,3189,
2026-09-26T01:30:01Z,san-francisco,2026-09-25,2026-09-25 18:30,18,70-71°F,1.0,1.0,0.0,2920,0.999
2026-09-26T01:30:01Z,san-francisco,2026-09-25,2026-09-25 18:30,18,72-73°F,0.0,0.001,0.001,5035,
2026-09-26T01:30:01Z,san-francisco,2026-09-25,2026-09-25 18:30,18,74-75°F,0.0,0.001,0.001,4614,
2026-09-26T01:30:01Z,san-francisco,2026-09-25,2026-09-25 18:30,18,76-77°F,0.0,0.001,0.001,2488,
2026-09-26T01:30:01Z,san-francisco,2026-09-25,2026-09-25 18:30,18,78-79°F,0.0,0.001,0.001,2121,
2026-09-26T01:30:01Z,san-francisco,2026-09-25,2026-09-25 18:30,18,80°F or higher,0.0,0.001,0.001,643,
2026-09-26T01:30:01Z,seattle,2026-09-25,2026-09-25 18:30,18,49°F or below,0.0,0.001,0.001,95,
2026-09-26T01:30:01Z,seattle,2026-09-25,2026-09-25 18:30,18,50-51°F,0.0,0.001,0.001,3580,
2026-09-26T01:30:01Z,seattle,2026-09-25,2026-09-25 18:30,18,52-53°F,0.0,0.001,0.001,16299,
2026-09-26T01:30:01Z,seattle,2026-09-25,2026-09-25 18:30,18,54-55°F,0.0,0.001,0.001,16545,
2026-09-26T01:30:01Z,seattle,2026-09-25,2026-09-25 18:30,18,56-57°F,0.0,0.001,0.001,4945,
2026-09-26T01:30:01Z,seattle,2026-09-25,2026-09-25 18:30,18,58-59°F,0.0,0.001,0.001,14710,
2026-09-26T01:30:01Z,seattle,2026-09-25,2026-09-25 18:30,18,60-61°F,0.0,0.001,0.001,7176,
2026-09-26T01:30:01Z,seattle,2026-09-25,2026-09-25 18:30,18,62-63°F,1.0,1.0,0.0,6522,0.999
2026-09-26T01:30:01Z,seattle,2026-09-25,2026-09-25 18:30,18,64-65°F,0.0,0.001,0.001,3535,
2026-09-26T01:30:01Z,seattle,2026-09-25,2026-09-25 18:30,18,66-67°F,0.0,0.001,0.001,2318,
2026-09-26T01:30:01Z,seattle,2026-09-25,2026-09-25 18:30,18,68°F or higher,0.0,0.001,0.001,1400,
2026-09-26T01:30:01Z,wellington,2026-09-26,2026-09-26 13:30,13,9°C or below,0.0,0.001,0.001,1214,
2026-09-26T01:30:01Z,wellington,2026-09-26,2026-09-26 13:30,13,10°C,0.0,0.001,0.001,1225,
2026-09-26T01:30:01Z,wellington,2026-09-26,2026-09-26 13:30,13,11°C,0.0,0.001,0.001,934,
2026-09-26T01:30:01Z,wellington,2026-09-26,2026-09-26 13:30,13,12°C,0.0,0.001,0.001,389,
2026-09-26T01:30:01Z,wellington,2026-09-26,2026-09-26 13:30,13,13°C,0.0,0.001,0.001,3745,
2026-09-26T01:30:01Z,wellington,2026-09-26,2026-09-26 13:30,13,14°C,0.8,0.25,-0.55,9132,0.22
2026-09-26T01:30:01Z,wellington,2026-09-26,2026-09-26 13:30,13,15°C,0.133,0.72,0.587,8207,0.69
2026-09-26T01:30:01Z,wellington,2026-09-26,2026-09-26 13:30,13,16°C,0.067,0.04,-0.027,6473,0.021
2026-09-26T01:30:01Z,wellington,2026-09-26,2026-09-26 13:30,13,17°C,0.0,0.005,0.005,2872,0.001
2026-09-26T01:30:01Z,wellington,2026-09-26,2026-09-26 13:30,13,18°C,0.0,0.003,0.003,2756,
2026-09-26T01:30:01Z,wellington,2026-09-26,2026-09-26 13:30,13,19°C or higher,0.0,0.001,0.001,95,
2026-09-26T01:45:01Z,wellington,2026-09-26,2026-09-26 13:45,13,9°C or below,0.0,0.001,0.001,1214,
2026-09-26T01:45:01Z,wellington,2026-09-26,2026-09-26 13:45,13,10°C,0.0,0.001,0.001,1225,
2026-09-26T01:45:01Z,wellington,2026-09-26,2026-09-26 13:45,13,11°C,0.0,0.001,0.001,934,
2026-09-26T01:45:01Z,wellington,2026-09-26,2026-09-26 13:45,13,12°C,0.0,0.001,0.001,389,
2026-09-26T01:45:01Z,wellington,2026-09-26,2026-09-26 13:45,13,13°C,0.0,0.001,0.001,3745,
2026-09-26T01:45:01Z,wellington,2026-09-26,2026-09-26 13:45,13,14°C,0.8,0.003,-0.797,10989,0.001
2026-09-26T01:45:01Z,wellington,2026-09-26,2026-09-26 13:45,13,15°C,0.133,0.98,0.847,8880,0.96
2026-09-26T01:45:01Z,wellington,2026-09-26,2026-09-26 13:45,13,16°C,0.067,0.036,-0.031,7134,0.021
2026-09-26T01:45:01Z,wellington,2026-09-26,2026-09-26 13:45,13,17°C,0.0,0.006,0.006,4050,0.001
2026-09-26T01:45:01Z,wellington,2026-09-26,2026-09-26 13:45,13,18°C,0.0,0.003,0.003,2756,
2026-09-26T01:45:01Z,wellington,2026-09-26,2026-09-26 13:45,13,19°C or higher,0.0,0.001,0.001,95,
2026-09-26T02:00:01Z,wellington,2026-09-26,2026-09-26 14:00,14,9°C or below,0.0,0.001,0.001,1214,
2026-09-26T02:00:01Z,wellington,2026-09-26,2026-09-26 14:00,14,10°C,0.0,0.001,0.001,1225,
2026-09-26T02:00:01Z,wellington,2026-09-26,2026-09-26 14:00,14,11°C,0.0,0.001,0.001,934,
2026-09-26T02:00:01Z,wellington,2026-09-26,2026-09-26 14:00,14,12°C,0.0,0.001,0.001,389,
2026-09-26T02:00:01Z,wellington,2026-09-26,2026-09-26 14:00,14,13°C,0.0,0.001,0.001,3745,
2026-09-26T02:00:01Z,wellington,2026-09-26,2026-09-26 14:00,14,14°C,0.867,0.001,-0.866,13926,
2026-09-26T02:00:01Z,wellington,2026-09-26,2026-09-26 14:00,14,15°C,0.1,0.99,0.89,9009,0.97
2026-09-26T02:00:01Z,wellington,2026-09-26,2026-09-26 14:00,14,16°C,0.033,0.03,-0.003,7240,0.012
2026-09-26T02:00:01Z,wellington,2026-09-26,2026-09-26 14:00,14,17°C,0.0,0.006,0.006,4101,0.001
2026-09-26T02:00:01Z,wellington,2026-09-26,2026-09-26 14:00,14,18°C,0.0,0.003,0.003,2756,
2026-09-26T02:00:01Z,wellington,2026-09-26,2026-09-26 14:00,14,19°C or higher,0.0,0.001,0.001,95,
2026-09-26T02:15:00Z,wellington,2026-09-26,2026-09-26 14:15,14,9°C or below,0.0,0.001,0.001,1214,
2026-09-26T02:15:00Z,wellington,2026-09-26,2026-09-26 14:15,14,10°C,0.0,0.001,0.001,1225,
2026-09-26T02:15:00Z,wellington,2026-09-26,2026-09-26 14:15,14,11°C,0.0,0.001,0.001,934,
2026-09-26T02:15:00Z,wellington,2026-09-26,2026-09-26 14:15,14,12°C,0.0,0.001,0.001,389,
2026-09-26T02:15:00Z,wellington,2026-09-26,2026-09-26 14:15,14,13°C,0.0,0.001,0.001,3745,
2026-09-26T02:15:00Z,wellington,2026-09-26,2026-09-26 14:15,14,14°C,0.867,0.001,-0.866,14920,
2026-09-26T02:15:00Z,wellington,2026-09-26,2026-09-26 14:15,14,15°C,0.1,0.99,0.89,9056,0.97
2026-09-26T02:15:00Z,wellington,2026-09-26,2026-09-26 14:15,14,16°C,0.033,0.02,-0.013,7289,0.011
2026-09-26T02:15:00Z,wellington,2026-09-26,2026-09-26 14:15,14,17°C,0.0,0.006,0.006,4340,0.001
2026-09-26T02:15:00Z,wellington,2026-09-26,2026-09-26 14:15,14,18°C,0.0,0.003,0.003,2756,
2026-09-26T02:15:00Z,wellington,2026-09-26,2026-09-26 14:15,14,19°C or higher,0.0,0.001,0.001,95,
2026-09-26T02:30:01Z,wellington,2026-09-26,2026-09-26 14:30,14,9°C or below,0.0,0.001,0.001,1214,
2026-09-26T02:30:01Z,wellington,2026-09-26,2026-09-26 14:30,14,10°C,0.0,0.001,0.001,1225,
2026-09-26T02:30:01Z,wellington,2026-09-26,2026-09-26 14:30,14,11°C,0.0,0.001,0.001,934,
2026-09-26T02:30:01Z,wellington,2026-09-26,2026-09-26 14:30,14,12°C,0.0,0.001,0.001,389,
2026-09-26T02:30:01Z,wellington,2026-09-26,2026-09-26 14:30,14,13°C,0.0,0.001,0.001,3745,
2026-09-26T02:30:01Z,wellington,2026-09-26,2026-09-26 14:30,14,14°C,0.867,0.001,-0.866,14994,
2026-09-26T02:30:01Z,wellington,2026-09-26,2026-09-26 14:30,14,15°C,0.1,0.997,0.897,9637,0.981
2026-09-26T02:30:01Z,wellington,2026-09-26,2026-09-26 14:30,14,16°C,0.033,0.011,-0.022,7610,0.003
2026-09-26T02:30:01Z,wellington,2026-09-26,2026-09-26 14:30,14,17°C,0.0,0.004,0.004,4350,0.001
2026-09-26T02:30:01Z,wellington,2026-09-26,2026-09-26 14:30,14,18°C,0.0,0.003,0.003,2756,
2026-09-26T02:30:01Z,wellington,2026-09-26,2026-09-26 14:30,14,19°C or higher,0.0,0.001,0.001,95,
2026-09-26T02:45:00Z,wellington,2026-09-26,2026-09-26 14:45,14,9°C or below,0.0,0.001,0.001,1214,
2026-09-26T02:45:00Z,wellington,2026-09-26,2026-09-26 14:45,14,10°C,0.0,0.001,0.001,1225,
2026-09-26T02:45:00Z,wellington,2026-09-26,2026-09-26 14:45,14,11°C,0.0,0.001,0.001,934,
2026-09-26T02:45:00Z,wellington,2026-09-26,2026-09-26 14:45,14,12°C,0.0,0.001,0.001,389,
2026-09-26T02:45:00Z,wellington,2026-09-26,2026-09-26 14:45,14,13°C,0.0,0.001,0.001,3745,
2026-09-26T02:45:00Z,wellington,2026-09-26,2026-09-26 14:45,14,14°C,0.867,0.001,-0.866,14999,
2026-09-26T02:45:00Z,wellington,2026-09-26,2026-09-26 14:45,14,15°C,0.1,0.998,0.898,9643,0.99
2026-09-26T02:45:00Z,wellington,2026-09-26,2026-09-26 14:45,14,16°C,0.033,0.009,-0.024,7610,0.003
2026-09-26T02:45:00Z,wellington,2026-09-26,2026-09-26 14:45,14,17°C,0.0,0.004,0.004,4350,
2026-09-26T02:45:00Z,wellington,2026-09-26,2026-09-26 14:45,14,18°C,0.0,0.003,0.003,2756,
2026-09-26T02:45:00Z,wellington,2026-09-26,2026-09-26 14:45,14,19°C or higher,0.0,0.001,0.001,95,
2026-09-26T03:00:00Z,wellington,2026-09-26,2026-09-26 15:00,15,9°C or below,0.0,0.001,0.001,1214,
2026-09-26T03:00:00Z,wellington,2026-09-26,2026-09-26 15:00,15,10°C,0.0,0.001,0.001,1225,
2026-09-26T03:00:00Z,wellington,2026-09-26,2026-09-26 15:00,15,11°C,0.0,0.001,0.001,934,
2026-09-26T03:00:00Z,wellington,2026-09-26,2026-09-26 15:00,15,12°C,0.0,0.001,0.001,389,
2026-09-26T03:00:00Z,wellington,2026-09-26,2026-09-26 15:00,15,13°C,0.0,0.001,0.001,3745,
2026-09-26T03:00:00Z,wellington,2026-09-26,2026-09-26 15:00,15,14°C,0.9,0.001,-0.899,15027,
2026-09-26T03:00:00Z,wellington,2026-09-26,2026-09-26 15:00,15,15°C,0.067,0.997,0.93,9693,0.99
2026-09-26T03:00:00Z,wellington,2026-09-26,2026-09-26 15:00,15,16°C,0.033,0.009,-0.024,7610,0.002
2026-09-26T03:00:00Z,wellington,2026-09-26,2026-09-26 15:00,15,17°C,0.0,0.004,0.004,4351,
2026-09-26T03:00:00Z,wellington,2026-09-26,2026-09-26 15:00,15,18°C,0.0,0.003,0.003,2756,
2026-09-26T03:00:00Z,wellington,2026-09-26,2026-09-26 15:00,15,19°C or higher,0.0,0.001,0.001,95,
2026-09-26T03:05:01Z,wellington,2026-09-26,2026-09-26 15:05,15,9°C or below,0.0,0.001,0.001,1214,
2026-09-26T03:05:01Z,wellington,2026-09-26,2026-09-26 15:05,15,10°C,0.0,0.001,0.001,1225,
2026-09-26T03:05:01Z,wellington,2026-09-26,2026-09-26 15:05,15,11°C,0.0,0.001,0.001,934,
2026-09-26T03:05:01Z,wellington,2026-09-26,2026-09-26 15:05,15,12°C,0.0,0.001,0.001,389,
2026-09-26T03:05:01Z,wellington,2026-09-26,2026-09-26 15:05,15,13°C,0.0,0.001,0.001,3745,
2026-09-26T03:05:01Z,wellington,2026-09-26,2026-09-26 15:05,15,14°C,0.9,0.001,-0.899,15027,
2026-09-26T03:05:01Z,wellington,2026-09-26,2026-09-26 15:05,15,15°C,0.067,0.995,0.928,9693,0.99
2026-09-26T03:05:01Z,wellington,2026-09-26,2026-09-26 15:05,15,16°C,0.033,0.01,-0.023,7610,0.002
2026-09-26T03:05:01Z,wellington,2026-09-26,2026-09-26 15:05,15,17°C,0.0,0.004,0.004,4351,
2026-09-26T03:05:01Z,wellington,2026-09-26,2026-09-26 15:05,15,18°C,0.0,0.002,0.002,2756,
2026-09-26T03:05:01Z,wellington,2026-09-26,2026-09-26 15:05,15,19°C or higher,0.0,0.001,0.001,95,
2026-09-26T03:10:01Z,wellington,2026-09-26,2026-09-26 15:10,15,9°C or below,0.0,0.001,0.001,1214,
2026-09-26T03:10:01Z,wellington,2026-09-26,2026-09-26 15:10,15,10°C,0.0,0.001,0.001,1225,
2026-09-26T03:10:01Z,wellington,2026-09-26,2026-09-26 15:10,15,11°C,0.0,0.001,0.001,934,
2026-09-26T03:10:01Z,wellington,2026-09-26,2026-09-26 15:10,15,12°C,0.0,0.001,0.001,389,
2026-09-26T03:10:01Z,wellington,2026-09-26,2026-09-26 15:10,15,13°C,0.0,0.001,0.001,3745,
2026-09-26T03:10:01Z,wellington,2026-09-26,2026-09-26 15:10,15,14°C,0.9,0.001,-0.899,15077,
2026-09-26T03:10:01Z,wellington,2026-09-26,2026-09-26 15:10,15,15°C,0.067,0.996,0.929,9705,0.99
2026-09-26T03:10:01Z,wellington,2026-09-26,2026-09-26 15:10,15,16°C,0.033,0.01,-0.023,7660,0.002
2026-09-26T03:10:01Z,wellington,2026-09-26,2026-09-26 15:10,15,17°C,0.0,0.004,0.004,4375,
2026-09-26T03:10:01Z,wellington,2026-09-26,2026-09-26 15:10,15,18°C,0.0,0.001,0.001,2756,
2026-09-26T03:10:01Z,wellington,2026-09-26,2026-09-26 15:10,15,19°C or higher,0.0,0.001,0.001,95,
2026-09-26T03:15:01Z,wellington,2026-09-26,2026-09-26 15:15,15,9°C or below,0.0,0.001,0.001,1214,
2026-09-26T03:15:01Z,wellington,2026-09-26,2026-09-26 15:15,15,10°C,0.0,0.001,0.001,1225,
2026-09-26T03:15:01Z,wellington,2026-09-26,2026-09-26 15:15,15,11°C,0.0,0.001,0.001,934,
2026-09-26T03:15:01Z,wellington,2026-09-26,2026-09-26 15:15,15,12°C,0.0,0.001,0.001,389,
2026-09-26T03:15:01Z,wellington,2026-09-26,2026-09-26 15:15,15,13°C,0.0,0.001,0.001,3745,
2026-09-26T03:15:01Z,wellington,2026-09-26,2026-09-26 15:15,15,14°C,0.9,0.001,-0.899,15077,
2026-09-26T03:15:01Z,wellington,2026-09-26,2026-09-26 15:15,15,15°C,0.067,0.996,0.929,9705,0.99
2026-09-26T03:15:01Z,wellington,2026-09-26,2026-09-26 15:15,15,16°C,0.033,0.01,-0.023,7660,0.002
2026-09-26T03:15:01Z,wellington,2026-09-26,2026-09-26 15:15,15,17°C,0.0,0.004,0.004,4375,
2026-09-26T03:15:01Z,wellington,2026-09-26,2026-09-26 15:15,15,18°C,0.0,0.001,0.001,2756,
2026-09-26T03:15:01Z,wellington,2026-09-26,2026-09-26 15:15,15,19°C or higher,0.0,0.001,0.001,95,
2026-09-26T03:20:48Z,wellington,2026-09-26,2026-09-26 15:20,15,9°C or below,0.0,0.001,0.001,1214,
2026-09-26T03:20:48Z,wellington,2026-09-26,2026-09-26 15:20,15,10°C,0.0,0.001,0.001,1225,
2026-09-26T03:20:48Z,wellington,2026-09-26,2026-09-26 15:20,15,11°C,0.0,0.001,0.001,934,
2026-09-26T03:20:48Z,wellington,2026-09-26,2026-09-26 15:20,15,12°C,0.0,0.001,0.001,389,
2026-09-26T03:20:48Z,wellington,2026-09-26,2026-09-26 15:20,15,13°C,0.0,0.001,0.001,3745,
2026-09-26T03:20:48Z,wellington,2026-09-26,2026-09-26 15:20,15,14°C,0.9,0.001,-0.899,15077,
2026-09-26T03:20:48Z,wellington,2026-09-26,2026-09-26 15:20,15,15°C,0.067,0.996,0.929,9705,0.99
2026-09-26T03:20:48Z,wellington,2026-09-26,2026-09-26 15:20,15,16°C,0.033,0.01,-0.023,7660,0.002
2026-09-26T03:20:48Z,wellington,2026-09-26,2026-09-26 15:20,15,17°C,0.0,0.004,0.004,4375,
2026-09-26T03:20:48Z,wellington,2026-09-26,2026-09-26 15:20,15,18°C,0.0,0.001,0.001,2756,
2026-09-26T03:20:48Z,wellington,2026-09-26,2026-09-26 15:20,15,19°C or higher,0.0,0.001,0.001,95,
2026-09-26T03:25:01Z,wellington,2026-09-26,2026-09-26 15:25,15,9°C or below,0.0,0.001,0.001,1214,
2026-09-26T03:25:01Z,wellington,2026-09-26,2026-09-26 15:25,15,10°C,0.0,0.001,0.001,1225,
2026-09-26T03:25:01Z,wellington,2026-09-26,2026-09-26 15:25,15,11°C,0.0,0.001,0.001,934,
2026-09-26T03:25:01Z,wellington,2026-09-26,2026-09-26 15:25,15,12°C,0.0,0.001,0.001,389,
2026-09-26T03:25:01Z,wellington,2026-09-26,2026-09-26 15:25,15,13°C,0.0,0.001,0.001,3745,
2026-09-26T03:25:01Z,wellington,2026-09-26,2026-09-26 15:25,15,14°C,0.9,0.001,-0.899,15097,
2026-09-26T03:25:01Z,wellington,2026-09-26,2026-09-26 15:25,15,15°C,0.067,0.996,0.929,9707,0.99
2026-09-26T03:25:01Z,wellington,2026-09-26,2026-09-26 15:25,15,16°C,0.033,0.01,-0.023,7663,0.002
2026-09-26T03:25:01Z,wellington,2026-09-26,2026-09-26 15:25,15,17°C,0.0,0.004,0.004,4675,
2026-09-26T03:25:01Z,wellington,2026-09-26,2026-09-26 15:25,15,18°C,0.0,0.001,0.001,2756,
2026-09-26T03:25:01Z,wellington,2026-09-26,2026-09-26 15:25,15,19°C or higher,0.0,0.001,0.001,95,
2026-09-26T03:30:01Z,busan,2026-09-26,2026-09-26 12:30,12,19°C or below,0.0,0.001,0.001,101,
2026-09-26T03:30:01Z,busan,2026-09-26,2026-09-26 12:30,12,20°C,0.0,0.001,0.001,318,
2026-09-26T03:30:01Z,busan,2026-09-26,2026-09-26 12:30,12,21°C,0.0,0.001,0.001,9630,
2026-09-26T03:30:01Z,busan,2026-09-26,2026-09-26 12:30,12,22°C,0.267,0.75,0.483,3116,0.58
2026-09-26T03:30:01Z,busan,2026-09-26,2026-09-26 12:30,12,23°C,0.4,0.3,-0.1,2018,0.21
2026-09-26T03:30:01Z,busan,2026-09-26,2026-09-26 12:30,12,24°C,0.267,0.07,-0.197,4949,0.05
2026-09-26T03:30:01Z,busan,2026-09-26,2026-09-26 12:30,12,25°C,0.067,0.03,-0.037,4136,0.01
2026-09-26T03:30:01Z,busan,2026-09-26,2026-09-26 12:30,12,26°C,0.0,0.002,0.002,1485,0.001
2026-09-26T03:30:01Z,busan,2026-09-26,2026-09-26 12:30,12,27°C,0.0,0.003,0.003,2241,0.002
2026-09-26T03:30:01Z,busan,2026-09-26,2026-09-26 12:30,12,28°C,0.0,0.001,0.001,1984,
2026-09-26T03:30:01Z,busan,2026-09-26,2026-09-26 12:30,12,29°C or higher,0.0,0.001,0.001,1354,
2026-09-26T03:30:01Z,wellington,2026-09-26,2026-09-26 15:30,15,9°C or below,0.0,0.001,0.001,1214,
2026-09-26T03:30:01Z,wellington,2026-09-26,2026-09-26 15:30,15,10°C,0.0,0.001,0.001,1225,
2026-09-26T03:30:01Z,wellington,2026-09-26,2026-09-26 15:30,15,11°C,0.0,0.001,0.001,934,
2026-09-26T03:30:01Z,wellington,2026-09-26,2026-09-26 15:30,15,12°C,0.0,0.001,0.001,389,
2026-09-26T03:30:01Z,wellington,2026-09-26,2026-09-26 15:30,15,13°C,0.0,0.001,0.001,3745,
2026-09-26T03:30:01Z,wellington,2026-09-26,2026-09-26 15:30,15,14°C,0.9,0.001,-0.899,15097,
2026-09-26T03:30:01Z,wellington,2026-09-26,2026-09-26 15:30,15,15°C,0.067,0.996,0.929,9707,0.99
2026-09-26T03:30:01Z,wellington,2026-09-26,2026-09-26 15:30,15,16°C,0.033,0.01,-0.023,7663,0.002
2026-09-26T03:30:01Z,wellington,2026-09-26,2026-09-26 15:30,15,17°C,0.0,0.004,0.004,4675,
2026-09-26T03:30:01Z,wellington,2026-09-26,2026-09-26 15:30,15,18°C,0.0,0.001,0.001,2756,
2026-09-26T03:30:01Z,wellington,2026-09-26,2026-09-26 15:30,15,19°C or higher,0.0,0.001,0.001,95,
2026-09-26T03:35:00Z,wellington,2026-09-26,2026-09-26 15:35,15,9°C or below,0.0,0.001,0.001,1214,
2026-09-26T03:35:00Z,wellington,2026-09-26,2026-09-26 15:35,15,10°C,0.0,0.001,0.001,1225,
2026-09-26T03:35:00Z,wellington,2026-09-26,2026-09-26 15:35,15,11°C,0.0,0.001,0.001,934,
2026-09-26T03:35:00Z,wellington,2026-09-26,2026-09-26 15:35,15,12°C,0.0,0.001,0.001,389,
2026-09-26T03:35:00Z,wellington,2026-09-26,2026-09-26 15:35,15,13°C,0.0,0.001,0.001,3745,
2026-09-26T03:35:00Z,wellington,2026-09-26,2026-09-26 15:35,15,14°C,0.9,0.001,-0.899,15097,
2026-09-26T03:35:00Z,wellington,2026-09-26,2026-09-26 15:35,15,15°C,0.067,0.996,0.929,9707,0.99
2026-09-26T03:35:00Z,wellington,2026-09-26,2026-09-26 15:35,15,16°C,0.033,0.01,-0.023,7663,0.002
2026-09-26T03:35:00Z,wellington,2026-09-26,2026-09-26 15:35,15,17°C,0.0,0.004,0.004,4675,
2026-09-26T03:35:00Z,wellington,2026-09-26,2026-09-26 15:35,15,18°C,0.0,0.001,0.001,2756,
2026-09-26T03:35:00Z,wellington,2026-09-26,2026-09-26 15:35,15,19°C or higher,0.0,0.001,0.001,95,
2026-09-26T03:40:00Z,wellington,2026-09-26,2026-09-26 15:40,15,9°C or below,0.0,0.001,0.001,1214,
2026-09-26T03:40:00Z,wellington,2026-09-26,2026-09-26 15:40,15,10°C,0.0,0.001,0.001,1225,
2026-09-26T03:40:00Z,wellington,2026-09-26,2026-09-26 15:40,15,11°C,0.0,0.001,0.001,934,
2026-09-26T03:40:00Z,wellington,2026-09-26,2026-09-26 15:40,15,12°C,0.0,0.001,0.001,389,
2026-09-26T03:40:00Z,wellington,2026-09-26,2026-09-26 15:40,15,13°C,0.0,0.001,0.001,3745,
2026-09-26T03:40:00Z,wellington,2026-09-26,2026-09-26 15:40,15,14°C,0.9,0.001,-0.899,15097,
2026-09-26T03:40:00Z,wellington,2026-09-26,2026-09-26 15:40,15,15°C,0.067,0.996,0.929,9707,0.99
2026-09-26T03:40:00Z,wellington,2026-09-26,2026-09-26 15:40,15,16°C,0.033,0.01,-0.023,7663,0.002
2026-09-26T03:40:00Z,wellington,2026-09-26,2026-09-26 15:40,15,17°C,0.0,0.004,0.004,4675,
2026-09-26T03:40:00Z,wellington,2026-09-26,2026-09-26 15:40,15,18°C,0.0,0.001,0.001,2756,
2026-09-26T03:40:00Z,wellington,2026-09-26,2026-09-26 15:40,15,19°C or higher,0.0,0.001,0.001,95,
2026-09-26T03:45:00Z,busan,2026-09-26,2026-09-26 12:45,12,19°C or below,0.0,0.001,0.001,101,
2026-09-26T03:45:00Z,busan,2026-09-26,2026-09-26 12:45,12,20°C,0.0,0.001,0.001,318,
2026-09-26T03:45:00Z,busan,2026-09-26,2026-09-26 12:45,12,21°C,0.0,0.001,0.001,9630,
2026-09-26T03:45:00Z,busan,2026-09-26,2026-09-26 12:45,12,22°C,0.267,0.71,0.443,3145,0.6
2026-09-26T03:45:00Z,busan,2026-09-26,2026-09-26 12:45,12,23°C,0.4,0.28,-0.12,2028,0.23
2026-09-26T03:45:00Z,busan,2026-09-26,2026-09-26 12:45,12,24°C,0.267,0.06,-0.207,4949,0.05
2026-09-26T03:45:00Z,busan,2026-09-26,2026-09-26 12:45,12,25°C,0.067,0.03,-0.037,4176,0.01
2026-09-26T03:45:00Z,busan,2026-09-26,2026-09-26 12:45,12,26°C,0.0,0.002,0.002,1485,0.001
2026-09-26T03:45:00Z,busan,2026-09-26,2026-09-26 12:45,12,27°C,0.0,0.003,0.003,2241,
2026-09-26T03:45:00Z,busan,2026-09-26,2026-09-26 12:45,12,28°C,0.0,0.001,0.001,1984,
2026-09-26T03:45:00Z,busan,2026-09-26,2026-09-26 12:45,12,29°C or higher,0.0,0.001,0.001,1354,
2026-09-26T03:45:00Z,wellington,2026-09-26,2026-09-26 15:45,15,9°C or below,0.0,0.001,0.001,1214,
2026-09-26T03:45:00Z,wellington,2026-09-26,2026-09-26 15:45,15,10°C,0.0,0.001,0.001,1225,
2026-09-26T03:45:00Z,wellington,2026-09-26,2026-09-26 15:45,15,11°C,0.0,0.001,0.001,934,
2026-09-26T03:45:00Z,wellington,2026-09-26,2026-09-26 15:45,15,12°C,0.0,0.001,0.001,389,
2026-09-26T03:45:00Z,wellington,2026-09-26,2026-09-26 15:45,15,13°C,0.0,0.001,0.001,3745,
2026-09-26T03:45:00Z,wellington,2026-09-26,2026-09-26 15:45,15,14°C,0.9,0.001,-0.899,15097,
2026-09-26T03:45:00Z,wellington,2026-09-26,2026-09-26 15:45,15,15°C,0.067,0.996,0.929,9707,0.99
2026-09-26T03:45:00Z,wellington,2026-09-26,2026-09-26 15:45,15,16°C,0.033,0.01,-0.023,7663,0.002
2026-09-26T03:45:00Z,wellington,2026-09-26,2026-09-26 15:45,15,17°C,0.0,0.004,0.004,4675,
2026-09-26T03:45:00Z,wellington,2026-09-26,2026-09-26 15:45,15,18°C,0.0,0.001,0.001,2756,
2026-09-26T03:45:00Z,wellington,2026-09-26,2026-09-26 15:45,15,19°C or higher,0.0,0.001,0.001,95,
2026-09-26T03:50:00Z,wellington,2026-09-26,2026-09-26 15:50,15,9°C or below,0.0,0.001,0.001,1214,
2026-09-26T03:50:00Z,wellington,2026-09-26,2026-09-26 15:50,15,10°C,0.0,0.001,0.001,1225,
2026-09-26T03:50:00Z,wellington,2026-09-26,2026-09-26 15:50,15,11°C,0.0,0.001,0.001,934,
2026-09-26T03:50:00Z,wellington,2026-09-26,2026-09-26 15:50,15,12°C,0.0,0.001,0.001,389,
2026-09-26T03:50:00Z,wellington,2026-09-26,2026-09-26 15:50,15,13°C,0.0,0.001,0.001,3745,
2026-09-26T03:50:00Z,wellington,2026-09-26,2026-09-26 15:50,15,14°C,0.9,0.001,-0.899,15097,
2026-09-26T03:50:00Z,wellington,2026-09-26,2026-09-26 15:50,15,15°C,0.067,0.996,0.929,9707,0.99
2026-09-26T03:50:00Z,wellington,2026-09-26,2026-09-26 15:50,15,16°C,0.033,0.01,-0.023,7663,0.002
2026-09-26T03:50:00Z,wellington,2026-09-26,2026-09-26 15:50,15,17°C,0.0,0.004,0.004,4675,
2026-09-26T03:50:00Z,wellington,2026-09-26,2026-09-26 15:50,15,18°C,0.0,0.001,0.001,2756,
2026-09-26T03:50:00Z,wellington,2026-09-26,2026-09-26 15:50,15,19°C or higher,0.0,0.001,0.001,95,
2026-09-26T03:55:00Z,wellington,2026-09-26,2026-09-26 15:55,15,9°C or below,0.0,0.001,0.001,1214,
2026-09-26T03:55:00Z,wellington,2026-09-26,2026-09-26 15:55,15,10°C,0.0,0.001,0.001,1225,
2026-09-26T03:55:00Z,wellington,2026-09-26,2026-09-26 15:55,15,11°C,0.0,0.001,0.001,934,
2026-09-26T03:55:00Z,wellington,2026-09-26,2026-09-26 15:55,15,12°C,0.0,0.001,0.001,389,
2026-09-26T03:55:00Z,wellington,2026-09-26,2026-09-26 15:55,15,13°C,0.0,0.001,0.001,3745,
2026-09-26T03:55:00Z,wellington,2026-09-26,2026-09-26 15:55,15,14°C,0.9,0.001,-0.899,15097,
2026-09-26T03:55:00Z,wellington,2026-09-26,2026-09-26 15:55,15,15°C,0.067,0.996,0.929,9707,0.99
2026-09-26T03:55:00Z,wellington,2026-09-26,2026-09-26 15:55,15,16°C,0.033,0.01,-0.023,7663,0.002
2026-09-26T03:55:00Z,wellington,2026-09-26,2026-09-26 15:55,15,17°C,0.0,0.004,0.004,4675,
2026-09-26T03:55:00Z,wellington,2026-09-26,2026-09-26 15:55,15,18°C,0.0,0.001,0.001,2756,
2026-09-26T03:55:00Z,wellington,2026-09-26,2026-09-26 15:55,15,19°C or higher,0.0,0.001,0.001,95,
2026-09-26T04:00:01Z,busan,2026-09-26,2026-09-26 13:00,13,19°C or below,0.0,0.001,0.001,101,
2026-09-26T04:00:01Z,busan,2026-09-26,2026-09-26 13:00,13,20°C,0.0,0.001,0.001,318,
2026-09-26T04:00:01Z,busan,2026-09-26,2026-09-26 13:00,13,21°C,0.0,0.001,0.001,9630,
2026-09-26T04:00:01Z,busan,2026-09-26,2026-09-26 13:00,13,22°C,0.633,0.66,0.027,3226,0.59
2026-09-26T04:00:01Z,busan,2026-09-26,2026-09-26 13:00,13,23°C,0.333,0.35,0.017,2053,0.3
2026-09-26T04:00:01Z,busan,2026-09-26,2026-09-26 13:00,13,24°C,0.0,0.06,0.06,4960,0.04
2026-09-26T04:00:01Z,busan,2026-09-26,2026-09-26 13:00,13,25°C,0.033,0.02,-0.013,4181,0.01
2026-09-26T04:00:01Z,busan,2026-09-26,2026-09-26 13:00,13,26°C,0.0,0.002,0.002,1490,0.001
2026-09-26T04:00:01Z,busan,2026-09-26,2026-09-26 13:00,13,27°C,0.0,0.004,0.004,2741,
2026-09-26T04:00:01Z,busan,2026-09-26,2026-09-26 13:00,13,28°C,0.0,0.001,0.001,1984,
2026-09-26T04:00:01Z,busan,2026-09-26,2026-09-26 13:00,13,29°C or higher,0.0,0.001,0.001,1354,
2026-09-26T04:00:01Z,wellington,2026-09-26,2026-09-26 16:00,16,9°C or below,0.0,0.001,0.001,1214,
2026-09-26T04:00:01Z,wellington,2026-09-26,2026-09-26 16:00,16,10°C,0.0,0.001,0.001,1225,
2026-09-26T04:00:01Z,wellington,2026-09-26,2026-09-26 16:00,16,11°C,0.0,0.001,0.001,934,
2026-09-26T04:00:01Z,wellington,2026-09-26,2026-09-26 16:00,16,12°C,0.0,0.001,0.001,389,
2026-09-26T04:00:01Z,wellington,2026-09-26,2026-09-26 16:00,16,13°C,0.0,0.001,0.001,3745,
2026-09-26T04:00:01Z,wellington,2026-09-26,2026-09-26 16:00,16,14°C,0.967,0.001,-0.966,15097,
2026-09-26T04:00:01Z,wellington,2026-09-26,2026-09-26 16:00,16,15°C,0.0,0.996,0.996,9707,0.99
2026-09-26T04:00:01Z,wellington,2026-09-26,2026-09-26 16:00,16,16°C,0.033,0.01,-0.023,7663,0.002
2026-09-26T04:00:01Z,wellington,2026-09-26,2026-09-26 16:00,16,17°C,0.0,0.004,0.004,4675,
2026-09-26T04:00:01Z,wellington,2026-09-26,2026-09-26 16:00,16,18°C,0.0,0.001,0.001,2756,
2026-09-26T04:00:01Z,wellington,2026-09-26,2026-09-26 16:00,16,19°C or higher,0.0,0.001,0.001,95,
2026-09-26T04:05:00Z,wellington,2026-09-26,2026-09-26 16:05,16,9°C or below,0.0,0.001,0.001,1214,
2026-09-26T04:05:00Z,wellington,2026-09-26,2026-09-26 16:05,16,10°C,0.0,0.001,0.001,1225,
2026-09-26T04:05:00Z,wellington,2026-09-26,2026-09-26 16:05,16,11°C,0.0,0.001,0.001,934,
2026-09-26T04:05:00Z,wellington,2026-09-26,2026-09-26 16:05,16,12°C,0.0,0.001,0.001,389,
2026-09-26T04:05:00Z,wellington,2026-09-26,2026-09-26 16:05,16,13°C,0.0,0.001,0.001,3745,
2026-09-26T04:05:00Z,wellington,2026-09-26,2026-09-26 16:05,16,14°C,0.967,0.001,-0.966,15097,
2026-09-26T04:05:00Z,wellington,2026-09-26,2026-09-26 16:05,16,15°C,0.0,0.996,0.996,9707,0.99
2026-09-26T04:05:00Z,wellington,2026-09-26,2026-09-26 16:05,16,16°C,0.033,0.01,-0.023,7663,0.002
2026-09-26T04:05:00Z,wellington,2026-09-26,2026-09-26 16:05,16,17°C,0.0,0.004,0.004,4675,
2026-09-26T04:05:00Z,wellington,2026-09-26,2026-09-26 16:05,16,18°C,0.0,0.001,0.001,2756,
2026-09-26T04:05:00Z,wellington,2026-09-26,2026-09-26 16:05,16,19°C or higher,0.0,0.001,0.001,95,
2026-09-26T04:10:00Z,wellington,2026-09-26,2026-09-26 16:10,16,9°C or below,0.0,0.001,0.001,1214,
2026-09-26T04:10:00Z,wellington,2026-09-26,2026-09-26 16:10,16,10°C,0.0,0.001,0.001,1225,
2026-09-26T04:10:00Z,wellington,2026-09-26,2026-09-26 16:10,16,11°C,0.0,0.001,0.001,934,
2026-09-26T04:10:00Z,wellington,2026-09-26,2026-09-26 16:10,16,12°C,0.0,0.001,0.001,389,
2026-09-26T04:10:00Z,wellington,2026-09-26,2026-09-26 16:10,16,13°C,0.0,0.001,0.001,3745,
2026-09-26T04:10:00Z,wellington,2026-09-26,2026-09-26 16:10,16,14°C,0.967,0.001,-0.966,15099,
2026-09-26T04:10:00Z,wellington,2026-09-26,2026-09-26 16:10,16,15°C,0.0,0.997,0.997,9754,0.99
2026-09-26T04:10:00Z,wellington,2026-09-26,2026-09-26 16:10,16,16°C,0.033,0.01,-0.023,7663,0.002
2026-09-26T04:10:00Z,wellington,2026-09-26,2026-09-26 16:10,16,17°C,0.0,0.004,0.004,4675,
2026-09-26T04:10:00Z,wellington,2026-09-26,2026-09-26 16:10,16,18°C,0.0,0.001,0.001,2756,
2026-09-26T04:10:00Z,wellington,2026-09-26,2026-09-26 16:10,16,19°C or higher,0.0,0.001,0.001,95,
2026-09-26T04:15:00Z,busan,2026-09-26,2026-09-26 13:15,13,19°C or below,0.0,0.001,0.001,101,
2026-09-26T04:15:00Z,busan,2026-09-26,2026-09-26 13:15,13,20°C,0.0,0.001,0.001,318,
2026-09-26T04:15:00Z,busan,2026-09-26,2026-09-26 13:15,13,21°C,0.0,0.001,0.001,9630,
2026-09-26T04:15:00Z,busan,2026-09-26,2026-09-26 13:15,13,22°C,0.633,0.67,0.037,3448,0.54
2026-09-26T04:15:00Z,busan,2026-09-26,2026-09-26 13:15,13,23°C,0.333,0.34,0.007,2086,0.27
2026-09-26T04:15:00Z,busan,2026-09-26,2026-09-26 13:15,13,24°C,0.0,0.07,0.07,4983,0.04
2026-09-26T04:15:00Z,busan,2026-09-26,2026-09-26 13:15,13,25°C,0.033,0.03,-0.003,4206,0.02
2026-09-26T04:15:00Z,busan,2026-09-26,2026-09-26 13:15,13,26°C,0.0,0.005,0.005,1525,0.001
2026-09-26T04:15:00Z,busan,2026-09-26,2026-09-26 13:15,13,27°C,0.0,0.004,0.004,2764,
2026-09-26T04:15:00Z,busan,2026-09-26,2026-09-26 13:15,13,28°C,0.0,0.001,0.001,1984,
2026-09-26T04:15:00Z,busan,2026-09-26,2026-09-26 13:15,13,29°C or higher,0.0,0.001,0.001,1354,
2026-09-26T04:15:00Z,wellington,2026-09-26,2026-09-26 16:15,16,9°C or below,0.0,0.001,0.001,1214,
2026-09-26T04:15:00Z,wellington,2026-09-26,2026-09-26 16:15,16,10°C,0.0,0.001,0.001,1225,
2026-09-26T04:15:00Z,wellington,2026-09-26,2026-09-26 16:15,16,11°C,0.0,0.001,0.001,934,
2026-09-26T04:15:00Z,wellington,2026-09-26,2026-09-26 16:15,16,12°C,0.0,0.001,0.001,389,
2026-09-26T04:15:00Z,wellington,2026-09-26,2026-09-26 16:15,16,13°C,0.0,0.001,0.001,3745,
2026-09-26T04:15:00Z,wellington,2026-09-26,2026-09-26 16:15,16,14°C,0.967,0.001,-0.966,15099,
2026-09-26T04:15:00Z,wellington,2026-09-26,2026-09-26 16:15,16,15°C,0.0,0.997,0.997,9754,0.99
2026-09-26T04:15:00Z,wellington,2026-09-26,2026-09-26 16:15,16,16°C,0.033,0.01,-0.023,7663,0.002
2026-09-26T04:15:00Z,wellington,2026-09-26,2026-09-26 16:15,16,17°C,0.0,0.004,0.004,4675,
2026-09-26T04:15:00Z,wellington,2026-09-26,2026-09-26 16:15,16,18°C,0.0,0.001,0.001,2756,
2026-09-26T04:15:00Z,wellington,2026-09-26,2026-09-26 16:15,16,19°C or higher,0.0,0.001,0.001,95,
2026-09-26T04:20:01Z,wellington,2026-09-26,2026-09-26 16:20,16,9°C or below,0.0,0.001,0.001,1214,
2026-09-26T04:20:01Z,wellington,2026-09-26,2026-09-26 16:20,16,10°C,0.0,0.001,0.001,1225,
2026-09-26T04:20:01Z,wellington,2026-09-26,2026-09-26 16:20,16,11°C,0.0,0.001,0.001,934,
2026-09-26T04:20:01Z,wellington,2026-09-26,2026-09-26 16:20,16,12°C,0.0,0.001,0.001,389,
2026-09-26T04:20:01Z,wellington,2026-09-26,2026-09-26 16:20,16,13°C,0.0,0.001,0.001,3745,
2026-09-26T04:20:01Z,wellington,2026-09-26,2026-09-26 16:20,16,14°C,0.967,0.001,-0.966,15099,
2026-09-26T04:20:01Z,wellington,2026-09-26,2026-09-26 16:20,16,15°C,0.0,0.997,0.997,9754,0.99
2026-09-26T04:20:01Z,wellington,2026-09-26,2026-09-26 16:20,16,16°C,0.033,0.01,-0.023,7663,0.002
2026-09-26T04:20:01Z,wellington,2026-09-26,2026-09-26 16:20,16,17°C,0.0,0.004,0.004,4675,
2026-09-26T04:20:01Z,wellington,2026-09-26,2026-09-26 16:20,16,18°C,0.0,0.001,0.001,2756,
2026-09-26T04:20:01Z,wellington,2026-09-26,2026-09-26 16:20,16,19°C or higher,0.0,0.001,0.001,95,
2026-09-26T04:25:01Z,wellington,2026-09-26,2026-09-26 16:25,16,9°C or below,0.0,0.001,0.001,1214,
2026-09-26T04:25:01Z,wellington,2026-09-26,2026-09-26 16:25,16,10°C,0.0,0.001,0.001,1225,
2026-09-26T04:25:01Z,wellington,2026-09-26,2026-09-26 16:25,16,11°C,0.0,0.001,0.001,934,
2026-09-26T04:25:01Z,wellington,2026-09-26,2026-09-26 16:25,16,12°C,0.0,0.001,0.001,389,
2026-09-26T04:25:01Z,wellington,2026-09-26,2026-09-26 16:25,16,13°C,0.0,0.001,0.001,3745,
2026-09-26T04:25:01Z,wellington,2026-09-26,2026-09-26 16:25,16,14°C,0.967,0.001,-0.966,15099,
2026-09-26T04:25:01Z,wellington,2026-09-26,2026-09-26 16:25,16,15°C,0.0,0.997,0.997,9759,0.99
2026-09-26T04:25:01Z,wellington,2026-09-26,2026-09-26 16:25,16,16°C,0.033,0.01,-0.023,7663,0.002
2026-09-26T04:25:01Z,wellington,2026-09-26,2026-09-26 16:25,16,17°C,0.0,0.001,0.001,4704,
2026-09-26T04:25:01Z,wellington,2026-09-26,2026-09-26 16:25,16,18°C,0.0,0.001,0.001,2756,
2026-09-26T04:25:01Z,wellington,2026-09-26,2026-09-26 16:25,16,19°C or higher,0.0,0.001,0.001,95,
2026-09-26T04:30:52Z,busan,2026-09-26,2026-09-26 13:30,13,19°C or below,0.0,0.001,0.001,101,
2026-09-26T04:30:52Z,busan,2026-09-26,2026-09-26 13:30,13,20°C,0.0,0.001,0.001,318,
2026-09-26T04:30:52Z,busan,2026-09-26,2026-09-26 13:30,13,21°C,0.0,0.001,0.001,9630,
2026-09-26T04:30:52Z,busan,2026-09-26,2026-09-26 13:30,13,22°C,0.633,0.68,0.047,3528,0.57
2026-09-26T04:30:52Z,busan,2026-09-26,2026-09-26 13:30,13,23°C,0.333,0.32,-0.013,2128,0.24
2026-09-26T04:30:52Z,busan,2026-09-26,2026-09-26 13:30,13,24°C,0.0,0.06,0.06,5055,0.04
2026-09-26T04:30:52Z,busan,2026-09-26,2026-09-26 13:30,13,25°C,0.033,0.03,-0.003,4223,0.01
2026-09-26T04:30:52Z,busan,2026-09-26,2026-09-26 13:30,13,26°C,0.0,0.002,0.002,1557,0.001
2026-09-26T04:30:52Z,busan,2026-09-26,2026-09-26 13:30,13,27°C,0.0,0.004,0.004,2764,
2026-09-26T04:30:52Z,busan,2026-09-26,2026-09-26 13:30,13,28°C,0.0,0.001,0.001,1984,
2026-09-26T04:30:52Z,busan,2026-09-26,2026-09-26 13:30,13,29°C or higher,0.0,0.001,0.001,1354,
2026-09-26T04:30:52Z,chengdu,2026-09-26,2026-09-26 12:30,12,23°C or below,0.0,0.001,0.001,185,
2026-09-26T04:30:52Z,chengdu,2026-09-26,2026-09-26 12:30,12,24°C,0.0,0.001,0.001,1817,
2026-09-26T04:30:52Z,chengdu,2026-09-26,2026-09-26 12:30,12,25°C,0.0,0.001,0.001,1482,
2026-09-26T04:30:52Z,chengdu,2026-09-26,2026-09-26 12:30,12,26°C,0.2,0.02,-0.18,389,0.01
2026-09-26T04:30:52Z,chengdu,2026-09-26,2026-09-26 12:30,12,27°C,0.3,0.03,-0.27,1173,0.01
2026-09-26T04:30:52Z,chengdu,2026-09-26,2026-09-26 12:30,12,28°C,0.167,0.27,0.103,834,0.21
2026-09-26T04:30:52Z,chengdu,2026-09-26,2026-09-26 12:30,12,29°C,0.167,0.52,0.353,778,0.45
2026-09-26T04:30:52Z,chengdu,2026-09-26,2026-09-26 12:30,12,30°C,0.133,0.25,0.117,1294,0.2
2026-09-26T04:30:52Z,chengdu,2026-09-26,2026-09-26 12:30,12,31°C,0.033,0.017,-0.016,1367,0.005
2026-09-26T04:30:52Z,chengdu,2026-09-26,2026-09-26 12:30,12,32°C,0.0,0.004,0.004,522,0.001
2026-09-26T04:30:52Z,chengdu,2026-09-26,2026-09-26 12:30,12,33°C or higher,0.0,0.005,0.005,554,
2026-09-26T04:30:52Z,chongqing,2026-09-26,2026-09-26 12:30,12,26°C or below,0.0,0.001,0.001,4252,
2026-09-26T04:30:52Z,chongqing,2026-09-26,2026-09-26 12:30,12,27°C,0.267,0.05,-0.217,1303,0.02
2026-09-26T04:30:52Z,chongqing,2026-09-26,2026-09-26 12:30,12,28°C,0.133,0.27,0.137,515,0.2
2026-09-26T04:30:52Z,chongqing,2026-09-26,2026-09-26 12:30,12,29°C,0.267,0.48,0.213,518,0.44
2026-09-26T04:30:52Z,chongqing,2026-09-26,2026-09-26 12:30,12,30°C,0.3,0.27,-0.03,1573,0.22
2026-09-26T04:30:52Z,chongqing,2026-09-26,2026-09-26 12:30,12,31°C,0.033,0.05,0.017,1811,0.03
2026-09-26T04:30:52Z,chongqing,2026-09-26,2026-09-26 12:30,12,32°C,0.0,0.002,0.002,1572,0.001
2026-09-26T04:30:52Z,chongqing,2026-09-26,2026-09-26 12:30,12,33°C,0.0,0.002,0.002,113,0.001
2026-09-26T04:30:52Z,chongqing,2026-09-26,2026-09-26 12:30,12,34°C,0.0,0.001,0.001,340,
2026-09-26T04:30:52Z,chongqing,2026-09-26,2026-09-26 12:30,12,35°C,0.0,0.001,0.001,175,
2026-09-26T04:30:52Z,chongqing,2026-09-26,2026-09-26 12:30,12,36°C or higher,0.0,0.001,0.001,202,
2026-09-26T04:30:52Z,kuala-lumpur,2026-09-26,2026-09-26 12:30,12,28°C or below,0.0,0.001,0.001,1920,
2026-09-26T04:30:52Z,kuala-lumpur,2026-09-26,2026-09-26 12:30,12,29°C,0.0,0.001,0.001,2690,
2026-09-26T04:30:52Z,kuala-lumpur,2026-09-26,2026-09-26 12:30,12,30°C,0.0,0.001,0.001,2504,
2026-09-26T04:30:52Z,kuala-lumpur,2026-09-26,2026-09-26 12:30,12,31°C,0.3,0.07,-0.23,1144,0.02
2026-09-26T04:30:52Z,kuala-lumpur,2026-09-26,2026-09-26 12:30,12,32°C,0.533,0.44,-0.093,810,0.39
2026-09-26T04:30:52Z,kuala-lumpur,2026-09-26,2026-09-26 12:30,12,33°C,0.133,0.52,0.387,1709,0.47
2026-09-26T04:30:52Z,kuala-lumpur,2026-09-26,2026-09-26 12:30,12,34°C,0.033,0.06,0.027,1184,0.02
2026-09-26T04:30:52Z,kuala-lumpur,2026-09-26,2026-09-26 12:30,12,35°C,0.0,0.009,0.009,164,0.001
2026-09-26T04:30:52Z,kuala-lumpur,2026-09-26,2026-09-26 12:30,12,36°C,0.0,0.001,0.001,217,
2026-09-26T04:30:52Z,kuala-lumpur,2026-09-26,2026-09-26 12:30,12,37°C,0.0,0.001,0.001,185,
2026-09-26T04:30:52Z,kuala-lumpur,2026-09-26,2026-09-26 12:30,12,38°C or higher,0.0,0.001,0.001,175,
2026-09-26T04:30:52Z,manila,2026-09-26,2026-09-26 12:30,12,29°C or below,0.0,0.001,0.001,432,
2026-09-26T04:30:52Z,manila,2026-09-26,2026-09-26 12:30,12,30°C,0.0,0.001,0.001,1603,
2026-09-26T04:30:52Z,manila,2026-09-26,2026-09-26 12:30,12,31°C,0.0,0.001,0.001,1322,
2026-09-26T04:30:52Z,manila,2026-09-26,2026-09-26 12:30,12,32°C,0.7,0.51,-0.19,5203,0.39
2026-09-26T04:30:52Z,manila,2026-09-26,2026-09-26 12:30,12,33°C,0.3,0.55,0.25,7916,0.42
2026-09-26T04:30:52Z,manila,2026-09-26,2026-09-26 12:30,12,34°C,0.0,0.09,0.09,8538,0.03
2026-09-26T04:30:52Z,manila,2026-09-26,2026-09-26 12:30,12,35°C,0.0,0.004,0.004,1796,0.001
2026-09-26T04:30:52Z,manila,2026-09-26,2026-09-26 12:30,12,36°C,0.0,0.005,0.005,1797,
2026-09-26T04:30:52Z,manila,2026-09-26,2026-09-26 12:30,12,37°C,0.0,0.001,0.001,170,
2026-09-26T04:30:52Z,manila,2026-09-26,2026-09-26 12:30,12,38°C,0.0,0.001,0.001,25,
2026-09-26T04:30:52Z,manila,2026-09-26,2026-09-26 12:30,12,39°C or higher,0.0,0.001,0.001,169,
2026-09-26T04:30:52Z,qingdao,2026-09-26,2026-09-26 12:30,12,21°C or below,0.0,0.001,0.001,182,
2026-09-26T04:30:52Z,qingdao,2026-09-26,2026-09-26 12:30,12,22°C,0.0,0.001,0.001,138,
2026-09-26T04:30:52Z,qingdao,2026-09-26,2026-09-26 12:30,12,23°C,0.0,0.001,0.001,1221,
2026-09-26T04:30:52Z,qingdao,2026-09-26,2026-09-26 12:30,12,24°C,0.1,0.05,-0.05,880,0.02
2026-09-26T04:30:52Z,qingdao,2026-09-26,2026-09-26 12:30,12,25°C,0.533,0.36,-0.173,1118,0.29
2026-09-26T04:30:52Z,qingdao,2026-09-26,2026-09-26 12:30,12,26°C,0.3,0.62,0.32,1920,0.55
2026-09-26T04:30:52Z,qingdao,2026-09-26,2026-09-26 12:30,12,27°C,0.067,0.11,0.043,694,0.07
2026-09-26T04:30:52Z,qingdao,2026-09-26,2026-09-26 12:30,12,28°C,0.0,0.015,0.015,717,0.01
2026-09-26T04:30:52Z,qingdao,2026-09-26,2026-09-26 12:30,12,29°C,0.0,0.001,0.001,181,
2026-09-26T04:30:52Z,qingdao,2026-09-26,2026-09-26 12:30,12,30°C,0.0,0.001,0.001,681,
2026-09-26T04:30:52Z,qingdao,2026-09-26,2026-09-26 12:30,12,31°C or higher,0.0,0.001,0.001,125,
2026-09-26T04:30:52Z,shanghai,2026-09-26,2026-09-26 12:30,12,27°C or below,0.0,0.001,0.001,2754,
2026-09-26T04:30:52Z,shanghai,2026-09-26,2026-09-26 12:30,12,28°C,0.0,0.001,0.001,5776,
2026-09-26T04:30:52Z,shanghai,2026-09-26,2026-09-26 12:30,12,29°C,0.0,0.001,0.001,17178,
2026-09-26T04:30:52Z,shanghai,2026-09-26,2026-09-26 12:30,12,30°C,0.8,0.81,0.01,7891,0.72
2026-09-26T04:30:52Z,shanghai,2026-09-26,2026-09-26 12:30,12,31°C,0.2,0.22,0.02,5765,0.16
2026-09-26T04:30:52Z,shanghai,2026-09-26,2026-09-26 12:30,12,32°C,0.0,0.03,0.03,3267,0.01
2026-09-26T04:30:52Z,shanghai,2026-09-26,2026-09-26 12:30,12,33°C,0.0,0.004,0.004,1071,0.001
2026-09-26T04:30:52Z,shanghai,2026-09-26,2026-09-26 12:30,12,34°C,0.0,0.001,0.001,569,
2026-09-26T04:30:52Z,shanghai,2026-09-26,2026-09-26 12:30,12,35°C,0.0,0.001,0.001,1175,
2026-09-26T04:30:52Z,shanghai,2026-09-26,2026-09-26 12:30,12,36°C,0.0,0.001,0.001,178,
2026-09-26T04:30:52Z,shanghai,2026-09-26,2026-09-26 12:30,12,37°C or higher,0.0,0.001,0.001,108,
2026-09-26T04:30:52Z,wellington,2026-09-26,2026-09-26 16:30,16,9°C or below,0.0,0.001,0.001,1214,
2026-09-26T04:30:52Z,wellington,2026-09-26,2026-09-26 16:30,16,10°C,0.0,0.001,0.001,1225,
2026-09-26T04:30:52Z,wellington,2026-09-26,2026-09-26 16:30,16,11°C,0.0,0.001,0.001,934,
2026-09-26T04:30:52Z,wellington,2026-09-26,2026-09-26 16:30,16,12°C,0.0,0.001,0.001,389,
2026-09-26T04:30:52Z,wellington,2026-09-26,2026-09-26 16:30,16,13°C,0.0,0.001,0.001,3745,
2026-09-26T04:30:52Z,wellington,2026-09-26,2026-09-26 16:30,16,14°C,0.967,0.001,-0.966,15099,
2026-09-26T04:30:52Z,wellington,2026-09-26,2026-09-26 16:30,16,15°C,0.0,0.997,0.997,9759,0.99
2026-09-26T04:30:52Z,wellington,2026-09-26,2026-09-26 16:30,16,16°C,0.033,0.01,-0.023,7663,0.002
2026-09-26T04:30:52Z,wellington,2026-09-26,2026-09-26 16:30,16,17°C,0.0,0.001,0.001,4704,
2026-09-26T04:30:52Z,wellington,2026-09-26,2026-09-26 16:30,16,18°C,0.0,0.001,0.001,2756,
2026-09-26T04:30:52Z,wellington,2026-09-26,2026-09-26 16:30,16,19°C or higher,0.0,0.001,0.001,95,
2026-09-26T04:30:52Z,wuhan,2026-09-26,2026-09-26 12:30,12,25°C or below,0.8,0.67,-0.13,5657,0.51
2026-09-26T04:30:52Z,wuhan,2026-09-26,2026-09-26 12:30,12,26°C,0.2,0.33,0.13,2726,0.21
2026-09-26T04:30:52Z,wuhan,2026-09-26,2026-09-26 12:30,12,27°C,0.0,0.12,0.12,1219,0.09
2026-09-26T04:30:52Z,wuhan,2026-09-26,2026-09-26 12:30,12,28°C,0.0,0.03,0.03,1876,0.01
2026-09-26T04:30:52Z,wuhan,2026-09-26,2026-09-26 12:30,12,29°C,0.0,0.011,0.011,1462,0.01
2026-09-26T04:30:52Z,wuhan,2026-09-26,2026-09-26 12:30,12,30°C,0.0,0.007,0.007,960,0.002
2026-09-26T04:30:52Z,wuhan,2026-09-26,2026-09-26 12:30,12,31°C,0.0,0.001,0.001,441,
2026-09-26T04:30:52Z,wuhan,2026-09-26,2026-09-26 12:30,12,32°C,0.0,0.001,0.001,175,
2026-09-26T04:30:52Z,wuhan,2026-09-26,2026-09-26 12:30,12,33°C,0.0,0.001,0.001,212,
2026-09-26T04:30:52Z,wuhan,2026-09-26,2026-09-26 12:30,12,34°C,0.0,0.001,0.001,100,
2026-09-26T04:30:52Z,wuhan,2026-09-26,2026-09-26 12:30,12,35°C or higher,0.0,0.001,0.001,175,
2026-09-26T04:45:13Z,busan,2026-09-26,2026-09-26 13:45,13,19°C or below,0.0,0.001,0.001,101,
2026-09-26T04:45:13Z,busan,2026-09-26,2026-09-26 13:45,13,20°C,0.0,0.001,0.001,318,
2026-09-26T04:45:13Z,busan,2026-09-26,2026-09-26 13:45,13,21°C,0.0,0.001,0.001,9630,
2026-09-26T04:45:13Z,busan,2026-09-26,2026-09-26 13:45,13,22°C,0.633,0.68,0.047,3528,0.6
2026-09-26T04:45:13Z,busan,2026-09-26,2026-09-26 13:45,13,23°C,0.333,0.31,-0.023,2147,0.25
2026-09-26T04:45:13Z,busan,2026-09-26,2026-09-26 13:45,13,24°C,0.0,0.05,0.05,5219,0.03
2026-09-26T04:45:13Z,busan,2026-09-26,2026-09-26 13:45,13,25°C,0.033,0.02,-0.013,4223,0.01
2026-09-26T04:45:13Z,busan,2026-09-26,2026-09-26 13:45,13,26°C,0.0,0.002,0.002,1563,0.001
2026-09-26T04:45:13Z,busan,2026-09-26,2026-09-26 13:45,13,27°C,0.0,0.004,0.004,2764,
2026-09-26T04:45:13Z,busan,2026-09-26,2026-09-26 13:45,13,28°C,0.0,0.001,0.001,1984,
2026-09-26T04:45:13Z,busan,2026-09-26,2026-09-26 13:45,13,29°C or higher,0.0,0.001,0.001,1354,
2026-09-26T04:45:13Z,chengdu,2026-09-26,2026-09-26 12:45,12,23°C or below,0.0,0.001,0.001,185,
2026-09-26T04:45:13Z,chengdu,2026-09-26,2026-09-26 12:45,12,24°C,0.0,0.001,0.001,1817,
2026-09-26T04:45:13Z,chengdu,2026-09-26,2026-09-26 12:45,12,25°C,0.0,0.001,0.001,1482,
2026-09-26T04:45:13Z,chengdu,2026-09-26,2026-09-26 12:45,12,26°C,0.2,0.02,-0.18,648,
2026-09-26T04:45:13Z,chengdu,2026-09-26,2026-09-26 12:45,12,27°C,0.3,0.03,-0.27,1214,0.01
2026-09-26T04:45:13Z,chengdu,2026-09-26,2026-09-26 12:45,12,28°C,0.167,0.29,0.123,839,0.21
2026-09-26T04:45:13Z,chengdu,2026-09-26,2026-09-26 12:45,12,29°C,0.167,0.57,0.403,782,0.49
2026-09-26T04:45:13Z,chengdu,2026-09-26,2026-09-26 12:45,12,30°C,0.133,0.25,0.117,1305,0.22
2026-09-26T04:45:13Z,chengdu,2026-09-26,2026-09-26 12:45,12,31°C,0.033,0.017,-0.016,1367,0.005
2026-09-26T04:45:13Z,chengdu,2026-09-26,2026-09-26 12:45,12,32°C,0.0,0.004,0.004,522,0.001
2026-09-26T04:45:13Z,chengdu,2026-09-26,2026-09-26 12:45,12,33°C or higher,0.0,0.004,0.004,962,
2026-09-26T04:45:13Z,chongqing,2026-09-26,2026-09-26 12:45,12,26°C or below,0.0,0.001,0.001,4253,
2026-09-26T04:45:13Z,chongqing,2026-09-26,2026-09-26 12:45,12,27°C,0.267,0.04,-0.227,1303,0.02
2026-09-26T04:45:13Z,chongqing,2026-09-26,2026-09-26 12:45,12,28°C,0.133,0.26,0.127,515,0.18
2026-09-26T04:45:13Z,chongqing,2026-09-26,2026-09-26 12:45,12,29°C,0.267,0.48,0.213,518,0.45
2026-09-26T04:45:13Z,chongqing,2026-09-26,2026-09-26 12:45,12,30°C,0.3,0.27,-0.03,1589,0.23
2026-09-26T04:45:13Z,chongqing,2026-09-26,2026-09-26 12:45,12,31°C,0.033,0.05,0.017,1881,0.03
2026-09-26T04:45:13Z,chongqing,2026-09-26,2026-09-26 12:45,12,32°C,0.0,0.002,0.002,1572,0.001
2026-09-26T04:45:13Z,chongqing,2026-09-26,2026-09-26 12:45,12,33°C,0.0,0.002,0.002,113,0.001
2026-09-26T04:45:13Z,chongqing,2026-09-26,2026-09-26 12:45,12,34°C,0.0,0.001,0.001,340,
2026-09-26T04:45:13Z,chongqing,2026-09-26,2026-09-26 12:45,12,35°C,0.0,0.001,0.001,175,
2026-09-26T04:45:13Z,chongqing,2026-09-26,2026-09-26 12:45,12,36°C or higher,0.0,0.001,0.001,202,
2026-09-26T04:45:13Z,kuala-lumpur,2026-09-26,2026-09-26 12:45,12,28°C or below,0.0,0.001,0.001,1920,
2026-09-26T04:45:13Z,kuala-lumpur,2026-09-26,2026-09-26 12:45,12,29°C,0.0,0.001,0.001,2690,
2026-09-26T04:45:13Z,kuala-lumpur,2026-09-26,2026-09-26 12:45,12,30°C,0.0,0.001,0.001,2504,
2026-09-26T04:45:13Z,kuala-lumpur,2026-09-26,2026-09-26 12:45,12,31°C,0.3,0.04,-0.26,1160,0.02
2026-09-26T04:45:13Z,kuala-lumpur,2026-09-26,2026-09-26 12:45,12,32°C,0.533,0.52,-0.013,815,0.36
2026-09-26T04:45:13Z,kuala-lumpur,2026-09-26,2026-09-26 12:45,12,33°C,0.133,0.58,0.447,1714,0.41
2026-09-26T04:45:13Z,kuala-lumpur,2026-09-26,2026-09-26 12:45,12,34°C,0.033,0.05,0.017,1184,0.02
2026-09-26T04:45:13Z,kuala-lumpur,2026-09-26,2026-09-26 12:45,12,35°C,0.0,0.009,0.009,164,0.001
2026-09-26T04:45:13Z,kuala-lumpur,2026-09-26,2026-09-26 12:45,12,36°C,0.0,0.001,0.001,217,
2026-09-26T04:45:13Z,kuala-lumpur,2026-09-26,2026-09-26 12:45,12,37°C,0.0,0.001,0.001,185,
2026-09-26T04:45:13Z,kuala-lumpur,2026-09-26,2026-09-26 12:45,12,38°C or higher,0.0,0.001,0.001,175,
2026-09-26T04:45:13Z,manila,2026-09-26,2026-09-26 12:45,12,29°C or below,0.0,0.001,0.001,432,
2026-09-26T04:45:13Z,manila,2026-09-26,2026-09-26 12:45,12,30°C,0.0,0.001,0.001,1603,
2026-09-26T04:45:13Z,manila,2026-09-26,2026-09-26 12:45,12,31°C,0.0,0.001,0.001,1322,
2026-09-26T04:45:13Z,manila,2026-09-26,2026-09-26 12:45,12,32°C,0.7,0.41,-0.29,5279,0.32
2026-09-26T04:45:13Z,manila,2026-09-26,2026-09-26 12:45,12,33°C,0.3,0.64,0.34,7941,0.57
2026-09-26T04:45:13Z,manila,2026-09-26,2026-09-26 12:45,12,34°C,0.0,0.06,0.06,8569,0.03
2026-09-26T04:45:13Z,manila,2026-09-26,2026-09-26 12:45,12,35°C,0.0,0.004,0.004,1796,0.001
2026-09-26T04:45:13Z,manila,2026-09-26,2026-09-26 12:45,12,36°C,0.0,0.005,0.005,1797,
2026-09-26T04:45:13Z,manila,2026-09-26,2026-09-26 12:45,12,37°C,0.0,0.001,0.001,170,
2026-09-26T04:45:13Z,manila,2026-09-26,2026-09-26 12:45,12,38°C,0.0,0.001,0.001,25,
2026-09-26T04:45:13Z,manila,2026-09-26,2026-09-26 12:45,12,39°C or higher,0.0,0.001,0.001,169,
2026-09-26T04:45:13Z,qingdao,2026-09-26,2026-09-26 12:45,12,21°C or below,0.0,0.001,0.001,182,
2026-09-26T04:45:13Z,qingdao,2026-09-26,2026-09-26 12:45,12,22°C,0.0,0.001,0.001,138,
2026-09-26T04:45:13Z,qingdao,2026-09-26,2026-09-26 12:45,12,23°C,0.0,0.001,0.001,1221,
2026-09-26T04:45:13Z,qingdao,2026-09-26,2026-09-26 12:45,12,24°C,0.1,0.05,-0.05,944,0.03
2026-09-26T04:45:13Z,qingdao,2026-09-26,2026-09-26 12:45,12,25°C,0.533,0.32,-0.213,1127,0.28
2026-09-26T04:45:13Z,qingdao,2026-09-26,2026-09-26 12:45,12,26°C,0.3,0.61,0.31,1963,0.57
2026-09-26T04:45:13Z,qingdao,2026-09-26,2026-09-26 12:45,12,27°C,0.067,0.1,0.033,703,0.07
2026-09-26T04:45:13Z,qingdao,2026-09-26,2026-09-26 12:45,12,28°C,0.0,0.015,0.015,938,0.01
2026-09-26T04:45:13Z,qingdao,2026-09-26,2026-09-26 12:45,12,29°C,0.0,0.001,0.001,181,
2026-09-26T04:45:13Z,qingdao,2026-09-26,2026-09-26 12:45,12,30°C,0.0,0.001,0.001,681,
2026-09-26T04:45:13Z,qingdao,2026-09-26,2026-09-26 12:45,12,31°C or higher,0.0,0.001,0.001,125,
2026-09-26T04:45:13Z,shanghai,2026-09-26,2026-09-26 12:45,12,27°C or below,0.0,0.001,0.001,2754,
2026-09-26T04:45:13Z,shanghai,2026-09-26,2026-09-26 12:45,12,28°C,0.0,0.001,0.001,5781,
2026-09-26T04:45:13Z,shanghai,2026-09-26,2026-09-26 12:45,12,29°C,0.0,0.001,0.001,17769,
2026-09-26T04:45:13Z,shanghai,2026-09-26,2026-09-26 12:45,12,30°C,0.8,0.82,0.02,8306,0.79
2026-09-26T04:45:13Z,shanghai,2026-09-26,2026-09-26 12:45,12,31°C,0.2,0.19,-0.01,5897,0.17
2026-09-26T04:45:13Z,shanghai,2026-09-26,2026-09-26 12:45,12,32°C,0.0,0.03,0.03,3344,0.01
2026-09-26T04:45:13Z,shanghai,2026-09-26,2026-09-26 12:45,12,33°C,0.0,0.008,0.008,1148,0.002
2026-09-26T04:45:13Z,shanghai,2026-09-26,2026-09-26 12:45,12,34°C,0.0,0.001,0.001,569,
2026-09-26T04:45:13Z,shanghai,2026-09-26,2026-09-26 12:45,12,35°C,0.0,0.001,0.001,1175,
2026-09-26T04:45:13Z,shanghai,2026-09-26,2026-09-26 12:45,12,36°C,0.0,0.001,0.001,178,
2026-09-26T04:45:13Z,shanghai,2026-09-26,2026-09-26 12:45,12,37°C or higher,0.0,0.001,0.001,108,
2026-09-26T04:45:13Z,wellington,2026-09-26,2026-09-26 16:45,16,9°C or below,0.0,0.001,0.001,1214,
2026-09-26T04:45:13Z,wellington,2026-09-26,2026-09-26 16:45,16,10°C,0.0,0.001,0.001,1225,
2026-09-26T04:45:13Z,wellington,2026-09-26,2026-09-26 16:45,16,11°C,0.0,0.001,0.001,934,
2026-09-26T04:45:13Z,wellington,2026-09-26,2026-09-26 16:45,16,12°C,0.0,0.001,0.001,389,
2026-09-26T04:45:13Z,wellington,2026-09-26,2026-09-26 16:45,16,13°C,0.0,0.001,0.001,3745,
2026-09-26T04:45:13Z,wellington,2026-09-26,2026-09-26 16:45,16,14°C,0.967,0.001,-0.966,15099,
2026-09-26T04:45:13Z,wellington,2026-09-26,2026-09-26 16:45,16,15°C,0.0,0.996,0.996,9759,0.99
2026-09-26T04:45:13Z,wellington,2026-09-26,2026-09-26 16:45,16,16°C,0.033,0.01,-0.023,7663,0.002
2026-09-26T04:45:13Z,wellington,2026-09-26,2026-09-26 16:45,16,17°C,0.0,0.001,0.001,4704,
2026-09-26T04:45:13Z,wellington,2026-09-26,2026-09-26 16:45,16,18°C,0.0,0.001,0.001,2756,
2026-09-26T04:45:13Z,wellington,2026-09-26,2026-09-26 16:45,16,19°C or higher,0.0,0.001,0.001,95,
2026-09-26T04:45:13Z,wuhan,2026-09-26,2026-09-26 12:45,12,25°C or below,0.8,0.59,-0.21,5722,0.46
2026-09-26T04:45:13Z,wuhan,2026-09-26,2026-09-26 12:45,12,26°C,0.2,0.34,0.14,2734,0.25
2026-09-26T04:45:13Z,wuhan,2026-09-26,2026-09-26 12:45,12,27°C,0.0,0.16,0.16,1247,0.1
2026-09-26T04:45:13Z,wuhan,2026-09-26,2026-09-26 12:45,12,28°C,0.0,0.03,0.03,1882,0.01
2026-09-26T04:45:13Z,wuhan,2026-09-26,2026-09-26 12:45,12,29°C,0.0,0.013,0.013,1507,0.01
2026-09-26T04:45:13Z,wuhan,2026-09-26,2026-09-26 12:45,12,30°C,0.0,0.007,0.007,970,0.002
2026-09-26T04:45:13Z,wuhan,2026-09-26,2026-09-26 12:45,12,31°C,0.0,0.001,0.001,441,
2026-09-26T04:45:13Z,wuhan,2026-09-26,2026-09-26 12:45,12,32°C,0.0,0.001,0.001,175,
2026-09-26T04:45:13Z,wuhan,2026-09-26,2026-09-26 12:45,12,33°C,0.0,0.001,0.001,212,
2026-09-26T04:45:13Z,wuhan,2026-09-26,2026-09-26 12:45,12,34°C,0.0,0.001,0.001,100,
2026-09-26T04:45:13Z,wuhan,2026-09-26,2026-09-26 12:45,12,35°C or higher,0.0,0.001,0.001,175,
2026-09-26T05:00:02Z,busan,2026-09-26,2026-09-26 14:00,14,19°C or below,0.0,0.001,0.001,101,
2026-09-26T05:00:02Z,busan,2026-09-26,2026-09-26 14:00,14,20°C,0.0,0.001,0.001,318,
2026-09-26T05:00:02Z,busan,2026-09-26,2026-09-26 14:00,14,21°C,0.0,0.001,0.001,9630,
2026-09-26T05:00:02Z,busan,2026-09-26,2026-09-26 14:00,14,22°C,0.867,0.68,-0.187,3538,0.63
2026-09-26T05:00:02Z,busan,2026-09-26,2026-09-26 14:00,14,23°C,0.1,0.3,0.2,2162,0.26
2026-09-26T05:00:02Z,busan,2026-09-26,2026-09-26 14:00,14,24°C,0.033,0.04,0.007,5259,0.03
2026-09-26T05:00:02Z,busan,2026-09-26,2026-09-26 14:00,14,25°C,0.0,0.02,0.02,4696,0.01
2026-09-26T05:00:02Z,busan,2026-09-26,2026-09-26 14:00,14,26°C,0.0,0.002,0.002,1589,0.001
2026-09-26T05:00:02Z,busan,2026-09-26,2026-09-26 14:00,14,27°C,0.0,0.004,0.004,2764,
2026-09-26T05:00:02Z,busan,2026-09-26,2026-09-26 14:00,14,28°C,0.0,0.001,0.001,1984,
2026-09-26T05:00:02Z,busan,2026-09-26,2026-09-26 14:00,14,29°C or higher,0.0,0.001,0.001,1354,
2026-09-26T05:00:02Z,chengdu,2026-09-26,2026-09-26 13:00,13,23°C or below,0.0,0.001,0.001,185,
2026-09-26T05:00:02Z,chengdu,2026-09-26,2026-09-26 13:00,13,24°C,0.0,0.001,0.001,1817,
2026-09-26T05:00:02Z,chengdu,2026-09-26,2026-09-26 13:00,13,25°C,0.0,0.001,0.001,1482,
2026-09-26T05:00:02Z,chengdu,2026-09-26,2026-09-26 13:00,13,26°C,0.3,0.02,-0.28,648,
2026-09-26T05:00:02Z,chengdu,2026-09-26,2026-09-26 13:00,13,27°C,0.4,0.03,-0.37,1247,0.01
2026-09-26T05:00:02Z,chengdu,2026-09-26,2026-09-26 13:00,13,28°C,0.167,0.27,0.103,842,0.21
2026-09-26T05:00:02Z,chengdu,2026-09-26,2026-09-26 13:00,13,29°C,0.1,0.53,0.43,787,0.47
2026-09-26T05:00:02Z,chengdu,2026-09-26,2026-09-26 13:00,13,30°C,0.033,0.28,0.247,1305,0.26
2026-09-26T05:00:02Z,chengdu,2026-09-26,2026-09-26 13:00,13,31°C,0.0,0.017,0.017,1367,0.005
2026-09-26T05:00:02Z,chengdu,2026-09-26,2026-09-26 13:00,13,32°C,0.0,0.004,0.004,522,0.001
2026-09-26T05:00:02Z,chengdu,2026-09-26,2026-09-26 13:00,13,33°C or higher,0.0,0.004,0.004,962,
2026-09-26T05:00:02Z,chongqing,2026-09-26,2026-09-26 13:00,13,26°C or below,0.0,0.001,0.001,4253,
2026-09-26T05:00:02Z,chongqing,2026-09-26,2026-09-26 13:00,13,27°C,0.4,0.02,-0.38,1344,0.01
2026-09-26T05:00:02Z,chongqing,2026-09-26,2026-09-26 13:00,13,28°C,0.333,0.3,-0.033,515,0.18
2026-09-26T05:00:02Z,chongqing,2026-09-26,2026-09-26 13:00,13,29°C,0.233,0.48,0.247,518,0.45
2026-09-26T05:00:02Z,chongqing,2026-09-26,2026-09-26 13:00,13,30°C,0.033,0.27,0.237,1589,0.23
2026-09-26T05:00:02Z,chongqing,2026-09-26,2026-09-26 13:00,13,31°C,0.0,0.05,0.05,1881,0.03
2026-09-26T05:00:02Z,chongqing,2026-09-26,2026-09-26 13:00,13,32°C,0.0,0.002,0.002,1572,0.001
2026-09-26T05:00:02Z,chongqing,2026-09-26,2026-09-26 13:00,13,33°C,0.0,0.002,0.002,113,0.001
2026-09-26T05:00:02Z,chongqing,2026-09-26,2026-09-26 13:00,13,34°C,0.0,0.001,0.001,340,
2026-09-26T05:00:02Z,chongqing,2026-09-26,2026-09-26 13:00,13,35°C,0.0,0.001,0.001,175,
2026-09-26T05:00:02Z,chongqing,2026-09-26,2026-09-26 13:00,13,36°C or higher,0.0,0.001,0.001,202,
2026-09-26T05:00:02Z,kuala-lumpur,2026-09-26,2026-09-26 13:00,13,28°C or below,0.0,0.001,0.001,1920,
2026-09-26T05:00:02Z,kuala-lumpur,2026-09-26,2026-09-26 13:00,13,29°C,0.0,0.001,0.001,2690,
2026-09-26T05:00:02Z,kuala-lumpur,2026-09-26,2026-09-26 13:00,13,30°C,0.0,0.001,0.001,2504,
2026-09-26T05:00:02Z,kuala-lumpur,2026-09-26,2026-09-26 13:00,13,31°C,0.633,0.04,-0.593,1164,0.02
2026-09-26T05:00:02Z,kuala-lumpur,2026-09-26,2026-09-26 13:00,13,32°C,0.3,0.64,0.34,815,0.53
2026-09-26T05:00:02Z,kuala-lumpur,2026-09-26,2026-09-26 13:00,13,33°C,0.033,0.4,0.367,1727,0.34
2026-09-26T05:00:02Z,kuala-lumpur,2026-09-26,2026-09-26 13:00,13,34°C,0.033,0.02,-0.013,1241,0.01
2026-09-26T05:00:02Z,kuala-lumpur,2026-09-26,2026-09-26 13:00,13,35°C,0.0,0.009,0.009,164,0.001
2026-09-26T05:00:02Z,kuala-lumpur,2026-09-26,2026-09-26 13:00,13,36°C,0.0,0.001,0.001,217,
2026-09-26T05:00:02Z,kuala-lumpur,2026-09-26,2026-09-26 13:00,13,37°C,0.0,0.001,0.001,185,
2026-09-26T05:00:02Z,kuala-lumpur,2026-09-26,2026-09-26 13:00,13,38°C or higher,0.0,0.001,0.001,175,
2026-09-26T05:00:02Z,manila,2026-09-26,2026-09-26 13:00,13,29°C or below,0.0,0.001,0.001,432,
2026-09-26T05:00:02Z,manila,2026-09-26,2026-09-26 13:00,13,30°C,0.0,0.001,0.001,1603,
2026-09-26T05:00:02Z,manila,2026-09-26,2026-09-26 13:00,13,31°C,0.0,0.001,0.001,1322,
2026-09-26T05:00:02Z,manila,2026-09-26,2026-09-26 13:00,13,32°C,0.9,0.58,-0.32,5325,0.49
2026-09-26T05:00:02Z,manila,2026-09-26,2026-09-26 13:00,13,33°C,0.1,0.44,0.34,8073,0.38
2026-09-26T05:00:02Z,manila,2026-09-26,2026-09-26 13:00,13,34°C,0.0,0.07,0.07,8569,0.03
2026-09-26T05:00:02Z,manila,2026-09-26,2026-09-26 13:00,13,35°C,0.0,0.004,0.004,1796,0.001
2026-09-26T05:00:02Z,manila,2026-09-26,2026-09-26 13:00,13,36°C,0.0,0.005,0.005,1797,
2026-09-26T05:00:02Z,manila,2026-09-26,2026-09-26 13:00,13,37°C,0.0,0.001,0.001,170,
2026-09-26T05:00:02Z,manila,2026-09-26,2026-09-26 13:00,13,38°C,0.0,0.001,0.001,25,
2026-09-26T05:00:02Z,manila,2026-09-26,2026-09-26 13:00,13,39°C or higher,0.0,0.001,0.001,169,
2026-09-26T05:00:02Z,qingdao,2026-09-26,2026-09-26 13:00,13,21°C or below,0.0,0.001,0.001,182,
2026-09-26T05:00:02Z,qingdao,2026-09-26,2026-09-26 13:00,13,22°C,0.0,0.001,0.001,138,
2026-09-26T05:00:02Z,qingdao,2026-09-26,2026-09-26 13:00,13,23°C,0.0,0.001,0.001,1221,
2026-09-26T05:00:02Z,qingdao,2026-09-26,2026-09-26 13:00,13,24°C,0.533,0.05,-0.483,1038,0.03
2026-09-26T05:00:02Z,qingdao,2026-09-26,2026-09-26 13:00,13,25°C,0.433,0.29,-0.143,1127,0.22
2026-09-26T05:00:02Z,qingdao,2026-09-26,2026-09-26 13:00,13,26°C,0.033,0.64,0.607,1973,0.62
2026-09-26T05:00:02Z,qingdao,2026-09-26,2026-09-26 13:00,13,27°C,0.0,0.1,0.1,703,0.06
2026-09-26T05:00:02Z,qingdao,2026-09-26,2026-09-26 13:00,13,28°C,0.0,0.015,0.015,938,0.01
2026-09-26T05:00:02Z,qingdao,2026-09-26,2026-09-26 13:00,13,29°C,0.0,0.001,0.001,181,
2026-09-26T05:00:02Z,qingdao,2026-09-26,2026-09-26 13:00,13,30°C,0.0,0.001,0.001,681,
2026-09-26T05:00:02Z,qingdao,2026-09-26,2026-09-26 13:00,13,31°C or higher,0.0,0.001,0.001,125,
2026-09-26T05:00:02Z,shanghai,2026-09-26,2026-09-26 13:00,13,27°C or below,0.0,0.001,0.001,2754,
2026-09-26T05:00:02Z,shanghai,2026-09-26,2026-09-26 13:00,13,28°C,0.0,0.001,0.001,5781,
2026-09-26T05:00:02Z,shanghai,2026-09-26,2026-09-26 13:00,13,29°C,0.0,0.001,0.001,17789,
2026-09-26T05:00:02Z,shanghai,2026-09-26,2026-09-26 13:00,13,30°C,0.867,0.89,0.023,8542,0.85
2026-09-26T05:00:02Z,shanghai,2026-09-26,2026-09-26 13:00,13,31°C,0.133,0.12,-0.013,6040,0.1
2026-09-26T05:00:02Z,shanghai,2026-09-26,2026-09-26 13:00,13,32°C,0.0,0.02,0.02,3827,0.01
2026-09-26T05:00:02Z,shanghai,2026-09-26,2026-09-26 13:00,13,33°C,0.0,0.005,0.005,2671,
2026-09-26T05:00:02Z,shanghai,2026-09-26,2026-09-26 13:00,13,34°C,0.0,0.001,0.001,569,
2026-09-26T05:00:02Z,shanghai,2026-09-26,2026-09-26 13:00,13,35°C,0.0,0.001,0.001,1175,
2026-09-26T05:00:02Z,shanghai,2026-09-26,2026-09-26 13:00,13,36°C,0.0,0.001,0.001,178,
2026-09-26T05:00:02Z,shanghai,2026-09-26,2026-09-26 13:00,13,37°C or higher,0.0,0.001,0.001,108,
2026-09-26T05:00:02Z,wellington,2026-09-26,2026-09-26 17:00,17,9°C or below,0.0,0.001,0.001,1214,
2026-09-26T05:00:02Z,wellington,2026-09-26,2026-09-26 17:00,17,10°C,0.0,0.001,0.001,1225,
2026-09-26T05:00:02Z,wellington,2026-09-26,2026-09-26 17:00,17,11°C,0.0,0.001,0.001,934,
2026-09-26T05:00:02Z,wellington,2026-09-26,2026-09-26 17:00,17,12°C,0.0,0.001,0.001,389,
2026-09-26T05:00:02Z,wellington,2026-09-26,2026-09-26 17:00,17,13°C,0.0,0.001,0.001,3745,
2026-09-26T05:00:02Z,wellington,2026-09-26,2026-09-26 17:00,17,14°C,0.967,0.001,-0.966,15104,
2026-09-26T05:00:02Z,wellington,2026-09-26,2026-09-26 17:00,17,15°C,0.0,0.997,0.997,9765,0.99
2026-09-26T05:00:02Z,wellington,2026-09-26,2026-09-26 17:00,17,16°C,0.033,0.01,-0.023,7663,0.002
2026-09-26T05:00:02Z,wellington,2026-09-26,2026-09-26 17:00,17,17°C,0.0,0.001,0.001,4704,
2026-09-26T05:00:02Z,wellington,2026-09-26,2026-09-26 17:00,17,18°C,0.0,0.001,0.001,2756,
2026-09-26T05:00:02Z,wellington,2026-09-26,2026-09-26 17:00,17,19°C or higher,0.0,0.001,0.001,95,
2026-09-26T05:00:02Z,wuhan,2026-09-26,2026-09-26 13:00,13,25°C or below,0.967,0.52,-0.447,5841,0.46
2026-09-26T05:00:02Z,wuhan,2026-09-26,2026-09-26 13:00,13,26°C,0.033,0.38,0.347,2734,0.3
2026-09-26T05:00:02Z,wuhan,2026-09-26,2026-09-26 13:00,13,27°C,0.0,0.21,0.21,1247,0.12
2026-09-26T05:00:02Z,wuhan,2026-09-26,2026-09-26 13:00,13,28°C,0.0,0.04,0.04,1912,0.02
2026-09-26T05:00:02Z,wuhan,2026-09-26,2026-09-26 13:00,13,29°C,0.0,0.013,0.013,1551,0.01
2026-09-26T05:00:02Z,wuhan,2026-09-26,2026-09-26 13:00,13,30°C,0.0,0.007,0.007,970,0.002
2026-09-26T05:00:02Z,wuhan,2026-09-26,2026-09-26 13:00,13,31°C,0.0,0.001,0.001,441,
2026-09-26T05:00:02Z,wuhan,2026-09-26,2026-09-26 13:00,13,32°C,0.0,0.001,0.001,175,
2026-09-26T05:00:02Z,wuhan,2026-09-26,2026-09-26 13:00,13,33°C,0.0,0.001,0.001,212,
2026-09-26T05:00:02Z,wuhan,2026-09-26,2026-09-26 13:00,13,34°C,0.0,0.001,0.001,100,
2026-09-26T05:00:02Z,wuhan,2026-09-26,2026-09-26 13:00,13,35°C or higher,0.0,0.001,0.001,175,
2026-09-26T05:15:02Z,busan,2026-09-26,2026-09-26 14:15,14,19°C or below,0.0,0.001,0.001,101,
2026-09-26T05:15:02Z,busan,2026-09-26,2026-09-26 14:15,14,20°C,0.0,0.001,0.001,318,
2026-09-26T05:15:02Z,busan,2026-09-26,2026-09-26 14:15,14,21°C,0.0,0.001,0.001,9630,
2026-09-26T05:15:02Z,busan,2026-09-26,2026-09-26 14:15,14,22°C,0.867,0.9,0.033,3580,0.82
2026-09-26T05:15:02Z,busan,2026-09-26,2026-09-26 14:15,14,23°C,0.1,0.1,0.0,2162,0.08
2026-09-26T05:15:02Z,busan,2026-09-26,2026-09-26 14:15,14,24°C,0.033,0.02,-0.013,5259,0.01
2026-09-26T05:15:02Z,busan,2026-09-26,2026-09-26 14:15,14,25°C,0.0,0.009,0.009,4717,0.001
2026-09-26T05:15:02Z,busan,2026-09-26,2026-09-26 14:15,14,26°C,0.0,0.001,0.001,2665,
2026-09-26T05:15:02Z,busan,2026-09-26,2026-09-26 14:15,14,27°C,0.0,0.004,0.004,2764,
2026-09-26T05:15:02Z,busan,2026-09-26,2026-09-26 14:15,14,28°C,0.0,0.001,0.001,1984,
2026-09-26T05:15:02Z,busan,2026-09-26,2026-09-26 14:15,14,29°C or higher,0.0,0.001,0.001,1354,
2026-09-26T05:15:02Z,chengdu,2026-09-26,2026-09-26 13:15,13,23°C or below,0.0,0.001,0.001,185,
2026-09-26T05:15:02Z,chengdu,2026-09-26,2026-09-26 13:15,13,24°C,0.0,0.001,0.001,1817,
2026-09-26T05:15:02Z,chengdu,2026-09-26,2026-09-26 13:15,13,25°C,0.0,0.001,0.001,1551,
2026-09-26T05:15:02Z,chengdu,2026-09-26,2026-09-26 13:15,13,26°C,0.3,0.001,-0.299,1260,
2026-09-26T05:15:02Z,chengdu,2026-09-26,2026-09-26 13:15,13,27°C,0.4,0.001,-0.399,1999,
2026-09-26T05:15:02Z,chengdu,2026-09-26,2026-09-26 13:15,13,28°C,0.167,0.36,0.193,842,0.22
2026-09-26T05:15:02Z,chengdu,2026-09-26,2026-09-26 13:15,13,29°C,0.1,0.53,0.43,787,0.4
2026-09-26T05:15:02Z,chengdu,2026-09-26,2026-09-26 13:15,13,30°C,0.033,0.3,0.267,1315,0.22
2026-09-26T05:15:02Z,chengdu,2026-09-26,2026-09-26 13:15,13,31°C,0.0,0.014,0.014,1388,0.009
2026-09-26T05:15:02Z,chengdu,2026-09-26,2026-09-26 13:15,13,32°C,0.0,0.017,0.017,522,
2026-09-26T05:15:02Z,chengdu,2026-09-26,2026-09-26 13:15,13,33°C or higher,0.0,0.004,0.004,962,
2026-09-26T05:15:02Z,chongqing,2026-09-26,2026-09-26 13:15,13,26°C or below,0.0,0.001,0.001,4253,
2026-09-26T05:15:02Z,chongqing,2026-09-26,2026-09-26 13:15,13,27°C,0.4,0.03,-0.37,1519,0.01
2026-09-26T05:15:02Z,chongqing,2026-09-26,2026-09-26 13:15,13,28°C,0.333,0.24,-0.093,515,0.17
2026-09-26T05:15:02Z,chongqing,2026-09-26,2026-09-26 13:15,13,29°C,0.233,0.54,0.307,518,0.48
2026-09-26T05:15:02Z,chongqing,2026-09-26,2026-09-26 13:15,13,30°C,0.033,0.26,0.227,1589,0.21
2026-09-26T05:15:02Z,chongqing,2026-09-26,2026-09-26 13:15,13,31°C,0.0,0.05,0.05,1881,0.03
2026-09-26T05:15:02Z,chongqing,2026-09-26,2026-09-26 13:15,13,32°C,0.0,0.002,0.002,1572,0.001
2026-09-26T05:15:02Z,chongqing,2026-09-26,2026-09-26 13:15,13,33°C,0.0,0.002,0.002,113,0.001
2026-09-26T05:15:02Z,chongqing,2026-09-26,2026-09-26 13:15,13,34°C,0.0,0.001,0.001,340,
2026-09-26T05:15:02Z,chongqing,2026-09-26,2026-09-26 13:15,13,35°C,0.0,0.001,0.001,175,
2026-09-26T05:15:02Z,chongqing,2026-09-26,2026-09-26 13:15,13,36°C or higher,0.0,0.001,0.001,202,
2026-09-26T05:15:02Z,kuala-lumpur,2026-09-26,2026-09-26 13:15,13,28°C or below,0.0,0.001,0.001,1920,
2026-09-26T05:15:02Z,kuala-lumpur,2026-09-26,2026-09-26 13:15,13,29°C,0.0,0.001,0.001,2690,
2026-09-26T05:15:02Z,kuala-lumpur,2026-09-26,2026-09-26 13:15,13,30°C,0.0,0.001,0.001,2504,
2026-09-26T05:15:02Z,kuala-lumpur,2026-09-26,2026-09-26 13:15,13,31°C,0.633,0.005,-0.628,1344,0.001
2026-09-26T05:15:02Z,kuala-lumpur,2026-09-26,2026-09-26 13:15,13,32°C,0.3,0.68,0.38,833,0.49
2026-09-26T05:15:02Z,kuala-lumpur,2026-09-26,2026-09-26 13:15,13,33°C,0.033,0.49,0.457,1730,0.31
2026-09-26T05:15:02Z,kuala-lumpur,2026-09-26,2026-09-26 13:15,13,34°C,0.033,0.02,-0.013,1241,0.01
2026-09-26T05:15:02Z,kuala-lumpur,2026-09-26,2026-09-26 13:15,13,35°C,0.0,0.009,0.009,164,0.001
2026-09-26T05:15:02Z,kuala-lumpur,2026-09-26,2026-09-26 13:15,13,36°C,0.0,0.001,0.001,217,
2026-09-26T05:15:02Z,kuala-lumpur,2026-09-26,2026-09-26 13:15,13,37°C,0.0,0.001,0.001,185,
2026-09-26T05:15:02Z,kuala-lumpur,2026-09-26,2026-09-26 13:15,13,38°C or higher,0.0,0.001,0.001,175,
2026-09-26T05:15:02Z,manila,2026-09-26,2026-09-26 13:15,13,29°C or below,0.0,0.001,0.001,432,
2026-09-26T05:15:02Z,manila,2026-09-26,2026-09-26 13:15,13,30°C,0.0,0.001,0.001,1603,
2026-09-26T05:15:02Z,manila,2026-09-26,2026-09-26 13:15,13,31°C,0.0,0.001,0.001,2322,
2026-09-26T05:15:02Z,manila,2026-09-26,2026-09-26 13:15,13,32°C,0.9,0.77,-0.13,5358,0.56
2026-09-26T05:15:02Z,manila,2026-09-26,2026-09-26 13:15,13,33°C,0.1,0.41,0.31,8128,0.2
2026-09-26T05:15:02Z,manila,2026-09-26,2026-09-26 13:15,13,34°C,0.0,0.02,0.02,8595,0.01
2026-09-26T05:15:02Z,manila,2026-09-26,2026-09-26 13:15,13,35°C,0.0,0.004,0.004,1796,
2026-09-26T05:15:02Z,manila,2026-09-26,2026-09-26 13:15,13,36°C,0.0,0.005,0.005,1797,
2026-09-26T05:15:02Z,manila,2026-09-26,2026-09-26 13:15,13,37°C,0.0,0.001,0.001,170,
2026-09-26T05:15:02Z,manila,2026-09-26,2026-09-26 13:15,13,38°C,0.0,0.001,0.001,25,
2026-09-26T05:15:02Z,manila,2026-09-26,2026-09-26 13:15,13,39°C or higher,0.0,0.001,0.001,169,
2026-09-26T05:15:02Z,qingdao,2026-09-26,2026-09-26 13:15,13,21°C or below,0.0,0.001,0.001,182,
2026-09-26T05:15:02Z,qingdao,2026-09-26,2026-09-26 13:15,13,22°C,0.0,0.001,0.001,138,
2026-09-26T05:15:02Z,qingdao,2026-09-26,2026-09-26 13:15,13,23°C,0.0,0.001,0.001,1221,
2026-09-26T05:15:02Z,qingdao,2026-09-26,2026-09-26 13:15,13,24°C,0.533,0.23,-0.303,1283,0.12
2026-09-26T05:15:02Z,qingdao,2026-09-26,2026-09-26 13:15,13,25°C,0.433,0.56,0.127,1197,0.5
2026-09-26T05:15:02Z,qingdao,2026-09-26,2026-09-26 13:15,13,26°C,0.033,0.31,0.277,2042,0.21
2026-09-26T05:15:02Z,qingdao,2026-09-26,2026-09-26 13:15,13,27°C,0.0,0.11,0.11,767,0.07
2026-09-26T05:15:02Z,qingdao,2026-09-26,2026-09-26 13:15,13,28°C,0.0,0.015,0.015,963,0.01
2026-09-26T05:15:02Z,qingdao,2026-09-26,2026-09-26 13:15,13,29°C,0.0,0.001,0.001,181,
2026-09-26T05:15:02Z,qingdao,2026-09-26,2026-09-26 13:15,13,30°C,0.0,0.001,0.001,681,
2026-09-26T05:15:02Z,qingdao,2026-09-26,2026-09-26 13:15,13,31°C or higher,0.0,0.001,0.001,125,
2026-09-26T05:15:02Z,shanghai,2026-09-26,2026-09-26 13:15,13,27°C or below,0.0,0.001,0.001,2754,
2026-09-26T05:15:02Z,shanghai,2026-09-26,2026-09-26 13:15,13,28°C,0.0,0.001,0.001,5781,
2026-09-26T05:15:02Z,shanghai,2026-09-26,2026-09-26 13:15,13,29°C,0.0,0.001,0.001,17800,
2026-09-26T05:15:02Z,shanghai,2026-09-26,2026-09-26 13:15,13,30°C,0.867,0.88,0.013,8619,0.87
2026-09-26T05:15:02Z,shanghai,2026-09-26,2026-09-26 13:15,13,31°C,0.133,0.11,-0.023,6176,0.1
2026-09-26T05:15:02Z,shanghai,2026-09-26,2026-09-26 13:15,13,32°C,0.0,0.009,0.009,3858,0.002
2026-09-26T05:15:02Z,shanghai,2026-09-26,2026-09-26 13:15,13,33°C,0.0,0.005,0.005,2681,
2026-09-26T05:15:02Z,shanghai,2026-09-26,2026-09-26 13:15,13,34°C,0.0,0.001,0.001,569,
2026-09-26T05:15:02Z,shanghai,2026-09-26,2026-09-26 13:15,13,35°C,0.0,0.001,0.001,1175,
2026-09-26T05:15:02Z,shanghai,2026-09-26,2026-09-26 13:15,13,36°C,0.0,0.001,0.001,178,
2026-09-26T05:15:02Z,shanghai,2026-09-26,2026-09-26 13:15,13,37°C or higher,0.0,0.001,0.001,108,
2026-09-26T05:15:02Z,wellington,2026-09-26,2026-09-26 17:15,17,9°C or below,0.0,0.001,0.001,1214,
2026-09-26T05:15:02Z,wellington,2026-09-26,2026-09-26 17:15,17,10°C,0.0,0.001,0.001,1225,
2026-09-26T05:15:02Z,wellington,2026-09-26,2026-09-26 17:15,17,11°C,0.0,0.001,0.001,934,
2026-09-26T05:15:02Z,wellington,2026-09-26,2026-09-26 17:15,17,12°C,0.0,0.001,0.001,389,
2026-09-26T05:15:02Z,wellington,2026-09-26,2026-09-26 17:15,17,13°C,0.0,0.001,0.001,3745,
2026-09-26T05:15:02Z,wellington,2026-09-26,2026-09-26 17:15,17,14°C,0.967,0.001,-0.966,15104,
2026-09-26T05:15:02Z,wellington,2026-09-26,2026-09-26 17:15,17,15°C,0.0,0.998,0.998,9840,0.992
2026-09-26T05:15:02Z,wellington,2026-09-26,2026-09-26 17:15,17,16°C,0.033,0.008,-0.025,7738,0.002
2026-09-26T05:15:02Z,wellington,2026-09-26,2026-09-26 17:15,17,17°C,0.0,0.001,0.001,4704,
2026-09-26T05:15:02Z,wellington,2026-09-26,2026-09-26 17:15,17,18°C,0.0,0.001,0.001,2756,
2026-09-26T05:15:02Z,wellington,2026-09-26,2026-09-26 17:15,17,19°C or higher,0.0,0.001,0.001,95,
2026-09-26T05:15:02Z,wuhan,2026-09-26,2026-09-26 13:15,13,25°C or below,0.967,0.23,-0.737,5860,0.17
2026-09-26T05:15:02Z,wuhan,2026-09-26,2026-09-26 13:15,13,26°C,0.033,0.42,0.387,2887,0.32
2026-09-26T05:15:02Z,wuhan,2026-09-26,2026-09-26 13:15,13,27°C,0.0,0.37,0.37,1406,0.23
2026-09-26T05:15:02Z,wuhan,2026-09-26,2026-09-26 13:15,13,28°C,0.0,0.1,0.1,1912,0.08
2026-09-26T05:15:02Z,wuhan,2026-09-26,2026-09-26 13:15,13,29°C,0.0,0.013,0.013,1551,0.003
2026-09-26T05:15:02Z,wuhan,2026-09-26,2026-09-26 13:15,13,30°C,0.0,0.007,0.007,970,0.002
2026-09-26T05:15:02Z,wuhan,2026-09-26,2026-09-26 13:15,13,31°C,0.0,0.001,0.001,441,
2026-09-26T05:15:02Z,wuhan,2026-09-26,2026-09-26 13:15,13,32°C,0.0,0.001,0.001,175,
2026-09-26T05:15:02Z,wuhan,2026-09-26,2026-09-26 13:15,13,33°C,0.0,0.001,0.001,212,
2026-09-26T05:15:02Z,wuhan,2026-09-26,2026-09-26 13:15,13,34°C,0.0,0.001,0.001,100,
2026-09-26T05:15:02Z,wuhan,2026-09-26,2026-09-26 13:15,13,35°C or higher,0.0,0.001,0.001,175,
2026-09-26T05:30:53Z,busan,2026-09-26,2026-09-26 14:30,14,19°C or below,0.0,0.001,0.001,101,
2026-09-26T05:30:53Z,busan,2026-09-26,2026-09-26 14:30,14,20°C,0.0,0.001,0.001,318,
2026-09-26T05:30:53Z,busan,2026-09-26,2026-09-26 14:30,14,21°C,0.0,0.001,0.001,9630,
2026-09-26T05:30:53Z,busan,2026-09-26,2026-09-26 14:30,14,22°C,0.867,0.99,0.123,3730,0.95
2026-09-26T05:30:53Z,busan,2026-09-26,2026-09-26 14:30,14,23°C,0.1,0.04,-0.06,2262,0.02
2026-09-26T05:30:53Z,busan,2026-09-26,2026-09-26 14:30,14,24°C,0.033,0.02,-0.013,5496,
2026-09-26T05:30:53Z,busan,2026-09-26,2026-09-26 14:30,14,25°C,0.0,0.002,0.002,4881,0.001
2026-09-26T05:30:53Z,busan,2026-09-26,2026-09-26 14:30,14,26°C,0.0,0.001,0.001,2670,
2026-09-26T05:30:53Z,busan,2026-09-26,2026-09-26 14:30,14,27°C,0.0,0.001,0.001,2764,
2026-09-26T05:30:53Z,busan,2026-09-26,2026-09-26 14:30,14,28°C,0.0,0.001,0.001,1984,
2026-09-26T05:30:53Z,busan,2026-09-26,2026-09-26 14:30,14,29°C or higher,0.0,0.001,0.001,1354,
2026-09-26T05:30:53Z,chengdu,2026-09-26,2026-09-26 13:30,13,23°C or below,0.0,0.001,0.001,185,
2026-09-26T05:30:53Z,chengdu,2026-09-26,2026-09-26 13:30,13,24°C,0.0,0.001,0.001,1817,
2026-09-26T05:30:53Z,chengdu,2026-09-26,2026-09-26 13:30,13,25°C,0.0,0.001,0.001,1551,
2026-09-26T05:30:53Z,chengdu,2026-09-26,2026-09-26 13:30,13,26°C,0.0,0.001,0.001,1503,
2026-09-26T05:30:53Z,chengdu,2026-09-26,2026-09-26 13:30,13,27°C,0.0,0.001,0.001,1999,
2026-09-26T05:30:53Z,chengdu,2026-09-26,2026-09-26 13:30,13,28°C,0.3,0.06,-0.24,1093,0.02
2026-09-26T05:30:53Z,chengdu,2026-09-26,2026-09-26 13:30,13,29°C,0.4,0.53,0.13,792,0.38
2026-09-26T05:30:53Z,chengdu,2026-09-26,2026-09-26 13:30,13,30°C,0.167,0.54,0.373,1340,0.38
2026-09-26T05:30:53Z,chengdu,2026-09-26,2026-09-26 13:30,13,31°C,0.1,0.05,-0.05,2036,0.03
2026-09-26T05:30:53Z,chengdu,2026-09-26,2026-09-26 13:30,13,32°C,0.033,0.016,-0.017,1282,0.005
2026-09-26T05:30:53Z,chengdu,2026-09-26,2026-09-26 13:30,13,33°C or higher,0.0,0.004,0.004,1487,0.001
2026-09-26T05:30:53Z,chongqing,2026-09-26,2026-09-26 13:30,13,26°C or below,0.0,0.001,0.001,4253,
2026-09-26T05:30:53Z,chongqing,2026-09-26,2026-09-26 13:30,13,27°C,0.4,0.11,-0.29,1711,0.04
2026-09-26T05:30:53Z,chongqing,2026-09-26,2026-09-26 13:30,13,28°C,0.333,0.33,-0.003,525,0.19
2026-09-26T05:30:53Z,chongqing,2026-09-26,2026-09-26 13:30,13,29°C,0.233,0.5,0.267,523,0.41
2026-09-26T05:30:53Z,chongqing,2026-09-26,2026-09-26 13:30,13,30°C,0.033,0.23,0.197,1595,0.2
2026-09-26T05:30:53Z,chongqing,2026-09-26,2026-09-26 13:30,13,31°C,0.0,0.05,0.05,1881,0.03
2026-09-26T05:30:53Z,chongqing,2026-09-26,2026-09-26 13:30,13,32°C,0.0,0.002,0.002,1572,0.001
2026-09-26T05:30:53Z,chongqing,2026-09-26,2026-09-26 13:30,13,33°C,0.0,0.002,0.002,286,0.001
2026-09-26T05:30:53Z,chongqing,2026-09-26,2026-09-26 13:30,13,34°C,0.0,0.001,0.001,340,
2026-09-26T05:30:53Z,chongqing,2026-09-26,2026-09-26 13:30,13,35°C,0.0,0.001,0.001,175,
2026-09-26T05:30:53Z,chongqing,2026-09-26,2026-09-26 13:30,13,36°C or higher,0.0,0.001,0.001,202,
2026-09-26T05:30:53Z,kuala-lumpur,2026-09-26,2026-09-26 13:30,13,28°C or below,0.0,0.001,0.001,1920,
2026-09-26T05:30:53Z,kuala-lumpur,2026-09-26,2026-09-26 13:30,13,29°C,0.0,0.001,0.001,2690,
2026-09-26T05:30:53Z,kuala-lumpur,2026-09-26,2026-09-26 13:30,13,30°C,0.0,0.001,0.001,2504,
2026-09-26T05:30:53Z,kuala-lumpur,2026-09-26,2026-09-26 13:30,13,31°C,0.0,0.001,0.001,1666,
2026-09-26T05:30:53Z,kuala-lumpur,2026-09-26,2026-09-26 13:30,13,32°C,0.633,0.63,-0.003,833,0.46
2026-09-26T05:30:53Z,kuala-lumpur,2026-09-26,2026-09-26 13:30,13,33°C,0.3,0.51,0.21,1732,0.33
2026-09-26T05:30:53Z,kuala-lumpur,2026-09-26,2026-09-26 13:30,13,34°C,0.033,0.03,-0.003,1256,0.02
2026-09-26T05:30:53Z,kuala-lumpur,2026-09-26,2026-09-26 13:30,13,35°C,0.033,0.009,-0.024,164,0.001
2026-09-26T05:30:53Z,kuala-lumpur,2026-09-26,2026-09-26 13:30,13,36°C,0.0,0.001,0.001,217,
2026-09-26T05:30:53Z,kuala-lumpur,2026-09-26,2026-09-26 13:30,13,37°C,0.0,0.001,0.001,185,
2026-09-26T05:30:53Z,kuala-lumpur,2026-09-26,2026-09-26 13:30,13,38°C or higher,0.0,0.001,0.001,175,
2026-09-26T05:30:53Z,manila,2026-09-26,2026-09-26 13:30,13,29°C or below,0.0,0.001,0.001,432,
2026-09-26T05:30:53Z,manila,2026-09-26,2026-09-26 13:30,13,30°C,0.0,0.001,0.001,1603,
2026-09-26T05:30:53Z,manila,2026-09-26,2026-09-26 13:30,13,31°C,0.0,0.001,0.001,4806,
2026-09-26T05:30:53Z,manila,2026-09-26,2026-09-26 13:30,13,32°C,0.9,0.81,-0.09,5444,0.69
2026-09-26T05:30:53Z,manila,2026-09-26,2026-09-26 13:30,13,33°C,0.1,0.31,0.21,8149,0.19
2026-09-26T05:30:53Z,manila,2026-09-26,2026-09-26 13:30,13,34°C,0.0,0.02,0.02,8731,0.01
2026-09-26T05:30:53Z,manila,2026-09-26,2026-09-26 13:30,13,35°C,0.0,0.004,0.004,1909,
2026-09-26T05:30:53Z,manila,2026-09-26,2026-09-26 13:30,13,36°C,0.0,0.004,0.004,1797,
2026-09-26T05:30:53Z,manila,2026-09-26,2026-09-26 13:30,13,37°C,0.0,0.001,0.001,170,
2026-09-26T05:30:53Z,manila,2026-09-26,2026-09-26 13:30,13,38°C,0.0,0.001,0.001,25,
2026-09-26T05:30:53Z,manila,2026-09-26,2026-09-26 13:30,13,39°C or higher,0.0,0.001,0.001,169,
2026-09-26T05:30:53Z,qingdao,2026-09-26,2026-09-26 13:30,13,21°C or below,0.0,0.001,0.001,182,
2026-09-26T05:30:53Z,qingdao,2026-09-26,2026-09-26 13:30,13,22°C,0.0,0.001,0.001,138,
2026-09-26T05:30:53Z,qingdao,2026-09-26,2026-09-26 13:30,13,23°C,0.0,0.001,0.001,1221,
2026-09-26T05:30:53Z,qingdao,2026-09-26,2026-09-26 13:30,13,24°C,0.533,0.07,-0.463,1384,0.02
2026-09-26T05:30:53Z,qingdao,2026-09-26,2026-09-26 13:30,13,25°C,0.433,0.88,0.447,1236,0.82
2026-09-26T05:30:53Z,qingdao,2026-09-26,2026-09-26 13:30,13,26°C,0.033,0.14,0.107,2211,0.06
2026-09-26T05:30:53Z,qingdao,2026-09-26,2026-09-26 13:30,13,27°C,0.0,0.02,0.02,791,0.01
2026-09-26T05:30:53Z,qingdao,2026-09-26,2026-09-26 13:30,13,28°C,0.0,0.003,0.003,968,0.001
2026-09-26T05:30:53Z,qingdao,2026-09-26,2026-09-26 13:30,13,29°C,0.0,0.001,0.001,181,
2026-09-26T05:30:53Z,qingdao,2026-09-26,2026-09-26 13:30,13,30°C,0.0,0.001,0.001,681,
2026-09-26T05:30:53Z,qingdao,2026-09-26,2026-09-26 13:30,13,31°C or higher,0.0,0.001,0.001,125,
2026-09-26T05:30:53Z,shanghai,2026-09-26,2026-09-26 13:30,13,27°C or below,0.0,0.001,0.001,2754,
2026-09-26T05:30:53Z,shanghai,2026-09-26,2026-09-26 13:30,13,28°C,0.0,0.001,0.001,5790,
2026-09-26T05:30:53Z,shanghai,2026-09-26,2026-09-26 13:30,13,29°C,0.0,0.001,0.001,17816,
2026-09-26T05:30:53Z,shanghai,2026-09-26,2026-09-26 13:30,13,30°C,0.867,0.69,-0.177,8858,0.6
2026-09-26T05:30:53Z,shanghai,2026-09-26,2026-09-26 13:30,13,31°C,0.133,0.38,0.247,6437,0.27
2026-09-26T05:30:53Z,shanghai,2026-09-26,2026-09-26 13:30,13,32°C,0.0,0.009,0.009,3893,0.002
2026-09-26T05:30:53Z,shanghai,2026-09-26,2026-09-26 13:30,13,33°C,0.0,0.005,0.005,2681,
2026-09-26T05:30:53Z,shanghai,2026-09-26,2026-09-26 13:30,13,34°C,0.0,0.001,0.001,569,
2026-09-26T05:30:53Z,shanghai,2026-09-26,2026-09-26 13:30,13,35°C,0.0,0.001,0.001,1175,
2026-09-26T05:30:53Z,shanghai,2026-09-26,2026-09-26 13:30,13,36°C,0.0,0.001,0.001,178,
2026-09-26T05:30:53Z,shanghai,2026-09-26,2026-09-26 13:30,13,37°C or higher,0.0,0.001,0.001,108,
2026-09-26T05:30:53Z,wellington,2026-09-26,2026-09-26 17:30,17,9°C or below,0.0,0.001,0.001,1214,
2026-09-26T05:30:53Z,wellington,2026-09-26,2026-09-26 17:30,17,10°C,0.0,0.001,0.001,1225,
2026-09-26T05:30:53Z,wellington,2026-09-26,2026-09-26 17:30,17,11°C,0.0,0.001,0.001,934,
2026-09-26T05:30:53Z,wellington,2026-09-26,2026-09-26 17:30,17,12°C,0.0,0.001,0.001,389,
2026-09-26T05:30:53Z,wellington,2026-09-26,2026-09-26 17:30,17,13°C,0.0,0.001,0.001,3745,
2026-09-26T05:30:53Z,wellington,2026-09-26,2026-09-26 17:30,17,14°C,0.967,0.001,-0.966,15104,
2026-09-26T05:30:53Z,wellington,2026-09-26,2026-09-26 17:30,17,15°C,0.0,0.998,0.998,9862,0.992
2026-09-26T05:30:53Z,wellington,2026-09-26,2026-09-26 17:30,17,16°C,0.033,0.008,-0.025,7755,0.002
2026-09-26T05:30:53Z,wellington,2026-09-26,2026-09-26 17:30,17,17°C,0.0,0.001,0.001,4704,
2026-09-26T05:30:53Z,wellington,2026-09-26,2026-09-26 17:30,17,18°C,0.0,0.001,0.001,2756,
2026-09-26T05:30:53Z,wellington,2026-09-26,2026-09-26 17:30,17,19°C or higher,0.0,0.001,0.001,95,
2026-09-26T05:30:53Z,wuhan,2026-09-26,2026-09-26 13:30,13,25°C or below,0.3,0.31,0.01,6004,0.19
2026-09-26T05:30:53Z,wuhan,2026-09-26,2026-09-26 13:30,13,26°C,0.467,0.49,0.023,2899,0.44
2026-09-26T05:30:53Z,wuhan,2026-09-26,2026-09-26 13:30,13,27°C,0.2,0.34,0.14,1424,0.13
2026-09-26T05:30:53Z,wuhan,2026-09-26,2026-09-26 13:30,13,28°C,0.033,0.08,0.047,1964,0.04
2026-09-26T05:30:53Z,wuhan,2026-09-26,2026-09-26 13:30,13,29°C,0.0,0.013,0.013,1561,0.003
2026-09-26T05:30:53Z,wuhan,2026-09-26,2026-09-26 13:30,13,30°C,0.0,0.003,0.003,970,0.001
2026-09-26T05:30:53Z,wuhan,2026-09-26,2026-09-26 13:30,13,31°C,0.0,0.001,0.001,441,
2026-09-26T05:30:53Z,wuhan,2026-09-26,2026-09-26 13:30,13,32°C,0.0,0.001,0.001,175,
2026-09-26T05:30:53Z,wuhan,2026-09-26,2026-09-26 13:30,13,33°C,0.0,0.001,0.001,212,
2026-09-26T05:30:53Z,wuhan,2026-09-26,2026-09-26 13:30,13,34°C,0.0,0.001,0.001,100,
2026-09-26T05:30:53Z,wuhan,2026-09-26,2026-09-26 13:30,13,35°C or higher,0.0,0.001,0.001,175,
2026-09-26T05:45:56Z,busan,2026-09-26,2026-09-26 14:45,14,19°C or below,0.0,0.001,0.001,101,
2026-09-26T05:45:56Z,busan,2026-09-26,2026-09-26 14:45,14,20°C,0.0,0.001,0.001,318,
2026-09-26T05:45:56Z,busan,2026-09-26,2026-09-26 14:45,14,21°C,0.0,0.001,0.001,9630,
2026-09-26T05:45:56Z,busan,2026-09-26,2026-09-26 14:45,14,22°C,0.867,0.97,0.103,4440,0.96
2026-09-26T05:45:56Z,busan,2026-09-26,2026-09-26 14:45,14,23°C,0.1,0.04,-0.06,2734,0.02
2026-09-26T05:45:56Z,busan,2026-09-26,2026-09-26 14:45,14,24°C,0.033,0.02,-0.013,5902,
2026-09-26T05:45:56Z,busan,2026-09-26,2026-09-26 14:45,14,25°C,0.0,0.002,0.002,5758,0.001
2026-09-26T05:45:56Z,busan,2026-09-26,2026-09-26 14:45,14,26°C,0.0,0.001,0.001,2670,
2026-09-26T05:45:56Z,busan,2026-09-26,2026-09-26 14:45,14,27°C,0.0,0.001,0.001,2797,
2026-09-26T05:45:56Z,busan,2026-09-26,2026-09-26 14:45,14,28°C,0.0,0.001,0.001,1984,
2026-09-26T05:45:56Z,busan,2026-09-26,2026-09-26 14:45,14,29°C or higher,0.0,0.001,0.001,1354,
2026-09-26T05:45:56Z,chengdu,2026-09-26,2026-09-26 13:45,13,23°C or below,0.0,0.001,0.001,185,
2026-09-26T05:45:56Z,chengdu,2026-09-26,2026-09-26 13:45,13,24°C,0.0,0.001,0.001,1817,
2026-09-26T05:45:56Z,chengdu,2026-09-26,2026-09-26 13:45,13,25°C,0.0,0.001,0.001,1551,
2026-09-26T05:45:56Z,chengdu,2026-09-26,2026-09-26 13:45,13,26°C,0.0,0.001,0.001,1506,
2026-09-26T05:45:56Z,chengdu,2026-09-26,2026-09-26 13:45,13,27°C,0.0,0.001,0.001,2001,
2026-09-26T05:45:56Z,chengdu,2026-09-26,2026-09-26 13:45,13,28°C,0.3,0.07,-0.23,1525,0.03
2026-09-26T05:45:56Z,chengdu,2026-09-26,2026-09-26 13:45,13,29°C,0.4,0.44,0.04,842,0.4
2026-09-26T05:45:56Z,chengdu,2026-09-26,2026-09-26 13:45,13,30°C,0.167,0.52,0.353,1370,0.46
2026-09-26T05:45:56Z,chengdu,2026-09-26,2026-09-26 13:45,13,31°C,0.1,0.02,-0.08,2390,0.005
2026-09-26T05:45:56Z,chengdu,2026-09-26,2026-09-26 13:45,13,32°C,0.033,0.009,-0.024,1461,
2026-09-26T05:45:56Z,chengdu,2026-09-26,2026-09-26 13:45,13,33°C or higher,0.0,0.004,0.004,1487,0.001
2026-09-26T05:45:56Z,chongqing,2026-09-26,2026-09-26 13:45,13,26°C or below,0.0,0.001,0.001,4253,
2026-09-26T05:45:56Z,chongqing,2026-09-26,2026-09-26 13:45,13,27°C,0.4,0.11,-0.29,1724,0.03
2026-09-26T05:45:56Z,chongqing,2026-09-26,2026-09-26 13:45,13,28°C,0.333,0.33,-0.003,532,0.21
2026-09-26T05:45:56Z,chongqing,2026-09-26,2026-09-26 13:45,13,29°C,0.233,0.5,0.267,528,0.41
2026-09-26T05:45:56Z,chongqing,2026-09-26,2026-09-26 13:45,13,30°C,0.033,0.25,0.217,1601,0.19
2026-09-26T05:45:56Z,chongqing,2026-09-26,2026-09-26 13:45,13,31°C,0.0,0.05,0.05,1911,0.02
2026-09-26T05:45:56Z,chongqing,2026-09-26,2026-09-26 13:45,13,32°C,0.0,0.002,0.002,1572,0.001
2026-09-26T05:45:56Z,chongqing,2026-09-26,2026-09-26 13:45,13,33°C,0.0,0.002,0.002,286,0.001
2026-09-26T05:45:56Z,chongqing,2026-09-26,2026-09-26 13:45,13,34°C,0.0,0.001,0.001,340,
2026-09-26T05:45:56Z,chongqing,2026-09-26,2026-09-26 13:45,13,35°C,0.0,0.001,0.001,175,
2026-09-26T05:45:56Z,chongqing,2026-09-26,2026-09-26 13:45,13,36°C or higher,0.0,0.001,0.001,202,
2026-09-26T05:45:56Z,kuala-lumpur,2026-09-26,2026-09-26 13:45,13,28°C or below,0.0,0.001,0.001,1920,
2026-09-26T05:45:56Z,kuala-lumpur,2026-09-26,2026-09-26 13:45,13,29°C,0.0,0.001,0.001,2690,
2026-09-26T05:45:56Z,kuala-lumpur,2026-09-26,2026-09-26 13:45,13,30°C,0.0,0.001,0.001,2504,
2026-09-26T05:45:56Z,kuala-lumpur,2026-09-26,2026-09-26 13:45,13,31°C,0.0,0.001,0.001,1682,
2026-09-26T05:45:56Z,kuala-lumpur,2026-09-26,2026-09-26 13:45,13,32°C,0.633,0.69,0.057,875,0.48
2026-09-26T05:45:56Z,kuala-lumpur,2026-09-26,2026-09-26 13:45,13,33°C,0.3,0.51,0.21,1751,0.33
2026-09-26T05:45:56Z,kuala-lumpur,2026-09-26,2026-09-26 13:45,13,34°C,0.033,0.03,-0.003,1313,
2026-09-26T05:45:56Z,kuala-lumpur,2026-09-26,2026-09-26 13:45,13,35°C,0.033,0.002,-0.031,214,0.001
2026-09-26T05:45:56Z,kuala-lumpur,2026-09-26,2026-09-26 13:45,13,36°C,0.0,0.001,0.001,217,
2026-09-26T05:45:56Z,kuala-lumpur,2026-09-26,2026-09-26 13:45,13,37°C,0.0,0.001,0.001,185,
2026-09-26T05:45:56Z,kuala-lumpur,2026-09-26,2026-09-26 13:45,13,38°C or higher,0.0,0.001,0.001,175,
2026-09-26T05:45:56Z,manila,2026-09-26,2026-09-26 13:45,13,29°C or below,0.0,0.001,0.001,432,
2026-09-26T05:45:56Z,manila,2026-09-26,2026-09-26 13:45,13,30°C,0.0,0.001,0.001,1603,
2026-09-26T05:45:56Z,manila,2026-09-26,2026-09-26 13:45,13,31°C,0.0,0.001,0.001,4806,
2026-09-26T05:45:56Z,manila,2026-09-26,2026-09-26 13:45,13,32°C,0.9,0.9,0.0,5482,0.8
2026-09-26T05:45:56Z,manila,2026-09-26,2026-09-26 13:45,13,33°C,0.1,0.17,0.07,8161,0.07
2026-09-26T05:45:56Z,manila,2026-09-26,2026-09-26 13:45,13,34°C,0.0,0.02,0.02,8824,0.01
2026-09-26T05:45:56Z,manila,2026-09-26,2026-09-26 13:45,13,35°C,0.0,0.004,0.004,1909,
2026-09-26T05:45:56Z,manila,2026-09-26,2026-09-26 13:45,13,36°C,0.0,0.004,0.004,1797,
2026-09-26T05:45:56Z,manila,2026-09-26,2026-09-26 13:45,13,37°C,0.0,0.001,0.001,170,
2026-09-26T05:45:56Z,manila,2026-09-26,2026-09-26 13:45,13,38°C,0.0,0.001,0.001,25,
2026-09-26T05:45:56Z,manila,2026-09-26,2026-09-26 13:45,13,39°C or higher,0.0,0.001,0.001,169,
2026-09-26T05:45:56Z,qingdao,2026-09-26,2026-09-26 13:45,13,21°C or below,0.0,0.001,0.001,182,
2026-09-26T05:45:56Z,qingdao,2026-09-26,2026-09-26 13:45,13,22°C,0.0,0.001,0.001,138,
2026-09-26T05:45:56Z,qingdao,2026-09-26,2026-09-26 13:45,13,23°C,0.0,0.001,0.001,1221,
2026-09-26T05:45:56Z,qingdao,2026-09-26,2026-09-26 13:45,13,24°C,0.533,0.06,-0.473,1485,0.01
2026-09-26T05:45:56Z,qingdao,2026-09-26,2026-09-26 13:45,13,25°C,0.433,0.71,0.277,1546,0.6
2026-09-26T05:45:56Z,qingdao,2026-09-26,2026-09-26 13:45,13,26°C,0.033,0.32,0.287,2425,0.2
2026-09-26T05:45:56Z,qingdao,2026-09-26,2026-09-26 13:45,13,27°C,0.0,0.03,0.03,1076,0.02
2026-09-26T05:45:56Z,qingdao,2026-09-26,2026-09-26 13:45,13,28°C,0.0,0.003,0.003,1062,
2026-09-26T05:45:56Z,qingdao,2026-09-26,2026-09-26 13:45,13,29°C,0.0,0.001,0.001,181,
2026-09-26T05:45:56Z,qingdao,2026-09-26,2026-09-26 13:45,13,30°C,0.0,0.001,0.001,681,
2026-09-26T05:45:56Z,qingdao,2026-09-26,2026-09-26 13:45,13,31°C or higher,0.0,0.001,0.001,125,
2026-09-26T05:45:56Z,shanghai,2026-09-26,2026-09-26 13:45,13,27°C or below,0.0,0.001,0.001,2754,
2026-09-26T05:45:56Z,shanghai,2026-09-26,2026-09-26 13:45,13,28°C,0.0,0.001,0.001,5790,
2026-09-26T05:45:56Z,shanghai,2026-09-26,2026-09-26 13:45,13,29°C,0.0,0.001,0.001,17817,
2026-09-26T05:45:56Z,shanghai,2026-09-26,2026-09-26 13:45,13,30°C,0.867,0.79,-0.077,9948,0.69
2026-09-26T05:45:56Z,shanghai,2026-09-26,2026-09-26 13:45,13,31°C,0.133,0.3,0.167,6950,0.2
2026-09-26T05:45:56Z,shanghai,2026-09-26,2026-09-26 13:45,13,32°C,0.0,0.008,0.008,4251,0.003
2026-09-26T05:45:56Z,shanghai,2026-09-26,2026-09-26 13:45,13,33°C,0.0,0.004,0.004,3078,
2026-09-26T05:45:56Z,shanghai,2026-09-26,2026-09-26 13:45,13,34°C,0.0,0.001,0.001,569,
2026-09-26T05:45:56Z,shanghai,2026-09-26,2026-09-26 13:45,13,35°C,0.0,0.001,0.001,1175,
2026-09-26T05:45:56Z,shanghai,2026-09-26,2026-09-26 13:45,13,36°C,0.0,0.001,0.001,178,
2026-09-26T05:45:56Z,shanghai,2026-09-26,2026-09-26 13:45,13,37°C or higher,0.0,0.001,0.001,108,
2026-09-26T05:45:56Z,wellington,2026-09-26,2026-09-26 17:45,17,9°C or below,0.0,0.001,0.001,1214,
2026-09-26T05:45:56Z,wellington,2026-09-26,2026-09-26 17:45,17,10°C,0.0,0.001,0.001,1225,
2026-09-26T05:45:56Z,wellington,2026-09-26,2026-09-26 17:45,17,11°C,0.0,0.001,0.001,934,
2026-09-26T05:45:56Z,wellington,2026-09-26,2026-09-26 17:45,17,12°C,0.0,0.001,0.001,389,
2026-09-26T05:45:56Z,wellington,2026-09-26,2026-09-26 17:45,17,13°C,0.0,0.001,0.001,3745,
2026-09-26T05:45:56Z,wellington,2026-09-26,2026-09-26 17:45,17,14°C,0.967,0.001,-0.966,15104,
2026-09-26T05:45:56Z,wellington,2026-09-26,2026-09-26 17:45,17,15°C,0.0,0.996,0.996,9862,0.983
2026-09-26T05:45:56Z,wellington,2026-09-26,2026-09-26 17:45,17,16°C,0.033,0.012,-0.021,7755,0.002
2026-09-26T05:45:56Z,wellington,2026-09-26,2026-09-26 17:45,17,17°C,0.0,0.001,0.001,4704,
2026-09-26T05:45:56Z,wellington,2026-09-26,2026-09-26 17:45,17,18°C,0.0,0.001,0.001,2756,
2026-09-26T05:45:56Z,wellington,2026-09-26,2026-09-26 17:45,17,19°C or higher,0.0,0.001,0.001,95,
2026-09-26T05:45:56Z,wuhan,2026-09-26,2026-09-26 13:45,13,25°C or below,0.3,0.24,-0.06,6122,0.12
2026-09-26T05:45:56Z,wuhan,2026-09-26,2026-09-26 13:45,13,26°C,0.467,0.53,0.063,2949,0.41
2026-09-26T05:45:56Z,wuhan,2026-09-26,2026-09-26 13:45,13,27°C,0.2,0.37,0.17,1474,0.2
2026-09-26T05:45:56Z,wuhan,2026-09-26,2026-09-26 13:45,13,28°C,0.033,0.1,0.067,1977,0.08
2026-09-26T05:45:56Z,wuhan,2026-09-26,2026-09-26 13:45,13,29°C,0.0,0.013,0.013,1577,0.003
2026-09-26T05:45:56Z,wuhan,2026-09-26,2026-09-26 13:45,13,30°C,0.0,0.007,0.007,985,0.001
2026-09-26T05:45:56Z,wuhan,2026-09-26,2026-09-26 13:45,13,31°C,0.0,0.001,0.001,441,
2026-09-26T05:45:56Z,wuhan,2026-09-26,2026-09-26 13:45,13,32°C,0.0,0.001,0.001,175,
2026-09-26T05:45:56Z,wuhan,2026-09-26,2026-09-26 13:45,13,33°C,0.0,0.001,0.001,212,
2026-09-26T05:45:56Z,wuhan,2026-09-26,2026-09-26 13:45,13,34°C,0.0,0.001,0.001,100,
2026-09-26T05:45:56Z,wuhan,2026-09-26,2026-09-26 13:45,13,35°C or higher,0.0,0.001,0.001,175,
2026-09-26T06:02:13Z,busan,2026-09-26,2026-09-26 15:00,15,19°C or below,0.0,0.001,0.001,101,
2026-09-26T06:02:13Z,busan,2026-09-26,2026-09-26 15:00,15,20°C,0.0,0.001,0.001,318,
2026-09-26T06:02:13Z,busan,2026-09-26,2026-09-26 15:00,15,21°C,0.0,0.001,0.001,9630,
2026-09-26T06:02:13Z,busan,2026-09-26,2026-09-26 15:00,15,22°C,0.967,0.97,0.003,4761,0.94
2026-09-26T06:02:13Z,busan,2026-09-26,2026-09-26 15:00,15,23°C,0.033,0.04,0.007,2854,0.02
2026-09-26T06:02:13Z,busan,2026-09-26,2026-09-26 15:00,15,24°C,0.0,0.01,0.01,6028,0.002
2026-09-26T06:02:13Z,busan,2026-09-26,2026-09-26 15:00,15,25°C,0.0,0.004,0.004,5861,0.001
2026-09-26T06:02:13Z,busan,2026-09-26,2026-09-26 15:00,15,26°C,0.0,0.001,0.001,2670,
2026-09-26T06:02:13Z,busan,2026-09-26,2026-09-26 15:00,15,27°C,0.0,0.001,0.001,2797,
2026-09-26T06:02:13Z,busan,2026-09-26,2026-09-26 15:00,15,28°C,0.0,0.001,0.001,1984,
2026-09-26T06:02:13Z,busan,2026-09-26,2026-09-26 15:00,15,29°C or higher,0.0,0.001,0.001,1354,
2026-09-26T06:02:13Z,chengdu,2026-09-26,2026-09-26 14:00,14,23°C or below,0.0,0.001,0.001,185,
2026-09-26T06:02:13Z,chengdu,2026-09-26,2026-09-26 14:00,14,24°C,0.0,0.001,0.001,1817,
2026-09-26T06:02:13Z,chengdu,2026-09-26,2026-09-26 14:00,14,25°C,0.0,0.001,0.001,1551,
2026-09-26T06:02:13Z,chengdu,2026-09-26,2026-09-26 14:00,14,26°C,0.0,0.001,0.001,1507,
2026-09-26T06:02:13Z,chengdu,2026-09-26,2026-09-26 14:00,14,27°C,0.0,0.001,0.001,2003,
2026-09-26T06:02:13Z,chengdu,2026-09-26,2026-09-26 14:00,14,28°C,0.467,0.1,-0.367,1811,0.07
2026-09-26T06:02:13Z,chengdu,2026-09-26,2026-09-26 14:00,14,29°C,0.333,0.73,0.397,860,0.6
2026-09-26T06:02:13Z,chengdu,2026-09-26,2026-09-26 14:00,14,30°C,0.167,0.26,0.093,1407,0.2
2026-09-26T06:02:13Z,chengdu,2026-09-26,2026-09-26 14:00,14,31°C,0.033,0.006,-0.027,3220,0.002
2026-09-26T06:02:13Z,chengdu,2026-09-26,2026-09-26 14:00,14,32°C,0.0,0.008,0.008,1608,0.002
2026-09-26T06:02:13Z,chengdu,2026-09-26,2026-09-26 14:00,14,33°C or higher,0.0,0.004,0.004,1487,0.001
2026-09-26T06:02:13Z,chongqing,2026-09-26,2026-09-26 14:00,14,26°C or below,0.0,0.001,0.001,4253,
2026-09-26T06:02:13Z,chongqing,2026-09-26,2026-09-26 14:00,14,27°C,0.5,0.03,-0.47,1726,0.01
2026-09-26T06:02:13Z,chongqing,2026-09-26,2026-09-26 14:00,14,28°C,0.433,0.36,-0.073,538,0.24
2026-09-26T06:02:13Z,chongqing,2026-09-26,2026-09-26 14:00,14,29°C,0.067,0.52,0.453,535,0.5
2026-09-26T06:02:13Z,chongqing,2026-09-26,2026-09-26 14:00,14,30°C,0.0,0.18,0.18,1609,0.14
2026-09-26T06:02:13Z,chongqing,2026-09-26,2026-09-26 14:00,14,31°C,0.0,0.02,0.02,1938,0.01
2026-09-26T06:02:13Z,chongqing,2026-09-26,2026-09-26 14:00,14,32°C,0.0,0.002,0.002,1572,0.001
2026-09-26T06:02:13Z,chongqing,2026-09-26,2026-09-26 14:00,14,33°C,0.0,0.002,0.002,286,0.001
2026-09-26T06:02:13Z,chongqing,2026-09-26,2026-09-26 14:00,14,34°C,0.0,0.001,0.001,340,
2026-09-26T06:02:13Z,chongqing,2026-09-26,2026-09-26 14:00,14,35°C,0.0,0.001,0.001,175,
2026-09-26T06:02:13Z,chongqing,2026-09-26,2026-09-26 14:00,14,36°C or higher,0.0,0.001,0.001,202,
2026-09-26T06:02:13Z,kuala-lumpur,2026-09-26,2026-09-26 14:00,14,28°C or below,0.0,0.001,0.001,1920,
2026-09-26T06:02:13Z,kuala-lumpur,2026-09-26,2026-09-26 14:00,14,29°C,0.0,0.001,0.001,2690,
2026-09-26T06:02:13Z,kuala-lumpur,2026-09-26,2026-09-26 14:00,14,30°C,0.0,0.001,0.001,2504,
2026-09-26T06:02:13Z,kuala-lumpur,2026-09-26,2026-09-26 14:00,14,31°C,0.0,0.001,0.001,1682,
2026-09-26T06:02:13Z,kuala-lumpur,2026-09-26,2026-09-26 14:00,14,32°C,0.8,0.68,-0.12,904,0.52
2026-09-26T06:02:13Z,kuala-lumpur,2026-09-26,2026-09-26 14:00,14,33°C,0.167,0.46,0.293,1791,0.34
2026-09-26T06:02:13Z,kuala-lumpur,2026-09-26,2026-09-26 14:00,14,34°C,0.033,0.03,-0.003,1413,
2026-09-26T06:02:13Z,kuala-lumpur,2026-09-26,2026-09-26 14:00,14,35°C,0.0,0.001,0.001,244,
2026-09-26T06:02:13Z,kuala-lumpur,2026-09-26,2026-09-26 14:00,14,36°C,0.0,0.001,0.001,217,
2026-09-26T06:02:13Z,kuala-lumpur,2026-09-26,2026-09-26 14:00,14,37°C,0.0,0.001,0.001,185,
2026-09-26T06:02:13Z,kuala-lumpur,2026-09-26,2026-09-26 14:00,14,38°C or higher,0.0,0.001,0.001,175,
2026-09-26T06:02:13Z,manila,2026-09-26,2026-09-26 14:00,14,29°C or below,0.0,0.001,0.001,432,
2026-09-26T06:02:13Z,manila,2026-09-26,2026-09-26 14:00,14,30°C,0.0,0.001,0.001,1603,
2026-09-26T06:02:13Z,manila,2026-09-26,2026-09-26 14:00,14,31°C,0.0,0.001,0.001,4806,
2026-09-26T06:02:13Z,manila,2026-09-26,2026-09-26 14:00,14,32°C,0.933,0.88,-0.053,5518,0.78
2026-09-26T06:02:13Z,manila,2026-09-26,2026-09-26 14:00,14,33°C,0.067,0.17,0.103,8166,0.11
2026-09-26T06:02:13Z,manila,2026-09-26,2026-09-26 14:00,14,34°C,0.0,0.02,0.02,8829,0.01
2026-09-26T06:02:13Z,manila,2026-09-26,2026-09-26 14:00,14,35°C,0.0,0.004,0.004,1909,
2026-09-26T06:02:13Z,manila,2026-09-26,2026-09-26 14:00,14,36°C,0.0,0.004,0.004,1797,
2026-09-26T06:02:13Z,manila,2026-09-26,2026-09-26 14:00,14,37°C,0.0,0.001,0.001,170,
2026-09-26T06:02:13Z,manila,2026-09-26,2026-09-26 14:00,14,38°C,0.0,0.001,0.001,25,
2026-09-26T06:02:13Z,manila,2026-09-26,2026-09-26 14:00,14,39°C or higher,0.0,0.001,0.001,169,
2026-09-26T06:02:13Z,qingdao,2026-09-26,2026-09-26 14:00,14,21°C or below,0.0,0.001,0.001,182,
2026-09-26T06:02:13Z,qingdao,2026-09-26,2026-09-26 14:00,14,22°C,0.0,0.001,0.001,138,
2026-09-26T06:02:13Z,qingdao,2026-09-26,2026-09-26 14:00,14,23°C,0.0,0.001,0.001,1221,
2026-09-26T06:02:13Z,qingdao,2026-09-26,2026-09-26 14:00,14,24°C,0.967,0.04,-0.927,1507,0.01
2026-09-26T06:02:13Z,qingdao,2026-09-26,2026-09-26 14:00,14,25°C,0.033,0.38,0.347,1595,0.28
2026-09-26T06:02:13Z,qingdao,2026-09-26,2026-09-26 14:00,14,26°C,0.0,0.68,0.68,2526,0.62
2026-09-26T06:02:13Z,qingdao,2026-09-26,2026-09-26 14:00,14,27°C,0.0,0.04,0.04,1076,0.02
2026-09-26T06:02:13Z,qingdao,2026-09-26,2026-09-26 14:00,14,28°C,0.0,0.003,0.003,1062,
2026-09-26T06:02:13Z,qingdao,2026-09-26,2026-09-26 14:00,14,29°C,0.0,0.001,0.001,181,
2026-09-26T06:02:13Z,qingdao,2026-09-26,2026-09-26 14:00,14,30°C,0.0,0.001,0.001,681,
2026-09-26T06:02:13Z,qingdao,2026-09-26,2026-09-26 14:00,14,31°C or higher,0.0,0.001,0.001,125,
2026-09-26T06:02:13Z,shanghai,2026-09-26,2026-09-26 14:00,14,27°C or below,0.0,0.001,0.001,2754,
2026-09-26T06:02:13Z,shanghai,2026-09-26,2026-09-26 14:00,14,28°C,0.0,0.001,0.001,5790,
2026-09-26T06:02:13Z,shanghai,2026-09-26,2026-09-26 14:00,14,29°C,0.0,0.001,0.001,17917,
2026-09-26T06:02:13Z,shanghai,2026-09-26,2026-09-26 14:00,14,30°C,0.967,0.81,-0.157,10283,0.76
2026-09-26T06:02:13Z,shanghai,2026-09-26,2026-09-26 14:00,14,31°C,0.033,0.27,0.237,7127,0.18
2026-09-26T06:02:13Z,shanghai,2026-09-26,2026-09-26 14:00,14,32°C,0.0,0.005,0.005,4540,0.001
2026-09-26T06:02:13Z,shanghai,2026-09-26,2026-09-26 14:00,14,33°C,0.0,0.002,0.002,3083,
2026-09-26T06:02:13Z,shanghai,2026-09-26,2026-09-26 14:00,14,34°C,0.0,0.001,0.001,569,
2026-09-26T06:02:13Z,shanghai,2026-09-26,2026-09-26 14:00,14,35°C,0.0,0.001,0.001,1175,
2026-09-26T06:02:13Z,shanghai,2026-09-26,2026-09-26 14:00,14,36°C,0.0,0.001,0.001,178,
2026-09-26T06:02:13Z,shanghai,2026-09-26,2026-09-26 14:00,14,37°C or higher,0.0,0.001,0.001,108,
2026-09-26T06:02:13Z,wellington,2026-09-26,2026-09-26 18:00,18,9°C or below,0.0,0.001,0.001,1214,
2026-09-26T06:02:13Z,wellington,2026-09-26,2026-09-26 18:00,18,10°C,0.0,0.001,0.001,1225,
2026-09-26T06:02:13Z,wellington,2026-09-26,2026-09-26 18:00,18,11°C,0.0,0.001,0.001,934,
2026-09-26T06:02:13Z,wellington,2026-09-26,2026-09-26 18:00,18,12°C,0.0,0.001,0.001,389,
2026-09-26T06:02:13Z,wellington,2026-09-26,2026-09-26 18:00,18,13°C,0.0,0.001,0.001,3745,
2026-09-26T06:02:13Z,wellington,2026-09-26,2026-09-26 18:00,18,14°C,0.967,0.001,-0.966,15109,
2026-09-26T06:02:13Z,wellington,2026-09-26,2026-09-26 18:00,18,15°C,0.0,0.995,0.995,9910,0.981
2026-09-26T06:02:13Z,wellington,2026-09-26,2026-09-26 18:00,18,16°C,0.033,0.007,-0.026,7777,0.001
2026-09-26T06:02:13Z,wellington,2026-09-26,2026-09-26 18:00,18,17°C,0.0,0.001,0.001,4704,
2026-09-26T06:02:13Z,wellington,2026-09-26,2026-09-26 18:00,18,18°C,0.0,0.001,0.001,2756,
2026-09-26T06:02:13Z,wellington,2026-09-26,2026-09-26 18:00,18,19°C or higher,0.0,0.001,0.001,95,
2026-09-26T06:02:13Z,wuhan,2026-09-26,2026-09-26 14:01,14,25°C or below,0.6,0.52,-0.08,6190,0.09
2026-09-26T06:02:13Z,wuhan,2026-09-26,2026-09-26 14:01,14,26°C,0.333,0.6,0.267,2985,0.3
2026-09-26T06:02:13Z,wuhan,2026-09-26,2026-09-26 14:01,14,27°C,0.067,0.3,0.233,1484,0.12
2026-09-26T06:02:13Z,wuhan,2026-09-26,2026-09-26 14:01,14,28°C,0.0,0.08,0.08,1990,0.03
2026-09-26T06:02:13Z,wuhan,2026-09-26,2026-09-26 14:01,14,29°C,0.0,0.013,0.013,1577,0.003
2026-09-26T06:02:13Z,wuhan,2026-09-26,2026-09-26 14:01,14,30°C,0.0,0.003,0.003,985,0.001
2026-09-26T06:02:13Z,wuhan,2026-09-26,2026-09-26 14:01,14,31°C,0.0,0.001,0.001,441,
2026-09-26T06:02:13Z,wuhan,2026-09-26,2026-09-26 14:01,14,32°C,0.0,0.001,0.001,175,
2026-09-26T06:02:13Z,wuhan,2026-09-26,2026-09-26 14:01,14,33°C,0.0,0.001,0.001,212,
2026-09-26T06:02:13Z,wuhan,2026-09-26,2026-09-26 14:01,14,34°C,0.0,0.001,0.001,100,
2026-09-26T06:02:13Z,wuhan,2026-09-26,2026-09-26 14:01,14,35°C or higher,0.0,0.001,0.001,175,
2026-09-26T06:10:02Z,busan,2026-09-26,2026-09-26 15:10,15,19°C or below,0.0,0.001,0.001,101,
2026-09-26T06:10:02Z,busan,2026-09-26,2026-09-26 15:10,15,20°C,0.0,0.001,0.001,318,
2026-09-26T06:10:02Z,busan,2026-09-26,2026-09-26 15:10,15,21°C,0.0,0.001,0.001,9630,
2026-09-26T06:10:02Z,busan,2026-09-26,2026-09-26 15:10,15,22°C,0.967,0.98,0.013,4794,0.97
2026-09-26T06:10:02Z,busan,2026-09-26,2026-09-26 15:10,15,23°C,0.033,0.04,0.007,2904,0.03
2026-09-26T06:10:02Z,busan,2026-09-26,2026-09-26 15:10,15,24°C,0.0,0.003,0.003,6128,0.001
2026-09-26T06:10:02Z,busan,2026-09-26,2026-09-26 15:10,15,25°C,0.0,0.003,0.003,5861,0.001
2026-09-26T06:10:02Z,busan,2026-09-26,2026-09-26 15:10,15,26°C,0.0,0.001,0.001,2670,
2026-09-26T06:10:02Z,busan,2026-09-26,2026-09-26 15:10,15,27°C,0.0,0.001,0.001,2797,
2026-09-26T06:10:02Z,busan,2026-09-26,2026-09-26 15:10,15,28°C,0.0,0.001,0.001,1984,
2026-09-26T06:10:02Z,busan,2026-09-26,2026-09-26 15:10,15,29°C or higher,0.0,0.001,0.001,1354,
2026-09-26T06:15:52Z,busan,2026-09-26,2026-09-26 15:15,15,19°C or below,0.0,0.001,0.001,101,
2026-09-26T06:15:52Z,busan,2026-09-26,2026-09-26 15:15,15,20°C,0.0,0.001,0.001,318,
2026-09-26T06:15:52Z,busan,2026-09-26,2026-09-26 15:15,15,21°C,0.0,0.001,0.001,9630,
2026-09-26T06:15:52Z,busan,2026-09-26,2026-09-26 15:15,15,22°C,0.967,0.99,0.023,4794,0.97
2026-09-26T06:15:52Z,busan,2026-09-26,2026-09-26 15:15,15,23°C,0.033,0.03,-0.003,2904,0.02
2026-09-26T06:15:52Z,busan,2026-09-26,2026-09-26 15:15,15,24°C,0.0,0.002,0.002,6128,0.001
2026-09-26T06:15:52Z,busan,2026-09-26,2026-09-26 15:15,15,25°C,0.0,0.003,0.003,5861,0.001
2026-09-26T06:15:52Z,busan,2026-09-26,2026-09-26 15:15,15,26°C,0.0,0.001,0.001,2670,
2026-09-26T06:15:52Z,busan,2026-09-26,2026-09-26 15:15,15,27°C,0.0,0.001,0.001,2797,
2026-09-26T06:15:52Z,busan,2026-09-26,2026-09-26 15:15,15,28°C,0.0,0.001,0.001,1984,
2026-09-26T06:15:52Z,busan,2026-09-26,2026-09-26 15:15,15,29°C or higher,0.0,0.001,0.001,1354,
2026-09-26T06:15:52Z,chengdu,2026-09-26,2026-09-26 14:15,14,23°C or below,0.0,0.001,0.001,185,
2026-09-26T06:15:52Z,chengdu,2026-09-26,2026-09-26 14:15,14,24°C,0.0,0.001,0.001,1817,
2026-09-26T06:15:52Z,chengdu,2026-09-26,2026-09-26 14:15,14,25°C,0.0,0.001,0.001,1551,
2026-09-26T06:15:52Z,chengdu,2026-09-26,2026-09-26 14:15,14,26°C,0.0,0.001,0.001,1560,
2026-09-26T06:15:52Z,chengdu,2026-09-26,2026-09-26 14:15,14,27°C,0.0,0.001,0.001,2003,
2026-09-26T06:15:52Z,chengdu,2026-09-26,2026-09-26 14:15,14,28°C,0.467,0.23,-0.237,2206,0.15
2026-09-26T06:15:52Z,chengdu,2026-09-26,2026-09-26 14:15,14,29°C,0.333,0.75,0.417,909,0.61
2026-09-26T06:15:52Z,chengdu,2026-09-26,2026-09-26 14:15,14,30°C,0.167,0.13,-0.037,1563,0.08
2026-09-26T06:15:52Z,chengdu,2026-09-26,2026-09-26 14:15,14,31°C,0.033,0.005,-0.028,3844,0.001
2026-09-26T06:15:52Z,chengdu,2026-09-26,2026-09-26 14:15,14,32°C,0.0,0.003,0.003,2156,0.001
2026-09-26T06:15:52Z,chengdu,2026-09-26,2026-09-26 14:15,14,33°C or higher,0.0,0.004,0.004,1497,0.001
2026-09-26T06:15:52Z,chongqing,2026-09-26,2026-09-26 14:15,14,26°C or below,0.0,0.001,0.001,4253,
2026-09-26T06:15:52Z,chongqing,2026-09-26,2026-09-26 14:15,14,27°C,0.0,0.001,0.001,2540,
2026-09-26T06:15:52Z,chongqing,2026-09-26,2026-09-26 14:15,14,28°C,0.5,0.39,-0.11,538,0.21
2026-09-26T06:15:52Z,chongqing,2026-09-26,2026-09-26 14:15,14,29°C,0.433,0.65,0.217,535,0.49
2026-09-26T06:15:52Z,chongqing,2026-09-26,2026-09-26 14:15,14,30°C,0.067,0.17,0.103,1629,0.1
2026-09-26T06:15:52Z,chongqing,2026-09-26,2026-09-26 14:15,14,31°C,0.0,0.02,0.02,1973,0.01
2026-09-26T06:15:52Z,chongqing,2026-09-26,2026-09-26 14:15,14,32°C,0.0,0.002,0.002,1572,0.001
2026-09-26T06:15:52Z,chongqing,2026-09-26,2026-09-26 14:15,14,33°C,0.0,0.002,0.002,286,0.001
2026-09-26T06:15:52Z,chongqing,2026-09-26,2026-09-26 14:15,14,34°C,0.0,0.001,0.001,340,
2026-09-26T06:15:52Z,chongqing,2026-09-26,2026-09-26 14:15,14,35°C,0.0,0.001,0.001,175,
2026-09-26T06:15:52Z,chongqing,2026-09-26,2026-09-26 14:15,14,36°C or higher,0.0,0.001,0.001,202,
2026-09-26T06:15:52Z,kuala-lumpur,2026-09-26,2026-09-26 14:15,14,28°C or below,0.0,0.001,0.001,1920,
2026-09-26T06:15:52Z,kuala-lumpur,2026-09-26,2026-09-26 14:15,14,29°C,0.0,0.001,0.001,2690,
2026-09-26T06:15:52Z,kuala-lumpur,2026-09-26,2026-09-26 14:15,14,30°C,0.0,0.001,0.001,2504,
2026-09-26T06:15:52Z,kuala-lumpur,2026-09-26,2026-09-26 14:15,14,31°C,0.0,0.001,0.001,1682,
2026-09-26T06:15:52Z,kuala-lumpur,2026-09-26,2026-09-26 14:15,14,32°C,0.8,0.68,-0.12,908,0.52
2026-09-26T06:15:52Z,kuala-lumpur,2026-09-26,2026-09-26 14:15,14,33°C,0.167,0.45,0.283,1791,0.32
2026-09-26T06:15:52Z,kuala-lumpur,2026-09-26,2026-09-26 14:15,14,34°C,0.033,0.03,-0.003,1413,
2026-09-26T06:15:52Z,kuala-lumpur,2026-09-26,2026-09-26 14:15,14,35°C,0.0,0.001,0.001,244,
2026-09-26T06:15:52Z,kuala-lumpur,2026-09-26,2026-09-26 14:15,14,36°C,0.0,0.001,0.001,217,
2026-09-26T06:15:52Z,kuala-lumpur,2026-09-26,2026-09-26 14:15,14,37°C,0.0,0.001,0.001,185,
2026-09-26T06:15:52Z,kuala-lumpur,2026-09-26,2026-09-26 14:15,14,38°C or higher,0.0,0.001,0.001,175,
2026-09-26T06:15:52Z,manila,2026-09-26,2026-09-26 14:15,14,29°C or below,0.0,0.001,0.001,432,
2026-09-26T06:15:52Z,manila,2026-09-26,2026-09-26 14:15,14,30°C,0.0,0.001,0.001,1603,
2026-09-26T06:15:52Z,manila,2026-09-26,2026-09-26 14:15,14,31°C,0.0,0.001,0.001,4806,
2026-09-26T06:15:52Z,manila,2026-09-26,2026-09-26 14:15,14,32°C,0.933,0.96,0.027,5925,0.92
2026-09-26T06:15:52Z,manila,2026-09-26,2026-09-26 14:15,14,33°C,0.067,0.06,-0.007,8509,0.04
2026-09-26T06:15:52Z,manila,2026-09-26,2026-09-26 14:15,14,34°C,0.0,0.01,0.01,9041,
2026-09-26T06:15:52Z,manila,2026-09-26,2026-09-26 14:15,14,35°C,0.0,0.002,0.002,1933,
2026-09-26T06:15:52Z,manila,2026-09-26,2026-09-26 14:15,14,36°C,0.0,0.004,0.004,1821,
2026-09-26T06:15:52Z,manila,2026-09-26,2026-09-26 14:15,14,37°C,0.0,0.001,0.001,170,
2026-09-26T06:15:52Z,manila,2026-09-26,2026-09-26 14:15,14,38°C,0.0,0.001,0.001,25,
2026-09-26T06:15:52Z,manila,2026-09-26,2026-09-26 14:15,14,39°C or higher,0.0,0.001,0.001,169,
2026-09-26T06:15:52Z,qingdao,2026-09-26,2026-09-26 14:15,14,21°C or below,0.0,0.001,0.001,182,
2026-09-26T06:15:52Z,qingdao,2026-09-26,2026-09-26 14:15,14,22°C,0.0,0.001,0.001,138,
2026-09-26T06:15:52Z,qingdao,2026-09-26,2026-09-26 14:15,14,23°C,0.0,0.001,0.001,1221,
2026-09-26T06:15:52Z,qingdao,2026-09-26,2026-09-26 14:15,14,24°C,0.0,0.001,0.001,2487,
2026-09-26T06:15:52Z,qingdao,2026-09-26,2026-09-26 14:15,14,25°C,0.967,0.74,-0.227,2976,0.59
2026-09-26T06:15:52Z,qingdao,2026-09-26,2026-09-26 14:15,14,26°C,0.033,0.41,0.377,3132,0.24
2026-09-26T06:15:52Z,qingdao,2026-09-26,2026-09-26 14:15,14,27°C,0.0,0.03,0.03,1466,0.02
2026-09-26T06:15:52Z,qingdao,2026-09-26,2026-09-26 14:15,14,28°C,0.0,0.009,0.009,1097,0.002
2026-09-26T06:15:52Z,qingdao,2026-09-26,2026-09-26 14:15,14,29°C,0.0,0.001,0.001,181,
2026-09-26T06:15:52Z,qingdao,2026-09-26,2026-09-26 14:15,14,30°C,0.0,0.001,0.001,681,
2026-09-26T06:15:52Z,qingdao,2026-09-26,2026-09-26 14:15,14,31°C or higher,0.0,0.001,0.001,125,
2026-09-26T06:15:52Z,shanghai,2026-09-26,2026-09-26 14:15,14,27°C or below,0.0,0.001,0.001,2754,
2026-09-26T06:15:52Z,shanghai,2026-09-26,2026-09-26 14:15,14,28°C,0.0,0.001,0.001,5790,
2026-09-26T06:15:52Z,shanghai,2026-09-26,2026-09-26 14:15,14,29°C,0.0,0.001,0.001,17921,
2026-09-26T06:15:52Z,shanghai,2026-09-26,2026-09-26 14:15,14,30°C,0.967,0.99,0.023,12365,0.98
2026-09-26T06:15:52Z,shanghai,2026-09-26,2026-09-26 14:15,14,31°C,0.033,0.02,-0.013,8848,0.01
2026-09-26T06:15:52Z,shanghai,2026-09-26,2026-09-26 14:15,14,32°C,0.0,0.005,0.005,5202,0.001
2026-09-26T06:15:52Z,shanghai,2026-09-26,2026-09-26 14:15,14,33°C,0.0,0.002,0.002,3083,
2026-09-26T06:15:52Z,shanghai,2026-09-26,2026-09-26 14:15,14,34°C,0.0,0.001,0.001,569,
2026-09-26T06:15:52Z,shanghai,2026-09-26,2026-09-26 14:15,14,35°C,0.0,0.001,0.001,1175,
2026-09-26T06:15:52Z,shanghai,2026-09-26,2026-09-26 14:15,14,36°C,0.0,0.001,0.001,178,
2026-09-26T06:15:52Z,shanghai,2026-09-26,2026-09-26 14:15,14,37°C or higher,0.0,0.001,0.001,108,
2026-09-26T06:15:52Z,wellington,2026-09-26,2026-09-26 18:15,18,9°C or below,0.0,0.001,0.001,1214,
2026-09-26T06:15:52Z,wellington,2026-09-26,2026-09-26 18:15,18,10°C,0.0,0.001,0.001,1225,
2026-09-26T06:15:52Z,wellington,2026-09-26,2026-09-26 18:15,18,11°C,0.0,0.001,0.001,934,
2026-09-26T06:15:52Z,wellington,2026-09-26,2026-09-26 18:15,18,12°C,0.0,0.001,0.001,389,
2026-09-26T06:15:52Z,wellington,2026-09-26,2026-09-26 18:15,18,13°C,0.0,0.001,0.001,3745,
2026-09-26T06:15:52Z,wellington,2026-09-26,2026-09-26 18:15,18,14°C,0.967,0.001,-0.966,15114,
2026-09-26T06:15:52Z,wellington,2026-09-26,2026-09-26 18:15,18,15°C,0.0,0.998,0.998,10191,0.997
2026-09-26T06:15:52Z,wellington,2026-09-26,2026-09-26 18:15,18,16°C,0.033,0.002,-0.031,8141,0.001
2026-09-26T06:15:52Z,wellington,2026-09-26,2026-09-26 18:15,18,17°C,0.0,0.001,0.001,4704,
2026-09-26T06:15:52Z,wellington,2026-09-26,2026-09-26 18:15,18,18°C,0.0,0.001,0.001,2756,
2026-09-26T06:15:52Z,wellington,2026-09-26,2026-09-26 18:15,18,19°C or higher,0.0,0.001,0.001,95,
2026-09-26T06:15:52Z,wuhan,2026-09-26,2026-09-26 14:15,14,25°C or below,0.6,0.61,0.01,6315,0.51
2026-09-26T06:15:52Z,wuhan,2026-09-26,2026-09-26 14:15,14,26°C,0.333,0.39,0.057,3030,0.3
2026-09-26T06:15:52Z,wuhan,2026-09-26,2026-09-26 14:15,14,27°C,0.067,0.08,0.013,1522,0.07
2026-09-26T06:15:52Z,wuhan,2026-09-26,2026-09-26 14:15,14,28°C,0.0,0.04,0.04,2054,0.03
2026-09-26T06:15:52Z,wuhan,2026-09-26,2026-09-26 14:15,14,29°C,0.0,0.009,0.009,1645,0.001
2026-09-26T06:15:52Z,wuhan,2026-09-26,2026-09-26 14:15,14,30°C,0.0,0.002,0.002,1033,
2026-09-26T06:15:52Z,wuhan,2026-09-26,2026-09-26 14:15,14,31°C,0.0,0.001,0.001,441,
2026-09-26T06:15:52Z,wuhan,2026-09-26,2026-09-26 14:15,14,32°C,0.0,0.001,0.001,175,
2026-09-26T06:15:52Z,wuhan,2026-09-26,2026-09-26 14:15,14,33°C,0.0,0.001,0.001,212,
2026-09-26T06:15:52Z,wuhan,2026-09-26,2026-09-26 14:15,14,34°C,0.0,0.001,0.001,100,
2026-09-26T06:15:52Z,wuhan,2026-09-26,2026-09-26 14:15,14,35°C or higher,0.0,0.001,0.001,175,
2026-09-26T06:20:01Z,busan,2026-09-26,2026-09-26 15:20,15,19°C or below,0.0,0.001,0.001,101,
2026-09-26T06:20:01Z,busan,2026-09-26,2026-09-26 15:20,15,20°C,0.0,0.001,0.001,318,
2026-09-26T06:20:01Z,busan,2026-09-26,2026-09-26 15:20,15,21°C,0.0,0.001,0.001,9630,
2026-09-26T06:20:01Z,busan,2026-09-26,2026-09-26 15:20,15,22°C,0.967,0.99,0.023,4794,0.98
2026-09-26T06:20:01Z,busan,2026-09-26,2026-09-26 15:20,15,23°C,0.033,0.03,-0.003,2904,0.01
2026-09-26T06:20:01Z,busan,2026-09-26,2026-09-26 15:20,15,24°C,0.0,0.006,0.006,6128,0.001
2026-09-26T06:20:01Z,busan,2026-09-26,2026-09-26 15:20,15,25°C,0.0,0.003,0.003,5861,
2026-09-26T06:20:01Z,busan,2026-09-26,2026-09-26 15:20,15,26°C,0.0,0.001,0.001,2670,
2026-09-26T06:20:01Z,busan,2026-09-26,2026-09-26 15:20,15,27°C,0.0,0.001,0.001,2797,
2026-09-26T06:20:01Z,busan,2026-09-26,2026-09-26 15:20,15,28°C,0.0,0.001,0.001,1984,
2026-09-26T06:20:01Z,busan,2026-09-26,2026-09-26 15:20,15,29°C or higher,0.0,0.001,0.001,1354,
