b_best_match,b_ecmwf_aifs025_single,b_ecmwf_ifs025,b_gem_seamless,b_gfs_seamless,b_icon_seamless,b_jma_seamless,b_meteofrance_seamless,b_ncep_hrrr_conus,b_ncep_nbm_conus,b_ukmo_seamless,city,date,icao,m_best_match,m_ecmwf_aifs025_single,m_ecmwf_ifs025,m_gem_seamless,m_gfs_seamless,m_icon_seamless,m_jma_seamless,m_meteofrance_seamless,m_ncep_hrrr_conus,m_ncep_nbm_conus,m_ukmo_seamless,model_spread_c,mu_c,n_models,obs_c,rmse_n,sigma_c,tz,unit
-1.14,-1.94,-1.48,-0.5,-0.62,-1.64,-0.94,-2.52,,,-0.7,hong-kong,2026-07-01,HKO,31.1,30.6,31.6,31.4,30.4,30.8,32.4,29.5,,,32.1,0.845,32.371,9,33.5,0,1.2,Asia/Hong_Kong,C
-1.35,-2.1,-1.55,-0.767,-1.033,-1.817,-0.967,-2.767,,,-0.817,hong-kong,2026-07-02,HKO,31.1,30.9,30.9,31.2,30.8,30.9,31.0,29.0,,,32.2,0.778,32.395,9,32.2,0,1.2,Asia/Hong_Kong,C
-1.314,-1.986,-1.514,-0.8,-1.086,-1.743,-1.0,-2.829,,,-0.7,hong-kong,2026-07-03,HKO,30.6,29.7,30.3,31.1,30.5,29.9,30.5,28.4,,,32.2,0.973,31.805,9,31.0,0,1.2,Asia/Hong_Kong,C
-1.2,-1.9,-1.413,-0.688,-1.013,-1.663,-0.938,-2.8,,,-0.462,hong-kong,2026-07-04,HKO,28.6,28.8,28.5,29.7,29.7,29.0,30.0,28.3,,,30.2,0.667,30.454,9,32.6,8,1.181,Asia/Hong_Kong,C
-1.511,-2.111,-1.711,-0.933,-1.222,-1.878,-1.122,-2.967,,,-0.678,hong-kong,2026-07-05,HKO,29.6,29.8,30.7,30.9,29.8,30.4,30.8,29.3,,,31.4,0.665,31.815,9,33.0,9,1.323,Asia/Hong_Kong,C
-1.7,-2.22,-1.77,-1.05,-1.42,-1.95,-1.23,-3.04,,,-0.77,hong-kong,2026-07-06,HKO,29.9,29.3,30.3,30.3,29.0,29.0,29.8,28.8,,,30.3,0.581,31.354,9,31.6,10,1.31,Asia/Hong_Kong,C
-1.7,-2.227,-1.727,-1.073,-1.527,-2.009,-1.282,-3.018,,,-0.818,hong-kong,2026-07-07,HKO,27.8,28.3,28.5,30.1,29.2,28.1,29.1,27.2,,,28.3,0.805,30.17,9,28.6,11,1.251,Asia/Hong_Kong,C
-1.625,-2.067,-1.592,-0.858,-1.35,-1.883,-1.133,-2.883,,,-0.775,hong-kong,2026-07-08,HKO,29.8,29.0,30.2,30.0,29.8,29.6,29.5,28.5,,,30.9,0.648,31.314,9,31.8,12,1.281,Asia/Hong_Kong,C
-1.654,-2.123,-1.592,-0.931,-1.4,-1.908,-1.223,-2.915,,,-0.785,hong-kong,2026-07-09,HKO,30.3,30.1,31.0,31.0,30.1,29.3,30.0,28.5,,,31.0,0.793,31.826,9,31.8,13,1.238,Asia/Hong_Kong,C
-1.643,-2.093,-1.536,-0.921,-1.421,-1.95,-1.264,-2.943,,,-0.786,hong-kong,2026-07-10,HKO,31.8,30.6,32.1,30.8,31.1,31.1,30.8,29.6,,,33.4,1.013,32.969,9,33.1,14,1.193,Asia/Hong_Kong,C
-1.607,-2.093,-1.364,-1.071,-1.564,-1.986,-1.371,-3.007,,,-0.707,hong-kong,2026-07-11,HKO,33.9,31.1,33.4,32.1,32.8,33.3,33.5,30.8,,,35.2,1.306,34.608,9,34.2,14,1.111,Asia/Hong_Kong,C
-1.586,-2.236,-1.35,-1.271,-1.707,-1.979,-1.414,-3.157,,,-0.65,hong-kong,2026-07-12,HKO,32.6,31.3,33.0,32.1,31.4,31.8,33.1,30.0,,,34.2,1.158,33.896,9,34.5,14,1.109,Asia/Hong_Kong,C
-1.629,-2.336,-1.379,-1.407,-1.857,-2.057,-1.421,-3.307,,,-0.55,hong-kong,2026-07-13,HKO,31.2,30.6,32.2,31.0,31.4,32.0,30.2,29.5,,,32.9,0.992,33.049,9,33.8,14,1.057,Asia/Hong_Kong,C
-1.793,-2.436,-1.436,-1.5,-1.95,-2.057,-1.564,-3.386,,,-0.55,hong-kong,2026-07-14,HKO,28.0,29.0,27.6,27.4,28.0,27.6,27.8,28.2,,,29.4,0.633,29.954,9,28.8,14,1.018,Asia/Hong_Kong,C
-1.729,-2.243,-1.443,-1.529,-1.893,-1.979,-1.571,-3.207,,,-0.486,hong-kong,2026-07-15,HKO,28.2,28.3,28.0,28.4,27.3,27.6,28.7,27.9,,,29.2,0.537,29.918,9,28.8,14,0.97,Asia/Hong_Kong,C
-1.6,-2.071,-1.364,-1.407,-1.779,-1.871,-1.5,-2.986,,,-0.357,hong-kong,2026-07-16,HKO,27.4,27.9,27.6,29.0,29.9,27.7,28.5,27.8,,,29.7,0.885,29.93,9,27.8,14,0.969,Asia/Hong_Kong,C
-1.55,-1.971,-1.286,-1.25,-1.529,-1.786,-1.364,-2.757,,,-0.221,hong-kong,2026-07-17,HKO,29.8,29.2,29.3,29.7,29.9,28.0,29.9,28.0,,,29.8,0.728,30.855,9,30.3,14,1.123,Asia/Hong_Kong,C
-1.557,-1.957,-1.307,-1.3,-1.521,-1.871,-1.357,-2.736,,,-0.343,hong-kong,2026-07-18,HKO,29.6,29.4,29.2,30.6,30.6,29.0,29.0,28.8,,,31.9,0.973,31.301,9,30.5,14,1.112,Asia/Hong_Kong,C
-1.336,-1.764,-1.107,-1.086,-1.307,-1.721,-1.279,-2.55,,,-0.071,hong-kong,2026-07-19,HKO,29.6,29.3,29.9,31.1,30.0,29.0,30.2,28.5,,,31.9,0.986,31.234,9,30.6,14,0.977,Asia/Hong_Kong,C
-1.164,-1.629,-0.993,-0.9,-1.121,-1.65,-1.15,-2.436,,,0.136,hong-kong,2026-07-20,HKO,28.7,29.2,28.9,29.2,29.0,28.1,28.7,27.9,,,29.8,0.546,30.047,9,29.7,14,0.939,Asia/Hong_Kong,C
-1.114,-1.5,-0.957,-0.843,-0.986,-1.579,-1.093,-2.364,,,0.236,hong-kong,2026-07-21,HKO,29.8,29.0,29.9,30.2,30.1,30.4,29.9,29.0,,,30.6,0.527,30.987,9,30.9,14,0.941,Asia/Hong_Kong,C
-1.136,-1.614,-1.021,-1.0,-1.086,-1.579,-1.2,-2.4,,,0.236,hong-kong,2026-07-22,HKO,30.3,30.2,30.3,30.6,30.3,30.6,31.1,29.5,,,31.5,0.536,31.646,9,33.4,14,0.843,Asia/Hong_Kong,C
-1.214,-1.643,-1.129,-1.071,-1.164,-1.621,-1.2,-2.443,,,0.164,hong-kong,2026-07-23,HKO,31.2,30.4,31.5,30.9,31.0,30.9,31.7,29.7,,,32.7,0.791,32.372,9,33.4,14,0.956,Asia/Hong_Kong,C
-1.264,-1.736,-1.207,-1.193,-1.214,-1.621,-1.193,-2.471,,,0.171,hong-kong,2026-07-24,HKO,32.4,31.0,32.7,31.5,31.8,32.6,32.5,29.7,,,33.9,1.128,33.37,9,33.7,14,0.995,Asia/Hong_Kong,C
-1.264,-1.75,-1.207,-1.186,-1.207,-1.557,-1.114,-2.507,,,0.164,hong-kong,2026-07-25,HKO,33.1,30.3,31.6,32.3,30.5,33.4,29.8,30.6,,,35.0,1.638,33.193,9,34.5,14,0.998,Asia/Hong_Kong,C
-1.343,-1.829,-1.357,-1.193,-1.393,-1.571,-1.4,-2.543,,,0.129,hong-kong,2026-07-26,HKO,26.9,27.5,26.8,26.6,27.2,28.8,28.3,29.4,,,27.1,0.926,28.898,9,28.3,14,1.052,Asia/Hong_Kong,C
-1.307,-1.657,-1.357,-1.143,-1.25,-1.343,-1.3,-2.143,,,0.064,hong-kong,2026-07-27,HKO,26.7,27.5,28.0,29.9,28.2,28.8,28.8,27.3,,,29.9,1.049,29.438,9,28.7,14,1.051,Asia/Hong_Kong,C
-1.264,-1.514,-1.293,-0.857,-1.114,-1.207,-1.036,-1.936,,,0.214,hong-kong,2026-07-28,HKO,29.1,28.1,29.6,29.1,28.0,28.0,29.6,26.9,,,28.8,0.843,29.775,9,29.5,14,1.051,Asia/Hong_Kong,C
-1.236,-1.629,-1.2,-0.786,-1.164,-1.229,-0.957,-2.079,,,0.121,hong-kong,2026-07-29,HKO,27.0,27.7,27.3,28.7,26.4,27.6,28.3,26.9,,,27.4,0.666,28.553,9,27.9,14,1.007,Asia/Hong_Kong,C
-1.257,-1.607,-1.186,-0.7,-1.164,-1.164,-0.921,-2.086,,,0.057,hong-kong,2026-07-30,HKO,27.1,27.5,27.7,29.2,28.5,27.6,28.1,27.0,,,27.3,0.671,28.857,9,28.8,14,0.977,Asia/Hong_Kong,C
-1.35,-1.707,-1.25,-0.757,-1.336,-1.243,-1.021,-2.214,,,-0.186,hong-kong,2026-08-01,HKO,28.5,27.5,26.9,27.9,27.0,27.1,27.2,26.4,,,28.1,0.624,28.721,9,28.9,14,0.795,Asia/Hong_Kong,C
-1.343,-1.729,-1.321,-0.786,-1.443,-1.207,-1.114,-2.229,,,-0.207,hong-kong,2026-08-02,HKO,25.9,26.6,26.9,27.9,25.6,26.8,26.1,26.7,,,25.8,0.673,27.712,9,26.8,14,0.782,Asia/Hong_Kong,C
-1.343,-1.664,-1.221,-0.714,-1.536,-1.1,-1.057,-2.114,,,-0.379,hong-kong,2026-08-03,HKO,28.2,27.6,27.8,27.3,26.7,26.7,28.3,27.4,,,28.4,0.604,28.887,9,28.4,14,0.791,Asia/Hong_Kong,C
-1.286,-1.629,-1.214,-0.829,-1.614,-1.107,-1.036,-2.036,,,-0.471,hong-kong,2026-08-04,HKO,30.4,28.7,30.5,29.9,28.6,30.3,28.5,28.8,,,32.3,1.188,31.095,9,32.5,14,0.783,Asia/Hong_Kong,C
-1.364,-1.864,-1.3,-0.979,-1.843,-1.15,-1.25,-2.171,,,-0.493,hong-kong,2026-08-05,HKO,30.8,29.6,31.0,30.1,30.4,31.1,31.0,30.0,,,31.7,0.62,32.034,9,33.1,14,0.864,Asia/Hong_Kong,C
-1.45,-1.979,-1.379,-1.143,-1.979,-1.257,-1.329,-2.257,,,-0.571,hong-kong,2026-08-06,HKO,31.6,29.8,31.6,30.7,30.9,31.3,32.3,29.1,,,32.8,1.093,32.647,9,34.4,14,0.909,Asia/Hong_Kong,C
-1.429,-2.079,-1.357,-1.207,-2.007,-1.279,-1.314,-2.357,,,-0.55,hong-kong,2026-08-07,HKO,33.1,30.9,32.7,31.9,31.9,32.7,32.9,29.8,,,34.3,1.239,33.83,9,33.8,14,0.909,Asia/Hong_Kong,C
-1.321,-2.071,-1.3,-1.164,-1.971,-1.179,-1.257,-2.379,,,-0.464,hong-kong,2026-08-08,HKO,36.0,31.8,34.4,33.0,34.9,33.9,34.2,32.2,,,36.6,1.518,35.711,9,34.7,14,0.867,Asia/Hong_Kong,C
-1.136,-2.086,-1.25,-1.129,-1.821,-1.157,-1.207,-2.271,,,-0.343,hong-kong,2026-08-09,HKO,36.2,32.6,34.3,34.0,35.4,36.0,36.5,33.4,,,37.2,1.47,36.45,9,36.9,14,0.903,Asia/Hong_Kong,C
-1.086,-2.093,-1.229,-1.179,-1.643,-1.143,-0.9,-2.243,,,-0.357,hong-kong,2026-08-10,HKO,36.6,32.1,34.1,33.5,34.8,35.0,34.9,31.4,,,36.4,1.658,35.79,9,35.4,14,0.842,Asia/Hong_Kong,C
-0.9,-2.271,-1.214,-1.193,-1.607,-1.207,-0.936,-2.607,,,-0.2,hong-kong,2026-08-11,HKO,35.7,32.1,34.4,32.6,33.9,34.0,33.2,30.0,,,35.4,1.659,35.057,9,35.1,14,0.833,Asia/Hong_Kong,C
-0.714,-2.4,-1.214,-1.457,-1.657,-1.293,-1.079,-2.871,,,-0.264,hong-kong,2026-08-12,HKO,34.4,31.9,34.0,32.9,32.4,32.8,32.9,29.9,,,35.5,1.507,34.51,9,34.5,14,0.809,Asia/Hong_Kong,C
-0.693,-2.486,-1.257,-1.543,-1.7,-1.307,-1.2,-3.014,,,-0.143,hong-kong,2026-08-13,HKO,32.7,31.0,32.8,32.3,31.8,32.0,32.1,29.9,,,33.1,0.936,33.477,9,33.8,14,0.806,Asia/Hong_Kong,C
-0.707,-2.671,-1.286,-1.707,-1.736,-1.414,-1.35,-3.221,,,-0.157,hong-kong,2026-08-14,HKO,28.4,29.0,28.7,31.1,30.2,29.0,29.7,28.9,,,29.3,0.794,30.761,9,30.7,14,0.792,Asia/Hong_Kong,C
-0.75,-2.7,-1.35,-1.707,-1.75,-1.45,-1.371,-3.221,,,-0.15,hong-kong,2026-08-15,HKO,31.8,30.3,31.8,29.3,31.4,30.1,30.8,28.5,,,30.8,1.054,32.284,9,31.8,14,0.792,Asia/Hong_Kong,C
-0.721,-2.707,-1.207,-1.814,-1.643,-1.443,-1.321,-3.279,,,-0.164,hong-kong,2026-08-16,HKO,33.6,31.6,33.2,31.6,32.1,32.1,32.4,29.5,,,34.0,1.259,33.92,9,33.6,14,0.801,Asia/Hong_Kong,C
-0.657,-2.836,-1.243,-2.036,-1.664,-1.55,-1.357,-3.564,,,-0.064,hong-kong,2026-08-17,HKO,32.4,29.7,34.2,32.5,32.4,32.8,30.7,30.1,,,32.7,1.378,33.637,9,32.3,14,0.767,Asia/Hong_Kong,C
-0.636,-2.964,-1.064,-1.943,-1.536,-1.393,-1.464,-3.65,,,-0.036,hong-kong,2026-08-18,HKO,30.7,30.7,30.9,30.5,29.9,30.8,31.6,28.6,,,31.9,0.903,32.184,9,32.2,14,0.837,Asia/Hong_Kong,C
-0.593,-2.8,-1.014,-1.879,-1.421,-1.336,-1.221,-3.643,,,-0.043,hong-kong,2026-08-19,HKO,30.9,31.0,31.1,31.3,30.2,31.3,31.9,29.6,,,32.1,0.73,32.482,9,32.8,14,0.747,Asia/Hong_Kong,C
-0.564,-2.679,-0.986,-1.771,-1.414,-1.3,-1.136,-3.65,,,0.007,hong-kong,2026-08-20,HKO,29.3,29.0,29.3,29.8,30.0,28.6,28.4,28.2,,,29.7,0.604,30.597,9,29.7,14,0.696,Asia/Hong_Kong,C
-0.393,-2.4,-0.814,-1.5,-1.143,-1.157,-1.079,-3.379,,,0.121,hong-kong,2026-08-21,HKO,30.8,29.7,30.6,30.1,31.1,28.9,30.5,28.8,,,29.3,0.796,31.3,9,31.5,14,0.568,Asia/Hong_Kong,C
-0.393,-2.321,-0.8,-1.464,-1.036,-1.264,-1.086,-3.286,,,-0.071,hong-kong,2026-08-22,HKO,31.6,30.9,32.2,30.5,30.8,30.6,31.1,28.8,,,29.1,1.024,32.017,9,31.8,14,0.57,Asia/Hong_Kong,C
-0.5,-2.179,-0.75,-1.436,-1.121,-1.293,-1.1,-3.321,,,-0.4,hong-kong,2026-08-23,HKO,31.3,29.9,31.5,31.0,31.5,30.9,29.6,29.3,,,30.8,0.786,32.008,9,32.0,14,0.506,Asia/Hong_Kong,C
-0.5,-2.021,-0.6,-1.3,-1.05,-1.307,-1.243,-3.264,,,-0.507,hong-kong,2026-08-24,HKO,30.7,30.2,31.6,31.2,31.0,30.8,30.4,29.6,,,31.6,0.619,32.026,9,33.0,14,0.5,Asia/Hong_Kong,C
-0.75,-1.986,-0.607,-1.293,-1.15,-1.436,-1.393,-3.221,,,-0.679,hong-kong,2026-08-25,HKO,31.0,30.4,31.1,31.3,30.7,29.7,30.3,29.5,,,31.1,0.606,31.918,9,31.1,14,0.546,Asia/Hong_Kong,C
-0.8,-1.821,-0.557,-1.1,-1.093,-1.457,-1.314,-2.971,,,-0.7,hong-kong,2026-08-26,HKO,29.9,30.0,29.3,31.1,30.7,29.2,30.4,29.1,,,31.4,0.791,31.295,9,29.9,14,0.588,Asia/Hong_Kong,C
-0.793,-1.629,-0.564,-0.9,-0.886,-1.386,-1.164,-2.7,,,-0.664,hong-kong,2026-08-27,HKO,28.4,29.1,29.0,29.7,29.9,28.7,28.7,28.0,,,28.5,0.576,30.009,9,29.6,14,0.696,Asia/Hong_Kong,C
-0.8,-1.464,-0.536,-0.786,-0.721,-1.321,-1.107,-2.536,,,-0.693,hong-kong,2026-08-28,HKO,31.6,30.3,30.6,31.1,31.4,30.6,30.5,28.7,,,31.3,0.819,31.821,9,32.2,14,0.7,Asia/Hong_Kong,C
-0.679,-1.479,-0.507,-0.893,-0.743,-1.314,-1.157,-2.657,,,-0.657,hong-kong,2026-08-29,HKO,32.3,31.0,31.7,31.9,30.8,31.1,30.3,28.9,,,33.6,1.245,32.445,9,32.8,14,0.707,Asia/Hong_Kong,C
-0.714,-1.5,-0.586,-0.779,-0.857,-1.314,-1.264,-2.7,,,-0.529,hong-kong,2026-08-30,HKO,29.4,29.3,29.5,30.0,29.6,29.7,30.0,28.1,,,31.2,0.765,30.686,9,30.1,14,0.701,Asia/Hong_Kong,C
-0.764,-1.414,-0.6,-0.643,-0.786,-1.236,-1.186,-2.55,,,-0.479,hong-kong,2026-08-31,HKO,30.3,28.1,28.8,28.8,29.3,29.6,27.3,28.3,,,29.0,0.827,29.989,9,29.5,14,0.713,Asia/Hong_Kong,C
-0.714,-1.329,-0.786,-0.707,-0.807,-1.264,-1.229,-2.479,,,-0.543,hong-kong,2026-09-01,HKO,27.1,28.3,26.9,28.5,27.9,27.4,27.5,28.1,,,26.7,0.6,28.581,9,28.7,14,0.631,Asia/Hong_Kong,C
-0.721,-1.25,-0.821,-0.6,-0.7,-1.257,-1.271,-2.264,,,-0.664,hong-kong,2026-09-02,HKO,31.1,28.9,28.8,29.7,29.1,30.2,29.0,27.9,,,30.9,0.993,30.619,9,31.8,14,0.632,Asia/Hong_Kong,C
-0.636,-1.329,-0.914,-0.643,-0.707,-1.264,-1.407,-2.314,,,-0.679,hong-kong,2026-09-03,HKO,29.7,29.3,28.9,30.0,30.3,30.6,28.9,28.6,,,31.0,0.789,30.733,9,30.1,14,0.701,Asia/Hong_Kong,C
-0.636,-1.336,-0.971,-0.657,-0.714,-1.15,-1.4,-2.314,,,-0.614,hong-kong,2026-09-04,HKO,30.1,28.6,30.2,29.2,29.7,29.4,28.4,27.5,,,29.7,0.833,30.375,9,31.0,14,0.68,Asia/Hong_Kong,C
-0.65,-1.379,-0.964,-0.686,-0.779,-1.079,-1.514,-2.371,,,-0.55,hong-kong,2026-09-05,HKO,29.6,29.1,30.4,29.7,30.2,30.3,30.7,28.3,,,30.1,0.704,30.88,9,32.2,14,0.699,Asia/Hong_Kong,C
-0.821,-1.536,-1.121,-0.771,-0.85,-1.129,-1.571,-2.436,,,-0.507,hong-kong,2026-09-06,HKO,30.3,28.8,30.3,28.5,29.7,29.9,28.3,27.9,,,30.7,0.959,30.678,9,30.7,14,0.78,Asia/Hong_Kong,C
-0.8,-1.521,-1.114,-0.857,-0.886,-1.107,-1.571,-2.443,,,-0.421,hong-kong,2026-09-07,HKO,30.9,29.6,31.6,30.8,31.2,31.0,30.1,29.1,,,30.3,0.758,31.745,9,30.3,14,0.78,Asia/Hong_Kong,C
-0.593,-1.371,-0.921,-0.693,-0.679,-0.9,-1.4,-2.286,,,-0.321,hong-kong,2026-09-08,HKO,32.0,29.9,31.5,31.9,31.6,32.1,32.3,29.2,,,32.2,1.038,32.399,9,32.7,14,0.831,Asia/Hong_Kong,C
-0.636,-1.521,-1.007,-0.764,-0.729,-0.843,-1.371,-2.421,,,-0.357,hong-kong,2026-09-09,HKO,29.7,29.0,30.0,30.1,29.2,30.1,30.5,28.7,,,30.8,0.661,30.778,9,32.2,14,0.806,Asia/Hong_Kong,C
-0.814,-1.757,-1.121,-1.0,-1.0,-0.943,-1.529,-2.614,,,-0.564,hong-kong,2026-09-10,HKO,29.6,29.5,30.1,30.3,29.3,30.0,30.7,28.9,,,31.2,0.677,31.112,9,31.9,14,0.809,Asia/Hong_Kong,C
-0.893,-1.893,-1.207,-1.121,-1.207,-1.014,-1.55,-2.714,,,-0.536,hong-kong,2026-09-11,HKO,31.2,30.4,31.3,30.7,30.2,31.2,29.8,29.3,,,31.2,0.676,31.987,9,32.6,14,0.829,Asia/Hong_Kong,C
-0.95,-1.914,-1.186,-1.179,-1.321,-1.0,-1.629,-2.7,,,-0.571,hong-kong,2026-09-12,HKO,32.3,30.4,32.2,31.3,30.9,30.8,30.6,30.0,,,32.2,0.81,32.643,9,33.1,14,0.839,Asia/Hong_Kong,C
-0.971,-1.979,-1.171,-1.243,-1.336,-1.043,-1.629,-2.643,,,-0.693,hong-kong,2026-09-13,HKO,29.1,28.6,29.5,28.2,28.8,29.0,29.4,27.2,,,30.7,0.904,30.356,9,31.7,14,0.842,Asia/Hong_Kong,C
-1.107,-2.143,-1.286,-1.486,-1.507,-1.207,-1.786,-2.821,,,-0.843,hong-kong,2026-09-14,HKO,29.5,28.4,29.2,29.5,29.2,29.6,27.9,28.2,,,28.7,0.593,30.505,9,28.7,14,0.902,Asia/Hong_Kong,C
-1.107,-2.064,-1.2,-1.379,-1.457,-1.15,-1.686,-2.771,,,-0.807,hong-kong,2026-09-15,HKO,30.7,28.3,30.5,29.4,29.0,30.5,29.1,28.4,,,31.7,1.098,31.281,9,31.4,14,1.015,Asia/Hong_Kong,C
-1.043,-2.257,-1.136,-1.507,-1.571,-1.121,-1.764,-2.943,,,-0.643,hong-kong,2026-09-16,HKO,29.3,29.1,29.6,29.2,28.6,29.7,29.8,28.3,,,30.2,0.563,30.806,9,31.5,14,1.015,Asia/Hong_Kong,C
-1.15,-2.221,-1.057,-1.521,-1.586,-1.136,-1.686,-2.893,,,-0.671,hong-kong,2026-09-17,HKO,29.4,28.9,29.8,29.6,28.3,29.5,30.9,28.0,,,30.1,0.841,30.858,9,31.4,14,0.982,Asia/Hong_Kong,C
-1.264,-2.343,-1.086,-1.643,-1.821,-1.307,-1.636,-3.029,,,-0.829,hong-kong,2026-09-18,HKO,29.5,29.0,29.8,29.6,28.6,30.0,31.2,28.5,,,30.4,0.815,31.185,9,31.7,14,0.978,Asia/Hong_Kong,C
-1.357,-2.364,-1.164,-1.664,-1.95,-1.314,-1.486,-3.007,,,-0.829,hong-kong,2026-09-19,HKO,31.1,30.0,30.6,30.8,29.3,30.9,31.6,28.8,,,31.5,0.907,32.17,9,33.2,14,0.974,Asia/Hong_Kong,C
-1.321,-2.371,-1.221,-1.657,-2.086,-1.343,-1.493,-3.043,,,-0.8,hong-kong,2026-09-20,HKO,32.3,30.2,31.7,31.4,30.8,31.4,31.5,29.9,,,32.2,0.777,33.002,9,33.1,14,0.948,Asia/Hong_Kong,C
-1.35,-2.443,-1.293,-1.621,-2.179,-1.407,-1.436,-3.071,,,-0.864,hong-kong,2026-09-21,HKO,31.0,29.6,31.0,30.7,30.5,30.6,29.9,30.2,,,31.7,0.596,32.315,9,33.0,14,0.949,Asia/Hong_Kong,C
-1.536,-2.636,-1.529,-1.821,-2.421,-1.629,-1.643,-3.186,,,-0.957,hong-kong,2026-09-22,HKO,29.3,28.9,29.9,29.9,29.4,29.4,29.2,28.3,,,29.8,0.488,31.261,9,30.2,14,0.886,Asia/Hong_Kong,C
0.1,-2.32,-1.12,0.26,0.1,-1.32,-1.46,0.24,0.1,-0.36,0.02,miami,2026-06-30,KMIA,33.8,30.9,32.9,34.3,33.8,34.0,32.5,34.3,33.8,33.7,33.8,0.954,33.939,11,33.89,0,1.2,America/New_York,F
0.068,-2.432,-1.098,0.285,0.068,-1.082,-1.448,0.268,0.068,-0.332,0.002,miami,2026-07-01,KMIA,33.4,31.0,30.9,30.9,33.4,32.9,33.9,32.9,33.4,32.4,33.3,1.073,33.048,11,33.33,0,1.2,America/New_York,F
0.069,-2.417,-1.289,-0.103,0.069,-0.989,-1.16,0.169,0.069,-0.417,-0.003,miami,2026-07-02,KMIA,32.1,29.5,32.5,30.2,32.1,31.1,30.2,29.5,32.1,31.6,31.1,1.042,31.854,11,33.33,0,1.2,America/New_York,F
-0.094,-2.594,-1.231,-0.481,-0.094,-1.144,-1.406,-0.331,-0.094,-0.581,-0.281,miami,2026-07-03,KMIA,32.8,30.7,32.1,32.2,32.8,32.1,31.7,31.2,32.8,32.1,33.5,0.757,32.924,11,32.78,8,0.719,America/New_York,F
-0.081,-2.537,-1.17,-0.492,-0.081,-1.092,-1.37,-0.47,-0.081,-0.592,-0.17,miami,2026-07-04,KMIA,33.8,30.9,32.3,30.3,33.8,31.6,30.5,30.3,33.8,32.2,33.0,1.356,32.993,11,32.78,9,0.679,America/New_York,F
0.029,-2.471,-1.101,-0.691,0.029,-1.101,-1.461,-0.671,0.029,-0.591,-0.131,miami,2026-07-05,KMIA,34.3,29.0,32.0,30.7,34.3,30.8,31.0,33.0,34.3,32.0,33.3,1.679,33.047,11,34.44,10,0.648,America/New_York,F
0.014,-2.741,-1.223,-0.968,0.014,-1.332,-1.641,-0.741,0.014,-0.759,-0.223,miami,2026-07-06,KMIA,32.0,28.9,29.9,30.4,32.0,30.6,31.4,30.3,32.0,31.6,31.6,0.977,31.923,11,32.78,11,0.747,America/New_York,F
-0.053,-2.836,-1.361,-1.086,-0.053,-1.402,-1.619,-0.886,-0.053,-0.794,-0.303,miami,2026-07-07,KMIA,31.6,30.7,32.5,34.1,31.6,32.0,32.2,33.7,31.6,32.1,33.8,1.028,33.028,11,33.33,12,0.757,America/New_York,F
-0.182,-2.82,-1.32,-0.943,-0.182,-1.397,-1.582,-0.789,-0.182,-0.828,-0.243,miami,2026-07-08,KMIA,31.6,31.4,32.6,33.8,31.6,32.5,33.3,34.1,31.6,33.4,33.3,0.94,33.485,11,33.33,13,0.732,America/New_York,F
-0.292,-2.756,-1.278,-0.842,-0.292,-1.356,-1.471,-0.678,-0.292,-0.764,-0.228,miami,2026-07-09,KMIA,32.8,31.1,32.4,33.9,32.8,32.3,34.0,33.8,32.8,33.5,33.0,0.812,33.815,11,32.78,14,0.707,America/New_York,F
-0.314,-2.728,-1.235,-0.799,-0.314,-1.285,-1.371,-0.642,-0.314,-0.678,-0.214,miami,2026-07-10,KMIA,33.2,31.4,30.9,33.7,33.2,31.7,31.7,33.6,33.2,33.1,33.4,0.959,33.537,11,33.33,14,0.754,America/New_York,F
-0.379,-2.743,-1.35,-0.829,-0.379,-1.35,-1.371,-0.593,-0.379,-0.707,-0.271,miami,2026-07-11,KMIA,31.8,30.0,31.8,33.1,31.8,31.4,29.6,33.2,31.8,33.0,33.2,1.176,32.898,11,32.22,14,0.756,America/New_York,F
-0.439,-2.746,-1.289,-0.76,-0.439,-1.324,-1.417,-0.574,-0.439,-0.639,-0.203,miami,2026-07-12,KMIA,34.2,30.9,32.5,34.4,34.2,32.3,33.8,34.6,34.2,34.1,33.7,1.094,34.473,11,34.44,14,0.771,America/New_York,F
-0.404,-2.818,-1.354,-0.746,-0.404,-1.318,-1.289,-0.568,-0.404,-0.596,-0.182,miami,2026-07-13,KMIA,33.8,31.5,31.8,34.7,33.8,32.7,32.8,34.3,33.8,34.0,34.1,0.993,34.295,11,33.33,14,0.713,America/New_York,F
-0.349,-2.728,-1.356,-0.671,-0.349,-1.292,-1.249,-0.521,-0.349,-0.521,-0.142,miami,2026-07-14,KMIA,35.4,31.2,32.2,34.4,35.4,32.4,33.0,34.3,35.4,33.9,34.0,1.357,34.686,11,34.44,14,0.738,America/New_York,F
-0.274,-2.746,-1.446,-0.703,-0.274,-1.446,-1.253,-0.56,-0.274,-0.546,-0.167,miami,2026-07-15,KMIA,34.8,31.6,33.5,34.7,34.8,32.5,34.4,34.5,34.8,34.2,33.8,1.007,34.829,11,33.89,14,0.741,America/New_York,F
-0.214,-2.743,-1.3,-0.471,-0.214,-1.514,-1.257,-0.486,-0.214,-0.457,-0.171,miami,2026-07-16,KMIA,35.7,31.6,33.0,34.2,35.7,34.6,32.7,32.9,35.7,34.2,34.6,1.316,34.984,11,35.56,14,0.778,America/New_York,F
-0.116,-2.752,-1.424,-0.345,-0.116,-1.424,-1.238,-0.402,-0.116,-0.431,-0.081,miami,2026-07-17,KMIA,34.0,29.3,32.9,33.9,34.0,32.9,34.0,32.8,34.0,33.3,34.3,1.342,33.922,11,33.33,14,0.688,America/New_York,F
-0.07,-2.891,-1.406,-0.263,-0.07,-1.406,-1.113,-0.327,-0.07,-0.384,-0.063,miami,2026-07-18,KMIA,32.4,30.1,31.6,31.2,32.4,30.8,30.0,32.9,32.4,32.3,31.8,0.941,32.471,11,32.78,14,0.705,America/New_York,F
-0.17,-2.949,-1.456,-0.199,-0.17,-1.463,-1.149,-0.141,-0.17,-0.377,-0.149,miami,2026-07-19,KMIA,33.3,30.6,32.5,33.5,33.3,32.3,33.3,33.7,33.3,32.5,32.7,0.83,33.452,11,32.78,14,0.708,America/New_York,F
-0.123,-2.716,-1.301,0.12,-0.123,-1.237,-0.866,0.027,-0.123,-0.223,-0.073,miami,2026-07-20,KMIA,33.9,31.2,32.6,34.6,33.9,32.3,33.2,34.6,33.9,33.0,33.3,0.975,33.803,11,33.89,14,0.628,America/New_York,F
-0.066,-2.631,-1.188,0.341,-0.066,-1.195,-0.816,0.255,-0.066,-0.202,-0.031,miami,2026-07-21,KMIA,33.8,31.3,31.9,34.5,33.8,32.2,34.4,33.8,33.8,33.2,33.2,0.992,33.694,11,32.78,14,0.585,America/New_York,F
0.13,-2.549,-1.191,0.409,0.13,-1.141,-0.62,0.301,0.13,-0.084,-0.034,miami,2026-07-22,KMIA,33.2,31.3,32.0,33.5,33.2,32.2,33.0,33.3,33.2,32.8,33.3,0.658,33.165,11,33.33,14,0.629,America/New_York,F
0.244,-2.556,-1.234,0.387,0.244,-1.163,-0.641,0.244,0.244,-0.127,-0.034,miami,2026-07-23,KMIA,33.1,31.5,32.5,33.2,33.1,32.0,32.3,33.2,33.1,32.8,33.1,0.546,33.099,11,33.33,14,0.629,America/New_York,F
0.226,-2.566,-1.266,0.298,0.226,-1.224,-0.802,0.162,0.226,-0.216,-0.066,miami,2026-07-24,KMIA,32.9,30.9,32.1,33.4,32.9,32.6,31.1,34.0,32.9,32.4,32.5,0.865,32.907,11,33.33,14,0.569,America/New_York,F
0.205,-2.602,-1.181,0.276,0.205,-1.159,-0.845,0.191,0.205,-0.266,-0.131,miami,2026-07-25,KMIA,32.7,29.9,29.1,30.6,32.7,31.7,29.9,32.1,32.7,32.4,31.3,1.246,32.051,11,32.22,14,0.577,America/New_York,F
0.269,-2.609,-1.374,0.098,0.269,-1.138,-0.824,0.112,0.269,-0.309,-0.266,miami,2026-07-26,KMIA,33.0,30.1,32.4,30.3,33.0,32.5,31.2,30.5,33.0,31.8,33.0,1.116,32.479,11,34.44,14,0.55,America/New_York,F
0.184,-2.666,-1.381,-0.195,0.184,-1.124,-1.009,-0.181,0.184,-0.474,-0.316,miami,2026-07-27,KMIA,33.2,30.3,31.1,32.0,33.2,31.5,30.6,28.7,33.2,30.5,31.5,1.353,32.055,11,32.22,14,0.76,America/New_York,F
0.22,-2.673,-1.351,-0.309,0.22,-1.13,-1.087,-0.501,0.22,-0.644,-0.423,miami,2026-07-28,KMIA,30.9,30.3,32.1,32.7,30.9,31.9,32.2,28.9,30.9,32.1,32.5,1.086,32.093,11,31.67,14,0.716,America/New_York,F
0.096,-2.539,-1.161,-0.232,0.096,-0.968,-0.946,-0.689,0.096,-0.575,-0.332,miami,2026-07-29,KMIA,32.7,31.9,32.5,33.3,32.7,33.8,33.0,32.4,32.7,33.0,34.7,0.72,33.521,11,34.44,14,0.722,America/New_York,F
-0.093,-2.557,-1.271,-0.371,-0.093,-0.914,-1.086,-0.879,-0.093,-0.7,-0.307,miami,2026-07-30,KMIA,35.7,32.5,35.2,34.2,35.7,35.4,33.7,36.1,35.7,34.3,36.0,1.084,35.623,11,35.56,14,0.72,America/New_York,F
-0.093,-2.493,-1.114,-0.371,-0.093,-0.857,-1.014,-0.65,-0.093,-0.693,-0.207,miami,2026-07-31,KMIA,34.8,32.2,34.2,32.1,34.8,34.6,32.7,35.5,34.8,33.8,35.6,1.191,34.792,11,35.56,14,0.703,America/New_York,F
-0.195,-2.445,-1.181,-0.659,-0.195,-0.895,-1.266,-0.616,-0.195,-0.816,-0.274,miami,2026-08-01,KMIA,33.0,31.5,34.1,34.1,33.0,32.6,32.2,34.0,33.0,33.1,34.5,0.87,33.905,11,33.89,14,0.715,America/New_York,F
-0.231,-2.424,-1.081,-0.531,-0.231,-0.846,-1.189,-0.617,-0.231,-0.839,-0.16,miami,2026-08-02,KMIA,30.4,29.7,31.3,30.4,30.4,30.5,29.8,32.1,30.4,31.9,32.0,0.827,31.689,11,32.22,14,0.711,America/New_York,F
-0.399,-2.449,-1.127,-0.713,-0.399,-0.934,-1.399,-0.691,-0.399,-0.841,-0.17,miami,2026-08-03,KMIA,32.3,29.9,30.7,32.7,32.3,32.1,30.9,31.4,32.3,32.3,32.7,0.879,32.709,11,32.78,14,0.702,America/New_York,F
-0.434,-2.462,-1.184,-0.769,-0.434,-0.869,-1.484,-0.841,-0.434,-0.812,-0.134,miami,2026-08-04,KMIA,31.9,30.0,30.4,32.3,31.9,31.4,30.3,32.1,31.9,31.8,33.7,1.009,32.469,11,32.22,14,0.702,America/New_York,F
-0.529,-2.515,-1.251,-0.886,-0.529,-0.886,-1.736,-0.922,-0.529,-0.872,-0.058,miami,2026-08-05,KMIA,31.0,28.2,29.0,31.0,31.0,30.2,29.6,29.7,31.0,30.9,30.2,0.909,31.252,11,31.67,14,0.661,America/New_York,F
-0.568,-2.618,-1.346,-0.946,-0.568,-0.911,-1.861,-1.061,-0.568,-0.889,-0.161,miami,2026-08-06,KMIA,30.7,29.8,30.2,31.8,30.7,29.4,30.0,30.6,30.7,30.7,31.8,0.708,31.572,11,31.11,14,0.669,America/New_York,F
-0.581,-2.581,-1.352,-0.888,-0.581,-0.938,-1.866,-1.088,-0.581,-0.881,-0.095,miami,2026-08-07,KMIA,31.0,31.2,30.6,33.1,31.0,31.4,31.6,33.8,31.0,31.9,33.0,1.003,32.625,11,32.22,14,0.678,America/New_York,F
-0.637,-2.48,-1.38,-0.83,-0.637,-0.944,-1.751,-1.023,-0.637,-0.837,0.02,miami,2026-08-08,KMIA,33.2,31.4,31.8,33.4,33.2,32.4,33.4,34.1,33.2,32.1,33.2,0.776,33.66,11,32.78,14,0.677,America/New_York,F
-0.641,-2.413,-1.227,-0.67,-0.641,-0.934,-1.541,-0.92,-0.641,-0.899,0.116,miami,2026-08-09,KMIA,33.5,31.2,31.7,33.7,33.5,31.8,32.9,31.3,33.5,32.1,32.9,0.912,33.47,11,33.33,14,0.715,America/New_York,F
-0.526,-2.255,-1.198,-0.348,-0.526,-0.905,-1.341,-0.784,-0.526,-0.798,0.188,miami,2026-08-10,KMIA,33.0,31.4,32.0,33.8,33.0,32.8,33.3,34.6,33.0,32.8,33.0,0.793,33.684,11,33.33,14,0.5,America/New_York,F
-0.62,-2.256,-1.213,-0.299,-0.62,-0.891,-1.227,-0.441,-0.62,-0.713,0.216,miami,2026-08-11,KMIA,33.0,31.1,32.6,34.6,33.0,32.5,33.8,35.0,33.0,33.0,33.8,1.015,33.86,11,33.89,14,0.5,America/New_York,F
-0.629,-2.357,-1.336,-0.321,-0.629,-1.007,-1.271,-0.164,-0.629,-0.807,0.15,miami,2026-08-12,KMIA,34.3,31.6,33.5,33.8,34.3,32.6,33.7,34.6,34.3,33.1,34.3,0.866,34.417,11,33.89,14,0.5,America/New_York,F
-0.475,-2.339,-1.225,-0.246,-0.475,-1.054,-1.182,0.032,-0.475,-0.761,0.161,miami,2026-08-13,KMIA,32.7,31.1,32.8,33.5,32.7,32.8,32.7,33.5,32.7,32.8,34.2,0.728,33.547,11,34.44,14,0.5,America/New_York,F
-0.609,-2.359,-1.316,-0.216,-0.609,-1.159,-1.174,-0.074,-0.609,-0.788,0.112,miami,2026-08-14,KMIA,34.0,31.8,32.6,34.0,34.0,33.9,33.3,35.4,34.0,32.8,34.8,0.967,34.328,11,34.44,14,0.5,America/New_York,F
-0.586,-2.308,-1.351,-0.001,-0.586,-1.129,-1.051,-0.001,-0.586,-0.779,0.135,miami,2026-08-15,KMIA,32.8,31.6,33.3,34.1,32.8,32.9,34.7,35.7,32.8,33.0,34.3,1.087,34.016,11,33.89,14,0.5,America/New_York,F
-0.601,-2.301,-1.408,-0.001,-0.601,-1.108,-0.872,0.121,-0.601,-0.786,0.121,miami,2026-08-16,KMIA,34.0,31.4,33.2,33.8,34.0,33.0,34.5,35.3,34.0,33.8,34.0,0.934,34.474,11,33.89,14,0.5,America/New_York,F
-0.463,-2.299,-1.391,0.123,-0.463,-1.049,-0.656,0.23,-0.463,-0.77,0.144,miami,2026-08-17,KMIA,33.7,31.3,34.5,35.5,33.7,33.0,36.0,36.4,33.7,35.4,35.5,1.447,35.104,11,35.0,14,0.5,America/New_York,F
-0.521,-2.357,-1.279,0.164,-0.521,-1.143,-0.45,0.429,-0.521,-0.707,0.186,miami,2026-08-18,KMIA,36.2,32.2,36.0,36.9,36.2,37.0,36.3,37.1,36.2,35.9,37.2,1.314,36.68,11,37.22,14,0.5,America/New_York,F
-0.571,-2.557,-1.236,0.136,-0.571,-1.1,-0.379,0.429,-0.571,-0.771,0.079,miami,2026-08-19,KMIA,34.3,29.6,34.0,35.4,34.3,34.5,35.1,35.7,34.3,34.7,34.6,1.544,34.918,11,35.0,14,0.5,America/New_York,F
-0.574,-2.695,-1.116,0.212,-0.574,-1.031,-0.224,0.619,-0.574,-0.738,0.155,miami,2026-08-20,KMIA,32.9,31.7,32.6,34.2,32.9,32.2,33.9,31.0,32.9,33.3,34.3,0.974,33.624,11,33.89,14,0.5,America/New_York,F
-0.615,-2.758,-1.144,0.185,-0.615,-1.029,-0.144,0.449,-0.615,-0.751,0.135,miami,2026-08-21,KMIA,33.0,29.4,33.4,34.6,33.0,32.2,32.5,32.2,33.0,32.9,34.4,1.302,33.49,11,33.33,14,0.5,America/New_York,F
-0.551,-2.966,-1.023,0.213,-0.551,-1.051,-0.159,0.256,-0.551,-0.759,0.156,miami,2026-08-22,KMIA,33.1,31.6,33.1,33.6,33.1,33.2,33.8,35.0,33.1,33.1,34.5,0.836,33.963,11,34.44,14,0.5,America/New_York,F
-0.677,-3.07,-1.049,0.109,-0.677,-1.113,-0.249,0.201,-0.677,-0.806,0.13,miami,2026-08-23,KMIA,32.8,31.3,32.2,33.3,32.8,31.9,31.4,31.2,32.8,32.8,32.8,0.703,33.234,11,33.33,14,0.5,America/New_York,F
-0.727,-3.063,-1.013,0.08,-0.727,-1.106,-0.356,0.194,-0.727,-0.756,0.123,miami,2026-08-24,KMIA,32.2,30.2,31.5,30.9,32.2,31.6,32.8,30.2,32.2,32.0,33.7,1.008,32.646,11,32.78,14,0.5,America/New_York,F
-0.745,-3.109,-1.009,-0.088,-0.745,-1.152,-0.352,-0.081,-0.745,-0.774,0.212,miami,2026-08-25,KMIA,30.9,30.8,32.6,33.4,30.9,31.8,32.2,32.6,30.9,32.6,33.5,0.974,32.803,11,33.33,14,0.5,America/New_York,F
-0.855,-3.091,-0.969,-0.134,-0.855,-1.162,-0.426,-0.212,-0.855,-0.762,0.231,miami,2026-08-26,KMIA,32.5,28.9,30.6,33.4,32.5,31.5,30.6,30.7,32.5,31.8,32.6,1.237,32.542,11,33.33,14,0.5,America/New_York,F
-0.944,-3.244,-1.136,-0.122,-0.944,-1.201,-0.608,-0.451,-0.944,-0.815,0.149,miami,2026-08-27,KMIA,33.2,31.1,32.8,33.7,33.2,32.3,31.5,33.1,33.2,32.3,32.6,0.751,33.601,11,33.33,14,0.5,America/New_York,F
-0.829,-3.164,-1.057,-0.029,-0.829,-1.157,-0.614,-0.4,-0.829,-0.771,0.114,miami,2026-08-28,KMIA,32.7,30.9,32.1,33.4,32.7,32.7,31.6,33.4,32.7,32.4,34.0,0.824,33.441,11,33.89,14,0.5,America/New_York,F
-0.882,-3.189,-1.054,-0.032,-0.882,-1.204,-0.696,-0.504,-0.882,-0.761,0.096,miami,2026-08-29,KMIA,27.8,29.4,29.5,31.9,27.8,29.3,29.8,29.6,27.8,31.1,30.2,1.266,30.468,11,29.44,14,0.5,America/New_York,F
-0.921,-3.029,-1.007,0.129,-0.921,-1.143,-0.729,-0.621,-0.921,-0.579,0.121,miami,2026-08-30,KMIA,32.4,30.2,31.2,33.0,32.4,31.2,30.9,31.5,32.4,31.7,30.0,0.914,32.517,11,32.78,14,0.5,America/New_York,F
-0.956,-3.035,-1.071,0.151,-0.956,-1.192,-0.906,-0.814,-0.956,-0.649,-0.085,miami,2026-08-31,KMIA,32.1,30.1,30.6,31.8,32.1,31.8,30.3,31.6,32.1,30.7,31.7,0.734,32.255,11,32.78,14,0.5,America/New_York,F
-0.912,-2.962,-1.191,0.045,-0.912,-1.119,-1.155,-0.998,-0.912,-0.826,-0.198,miami,2026-09-01,KMIA,30.5,29.5,30.1,31.8,30.5,32.6,30.6,29.7,30.5,30.8,32.2,0.949,31.755,11,31.67,14,0.5,America/New_York,F
-0.923,-2.759,-1.216,0.077,-0.923,-1.037,-1.166,-1.13,-0.923,-0.794,-0.159,miami,2026-09-02,KMIA,30.9,29.3,30.8,30.7,30.9,31.5,30.9,30.1,30.9,31.1,31.0,0.553,31.802,11,31.67,14,0.5,America/New_York,F
-0.928,-2.542,-1.206,-0.021,-0.928,-1.014,-1.228,-1.292,-0.928,-0.814,-0.178,miami,2026-09-03,KMIA,31.8,31.5,31.5,32.6,31.8,32.1,31.2,32.2,31.8,31.5,32.3,0.399,32.772,11,33.89,14,0.5,America/New_York,F
-1.006,-2.556,-1.285,-0.135,-1.006,-1.021,-1.421,-1.206,-1.006,-0.942,-0.321,miami,2026-09-04,KMIA,31.2,29.7,28.8,29.7,31.2,30.8,30.7,30.9,31.2,30.7,31.4,0.782,31.694,11,32.22,14,0.543,America/New_York,F
-1.056,-2.456,-1.534,-0.406,-1.056,-1.041,-1.47,-1.22,-1.056,-1.02,-0.456,miami,2026-09-05,KMIA,30.9,29.7,31.3,31.4,30.9,31.2,30.6,32.2,30.9,31.3,32.3,0.683,32.281,11,32.22,14,0.559,America/New_York,F
-1.054,-2.433,-1.504,-0.404,-1.054,-1.026,-1.54,-1.261,-1.054,-0.99,-0.454,miami,2026-09-06,KMIA,32.2,29.7,29.0,31.1,32.2,30.9,31.8,28.9,32.2,30.8,31.5,1.18,32.148,11,32.22,14,0.545,America/New_York,F
-1.018,-2.468,-1.654,-0.482,-1.018,-1.018,-1.432,-1.346,-1.018,-1.054,-0.468,miami,2026-09-07,KMIA,32.4,28.4,30.2,30.0,32.4,30.8,31.0,31.5,32.4,31.1,31.7,1.168,32.345,11,32.78,14,0.545,America/New_York,F
-1.004,-2.596,-1.746,-0.546,-1.004,-1.075,-1.561,-1.254,-1.004,-1.118,-0.611,miami,2026-09-08,KMIA,32.5,30.1,32.1,32.0,32.5,32.0,32.8,31.8,32.5,31.1,32.5,0.745,33.09,11,32.22,14,0.556,America/New_York,F
-0.81,-2.567,-1.703,-0.567,-0.81,-0.981,-1.439,-1.231,-0.81,-1.146,-0.603,miami,2026-09-09,KMIA,31.9,29.6,30.1,31.6,31.9,30.5,31.7,29.8,31.9,30.7,31.8,0.876,32.184,11,32.22,14,0.586,America/New_York,F
-0.774,-2.438,-1.659,-0.616,-0.774,-0.974,-1.281,-1.216,-0.774,-1.145,-0.581,miami,2026-09-10,KMIA,31.5,28.7,29.5,30.5,31.5,29.6,29.5,30.3,31.5,31.0,30.9,0.925,31.699,11,32.22,14,0.547,America/New_York,F
-0.816,-2.53,-1.816,-0.766,-0.816,-1.087,-1.344,-1.337,-0.816,-1.159,-0.623,miami,2026-09-11,KMIA,30.9,28.6,30.3,30.5,30.9,30.5,29.5,30.5,30.9,31.3,32.7,0.977,31.898,11,31.11,14,0.56,America/New_York,F
-0.746,-2.496,-1.746,-0.774,-0.746,-1.046,-1.296,-1.346,-0.746,-1.039,-0.517,miami,2026-09-12,KMIA,32.3,30.2,31.4,30.6,32.3,31.7,30.6,31.3,32.3,31.1,32.9,0.822,32.648,11,33.89,14,0.586,America/New_York,F
-0.742,-2.756,-1.928,-1.185,-0.742,-1.192,-1.556,-1.542,-0.742,-1.356,-0.642,miami,2026-09-13,KMIA,32.0,29.6,31.1,31.3,32.0,32.0,30.5,30.1,32.0,30.7,32.4,0.879,32.519,11,32.22,14,0.615,America/New_York,F
-0.731,-2.759,-1.895,-1.266,-0.731,-1.095,-1.545,-1.602,-0.731,-1.388,-0.431,miami,2026-09-14,KMIA,30.8,30.6,31.8,31.6,30.8,32.1,32.7,31.4,30.8,30.9,32.6,0.723,32.557,11,31.67,14,0.616,America/New_York,F
-0.744,-2.644,-1.73,-1.201,-0.744,-0.994,-1.294,-1.537,-0.744,-1.294,-0.287,miami,2026-09-15,KMIA,31.7,31.7,32.8,32.4,31.7,32.3,31.6,33.5,31.7,31.6,33.1,0.649,33.238,11,33.33,14,0.645,America/New_York,F
-0.777,-2.606,-1.656,-1.277,-0.777,-1.134,-1.341,-1.384,-0.777,-1.356,-0.341,miami,2026-09-16,KMIA,32.2,30.4,31.0,32.4,32.2,31.2,30.7,31.2,32.2,30.7,32.9,0.805,32.677,11,32.78,14,0.645,America/New_York,F
-0.764,-2.606,-1.721,-1.235,-0.764,-1.235,-1.435,-1.385,-0.764,-1.464,-0.285,miami,2026-09-17,KMIA,28.4,27.8,28.3,29.5,28.4,29.2,28.7,31.6,28.4,30.5,28.1,1.096,30.368,11,28.89,14,0.644,America/New_York,F
-0.649,-2.514,-1.592,-1.099,-0.649,-1.085,-1.256,-1.071,-0.649,-1.178,-0.228,miami,2026-09-18,KMIA,30.0,27.5,26.4,29.6,30.0,29.7,30.4,29.2,30.0,29.9,30.6,1.227,30.507,11,31.11,14,0.694,America/New_York,F
-0.656,-2.591,-1.684,-1.027,-0.656,-1.084,-1.199,-1.113,-0.656,-1.156,-0.206,miami,2026-09-19,KMIA,29.4,29.1,30.0,30.1,29.4,29.5,30.6,28.2,29.4,29.0,30.1,0.625,30.527,11,31.67,14,0.699,America/New_York,F
-0.724,-2.595,-1.738,-1.081,-0.724,-1.166,-1.159,-1.359,-0.724,-1.281,-0.324,miami,2026-09-20,KMIA,30.1,27.5,30.3,29.9,30.1,30.0,30.3,30.7,30.1,29.7,28.8,0.849,30.938,11,31.67,14,0.762,America/New_York,F
-0.834,-2.713,-1.606,-1.127,-0.834,-1.191,-1.227,-1.191,-0.834,-1.32,-0.477,miami,2026-09-21,KMIA,29.6,28.3,28.6,28.9,29.6,29.0,30.8,28.6,29.6,28.7,30.0,0.711,30.382,11,31.11,14,0.787,America/New_York,F
-0.915,-2.601,-1.601,-1.086,-0.915,-1.201,-1.122,-1.279,-0.915,-1.372,-0.479,miami,2026-09-22,KMIA,30.3,29.4,31.6,30.0,30.3,29.8,29.4,29.0,30.3,28.9,29.7,0.722,31.075,11,31.11,14,0.802,America/New_York,F
-0.384,-1.144,-1.044,-1.044,-0.384,-0.744,-1.624,0.116,-0.384,0.076,-0.084,atlanta,2026-06-30,KATL,34.5,33.1,34.1,33.3,34.5,32.4,32.8,34.4,34.5,34.3,32.6,0.807,34.364,11,34.44,0,1.2,America/New_York,F
-0.31,-1.177,-0.927,-1.06,-0.31,-0.96,-1.627,0.09,-0.31,0.04,-0.377,atlanta,2026-07-01,KATL,34.3,33.3,31.1,34.2,34.3,33.5,33.6,30.7,34.3,33.8,34.3,1.231,34.015,11,35.0,0,1.2,America/New_York,F
-0.366,-1.251,-1.351,-1.023,-0.366,-1.037,-1.594,-0.537,-0.366,-0.137,-0.423,atlanta,2026-07-02,KATL,36.2,35.2,33.7,34.5,36.2,36.3,33.2,33.4,36.2,36.1,35.5,1.17,36.065,11,36.67,0,1.2,America/New_York,F
-0.379,-1.279,-1.554,-1.166,-0.379,-0.954,-1.829,-0.879,-0.379,-0.191,-0.516,atlanta,2026-07-03,KATL,33.6,30.9,31.9,33.1,33.6,34.4,32.1,34.6,33.6,34.2,33.9,1.109,34.088,11,33.89,8,0.692,America/New_York,F
-0.369,-1.469,-1.602,-1.124,-0.369,-0.791,-1.824,-0.702,-0.369,-0.136,-0.458,atlanta,2026-07-04,KATL,33.4,30.9,32.4,32.1,33.4,33.2,31.7,32.6,33.4,34.2,33.4,0.908,33.756,11,33.89,9,0.656,America/New_York,F
-0.381,-1.621,-1.591,-1.191,-0.381,-0.781,-1.861,-0.761,-0.381,-0.091,-0.461,atlanta,2026-07-05,KATL,34.3,33.1,33.6,32.1,34.3,33.3,32.2,32.4,34.3,33.6,33.8,0.791,34.249,11,33.89,10,0.624,America/New_York,F
-0.309,-1.545,-1.473,-1.245,-0.309,-0.764,-1.845,-0.827,-0.309,-0.109,-0.427,atlanta,2026-07-06,KATL,32.6,31.1,31.9,30.3,32.6,30.8,28.6,29.6,32.6,30.9,31.2,1.231,31.986,11,32.22,11,0.605,America/New_York,F
-0.252,-1.51,-1.377,-1.302,-0.252,-0.818,-1.993,-0.977,-0.252,-0.21,-0.477,atlanta,2026-07-07,KATL,32.9,32.2,33.0,31.9,32.9,32.9,31.0,33.5,32.9,33.0,33.2,0.674,33.46,11,33.33,12,0.583,America/New_York,F
-0.265,-1.481,-1.296,-1.312,-0.265,-0.788,-2.019,-0.888,-0.265,-0.219,-0.45,atlanta,2026-07-08,KATL,33.5,32.3,32.7,32.1,33.5,33.1,31.6,33.3,33.5,33.1,32.3,0.628,33.628,11,33.89,13,0.561,America/New_York,F
-0.274,-1.489,-1.289,-1.346,-0.274,-0.789,-2.039,-0.867,-0.274,-0.26,-0.531,atlanta,2026-07-09,KATL,35.2,30.8,30.7,32.3,35.2,33.3,30.5,33.8,35.2,33.0,33.9,1.728,33.924,11,35.0,14,0.545,America/New_York,F
-0.265,-1.765,-1.586,-1.529,-0.265,-0.851,-2.365,-0.901,-0.265,-0.401,-0.622,atlanta,2026-07-10,KATL,33.8,31.1,30.9,32.2,33.8,32.4,29.5,34.2,33.8,32.4,33.4,1.427,33.391,11,33.33,14,0.616,America/New_York,F
-0.226,-1.848,-1.712,-1.569,-0.226,-0.855,-2.562,-0.862,-0.226,-0.491,-0.584,atlanta,2026-07-11,KATL,33.1,29.3,30.3,31.5,33.1,32.1,28.4,30.3,33.1,31.5,32.2,1.526,32.403,11,33.33,14,0.612,America/New_York,F
-0.186,-1.994,-1.786,-1.565,-0.186,-0.836,-2.572,-1.101,-0.186,-0.515,-0.644,atlanta,2026-07-12,KATL,31.4,29.3,28.1,31.1,31.4,30.9,28.6,29.4,31.4,30.2,32.2,1.27,31.271,11,33.33,14,0.545,America/New_York,F
-0.246,-2.189,-2.046,-1.625,-0.246,-0.968,-2.782,-1.361,-0.246,-0.775,-0.732,atlanta,2026-07-13,KATL,27.8,27.5,28.8,28.5,27.8,26.3,27.5,26.1,27.8,27.2,27.5,0.765,28.582,11,27.78,14,0.753,America/New_York,F
-0.242,-2.135,-1.914,-1.485,-0.242,-1.078,-2.764,-1.549,-0.242,-0.892,-0.756,atlanta,2026-07-14,KATL,29.3,27.6,28.7,28.3,29.3,26.7,26.4,25.8,29.3,26.0,26.5,1.336,28.664,11,28.89,14,0.782,America/New_York,F
-0.217,-2.131,-1.903,-1.446,-0.217,-1.089,-2.824,-1.767,-0.217,-1.089,-0.796,atlanta,2026-07-15,KATL,31.5,28.9,29.9,28.8,31.5,29.7,28.4,27.8,31.5,29.2,30.2,1.242,31.013,11,31.67,14,0.784,America/New_York,F
-0.179,-2.208,-1.751,-1.594,-0.179,-1.122,-2.958,-1.736,-0.179,-1.179,-0.851,atlanta,2026-07-16,KATL,32.3,30.9,28.5,31.8,32.3,31.5,29.8,27.9,32.3,30.7,30.4,1.449,32.037,11,33.33,14,0.76,America/New_York,F
-0.219,-2.276,-1.884,-1.548,-0.219,-1.226,-2.962,-1.891,-0.219,-1.326,-0.976,atlanta,2026-07-17,KATL,32.0,27.2,30.2,32.3,32.0,30.8,28.7,28.3,32.0,31.1,31.2,1.651,31.957,11,31.67,14,0.819,America/New_York,F
-0.175,-2.382,-1.846,-1.446,-0.175,-1.325,-3.046,-2.182,-0.175,-1.389,-1.011,atlanta,2026-07-18,KATL,33.9,30.1,32.8,32.7,33.9,32.6,29.8,28.6,33.9,31.3,32.9,1.748,33.418,11,33.89,14,0.821,America/New_York,F
-0.139,-2.439,-1.818,-1.404,-0.139,-1.368,-3.182,-2.468,-0.139,-1.596,-1.046,atlanta,2026-07-19,KATL,31.5,31.0,30.2,31.3,31.5,31.1,28.9,28.7,31.5,31.8,32.0,1.071,32.426,11,32.78,14,0.829,America/New_York,F
-0.26,-2.51,-1.981,-1.381,-0.26,-1.446,-3.339,-2.653,-0.26,-1.646,-1.096,atlanta,2026-07-20,KATL,33.2,32.2,33.5,32.1,33.2,33.4,32.7,31.2,33.2,33.0,33.5,0.692,34.346,11,33.89,14,0.829,America/New_York,F
-0.336,-2.551,-1.986,-1.372,-0.336,-1.379,-3.165,-2.658,-0.336,-1.615,-1.051,atlanta,2026-07-21,KATL,32.3,30.3,31.6,31.2,32.3,31.3,29.4,30.8,32.3,31.9,31.9,0.884,33.001,11,32.22,14,0.836,America/New_York,F
-0.3,-2.607,-2.007,-1.343,-0.3,-1.414,-3.2,-2.771,-0.3,-1.614,-1.064,atlanta,2026-07-22,KATL,31.1,29.7,31.4,30.2,31.1,30.5,29.3,29.7,31.1,31.1,31.7,0.758,32.203,11,31.11,14,0.861,America/New_York,F
-0.273,-2.594,-1.901,-1.28,-0.273,-1.401,-3.166,-2.83,-0.273,-1.559,-0.909,atlanta,2026-07-23,KATL,31.6,30.3,31.4,30.6,31.6,32.1,30.1,30.3,31.6,31.0,30.5,0.65,32.472,11,31.67,14,0.906,America/New_York,F
-0.292,-2.392,-1.614,-1.164,-0.292,-1.249,-2.956,-2.842,-0.292,-1.464,-0.914,atlanta,2026-07-24,KATL,30.1,25.5,27.3,29.2,30.1,28.0,28.0,27.9,30.1,28.7,29.8,1.384,29.983,11,31.11,14,0.886,America/New_York,F
-0.398,-2.634,-1.712,-1.219,-0.398,-1.405,-2.905,-3.134,-0.398,-1.569,-1.012,atlanta,2026-07-25,KATL,30.2,28.1,30.6,30.4,30.2,29.4,26.9,29.3,30.2,28.6,29.8,1.091,30.806,11,31.11,14,0.936,America/New_York,F
-0.446,-2.561,-1.532,-1.139,-0.446,-1.439,-2.854,-3.046,-0.446,-1.618,-1.025,atlanta,2026-07-26,KATL,32.6,31.1,32.1,30.5,32.6,33.2,30.7,30.7,32.6,30.9,32.9,0.981,33.183,11,32.78,14,0.906,America/New_York,F
-0.321,-2.393,-1.207,-1.143,-0.321,-1.236,-2.664,-2.914,-0.321,-1.529,-0.936,atlanta,2026-07-27,KATL,32.9,31.0,32.2,31.0,32.9,32.1,30.9,31.5,32.9,31.7,32.8,0.779,33.318,11,32.78,14,0.728,America/New_York,F
-0.314,-2.5,-1.321,-1.321,-0.314,-1.179,-2.779,-2.886,-0.314,-1.564,-0.914,atlanta,2026-07-28,KATL,34.7,33.6,33.9,33.6,34.7,34.2,31.6,33.1,34.7,34.3,35.4,0.975,35.436,11,34.44,14,0.71,America/New_York,F
-0.325,-2.468,-1.346,-1.339,-0.325,-1.039,-2.804,-2.761,-0.325,-1.368,-0.675,atlanta,2026-07-29,KATL,29.8,30.2,32.2,30.2,29.8,32.0,31.6,31.2,29.8,32.7,33.9,1.322,32.536,11,31.67,14,0.756,America/New_York,F
-0.446,-2.375,-1.182,-1.239,-0.446,-0.875,-2.575,-2.518,-0.446,-1.118,-0.411,atlanta,2026-07-30,KATL,32.1,30.7,31.9,30.3,32.1,31.2,31.3,30.9,32.1,31.8,32.1,0.622,32.754,11,31.67,14,0.771,America/New_York,F
-0.342,-2.271,-0.821,-1.228,-0.342,-0.778,-2.349,-2.185,-0.342,-0.921,-0.171,atlanta,2026-07-31,KATL,32.3,31.2,31.8,30.8,32.3,31.1,31.1,30.9,32.3,31.7,31.7,0.548,32.639,11,32.22,14,0.747,America/New_York,F
-0.36,-2.024,-0.746,-1.374,-0.36,-0.796,-2.217,-2.039,-0.36,-0.917,-0.174,atlanta,2026-08-01,KATL,29.3,29.3,29.5,28.9,29.3,28.4,27.3,28.9,29.3,28.4,28.7,0.608,29.789,11,30.0,14,0.752,America/New_York,F
-0.411,-1.804,-0.704,-1.368,-0.411,-0.818,-2.118,-1.739,-0.411,-0.846,-0.196,atlanta,2026-08-02,KATL,32.7,30.7,31.6,31.9,32.7,31.2,28.3,30.3,32.7,29.7,32.2,1.35,32.087,11,32.78,14,0.743,America/New_York,F
-0.325,-1.825,-0.604,-1.325,-0.325,-0.811,-2.161,-1.625,-0.325,-0.996,-0.182,atlanta,2026-08-03,KATL,29.0,28.9,28.6,28.4,29.0,29.2,26.9,28.9,29.0,28.7,29.5,0.644,29.657,11,30.0,14,0.76,America/New_York,F
-0.347,-1.783,-0.676,-1.311,-0.347,-0.833,-2.297,-1.511,-0.347,-1.026,-0.19,atlanta,2026-08-04,KATL,28.0,28.0,27.6,28.4,28.0,28.9,27.3,27.7,28.0,28.5,29.2,0.537,29.076,11,28.89,14,0.756,America/New_York,F
-0.416,-1.709,-0.724,-1.274,-0.416,-0.766,-2.209,-1.495,-0.416,-1.031,-0.145,atlanta,2026-08-05,KATL,31.3,29.3,30.7,30.2,31.3,29.2,28.0,27.5,31.3,29.1,30.2,1.261,30.824,11,31.67,14,0.728,America/New_York,F
-0.442,-1.778,-0.814,-1.314,-0.442,-0.899,-2.342,-1.692,-0.442,-1.214,-0.292,atlanta,2026-08-06,KATL,30.8,27.7,30.5,29.3,30.8,29.3,28.8,28.0,30.8,28.6,29.9,1.091,30.516,11,31.11,14,0.704,America/New_York,F
-0.459,-1.924,-0.838,-1.366,-0.459,-1.059,-2.395,-1.816,-0.459,-1.345,-0.295,atlanta,2026-08-07,KATL,30.9,28.8,28.4,28.3,30.9,28.7,28.0,28.4,30.9,29.1,30.3,1.113,30.543,11,30.56,14,0.689,America/New_York,F
-0.363,-1.649,-0.72,-1.391,-0.363,-0.97,-2.356,-1.741,-0.363,-1.277,-0.22,atlanta,2026-08-08,KATL,32.9,31.8,31.6,32.0,32.9,32.2,30.7,30.5,32.9,31.8,32.1,0.776,33.027,11,32.78,14,0.62,America/New_York,F
-0.289,-1.504,-0.768,-1.396,-0.289,-0.889,-2.204,-1.775,-0.289,-1.168,-0.175,atlanta,2026-08-09,KATL,34.1,31.8,32.1,32.2,34.1,32.4,30.1,30.5,34.1,31.5,32.6,1.309,33.324,11,32.78,14,0.618,America/New_York,F
-0.182,-1.454,-0.768,-1.275,-0.182,-0.946,-2.246,-1.789,-0.182,-1.125,-0.196,atlanta,2026-08-10,KATL,33.5,31.6,31.7,32.6,33.5,30.8,28.4,29.3,33.5,31.6,32.5,1.614,32.815,11,33.33,14,0.626,America/New_York,F
-0.179,-1.45,-0.843,-1.2,-0.179,-1.079,-2.464,-1.986,-0.179,-1.171,-0.257,atlanta,2026-08-11,KATL,33.5,28.5,30.1,32.3,33.5,31.1,28.7,28.6,33.5,31.4,32.4,1.908,32.387,11,32.22,14,0.625,America/New_York,F
-0.106,-1.656,-0.956,-1.134,-0.106,-1.141,-2.513,-2.149,-0.106,-1.22,-0.313,atlanta,2026-08-12,KATL,33.6,31.3,30.8,32.3,33.6,33.1,29.7,28.7,33.6,32.0,32.0,1.565,33.058,11,33.33,14,0.567,America/New_York,F
0.047,-1.696,-1.174,-1.103,0.047,-1.181,-2.767,-2.446,0.047,-1.389,-0.567,atlanta,2026-08-13,KATL,33.8,32.5,33.2,33.7,33.8,34.7,29.6,31.8,33.8,32.9,33.8,1.321,34.162,11,34.44,14,0.522,America/New_York,F
-0.029,-1.765,-1.279,-1.058,-0.029,-1.129,-3.086,-2.579,-0.029,-1.508,-0.644,atlanta,2026-08-14,KATL,34.2,31.0,33.6,33.9,34.2,34.5,29.3,32.1,34.2,33.7,34.7,1.626,34.519,11,34.44,14,0.5,America/New_York,F
-0.052,-1.938,-1.309,-0.995,-0.052,-1.045,-3.374,-2.652,-0.052,-1.524,-0.588,atlanta,2026-08-15,KATL,34.8,33.5,33.4,34.5,34.8,34.7,30.8,31.5,34.8,33.3,33.4,1.306,34.851,11,35.0,14,0.5,America/New_York,F
-0.016,-1.995,-1.388,-0.952,-0.016,-0.952,-3.481,-2.824,-0.016,-1.531,-0.609,atlanta,2026-08-16,KATL,35.0,34.4,35.2,34.4,35.0,34.9,32.7,33.8,35.0,34.0,34.5,0.699,35.623,11,35.0,14,0.5,America/New_York,F
-0.011,-1.889,-1.289,-0.932,-0.011,-0.846,-3.325,-2.732,-0.011,-1.382,-0.604,atlanta,2026-08-17,KATL,36.1,34.9,36.0,35.9,36.1,36.5,34.8,35.9,36.1,36.5,35.9,0.527,37.071,11,36.67,14,0.5,America/New_York,F
0.02,-1.937,-1.237,-0.873,0.02,-0.801,-3.237,-2.709,0.02,-1.301,-0.623,atlanta,2026-08-18,KATL,33.2,31.9,32.7,31.7,33.2,33.5,31.1,31.9,33.2,33.5,33.1,0.797,33.892,11,33.33,14,0.5,America/New_York,F
0.074,-1.976,-1.19,-0.954,0.074,-0.79,-3.283,-2.726,0.074,-1.261,-0.661,atlanta,2026-08-19,KATL,34.5,32.9,34.1,32.3,34.5,34.2,32.1,33.4,34.5,34.6,33.9,0.875,34.998,11,34.44,14,0.5,America/New_York,F
0.105,-1.916,-1.145,-1.002,0.105,-0.631,-3.188,-2.502,0.105,-1.066,-0.595,atlanta,2026-08-20,KATL,36.0,32.9,33.8,34.1,36.0,34.8,33.2,34.3,36.0,35.5,34.6,1.067,35.829,11,36.11,14,0.5,America/New_York,F
0.119,-1.902,-1.266,-1.016,0.119,-0.595,-3.231,-2.409,0.119,-0.931,-0.616,atlanta,2026-08-21,KATL,33.5,31.6,32.5,33.0,33.5,33.4,30.2,32.1,33.5,31.7,33.2,1.018,33.42,11,34.44,14,0.5,America/New_York,F
0.028,-1.979,-1.251,-0.958,0.028,-0.536,-3.351,-2.422,0.028,-1.022,-0.686,atlanta,2026-08-22,KATL,34.1,31.1,33.7,32.4,34.1,33.1,30.3,33.5,34.1,32.8,33.5,1.203,34.027,11,33.89,14,0.5,America/New_York,F
0.034,-2.109,-1.18,-1.009,0.034,-0.551,-3.459,-2.287,0.034,-1.03,-0.666,atlanta,2026-08-23,KATL,32.9,31.6,32.8,32.3,32.9,32.8,30.5,32.3,32.9,33.0,32.7,0.725,33.543,11,33.33,14,0.5,America/New_York,F
-0.091,-2.162,-1.169,-1.041,-0.091,-0.562,-3.469,-2.198,-0.091,-0.962,-0.698,atlanta,2026-08-24,KATL,33.0,31.8,32.7,31.9,33.0,32.2,31.5,31.8,33.0,32.5,32.4,0.519,33.439,11,32.78,14,0.5,America/New_York,F
-0.087,-2.109,-1.059,-1.051,-0.087,-0.423,-3.209,-1.98,-0.087,-0.859,-0.666,atlanta,2026-08-25,KATL,33.8,31.7,32.4,31.6,33.8,32.6,31.8,32.7,33.8,33.5,32.1,0.839,33.858,11,33.33,14,0.5,America/New_York,F
-0.145,-1.959,-0.974,-1.181,-0.145,-0.395,-3.066,-1.766,-0.145,-0.788,-0.766,atlanta,2026-08-26,KATL,32.5,30.2,32.3,31.5,32.5,31.7,30.0,32.7,32.5,31.6,32.0,0.879,32.694,11,32.78,14,0.5,America/New_York,F
-0.184,-1.999,-0.827,-1.199,-0.184,-0.456,-3.006,-1.441,-0.184,-0.777,-0.727,atlanta,2026-08-27,KATL,30.1,28.0,29.1,28.9,30.1,29.5,27.6,28.5,30.1,29.3,28.2,0.843,30.064,11,31.11,14,0.5,America/New_York,F
-0.211,-2.082,-0.882,-1.304,-0.211,-0.589,-2.911,-1.439,-0.211,-0.796,-0.889,atlanta,2026-08-28,KATL,34.0,31.2,32.3,31.8,34.0,31.7,29.6,30.4,34.0,30.8,32.0,1.434,32.95,11,32.78,14,0.548,America/New_York,F
-0.106,-1.949,-0.856,-1.335,-0.106,-0.671,-2.771,-1.442,-0.106,-0.885,-0.964,atlanta,2026-08-29,KATL,30.7,28.9,30.3,27.7,30.7,29.5,27.5,27.8,30.7,29.7,28.8,1.189,30.477,11,31.67,14,0.549,America/New_York,F
-0.161,-2.04,-0.84,-1.583,-0.161,-0.804,-2.769,-1.469,-0.161,-0.904,-1.054,atlanta,2026-08-30,KATL,31.6,30.7,31.3,30.8,31.6,31.0,28.2,28.8,31.6,30.5,30.3,1.079,31.686,11,32.22,14,0.634,America/New_York,F
-0.206,-2.106,-0.92,-1.641,-0.206,-0.884,-2.891,-1.627,-0.206,-0.956,-1.156,atlanta,2026-08-31,KATL,34.3,31.4,32.3,32.3,34.3,33.1,30.5,33.0,34.3,33.1,31.8,1.195,33.987,11,33.89,14,0.628,America/New_York,F
-0.136,-2.157,-0.986,-1.7,-0.136,-0.929,-3.0,-1.636,-0.136,-1.0,-1.25,atlanta,2026-09-01,KATL,34.7,32.9,34.0,33.7,34.7,34.6,33.7,35.4,34.7,34.5,32.8,0.775,35.267,11,33.89,14,0.619,America/New_York,F
-0.069,-2.126,-0.933,-1.597,-0.069,-0.89,-2.854,-1.426,-0.069,-0.969,-1.311,atlanta,2026-09-02,KATL,35.6,34.2,34.9,34.3,35.6,34.5,33.7,35.9,35.6,35.1,34.6,0.678,35.974,11,35.0,14,0.705,America/New_York,F
-0.03,-2.073,-0.916,-1.494,-0.03,-0.909,-2.78,-1.287,-0.03,-0.973,-1.301,atlanta,2026-09-03,KATL,34.3,33.7,35.5,34.5,34.3,34.9,33.3,32.6,34.3,34.7,33.9,0.754,35.263,11,35.0,14,0.736,America/New_York,F
-0.072,-1.936,-0.715,-1.386,-0.072,-0.822,-2.694,-1.329,-0.072,-0.951,-1.272,atlanta,2026-09-04,KATL,34.5,33.6,34.4,33.7,34.5,33.8,32.9,34.4,34.5,34.8,34.2,0.531,35.175,11,34.44,14,0.736,America/New_York,F
-0.001,-1.794,-0.579,-1.336,-0.001,-0.794,-2.501,-1.165,-0.001,-0.729,-1.201,atlanta,2026-09-05,KATL,36.3,33.2,37.4,35.3,36.3,35.9,33.6,37.0,36.3,35.9,35.2,1.236,36.56,11,36.11,14,0.711,America/New_York,F
-0.002,-1.802,-0.474,-1.288,-0.002,-0.752,-2.424,-1.074,-0.002,-0.666,-1.238,atlanta,2026-09-06,KATL,35.6,34.5,35.1,34.6,35.6,34.9,33.6,36.1,35.6,34.3,34.9,0.686,35.671,11,34.44,14,0.72,America/New_York,F
0.111,-1.674,-0.389,-1.203,0.111,-0.681,-2.281,-0.881,0.111,-0.653,-1.16,atlanta,2026-09-07,KATL,27.8,27.6,28.1,28.2,27.8,27.9,27.2,29.0,27.8,28.1,27.0,0.503,28.533,11,27.78,14,0.79,America/New_York,F
0.097,-1.617,-0.36,-1.11,0.097,-0.631,-2.231,-0.724,0.097,-0.61,-1.189,atlanta,2026-09-08,KATL,31.0,29.8,31.0,31.0,31.0,31.3,29.4,31.1,31.0,30.7,30.9,0.563,31.377,11,31.11,14,0.796,America/New_York,F
0.056,-1.594,-0.301,-0.994,0.056,-0.566,-2.244,-0.68,0.056,-0.651,-1.116,atlanta,2026-09-09,KATL,32.1,31.4,33.0,32.0,32.1,32.1,30.5,32.4,32.1,32.0,31.3,0.619,32.587,11,31.67,14,0.786,America/New_York,F
0.106,-1.429,-0.172,-0.879,0.106,-0.458,-2.129,-0.622,0.106,-0.544,-1.086,atlanta,2026-09-10,KATL,32.1,31.2,32.0,31.7,32.1,31.9,30.4,32.8,32.1,32.4,30.2,0.768,32.399,11,32.22,14,0.823,America/New_York,F
0.17,-1.28,-0.044,-0.759,0.17,-0.366,-2.009,-0.394,0.17,-0.401,-1.023,atlanta,2026-09-11,KATL,30.7,31.0,31.5,31.2,30.7,31.7,30.1,30.7,30.7,31.2,30.7,0.429,31.384,11,31.11,14,0.776,America/New_York,F
0.054,-1.175,0.018,-0.682,0.054,-0.246,-1.854,-0.254,0.054,-0.254,-0.996,atlanta,2026-09-12,KATL,28.9,27.1,29.2,27.4,28.9,27.6,27.6,28.4,28.9,27.9,28.4,0.688,28.617,11,28.89,14,0.778,America/New_York,F
0.124,-1.105,0.138,-0.505,0.124,-0.184,-1.648,-0.012,0.124,-0.184,-0.826,atlanta,2026-09-13,KATL,32.6,31.6,31.9,30.8,32.6,32.6,29.9,32.8,32.6,31.4,31.6,0.873,32.149,11,32.22,14,0.714,America/New_York,F
0.195,-1.041,0.181,-0.505,0.195,-0.069,-1.526,0.274,0.195,-0.119,-0.734,atlanta,2026-09-14,KATL,34.0,33.6,34.1,32.9,34.0,34.1,32.7,35.3,34.0,34.5,32.8,0.744,34.147,11,33.33,14,0.699,America/New_York,F
0.214,-0.844,0.349,-0.422,0.214,0.042,-1.329,0.478,0.214,0.021,-0.622,atlanta,2026-09-15,KATL,32.2,31.1,31.4,31.9,32.2,32.2,31.3,32.8,32.2,32.5,30.5,0.654,32.039,11,32.22,14,0.732,America/New_York,F
0.154,-0.853,0.283,-0.431,0.154,-0.01,-1.381,0.411,0.154,-0.003,-0.667,atlanta,2026-09-16,KATL,31.5,30.3,31.3,30.6,31.5,31.1,29.0,32.5,31.5,31.1,30.4,0.859,31.182,11,31.11,14,0.635,America/New_York,F
0.139,-0.854,0.304,-0.418,0.139,0.025,-1.439,0.446,0.139,-0.011,-0.689,atlanta,2026-09-17,KATL,32.9,31.1,31.9,31.4,32.9,32.2,29.9,32.7,32.9,32.3,31.1,0.925,32.23,11,31.67,14,0.579,America/New_York,F
0.277,-0.801,0.284,-0.401,0.277,0.07,-1.444,0.691,0.277,0.056,-0.651,atlanta,2026-09-18,KATL,34.8,33.7,34.5,33.5,34.8,34.4,33.6,34.8,34.8,34.5,33.6,0.528,34.418,11,33.89,14,0.594,America/New_York,F
0.338,-0.755,0.331,-0.376,0.338,0.152,-1.355,0.759,0.338,0.074,-0.655,atlanta,2026-09-19,KATL,33.8,32.8,31.7,32.6,33.8,32.7,28.3,32.0,33.8,33.0,32.2,1.478,32.708,11,32.78,14,0.578,America/New_York,F
0.397,-0.546,0.161,-0.331,0.397,0.161,-1.496,0.64,0.397,0.104,-0.631,atlanta,2026-09-20,KATL,31.6,29.7,30.9,30.2,31.6,30.3,29.1,31.1,31.6,31.1,29.7,0.837,30.798,11,31.11,14,0.566,America/New_York,F
0.349,-0.651,0.099,-0.408,0.349,0.071,-1.579,0.521,0.349,0.114,-0.765,atlanta,2026-09-21,KATL,32.8,31.4,30.7,31.8,32.8,31.2,29.2,31.4,32.8,32.1,31.7,1.019,31.865,11,32.22,14,0.5,America/New_York,F
0.389,-0.696,-0.032,-0.468,0.389,-0.011,-1.754,0.375,0.389,0.082,-0.746,atlanta,2026-09-22,KATL,29.3,28.7,29.8,28.9,29.3,30.8,27.5,27.9,29.3,30.7,30.0,0.985,29.638,11,30.0,14,0.5,America/New_York,F
-0.12,-0.64,0.24,-0.68,0.72,-0.58,-2.44,0.66,,,-0.12,london,2026-06-30,EGLC,24.3,23.9,24.6,22.8,25.2,24.6,21.2,22.9,,,24.3,1.169,24.196,9,24.0,0,1.2,Europe/London,C
-0.05,-0.55,0.3,-0.767,0.8,-0.383,-2.5,0.367,,,-0.05,london,2026-07-01,EGLC,26.0,25.7,25.5,25.0,26.5,26.0,24.4,26.6,,,26.0,0.66,26.012,9,26.0,0,1.2,Europe/London,C
-0.043,-0.514,0.186,-0.8,0.757,-0.329,-2.371,0.4,,,-0.043,london,2026-07-02,EGLC,26.0,25.7,26.3,24.5,26.4,25.8,24.4,26.6,,,26.0,0.743,26.049,9,25.0,0,1.2,Europe/London,C
0.088,-0.363,0.325,-0.763,0.837,-0.188,-2.15,0.55,,,0.088,london,2026-07-03,EGLC,27.0,25.6,26.3,25.7,26.8,26.7,25.0,27.5,,,27.0,0.766,26.533,9,27.0,8,0.638,Europe/London,C
0.078,-0.478,0.211,-0.822,0.722,-0.2,-2.133,0.544,,,0.078,london,2026-07-04,EGLC,28.2,28.2,28.7,26.9,29.1,28.1,25.5,28.6,,,28.2,1.034,28.215,9,29.0,9,0.621,Europe/London,C
-0.01,-0.51,0.16,-0.95,0.66,-0.27,-2.27,0.45,,,-0.01,london,2026-07-05,EGLC,28.6,27.5,28.0,27.0,29.0,28.4,26.7,28.7,,,28.6,0.766,28.347,9,28.0,10,0.639,Europe/London,C
0.045,-0.509,0.145,-0.955,0.691,-0.209,-2.182,0.473,,,0.045,london,2026-07-06,EGLC,31.8,31.8,32.0,31.2,32.0,31.9,30.3,32.6,,,31.8,0.603,31.947,9,32.0,11,0.619,Europe/London,C
0.025,-0.483,0.133,-0.942,0.633,-0.2,-2.142,0.483,,,0.025,london,2026-07-07,EGLC,31.6,31.0,31.1,30.2,31.3,31.2,29.7,32.0,,,31.6,0.678,31.336,9,31.0,12,0.592,Europe/London,C
0.069,-0.446,0.131,-0.931,0.608,-0.169,-2.077,0.523,,,0.069,london,2026-07-08,EGLC,32.0,32.4,33.5,31.6,33.4,32.0,31.3,33.6,,,32.0,0.815,32.634,9,33.0,13,0.577,Europe/London,C
-0.007,-0.457,0.157,-0.964,0.593,-0.229,-2.05,0.529,,,-0.007,london,2026-07-09,EGLC,33.7,34.0,34.7,32.9,34.6,33.7,32.1,35.8,,,33.7,1.006,34.154,9,34.0,14,0.564,Europe/London,C
-0.071,-0.514,0.121,-1.086,0.557,-0.264,-2.2,0.543,,,-0.071,london,2026-07-10,EGLC,28.5,29.4,29.9,27.9,29.6,28.1,28.6,28.7,,,28.5,0.645,29.126,9,29.0,14,0.527,Europe/London,C
-0.086,-0.414,0.164,-1.079,0.579,-0.279,-2.0,0.486,,,-0.086,london,2026-07-11,EGLC,28.5,27.7,28.5,27.7,29.1,27.7,24.9,29.3,,,28.5,1.226,28.317,9,27.0,14,0.509,Europe/London,C
0.0,-0.329,0.243,-1.021,0.636,-0.171,-1.914,0.593,,,0.0,london,2026-07-12,EGLC,29.0,28.3,29.0,27.4,28.7,28.1,26.2,28.9,,,29.0,0.897,28.558,9,28.0,14,0.618,Europe/London,C
0.093,-0.221,0.307,-0.993,0.636,-0.15,-1.85,0.65,,,0.093,london,2026-07-13,EGLC,26.7,25.0,26.3,26.4,27.6,25.7,24.5,28.0,,,26.7,1.064,26.41,9,26.0,14,0.625,Europe/London,C
0.207,-0.2,0.386,-0.843,0.736,-0.071,-1.729,0.771,,,0.207,london,2026-07-14,EGLC,30.2,28.1,29.8,27.8,29.8,29.0,26.2,29.2,,,30.2,1.258,29.086,9,29.0,14,0.573,Europe/London,C
0.271,-0.257,0.4,-0.843,0.707,-0.114,-1.729,0.864,,,0.271,london,2026-07-15,EGLC,27.9,27.1,28.0,26.7,28.2,27.4,25.8,28.1,,,27.9,0.753,27.515,9,28.0,14,0.571,Europe/London,C
0.264,-0.3,0.436,-0.864,0.686,-0.157,-1.771,0.829,,,0.264,london,2026-07-16,EGLC,27.8,27.7,28.1,27.1,28.4,27.8,26.0,28.8,,,27.8,0.755,27.767,9,27.0,14,0.586,Europe/London,C
0.25,-0.3,0.421,-0.821,0.686,-0.157,-1.8,0.843,,,0.25,london,2026-07-17,EGLC,28.9,27.9,28.0,27.4,29.1,27.9,27.0,28.6,,,28.9,0.687,28.258,9,27.0,14,0.553,Europe/London,C
0.386,-0.136,0.543,-0.7,0.85,-0.071,-1.657,0.921,,,0.386,london,2026-07-18,EGLC,22.2,21.6,22.5,21.8,24.0,21.8,22.3,24.3,,,22.2,0.913,22.343,9,21.0,14,0.635,Europe/London,C
0.529,-0.036,0.671,-0.493,1.057,0.05,-1.314,1.186,,,0.529,london,2026-07-19,EGLC,22.2,21.5,22.2,21.7,23.2,22.6,21.6,22.8,,,22.2,0.539,21.92,9,21.0,14,0.699,Europe/London,C
0.571,0.036,0.757,-0.371,1.143,0.136,-1.179,1.264,,,0.571,london,2026-07-20,EGLC,25.3,25.1,25.5,24.3,25.7,24.7,23.7,25.3,,,25.3,0.605,24.688,9,25.0,14,0.735,Europe/London,C
0.607,0.057,0.793,-0.364,1.193,0.121,-1.15,1.243,,,0.607,london,2026-07-21,EGLC,22.4,22.5,22.3,22.8,24.3,22.1,22.8,23.9,,,22.4,0.715,22.366,9,22.0,14,0.74,Europe/London,C
0.593,0.093,0.807,-0.25,1.336,0.114,-1.0,1.307,,,0.593,london,2026-07-22,EGLC,25.8,25.4,26.1,25.3,26.0,25.0,24.7,25.9,,,25.8,0.455,25.153,9,25.0,14,0.741,Europe/London,C
0.721,0.164,0.85,-0.129,1.379,0.186,-0.9,1.329,,,0.721,london,2026-07-23,EGLC,26.4,26.3,26.5,25.8,26.7,26.0,25.4,26.9,,,26.4,0.437,25.768,9,26.0,14,0.735,Europe/London,C
0.771,0.186,0.836,-0.064,1.386,0.207,-0.807,1.264,,,0.771,london,2026-07-24,EGLC,27.9,28.5,28.7,27.7,28.3,28.1,27.2,28.7,,,27.9,0.468,27.586,9,28.0,14,0.737,Europe/London,C
0.8,0.193,0.821,-0.007,1.364,0.279,-0.836,1.336,,,0.8,london,2026-07-25,EGLC,28.6,27.3,28.1,28.0,29.4,28.2,27.0,29.6,,,28.6,0.81,27.736,9,29.0,14,0.744,Europe/London,C
0.664,0.021,0.65,-0.129,1.243,0.171,-0.829,1.214,,,0.664,london,2026-07-26,EGLC,26.1,25.3,25.4,25.3,27.1,25.6,23.6,25.6,,,26.1,0.879,25.2,9,26.0,14,0.738,Europe/London,C
0.6,-0.05,0.536,-0.136,1.271,0.136,-0.871,1.121,,,0.6,london,2026-07-27,EGLC,26.8,26.9,27.3,25.7,27.1,26.5,25.2,27.1,,,26.8,0.662,26.291,9,27.0,14,0.754,Europe/London,C
0.536,0.014,0.536,-0.257,1.164,0.121,-0.893,0.986,,,0.536,london,2026-07-28,EGLC,29.3,28.3,30.1,28.7,30.4,29.0,26.9,30.7,,,29.3,1.101,28.895,9,29.0,14,0.769,Europe/London,C
0.471,0.029,0.557,-0.193,1.207,0.121,-0.843,1.093,,,0.471,london,2026-07-29,EGLC,33.9,33.3,33.7,33.0,34.2,33.4,32.2,34.2,,,33.9,0.607,33.225,9,34.0,14,0.769,Europe/London,C
0.471,0.043,0.536,-0.171,1.207,0.121,-0.814,1.1,,,0.471,london,2026-07-30,EGLC,28.1,25.6,27.7,27.7,27.2,27.9,25.9,28.5,,,28.1,0.952,27.051,9,28.0,14,0.786,Europe/London,C
0.421,-0.179,0.436,-0.2,1.05,0.057,-0.893,1.007,,,0.421,london,2026-07-31,EGLC,25.4,25.2,25.6,24.2,25.8,25.0,24.4,26.4,,,25.4,0.639,25.038,9,25.0,14,0.8,Europe/London,C
0.314,-0.229,0.407,-0.286,0.957,-0.007,-0.936,0.993,,,0.314,london,2026-08-01,EGLC,26.0,26.6,26.4,25.2,26.1,25.4,25.2,27.0,,,26.0,0.593,25.829,9,26.0,14,0.726,Europe/London,C
0.229,-0.229,0.329,-0.4,0.75,-0.107,-1.086,0.829,,,0.229,london,2026-08-02,EGLC,26.8,27.2,27.2,26.3,26.8,26.4,26.4,26.8,,,26.8,0.31,26.692,9,27.0,14,0.633,Europe/London,C
0.129,-0.25,0.257,-0.5,0.579,-0.264,-1.171,0.686,,,0.129,london,2026-08-03,EGLC,29.7,30.1,30.4,29.2,29.9,29.6,28.9,30.6,,,29.7,0.509,29.831,9,29.0,14,0.589,Europe/London,C
0.157,-0.179,0.321,-0.436,0.593,-0.2,-1.086,0.779,,,0.157,london,2026-08-04,EGLC,29.8,28.6,29.7,30.0,30.2,30.0,28.2,30.3,,,29.8,0.684,29.575,9,30.0,14,0.624,Europe/London,C
0.114,-0.314,0.279,-0.493,0.443,-0.207,-1.271,0.664,,,0.114,london,2026-08-05,EGLC,24.9,24.7,25.3,25.4,26.0,24.6,23.5,25.2,,,24.9,0.648,25.008,9,26.0,14,0.627,Europe/London,C
-0.021,-0.436,0.15,-0.557,0.371,-0.307,-1.429,0.543,,,-0.021,london,2026-08-06,EGLC,22.6,21.9,22.6,22.0,23.4,22.0,21.8,23.7,,,22.6,0.635,22.663,9,22.0,14,0.679,Europe/London,C
-0.007,-0.464,0.157,-0.543,0.421,-0.307,-1.4,0.6,,,-0.007,london,2026-08-07,EGLC,25.5,25.8,26.0,25.4,26.5,25.2,24.5,27.1,,,25.5,0.711,25.866,9,26.0,14,0.699,Europe/London,C
-0.036,-0.514,0.107,-0.564,0.436,-0.371,-1.45,0.629,,,-0.036,london,2026-08-08,EGLC,28.1,27.3,27.6,27.4,28.3,27.6,27.3,28.8,,,28.1,0.49,27.995,9,28.0,14,0.691,Europe/London,C
0.0,-0.443,0.143,-0.536,0.429,-0.343,-1.357,0.643,,,0.0,london,2026-08-09,EGLC,31.4,30.6,31.7,31.4,31.7,31.1,29.5,31.9,,,31.4,0.697,31.354,9,30.0,14,0.603,Europe/London,C
0.093,-0.35,0.307,-0.386,0.471,-0.236,-1.221,0.807,,,0.093,london,2026-08-10,EGLC,26.2,25.0,26.3,25.2,26.7,25.6,24.6,27.5,,,26.2,0.857,25.962,9,26.0,14,0.67,Europe/London,C
0.121,-0.414,0.307,-0.35,0.514,-0.229,-1.193,0.907,,,0.121,london,2026-08-11,EGLC,24.4,24.4,24.7,24.0,24.3,24.0,24.7,24.5,,,24.4,0.239,24.382,9,24.0,14,0.643,Europe/London,C
0.129,-0.336,0.279,-0.329,0.436,-0.229,-0.993,0.821,,,0.129,london,2026-08-12,EGLC,31.0,30.8,32.1,30.3,30.5,30.9,30.8,31.6,,,31.0,0.516,31.019,9,30.0,14,0.65,Europe/London,C
0.207,-0.229,0.45,-0.236,0.457,-0.121,-0.807,0.921,,,0.207,london,2026-08-13,EGLC,34.3,35.8,35.9,35.2,35.5,34.6,35.5,35.4,,,34.3,0.581,35.027,9,34.0,14,0.674,Europe/London,C
0.221,0.071,0.607,-0.129,0.621,-0.071,-0.55,0.986,,,0.221,london,2026-08-14,EGLC,33.9,33.4,34.2,33.6,33.5,33.2,32.3,35.2,,,33.9,0.74,33.466,9,34.0,14,0.682,Europe/London,C
0.186,0.014,0.579,-0.1,0.529,-0.129,-0.629,0.971,,,0.186,london,2026-08-15,EGLC,26.8,25.8,27.0,27.5,27.3,27.3,24.1,27.4,,,26.8,1.028,26.497,9,26.0,14,0.697,Europe/London,C
0.243,-0.043,0.621,0.064,0.614,0.007,-0.707,1.0,,,0.243,london,2026-08-16,EGLC,26.6,24.0,25.8,26.9,25.3,26.3,24.4,26.4,,,26.6,0.975,25.555,9,26.0,14,0.708,Europe/London,C
0.3,-0.2,0.593,0.179,0.579,0.071,-0.779,1.043,,,0.3,london,2026-08-17,EGLC,27.2,26.6,26.1,26.8,26.6,26.7,24.9,25.9,,,27.2,0.682,26.274,9,27.0,14,0.713,Europe/London,C
0.264,-0.307,0.429,0.15,0.486,0.007,-0.921,0.85,,,0.264,london,2026-08-18,EGLC,25.8,23.8,23.7,25.5,26.9,25.4,25.3,26.4,,,25.8,1.002,25.166,9,26.0,14,0.705,Europe/London,C
0.264,-0.364,0.286,0.114,0.536,-0.036,-0.843,0.857,,,0.264,london,2026-08-19,EGLC,25.0,23.6,23.9,24.3,24.4,24.5,23.1,23.8,,,25.0,0.6,24.103,9,25.0,14,0.73,Europe/London,C
0.343,-0.371,0.257,0.107,0.493,0.029,-0.8,0.829,,,0.343,london,2026-08-20,EGLC,23.2,21.0,22.3,22.4,22.8,22.7,21.0,22.5,,,23.2,0.778,22.242,9,24.0,14,0.721,Europe/London,C
0.243,-0.579,0.093,-0.007,0.307,-0.064,-1.0,0.6,,,0.243,london,2026-08-21,EGLC,21.4,20.2,20.9,21.5,21.9,21.6,21.0,21.5,,,21.4,0.471,21.24,9,21.0,14,0.843,Europe/London,C
0.307,-0.621,0.086,0.071,0.336,0.036,-0.893,0.557,,,0.307,london,2026-08-22,EGLC,21.7,21.0,21.8,22.2,22.4,21.8,21.0,22.6,,,21.7,0.523,21.737,9,21.0,14,0.844,Europe/London,C
0.35,-0.571,0.171,0.2,0.414,0.121,-0.843,0.614,,,0.35,london,2026-08-23,EGLC,24.0,23.6,24.2,23.6,24.7,23.6,22.4,25.0,,,24.0,0.706,23.832,9,24.0,14,0.867,Europe/London,C
0.25,-0.643,0.064,0.071,0.343,0.014,-0.921,0.55,,,0.25,london,2026-08-24,EGLC,21.6,21.7,21.7,21.6,21.2,20.9,20.4,21.5,,,21.6,0.419,21.391,9,22.0,14,0.789,Europe/London,C
0.207,-0.593,0.021,0.1,0.236,-0.036,-0.936,0.407,,,0.207,london,2026-08-25,EGLC,24.5,24.8,25.1,24.2,24.1,23.9,23.9,24.5,,,24.5,0.381,24.468,9,24.0,14,0.806,Europe/London,C
0.214,-0.564,0.05,0.114,0.221,-0.043,-0.993,0.407,,,0.214,london,2026-08-26,EGLC,26.0,26.0,26.7,26.5,27.2,25.0,24.3,25.3,,,26.0,0.846,26.003,9,26.0,14,0.809,Europe/London,C
0.143,-0.621,-0.05,0.129,0.271,-0.179,-1.171,0.243,,,0.143,london,2026-08-27,EGLC,24.9,21.6,23.0,25.2,24.2,24.8,22.6,25.1,,,24.9,1.232,24.075,9,25.0,14,0.762,Europe/London,C
0.114,-0.993,-0.329,0.057,0.107,-0.236,-1.45,0.15,,,0.114,london,2026-08-28,EGLC,24.6,22.4,22.5,24.8,24.7,23.9,22.2,24.4,,,24.6,1.036,24.024,9,25.0,14,0.752,Europe/London,C
0.093,-1.136,-0.521,0.071,0.121,-0.257,-1.529,0.021,,,0.093,london,2026-08-29,EGLC,21.0,19.8,19.7,20.7,20.9,20.6,20.3,20.5,,,21.0,0.457,20.812,9,20.0,14,0.783,Europe/London,C
0.107,-1.136,-0.614,0.014,0.093,-0.307,-1.371,-0.043,,,0.107,london,2026-08-30,EGLC,22.4,21.2,21.8,22.3,23.2,22.4,22.2,22.2,,,22.4,0.503,22.553,9,23.0,14,0.802,Europe/London,C
0.021,-1.121,-0.686,-0.1,0.157,-0.371,-1.314,-0.129,,,0.021,london,2026-08-31,EGLC,22.7,21.4,22.3,22.9,22.2,22.4,21.5,21.4,,,22.7,0.558,22.581,9,22.0,14,0.802,Europe/London,C
0.057,-1.136,-0.6,-0.021,0.2,-0.321,-1.2,-0.093,,,0.057,london,2026-09-01,EGLC,22.9,21.1,20.7,22.5,22.8,22.8,21.0,22.5,,,22.9,0.865,22.452,9,22.0,14,0.794,Europe/London,C
0.136,-1.043,-0.529,0.05,0.193,-0.221,-1.221,-0.086,,,0.136,london,2026-09-02,EGLC,21.3,20.0,20.4,21.6,20.6,20.5,19.5,19.4,,,21.3,0.743,20.84,9,21.0,14,0.771,Europe/London,C
0.157,-1.014,-0.493,0.143,0.207,-0.221,-1.193,-0.114,,,0.157,london,2026-09-03,EGLC,25.8,24.0,25.0,26.1,24.7,25.5,24.1,25.7,,,25.8,0.731,25.427,9,26.0,14,0.734,Europe/London,C
0.2,-0.943,-0.443,0.264,0.2,-0.164,-1.114,-0.029,,,0.2,london,2026-09-04,EGLC,21.1,20.3,20.2,22.0,22.0,21.3,21.4,21.7,,,21.1,0.615,21.339,9,21.0,14,0.585,Europe/London,C
0.179,-0.936,-0.493,0.3,0.207,-0.186,-1.086,-0.014,,,0.179,london,2026-09-05,EGLC,23.0,22.3,21.7,22.6,22.4,22.5,21.2,23.3,,,23.0,0.624,22.653,9,23.0,14,0.588,Europe/London,C
0.129,-0.986,-0.643,0.186,0.064,-0.279,-1.214,-0.107,,,0.129,london,2026-09-06,EGLC,26.5,25.2,26.2,26.6,26.5,26.7,22.6,27.3,,,26.5,1.314,26.364,9,27.0,14,0.562,Europe/London,C
0.093,-1.086,-0.714,0.186,-0.021,-0.271,-1.414,-0.157,,,0.093,london,2026-09-07,EGLC,24.3,23.4,24.2,24.8,24.2,24.4,23.0,23.6,,,24.3,0.535,24.405,9,25.0,14,0.585,Europe/London,C
0.071,-1.179,-0.75,0.2,-0.021,-0.236,-1.443,-0.221,,,0.071,london,2026-09-08,EGLC,18.7,18.6,18.2,18.2,18.3,18.3,18.2,18.6,,,18.7,0.21,18.822,9,18.0,14,0.584,Europe/London,C
0.086,-1.193,-0.814,0.2,-0.007,-0.207,-1.421,-0.214,,,0.086,london,2026-09-09,EGLC,19.2,18.0,18.8,18.3,18.9,19.7,18.3,20.2,,,19.2,0.669,19.326,9,19.0,14,0.611,Europe/London,C
0.1,-1.264,-0.879,0.114,-0.1,-0.086,-1.35,-0.079,,,0.1,london,2026-09-10,EGLC,20.4,19.3,19.0,20.7,20.9,20.8,18.9,20.9,,,20.4,0.788,20.492,9,21.0,14,0.617,Europe/London,C
0.064,-1.143,-0.879,0.079,-0.05,-0.086,-1.329,-0.093,,,0.064,london,2026-09-11,EGLC,21.5,20.3,21.0,21.9,21.6,21.0,21.3,22.3,,,21.5,0.543,21.693,9,21.0,14,0.582,Europe/London,C
0.129,-1.007,-0.7,0.157,0.014,-0.007,-1.107,0.043,,,0.129,london,2026-09-12,EGLC,23.7,20.9,22.9,23.6,23.8,23.1,20.9,24.4,,,23.7,1.192,23.265,9,23.0,14,0.552,Europe/London,C
0.107,-1.143,-0.686,0.15,0.007,-0.043,-1.279,0.107,,,0.107,london,2026-09-13,EGLC,23.1,21.7,22.3,24.3,22.0,22.9,21.3,21.7,,,23.1,0.89,22.798,9,23.0,14,0.513,Europe/London,C
0.157,-1.107,-0.65,0.293,-0.079,-0.007,-1.343,0.071,,,0.157,london,2026-09-14,EGLC,25.1,22.3,23.8,24.9,24.9,24.8,22.4,24.2,,,25.1,1.052,24.476,9,25.0,14,0.501,Europe/London,C
0.114,-1.257,-0.757,0.221,-0.1,-0.05,-1.493,0.057,,,0.114,london,2026-09-15,EGLC,22.4,20.3,21.9,22.0,23.4,22.5,20.7,23.0,,,22.4,0.948,22.418,9,23.0,14,0.5,Europe/London,C
0.007,-1.386,-0.743,0.114,-0.129,-0.143,-1.586,0.021,,,0.007,london,2026-09-16,EGLC,19.9,18.5,18.9,20.2,18.6,19.9,18.7,20.3,,,19.9,0.698,19.816,9,20.0,14,0.506,Europe/London,C
-0.021,-1.421,-0.779,0.086,-0.2,-0.114,-1.571,0.157,,,-0.021,london,2026-09-17,EGLC,20.9,19.4,20.3,20.4,20.4,20.6,19.8,20.3,,,20.9,0.457,20.795,9,21.0,14,0.507,Europe/London,C
-0.014,-1.393,-0.757,0.036,-0.15,-0.107,-1.521,0.129,,,-0.014,london,2026-09-18,EGLC,19.9,19.6,20.2,20.6,21.1,20.1,18.7,20.7,,,19.9,0.659,20.515,9,20.0,14,0.5,Europe/London,C
-0.029,-1.371,-0.686,0.007,-0.143,-0.121,-1.643,0.129,,,-0.029,london,2026-09-19,EGLC,22.2,21.7,21.9,22.6,21.3,22.1,21.3,21.9,,,22.2,0.404,22.345,9,22.0,14,0.5,Europe/London,C
-0.014,-1.343,-0.6,0.079,-0.15,-0.079,-1.564,0.1,,,-0.014,london,2026-09-20,EGLC,20.3,19.1,19.9,20.2,20.5,20.3,19.0,20.4,,,20.3,0.531,20.406,9,20.0,14,0.5,Europe/London,C
0.043,-1.279,-0.55,0.121,-0.079,-0.036,-1.321,0.107,,,0.043,london,2026-09-21,EGLC,23.1,21.9,22.3,22.5,22.4,22.4,20.5,23.6,,,23.1,0.836,22.791,9,23.0,14,0.5,Europe/London,C
0.1,-1.243,-0.543,0.1,-0.064,-0.036,-1.357,0.25,,,0.1,london,2026-09-22,EGLC,24.9,24.1,24.7,25.4,24.8,24.4,21.5,25.8,,,24.9,1.16,24.844,9,25.0,14,0.5,Europe/London,C
-0.86,-0.42,-0.7,-0.3,0.48,-1.58,0.66,-1.58,,,-0.54,beijing,2026-07-01,ZBAA,29.8,30.2,30.5,31.2,32.7,31.3,31.6,28.7,,,28.5,1.291,31.053,9,31.0,0,1.2,Asia/Shanghai,C
-0.917,-0.483,-0.667,-0.217,0.683,-1.267,0.65,-1.7,,,-0.867,beijing,2026-07-02,ZBAA,33.6,34.1,34.5,35.5,34.8,34.1,34.4,31.5,,,34.0,1.038,34.619,9,34.0,0,1.2,Asia/Shanghai,C
-0.843,-0.4,-0.5,0.029,0.7,-1.071,0.614,-1.814,,,-0.743,beijing,2026-07-03,ZBAA,37.0,36.6,37.8,36.7,37.2,35.6,35.4,34.2,,,35.5,1.059,36.878,9,35.0,0,1.2,Asia/Shanghai,C
-0.487,-0.15,-0.087,0.238,0.888,-0.862,0.588,-1.688,,,-0.588,beijing,2026-07-04,ZBAA,34.0,34.4,35.1,32.6,35.7,32.9,32.7,32.7,,,33.1,1.093,34.106,9,33.0,8,1.218,Asia/Shanghai,C
-0.322,0.022,0.156,0.167,1.089,-0.778,0.489,-1.533,,,-0.511,beijing,2026-07-05,ZBAA,32.5,33.2,34.0,32.8,35.8,32.2,34.4,31.8,,,33.2,1.17,33.444,9,34.0,9,1.206,Asia/Shanghai,C
-0.44,-0.06,0.14,0.03,1.16,-0.88,0.48,-1.6,,,-0.54,beijing,2026-07-06,ZBAA,33.3,33.8,34.9,34.1,36.2,31.9,33.7,30.9,,,33.3,1.457,33.841,9,33.0,10,1.157,Asia/Shanghai,C
-0.373,0.018,0.3,0.127,1.345,-0.9,0.5,-1.645,,,-0.464,beijing,2026-07-07,ZBAA,31.1,28.8,31.2,31.1,35.9,32.5,31.1,30.0,,,31.3,1.84,31.538,9,33.0,11,1.132,Asia/Shanghai,C
-0.5,-0.333,0.125,-0.042,1.475,-0.867,0.3,-1.758,,,-0.567,beijing,2026-07-08,ZBAA,31.1,31.3,31.5,32.7,35.0,31.6,32.9,31.1,,,31.8,1.19,32.235,9,32.0,12,1.163,Asia/Shanghai,C
-0.531,-0.362,0.077,0.015,1.592,-0.831,0.346,-1.692,,,-0.538,beijing,2026-07-09,ZBAA,33.9,33.4,34.8,33.9,35.5,34.1,32.9,33.3,,,33.9,0.744,34.227,9,34.0,13,1.12,Asia/Shanghai,C
-0.5,-0.379,0.129,0.007,1.586,-0.764,0.243,-1.621,,,-0.507,beijing,2026-07-10,ZBAA,28.2,26.1,25.9,27.6,27.6,27.3,30.5,28.4,,,29.2,1.356,27.866,9,27.0,14,1.08,Asia/Shanghai,C
-0.279,-0.393,0.107,0.086,1.579,-0.614,0.414,-1.343,,,-0.307,beijing,2026-07-11,ZBAA,29.0,28.1,29.4,29.4,26.1,29.0,28.8,29.3,,,29.7,1.034,28.771,9,29.0,14,1.081,Asia/Shanghai,C
-0.314,-0.45,0.121,0.136,1.293,-0.493,0.279,-1.171,,,-0.207,beijing,2026-07-12,ZBAA,29.1,28.7,29.5,29.8,28.9,28.7,29.2,28.0,,,29.8,0.549,29.158,9,31.0,14,1.083,Asia/Shanghai,C
-0.35,-0.629,0.086,-0.05,1.143,-0.543,0.107,-1.307,,,-0.286,beijing,2026-07-13,ZBAA,33.2,32.9,33.0,33.4,35.4,33.8,35.1,32.3,,,34.6,1.005,33.862,9,34.0,14,1.183,Asia/Shanghai,C
-0.457,-0.793,-0.043,-0.214,1.15,-0.593,0.007,-1.457,,,-0.286,beijing,2026-07-14,ZBAA,32.5,31.7,32.4,32.3,35.4,33.7,35.7,31.7,,,33.9,1.424,33.433,9,33.0,14,1.152,Asia/Shanghai,C
-0.336,-0.693,0.107,0.007,1.371,-0.307,0.386,-1.364,,,-0.086,beijing,2026-07-15,ZBAA,35.0,35.3,35.2,35.3,39.5,36.2,38.6,33.5,,,36.9,1.779,36.179,9,38.0,14,0.956,Asia/Shanghai,C
-0.464,-0.829,-0.057,-0.2,1.357,-0.457,0.386,-1.521,,,0.014,beijing,2026-07-16,ZBAA,32.6,32.3,32.4,32.7,34.6,32.9,37.1,30.8,,,34.5,1.72,33.395,9,34.0,14,1.073,Asia/Shanghai,C
-0.536,-0.957,-0.207,-0.4,1.343,-0.543,0.579,-1.571,,,0.05,beijing,2026-07-17,ZBAA,30.3,30.3,30.3,31.2,32.0,30.3,31.2,28.7,,,32.6,1.075,30.982,9,31.0,14,1.072,Asia/Shanghai,C
-0.729,-1.121,-0.457,-0.507,1.257,-0.636,0.564,-1.679,,,0.129,beijing,2026-07-18,ZBAA,29.8,30.1,30.0,30.6,32.5,29.4,28.9,28.9,,,29.7,1.029,30.422,9,31.0,14,0.948,Asia/Shanghai,C
-0.886,-1.286,-0.679,-0.507,1.171,-0.743,0.436,-1.807,,,0.029,beijing,2026-07-19,ZBAA,31.6,31.7,32.2,33.3,34.4,32.2,32.9,31.2,,,32.7,0.929,32.904,9,33.0,14,0.913,Asia/Shanghai,C
-0.879,-1.321,-0.736,-0.4,1.143,-0.671,0.4,-1.779,,,0.064,beijing,2026-07-20,ZBAA,29.2,26.8,29.1,31.5,34.0,29.2,29.0,28.7,,,29.2,1.906,30.069,9,29.0,14,0.902,Asia/Shanghai,C
-0.886,-1.536,-0.864,-0.3,1.271,-0.579,0.35,-1.65,,,0.057,beijing,2026-07-21,ZBAA,30.2,29.9,30.4,31.5,32.4,30.6,32.5,29.5,,,30.7,0.999,31.279,9,32.0,14,0.919,Asia/Shanghai,C
-0.879,-1.386,-0.85,-0.2,1.093,-0.643,0.521,-1.614,,,0.086,beijing,2026-07-22,ZBAA,28.4,26.2,27.0,24.8,27.7,26.4,28.1,27.6,,,28.4,1.132,27.737,9,27.0,14,0.853,Asia/Shanghai,C
-0.714,-1.393,-0.814,-0.407,0.929,-0.657,0.536,-1.507,,,0.2,beijing,2026-07-23,ZBAA,27.2,26.3,27.2,29.3,29.8,28.7,29.4,26.9,,,27.5,1.202,28.368,9,28.0,14,0.874,Asia/Shanghai,C
-0.764,-1.471,-0.929,-0.307,0.95,-0.614,0.714,-1.536,,,0.171,beijing,2026-07-24,ZBAA,29.9,30.6,29.9,28.6,29.5,29.7,30.5,29.2,,,29.3,0.595,30.233,9,32.0,14,0.877,Asia/Shanghai,C
-1.0,-1.507,-1.0,-0.593,0.729,-0.8,0.357,-1.836,,,-0.179,beijing,2026-07-25,ZBAA,30.9,31.9,30.4,32.8,33.1,31.8,31.6,29.2,,,29.4,1.297,31.933,9,31.0,14,0.969,Asia/Shanghai,C
-1.007,-1.379,-1.071,-0.493,1.086,-0.743,0.414,-1.986,,,-0.343,beijing,2026-07-26,ZBAA,31.3,30.3,31.3,31.9,33.6,31.5,32.8,30.0,,,32.1,1.065,32.253,9,33.0,14,0.998,Asia/Shanghai,C
-0.993,-1.407,-1.086,-0.486,1.279,-0.686,0.529,-1.986,,,-0.321,beijing,2026-07-27,ZBAA,32.3,33.0,32.3,33.7,34.9,32.5,33.8,31.0,,,32.3,1.07,33.459,9,34.0,14,0.891,Asia/Shanghai,C
-1.057,-1.4,-1.136,-0.464,1.243,-0.779,0.436,-2.079,,,-0.486,beijing,2026-07-28,ZBAA,34.1,34.2,35.0,34.8,36.9,33.5,35.3,32.5,,,34.0,1.166,35.192,9,35.0,14,0.902,Asia/Shanghai,C
-1.086,-1.364,-1.093,-0.429,1.207,-0.936,0.264,-2.164,,,-0.621,beijing,2026-07-29,ZBAA,34.0,34.6,34.7,34.4,36.8,33.5,33.8,32.5,,,33.6,1.113,35.026,9,35.0,14,0.896,Asia/Shanghai,C
-0.943,-1.2,-0.914,-0.279,1.229,-0.914,0.136,-2.021,,,-0.643,beijing,2026-07-30,ZBAA,34.1,34.0,35.0,34.7,36.2,33.3,32.1,32.5,,,33.6,1.194,34.717,9,35.0,14,0.753,Asia/Shanghai,C
-0.907,-1.15,-0.8,-0.207,1.271,-0.957,-0.293,-1.971,,,-0.779,beijing,2026-07-31,ZBAA,34.4,34.8,34.1,34.8,36.1,33.4,34.0,32.1,,,34.5,1.03,34.967,9,36.0,14,0.739,Asia/Shanghai,C
-0.971,-1.186,-0.886,-0.307,1.207,-1.093,-0.45,-2.086,,,-1.0,beijing,2026-08-01,ZBAA,34.3,35.2,36.2,35.1,38.7,34.7,35.0,33.0,,,35.0,1.461,36.058,9,36.0,14,0.789,Asia/Shanghai,C
-1.007,-1.179,-0.8,-0.343,1.293,-1.071,-0.371,-2.15,,,-0.979,beijing,2026-08-02,ZBAA,34.3,34.5,33.7,32.9,36.4,31.0,33.4,32.2,,,30.3,1.757,34.134,9,35.0,14,0.774,Asia/Shanghai,C
-0.957,-1.121,-0.836,-0.514,1.293,-1.3,-0.479,-2.221,,,-1.293,beijing,2026-08-03,ZBAA,35.5,35.3,34.1,32.5,32.3,30.4,31.1,32.7,,,35.0,1.75,34.291,9,36.0,14,0.807,Asia/Shanghai,C
-1.007,-1.014,-0.979,-0.943,0.671,-1.714,-0.829,-2.436,,,-1.379,beijing,2026-08-04,ZBAA,33.7,33.7,34.4,34.5,35.3,34.1,32.5,32.1,,,33.5,0.935,34.858,9,35.0,14,0.882,Asia/Shanghai,C
-0.971,-0.957,-0.907,-0.943,0.664,-1.679,-1.043,-2.464,,,-1.393,beijing,2026-08-05,ZBAA,35.7,36.8,36.3,36.7,37.1,36.5,34.9,33.3,,,35.7,1.118,37.0,9,37.0,14,0.862,Asia/Shanghai,C
-1.164,-0.914,-0.957,-0.807,0.621,-1.671,-1.271,-2.771,,,-1.586,beijing,2026-08-06,ZBAA,35.3,35.5,35.6,36.4,38.3,36.8,35.4,33.6,,,35.6,1.203,36.959,9,36.0,14,0.839,Asia/Shanghai,C
-1.157,-0.829,-0.929,-0.871,0.657,-1.664,-1.414,-2.864,,,-1.579,beijing,2026-08-07,ZBAA,35.4,35.5,35.6,37.0,34.6,34.4,34.4,32.7,,,36.4,1.192,36.266,9,36.0,14,0.872,Asia/Shanghai,C
-1.05,-0.764,-0.807,-0.557,0.736,-1.614,-1.421,-2.9,,,-1.357,beijing,2026-08-08,ZBAA,30.5,30.8,31.3,30.8,32.2,29.9,30.8,28.3,,,30.4,0.999,31.646,9,31.0,14,0.736,Asia/Shanghai,C
-1.079,-0.843,-0.743,-0.7,0.671,-1.75,-1.479,-2.964,,,-1.286,beijing,2026-08-09,ZBAA,30.2,30.8,31.3,31.0,31.8,29.8,30.6,27.6,,,29.9,1.144,31.475,9,30.0,14,0.714,Asia/Shanghai,C
-0.943,-0.593,-0.529,-0.55,0.757,-1.657,-1.421,-2.921,,,-1.229,beijing,2026-08-10,ZBAA,33.4,32.7,33.5,34.3,32.1,31.1,32.8,29.9,,,32.1,1.255,33.463,9,32.0,14,0.791,Asia/Shanghai,C
-0.721,-0.471,-0.3,-0.364,0.7,-1.614,-1.35,-2.857,,,-1.1,beijing,2026-08-11,ZBAA,33.2,33.3,32.6,33.0,34.9,32.0,32.7,30.5,,,31.4,1.179,33.547,9,32.0,14,0.87,Asia/Shanghai,C
-0.571,-0.321,-0.257,-0.279,0.771,-1.507,-1.321,-2.786,,,-1.071,beijing,2026-08-12,ZBAA,25.2,26.1,25.3,25.8,24.7,25.6,26.7,26.4,,,26.1,0.596,26.366,9,27.0,14,0.962,Asia/Shanghai,C
-0.629,-0.357,-0.357,-0.321,0.479,-1.5,-1.257,-2.65,,,-1.036,beijing,2026-08-13,ZBAA,28.6,26.5,28.6,28.5,29.1,29.5,28.3,28.2,,,28.9,0.793,29.194,9,30.0,14,0.977,Asia/Shanghai,C
-0.664,-0.536,-0.457,-0.407,0.329,-1.414,-1.171,-2.6,,,-1.014,beijing,2026-08-14,ZBAA,29.7,30.1,29.7,32.7,31.1,31.0,32.6,29.6,,,30.7,1.122,31.408,9,32.0,14,0.997,Asia/Shanghai,C
-0.714,-0.586,-0.486,-0.271,0.257,-1.3,-0.986,-2.493,,,-1.0,beijing,2026-08-15,ZBAA,29.3,29.3,29.5,29.8,30.0,28.6,29.0,27.1,,,29.0,0.803,29.917,9,29.0,14,0.972,Asia/Shanghai,C
-0.571,-0.507,-0.464,-0.15,0.136,-1.236,-0.914,-2.414,,,-0.929,beijing,2026-08-16,ZBAA,26.8,25.5,27.1,29.3,25.7,26.7,26.9,26.7,,,27.2,1.021,27.49,9,28.0,14,1.002,Asia/Shanghai,C
-0.607,-0.65,-0.436,0.093,-0.129,-1.043,-0.879,-2.307,,,-0.65,beijing,2026-08-17,ZBAA,30.5,31.1,30.6,32.2,31.2,30.9,32.0,29.7,,,30.7,0.722,31.614,9,32.0,14,0.984,Asia/Shanghai,C
-0.679,-0.664,-0.4,0.357,0.079,-0.721,-0.529,-2.236,,,-0.671,beijing,2026-08-18,ZBAA,30.2,31.1,31.3,32.7,31.5,31.0,31.0,28.7,,,31.2,1.011,31.527,9,32.0,14,0.878,Asia/Shanghai,C
-0.714,-0.636,-0.407,0.443,0.021,-0.729,-0.421,-2.264,,,-0.621,beijing,2026-08-19,ZBAA,31.1,31.7,32.1,33.5,31.6,30.9,30.2,29.4,,,31.0,1.097,31.905,9,32.0,14,0.886,Asia/Shanghai,C
-0.686,-0.643,-0.35,0.571,-0.014,-0.771,-0.4,-2.186,,,-0.6,beijing,2026-08-20,ZBAA,31.2,31.1,32.0,33.2,32.5,31.0,30.0,29.5,,,30.3,1.131,31.825,9,32.0,14,0.887,Asia/Shanghai,C
-0.693,-0.671,-0.321,0.629,-0.143,-0.9,-0.5,-2.193,,,-0.693,beijing,2026-08-21,ZBAA,31.4,32.8,33.5,34.7,34.2,32.1,30.9,30.6,,,32.5,1.348,33.131,9,34.0,14,0.85,Asia/Shanghai,C
-0.836,-0.721,-0.329,0.607,-0.029,-0.921,-0.607,-2.2,,,-0.829,beijing,2026-08-22,ZBAA,29.6,30.4,30.3,33.2,31.9,29.1,30.2,29.7,,,30.7,1.193,31.107,9,30.0,14,0.878,Asia/Shanghai,C
-0.829,-0.679,-0.329,0.85,0.021,-0.907,-0.579,-2.029,,,-0.736,beijing,2026-08-23,ZBAA,30.7,30.5,30.2,32.8,31.9,30.5,29.3,30.2,,,31.5,0.991,31.395,9,33.0,14,0.911,Asia/Shanghai,C
-1.007,-0.914,-0.621,0.764,-0.186,-1.071,-0.886,-2.057,,,-0.836,beijing,2026-08-24,ZBAA,31.1,30.7,31.4,32.0,32.1,32.6,32.4,30.7,,,31.8,0.665,32.344,9,33.0,14,0.926,Asia/Shanghai,C
-1.243,-1.129,-0.843,0.529,-0.257,-1.036,-0.986,-2.071,,,-0.929,beijing,2026-08-25,ZBAA,30.2,27.5,30.6,30.2,30.3,30.3,31.2,30.8,,,30.3,0.99,30.981,9,30.0,14,0.858,Asia/Shanghai,C
-1.314,-1.4,-0.843,0.471,-0.443,-1.014,-0.95,-1.907,,,-0.864,beijing,2026-08-26,ZBAA,28.0,27.4,27.6,27.4,24.1,28.3,26.1,24.7,,,28.0,1.44,27.931,9,28.0,14,0.796,Asia/Shanghai,C
-1.186,-1.379,-0.75,0.514,-0.557,-0.893,-1.064,-2.1,,,-0.8,beijing,2026-08-27,ZBAA,29.1,29.7,29.1,28.9,26.6,27.9,26.4,26.6,,,29.1,1.229,29.257,9,29.0,14,0.778,Asia/Shanghai,C
-1.079,-1.079,-0.643,0.614,-0.664,-0.936,-1.129,-2.143,,,-0.714,beijing,2026-08-28,ZBAA,21.7,22.3,22.3,23.0,23.7,23.3,24.5,21.9,,,24.5,0.998,23.745,9,24.0,14,0.751,Asia/Shanghai,C
-1.079,-1.064,-0.6,0.493,-0.621,-0.914,-1.136,-2.121,,,-0.586,beijing,2026-08-29,ZBAA,29.1,28.3,29.1,31.6,32.3,28.6,28.8,25.9,,,27.8,1.807,29.971,9,31.0,14,0.737,Asia/Shanghai,C
-1.236,-1.279,-0.771,0.479,-0.6,-1.057,-1.293,-2.35,,,-0.814,beijing,2026-08-30,ZBAA,31.0,32.6,31.2,32.8,31.5,31.4,32.8,30.8,,,31.9,0.738,32.693,9,34.0,14,0.747,Asia/Shanghai,C
-1.364,-1.2,-0.907,0.3,-0.614,-1.15,-1.3,-2.486,,,-0.907,beijing,2026-08-31,ZBAA,28.9,30.1,28.8,31.5,30.4,29.6,30.3,28.5,,,30.3,0.905,30.788,9,31.0,14,0.814,Asia/Shanghai,C
-1.407,-1.2,-0.964,0.321,-0.6,-1.171,-1.35,-2.5,,,-0.864,beijing,2026-09-01,ZBAA,28.1,29.4,28.3,30.8,29.5,29.0,29.4,27.6,,,29.3,0.891,30.041,9,30.0,14,0.809,Asia/Shanghai,C
-1.414,-1.179,-1.036,0.329,-0.6,-1.171,-1.321,-2.436,,,-0.857,beijing,2026-09-02,ZBAA,28.8,29.9,29.4,32.2,31.2,29.6,30.7,27.8,,,28.9,1.271,30.84,9,30.0,14,0.799,Asia/Shanghai,C
-1.436,-1.164,-1.086,0.379,-0.486,-1.121,-1.143,-2.407,,,-0.864,beijing,2026-09-03,ZBAA,29.9,31.8,31.2,33.2,32.6,30.7,31.7,29.6,,,30.9,1.11,32.269,9,32.0,14,0.83,Asia/Shanghai,C
-1.529,-1.114,-1.143,0.379,-0.479,-1.143,-1.021,-2.4,,,-0.821,beijing,2026-09-04,ZBAA,30.4,31.9,32.2,33.5,33.3,29.9,32.9,30.3,,,30.9,1.294,32.69,9,33.0,14,0.831,Asia/Shanghai,C
-1.529,-1.107,-1.164,0.364,-0.471,-1.229,-0.807,-2.35,,,-0.864,beijing,2026-09-05,ZBAA,31.7,32.6,32.8,33.9,34.2,31.4,33.4,31.4,,,31.9,1.006,33.601,9,33.0,14,0.803,Asia/Shanghai,C
-1.593,-1.164,-1.2,0.2,-0.521,-1.279,-0.793,-2.443,,,-0.993,beijing,2026-09-06,ZBAA,30.6,31.2,31.2,33.4,31.7,29.7,31.9,30.5,,,30.3,1.026,32.22,9,31.0,14,0.763,Asia/Shanghai,C
-1.457,-0.971,-0.986,0.386,-0.393,-1.193,-0.464,-2.279,,,-0.936,beijing,2026-09-07,ZBAA,29.7,29.4,30.1,31.3,28.5,28.2,30.3,28.4,,,30.3,0.987,30.515,9,29.0,14,0.71,Asia/Shanghai,C
-1.271,-0.779,-0.793,0.621,-0.364,-1.221,-0.329,-2.157,,,-0.757,beijing,2026-09-08,ZBAA,23.5,22.8,23.3,23.9,24.2,23.2,23.8,23.7,,,24.5,0.492,24.423,9,25.0,14,0.799,Asia/Shanghai,C
-1.393,-0.757,-0.957,0.529,-0.443,-1.371,-0.5,-2.307,,,-0.814,beijing,2026-09-09,ZBAA,24.8,25.2,25.0,25.8,25.6,24.4,25.5,24.9,,,25.2,0.411,26.044,9,27.0,14,0.77,Asia/Shanghai,C
-1.55,-0.843,-1.071,0.486,-0.264,-1.579,-0.471,-2.221,,,-0.943,beijing,2026-09-10,ZBAA,28.7,29.2,29.1,30.4,29.0,28.2,29.5,29.0,,,28.7,0.578,30.021,9,31.0,14,0.811,Asia/Shanghai,C
-1.721,-1.021,-1.214,0.45,-0.236,-1.7,-0.393,-2.193,,,-1.114,beijing,2026-09-11,ZBAA,30.9,31.1,31.5,31.9,31.0,30.3,31.4,30.7,,,30.4,0.492,32.101,9,32.0,14,0.85,Asia/Shanghai,C
-1.636,-0.964,-1.129,0.514,-0.286,-1.771,-0.471,-2.136,,,-1.264,beijing,2026-09-12,ZBAA,28.8,28.9,28.8,30.0,28.6,27.7,29.1,27.8,,,27.9,0.692,29.704,9,28.0,14,0.847,Asia/Shanghai,C
-1.443,-0.707,-0.936,0.614,-0.336,-1.621,-0.236,-1.786,,,-1.043,beijing,2026-09-13,ZBAA,29.9,30.1,30.5,30.5,29.7,29.5,29.2,30.5,,,30.0,0.441,30.887,9,30.0,14,0.922,Asia/Shanghai,C
-1.236,-0.6,-0.7,0.736,-0.179,-1.471,-0.207,-1.521,,,-0.893,beijing,2026-09-14,ZBAA,26.5,26.9,26.9,28.0,26.6,25.9,26.4,26.1,,,25.7,0.643,27.291,9,26.0,14,0.885,Asia/Shanghai,C
-1.05,-0.471,-0.479,0.843,-0.093,-1.379,-0.129,-1.336,,,-0.864,beijing,2026-09-15,ZBAA,28.5,28.7,28.7,30.9,29.2,27.3,28.3,27.7,,,27.3,1.048,29.108,9,28.0,14,0.949,Asia/Shanghai,C
-0.879,-0.379,-0.307,0.993,0.029,-1.357,-0.064,-1.186,,,-0.864,beijing,2026-09-16,ZBAA,31.2,30.9,31.3,33.3,31.9,29.8,30.8,30.4,,,30.1,0.991,31.566,9,30.0,14,0.994,Asia/Shanghai,C
-0.707,-0.307,-0.171,1.071,0.079,-1.343,-0.057,-1.0,,,-0.779,beijing,2026-09-17,ZBAA,31.4,31.2,31.5,32.2,31.0,29.7,31.3,30.8,,,30.3,0.682,31.459,9,31.0,14,1.055,Asia/Shanghai,C
-0.529,-0.279,-0.079,1.071,0.036,-1.343,-0.014,-0.843,,,-0.75,beijing,2026-09-18,ZBAA,28.1,28.5,28.3,30.4,28.8,27.2,27.9,29.6,,,27.7,0.931,28.75,9,28.0,14,1.059,Asia/Shanghai,C
-0.336,-0.164,0.0,1.207,0.071,-1.179,-0.014,-0.536,,,-0.621,beijing,2026-09-19,ZBAA,29.2,28.8,28.9,30.4,29.0,27.0,28.1,28.4,,,27.7,0.916,28.856,9,28.0,14,1.075,Asia/Shanghai,C
-0.157,-0.079,0.079,1.314,0.057,-1.136,-0.036,-0.393,,,-0.564,beijing,2026-09-20,ZBAA,29.1,28.6,28.8,29.3,30.1,27.5,26.1,28.1,,,27.3,1.142,28.585,9,29.0,14,1.087,Asia/Shanghai,C
-0.121,-0.121,0.05,1.164,0.086,-1.15,-0.307,-0.421,,,-0.636,beijing,2026-09-21,ZBAA,30.0,30.4,30.2,30.6,30.9,29.6,29.7,30.8,,,29.8,0.454,30.377,9,30.0,14,1.043,Asia/Shanghai,C
-0.171,-0.121,-0.014,1.043,0.186,-1.121,-0.421,-0.321,,,-0.743,beijing,2026-09-22,ZBAA,30.5,30.8,30.4,31.5,31.2,29.7,30.0,31.3,,,30.0,0.604,30.769,9,30.0,14,0.966,Asia/Shanghai,C
-0.029,0.093,0.136,1.229,0.329,-1.014,-0.336,-0.136,,,-0.707,beijing,2026-09-23,ZBAA,31.6,31.7,31.9,33.5,31.9,30.8,30.2,32.2,,,30.8,0.906,31.667,9,31.0,14,0.976,Asia/Shanghai,C
0.356,-4.204,-0.544,-0.904,0.356,-0.224,0.296,-0.484,0.356,-1.164,0.116,nyc,2026-06-30,KLGA,31.9,26.6,31.2,30.7,31.9,31.5,32.7,31.4,31.9,30.5,31.4,1.525,31.591,11,32.22,0,1.2,America/New_York,F
0.243,-4.44,-0.623,-1.007,0.243,-0.307,0.327,-0.54,0.243,-1.257,-0.04,nyc,2026-07-01,KLGA,34.4,27.5,32.6,32.9,34.4,33.3,33.7,33.7,34.4,32.7,33.7,1.857,33.725,11,33.33,0,1.2,America/New_York,F
0.361,-4.639,-0.639,-0.924,0.361,-0.267,0.333,-0.41,0.361,-1.167,0.019,nyc,2026-07-02,KLGA,39.5,30.5,39.4,36.4,39.5,37.4,37.8,38.7,39.5,36.0,38.7,2.54,38.117,11,38.89,0,1.2,America/New_York,F
0.392,-5.107,-0.495,-1.12,0.392,-0.42,0.155,-0.382,0.392,-1.382,-0.007,nyc,2026-07-03,KLGA,38.4,30.8,40.0,36.5,38.4,37.4,37.0,39.2,38.4,36.2,39.3,2.385,38.03,11,37.78,8,0.674,America/New_York,F
0.418,-5.316,-0.193,-1.138,0.418,-0.416,0.051,-0.182,0.418,-1.404,0.162,nyc,2026-07-04,KLGA,36.2,29.9,36.7,35.4,36.2,35.5,34.0,36.1,36.2,34.9,36.9,1.874,35.993,11,36.11,9,0.641,America/New_York,F
0.385,-5.405,-0.115,-1.095,0.385,-0.435,-0.165,-0.165,0.385,-1.385,0.225,nyc,2026-07-05,KLGA,27.5,25.4,27.8,28.9,27.5,28.2,28.8,27.7,27.5,27.8,28.3,0.887,28.428,11,25.56,10,0.609,America/New_York,F
0.526,-4.928,0.099,-0.692,0.526,-0.155,0.145,0.045,0.526,-1.055,0.454,nyc,2026-07-06,KLGA,21.5,22.5,21.5,23.4,21.5,22.4,23.2,21.6,21.5,23.3,23.6,0.84,22.88,11,21.11,11,1.042,America/New_York,F
0.515,-4.402,0.123,-0.443,0.515,-0.035,0.307,0.082,0.515,-0.785,0.623,nyc,2026-07-07,KLGA,20.9,22.3,22.5,22.6,20.9,21.5,22.4,21.3,20.9,21.7,22.9,0.722,22.051,11,22.22,12,1.121,America/New_York,F
0.374,-4.057,0.135,-0.38,0.374,-0.088,0.297,0.005,0.374,-0.765,0.628,nyc,2026-07-08,KLGA,30.5,25.0,28.2,29.7,30.5,30.2,28.4,27.7,30.5,27.8,30.5,1.68,29.245,11,30.56,13,1.078,America/New_York,F
0.343,-4.164,-0.043,-0.414,0.343,-0.107,0.121,-0.2,0.343,-0.907,0.579,nyc,2026-07-09,KLGA,29.9,25.5,27.5,28.9,29.9,28.8,29.8,27.4,29.9,27.7,29.4,1.36,28.963,11,30.56,14,1.096,America/New_York,F
0.274,-4.191,-0.155,-0.426,0.274,-0.176,0.074,-0.405,0.274,-0.991,0.574,nyc,2026-07-10,KLGA,31.9,27.6,29.9,30.2,31.9,29.7,30.3,29.5,31.9,29.1,30.7,1.269,30.713,11,31.11,14,1.143,America/New_York,F
0.325,-4.104,-0.132,-0.504,0.325,-0.196,-0.039,-0.389,0.325,-1.139,0.461,nyc,2026-07-11,KLGA,29.2,24.7,27.9,27.2,29.2,27.1,27.9,25.1,29.2,26.1,28.8,1.552,27.983,11,27.78,14,1.138,America/New_York,F
0.466,-4.119,-0.241,-0.455,0.466,-0.248,-0.019,-0.512,0.466,-1.205,0.495,nyc,2026-07-12,KLGA,30.1,25.3,29.8,29.1,30.1,29.9,28.5,28.0,30.1,27.5,29.7,1.436,29.326,11,29.44,14,1.131,America/New_York,F
0.505,-4.138,-0.102,-0.416,0.505,-0.231,-0.131,-0.616,0.505,-1.216,0.576,nyc,2026-07-13,KLGA,30.0,26.0,29.1,29.1,30.0,28.7,29.4,27.7,30.0,28.2,28.6,1.141,29.316,11,29.44,14,1.106,America/New_York,F
0.414,-4.036,-0.144,-0.365,0.414,-0.322,-0.158,-0.786,0.414,-1.186,0.456,nyc,2026-07-14,KLGA,33.5,30.1,35.0,33.5,33.5,33.7,34.7,33.8,33.5,34.4,35.9,1.384,34.36,11,33.33,14,1.106,America/New_York,F
0.449,-3.866,0.049,-0.244,0.449,-0.244,-0.094,-0.694,0.449,-0.987,0.699,nyc,2026-07-15,KLGA,36.4,31.7,37.0,34.7,36.4,35.9,34.7,36.0,36.4,35.1,36.3,1.402,35.958,11,36.67,14,1.127,America/New_York,F
0.353,-3.804,0.124,-0.354,0.353,-0.297,-0.261,-0.769,0.353,-1.054,0.646,nyc,2026-07-16,KLGA,31.9,28.4,31.6,32.0,31.9,31.7,32.7,32.4,31.9,32.0,33.9,1.253,32.281,11,31.11,14,1.138,America/New_York,F
0.366,-3.399,0.123,-0.113,0.366,-0.149,-0.07,-0.663,0.366,-0.784,0.859,nyc,2026-07-17,KLGA,31.6,26.5,31.4,29.9,31.6,30.0,30.0,30.6,31.6,29.1,31.1,1.453,30.556,11,30.56,14,1.162,America/New_York,F
0.396,-3.19,0.024,-0.069,0.396,-0.161,-0.054,-0.761,0.396,-0.776,0.789,nyc,2026-07-18,KLGA,26.4,24.8,26.5,25.7,26.4,26.8,25.6,27.1,26.4,25.9,27.6,0.733,26.551,11,26.67,14,1.16,America/New_York,F
0.37,-2.88,-0.03,-0.087,0.37,-0.109,0.02,-0.73,0.37,-0.744,0.799,nyc,2026-07-19,KLGA,27.0,25.7,26.9,26.9,27.0,27.9,26.8,26.6,27.0,25.9,27.8,0.63,27.006,11,26.67,14,1.16,America/New_York,F
0.255,-2.938,-0.174,-0.309,0.255,-0.209,-0.202,-0.888,0.255,-0.959,0.684,nyc,2026-07-20,KLGA,27.4,24.8,27.9,27.3,27.4,27.1,26.7,27.0,27.4,26.9,27.5,0.773,27.486,11,27.78,14,0.876,America/New_York,F
0.2,-3.25,-0.193,-0.507,0.2,-0.35,-0.429,-0.979,0.2,-1.179,0.486,nyc,2026-07-21,KLGA,28.6,25.1,25.3,26.1,28.6,27.2,26.3,25.6,28.6,25.5,25.3,1.366,27.175,11,27.78,14,0.741,America/New_York,F
0.353,-3.447,-0.39,-0.654,0.353,-0.34,-0.547,-1.069,0.353,-1.304,0.26,nyc,2026-07-22,KLGA,31.5,27.8,32.1,29.9,31.5,31.4,30.0,29.2,31.5,28.4,30.3,1.351,30.811,11,31.11,14,0.757,America/New_York,F
0.385,-3.286,-0.151,-0.679,0.385,-0.294,-0.472,-1.001,0.385,-1.301,0.206,nyc,2026-07-23,KLGA,28.7,24.9,27.6,26.5,28.7,27.2,25.8,26.6,28.7,26.2,27.5,1.208,27.739,11,27.22,14,0.675,America/New_York,F
0.538,-3.091,0.095,-0.612,0.538,-0.169,-0.519,-0.819,0.538,-1.169,0.309,nyc,2026-07-24,KLGA,28.7,25.3,28.7,27.7,28.7,28.2,27.3,27.8,28.7,27.2,28.5,0.985,28.299,11,27.78,14,0.542,America/New_York,F
0.547,-3.017,0.247,-0.553,0.547,-0.039,-0.496,-0.703,0.547,-1.067,0.39,nyc,2026-07-25,KLGA,27.6,24.9,28.4,26.8,27.6,27.8,27.1,27.1,27.6,26.5,27.9,0.891,27.511,11,26.11,14,0.549,America/New_York,F
0.552,-2.884,0.402,-0.462,0.552,0.131,-0.434,-0.441,0.552,-0.919,0.445,nyc,2026-07-26,KLGA,30.2,25.5,29.9,28.2,30.2,28.5,28.4,28.5,30.2,27.8,29.1,1.34,29.033,11,27.78,14,0.662,America/New_York,F
0.678,-2.751,0.528,-0.408,0.678,0.149,-0.322,-0.286,0.678,-0.779,0.521,nyc,2026-07-27,KLGA,28.4,25.9,29.8,29.0,28.4,28.6,27.5,28.1,28.4,27.7,27.5,0.95,28.251,11,28.89,14,0.741,America/New_York,F
0.603,-2.719,0.617,-0.376,0.603,0.181,-0.419,-0.219,0.603,-0.776,0.481,nyc,2026-07-28,KLGA,27.1,24.9,26.6,28.0,27.1,26.4,26.1,25.3,27.1,26.2,25.0,0.934,26.563,11,26.67,14,0.76,America/New_York,F
0.621,-2.614,0.493,-0.293,0.621,0.136,-0.557,-0.35,0.621,-0.886,0.179,nyc,2026-07-29,KLGA,27.2,25.4,26.9,27.0,27.2,27.9,28.0,25.2,27.2,24.9,27.7,1.05,26.73,11,27.22,14,0.709,America/New_York,F
0.639,-2.389,0.446,-0.168,0.639,0.239,-0.361,-0.446,0.639,-0.939,0.239,nyc,2026-07-30,KLGA,24.1,24.3,24.9,24.6,24.1,24.0,24.0,22.3,24.1,23.8,24.5,0.634,24.265,11,24.44,14,0.696,America/New_York,F
0.559,-2.206,0.444,-0.22,0.559,0.166,-0.506,-0.691,0.559,-1.049,0.044,nyc,2026-07-31,KLGA,28.8,25.6,27.4,28.7,28.8,29.5,28.9,27.3,28.8,28.0,29.6,1.111,28.512,11,28.89,14,0.623,America/New_York,F
0.478,-2.151,0.278,-0.186,0.478,0.249,-0.465,-0.808,0.478,-1.008,0.056,nyc,2026-08-01,KLGA,31.2,26.4,29.1,29.6,31.2,30.0,31.0,28.6,31.2,28.0,30.1,1.478,29.784,11,30.56,14,0.631,America/New_York,F
0.543,-2.314,0.186,-0.186,0.543,0.2,-0.357,-0.979,0.543,-1.136,-0.043,nyc,2026-08-02,KLGA,29.6,26.1,28.0,29.5,29.6,28.2,28.3,28.1,29.6,27.1,28.5,1.079,28.611,11,29.44,14,0.663,America/New_York,F
0.531,-2.484,0.066,-0.198,0.531,0.024,-0.448,-1.069,0.531,-1.248,-0.191,nyc,2026-08-03,KLGA,28.8,26.3,27.4,28.4,28.8,27.7,27.3,27.4,28.8,26.9,29.1,0.883,28.221,11,28.89,14,0.694,America/New_York,F
0.551,-2.456,-0.049,-0.199,0.551,-0.013,-0.484,-1.12,0.551,-1.327,-0.156,nyc,2026-08-04,KLGA,29.7,25.8,28.7,29.0,29.7,29.7,29.0,27.7,29.7,27.8,30.1,1.215,29.141,11,28.89,14,0.712,America/New_York,F
0.551,-2.485,0.115,-0.071,0.551,0.086,-0.371,-1.049,0.551,-1.242,0.108,nyc,2026-08-05,KLGA,30.4,26.5,28.1,28.6,30.4,29.2,27.8,27.6,30.4,27.5,29.8,1.306,29.075,11,28.89,14,0.697,America/New_York,F
0.631,-2.419,-0.012,-0.005,0.631,0.088,-0.369,-1.005,0.631,-1.148,0.231,nyc,2026-08-06,KLGA,31.9,28.5,31.9,31.4,31.9,31.9,31.4,29.5,31.9,30.8,32.6,1.16,31.552,11,32.22,14,0.694,America/New_York,F
0.502,-2.519,-0.062,-0.012,0.502,0.066,-0.326,-1.155,0.502,-1.176,0.238,nyc,2026-08-07,KLGA,33.5,29.1,35.5,32.6,33.5,33.2,31.4,31.3,33.5,31.6,34.1,1.646,33.011,11,33.89,14,0.703,America/New_York,F
0.409,-2.684,-0.013,-0.099,0.409,-0.013,-0.47,-1.341,0.409,-1.299,0.201,nyc,2026-08-08,KLGA,31.9,29.2,30.8,31.9,31.9,31.8,31.2,29.9,31.9,31.6,32.6,0.958,31.885,11,32.78,14,0.728,America/New_York,F
0.239,-2.854,-0.318,-0.211,0.239,-0.204,-0.654,-1.618,0.239,-1.411,0.061,nyc,2026-08-09,KLGA,33.4,30.3,34.1,32.6,33.4,32.9,31.7,31.0,33.4,32.6,33.5,1.117,33.392,11,32.78,14,0.669,America/New_York,F
0.111,-2.868,-0.375,-0.254,0.111,-0.246,-0.775,-1.796,0.111,-1.425,0.018,nyc,2026-08-10,KLGA,31.5,28.0,31.9,31.0,31.5,31.8,31.1,30.9,31.5,31.8,32.3,1.09,32.035,11,32.78,14,0.601,America/New_York,F
0.054,-2.996,-0.503,-0.389,0.054,-0.296,-0.796,-1.874,0.054,-1.41,0.083,nyc,2026-08-11,KLGA,30.5,28.1,31.8,30.2,30.5,30.3,30.9,30.7,30.5,30.3,30.9,0.849,31.181,11,30.0,14,0.61,America/New_York,F
0.059,-3.005,-0.369,-0.469,0.059,-0.255,-0.691,-1.726,0.059,-1.355,0.266,nyc,2026-08-12,KLGA,30.8,27.6,31.5,30.2,30.8,31.0,29.8,30.0,30.8,30.6,31.0,0.993,31.181,11,30.0,14,0.686,America/New_York,F
0.118,-3.046,-0.239,-0.439,0.118,-0.232,-0.761,-1.582,0.118,-1.146,0.304,nyc,2026-08-13,KLGA,30.9,27.4,30.1,30.2,30.9,30.5,29.4,28.3,30.9,29.7,30.5,1.085,30.6,11,30.0,14,0.744,America/New_York,F
0.206,-3.222,-0.265,-0.436,0.206,-0.165,-0.772,-1.551,0.206,-1.122,0.335,nyc,2026-08-14,KLGA,30.2,27.0,29.3,30.0,30.2,30.7,29.7,29.5,30.2,29.4,29.6,0.922,30.216,11,30.0,14,0.76,America/New_York,F
0.227,-3.201,-0.209,-0.423,0.227,-0.159,-0.794,-1.473,0.227,-1.101,0.256,nyc,2026-08-15,KLGA,29.5,25.6,29.7,28.0,29.5,28.7,27.7,28.0,29.5,28.1,29.2,1.155,29.15,11,28.89,14,0.755,America/New_York,F
0.225,-3.139,-0.046,-0.418,0.225,-0.132,-0.911,-1.396,0.225,-0.975,0.311,nyc,2026-08-16,KLGA,27.7,25.3,27.4,27.6,27.7,26.4,27.8,26.7,27.7,26.7,27.1,0.736,27.621,11,27.22,14,0.729,America/New_York,F
0.248,-3.038,0.069,-0.395,0.248,-0.102,-0.788,-1.338,0.248,-0.845,0.369,nyc,2026-08-17,KLGA,26.8,25.6,26.2,25.8,26.8,27.3,26.6,24.6,26.8,28.1,27.3,0.91,27.311,11,26.11,14,0.703,America/New_York,F
0.304,-2.889,0.182,-0.382,0.304,0.068,-0.639,-1.339,0.304,-0.561,0.439,nyc,2026-08-18,KLGA,30.4,26.3,29.0,29.0,30.4,29.8,28.1,28.6,30.4,27.3,29.4,1.273,29.178,11,29.44,14,0.752,America/New_York,F
0.314,-2.893,0.164,-0.421,0.314,0.036,-0.743,-1.314,0.314,-0.636,0.35,nyc,2026-08-19,KLGA,32.0,26.9,29.6,30.6,32.0,30.8,30.1,30.6,32.0,29.4,31.3,1.435,30.766,11,30.56,14,0.752,America/New_York,F
0.309,-2.984,0.152,-0.398,0.309,0.031,-0.698,-1.219,0.309,-0.619,0.338,nyc,2026-08-20,KLGA,30.2,26.4,28.9,30.2,30.2,28.2,28.0,29.2,30.2,28.5,28.6,1.152,29.351,11,29.44,14,0.753,America/New_York,F
0.386,-2.935,0.136,-0.285,0.386,-0.035,-0.742,-1.042,0.386,-0.585,0.251,nyc,2026-08-21,KLGA,25.2,24.5,24.6,26.1,25.2,25.2,25.1,24.0,25.2,25.5,25.0,0.523,25.469,11,25.56,14,0.731,America/New_York,F
0.389,-2.669,-0.047,-0.154,0.389,-0.011,-0.597,-0.969,0.389,-0.426,0.196,nyc,2026-08-22,KLGA,24.9,23.1,24.0,25.9,24.9,26.0,25.0,23.1,24.9,24.6,25.9,0.971,24.985,11,25.0,14,0.693,America/New_York,F
0.444,-2.549,0.023,-0.027,0.444,0.13,-0.484,-0.899,0.444,-0.37,0.273,nyc,2026-08-23,KLGA,28.4,25.7,26.1,27.1,28.4,28.4,27.8,25.3,28.4,27.0,28.3,1.136,27.579,11,28.33,14,0.651,America/New_York,F
0.405,-2.559,-0.231,-0.102,0.405,0.126,-0.445,-0.988,0.405,-0.452,0.219,nyc,2026-08-24,KLGA,28.2,25.1,25.6,27.6,28.2,27.1,26.2,26.6,28.2,26.0,28.1,1.098,27.167,11,27.22,14,0.661,America/New_York,F
0.566,-2.369,-0.284,0.052,0.566,0.188,-0.398,-0.898,0.566,-0.469,0.316,nyc,2026-08-25,KLGA,27.1,24.5,25.3,26.6,27.1,25.6,25.0,25.9,27.1,26.3,27.0,0.894,26.415,11,26.11,14,0.63,America/New_York,F
0.601,-2.349,-0.47,0.073,0.601,0.13,-0.541,-0.963,0.601,-0.477,0.316,nyc,2026-08-26,KLGA,28.9,24.0,25.9,27.7,28.9,27.8,26.7,27.2,28.9,27.2,27.8,1.399,27.623,11,27.78,14,0.552,America/New_York,F
0.624,-2.447,-0.711,0.053,0.624,0.06,-0.604,-1.004,0.624,-0.561,0.246,nyc,2026-08-27,KLGA,26.0,24.6,26.3,24.9,26.0,27.0,26.1,26.2,26.0,26.1,26.6,0.652,26.268,11,25.0,14,0.5,America/New_York,F
0.631,-2.29,-0.626,0.031,0.631,0.167,-0.483,-0.797,0.631,-0.461,0.324,nyc,2026-08-28,KLGA,29.2,26.4,28.4,29.0,29.2,29.2,28.1,26.4,29.2,27.8,28.3,1.011,28.495,11,28.89,14,0.544,America/New_York,F
0.639,-2.254,-0.611,0.039,0.639,0.139,-0.518,-0.939,0.639,-0.496,0.311,nyc,2026-08-29,KLGA,26.5,24.2,25.3,26.5,26.5,25.9,24.9,25.1,26.5,25.6,26.1,0.749,25.976,11,25.56,14,0.551,America/New_York,F
0.663,-2.116,-0.687,0.17,0.663,0.177,-0.48,-0.909,0.663,-0.437,0.327,nyc,2026-08-30,KLGA,27.0,25.2,26.2,27.8,27.0,27.1,26.2,26.2,27.0,27.2,26.2,0.681,26.908,11,27.22,14,0.557,America/New_York,F
0.613,-2.123,-0.773,0.184,0.613,0.227,-0.594,-0.944,0.613,-0.401,0.263,nyc,2026-08-31,KLGA,25.7,23.8,25.7,26.5,25.7,25.6,25.0,25.0,25.7,25.0,26.1,0.683,25.56,11,25.0,14,0.553,America/New_York,F
0.614,-2.172,-0.729,0.314,0.614,0.185,-0.629,-0.836,0.614,-0.544,0.256,nyc,2026-09-01,KLGA,26.9,24.4,25.9,26.6,26.9,26.3,28.1,25.3,26.9,26.7,26.0,0.924,26.639,11,26.67,14,0.5,America/New_York,F
0.561,-2.11,-0.753,0.34,0.561,0.133,-0.431,-0.874,0.561,-0.389,0.211,nyc,2026-09-02,KLGA,23.4,22.0,21.3,23.8,23.4,22.3,23.9,23.0,23.4,22.8,23.6,0.781,23.109,11,23.33,14,0.5,America/New_York,F
0.464,-1.944,-0.829,0.371,0.464,0.042,-0.358,-0.901,0.464,-0.344,0.178,nyc,2026-09-03,KLGA,31.5,27.1,29.3,29.6,31.5,30.0,29.4,28.0,31.5,28.7,31.3,1.451,29.982,11,30.56,14,0.5,America/New_York,F
0.476,-1.974,-0.881,0.248,0.476,0.091,-0.338,-1.066,0.476,-0.409,0.291,nyc,2026-09-04,KLGA,30.8,27.7,28.8,29.9,30.8,29.7,29.9,28.0,30.8,28.3,29.9,1.087,29.64,11,28.89,14,0.5,America/New_York,F
0.639,-1.983,-0.819,0.281,0.639,0.174,-0.233,-1.019,0.639,-0.447,0.403,nyc,2026-09-05,KLGA,27.0,25.0,25.9,27.3,27.0,26.5,26.1,26.6,27.0,26.2,26.3,0.623,26.582,11,26.11,14,0.533,America/New_York,F
0.709,-1.926,-0.762,0.302,0.709,0.131,-0.234,-0.848,0.709,-0.412,0.352,nyc,2026-09-06,KLGA,24.2,22.6,23.2,24.7,24.2,24.1,22.6,23.7,24.2,23.2,23.2,0.676,23.712,11,23.89,14,0.548,America/New_York,F
0.726,-1.831,-0.652,0.448,0.726,0.141,-0.288,-0.645,0.726,-0.366,0.305,nyc,2026-09-07,KLGA,27.4,25.3,25.9,26.9,27.4,26.6,26.4,25.9,27.4,26.5,26.7,0.656,26.695,11,26.11,14,0.512,America/New_York,F
0.749,-1.737,-0.551,0.477,0.749,0.184,-0.194,-0.616,0.749,-0.251,0.284,nyc,2026-09-08,KLGA,28.3,26.0,27.3,27.6,28.3,27.8,27.1,27.3,28.3,27.4,27.4,0.641,27.578,11,26.67,14,0.535,America/New_York,F
0.794,-1.67,-0.449,0.509,0.794,0.301,-0.084,-0.556,0.794,-0.213,0.273,nyc,2026-09-09,KLGA,28.3,26.2,27.5,28.9,28.3,28.3,29.3,27.6,28.3,28.5,28.9,0.807,28.138,11,28.33,14,0.582,America/New_York,F
0.712,-1.552,-0.374,0.555,0.712,0.298,0.062,-0.566,0.712,-0.159,0.312,nyc,2026-09-10,KLGA,31.5,28.2,30.8,30.2,31.5,30.1,31.2,30.6,31.5,30.4,31.4,0.935,30.612,11,30.56,14,0.583,America/New_York,F
0.708,-1.692,-0.449,0.536,0.708,0.122,0.029,-0.649,0.708,-0.249,0.258,nyc,2026-09-11,KLGA,28.1,25.2,27.3,27.2,28.1,26.8,26.4,26.8,28.1,26.6,27.0,0.829,27.079,11,26.67,14,0.5,America/New_York,F
0.788,-1.619,-0.369,0.566,0.788,0.109,0.066,-0.462,0.788,-0.176,0.324,nyc,2026-09-12,KLGA,26.3,23.9,24.9,26.1,26.3,25.6,25.9,25.7,26.3,25.7,25.2,0.698,25.587,11,25.56,14,0.5,America/New_York,F
0.774,-1.641,-0.398,0.538,0.774,0.088,0.138,-0.419,0.774,-0.169,0.259,nyc,2026-09-13,KLGA,26.6,24.7,26.2,25.1,26.6,26.3,24.3,24.6,26.6,25.8,25.3,0.837,25.752,11,27.22,14,0.5,America/New_York,F
0.745,-1.676,-0.398,0.345,0.745,0.031,0.002,-0.534,0.745,-0.269,0.195,nyc,2026-09-14,KLGA,25.1,23.7,23.1,24.1,25.1,24.4,24.0,22.7,25.1,23.7,23.9,0.764,24.124,11,25.0,14,0.6,America/New_York,F
0.702,-1.684,-0.584,0.174,0.702,-0.055,-0.069,-0.698,0.702,-0.362,0.038,nyc,2026-09-15,KLGA,23.5,20.1,21.6,23.3,23.5,23.3,21.1,21.9,23.5,22.2,22.6,1.095,22.546,11,22.22,14,0.627,America/New_York,F
0.777,-1.673,-0.573,0.256,0.777,0.049,-0.251,-0.623,0.777,-0.366,0.113,nyc,2026-09-16,KLGA,26.4,23.4,24.8,26.6,26.4,26.2,25.3,24.8,26.4,25.7,25.8,0.931,25.719,11,25.56,14,0.633,America/New_York,F
0.832,-1.732,-0.482,0.296,0.832,0.168,-0.311,-0.654,0.832,-0.318,0.111,nyc,2026-09-17,KLGA,29.1,25.3,27.5,28.3,29.1,26.9,27.8,26.7,29.1,27.4,27.4,1.123,27.775,11,28.89,14,0.631,America/New_York,F
0.78,-1.741,-0.491,0.323,0.78,0.066,-0.306,-0.627,0.78,-0.291,-0.049,nyc,2026-09-18,KLGA,28.3,26.1,27.5,27.4,28.3,27.5,27.1,26.7,28.3,26.8,27.5,0.68,27.448,11,27.22,14,0.681,America/New_York,F
0.721,-1.736,-0.465,0.264,0.721,0.028,-0.386,-0.601,0.721,-0.279,-0.101,nyc,2026-09-19,KLGA,22.1,21.1,21.9,22.3,22.1,21.8,21.2,21.7,22.1,21.6,22.7,0.445,21.916,11,21.11,14,0.653,America/New_York,F
0.728,-1.658,-0.394,0.264,0.728,0.049,-0.379,-0.594,0.728,-0.251,-0.001,nyc,2026-09-20,KLGA,21.2,22.0,20.9,21.7,21.2,21.3,20.9,20.5,21.2,21.7,20.8,0.424,21.355,11,21.67,14,0.676,America/New_York,F
0.672,-1.542,-0.399,0.208,0.672,0.008,-0.342,-0.664,0.672,-0.199,-0.014,nyc,2026-09-21,KLGA,22.3,20.6,20.8,21.9,22.3,21.7,22.0,19.9,22.3,20.8,22.1,0.802,21.507,11,21.11,14,0.68,America/New_York,F
0.665,-1.521,-0.406,0.208,0.665,0.015,-0.299,-0.735,0.665,-0.249,0.015,nyc,2026-09-22,KLGA,20.2,18.9,18.8,20.5,20.2,19.7,18.7,17.7,20.2,18.7,19.8,0.845,19.424,11,20.56,14,0.67,America/New_York,F
-0.64,-1.58,-1.92,-1.18,0.7,-0.64,-4.48,-0.06,,,-0.18,paris,2026-06-30,LFPB,28.5,26.6,26.2,28.0,29.1,28.5,24.4,29.2,,,28.8,1.533,28.766,9,29.0,0,1.2,Europe/Paris,C
-0.617,-1.717,-2.067,-1.15,0.6,-0.617,-4.5,-0.017,,,-0.183,paris,2026-07-01,LFPB,24.0,24.4,23.8,24.4,26.4,24.0,23.2,24.9,,,24.2,0.843,25.45,9,25.0,0,1.2,Europe/Paris,C
-0.671,-1.557,-1.943,-1.071,0.714,-0.671,-4.114,-0.029,,,-0.271,paris,2026-07-02,LFPB,25.3,24.0,24.3,24.6,23.3,25.3,22.3,25.1,,,24.7,0.941,25.413,9,26.0,0,1.2,Europe/Paris,C
-0.675,-1.613,-1.913,-1.113,0.287,-0.675,-4.062,-0.138,,,-0.4,paris,2026-07-03,LFPB,28.6,28.4,27.4,27.0,29.2,28.6,26.8,28.6,,,28.2,0.778,29.26,9,28.0,8,0.907,Europe/Paris,C
-0.533,-1.389,-1.767,-1.1,0.389,-0.533,-3.744,-0.056,,,-0.333,paris,2026-07-04,LFPB,30.1,29.7,29.1,30.1,30.7,30.1,27.7,31.0,,,30.2,0.917,30.824,9,30.0,9,0.953,Europe/Paris,C
-0.47,-1.28,-1.68,-0.98,0.42,-0.47,-3.6,0.05,,,-0.28,paris,2026-07-05,LFPB,28.6,28.4,28.5,27.8,30.8,28.6,25.9,29.2,,,28.9,1.212,29.483,9,29.0,10,0.941,Europe/Paris,C
-0.464,-1.218,-1.573,-1.0,0.545,-0.464,-3.555,0.064,,,-0.264,paris,2026-07-06,LFPB,33.8,34.0,32.9,32.7,34.0,33.8,32.0,34.2,,,34.2,0.739,34.388,9,34.0,11,0.909,Europe/Paris,C
-0.442,-1.117,-1.533,-1.025,0.5,-0.442,-3.425,0.075,,,-0.225,paris,2026-07-07,LFPB,33.2,33.0,32.5,32.8,34.3,33.2,33.0,33.4,,,34.4,0.606,34.083,9,33.0,12,0.877,Europe/Paris,C
-0.392,-1.031,-1.454,-0.962,0.562,-0.392,-3.162,0.1,,,-0.1,paris,2026-07-08,LFPB,33.5,33.6,33.3,33.1,34.8,33.5,32.2,33.6,,,33.1,0.64,34.184,9,33.0,13,0.895,Europe/Paris,C
-0.329,-0.914,-1.329,-0.886,0.65,-0.329,-2.993,0.136,,,-0.086,paris,2026-07-09,LFPB,33.1,32.4,31.9,32.2,33.9,33.1,31.8,33.2,,,32.9,0.653,33.378,9,33.0,14,0.918,Europe/Paris,C
-0.321,-0.914,-1.307,-0.843,0.707,-0.321,-2.871,0.157,,,-0.086,paris,2026-07-10,LFPB,34.9,34.4,33.2,34.5,35.3,34.9,33.7,35.3,,,34.7,0.664,35.133,9,35.0,14,0.909,Europe/Paris,C
-0.286,-0.807,-1.25,-0.764,0.636,-0.286,-2.564,0.164,,,-0.1,paris,2026-07-11,LFPB,35.4,35.0,34.3,34.7,36.5,35.4,34.8,35.7,,,35.2,0.603,35.774,9,35.0,14,0.848,Europe/Paris,C
-0.207,-0.7,-1.15,-0.664,0.721,-0.207,-2.086,0.221,,,-0.079,paris,2026-07-12,LFPB,35.2,35.0,34.2,34.3,36.0,35.2,34.6,35.5,,,35.2,0.543,35.467,9,35.0,14,0.793,Europe/Paris,C
-0.093,-0.471,-1.064,-0.629,0.693,-0.093,-1.871,0.257,,,-0.057,paris,2026-07-13,LFPB,34.1,33.8,33.7,33.8,36.1,34.1,34.3,34.7,,,34.7,0.704,34.677,9,35.0,14,0.724,Europe/Paris,C
-0.121,-0.521,-1.05,-0.714,0.743,-0.121,-1.664,0.257,,,-0.043,paris,2026-07-14,LFPB,34.2,33.5,33.3,33.9,35.0,34.2,31.0,34.4,,,33.9,1.067,34.119,9,34.0,14,0.703,Europe/Paris,C
-0.071,-0.386,-0.9,-0.65,0.807,-0.071,-1.55,0.271,,,-0.036,paris,2026-07-15,LFPB,31.4,31.0,31.2,31.2,32.6,31.4,30.1,31.7,,,31.4,0.616,31.624,9,31.0,14,0.701,Europe/Paris,C
0.029,-0.343,-0.8,-0.593,0.821,0.029,-1.486,0.329,,,0.05,paris,2026-07-16,LFPB,32.7,32.2,31.7,32.0,33.6,32.7,31.4,33.1,,,33.3,0.705,32.717,9,33.0,14,0.71,Europe/Paris,C
0.057,-0.257,-0.771,-0.564,1.057,0.057,-1.336,0.4,,,0.164,paris,2026-07-17,LFPB,26.1,25.9,23.7,27.4,29.2,26.1,25.3,27.6,,,26.6,1.462,26.418,9,26.0,14,0.697,Europe/Paris,C
0.021,-0.293,-0.893,-0.393,1.2,0.021,-1.3,0.471,,,0.193,paris,2026-07-18,LFPB,28.9,27.7,27.2,28.7,28.7,28.9,27.0,29.8,,,29.8,0.964,28.57,9,29.0,14,0.62,Europe/Paris,C
0.007,-0.364,-0.957,-0.421,1.129,0.007,-1.279,0.457,,,0.236,paris,2026-07-19,LFPB,23.6,23.4,23.0,23.0,24.8,23.6,22.5,24.4,,,24.2,0.7,23.739,9,24.0,14,0.591,Europe/Paris,C
0.007,-0.364,-0.993,-0.407,1.057,0.007,-1.164,0.471,,,0.257,paris,2026-07-20,LFPB,23.5,23.0,23.0,22.9,24.5,23.5,22.3,24.4,,,23.8,0.68,23.563,9,24.0,14,0.581,Europe/Paris,C
-0.014,-0.436,-0.986,-0.393,1.093,-0.014,-1.143,0.486,,,0.229,paris,2026-07-21,LFPB,25.5,25.2,24.6,24.8,26.5,25.5,24.7,26.0,,,25.7,0.597,25.524,9,26.0,14,0.583,Europe/Paris,C
-0.064,-0.493,-1.05,-0.464,1.036,-0.064,-1.236,0.457,,,0.107,paris,2026-07-22,LFPB,25.4,24.4,24.2,24.3,26.8,25.4,23.8,26.0,,,25.7,0.935,25.323,9,25.0,14,0.522,Europe/Paris,C
-0.071,-0.579,-1.129,-0.521,1.036,-0.071,-1.264,0.486,,,0.15,paris,2026-07-23,LFPB,24.5,24.5,23.6,23.9,25.9,24.5,24.0,25.3,,,24.6,0.668,24.745,9,25.0,14,0.5,Europe/Paris,C
-0.114,-0.571,-1.15,-0.543,1.036,-0.114,-1.25,0.493,,,0.129,paris,2026-07-24,LFPB,27.5,27.7,27.0,27.5,28.2,27.5,27.1,28.1,,,27.6,0.374,27.802,9,28.0,14,0.5,Europe/Paris,C
-0.143,-0.55,-1.093,-0.543,1.029,-0.143,-1.221,0.479,,,0.121,paris,2026-07-25,LFPB,29.2,29.5,29.9,29.0,30.6,29.2,29.1,30.0,,,29.7,0.494,29.823,9,30.0,14,0.5,Europe/Paris,C
-0.229,-0.586,-1.05,-0.593,0.964,-0.229,-1.271,0.429,,,0.086,paris,2026-07-26,LFPB,26.0,25.4,24.8,25.8,22.6,26.0,23.2,25.1,,,25.0,1.141,25.232,9,26.0,14,0.5,Europe/Paris,C
-0.243,-0.629,-1.079,-0.557,0.65,-0.243,-1.443,0.329,,,0.0,paris,2026-07-27,LFPB,26.7,27.1,26.3,26.1,27.9,26.7,25.1,27.7,,,27.1,0.804,27.134,9,27.0,14,0.5,Europe/Paris,C
-0.2,-0.536,-1.036,-0.536,0.636,-0.2,-1.529,0.4,,,0.029,paris,2026-07-28,LFPB,31.8,32.1,31.3,31.5,32.3,31.8,30.8,32.4,,,32.3,0.504,32.144,9,32.0,14,0.5,Europe/Paris,C
-0.229,-0.493,-1.036,-0.564,0.586,-0.229,-1.4,0.4,,,0.057,paris,2026-07-29,LFPB,38.1,38.1,37.2,36.6,38.3,38.1,37.2,38.4,,,38.0,0.585,38.143,9,38.0,14,0.5,Europe/Paris,C
-0.25,-0.486,-1.107,-0.679,0.493,-0.25,-1.393,0.379,,,0.029,paris,2026-07-30,LFPB,29.9,28.7,28.3,31.7,32.3,29.9,28.1,30.0,,,29.6,1.346,30.147,9,30.0,14,0.5,Europe/Paris,C
-0.236,-0.521,-1.136,-0.486,0.614,-0.236,-1.414,0.371,,,-0.021,paris,2026-07-31,LFPB,28.9,27.8,27.4,27.9,30.0,28.9,26.5,29.4,,,28.9,1.029,28.788,9,28.0,14,0.5,Europe/Paris,C
-0.179,-0.529,-1.014,-0.593,0.529,-0.179,-1.471,0.357,,,0.0,paris,2026-08-01,LFPB,28.7,28.0,27.6,28.3,29.1,28.7,27.1,28.7,,,28.4,0.592,28.649,9,28.0,14,0.5,Europe/Paris,C
-0.121,-0.436,-0.914,-0.55,0.629,-0.121,-1.393,0.35,,,-0.029,paris,2026-08-02,LFPB,31.9,31.4,30.9,31.6,32.6,31.9,31.4,32.4,,,31.6,0.495,32.002,9,32.0,14,0.5,Europe/Paris,C
-0.1,-0.436,-0.921,-0.507,0.614,-0.1,-1.329,0.35,,,-0.071,paris,2026-08-03,LFPB,35.4,36.5,34.2,36.2,35.7,35.4,34.9,36.4,,,35.9,0.702,35.829,9,35.0,14,0.5,Europe/Paris,C
-0.036,-0.257,-0.907,-0.343,0.629,-0.036,-1.214,0.421,,,0.007,paris,2026-08-04,LFPB,32.4,31.3,30.9,30.9,33.2,32.4,29.8,32.6,,,32.5,1.037,32.023,9,32.0,14,0.5,Europe/Paris,C
0.029,-0.25,-0.886,-0.336,0.679,0.029,-1.279,0.464,,,0.064,paris,2026-08-05,LFPB,28.3,27.2,26.7,27.9,29.2,28.3,27.1,27.5,,,27.2,0.739,27.899,9,28.0,14,0.5,Europe/Paris,C
0.021,-0.264,-0.921,-0.293,0.636,0.021,-1.257,0.357,,,-0.043,paris,2026-08-06,LFPB,25.3,25.6,24.9,24.8,26.3,25.3,23.6,26.0,,,25.2,0.733,25.451,9,25.0,14,0.5,Europe/Paris,C
0.079,-0.186,-0.829,-0.229,0.664,0.079,-1.286,0.407,,,-0.0,paris,2026-08-07,LFPB,26.5,26.7,26.2,26.3,26.7,26.5,26.1,27.2,,,26.7,0.313,26.664,9,27.0,14,0.5,Europe/Paris,C
0.079,-0.186,-0.814,-0.243,0.629,0.079,-1.286,0.414,,,0.007,paris,2026-08-08,LFPB,31.2,31.1,30.3,30.3,31.1,31.2,30.1,31.6,,,30.5,0.496,30.987,9,31.0,14,0.5,Europe/Paris,C
0.15,-0.143,-0.857,-0.221,0.593,0.15,-1.286,0.457,,,-0.007,paris,2026-08-09,LFPB,32.5,32.2,32.5,30.2,33.0,32.5,32.8,33.4,,,32.3,0.846,32.525,9,33.0,14,0.5,Europe/Paris,C
0.114,-0.157,-0.807,-0.407,0.836,0.114,-1.1,0.55,,,0.014,paris,2026-08-10,LFPB,31.7,31.6,31.0,31.2,32.3,31.7,30.0,32.2,,,31.8,0.658,31.61,9,32.0,14,0.5,Europe/Paris,C
0.114,-0.193,-0.829,-0.4,0.793,0.114,-1.107,0.514,,,-0.007,paris,2026-08-11,LFPB,32.0,31.6,31.5,31.6,32.8,32.0,30.7,32.3,,,31.9,0.549,31.947,9,32.0,14,0.5,Europe/Paris,C
0.129,-0.229,-0.814,-0.393,0.829,0.129,-1.114,0.507,,,-0.036,paris,2026-08-12,LFPB,34.9,34.5,34.3,34.3,35.7,34.9,34.8,35.5,,,34.8,0.457,34.936,9,35.0,14,0.5,Europe/Paris,C
0.114,-0.271,-0.807,-0.343,0.857,0.114,-1.071,0.514,,,-0.05,paris,2026-08-13,LFPB,37.6,37.4,36.9,36.6,38.2,37.6,37.1,38.0,,,37.0,0.496,37.495,9,38.0,14,0.5,Europe/Paris,C
0.093,-0.221,-0.764,-0.564,0.707,0.093,-1.0,0.514,,,-0.093,paris,2026-08-14,LFPB,38.8,39.1,38.1,38.0,38.5,38.8,38.5,39.3,,,38.3,0.414,38.731,9,39.0,14,0.5,Europe/Paris,C
0.014,-0.2,-0.786,-0.629,0.529,0.014,-0.929,0.436,,,-0.207,paris,2026-08-15,LFPB,31.1,30.5,30.5,32.6,33.0,31.1,31.0,31.6,,,30.9,0.833,31.477,9,31.0,14,0.5,Europe/Paris,C
-0.029,-0.236,-0.793,-0.536,0.593,-0.029,-0.864,0.429,,,-0.243,paris,2026-08-16,LFPB,30.6,30.0,30.1,30.1,31.4,30.6,27.4,31.1,,,31.0,1.11,30.505,9,30.0,14,0.5,Europe/Paris,C
0.021,-0.193,-0.707,-0.5,0.65,0.021,-1.007,0.479,,,-0.143,paris,2026-08-17,LFPB,28.9,28.9,28.6,29.5,30.0,28.9,25.9,29.8,,,28.8,1.126,28.993,9,29.0,14,0.5,Europe/Paris,C
-0.014,-0.307,-0.679,-0.55,0.671,-0.014,-1.221,0.436,,,-0.221,paris,2026-08-18,LFPB,26.6,26.7,27.0,27.7,28.0,26.6,25.5,27.1,,,26.8,0.674,27.08,9,27.0,14,0.5,Europe/Paris,C
-0.071,-0.279,-0.6,-0.421,0.657,-0.071,-1.171,0.4,,,-0.271,paris,2026-08-19,LFPB,29.4,27.6,28.5,28.6,28.8,29.4,25.6,28.6,,,27.6,1.112,28.553,9,29.0,14,0.5,Europe/Paris,C
-0.064,-0.321,-0.543,-0.443,0.557,-0.064,-1.35,0.407,,,-0.314,paris,2026-08-20,LFPB,25.1,23.7,23.9,24.4,24.2,25.1,23.4,25.0,,,24.7,0.597,24.62,9,25.0,14,0.5,Europe/Paris,C
-0.079,-0.457,-0.614,-0.471,0.407,-0.079,-1.364,0.336,,,-0.35,paris,2026-08-21,LFPB,22.8,22.7,21.9,23.1,24.8,22.8,20.9,23.4,,,23.2,1.001,23.123,9,24.0,14,0.5,Europe/Paris,C
-0.129,-0.529,-0.707,-0.486,0.486,-0.129,-1.521,0.279,,,-0.386,paris,2026-08-22,LFPB,22.4,22.3,21.9,22.6,23.6,22.4,21.5,23.0,,,22.7,0.57,22.799,9,23.0,14,0.5,Europe/Paris,C
-0.186,-0.586,-0.736,-0.464,0.521,-0.186,-1.564,0.236,,,-0.371,paris,2026-08-23,LFPB,23.6,23.1,22.8,23.5,24.5,23.6,22.7,24.1,,,23.9,0.56,23.866,9,24.0,14,0.5,Europe/Paris,C
-0.179,-0.593,-0.786,-0.3,0.557,-0.179,-1.643,0.214,,,-0.329,paris,2026-08-24,LFPB,26.5,24.6,25.5,26.0,27.1,26.5,24.7,27.0,,,26.7,0.886,26.401,9,27.0,14,0.5,Europe/Paris,C
-0.193,-0.736,-0.821,-0.314,0.543,-0.193,-1.664,0.2,,,-0.336,paris,2026-08-25,LFPB,28.6,26.4,28.4,28.2,29.0,28.6,25.3,29.1,,,28.6,1.217,28.452,9,29.0,14,0.5,Europe/Paris,C
-0.221,-0.893,-0.829,-0.343,0.486,-0.221,-1.836,0.186,,,-0.357,paris,2026-08-26,LFPB,29.4,28.7,29.6,29.0,29.4,29.4,27.3,29.5,,,29.3,0.677,29.564,9,29.0,14,0.5,Europe/Paris,C
-0.186,-0.879,-0.736,-0.293,0.464,-0.186,-1.943,0.186,,,-0.321,paris,2026-08-27,LFPB,26.9,25.8,26.1,26.9,28.2,26.9,26.8,27.9,,,27.0,0.71,27.291,9,27.0,14,0.5,Europe/Paris,C
-0.164,-0.921,-0.721,-0.2,0.536,-0.164,-1.893,0.25,,,-0.25,paris,2026-08-28,LFPB,23.0,21.6,20.9,21.1,23.8,23.0,21.4,22.8,,,23.5,1.033,22.742,9,24.0,14,0.5,Europe/Paris,C
-0.221,-1.1,-0.879,-0.336,0.557,-0.221,-2.043,0.143,,,-0.236,paris,2026-08-29,LFPB,21.9,21.9,21.3,21.7,21.5,21.9,21.9,21.6,,,22.2,0.254,22.221,9,22.0,14,0.555,Europe/Paris,C
-0.236,-1.071,-0.893,-0.471,0.379,-0.236,-2.05,0.071,,,-0.214,paris,2026-08-30,LFPB,24.4,23.0,23.1,23.3,23.3,24.4,23.4,23.9,,,24.4,0.555,24.203,9,24.0,14,0.543,Europe/Paris,C
-0.25,-1.143,-0.964,-0.529,0.229,-0.25,-1.907,-0.014,,,-0.257,paris,2026-08-31,LFPB,22.7,22.2,22.1,22.8,22.5,22.7,21.5,23.3,,,22.6,0.479,23.026,9,23.0,14,0.529,Europe/Paris,C
-0.264,-1.193,-1.0,-0.579,0.121,-0.264,-1.793,-0.05,,,-0.271,paris,2026-09-01,LFPB,23.8,23.1,23.0,23.3,24.3,23.8,21.8,24.5,,,24.1,0.783,24.112,9,24.0,14,0.529,Europe/Paris,C
-0.25,-1.236,-1.071,-0.679,0.071,-0.25,-1.843,-0.021,,,-0.25,paris,2026-09-02,LFPB,25.1,24.5,23.9,25.1,25.0,25.1,22.7,25.9,,,25.4,0.892,25.341,9,26.0,14,0.529,Europe/Paris,C
-0.343,-1.243,-1.186,-0.714,0.014,-0.343,-1.836,0.0,,,-0.193,paris,2026-09-03,LFPB,27.4,26.0,26.2,27.6,25.9,27.4,24.8,27.1,,,27.5,0.917,27.313,9,27.0,14,0.545,Europe/Paris,C
-0.321,-1.221,-1.164,-0.629,-0.007,-0.321,-1.879,0.007,,,-0.136,paris,2026-09-04,LFPB,28.2,27.9,27.8,28.5,29.0,28.2,24.9,27.7,,,27.6,1.09,28.483,9,28.0,14,0.542,Europe/Paris,C
-0.221,-1.136,-1.029,-0.529,0.007,-0.221,-1.879,0.029,,,-0.107,paris,2026-09-05,LFPB,24.5,23.0,23.5,23.6,24.9,24.5,22.3,25.0,,,24.6,0.88,24.566,9,25.0,14,0.505,Europe/Paris,C
-0.214,-1.229,-1.057,-0.6,-0.043,-0.214,-1.964,0.029,,,-0.114,paris,2026-09-06,LFPB,27.9,26.2,27.3,27.9,28.0,27.9,27.1,28.7,,,28.5,0.716,28.253,9,28.0,14,0.516,Europe/Paris,C
-0.193,-1.293,-1.021,-0.571,-0.079,-0.193,-1.936,0.071,,,-0.071,paris,2026-09-07,LFPB,28.6,27.5,27.8,27.9,29.0,28.6,25.0,28.7,,,28.3,1.133,28.6,9,29.0,14,0.519,Europe/Paris,C
-0.186,-1.229,-1.0,-0.579,-0.086,-0.186,-2.057,0.05,,,-0.1,paris,2026-09-08,LFPB,26.0,24.8,25.2,26.2,27.2,26.0,24.3,25.9,,,26.1,0.808,26.332,9,26.0,14,0.505,Europe/Paris,C
-0.157,-1.129,-1.014,-0.507,-0.0,-0.157,-1.914,0.036,,,-0.064,paris,2026-09-09,LFPB,21.3,20.4,20.7,20.7,20.7,21.3,18.6,21.5,,,21.3,0.831,21.309,9,22.0,14,0.5,Europe/Paris,C
-0.236,-1.221,-1.15,-0.6,-0.121,-0.236,-2.036,-0.036,,,-0.136,paris,2026-09-10,LFPB,21.3,20.1,20.4,20.8,21.3,21.3,20.3,21.8,,,21.2,0.54,21.557,9,21.0,14,0.503,Europe/Paris,C
-0.207,-1.2,-1.129,-0.607,-0.186,-0.207,-2.071,-0.043,,,-0.121,paris,2026-09-11,LFPB,24.9,24.6,23.6,24.7,25.0,24.9,21.8,24.7,,,24.2,0.964,24.965,9,25.0,14,0.518,Europe/Paris,C
-0.143,-1.057,-1.007,-0.421,-0.171,-0.143,-2.114,0.021,,,-0.143,paris,2026-09-12,LFPB,25.2,24.3,24.7,24.3,25.6,25.2,22.9,25.8,,,25.4,0.846,25.422,9,26.0,14,0.5,Europe/Paris,C
-0.193,-1.171,-1.05,-0.521,-0.164,-0.193,-2.329,0.036,,,-0.2,paris,2026-09-13,LFPB,26.2,24.5,23.9,24.2,25.1,26.2,23.2,27.4,,,26.5,1.321,25.869,9,27.0,14,0.5,Europe/Paris,C
-0.279,-1.279,-1.207,-0.671,-0.25,-0.279,-2.557,0.071,,,-0.264,paris,2026-09-14,LFPB,28.4,26.7,27.5,27.9,27.9,28.4,25.7,28.8,,,28.2,0.916,28.473,9,29.0,14,0.514,Europe/Paris,C
-0.3,-1.386,-1.25,-0.736,-0.293,-0.3,-2.686,0.036,,,-0.293,paris,2026-09-15,LFPB,32.6,31.3,32.4,32.3,32.1,32.6,30.1,32.9,,,32.3,0.812,32.889,9,33.0,14,0.533,Europe/Paris,C
-0.314,-1.443,-1.221,-0.736,-0.379,-0.314,-2.736,-0.007,,,-0.35,paris,2026-09-16,LFPB,22.1,21.3,21.3,22.2,22.4,22.1,20.7,22.4,,,22.1,0.562,22.642,9,22.0,14,0.533,Europe/Paris,C
-0.243,-1.386,-1.121,-0.657,-0.279,-0.243,-2.593,0.029,,,-0.3,paris,2026-09-17,LFPB,21.8,21.1,21.8,22.2,22.7,21.8,20.3,22.0,,,21.8,0.641,22.466,9,22.0,14,0.532,Europe/Paris,C
-0.286,-1.379,-1.079,-0.686,-0.15,-0.286,-2.557,0.021,,,-0.35,paris,2026-09-18,LFPB,21.6,21.1,21.6,21.3,21.9,21.6,20.4,22.5,,,21.7,0.541,22.25,9,22.0,14,0.54,Europe/Paris,C
-0.329,-1.436,-1.093,-0.771,-0.229,-0.329,-2.45,0.079,,,-0.343,paris,2026-09-19,LFPB,24.8,23.6,24.3,24.1,24.6,24.8,22.3,25.3,,,24.8,0.841,25.076,9,25.0,14,0.528,Europe/Paris,C
-0.307,-1.393,-1.036,-0.736,-0.25,-0.307,-2.45,0.1,,,-0.329,paris,2026-09-20,LFPB,23.5,22.7,22.1,24.0,22.9,23.5,22.0,23.3,,,22.6,0.636,23.67,9,23.0,14,0.516,Europe/Paris,C
-0.264,-1.286,-1.05,-0.657,-0.257,-0.264,-2.457,0.071,,,-0.393,paris,2026-09-21,LFPB,22.1,21.5,21.5,21.8,22.3,22.1,20.8,22.7,,,22.3,0.535,22.599,9,22.0,14,0.542,Europe/Paris,C
-0.229,-1.214,-1.0,-0.593,-0.236,-0.229,-2.257,0.143,,,-0.321,paris,2026-09-22,LFPB,24.1,23.0,23.2,24.1,24.2,24.1,22.7,24.5,,,24.0,0.593,24.391,9,24.0,14,0.555,Europe/Paris,C
4.56,-2.42,-0.16,1.46,2.2,0.94,-2.48,1.5,,,1.86,amsterdam,2026-06-30,EHAM,21.9,20.1,20.7,21.2,22.4,20.9,21.6,22.0,,,22.1,0.715,20.371,9,22.0,0,1.2,Europe/Amsterdam,C
3.783,-2.333,-0.35,1.083,1.9,0.6,-2.133,1.25,,,1.567,amsterdam,2026-07-01,EHAM,27.8,21.6,22.7,23.3,24.3,24.1,21.6,24.3,,,23.8,1.754,23.215,9,23.0,0,1.2,Europe/Amsterdam,C
3.929,-2.2,-0.343,0.971,1.814,0.671,-2.029,1.257,,,1.457,amsterdam,2026-07-02,EHAM,22.2,19.3,20.2,20.8,20.8,20.5,19.7,20.4,,,19.7,0.803,19.724,9,21.0,0,1.2,Europe/Amsterdam,C
3.587,-2.137,-0.4,0.825,1.563,0.525,-1.938,1.025,,,1.113,amsterdam,2026-07-03,EHAM,22.8,18.3,19.2,19.3,20.0,19.8,18.8,20.1,,,19.2,1.215,19.288,9,19.0,8,1.17,Europe/Amsterdam,C
3.611,-1.978,-0.333,0.767,1.5,0.556,-1.744,1.033,,,1.011,amsterdam,2026-07-04,EHAM,24.1,20.7,22.0,22.2,22.6,22.2,19.8,22.2,,,22.0,1.126,21.483,9,23.0,9,1.108,Europe/Amsterdam,C
3.36,-2.01,-0.4,0.61,1.31,0.42,-1.89,0.85,,,0.81,amsterdam,2026-07-05,EHAM,22.7,19.4,19.6,20.6,21.2,20.6,19.5,20.5,,,20.0,0.978,20.08,9,20.0,10,1.155,Europe/Amsterdam,C
3.3,-1.882,-0.4,0.609,1.3,0.436,-1.764,0.818,,,0.736,amsterdam,2026-07-06,EHAM,27.3,23.7,25.1,24.4,25.5,25.6,21.9,26.1,,,25.8,1.468,24.716,9,26.0,11,1.102,Europe/Amsterdam,C
3.133,-1.917,-0.442,0.425,1.15,0.367,-1.958,0.758,,,0.658,amsterdam,2026-07-07,EHAM,26.7,21.7,23.0,22.5,23.6,23.5,20.9,23.7,,,22.8,1.526,23.018,9,23.0,12,1.118,Europe/Amsterdam,C
3.177,-1.869,-0.408,0.354,1.108,0.377,-1.969,0.754,,,0.592,amsterdam,2026-07-08,EHAM,24.5,20.5,21.5,22.0,23.2,21.5,20.3,22.4,,,21.3,1.243,21.679,9,22.0,13,1.074,Europe/Amsterdam,C
3.129,-1.843,-0.414,0.329,1.114,0.314,-1.95,0.729,,,0.5,amsterdam,2026-07-09,EHAM,28.5,22.1,24.9,25.6,27.7,25.4,21.1,26.5,,,25.2,2.249,25.065,9,24.0,14,1.039,Europe/Amsterdam,C
3.093,-1.843,-0.364,0.314,1.214,0.379,-1.814,0.729,,,0.471,amsterdam,2026-07-10,EHAM,30.4,24.0,26.4,27.2,27.5,26.7,22.1,27.3,,,27.0,2.192,26.379,9,26.0,14,1.037,Europe/Amsterdam,C
3.129,-1.65,-0.257,0.229,1.157,0.35,-1.829,0.721,,,0.393,amsterdam,2026-07-11,EHAM,30.2,23.2,26.5,26.3,28.4,25.4,22.4,27.2,,,26.5,2.263,26.101,9,25.0,14,1.033,Europe/Amsterdam,C
3.064,-1.6,-0.136,0.043,1.1,0.3,-1.843,0.786,,,0.236,amsterdam,2026-07-12,EHAM,28.5,23.8,26.0,25.4,27.1,26.4,23.0,26.3,,,26.4,1.561,25.683,9,26.0,14,0.948,Europe/Amsterdam,C
3.021,-1.614,-0.157,0.05,1.1,0.279,-1.971,0.764,,,0.214,amsterdam,2026-07-13,EHAM,28.9,23.0,25.8,25.6,27.6,25.1,21.9,25.9,,,25.8,1.991,25.412,9,25.0,14,0.943,Europe/Amsterdam,C
2.964,-1.686,-0.1,0.1,1.207,0.193,-2.171,0.707,,,0.186,amsterdam,2026-07-14,EHAM,31.6,26.2,28.2,28.8,29.7,28.7,24.8,28.9,,,29.0,1.845,28.313,9,28.0,14,0.896,Europe/Amsterdam,C
3.229,-1.679,0.007,0.214,1.3,0.321,-2.371,0.771,,,0.25,amsterdam,2026-07-15,EHAM,30.1,25.4,27.4,27.8,29.2,27.9,25.2,28.6,,,27.8,1.51,27.42,9,27.0,14,0.787,Europe/Amsterdam,C
3.107,-1.693,0.057,0.25,1.364,0.307,-2.4,0.793,,,0.25,amsterdam,2026-07-16,EHAM,27.9,22.9,24.6,25.3,26.5,24.0,22.5,25.9,,,25.3,1.615,24.736,9,24.0,14,0.793,Europe/Amsterdam,C
3.3,-1.65,0.157,0.357,1.557,0.343,-2.414,0.971,,,0.436,amsterdam,2026-07-17,EHAM,27.1,21.2,22.0,22.8,23.9,23.0,20.3,23.6,,,22.4,1.821,22.651,9,22.0,14,0.743,Europe/Amsterdam,C
3.393,-1.657,0.143,0.393,1.621,0.357,-2.521,1.007,,,0.45,amsterdam,2026-07-18,EHAM,20.8,18.1,18.6,19.4,18.8,19.2,18.5,20.5,,,18.9,0.856,18.669,9,19.0,14,0.759,Europe/Amsterdam,C
3.443,-1.557,0.186,0.479,1.636,0.429,-2.329,1.171,,,0.514,amsterdam,2026-07-19,EHAM,22.5,18.0,19.0,19.3,20.1,19.4,17.6,19.6,,,19.2,1.314,18.975,9,20.0,14,0.648,Europe/Amsterdam,C
3.429,-1.657,0.143,0.386,1.557,0.343,-2.464,1.107,,,0.457,amsterdam,2026-07-20,EHAM,23.1,18.6,18.8,20.3,21.4,20.9,18.5,21.0,,,20.0,1.429,19.849,9,20.0,14,0.703,Europe/Amsterdam,C
3.557,-1.593,0.121,0.521,1.693,0.436,-2.279,1.171,,,0.471,amsterdam,2026-07-21,EHAM,24.3,19.4,20.1,20.7,22.2,21.4,19.4,21.9,,,20.7,1.463,20.645,9,21.0,14,0.615,Europe/Amsterdam,C
3.529,-1.614,0.057,0.536,1.736,0.429,-2.243,1.186,,,0.464,amsterdam,2026-07-22,EHAM,20.3,18.0,19.2,19.2,19.7,19.9,18.4,20.5,,,18.3,0.848,18.662,9,20.0,14,0.622,Europe/Amsterdam,C
3.371,-1.65,0.036,0.479,1.629,0.457,-2.236,1.193,,,0.393,amsterdam,2026-07-23,EHAM,21.1,18.4,19.3,19.8,20.2,19.4,18.7,21.3,,,19.6,0.925,19.187,9,20.0,14,0.712,Europe/Amsterdam,C
3.129,-1.629,-0.079,0.35,1.379,0.314,-2.121,1.107,,,0.279,amsterdam,2026-07-24,EHAM,25.8,21.5,22.8,23.1,24.4,23.9,21.3,24.8,,,23.5,1.391,23.097,9,24.0,14,0.688,Europe/Amsterdam,C
2.943,-1.664,-0.193,0.2,1.3,0.257,-2.036,1.071,,,0.171,amsterdam,2026-07-25,EHAM,28.3,22.5,23.6,23.6,25.3,24.3,21.5,25.3,,,24.2,1.828,24.168,9,25.0,14,0.722,Europe/Amsterdam,C
2.807,-1.714,-0.4,0.007,1.079,0.179,-2.1,0.936,,,0.007,amsterdam,2026-07-26,EHAM,21.6,19.7,20.3,21.0,22.4,21.3,19.5,20.4,,,21.6,0.907,20.655,9,22.0,14,0.696,Europe/Amsterdam,C
2.6,-1.721,-0.521,-0.021,1.029,0.1,-2.064,0.8,,,-0.05,amsterdam,2026-07-27,EHAM,22.1,19.5,19.5,20.7,20.6,20.2,19.3,21.0,,,20.3,0.833,20.251,9,21.0,14,0.779,Europe/Amsterdam,C
2.4,-1.686,-0.686,-0.086,0.814,0.036,-1.964,0.736,,,-0.157,amsterdam,2026-07-28,EHAM,29.9,24.6,25.9,26.2,27.2,26.6,24.0,27.5,,,26.8,1.614,26.655,9,27.0,14,0.796,Europe/Amsterdam,C
2.35,-1.729,-0.779,-0.2,0.707,-0.043,-1.95,0.707,,,-0.243,amsterdam,2026-07-29,EHAM,35.2,28.4,30.5,32.0,32.6,32.1,28.7,32.9,,,32.1,2.005,31.765,9,32.0,14,0.797,Europe/Amsterdam,C
2.357,-1.871,-0.914,-0.257,0.593,-0.1,-2.057,0.657,,,-0.293,amsterdam,2026-07-30,EHAM,28.8,23.6,24.7,27.0,27.9,25.5,24.4,26.9,,,27.0,1.638,26.346,9,26.0,14,0.792,Europe/Amsterdam,C
2.279,-1.964,-1.05,-0.279,0.55,-0.136,-2.064,0.586,,,-0.314,amsterdam,2026-07-31,EHAM,25.6,21.6,22.6,23.5,23.8,23.4,19.2,24.6,,,23.8,1.746,23.412,9,24.0,14,0.773,Europe/Amsterdam,C
2.029,-2.079,-1.15,-0.371,0.4,-0.25,-2.286,0.514,,,-0.357,amsterdam,2026-08-01,EHAM,26.6,21.6,22.3,23.5,24.1,23.8,21.4,24.4,,,23.2,1.505,23.866,9,24.0,14,0.769,Europe/Amsterdam,C
2.086,-2.186,-1.243,-0.436,0.421,-0.279,-2.436,0.436,,,-0.407,amsterdam,2026-08-02,EHAM,29.6,24.0,25.4,26.7,27.5,26.2,23.9,26.9,,,25.9,1.661,26.739,9,26.0,14,0.765,Europe/Amsterdam,C
2.164,-2.186,-1.214,-0.336,0.521,-0.221,-2.414,0.529,,,-0.357,amsterdam,2026-08-03,EHAM,34.6,27.5,30.2,32.7,34.1,32.1,27.6,33.1,,,31.4,2.441,31.862,9,31.0,14,0.741,Europe/Amsterdam,C
2.2,-2.336,-1.186,-0.236,0.643,-0.207,-2.55,0.607,,,-0.329,amsterdam,2026-08-04,EHAM,35.8,28.0,31.1,32.4,33.8,32.9,28.9,33.7,,,32.6,2.313,32.539,9,33.0,14,0.775,Europe/Amsterdam,C
2.164,-2.579,-1.257,-0.257,0.614,-0.243,-2.729,0.593,,,-0.336,amsterdam,2026-08-05,EHAM,26.6,23.2,24.4,24.7,25.8,25.0,22.3,25.1,,,24.9,1.211,25.121,9,25.0,14,0.779,Europe/Amsterdam,C
2.257,-2.564,-1.243,-0.221,0.693,-0.236,-2.807,0.564,,,-0.221,amsterdam,2026-08-06,EHAM,23.3,19.8,20.3,20.4,21.0,20.8,19.9,21.1,,,20.7,0.978,21.244,9,21.0,14,0.692,Europe/Amsterdam,C
2.343,-2.536,-1.243,-0.25,0.679,-0.207,-2.793,0.479,,,-0.214,amsterdam,2026-08-07,EHAM,24.5,20.0,21.0,21.1,22.3,21.6,20.0,22.4,,,21.1,1.312,22.007,9,22.0,14,0.661,Europe/Amsterdam,C
2.393,-2.5,-1.229,-0.25,0.671,-0.229,-2.743,0.45,,,-0.243,amsterdam,2026-08-08,EHAM,27.9,23.0,24.5,24.5,25.9,25.0,22.4,25.7,,,25.0,1.522,25.339,9,25.0,14,0.615,Europe/Amsterdam,C
2.364,-2.464,-1.164,-0.186,0.714,-0.179,-2.679,0.479,,,-0.186,amsterdam,2026-08-09,EHAM,32.2,25.9,28.6,29.3,30.0,29.4,26.4,29.9,,,29.5,1.797,29.409,9,30.0,14,0.581,Europe/Amsterdam,C
2.55,-2.593,-1.143,-0.164,0.686,-0.171,-2.757,0.586,,,-0.193,amsterdam,2026-08-10,EHAM,24.9,21.6,22.5,23.3,23.3,22.9,22.2,23.4,,,23.7,0.896,23.357,9,23.0,14,0.5,Europe/Amsterdam,C
2.607,-2.586,-1.071,-0.121,0.736,-0.121,-2.693,0.614,,,-0.093,amsterdam,2026-08-11,EHAM,25.1,21.0,22.1,22.6,22.5,22.3,19.8,23.2,,,21.9,1.371,22.615,9,22.0,14,0.5,Europe/Amsterdam,C
2.621,-2.486,-0.986,-0.021,0.757,-0.071,-2.636,0.664,,,-0.086,amsterdam,2026-08-12,EHAM,30.8,25.3,27.8,28.5,29.8,29.2,23.5,29.0,,,28.0,2.143,28.294,9,28.0,14,0.5,Europe/Amsterdam,C
2.593,-2.421,-0.893,0.014,0.843,0.007,-2.721,0.671,,,-0.093,amsterdam,2026-08-13,EHAM,35.3,29.5,31.7,33.5,34.3,32.9,28.0,33.8,,,32.8,2.207,32.651,9,33.0,14,0.5,Europe/Amsterdam,C
2.557,-2.5,-0.893,-0.021,0.8,0.036,-2.964,0.664,,,-0.179,amsterdam,2026-08-14,EHAM,37.1,29.0,33.2,34.5,34.6,35.1,30.3,35.4,,,34.4,2.409,33.972,9,34.0,14,0.5,Europe/Amsterdam,C
2.664,-2.686,-0.85,0.05,0.857,0.157,-2.886,0.721,,,-0.136,amsterdam,2026-08-15,EHAM,26.3,21.9,22.6,26.2,25.4,23.5,21.8,23.2,,,23.1,1.652,23.965,9,23.0,14,0.5,Europe/Amsterdam,C
2.714,-2.593,-0.757,0.314,1.021,0.207,-2.786,0.707,,,-0.071,amsterdam,2026-08-16,EHAM,25.2,21.3,23.0,22.6,23.7,23.2,19.5,23.1,,,22.7,1.489,22.905,9,23.0,14,0.513,Europe/Amsterdam,C
2.614,-2.571,-0.714,0.236,0.964,0.207,-2.886,0.65,,,-0.086,amsterdam,2026-08-17,EHAM,22.6,19.5,19.1,20.8,22.0,20.6,18.9,20.2,,,20.0,1.181,20.561,9,21.0,14,0.5,Europe/Amsterdam,C
2.471,-2.429,-0.793,0.1,0.814,0.1,-2.793,0.443,,,-0.186,amsterdam,2026-08-18,EHAM,21.2,20.1,20.7,21.3,21.2,20.6,20.3,21.0,,,20.8,0.394,20.894,9,21.0,14,0.5,Europe/Amsterdam,C
2.286,-2.136,-0.679,0.164,0.771,0.079,-2.55,0.393,,,-0.171,amsterdam,2026-08-19,EHAM,19.3,18.9,19.5,21.1,20.0,20.5,19.5,20.3,,,19.9,0.637,19.833,9,21.0,14,0.5,Europe/Amsterdam,C
2.05,-2.157,-0.743,0.193,0.643,0.043,-2.464,0.336,,,-0.243,amsterdam,2026-08-20,EHAM,20.7,18.9,18.5,21.2,20.0,21.5,19.0,20.7,,,21.3,1.078,20.246,9,22.0,14,0.517,Europe/Amsterdam,C
1.793,-2.293,-0.943,0.179,0.5,0.021,-2.6,0.236,,,-0.271,amsterdam,2026-08-21,EHAM,21.7,19.0,19.8,19.9,20.8,19.7,18.9,20.5,,,20.0,0.825,20.4,9,20.0,14,0.695,Europe/Amsterdam,C
1.736,-2.221,-0.886,0.236,0.536,0.029,-2.536,0.243,,,-0.207,amsterdam,2026-08-22,EHAM,20.7,18.2,18.4,19.1,19.6,19.4,17.6,19.1,,,18.4,0.864,19.295,9,20.0,14,0.703,Europe/Amsterdam,C
1.579,-2.207,-0.964,0.207,0.443,-0.014,-2.521,0.129,,,-0.321,amsterdam,2026-08-23,EHAM,21.9,18.5,18.9,19.6,19.0,20.0,17.5,19.4,,,19.4,1.129,19.828,9,20.0,14,0.722,Europe/Amsterdam,C
1.557,-2.021,-0.943,0.229,0.371,0.029,-2.443,0.093,,,-0.329,amsterdam,2026-08-24,EHAM,23.5,20.3,20.4,21.4,21.9,21.3,19.0,21.3,,,21.1,1.16,21.578,9,21.0,14,0.706,Europe/Amsterdam,C
1.6,-1.971,-0.95,0.236,0.414,0.057,-2.529,0.086,,,-0.371,amsterdam,2026-08-25,EHAM,26.5,22.6,23.7,25.4,24.8,25.1,21.6,24.7,,,25.1,1.422,24.767,9,25.0,14,0.717,Europe/Amsterdam,C
1.486,-2.071,-1.05,0.221,0.364,0.043,-2.614,-0.021,,,-0.357,amsterdam,2026-08-26,EHAM,27.9,22.9,24.5,25.7,24.6,25.8,21.5,25.6,,,25.5,1.736,25.407,9,26.0,14,0.7,Europe/Amsterdam,C
1.421,-2.1,-1.143,0.164,0.136,-0.057,-2.614,-0.121,,,-0.393,amsterdam,2026-08-27,EHAM,29.7,23.6,26.8,28.4,29.1,27.4,22.3,27.4,,,28.1,2.33,27.577,9,27.0,14,0.714,Europe/Amsterdam,C
1.45,-2.093,-1.064,0.229,0.193,-0.021,-2.593,-0.15,,,-0.3,amsterdam,2026-08-28,EHAM,23.3,20.5,21.6,22.2,22.4,21.9,20.6,21.9,,,22.7,0.862,22.35,9,23.0,14,0.724,Europe/Amsterdam,C
1.25,-1.914,-1.107,0.136,0.107,-0.179,-2.5,-0.329,,,-0.35,amsterdam,2026-08-29,EHAM,21.8,21.3,21.8,21.7,23.1,22.4,21.2,21.5,,,22.2,0.563,22.345,9,22.0,14,0.745,Europe/Amsterdam,C
1.0,-1.886,-1.093,-0.114,0.014,-0.186,-2.471,-0.379,,,-0.343,amsterdam,2026-08-30,EHAM,20.9,19.7,20.4,20.4,20.8,20.7,19.8,20.5,,,20.9,0.419,20.992,9,21.0,14,0.705,Europe/Amsterdam,C
0.836,-1.857,-1.136,-0.129,-0.05,-0.221,-2.307,-0.421,,,-0.329,amsterdam,2026-08-31,EHAM,19.2,18.7,18.2,19.2,18.4,19.6,18.2,19.0,,,19.8,0.553,19.446,9,20.0,14,0.704,Europe/Amsterdam,C
0.664,-1.843,-1.129,-0.171,-0.236,-0.221,-2.286,-0.436,,,-0.271,amsterdam,2026-09-01,EHAM,22.7,19.3,19.5,20.1,19.9,19.8,19.1,20.2,,,20.1,0.994,20.828,9,20.0,14,0.71,Europe/Amsterdam,C
0.843,-1.829,-1.143,-0.186,-0.257,-0.207,-2.3,-0.421,,,-0.25,amsterdam,2026-09-02,EHAM,20.3,20.0,20.2,21.3,20.9,21.1,20.3,20.6,,,21.6,0.521,21.186,9,22.0,14,0.743,Europe/Amsterdam,C
0.843,-1.821,-1.164,-0.243,-0.264,-0.236,-2.314,-0.471,,,-0.2,amsterdam,2026-09-03,EHAM,21.6,21.1,21.3,22.1,22.2,21.9,21.1,21.7,,,22.5,0.469,22.256,9,22.0,14,0.709,Europe/Amsterdam,C
0.907,-1.664,-0.964,-0.179,-0.107,-0.207,-2.164,-0.4,,,-0.114,amsterdam,2026-09-04,EHAM,21.5,20.4,20.9,21.5,21.1,20.9,20.3,20.8,,,21.2,0.4,21.441,9,22.0,14,0.536,Europe/Amsterdam,C
0.75,-1.707,-1.029,-0.207,-0.229,-0.264,-2.207,-0.521,,,-0.171,amsterdam,2026-09-05,EHAM,21.2,18.4,18.4,19.3,18.5,19.4,18.4,19.5,,,19.0,0.852,19.763,9,20.0,14,0.546,Europe/Amsterdam,C
0.786,-1.693,-1.029,-0.193,-0.307,-0.264,-2.15,-0.493,,,-0.129,amsterdam,2026-09-06,EHAM,22.9,20.4,21.2,23.0,22.8,22.1,20.3,21.9,,,22.4,0.978,22.445,9,22.0,14,0.516,Europe/Amsterdam,C
0.714,-1.7,-1.007,-0.093,-0.179,-0.257,-2.093,-0.457,,,-0.057,amsterdam,2026-09-07,EHAM,27.7,24.0,24.6,26.8,25.7,25.9,23.9,25.7,,,25.9,1.178,26.162,9,26.0,14,0.528,Europe/Amsterdam,C
0.657,-1.793,-1.064,-0.064,-0.264,-0.286,-2.1,-0.5,,,-0.071,amsterdam,2026-09-08,EHAM,20.4,19.3,18.9,19.6,19.2,19.4,19.4,19.3,,,20.3,0.471,20.108,9,19.0,14,0.507,Europe/Amsterdam,C
0.65,-1.6,-0.979,-0.05,-0.236,-0.264,-1.829,-0.457,,,0.014,amsterdam,2026-09-09,EHAM,17.9,16.3,17.8,18.6,17.0,18.3,17.5,18.5,,,18.5,0.735,18.219,9,18.0,14,0.584,Europe/Amsterdam,C
0.507,-1.5,-0.886,0.014,-0.207,-0.229,-1.543,-0.393,,,0.086,amsterdam,2026-09-10,EHAM,20.0,18.4,18.6,19.9,19.0,19.1,17.9,19.6,,,19.5,0.671,19.555,9,20.0,14,0.565,Europe/Amsterdam,C
0.314,-1.371,-0.971,-0.093,-0.429,-0.321,-1.357,-0.45,,,-0.029,amsterdam,2026-09-11,EHAM,19.6,18.5,19.3,20.4,20.8,20.3,17.9,19.8,,,20.1,0.884,20.117,9,21.0,14,0.556,Europe/Amsterdam,C
0.193,-1.371,-0.993,-0.079,-0.4,-0.293,-1.407,-0.457,,,-0.071,amsterdam,2026-09-12,EHAM,21.9,20.0,20.5,20.8,21.2,20.9,19.7,20.3,,,21.4,0.658,21.352,9,21.0,14,0.579,Europe/Amsterdam,C
0.271,-1.393,-1.014,-0.071,-0.464,-0.329,-1.443,-0.471,,,-0.057,amsterdam,2026-09-13,EHAM,21.2,19.6,20.0,20.4,20.3,20.8,20.0,19.6,,,20.4,0.497,20.842,9,21.0,14,0.579,Europe/Amsterdam,C
0.293,-1.4,-1.043,-0.071,-0.5,-0.321,-1.429,-0.536,,,-0.093,amsterdam,2026-09-14,EHAM,21.4,20.6,21.4,22.2,22.6,22.1,20.5,21.6,,,21.8,0.661,22.095,9,22.0,14,0.581,Europe/Amsterdam,C
0.307,-1.407,-0.957,0.0,-0.343,-0.286,-1.407,-0.493,,,-0.093,amsterdam,2026-09-15,EHAM,24.5,23.2,23.7,23.6,23.8,24.3,21.8,24.0,,,24.1,0.754,24.242,9,24.0,14,0.562,Europe/Amsterdam,C
0.15,-1.414,-0.943,-0.036,-0.35,-0.25,-1.5,-0.507,,,-0.093,amsterdam,2026-09-16,EHAM,19.3,17.3,17.2,19.0,17.8,18.8,17.4,18.9,,,18.8,0.79,18.794,9,19.0,14,0.52,Europe/Amsterdam,C
0.293,-1.393,-0.943,0.014,-0.357,-0.2,-1.493,-0.414,,,-0.079,amsterdam,2026-09-17,EHAM,16.3,16.9,16.8,18.7,16.5,16.8,17.2,16.2,,,16.3,0.723,17.265,9,17.0,14,0.5,Europe/Amsterdam,C
0.271,-1.336,-0.907,0.129,-0.407,-0.207,-1.414,-0.45,,,-0.164,amsterdam,2026-09-18,EHAM,19.8,17.4,17.7,18.2,18.2,18.0,17.5,17.9,,,18.1,0.664,18.671,9,18.0,14,0.5,Europe/Amsterdam,C
0.436,-1.264,-0.85,0.179,-0.329,-0.129,-1.329,-0.371,,,-0.1,amsterdam,2026-09-19,EHAM,20.1,19.5,20.5,21.3,20.9,20.5,20.1,19.6,,,20.3,0.543,20.679,9,20.0,14,0.5,Europe/Amsterdam,C
0.357,-1.186,-0.7,0.321,-0.157,-0.05,-1.207,-0.364,,,-0.007,amsterdam,2026-09-20,EHAM,19.5,18.9,18.7,19.3,18.5,19.0,19.1,19.1,,,19.3,0.295,19.356,9,19.0,14,0.515,Europe/Amsterdam,C
0.329,-1.079,-0.664,0.271,-0.25,-0.057,-1.079,-0.35,,,-0.014,amsterdam,2026-09-21,EHAM,20.9,18.0,18.3,19.2,18.7,18.5,18.0,19.0,,,18.6,0.835,19.22,9,19.0,14,0.51,Europe/Amsterdam,C
0.343,-1.007,-0.614,0.229,-0.25,-0.086,-1.0,-0.329,,,-0.036,amsterdam,2026-09-22,EHAM,21.8,18.7,19.5,20.2,19.2,19.0,18.4,18.9,,,19.8,0.967,19.944,9,19.0,14,0.512,Europe/Amsterdam,C
-0.9,-0.6,-0.8,-0.2,-0.88,-0.08,-1.02,-1.02,,,-1.22,sao-paulo,2026-06-30,SBGR,25.8,27.0,26.6,27.5,25.7,26.0,24.5,26.3,,,25.4,0.841,26.862,9,27.0,0,1.2,America/Sao_Paulo,C
-0.95,-0.5,-0.733,-0.083,-0.95,-0.233,-1.267,-0.967,,,-1.283,sao-paulo,2026-07-01,SBGR,25.9,27.2,26.8,27.5,25.9,26.0,24.9,27.1,,,25.5,0.827,27.086,9,27.0,0,1.2,America/Sao_Paulo,C
-0.971,-0.4,-0.657,-0.0,-0.971,-0.343,-1.386,-0.814,,,-1.314,sao-paulo,2026-07-02,SBGR,25.3,26.9,26.3,27.4,26.1,25.8,24.4,26.6,,,24.5,0.973,26.681,9,26.0,0,1.2,America/Sao_Paulo,C
-0.938,-0.238,-0.537,0.175,-0.838,-0.325,-1.413,-0.637,,,-1.337,sao-paulo,2026-07-03,SBGR,25.1,23.3,25.6,26.4,25.8,24.8,23.5,23.0,,,24.1,1.139,25.378,9,27.0,8,1.02,America/Sao_Paulo,C
-1.044,-0.622,-0.633,0.089,-0.878,-0.533,-1.644,-1.011,,,-1.511,sao-paulo,2026-07-04,SBGR,18.3,18.5,18.4,21.7,17.8,20.5,16.8,16.9,,,19.3,1.511,19.503,9,20.0,9,1.103,America/Sao_Paulo,C
-1.11,-0.71,-0.73,0.25,-1.01,-0.43,-1.8,-1.22,,,-1.43,sao-paulo,2026-07-05,SBGR,21.1,19.8,20.6,21.1,19.4,20.2,17.8,18.9,,,19.4,1.017,20.873,9,21.0,10,1.058,America/Sao_Paulo,C
-1.0,-0.755,-0.7,0.236,-1.064,-0.464,-1.927,-1.3,,,-1.445,sao-paulo,2026-07-06,SBGR,23.7,24.3,24.1,24.0,23.9,23.8,22.2,22.7,,,22.4,0.75,24.485,9,24.0,11,1.009,America/Sao_Paulo,C
-0.942,-0.667,-0.633,0.217,-0.983,-0.442,-1.917,-1.3,,,-1.458,sao-paulo,2026-07-07,SBGR,19.9,18.7,19.8,21.8,21.5,22.2,17.3,17.9,,,21.2,1.673,20.939,9,21.0,12,0.977,America/Sao_Paulo,C
-0.954,-0.792,-0.677,0.262,-0.869,-0.315,-2.054,-1.438,,,-1.331,sao-paulo,2026-07-08,SBGR,21.5,21.6,22.0,21.9,21.1,21.9,18.9,20.9,,,21.0,0.901,22.186,9,22.0,13,0.938,America/Sao_Paulo,C
-0.921,-0.764,-0.629,0.236,-0.871,-0.3,-2.129,-1.414,,,-1.307,sao-paulo,2026-07-09,SBGR,21.4,22.2,22.5,23.2,22.8,22.9,20.8,21.1,,,19.9,1.056,22.779,9,22.0,14,0.906,America/Sao_Paulo,C
-0.929,-0.607,-0.529,0.321,-0.75,-0.264,-2.236,-1.407,,,-1.443,sao-paulo,2026-07-10,SBGR,24.9,26.1,26.0,25.5,25.5,25.6,24.4,25.9,,,24.2,0.652,26.207,9,26.0,14,0.915,America/Sao_Paulo,C
-1.036,-0.657,-0.543,0.143,-0.75,-0.457,-2.464,-1.493,,,-1.6,sao-paulo,2026-07-11,SBGR,26.4,27.6,27.7,27.5,27.0,27.2,25.9,26.9,,,25.7,0.689,27.848,9,28.0,14,0.891,America/Sao_Paulo,C
-1.107,-0.714,-0.529,0.15,-0.857,-0.571,-2.529,-1.514,,,-1.664,sao-paulo,2026-07-12,SBGR,22.2,21.5,23.1,25.5,21.6,21.9,21.1,23.5,,,22.8,1.274,23.465,9,23.0,14,0.888,America/Sao_Paulo,C
-1.05,-0.786,-0.436,0.421,-0.843,-0.55,-2.45,-1.307,,,-1.536,sao-paulo,2026-07-13,SBGR,16.9,15.7,16.8,17.4,15.7,16.3,13.3,15.9,,,15.7,1.109,16.999,9,17.0,14,0.792,America/Sao_Paulo,C
-0.9,-0.757,-0.336,0.529,-0.8,-0.421,-2.514,-1.243,,,-1.421,sao-paulo,2026-07-14,SBGR,18.0,17.9,18.2,19.0,17.2,17.2,15.0,17.5,,,16.6,1.07,18.337,9,19.0,14,0.57,America/Sao_Paulo,C
-0.886,-0.836,-0.364,0.493,-0.836,-0.479,-2.621,-1.3,,,-1.479,sao-paulo,2026-07-15,SBGR,21.0,21.5,21.1,22.0,21.5,21.5,20.0,20.5,,,19.0,0.877,21.838,9,21.0,14,0.596,America/Sao_Paulo,C
-0.807,-0.814,-0.343,0.529,-0.721,-0.371,-2.543,-1.343,,,-1.514,sao-paulo,2026-07-16,SBGR,24.7,25.5,25.2,25.6,24.7,24.5,23.9,24.7,,,23.1,0.74,25.54,9,26.0,14,0.636,America/Sao_Paulo,C
-0.85,-0.914,-0.421,0.4,-0.821,-0.464,-2.579,-1.479,,,-1.614,sao-paulo,2026-07-17,SBGR,23.6,24.1,24.6,24.2,24.9,24.1,22.7,24.6,,,22.9,0.718,24.915,9,24.0,14,0.621,America/Sao_Paulo,C
-0.743,-0.643,-0.279,0.457,-0.671,-0.3,-2.421,-1.15,,,-1.486,sao-paulo,2026-07-18,SBGR,23.7,23.9,24.4,24.4,23.9,23.8,22.4,24.4,,,23.1,0.629,24.561,9,24.0,14,0.508,America/Sao_Paulo,C
-0.643,-0.543,-0.136,0.364,-0.521,-0.35,-2.307,-0.9,,,-1.5,sao-paulo,2026-07-19,SBGR,24.8,25.3,25.7,25.9,25.4,24.8,24.1,25.5,,,24.3,0.588,25.771,9,26.0,14,0.513,America/Sao_Paulo,C
-0.736,-0.507,-0.129,0.35,-0.45,-0.379,-2.214,-0.786,,,-1.507,sao-paulo,2026-07-20,SBGR,25.8,26.4,26.7,26.5,26.1,26.1,24.8,26.4,,,24.9,0.646,26.668,9,27.0,14,0.515,America/Sao_Paulo,C
-0.8,-0.571,-0.157,0.314,-0.507,-0.429,-2.243,-0.736,,,-1.543,sao-paulo,2026-07-21,SBGR,26.7,27.3,27.6,28.1,27.3,26.5,25.7,27.5,,,25.6,0.812,27.645,9,28.0,14,0.507,America/Sao_Paulo,C
-0.814,-0.457,-0.1,0.264,-0.593,-0.621,-2.143,-0.55,,,-1.729,sao-paulo,2026-07-22,SBGR,26.9,23.4,27.4,27.6,27.7,27.2,26.1,28.0,,,25.5,1.372,27.305,9,23.0,14,0.515,America/Sao_Paulo,C
-0.5,-0.4,0.214,0.6,-0.193,-0.314,-1.7,-0.114,,,-1.479,sao-paulo,2026-07-23,SBGR,24.2,22.1,23.8,26.9,24.7,23.7,21.1,22.9,,,22.6,1.581,23.994,9,24.0,14,1.26,America/Sao_Paulo,C
-0.443,-0.55,0.164,0.721,-0.2,-0.4,-1.821,-0.129,,,-1.429,sao-paulo,2026-07-24,SBGR,16.8,15.5,17.3,16.8,15.9,17.0,16.6,16.3,,,16.0,0.55,16.911,9,17.0,14,1.242,America/Sao_Paulo,C
-0.379,-0.664,0.186,0.743,-0.243,-0.371,-1.736,-0.171,,,-1.371,sao-paulo,2026-07-25,SBGR,20.0,20.3,20.0,20.8,22.3,20.7,20.6,19.8,,,20.0,0.72,20.891,9,21.0,14,1.241,America/Sao_Paulo,C
-0.336,-0.686,0.136,0.764,-0.079,-0.336,-1.614,-0.179,,,-1.279,sao-paulo,2026-07-26,SBGR,23.6,24.9,23.3,23.6,24.9,24.5,23.3,22.5,,,23.6,0.762,24.23,9,25.0,14,1.241,America/Sao_Paulo,C
-0.379,-0.586,0.007,0.486,0.014,-0.293,-1.6,-0.393,,,-1.364,sao-paulo,2026-07-27,SBGR,26.5,27.5,26.7,26.6,27.1,26.9,25.3,26.9,,,24.9,0.798,26.98,9,28.0,14,1.252,America/Sao_Paulo,C
-0.479,-0.529,-0.071,0.357,0.043,-0.321,-1.529,-0.393,,,-1.493,sao-paulo,2026-07-28,SBGR,26.6,28.1,27.4,28.3,28.3,28.0,26.7,29.1,,,26.6,0.846,28.054,9,29.0,14,1.281,America/Sao_Paulo,C
-0.579,-0.514,-0.129,0.307,0.121,-0.264,-1.407,-0.279,,,-1.493,sao-paulo,2026-07-29,SBGR,28.8,23.3,29.0,30.5,29.8,29.3,28.0,29.8,,,28.1,1.995,28.832,9,30.0,14,1.294,America/Sao_Paulo,C
-0.664,-1.029,-0.207,0.271,0.071,-0.35,-1.479,-0.257,,,-1.486,sao-paulo,2026-07-30,SBGR,21.1,21.3,21.3,23.5,22.8,22.3,18.7,21.7,,,20.6,1.302,22.041,9,22.0,14,1.312,America/Sao_Paulo,C
-0.636,-1.043,-0.2,0.407,0.221,-0.221,-1.564,-0.186,,,-1.379,sao-paulo,2026-07-31,SBGR,22.8,22.6,24.1,25.6,25.5,23.5,21.2,24.4,,,21.9,1.443,23.994,9,23.0,14,1.306,America/Sao_Paulo,C
-0.621,-1.079,-0.164,0.579,0.336,-0.193,-1.6,-0.129,,,-1.379,sao-paulo,2026-08-01,SBGR,26.2,26.1,26.8,26.5,27.5,25.5,25.1,26.9,,,24.6,0.873,26.664,9,27.0,14,1.31,America/Sao_Paulo,C
-0.657,-1.136,-0.207,0.514,0.379,-0.286,-1.621,-0.164,,,-1.486,sao-paulo,2026-08-02,SBGR,26.8,27.5,27.5,27.4,27.9,27.3,26.5,28.1,,,25.7,0.701,27.712,9,29.0,14,1.305,America/Sao_Paulo,C
-0.729,-1.193,-0.293,0.407,0.343,-0.321,-1.664,-0.193,,,-1.6,sao-paulo,2026-08-03,SBGR,24.5,24.9,25.6,27.2,24.5,25.8,24.7,26.4,,,23.9,0.995,25.757,9,27.0,14,1.348,America/Sao_Paulo,C
-0.821,-1.3,-0.371,0.457,0.229,-0.343,-1.671,-0.193,,,-1.671,sao-paulo,2026-08-04,SBGR,26.3,26.3,26.7,26.0,26.6,24.1,25.7,27.0,,,24.4,0.955,26.608,9,26.0,14,1.386,America/Sao_Paulo,C
-0.707,-1.229,-0.293,0.45,0.321,-0.371,-1.529,-0.086,,,-1.614,sao-paulo,2026-08-05,SBGR,26.9,27.8,28.0,27.3,28.1,26.8,26.6,28.1,,,26.4,0.643,27.925,9,28.0,14,1.392,America/Sao_Paulo,C
-1.064,-1.271,-0.607,0.071,-0.007,-0.757,-1.85,-0.436,,,-1.907,sao-paulo,2026-08-06,SBGR,27.1,27.7,27.8,28.1,28.1,27.4,25.5,28.0,,,26.4,0.834,28.252,9,28.0,14,0.784,America/Sao_Paulo,C
-1.143,-1.157,-0.607,-0.129,-0.05,-0.779,-1.821,-0.357,,,-1.921,sao-paulo,2026-08-07,SBGR,24.9,24.6,24.8,27.3,26.0,24.7,24.7,26.2,,,25.1,0.877,26.144,9,25.0,14,0.787,America/Sao_Paulo,C
-1.136,-1.079,-0.643,0.05,0.1,-0.8,-1.814,-0.221,,,-1.843,sao-paulo,2026-08-08,SBGR,26.8,28.3,27.4,26.4,28.8,28.6,25.8,29.1,,,27.6,1.081,28.475,9,29.0,14,0.844,America/Sao_Paulo,C
-1.221,-1.079,-0.686,-0.121,-0.007,-0.807,-2.014,-0.129,,,-1.871,sao-paulo,2026-08-09,SBGR,25.5,22.5,24.7,26.8,26.1,24.4,22.9,24.4,,,25.4,1.323,25.645,9,26.0,14,0.855,America/Sao_Paulo,C
-1.157,-1.321,-0.657,0.036,0.007,-0.886,-2.114,-0.064,,,-1.814,sao-paulo,2026-08-10,SBGR,18.6,15.9,18.4,18.8,16.1,16.1,15.6,16.0,,,17.6,1.243,18.039,9,18.0,14,0.835,America/Sao_Paulo,C
-1.007,-1.436,-0.536,0.193,-0.064,-0.943,-2.093,-0.129,,,-1.621,sao-paulo,2026-08-11,SBGR,17.1,16.6,16.9,17.4,16.4,16.5,15.8,16.0,,,17.2,0.512,17.558,9,18.0,14,0.789,America/Sao_Paulo,C
-0.9,-1.471,-0.5,0.2,-0.129,-0.979,-2.086,-0.279,,,-1.507,sao-paulo,2026-08-12,SBGR,25.3,24.8,24.7,25.0,24.7,24.5,23.2,24.9,,,23.2,0.715,25.424,9,24.0,14,0.757,America/Sao_Paulo,C
-0.721,-0.936,-0.379,0.236,-0.064,-0.893,-2.0,-0.2,,,-1.429,sao-paulo,2026-08-13,SBGR,28.7,30.0,29.2,28.7,29.4,29.5,27.5,29.5,,,28.1,0.74,29.705,9,30.0,14,0.788,America/Sao_Paulo,C
-0.75,-0.886,-0.386,0.036,-0.164,-0.95,-1.943,-0.214,,,-1.464,sao-paulo,2026-08-14,SBGR,25.1,24.2,25.1,27.6,26.1,25.3,21.5,25.9,,,24.9,1.554,25.804,9,26.0,14,0.791,America/Sao_Paulo,C
-0.8,-0.986,-0.529,-0.036,-0.336,-1.036,-2.136,-0.321,,,-1.464,sao-paulo,2026-08-15,SBGR,21.9,21.9,21.4,26.6,22.6,22.6,22.1,23.6,,,22.4,1.468,23.395,9,22.0,14,0.747,America/Sao_Paulo,C
-0.75,-0.929,-0.557,0.329,-0.329,-0.886,-1.993,-0.2,,,-1.264,sao-paulo,2026-08-16,SBGR,25.1,25.6,26.0,27.9,28.7,26.2,25.6,27.8,,,25.4,1.23,27.067,9,27.0,14,0.83,America/Sao_Paulo,C
-0.729,-0.921,-0.521,0.507,-0.129,-0.821,-1.914,-0.079,,,-1.143,sao-paulo,2026-08-17,SBGR,27.7,28.6,28.2,29.2,29.4,29.2,28.9,30.0,,,26.9,0.895,29.218,9,29.0,14,0.756,America/Sao_Paulo,C
-0.643,-0.8,-0.479,0.507,0.079,-0.721,-1.757,0.036,,,-1.071,sao-paulo,2026-08-18,SBGR,29.7,31.0,30.3,29.6,30.2,29.7,28.7,30.9,,,28.4,0.835,30.441,9,31.0,14,0.681,America/Sao_Paulo,C
-0.757,-0.821,-0.579,0.407,-0.021,-0.679,-1.9,-0.043,,,-1.143,sao-paulo,2026-08-19,SBGR,29.9,31.1,31.0,30.7,31.3,30.5,29.5,31.6,,,28.6,0.91,31.105,9,32.0,14,0.678,America/Sao_Paulo,C
-0.829,-0.871,-0.65,0.364,-0.079,-0.7,-1.979,-0.079,,,-1.271,sao-paulo,2026-08-20,SBGR,30.9,31.8,31.5,31.0,32.0,31.3,30.0,32.1,,,29.4,0.86,31.847,9,32.0,14,0.719,America/Sao_Paulo,C
-0.843,-0.864,-0.671,0.286,-0.086,-0.707,-1.943,-0.071,,,-1.343,sao-paulo,2026-08-21,SBGR,25.9,25.4,27.0,26.5,27.0,25.0,24.4,28.1,,,24.9,1.145,26.737,9,25.0,14,0.717,America/Sao_Paulo,C
-0.771,-0.807,-0.514,0.229,-0.014,-0.686,-1.964,0.064,,,-1.357,sao-paulo,2026-08-22,SBGR,22.7,22.2,23.0,24.3,22.6,22.3,19.4,22.9,,,20.6,1.348,22.952,9,23.0,14,0.797,America/Sao_Paulo,C
-0.636,-0.814,-0.4,0.507,-0.029,-0.707,-1.993,0.05,,,-1.429,sao-paulo,2026-08-23,SBGR,24.8,23.6,24.5,25.3,23.6,23.1,20.7,23.4,,,21.9,1.353,24.208,9,24.0,14,0.785,America/Sao_Paulo,C
-0.543,-0.593,-0.271,0.543,-0.064,-0.657,-2.007,0.121,,,-1.536,sao-paulo,2026-08-24,SBGR,20.0,15.9,19.9,24.4,21.2,22.3,16.0,21.3,,,18.0,2.677,20.331,9,18.0,14,0.781,America/Sao_Paulo,C
-0.443,-0.593,-0.164,0.943,0.3,-0.214,-1.979,0.5,,,-1.507,sao-paulo,2026-08-25,SBGR,20.3,18.2,19.6,22.9,19.6,21.4,19.4,21.5,,,19.4,1.35,20.467,9,19.0,14,0.999,America/Sao_Paulo,C
-0.286,-0.55,-0.043,1.264,0.457,0.064,-1.793,0.821,,,-1.421,sao-paulo,2026-08-26,SBGR,24.3,23.4,24.4,24.5,23.7,22.2,23.7,24.2,,,21.9,0.895,23.82,9,25.0,14,1.067,America/Sao_Paulo,C
-0.429,-0.721,-0.136,1.157,0.314,-0.171,-1.829,0.7,,,-1.586,sao-paulo,2026-08-27,SBGR,26.4,27.0,26.7,26.3,28.1,26.0,25.5,27.9,,,24.9,0.981,26.888,9,27.0,14,1.045,America/Sao_Paulo,C
-0.379,-0.721,-0.1,1.2,0.436,-0.207,-1.757,0.8,,,-1.6,sao-paulo,2026-08-28,SBGR,29.7,30.7,30.5,29.8,32.6,30.5,30.4,32.2,,,30.0,0.962,30.929,9,32.0,14,1.043,America/Sao_Paulo,C
-0.479,-0.686,-0.143,0.929,0.471,-0.264,-1.55,0.821,,,-1.664,sao-paulo,2026-08-29,SBGR,31.2,31.0,32.1,32.0,33.0,32.4,31.3,33.7,,,32.1,0.825,32.298,9,33.0,14,1.08,America/Sao_Paulo,C
-0.6,-0.821,-0.164,0.529,0.429,-0.35,-1.679,0.757,,,-1.757,sao-paulo,2026-08-30,SBGR,28.3,29.1,27.6,31.3,31.7,29.5,27.0,31.6,,,29.4,1.632,29.75,9,31.0,14,1.031,America/Sao_Paulo,C
-0.657,-0.857,-0.336,0.486,0.357,-0.4,-1.864,0.743,,,-1.757,sao-paulo,2026-08-31,SBGR,25.3,24.7,26.2,26.7,29.5,28.5,24.3,30.8,,,27.2,2.086,27.316,9,25.0,14,1.084,America/Sao_Paulo,C
-0.543,-0.85,-0.193,0.593,0.65,-0.164,-1.907,1.086,,,-1.45,sao-paulo,2026-09-01,SBGR,20.9,20.3,20.7,22.1,22.0,22.6,24.1,22.1,,,22.1,1.078,21.994,9,21.0,14,1.247,America/Sao_Paulo,C
-0.457,-0.9,-0.164,0.771,0.779,0.043,-1.521,1.171,,,-1.186,sao-paulo,2026-09-02,SBGR,21.6,21.2,21.3,19.2,21.6,21.5,18.0,20.5,,,20.7,1.174,21.034,9,21.0,14,1.266,America/Sao_Paulo,C
-0.264,-0.821,-0.071,0.736,0.871,0.186,-1.557,1.164,,,-0.964,sao-paulo,2026-09-03,SBGR,26.3,27.7,27.3,25.3,27.2,26.9,25.1,27.0,,,26.5,0.84,26.785,9,29.0,14,1.243,America/Sao_Paulo,C
-0.379,-0.9,-0.157,0.543,0.743,0.086,-1.693,1.014,,,-0.957,sao-paulo,2026-09-04,SBGR,28.6,30.0,30.2,28.3,29.9,30.0,27.3,30.2,,,28.8,0.982,29.526,9,31.0,14,1.376,America/Sao_Paulo,C
-0.614,-1.0,-0.357,0.243,0.521,0.014,-1.914,0.736,,,-1.107,sao-paulo,2026-09-05,SBGR,22.7,18.0,19.8,23.6,25.9,20.5,21.7,20.5,,,20.6,2.191,21.855,9,20.0,14,1.354,America/Sao_Paulo,C
-0.4,-1.086,-0.371,0.407,0.971,0.1,-1.536,0.779,,,-0.893,sao-paulo,2026-09-06,SBGR,15.0,14.8,15.4,14.5,15.1,15.5,15.6,15.4,,,15.4,0.345,15.421,9,15.0,14,1.442,America/Sao_Paulo,C
-0.457,-1.071,-0.379,0.279,1.007,0.2,-1.257,0.85,,,-0.714,sao-paulo,2026-09-07,SBGR,14.2,12.7,14.7,13.1,12.4,13.3,14.5,14.7,,,14.1,0.833,13.949,9,14.0,14,1.445,America/Sao_Paulo,C
-0.586,-1.014,-0.464,-0.243,0.664,-0.157,-1.079,0.664,,,-0.707,sao-paulo,2026-09-08,SBGR,20.5,19.5,20.2,20.4,18.0,20.2,19.7,20.9,,,20.2,0.793,20.295,9,19.0,14,1.304,America/Sao_Paulo,C
-0.571,-0.921,-0.421,-0.421,0.55,-0.243,-1.057,0.621,,,-0.65,sao-paulo,2026-09-09,SBGR,23.6,20.8,22.4,21.0,21.7,21.3,21.7,21.3,,,21.2,0.814,22.204,9,22.0,14,1.291,America/Sao_Paulo,C
-0.407,-0.893,-0.35,-0.457,0.621,-0.093,-0.986,0.629,,,-0.486,sao-paulo,2026-09-10,SBGR,22.5,20.6,21.3,22.0,24.7,22.3,20.9,21.2,,,21.9,1.15,22.275,9,22.0,14,1.253,America/Sao_Paulo,C
-0.329,-0.993,-0.379,-0.407,0.736,0.0,-0.957,0.507,,,-0.343,sao-paulo,2026-09-11,SBGR,26.5,26.2,27.0,25.1,29.6,28.2,27.5,27.4,,,28.4,1.253,27.54,9,28.0,14,1.255,America/Sao_Paulo,C
-0.271,-1.029,-0.343,-0.457,0.807,0.121,-0.879,0.45,,,-0.171,sao-paulo,2026-09-12,SBGR,21.1,20.1,20.4,25.7,22.7,22.4,23.4,23.4,,,21.8,1.642,22.219,9,20.0,14,1.228,America/Sao_Paulo,C
-0.064,-0.879,-0.25,0.021,1.0,0.336,-0.514,0.643,,,0.021,sao-paulo,2026-09-13,SBGR,16.1,15.6,16.3,16.2,16.0,17.3,16.4,16.2,,,16.6,0.44,16.258,9,16.0,14,1.351,America/Sao_Paulo,C
0.136,-0.771,0.014,0.014,0.95,0.536,-0.2,0.614,,,0.179,sao-paulo,2026-09-14,SBGR,16.7,14.6,17.3,16.8,16.9,15.5,16.8,15.4,,,17.0,0.872,16.206,9,16.0,14,1.311,America/Sao_Paulo,C
0.164,-0.85,0.021,-0.05,0.693,0.25,-0.093,0.157,,,0.093,sao-paulo,2026-09-15,SBGR,21.0,19.4,20.3,19.3,19.5,20.1,19.5,20.9,,,20.9,0.665,20.112,9,20.0,14,1.157,America/Sao_Paulo,C
0.243,-0.843,0.064,-0.179,0.586,0.143,-0.35,0.143,,,0.079,sao-paulo,2026-09-16,SBGR,20.1,18.1,18.9,19.5,19.8,20.5,16.3,18.9,,,20.0,1.217,19.216,9,19.0,14,1.126,America/Sao_Paulo,C
0.279,-0.921,0.036,-0.014,0.6,0.214,-0.329,0.171,,,0.171,sao-paulo,2026-09-17,SBGR,19.0,16.2,19.1,19.1,16.6,19.0,16.2,19.9,,,19.4,1.404,18.238,9,17.0,14,1.127,America/Sao_Paulo,C
0.614,-0.886,0.307,0.4,0.7,0.507,-0.107,0.521,,,0.521,sao-paulo,2026-09-18,SBGR,22.7,22.4,22.7,24.5,21.7,21.9,20.3,23.6,,,22.7,1.115,22.2,9,23.0,14,1.015,America/Sao_Paulo,C
0.764,-0.857,0.343,0.7,0.686,0.5,-0.036,0.621,,,0.657,sao-paulo,2026-09-19,SBGR,26.0,26.0,26.6,27.5,26.1,26.3,25.6,27.3,,,25.7,0.631,25.925,9,27.0,14,0.959,America/Sao_Paulo,C
0.5,-0.786,0.329,0.479,0.2,0.414,-0.257,0.607,,,0.521,sao-paulo,2026-09-20,SBGR,24.0,20.9,22.6,23.4,27.0,20.8,20.8,24.5,,,21.8,1.97,22.734,9,21.0,14,0.87,America/Sao_Paulo,C
0.714,-0.779,0.414,0.686,0.621,0.364,-0.314,0.829,,,0.55,sao-paulo,2026-09-21,SBGR,28.9,29.7,29.0,29.6,30.4,28.8,28.2,28.5,,,29.4,0.638,28.852,9,31.0,14,0.979,America/Sao_Paulo,C
0.55,-0.779,0.221,0.65,0.693,0.257,-0.55,0.6,,,0.429,sao-paulo,2026-09-22,SBGR,22.9,21.6,23.0,24.4,22.4,22.2,23.0,22.5,,,23.4,0.749,22.529,9,25.0,14,1.135,America/Sao_Paulo,C
1.74,-1.6,-1.12,-0.22,0.56,-0.34,-1.6,-0.62,,,-0.16,helsinki,2026-07-01,EFHK,27.1,22.9,23.6,24.0,23.4,24.7,24.1,24.7,,,24.5,1.134,24.701,9,24.0,0,1.2,Europe/Helsinki,C
1.967,-1.517,-1.0,-0.183,0.367,-0.167,-1.317,-0.4,,,-0.05,helsinki,2026-07-02,EFHK,22.4,19.9,20.1,20.8,20.1,20.1,19.8,20.0,,,19.3,0.835,20.55,9,20.0,0,1.2,Europe/Helsinki,C
2.029,-1.314,-0.843,-0.043,0.329,-0.129,-1.157,-0.343,,,-0.143,helsinki,2026-07-03,EFHK,18.9,16.9,17.8,17.3,18.0,17.4,17.2,16.9,,,18.5,0.662,17.806,9,18.0,0,1.2,Europe/Helsinki,C
1.887,-1.288,-0.762,-0.125,0.288,-0.188,-1.112,-0.438,,,-0.062,helsinki,2026-07-04,EFHK,20.7,17.6,19.3,20.0,20.1,19.0,19.0,19.2,,,19.2,0.827,19.474,9,20.0,8,0.557,Europe/Helsinki,C
1.756,-1.411,-0.756,-0.111,0.267,-0.278,-1.1,-0.478,,,-0.144,helsinki,2026-07-05,EFHK,17.6,16.0,17.9,16.6,17.2,18.1,17.9,17.8,,,16.7,0.687,17.447,9,16.0,9,0.554,Europe/Helsinki,C
1.74,-1.27,-0.49,-0.04,0.36,-0.04,-0.8,-0.25,,,-0.06,helsinki,2026-07-06,EFHK,17.0,15.3,16.4,17.6,14.7,16.1,16.0,15.3,,,16.0,0.842,16.057,9,17.0,10,0.697,Europe/Helsinki,C
1.582,-1.309,-0.5,0.018,0.118,-0.118,-0.818,-0.382,,,-0.145,helsinki,2026-07-07,EFHK,16.9,14.6,16.1,16.0,15.6,15.4,15.8,15.5,,,16.4,0.617,15.932,9,16.0,11,0.723,Europe/Helsinki,C
1.525,-1.317,-0.45,0.017,0.075,-0.158,-0.767,-0.392,,,-0.1,helsinki,2026-07-08,EFHK,20.7,17.8,18.7,19.2,18.6,18.0,18.7,18.0,,,19.9,0.901,19.019,9,19.0,12,0.692,Europe/Helsinki,C
1.538,-1.308,-0.438,0.031,0.038,-0.223,-0.731,-0.438,,,-0.023,helsinki,2026-07-09,EFHK,20.1,17.8,18.6,18.4,17.2,17.8,17.6,16.8,,,17.8,0.9,18.268,9,18.0,13,0.665,Europe/Helsinki,C
1.579,-1.229,-0.364,0.057,-0.021,-0.221,-0.707,-0.493,,,-0.036,helsinki,2026-07-10,EFHK,23.8,19.7,20.0,21.5,21.2,21.1,21.9,20.6,,,21.4,1.127,21.39,9,22.0,14,0.645,Europe/Helsinki,C
1.593,-1.321,-0.493,0.05,-0.107,-0.236,-0.664,-0.557,,,-0.079,helsinki,2026-07-11,EFHK,28.5,25.2,27.4,27.9,28.3,27.8,24.9,26.4,,,28.0,1.262,27.368,9,27.0,14,0.665,Europe/Helsinki,C
1.564,-1.4,-0.464,0.114,-0.071,-0.2,-0.721,-0.614,,,-0.0,helsinki,2026-07-12,EFHK,29.0,26.0,26.9,28.8,30.0,27.8,26.4,25.8,,,29.0,1.442,27.925,9,27.0,14,0.669,Europe/Helsinki,C
1.636,-1.357,-0.321,0.329,0.179,-0.05,-0.643,-0.579,,,0.136,helsinki,2026-07-13,EFHK,22.0,21.5,21.6,22.5,25.2,21.1,21.2,23.2,,,22.7,1.215,22.274,9,20.0,14,0.673,Europe/Helsinki,C
1.643,-1.014,0.014,0.479,0.471,0.071,-0.343,-0.243,,,0.371,helsinki,2026-07-14,EFHK,24.6,21.4,22.0,23.2,24.5,22.2,23.4,23.1,,,24.0,1.054,22.929,9,23.0,14,0.878,Europe/Helsinki,C
1.593,-1.029,-0.043,0.486,0.507,-0.029,-0.221,-0.264,,,0.457,helsinki,2026-07-15,EFHK,28.2,25.2,26.0,25.5,26.0,25.9,25.8,26.0,,,26.3,0.801,26.003,9,26.0,14,0.875,Europe/Helsinki,C
1.529,-1.007,-0.014,0.45,0.55,-0.086,-0.243,-0.314,,,0.443,helsinki,2026-07-16,EFHK,24.1,20.3,20.9,22.3,21.7,22.3,21.5,22.1,,,21.5,1.006,21.714,9,22.0,14,0.854,Europe/Helsinki,C
1.507,-1.121,-0.1,0.414,0.521,-0.071,-0.264,-0.307,,,0.457,helsinki,2026-07-17,EFHK,26.9,23.4,23.7,24.0,24.4,24.0,23.7,24.4,,,24.1,0.973,24.263,9,24.0,14,0.845,Europe/Helsinki,C
1.65,-1.086,-0.107,0.464,0.55,-0.029,-0.229,-0.2,,,0.429,helsinki,2026-07-18,EFHK,26.9,25.0,25.7,24.5,24.7,25.6,23.5,24.8,,,26.4,0.975,25.17,9,26.0,14,0.846,Europe/Helsinki,C
1.664,-0.986,-0.079,0.357,0.45,0.014,-0.336,-0.229,,,0.514,helsinki,2026-07-19,EFHK,20.1,19.8,18.6,19.1,21.1,19.7,20.2,19.0,,,19.7,0.702,19.489,9,20.0,14,0.864,Europe/Helsinki,C
1.557,-1.0,-0.314,0.25,0.443,-0.157,-0.457,-0.429,,,0.443,helsinki,2026-07-20,EFHK,22.3,19.9,20.4,19.8,20.8,20.4,19.6,20.8,,,20.9,0.763,20.555,9,20.0,14,0.784,Europe/Helsinki,C
1.721,-0.886,-0.243,0.193,0.664,-0.064,-0.414,-0.25,,,0.579,helsinki,2026-07-21,EFHK,15.1,14.4,14.1,14.6,16.0,14.7,16.4,15.9,,,15.9,0.783,14.899,9,13.0,14,0.757,Europe/Helsinki,C
1.807,-0.686,-0.171,0.307,0.907,0.1,-0.157,-0.007,,,0.757,helsinki,2026-07-22,EFHK,21.2,17.5,18.2,17.9,18.9,18.4,18.2,18.2,,,18.5,1.003,18.338,9,19.0,14,0.911,Europe/Helsinki,C
1.843,-0.707,-0.207,0.214,0.929,0.129,-0.193,0.007,,,0.657,helsinki,2026-07-23,EFHK,20.9,17.4,17.7,19.9,18.6,18.7,17.4,18.8,,,18.9,1.091,18.398,9,20.0,14,0.928,Europe/Helsinki,C
1.757,-0.879,-0.414,0.179,0.886,0.05,-0.35,0.007,,,0.593,helsinki,2026-07-24,EFHK,22.6,18.6,19.0,20.0,20.1,19.3,20.1,19.4,,,20.5,1.097,19.793,9,21.0,14,1.02,Europe/Helsinki,C
1.743,-0.886,-0.414,0.143,0.879,-0.007,-0.407,-0.007,,,0.6,helsinki,2026-07-25,EFHK,20.9,18.3,18.9,19.6,19.4,17.9,18.8,19.0,,,19.6,0.818,18.98,9,19.0,14,1.057,Europe/Helsinki,C
1.771,-0.807,-0.45,0.121,0.814,-0.143,-0.271,0.036,,,0.571,helsinki,2026-07-26,EFHK,19.3,18.8,19.5,20.0,17.5,18.8,19.2,18.4,,,20.6,0.85,18.832,9,19.0,14,1.053,Europe/Helsinki,C
1.65,-0.75,-0.407,0.064,0.493,-0.214,-0.214,0.079,,,0.543,helsinki,2026-07-27,EFHK,21.4,18.8,19.4,19.8,19.2,19.6,19.9,18.8,,,20.6,0.797,19.591,9,20.0,14,1.024,Europe/Helsinki,C
1.607,-0.943,-0.564,-0.129,0.064,-0.321,-0.307,-0.236,,,0.393,helsinki,2026-07-28,EFHK,21.4,17.9,17.9,19.7,19.9,18.3,17.9,18.2,,,18.4,1.153,18.966,9,20.0,14,0.831,Europe/Helsinki,C
1.593,-0.979,-0.643,-0.164,-0.05,-0.386,-0.486,-0.371,,,0.207,helsinki,2026-07-29,EFHK,25.5,22.5,22.7,23.2,23.6,23.6,23.6,23.4,,,23.4,0.801,23.645,9,24.0,14,0.876,Europe/Helsinki,C
1.543,-1.029,-0.736,-0.186,-0.079,-0.407,-0.5,-0.414,,,0.143,helsinki,2026-07-30,EFHK,24.8,20.7,20.9,23.2,23.4,21.7,21.6,23.1,,,22.9,1.263,22.631,9,24.0,14,0.881,Europe/Helsinki,C
1.45,-1.143,-0.879,-0.264,-0.1,-0.593,-0.636,-0.486,,,0.1,helsinki,2026-07-31,EFHK,27.6,23.9,24.0,24.8,25.5,24.8,24.3,25.7,,,25.0,1.067,25.387,9,26.0,14,0.951,Europe/Helsinki,C
1.357,-1.25,-1.0,-0.35,-0.164,-0.679,-0.736,-0.536,,,0.021,helsinki,2026-08-01,EFHK,24.7,21.5,21.3,22.1,22.8,22.3,23.6,23.6,,,22.9,1.031,23.069,9,23.0,14,0.962,Europe/Helsinki,C
1.414,-1.286,-1.1,-0.307,-0.086,-0.7,-0.514,-0.407,,,-0.014,helsinki,2026-08-02,EFHK,23.9,20.6,20.6,21.2,22.0,21.3,22.5,22.2,,,21.7,0.977,22.103,9,22.0,14,0.937,Europe/Helsinki,C
1.543,-1.371,-1.1,-0.3,-0.164,-0.729,-0.493,-0.321,,,-0.014,helsinki,2026-08-03,EFHK,22.4,19.5,19.5,20.2,20.7,19.5,20.9,20.5,,,20.1,0.876,20.701,9,20.0,14,0.927,Europe/Helsinki,C
1.55,-1.4,-1.164,-0.271,-0.171,-0.793,-0.4,-0.343,,,-0.071,helsinki,2026-08-04,EFHK,22.3,19.4,19.8,20.8,21.4,20.2,20.7,21.1,,,20.7,0.814,21.02,9,21.0,14,0.934,Europe/Helsinki,C
1.493,-1.614,-1.329,-0.4,-0.357,-0.971,-0.664,-0.543,,,-0.3,helsinki,2026-08-05,EFHK,23.2,20.1,20.2,20.7,21.2,20.4,21.3,21.5,,,20.7,0.894,21.564,9,21.0,14,0.784,Europe/Helsinki,C
1.493,-1.571,-1.329,-0.343,-0.336,-0.971,-0.586,-0.45,,,-0.286,helsinki,2026-08-06,EFHK,25.5,23.1,23.0,24.1,25.0,23.7,24.3,23.8,,,24.3,0.768,24.542,9,24.0,14,0.779,Europe/Helsinki,C
1.536,-1.45,-1.236,-0.329,-0.164,-0.9,-0.379,-0.379,,,-0.186,helsinki,2026-08-07,EFHK,22.9,19.6,20.6,21.6,22.2,21.1,21.1,21.6,,,20.9,0.892,21.652,9,22.0,14,0.666,Europe/Helsinki,C
1.486,-1.45,-1.193,-0.286,-0.086,-0.843,-0.379,-0.293,,,-0.229,helsinki,2026-08-08,EFHK,21.8,19.6,20.0,19.5,20.9,20.1,20.9,20.5,,,19.7,0.716,20.713,9,20.0,14,0.59,Europe/Helsinki,C
1.479,-1.429,-1.186,-0.364,-0.05,-0.757,-0.3,-0.257,,,-0.293,helsinki,2026-08-09,EFHK,22.3,20.3,20.2,20.9,21.4,20.8,22.3,21.4,,,20.7,0.729,21.431,9,21.0,14,0.62,Europe/Helsinki,C
1.55,-1.464,-1.279,-0.443,0.086,-0.757,-0.221,-0.186,,,-0.429,helsinki,2026-08-10,EFHK,23.5,21.3,21.8,21.8,22.9,22.6,22.7,22.1,,,22.0,0.639,22.634,9,22.0,14,0.629,Europe/Helsinki,C
1.557,-1.429,-1.25,-0.443,0.207,-0.686,-0.164,-0.093,,,-0.471,helsinki,2026-08-11,EFHK,19.4,16.5,17.4,18.3,20.1,17.3,17.1,17.5,,,18.1,1.086,18.293,9,18.0,14,0.643,Europe/Helsinki,C
1.557,-1.386,-1.143,-0.4,0.364,-0.614,-0.079,0.0,,,-0.35,helsinki,2026-08-12,EFHK,18.7,16.8,18.1,17.3,18.2,17.2,17.1,17.9,,,17.7,0.579,17.914,9,17.0,14,0.585,Europe/Helsinki,C
1.571,-1.293,-0.971,-0.321,0.479,-0.571,-0.043,0.107,,,-0.257,helsinki,2026-08-13,EFHK,20.5,18.6,18.7,18.9,20.5,19.2,20.1,19.3,,,19.6,0.692,19.601,9,19.0,14,0.627,Europe/Helsinki,C
1.621,-1.086,-0.771,-0.271,0.629,-0.393,0.207,0.193,,,-0.136,helsinki,2026-08-14,EFHK,22.2,18.7,18.9,19.9,20.4,19.7,21.1,19.6,,,19.9,1.02,20.052,9,20.0,14,0.534,Europe/Helsinki,C
1.664,-1.029,-0.707,-0.193,0.693,-0.329,0.407,0.186,,,-0.071,helsinki,2026-08-15,EFHK,24.7,21.6,22.1,22.9,23.5,21.9,22.7,23.1,,,22.9,0.879,22.769,9,23.0,14,0.509,Europe/Helsinki,C
1.664,-1.021,-0.65,-0.136,0.743,-0.357,0.343,0.15,,,-0.071,helsinki,2026-08-16,EFHK,22.2,19.0,19.2,22.0,21.9,20.6,21.5,20.7,,,20.2,1.121,20.648,9,21.0,14,0.512,Europe/Helsinki,C
1.614,-1.064,-0.679,-0.007,0.807,-0.336,0.343,0.114,,,-0.107,helsinki,2026-08-17,EFHK,22.1,19.4,20.1,20.5,22.5,19.7,19.2,21.1,,,20.2,1.09,20.51,9,22.0,14,0.52,Europe/Helsinki,C
1.45,-1.214,-0.779,-0.129,0.793,-0.464,0.079,0.014,,,-0.243,helsinki,2026-08-18,EFHK,20.4,18.0,18.5,19.0,20.0,19.1,19.9,19.8,,,19.2,0.728,19.323,9,20.0,14,0.627,Europe/Helsinki,C
1.386,-1.243,-0.8,-0.186,0.764,-0.471,0.093,-0.007,,,-0.279,helsinki,2026-08-19,EFHK,21.2,19.3,19.5,19.5,20.8,19.6,20.3,20.2,,,20.2,0.611,20.143,9,20.0,14,0.653,Europe/Helsinki,C
1.314,-1.229,-0.779,-0.2,0.807,-0.457,0.093,-0.029,,,-0.243,helsinki,2026-08-20,EFHK,19.2,15.5,16.5,17.3,17.4,16.2,17.0,18.0,,,15.5,1.129,17.075,9,18.0,14,0.637,Europe/Helsinki,C
1.293,-1.343,-0.814,-0.257,0.693,-0.564,0.0,-0.014,,,-0.443,helsinki,2026-08-21,EFHK,22.0,18.9,18.5,19.7,20.7,20.1,20.5,19.1,,,19.8,1.005,20.117,9,21.0,14,0.667,Europe/Helsinki,C
1.3,-1.321,-0.893,-0.321,0.657,-0.564,0.029,-0.121,,,-0.45,helsinki,2026-08-22,EFHK,19.1,16.8,18.1,18.6,18.9,17.7,19.1,17.4,,,18.2,0.755,18.359,9,18.0,14,0.702,Europe/Helsinki,C
1.25,-1.379,-0.886,-0.243,0.657,-0.593,0.043,-0.2,,,-0.414,helsinki,2026-08-23,EFHK,15.3,15.8,16.7,14.9,14.8,15.7,16.1,14.9,,,15.9,0.606,15.737,9,15.0,14,0.682,Europe/Helsinki,C
1.179,-1.271,-0.707,-0.243,0.614,-0.529,0.029,-0.236,,,-0.329,helsinki,2026-08-24,EFHK,19.0,17.9,18.3,18.2,18.6,17.3,18.1,17.5,,,18.1,0.489,18.3,9,18.0,14,0.701,Europe/Helsinki,C
1.143,-1.229,-0.671,-0.214,0.593,-0.621,-0.014,-0.279,,,-0.321,helsinki,2026-08-25,EFHK,19.9,18.1,18.5,18.5,19.0,18.7,18.8,18.6,,,19.0,0.472,18.97,9,19.0,14,0.684,Europe/Helsinki,C
1.107,-1.186,-0.664,-0.271,0.443,-0.593,0.036,-0.271,,,-0.329,helsinki,2026-08-26,EFHK,21.5,19.5,19.7,21.4,22.2,21.3,21.1,21.0,,,20.7,0.812,21.031,9,21.0,14,0.68,Europe/Helsinki,C
1.021,-1.279,-0.836,-0.264,0.443,-0.586,0.036,-0.336,,,-0.4,helsinki,2026-08-27,EFHK,23.0,19.8,19.9,20.9,21.3,21.3,21.8,21.9,,,21.2,0.933,21.452,9,22.0,14,0.635,Europe/Helsinki,C
0.986,-1.407,-0.964,-0.336,0.286,-0.65,-0.057,-0.364,,,-0.5,helsinki,2026-08-28,EFHK,22.4,19.4,19.5,20.4,19.0,20.1,20.4,20.3,,,20.5,0.919,20.588,9,20.0,14,0.631,Europe/Helsinki,C
1.0,-1.357,-0.921,-0.3,0.186,-0.621,-0.107,-0.314,,,-0.457,helsinki,2026-08-29,EFHK,20.6,19.3,19.1,19.5,20.6,19.5,19.7,19.9,,,20.0,0.501,20.106,9,19.0,14,0.65,Europe/Helsinki,C
0.993,-1.236,-0.85,-0.257,0.264,-0.507,-0.036,-0.257,,,-0.379,helsinki,2026-08-30,EFHK,19.9,18.3,18.6,19.6,20.0,18.3,18.7,19.1,,,19.0,0.613,19.293,9,20.0,14,0.712,Europe/Helsinki,C
0.9,-1.214,-0.821,-0.357,0.2,-0.6,-0.164,-0.3,,,-0.393,helsinki,2026-08-31,EFHK,19.2,18.6,19.0,19.8,18.5,19.2,18.1,19.0,,,19.3,0.474,19.222,9,19.0,14,0.73,Europe/Helsinki,C
0.907,-1.057,-0.686,-0.193,0.129,-0.421,-0.029,-0.236,,,-0.243,helsinki,2026-09-01,EFHK,20.9,18.7,18.9,19.6,19.8,18.7,19.2,19.0,,,20.0,0.686,19.66,9,20.0,14,0.615,Europe/Helsinki,C
0.943,-1.007,-0.657,-0.15,0.114,-0.45,-0.079,-0.293,,,-0.186,helsinki,2026-09-02,EFHK,21.2,18.8,19.7,19.1,20.4,19.9,20.0,19.5,,,19.9,0.663,20.076,9,20.0,14,0.595,Europe/Helsinki,C
0.943,-1.043,-0.643,-0.179,0.086,-0.429,-0.1,-0.343,,,-0.207,helsinki,2026-09-03,EFHK,19.9,17.5,17.5,17.8,18.1,18.3,18.1,18.8,,,18.2,0.699,18.48,9,19.0,14,0.594,Europe/Helsinki,C
0.921,-0.971,-0.643,-0.214,0.064,-0.35,-0.093,-0.357,,,-0.086,helsinki,2026-09-04,EFHK,19.2,16.3,15.6,17.7,18.7,17.2,17.6,17.9,,,17.6,1.037,17.697,9,18.0,14,0.558,Europe/Helsinki,C
0.936,-0.943,-0.636,-0.143,0.136,-0.343,-0.086,-0.229,,,-0.029,helsinki,2026-09-05,EFHK,18.0,16.4,17.4,17.3,18.6,17.5,17.7,17.4,,,17.3,0.559,17.64,9,17.0,14,0.512,Europe/Helsinki,C
0.929,-0.9,-0.614,-0.164,0.186,-0.286,-0.114,-0.157,,,-0.021,helsinki,2026-09-06,EFHK,16.7,14.9,15.5,15.0,16.2,15.7,15.2,15.6,,,15.4,0.541,15.753,9,15.0,14,0.531,Europe/Helsinki,C
1.029,-0.964,-0.7,-0.157,0.286,-0.286,-0.179,-0.107,,,-0.057,helsinki,2026-09-07,EFHK,17.3,15.5,15.5,16.6,16.8,16.4,16.5,16.5,,,16.2,0.546,16.456,9,17.0,14,0.533,Europe/Helsinki,C
0.979,-1.064,-0.829,-0.2,0.229,-0.279,-0.221,-0.107,,,-0.121,helsinki,2026-09-08,EFHK,16.8,16.8,16.6,16.5,16.8,16.2,15.8,15.9,,,16.7,0.372,16.659,9,17.0,14,0.546,Europe/Helsinki,C
0.9,-1.014,-0.821,-0.2,0.214,-0.314,-0.293,-0.157,,,-0.143,helsinki,2026-09-09,EFHK,18.0,16.3,16.5,17.5,16.3,16.9,16.5,16.8,,,16.6,0.543,17.031,9,18.0,14,0.554,Europe/Helsinki,C
0.864,-1.029,-0.836,-0.264,0.007,-0.414,-0.407,-0.243,,,-0.221,helsinki,2026-09-10,EFHK,18.5,16.2,16.9,17.4,17.2,16.4,17.1,16.9,,,17.5,0.632,17.42,9,17.0,14,0.611,Europe/Helsinki,C
0.9,-0.929,-0.693,-0.157,0.071,-0.407,-0.386,-0.243,,,-0.129,helsinki,2026-09-11,EFHK,18.0,16.6,16.9,16.2,17.1,16.7,16.0,15.8,,,16.7,0.618,16.986,9,17.0,14,0.604,Europe/Helsinki,C
0.8,-0.914,-0.664,-0.243,0.15,-0.436,-0.486,-0.35,,,-0.186,helsinki,2026-09-12,EFHK,17.4,16.2,15.9,16.6,16.2,16.5,16.7,16.5,,,16.9,0.414,16.765,9,17.0,14,0.583,Europe/Helsinki,C
0.714,-0.993,-0.75,-0.307,-0.021,-0.507,-0.557,-0.45,,,-0.264,helsinki,2026-09-13,EFHK,16.7,16.3,15.5,15.8,16.0,15.9,15.8,15.5,,,16.2,0.365,16.32,9,16.0,14,0.507,Europe/Helsinki,C
0.771,-0.85,-0.686,-0.293,-0.021,-0.393,-0.479,-0.421,,,-0.179,helsinki,2026-09-14,EFHK,17.3,15.8,16.4,16.0,16.5,16.1,16.3,16.0,,,16.1,0.416,16.586,9,17.0,14,0.5,Europe/Helsinki,C
0.779,-0.907,-0.729,-0.421,-0.021,-0.471,-0.464,-0.493,,,-0.264,helsinki,2026-09-15,EFHK,17.2,15.3,15.2,15.8,15.6,16.0,16.2,16.2,,,15.5,0.576,16.202,9,17.0,14,0.5,Europe/Helsinki,C
0.729,-0.936,-0.779,-0.479,-0.107,-0.45,-0.464,-0.479,,,-0.371,helsinki,2026-09-16,EFHK,15.9,16.2,16.4,15.7,14.5,16.0,15.9,15.5,,,15.4,0.524,16.072,9,16.0,14,0.524,Europe/Helsinki,C
0.636,-0.836,-0.729,-0.436,-0.243,-0.443,-0.471,-0.479,,,-0.407,helsinki,2026-09-17,EFHK,16.8,15.9,16.5,16.3,16.9,16.4,16.3,15.6,,,15.1,0.544,16.599,9,17.0,14,0.523,Europe/Helsinki,C
0.557,-0.807,-0.657,-0.4,-0.186,-0.436,-0.457,-0.564,,,-0.486,helsinki,2026-09-18,EFHK,16.0,15.0,14.9,14.8,15.1,15.7,14.8,15.0,,,14.5,0.443,15.492,9,17.0,14,0.516,Europe/Helsinki,C
0.4,-0.829,-0.636,-0.536,-0.371,-0.471,-0.586,-0.7,,,-0.636,helsinki,2026-09-19,EFHK,16.3,14.7,15.8,15.9,15.9,15.7,15.5,15.3,,,15.4,0.431,16.078,9,16.0,14,0.65,Europe/Helsinki,C
0.35,-0.879,-0.679,-0.564,-0.493,-0.529,-0.671,-0.779,,,-0.7,helsinki,2026-09-20,EFHK,17.1,15.6,16.1,15.9,16.3,15.9,15.7,15.5,,,16.3,0.46,16.621,9,17.0,14,0.627,Europe/Helsinki,C
0.236,-0.971,-0.779,-0.643,-0.629,-0.657,-0.779,-0.929,,,-0.779,helsinki,2026-09-21,EFHK,16.9,15.1,14.4,16.6,17.0,14.3,15.8,15.4,,,14.3,1.041,16.18,9,16.0,14,0.602,Europe/Helsinki,C
0.279,-0.929,-0.786,-0.571,-0.543,-0.736,-0.757,-0.936,,,-0.843,helsinki,2026-09-22,EFHK,15.4,14.6,14.8,14.8,14.6,14.9,14.9,14.1,,,14.5,0.333,15.372,9,15.0,14,0.587,Europe/Helsinki,C
0.321,-0.943,-0.771,-0.55,-0.557,-0.686,-0.679,-0.921,,,-0.857,helsinki,2026-09-23,EFHK,11.2,11.1,11.9,11.6,11.0,11.3,11.5,10.3,,,12.0,0.485,11.894,9,11.0,14,0.588,Europe/Helsinki,C
-1.042,-0.682,-1.822,-2.162,-1.042,-0.802,-2.122,-0.982,-1.042,-1.642,-1.722,denver,2026-06-30,KBKF,31.6,29.7,31.3,30.2,31.6,30.0,30.6,31.6,31.6,30.7,32.1,0.758,32.359,11,32.89,0,1.2,America/Denver,F
-1.083,-1.1,-1.783,-2.25,-1.083,-1.15,-2.15,-1.033,-1.083,-1.733,-1.567,denver,2026-07-01,KBKF,30.7,30.0,30.5,30.7,30.7,30.0,32.0,31.6,30.7,30.6,31.8,0.64,32.185,11,32.0,0,1.2,America/Denver,F
-1.114,-1.229,-1.743,-2.114,-1.114,-1.271,-1.843,-0.943,-1.114,-1.686,-1.371,denver,2026-07-02,KBKF,30.8,29.0,29.6,29.8,30.8,30.6,30.3,31.0,30.8,30.5,32.4,0.838,31.907,11,31.28,0,1.2,America/Denver,F
-1.035,-1.36,-1.735,-2.035,-1.035,-1.198,-1.735,-0.86,-1.035,-1.572,-1.06,denver,2026-07-03,KBKF,32.6,28.3,31.2,30.3,32.6,31.3,31.1,30.9,32.6,31.5,32.8,1.261,32.831,11,33.11,8,1.162,America/Denver,F
-0.977,-1.743,-1.754,-2.121,-0.977,-1.266,-1.766,-1.01,-0.977,-1.577,-0.977,denver,2026-07-04,KBKF,31.7,30.1,31.8,31.0,31.7,30.5,30.6,31.3,31.7,29.1,32.0,0.853,32.172,11,31.39,9,1.1,America/Denver,F
-0.848,-1.698,-1.538,-1.948,-0.848,-1.228,-1.668,-0.918,-0.848,-1.648,-0.818,denver,2026-07-05,KBKF,34.1,33.9,34.7,33.5,34.1,34.3,34.1,35.2,34.1,33.6,33.9,0.456,35.348,11,34.72,10,1.072,America/Denver,F
-0.827,-1.618,-1.4,-1.882,-0.827,-1.155,-1.573,-0.791,-0.827,-1.6,-0.818,denver,2026-07-06,KBKF,35.7,34.7,36.0,34.9,35.7,34.9,34.7,36.4,35.7,34.7,35.4,0.569,36.522,11,35.39,11,1.04,America/Denver,F
-0.732,-1.541,-1.232,-1.766,-0.732,-1.099,-1.499,-0.641,-0.732,-1.524,-0.749,denver,2026-07-07,KBKF,37.0,34.5,35.9,34.5,37.0,35.1,33.9,36.9,37.0,34.2,35.8,1.176,36.685,11,36.0,12,1.048,America/Denver,F
-0.599,-1.538,-1.145,-1.745,-0.599,-1.084,-1.545,-0.522,-0.599,-1.545,-0.707,denver,2026-07-08,KBKF,33.8,32.8,33.6,32.9,33.8,33.1,32.4,34.5,33.8,31.1,33.4,0.868,34.014,11,33.89,13,1.024,America/Denver,F
-0.563,-1.506,-1.084,-1.691,-0.563,-1.063,-1.541,-0.441,-0.563,-1.634,-0.691,denver,2026-07-09,KBKF,31.3,29.6,32.0,31.5,31.3,32.1,30.1,32.6,31.3,30.9,32.5,0.89,32.358,11,32.61,14,0.988,America/Denver,F
-0.606,-1.649,-1.021,-1.699,-0.606,-1.006,-1.628,-0.285,-0.606,-1.585,-0.506,denver,2026-07-10,KBKF,31.5,30.1,31.4,31.1,31.5,30.8,30.3,31.9,31.5,30.4,31.4,0.565,32.076,11,32.39,14,0.908,America/Denver,F
-0.606,-1.806,-0.985,-1.599,-0.606,-1.092,-1.606,-0.306,-0.606,-1.528,-0.406,denver,2026-07-11,KBKF,34.8,34.2,34.6,33.6,34.8,34.5,33.2,35.4,34.8,34.4,34.2,0.579,35.529,11,35.28,14,0.817,America/Denver,F
-0.511,-1.819,-0.983,-1.511,-0.511,-1.019,-1.504,-0.211,-0.511,-1.419,-0.34,denver,2026-07-12,KBKF,35.0,34.9,34.9,34.1,35.0,35.2,33.6,36.0,35.0,34.3,35.0,0.6,35.753,11,35.72,14,0.644,America/Denver,F
-0.524,-1.767,-0.781,-1.439,-0.524,-1.003,-1.446,-0.089,-0.524,-1.481,-0.289,denver,2026-07-13,KBKF,35.1,35.6,35.1,34.0,35.1,35.5,34.5,36.7,35.1,35.2,36.2,0.7,36.219,11,35.89,14,0.548,America/Denver,F
-0.49,-1.797,-0.711,-1.461,-0.49,-1.047,-1.511,-0.04,-0.49,-1.526,-0.261,denver,2026-07-14,KBKF,34.1,33.3,34.7,33.4,34.1,34.2,32.7,35.9,34.1,33.7,35.1,0.845,35.012,11,35.0,14,0.527,America/Denver,F
-0.462,-1.691,-0.619,-1.384,-0.462,-0.898,-1.512,0.116,-0.462,-1.462,-0.198,denver,2026-07-15,KBKF,33.8,33.3,33.9,33.0,33.8,34.1,32.6,35.0,33.8,33.4,34.2,0.612,34.575,11,34.72,14,0.508,America/Denver,F
-0.435,-1.649,-0.571,-1.414,-0.435,-0.799,-1.664,0.165,-0.435,-1.456,-0.221,denver,2026-07-16,KBKF,32.6,32.1,32.7,32.6,32.6,32.7,31.6,34.4,32.6,31.9,32.2,0.683,33.313,11,33.89,14,0.507,America/Denver,F
-0.493,-1.614,-0.536,-1.4,-0.493,-0.836,-1.757,0.221,-0.493,-1.543,-0.421,denver,2026-07-17,KBKF,32.7,32.5,33.1,32.4,32.7,32.9,31.9,34.2,32.7,32.4,32.2,0.569,33.584,11,33.89,14,0.503,America/Denver,F
-0.541,-1.37,-0.456,-1.306,-0.541,-0.777,-1.756,0.401,-0.541,-1.534,-0.52,denver,2026-07-18,KBKF,35.7,33.3,33.7,33.0,35.7,33.1,32.9,35.2,35.7,33.4,33.5,1.136,35.056,11,34.44,14,0.504,America/Denver,F
-0.474,-1.359,-0.538,-1.381,-0.474,-0.809,-1.809,0.462,-0.474,-1.445,-0.631,denver,2026-07-19,KBKF,36.1,35.0,36.6,35.3,36.1,35.9,35.3,37.6,36.1,35.7,36.2,0.679,36.828,11,36.5,14,0.5,America/Denver,F
-0.458,-1.408,-0.529,-1.379,-0.458,-0.822,-1.851,0.506,-0.458,-1.422,-0.594,denver,2026-07-20,KBKF,36.8,37.2,37.4,36.5,36.8,37.4,36.4,38.0,36.8,36.7,37.7,0.489,37.859,11,37.89,14,0.5,America/Denver,F
-0.558,-1.408,-0.608,-1.444,-0.558,-0.822,-1.908,0.442,-0.558,-1.458,-0.608,denver,2026-07-21,KBKF,34.6,33.3,34.4,34.2,34.6,34.5,32.9,35.1,34.6,33.9,34.1,0.605,35.116,11,36.11,14,0.5,America/Denver,F
-0.737,-1.501,-0.723,-1.473,-0.737,-0.873,-1.987,0.306,-0.737,-1.487,-0.737,denver,2026-07-22,KBKF,34.5,29.2,33.2,33.2,34.5,34.0,33.1,34.8,34.5,33.4,34.6,1.507,34.559,11,34.44,14,0.5,America/Denver,F
-0.726,-1.798,-0.791,-1.491,-0.726,-0.848,-1.976,0.288,-0.726,-1.362,-0.691,denver,2026-07-23,KBKF,29.8,29.2,28.0,29.8,29.8,30.0,31.1,30.5,29.8,29.2,29.4,0.751,30.571,11,29.44,14,0.5,America/Denver,F
-0.607,-1.6,-0.85,-1.386,-0.607,-0.771,-1.679,0.364,-0.607,-1.257,-0.686,denver,2026-07-24,KBKF,34.9,34.2,34.9,33.5,34.9,34.7,34.6,36.4,34.9,34.1,34.4,0.687,35.528,11,35.39,14,0.5,America/Denver,F
-0.579,-1.521,-0.814,-1.429,-0.579,-0.707,-1.586,0.471,-0.579,-1.207,-0.686,denver,2026-07-25,KBKF,38.7,36.8,37.2,36.4,38.7,37.0,34.6,38.1,38.7,35.9,36.1,1.278,37.994,11,38.61,14,0.5,America/Denver,F
-0.538,-1.574,-0.866,-1.466,-0.538,-0.766,-1.724,0.426,-0.538,-1.338,-0.788,denver,2026-07-26,KBKF,37.4,36.8,38.0,36.7,37.4,37.9,37.0,39.2,37.4,37.4,36.6,0.706,38.358,11,38.22,14,0.516,America/Denver,F
-0.545,-1.616,-0.824,-1.459,-0.545,-0.752,-1.659,0.476,-0.545,-1.295,-0.852,denver,2026-07-27,KBKF,32.3,31.7,31.8,31.9,32.3,31.7,32.1,28.9,32.3,32.9,30.0,1.104,32.865,11,33.33,14,0.517,America/Denver,F
-0.562,-1.712,-0.876,-1.426,-0.562,-0.841,-1.648,0.102,-0.562,-1.276,-1.112,denver,2026-07-28,KBKF,33.0,31.7,33.2,33.1,33.0,34.2,31.9,31.8,33.0,31.7,33.0,0.767,33.549,11,33.5,14,0.524,America/Denver,F
-0.534,-1.719,-0.876,-1.341,-0.534,-0.734,-1.598,-0.084,-0.534,-1.312,-1.155,denver,2026-07-29,KBKF,32.9,29.8,29.8,32.2,32.9,33.6,31.2,30.4,32.9,30.8,31.2,1.29,32.528,11,32.22,14,0.524,America/Denver,F
-0.419,-1.791,-0.991,-1.219,-0.419,-0.591,-1.519,-0.234,-0.419,-1.319,-1.191,denver,2026-07-30,KBKF,33.5,33.4,34.3,32.9,33.5,34.2,33.0,33.2,33.5,31.7,32.5,0.699,34.008,11,34.72,14,0.529,America/Denver,F
-0.414,-1.757,-0.936,-1.257,-0.414,-0.543,-1.479,-0.379,-0.414,-1.393,-1.229,denver,2026-07-31,KBKF,33.6,30.0,30.7,31.2,33.6,31.3,29.3,29.6,33.6,30.3,32.7,1.582,32.449,11,32.22,14,0.541,America/Denver,F
-0.231,-1.816,-0.988,-1.224,-0.231,-0.538,-1.545,-0.588,-0.231,-1.424,-1.074,denver,2026-08-01,KBKF,33.2,32.8,33.3,32.4,33.2,33.7,32.3,33.3,33.2,32.8,33.9,0.469,33.997,11,33.89,14,0.538,America/Denver,F
-0.37,-1.813,-0.977,-1.227,-0.37,-0.456,-1.549,-0.684,-0.37,-1.427,-1.006,denver,2026-08-02,KBKF,37.8,37.9,37.6,36.2,37.8,38.2,37.4,37.9,37.8,38.0,37.7,0.503,38.715,11,38.22,14,0.513,America/Denver,F
-0.371,-1.729,-1.029,-1.286,-0.371,-0.414,-1.521,-0.786,-0.371,-1.386,-1.021,denver,2026-08-03,KBKF,38.5,36.3,38.6,36.7,38.5,37.4,37.9,38.5,38.5,36.1,38.4,0.928,38.518,11,38.33,14,0.523,America/Denver,F
-0.281,-1.824,-0.974,-1.303,-0.281,-0.446,-1.446,-0.781,-0.281,-1.46,-1.003,denver,2026-08-04,KBKF,21.8,23.2,22.7,22.5,21.8,22.8,24.2,23.4,21.8,25.3,26.4,1.428,24.345,11,23.33,14,0.525,America/Denver,F
-0.283,-1.633,-0.897,-1.226,-0.283,-0.369,-1.154,-0.704,-0.283,-1.161,-0.64,denver,2026-08-05,KBKF,27.9,28.0,28.3,27.7,27.9,27.4,29.1,27.1,27.9,29.2,30.3,0.885,29.166,11,29.22,14,0.528,America/Denver,F
-0.381,-1.346,-0.874,-1.246,-0.381,-0.467,-1.067,-0.881,-0.381,-1.089,-0.574,denver,2026-08-06,KBKF,35.3,35.5,35.3,33.9,35.3,34.5,35.1,35.4,35.3,34.3,36.4,0.642,35.817,11,36.28,14,0.527,America/Denver,F
-0.477,-1.384,-0.841,-1.441,-0.477,-0.634,-1.27,-1.02,-0.477,-1.213,-0.563,denver,2026-08-07,KBKF,34.1,34.6,35.1,34.5,34.1,34.8,34.7,35.5,34.1,34.5,36.0,0.577,35.512,11,35.56,14,0.5,America/Denver,F
-0.546,-1.368,-0.839,-1.382,-0.546,-0.639,-1.275,-1.096,-0.546,-1.196,-0.461,denver,2026-08-08,KBKF,36.9,36.7,36.8,35.3,36.9,35.9,37.3,37.2,36.9,36.9,36.8,0.555,37.656,11,37.22,14,0.5,America/Denver,F
-0.576,-1.276,-0.769,-1.361,-0.576,-0.619,-0.983,-1.061,-0.576,-1.026,-0.311,denver,2026-08-09,KBKF,35.1,34.8,35.8,34.5,35.1,34.9,35.9,36.7,35.1,35.1,35.6,0.593,36.084,11,36.67,14,0.5,America/Denver,F
-0.629,-1.308,-0.815,-1.408,-0.629,-0.722,-0.951,-1.129,-0.629,-1.079,-0.272,denver,2026-08-10,KBKF,33.5,33.4,33.2,32.4,33.5,34.3,33.7,34.1,33.5,34.4,34.2,0.555,34.628,11,35.39,14,0.5,America/Denver,F
-0.691,-1.334,-0.862,-1.519,-0.691,-0.684,-0.984,-0.905,-0.691,-1.119,-0.119,denver,2026-08-11,KBKF,35.4,34.0,35.2,34.2,35.4,34.5,34.4,34.8,35.4,34.5,34.3,0.503,35.674,11,34.61,14,0.5,America/Denver,F
-0.599,-1.249,-0.799,-1.52,-0.599,-0.741,-0.884,-0.77,-0.599,-0.999,-0.106,denver,2026-08-12,KBKF,33.1,32.5,32.6,33.6,33.1,34.7,32.7,34.1,33.1,33.7,34.9,0.782,34.236,11,33.72,14,0.563,America/Denver,F
-0.691,-1.163,-0.706,-1.527,-0.691,-0.77,-0.884,-0.613,-0.691,-0.899,0.051,denver,2026-08-13,KBKF,26.5,25.0,26.8,24.4,26.5,26.3,24.7,23.2,26.5,24.4,27.5,1.271,26.374,11,26.78,14,0.574,America/Denver,F
-0.624,-1.196,-0.674,-1.567,-0.624,-0.767,-0.91,-0.76,-0.624,-0.853,0.261,denver,2026-08-14,KBKF,30.0,28.3,28.6,28.3,30.0,29.0,27.2,24.9,30.0,27.3,29.7,1.496,29.269,11,30.39,14,0.552,America/Denver,F
-0.751,-1.186,-0.694,-1.644,-0.751,-0.801,-0.929,-0.965,-0.751,-0.936,0.178,denver,2026-08-15,KBKF,28.1,26.0,25.9,26.2,28.1,26.9,26.3,26.4,28.1,24.2,26.8,1.119,27.219,11,28.5,14,0.626,America/Denver,F
-0.73,-1.287,-0.837,-1.701,-0.73,-0.901,-0.973,-1.073,-0.73,-1.166,0.056,denver,2026-08-16,KBKF,27.8,26.7,26.4,26.1,27.8,27.3,25.7,27.5,27.8,26.5,27.6,0.727,27.949,11,28.22,14,0.713,America/Denver,F
-0.73,-1.373,-0.923,-1.709,-0.73,-0.966,-1.094,-1.101,-0.73,-1.273,0.049,denver,2026-08-17,KBKF,33.0,31.9,32.4,32.0,33.0,31.8,30.5,32.1,33.0,30.9,31.8,0.781,32.967,11,33.33,14,0.704,America/Denver,F
-0.766,-1.33,-1.009,-1.687,-0.766,-1.009,-1.266,-1.201,-0.766,-1.287,-0.066,denver,2026-08-18,KBKF,29.9,30.1,30.3,29.3,29.9,29.1,30.6,31.3,29.9,30.6,32.1,0.819,31.301,11,31.11,14,0.709,America/Denver,F
-0.743,-1.393,-1.021,-1.757,-0.743,-1.114,-1.364,-1.193,-0.743,-1.464,-0.214,denver,2026-08-19,KBKF,33.1,30.5,31.7,31.5,33.1,30.3,29.7,29.6,33.1,30.1,31.4,1.295,32.409,11,32.89,14,0.657,America/Denver,F
-0.634,-1.476,-1.041,-1.748,-0.634,-1.169,-1.584,-1.276,-0.634,-1.662,-0.398,denver,2026-08-20,KBKF,33.1,31.5,32.9,32.3,33.1,31.3,32.1,31.8,33.1,32.3,33.1,0.653,33.619,11,33.89,14,0.669,America/Denver,F
-0.62,-1.591,-1.041,-1.691,-0.62,-1.227,-1.627,-1.363,-0.62,-1.634,-0.463,denver,2026-08-21,KBKF,36.1,34.8,36.6,35.6,36.1,35.6,35.1,36.7,36.1,35.9,36.2,0.553,37.07,11,37.78,14,0.662,America/Denver,F
-0.636,-1.736,-1.093,-1.771,-0.636,-1.329,-1.757,-1.436,-0.636,-1.693,-0.607,denver,2026-08-22,KBKF,32.5,29.3,32.1,32.6,32.5,32.4,30.0,32.4,32.5,32.2,34.1,1.249,33.304,11,33.33,14,0.688,America/Denver,F
-0.672,-1.986,-1.151,-1.686,-0.672,-1.301,-2.001,-1.501,-0.672,-1.751,-0.522,denver,2026-08-23,KBKF,34.2,30.4,33.6,32.8,34.2,32.1,29.2,31.9,34.2,31.6,33.1,1.565,33.831,11,33.61,14,0.678,America/Denver,F
-0.518,-2.082,-1.089,-1.589,-0.518,-1.282,-2.261,-1.625,-0.518,-1.782,-0.482,denver,2026-08-24,KBKF,32.0,31.7,33.2,31.7,32.0,32.0,29.8,29.3,32.0,31.5,32.3,1.055,32.962,11,33.61,14,0.662,America/Denver,F
-0.498,-2.076,-0.962,-1.512,-0.498,-1.319,-2.412,-1.841,-0.498,-1.862,-0.491,denver,2026-08-25,KBKF,28.5,27.6,27.9,27.8,28.5,28.6,26.4,26.6,28.5,29.4,29.8,0.991,29.68,11,28.11,14,0.654,America/Denver,F
-0.526,-2.069,-1.019,-1.505,-0.526,-1.276,-2.519,-1.962,-0.526,-1.762,-0.348,denver,2026-08-26,KBKF,29.9,25.6,27.9,29.3,29.9,27.7,27.8,26.3,29.9,28.6,30.8,1.554,29.885,11,30.56,14,0.723,America/Denver,F
-0.529,-2.336,-1.129,-1.586,-0.529,-1.551,-2.644,-2.294,-0.529,-1.901,-0.415,denver,2026-08-27,KBKF,32.3,30.2,30.7,31.2,32.3,31.0,30.6,29.4,32.3,30.2,31.0,0.914,32.4,11,32.78,14,0.732,America/Denver,F
-0.544,-2.394,-1.279,-1.529,-0.544,-1.644,-2.651,-2.279,-0.544,-1.915,-0.594,denver,2026-08-28,KBKF,34.0,33.9,35.2,33.5,34.0,34.1,31.7,34.3,34.0,33.7,33.9,0.794,35.317,11,33.72,14,0.731,America/Denver,F
-0.496,-2.231,-1.046,-1.396,-0.496,-1.517,-2.567,-1.846,-0.496,-1.696,-0.531,denver,2026-08-29,KBKF,34.5,31.7,33.9,32.4,34.5,32.0,31.3,31.8,34.5,32.0,32.4,1.204,34.18,11,33.33,14,0.792,America/Denver,F
-0.384,-2.169,-0.819,-1.298,-0.384,-1.498,-2.555,-1.805,-0.384,-1.484,-0.476,denver,2026-08-30,KBKF,28.7,26.6,27.5,30.1,28.7,29.5,29.8,29.0,28.7,30.2,29.6,1.051,30.165,11,28.61,14,0.749,America/Denver,F
-0.347,-2.204,-0.769,-1.04,-0.347,-1.369,-2.29,-1.726,-0.347,-1.247,-0.361,denver,2026-08-31,KBKF,29.4,27.1,28.1,29.1,29.4,26.9,28.1,27.6,29.4,28.6,28.9,0.881,29.554,11,30.28,14,0.854,America/Denver,F
-0.386,-2.329,-0.858,-1.029,-0.386,-1.501,-2.244,-1.829,-0.386,-1.194,-0.351,denver,2026-09-01,KBKF,29.8,29.0,28.1,29.4,29.8,28.5,29.2,28.9,29.8,28.8,29.0,0.529,30.171,11,30.0,14,0.87,America/Denver,F
-0.314,-2.329,-0.936,-0.943,-0.314,-1.464,-2.264,-1.921,-0.314,-1.243,-0.493,denver,2026-09-02,KBKF,31.0,29.6,29.8,30.8,31.0,30.1,30.7,30.3,31.0,29.9,30.4,0.493,31.425,11,31.67,14,0.87,America/Denver,F
-0.377,-2.306,-0.984,-0.906,-0.377,-1.391,-2.106,-1.784,-0.377,-1.17,-0.477,denver,2026-09-03,KBKF,32.2,32.3,31.8,31.7,32.2,31.3,32.4,31.6,32.2,32.1,33.4,0.521,33.16,11,33.22,14,0.863,America/Denver,F
-0.394,-2.201,-1.015,-0.901,-0.394,-1.344,-2.036,-1.751,-0.394,-1.136,-0.408,denver,2026-09-04,KBKF,33.2,32.6,33.7,32.8,33.2,32.7,32.4,33.3,33.2,32.3,33.5,0.436,33.94,11,34.0,14,0.86,America/Denver,F
-0.331,-2.088,-0.952,-0.831,-0.331,-1.281,-1.959,-1.724,-0.331,-1.124,-0.331,denver,2026-09-05,KBKF,33.1,32.4,33.6,32.4,33.1,32.8,31.9,33.5,33.1,32.6,33.0,0.483,33.836,11,34.44,14,0.839,America/Denver,F
-0.367,-1.946,-0.924,-0.924,-0.367,-1.331,-1.903,-1.724,-0.367,-1.174,-0.489,denver,2026-09-06,KBKF,32.3,30.2,31.2,31.5,32.3,31.7,31.6,31.0,32.3,31.6,33.0,0.727,32.708,11,33.33,14,0.854,America/Denver,F
-0.483,-1.94,-1.076,-0.997,-0.483,-1.34,-1.711,-1.769,-0.483,-1.154,-0.476,denver,2026-09-07,KBKF,31.4,30.3,29.6,31.0,31.4,31.0,31.7,31.9,31.4,31.5,32.4,0.728,32.254,11,32.0,14,0.868,America/Denver,F
-0.411,-1.925,-1.218,-0.932,-0.411,-1.296,-1.461,-1.468,-0.411,-1.039,-0.354,denver,2026-09-08,KBKF,29.2,28.2,28.3,28.5,29.2,28.4,26.9,27.6,29.2,27.9,29.3,0.734,29.395,11,30.56,14,0.853,America/Denver,F
-0.536,-2.057,-1.364,-1.057,-0.536,-1.486,-1.6,-1.571,-0.536,-1.321,-0.564,denver,2026-09-09,KBKF,26.6,26.4,26.8,26.4,26.6,26.2,26.9,26.1,26.6,26.1,27.6,0.411,27.626,11,27.78,14,0.806,America/Denver,F
-0.573,-1.801,-1.244,-1.066,-0.573,-1.394,-1.466,-1.387,-0.573,-1.301,-0.594,denver,2026-09-10,KBKF,30.6,31.0,30.8,29.7,30.6,30.4,29.0,30.5,30.6,29.8,30.4,0.553,31.383,11,31.67,14,0.786,America/Denver,F
-0.615,-1.665,-1.158,-1.094,-0.615,-1.358,-1.501,-1.229,-0.615,-1.251,-0.558,denver,2026-09-11,KBKF,30.7,31.8,30.8,30.2,30.7,31.2,31.1,31.8,30.7,31.3,31.4,0.475,32.121,11,31.89,14,0.784,America/Denver,F
-0.72,-1.684,-1.341,-1.199,-0.72,-1.434,-1.413,-1.277,-0.72,-1.291,-0.606,denver,2026-09-12,KBKF,26.6,26.1,26.5,26.8,26.6,27.6,26.3,26.8,26.6,27.2,29.6,0.918,28.067,11,27.22,14,0.66,America/Denver,F
-0.848,-1.648,-1.434,-1.162,-0.848,-1.312,-1.334,-1.198,-0.848,-1.198,-0.369,denver,2026-09-13,KBKF,33.7,33.1,34.3,32.7,33.7,32.7,32.8,33.9,33.7,33.3,34.3,0.566,34.603,11,34.61,14,0.66,America/Denver,F
-0.919,-1.612,-1.376,-1.405,-0.919,-1.512,-1.548,-1.276,-0.919,-1.405,-0.462,denver,2026-09-14,KBKF,29.9,28.5,30.3,30.0,29.9,30.3,30.3,30.8,29.9,29.5,30.3,0.566,31.076,11,30.28,14,0.512,America/Denver,F
-0.884,-1.512,-1.219,-1.341,-0.884,-1.269,-1.391,-1.048,-0.884,-1.341,-0.362,denver,2026-09-15,KBKF,22.1,21.6,21.9,22.2,22.1,21.3,23.2,22.6,22.1,22.7,22.8,0.526,23.382,11,22.5,14,0.52,America/Denver,F
-0.898,-1.505,-1.126,-1.319,-0.898,-1.248,-1.284,-0.962,-0.898,-1.241,-0.269,denver,2026-09-16,KBKF,28.5,26.0,28.0,27.9,28.5,26.9,27.7,25.8,28.5,28.3,30.3,1.208,29.06,11,31.78,14,0.569,America/Denver,F
-1.084,-1.77,-1.263,-1.534,-1.084,-1.484,-1.506,-1.291,-1.084,-1.363,-0.284,denver,2026-09-17,KBKF,28.8,25.4,27.2,26.8,28.8,26.5,26.6,27.8,28.8,25.7,27.3,1.149,28.389,11,27.22,14,0.921,America/Denver,F
-0.899,-1.834,-1.163,-1.456,-0.899,-1.399,-1.491,-1.134,-0.899,-1.391,-0.291,denver,2026-09-18,KBKF,28.7,27.2,29.7,28.5,28.7,27.4,25.8,28.0,28.7,26.5,28.7,1.095,29.055,11,30.0,14,0.972,America/Denver,F
-0.934,-1.934,-1.163,-1.477,-0.934,-1.491,-1.677,-1.227,-0.934,-1.52,-0.349,denver,2026-09-19,KBKF,24.6,23.4,24.3,25.1,24.6,24.0,23.7,24.5,24.6,23.5,25.4,0.606,25.461,11,24.44,14,1.004,America/Denver,F
-0.827,-1.863,-1.113,-1.284,-0.827,-1.406,-1.549,-1.156,-0.827,-1.456,-0.177,denver,2026-09-20,KBKF,22.5,21.1,21.0,22.3,22.5,21.4,20.3,20.8,22.5,21.3,22.5,0.784,22.84,11,24.0,14,1.028,America/Denver,F
-0.861,-1.846,-1.175,-1.275,-0.861,-1.475,-1.689,-1.218,-0.861,-1.525,-0.261,denver,2026-09-21,KBKF,23.4,22.9,23.0,23.5,23.4,22.6,21.0,23.4,23.4,23.3,22.8,0.686,24.299,11,24.22,14,1.061,America/Denver,F
-0.876,-1.819,-1.091,-1.255,-0.876,-1.519,-1.898,-1.269,-0.876,-1.555,-0.391,denver,2026-09-22,KBKF,28.0,26.2,28.0,27.4,28.0,27.4,24.8,27.3,28.0,26.6,27.0,0.943,28.426,11,28.89,14,1.059,America/Denver,F
-0.038,-0.218,-0.098,0.722,-0.038,-0.358,-0.318,0.642,-0.038,0.402,0.302,chicago,2026-06-30,KORD,34.4,33.7,33.7,35.0,34.4,33.7,34.5,34.6,34.4,34.5,35.3,0.495,34.252,11,34.44,0,1.2,America/Chicago,F
-0.038,-0.305,-0.205,0.695,-0.038,-0.422,-0.255,0.562,-0.038,0.345,0.395,chicago,2026-07-01,KORD,35.1,35.8,35.8,33.8,35.1,34.9,34.7,34.7,35.1,35.2,35.1,0.521,35.048,11,35.0,0,1.2,America/Chicago,F
-0.019,-0.147,-0.061,0.424,-0.019,-0.376,-0.261,0.439,-0.019,0.324,0.353,chicago,2026-07-02,KORD,35.5,34.2,33.7,34.3,35.5,33.4,31.9,34.2,35.5,34.7,35.4,1.068,34.488,11,34.44,0,1.2,America/Chicago,F
0.116,-0.159,-0.146,0.354,0.116,-0.459,-0.546,0.354,0.116,0.316,0.429,chicago,2026-07-03,KORD,29.3,29.3,29.6,31.8,29.3,30.8,30.9,30.9,29.3,32.2,32.4,1.174,30.504,11,30.0,8,0.5,America/Chicago,F
0.026,-0.219,-0.174,0.514,0.026,-0.319,-0.386,0.414,0.026,0.526,0.648,chicago,2026-07-04,KORD,26.9,28.2,30.9,29.8,26.9,26.2,26.1,27.2,26.9,28.8,26.5,1.493,27.726,11,28.33,9,0.5,America/Chicago,F
-0.12,-0.21,0.1,0.61,-0.12,-0.5,-0.57,0.26,-0.12,0.52,0.4,chicago,2026-07-05,KORD,22.9,23.8,23.6,24.7,22.9,23.0,24.0,23.3,22.9,23.6,23.5,0.536,23.34,11,24.44,10,0.5,America/Chicago,F
-0.249,-0.249,0.015,0.578,-0.249,-0.585,-0.558,0.133,-0.249,0.396,0.278,chicago,2026-07-06,KORD,25.4,26.6,26.7,26.3,25.4,26.0,26.1,27.7,25.4,25.5,26.2,0.678,25.961,11,26.11,11,0.525,America/Chicago,F
-0.287,-0.187,0.063,0.546,-0.287,-0.546,-0.512,0.254,-0.287,0.313,0.263,chicago,2026-07-07,KORD,29.9,29.8,29.7,30.1,29.9,29.2,29.8,30.6,29.9,29.4,30.0,0.345,29.792,11,29.44,12,0.505,America/Chicago,F
-0.23,-0.145,0.078,0.555,-0.23,-0.522,-0.445,0.324,-0.23,0.285,0.285,chicago,2026-07-08,KORD,31.8,31.2,30.6,31.9,31.8,31.5,31.3,31.5,31.8,31.5,32.4,0.439,31.555,11,31.11,13,0.5,America/Chicago,F
-0.164,-0.129,0.036,0.571,-0.164,-0.457,-0.4,0.329,-0.164,0.293,0.357,chicago,2026-07-09,KORD,30.3,28.4,28.7,31.4,30.3,29.7,28.9,30.1,30.3,29.6,30.6,0.855,29.757,11,30.0,14,0.5,America/Chicago,F
-0.092,-0.192,0.029,0.665,-0.092,-0.471,-0.478,0.344,-0.092,0.301,0.329,chicago,2026-07-10,KORD,27.4,27.7,27.7,27.4,27.4,27.3,26.7,29.6,27.4,27.2,26.2,0.796,27.363,11,27.22,14,0.5,America/Chicago,F
-0.016,-0.123,0.006,0.699,-0.016,-0.466,-0.451,0.37,-0.016,0.22,0.27,chicago,2026-07-11,KORD,27.6,28.1,28.6,27.3,27.6,27.2,27.1,28.4,27.6,27.8,27.4,0.463,27.686,11,27.78,14,0.5,America/Chicago,F
-0.04,-0.069,0.046,0.624,-0.04,-0.44,-0.333,0.431,-0.04,0.267,0.317,chicago,2026-07-12,KORD,30.2,30.7,30.8,29.8,30.2,29.6,29.3,30.8,30.2,30.1,29.5,0.496,30.078,11,30.0,14,0.5,America/Chicago,F
-0.067,-0.039,0.126,0.504,-0.067,-0.453,-0.446,0.397,-0.067,0.154,0.247,chicago,2026-07-13,KORD,33.9,33.3,32.9,34.1,33.9,33.2,33.0,34.9,33.9,34.0,33.8,0.552,33.711,11,33.33,14,0.5,America/Chicago,F
-0.074,-0.06,0.097,0.433,-0.074,-0.424,-0.524,0.49,-0.074,0.176,0.19,chicago,2026-07-14,KORD,35.5,34.7,35.5,36.5,35.5,35.5,35.4,36.7,35.5,35.5,35.7,0.516,35.532,11,35.56,14,0.5,America/Chicago,F
-0.076,-0.069,0.146,0.46,-0.076,-0.376,-0.54,0.56,-0.076,0.167,0.139,chicago,2026-07-15,KORD,34.5,34.7,34.7,36.4,34.5,34.8,34.4,35.6,34.5,35.2,35.6,0.607,34.907,11,34.44,14,0.5,America/Chicago,F
-0.079,-0.107,0.107,0.686,-0.079,-0.343,-0.521,0.664,-0.079,0.207,0.214,chicago,2026-07-16,KORD,31.5,31.8,33.2,32.9,31.5,30.3,31.2,33.4,31.5,32.1,30.7,0.949,31.789,11,32.22,14,0.5,America/Chicago,F
-0.206,-0.12,0.23,0.744,-0.206,-0.406,-0.413,0.766,-0.206,0.18,0.037,chicago,2026-07-17,KORD,32.9,32.8,32.4,34.4,32.9,32.9,31.9,31.6,32.9,32.0,32.7,0.706,32.562,11,33.33,14,0.5,America/Chicago,F
-0.186,-0.108,0.192,0.692,-0.186,-0.494,-0.579,0.578,-0.186,-0.072,-0.179,chicago,2026-07-18,KORD,31.5,29.2,30.8,31.5,31.5,31.8,31.7,31.8,31.5,30.5,31.1,0.737,31.109,11,32.78,14,0.5,America/Chicago,F
-0.176,-0.354,-0.133,0.496,-0.176,-0.411,-0.497,0.589,-0.176,-0.269,-0.169,chicago,2026-07-19,KORD,25.8,25.2,25.7,26.8,25.8,25.9,24.7,26.7,25.8,25.9,25.5,0.564,25.959,11,26.11,14,0.631,America/Chicago,F
-0.088,-0.374,-0.102,0.526,-0.088,-0.324,-0.566,0.712,-0.088,-0.224,-0.145,chicago,2026-07-20,KORD,28.2,26.0,26.5,28.0,28.2,28.7,29.1,27.7,28.2,29.9,28.4,1.038,28.42,11,27.78,14,0.56,America/Chicago,F
-0.007,-0.536,-0.236,0.529,-0.007,-0.25,-0.471,0.593,-0.007,-0.029,-0.107,chicago,2026-07-21,KORD,29.5,29.2,28.9,29.1,29.5,29.0,28.2,29.3,29.5,28.3,28.8,0.433,29.031,11,30.0,14,0.584,America/Chicago,F
-0.076,-0.619,-0.333,0.417,-0.076,-0.304,-0.626,0.46,-0.076,-0.147,-0.233,chicago,2026-07-22,KORD,22.7,22.6,22.6,22.8,22.7,22.2,21.9,23.5,22.7,22.0,22.3,0.421,22.63,11,23.33,14,0.632,America/Chicago,F
-0.17,-0.677,-0.349,0.323,-0.17,-0.413,-0.741,0.444,-0.17,-0.27,-0.399,chicago,2026-07-23,KORD,25.6,25.2,25.5,26.3,25.6,25.7,24.4,25.6,25.6,25.3,25.4,0.433,25.71,11,25.0,14,0.648,America/Chicago,F
-0.149,-0.549,-0.22,0.316,-0.149,-0.341,-0.706,0.48,-0.149,-0.22,-0.413,chicago,2026-07-24,KORD,26.3,25.9,25.9,27.4,26.3,26.5,25.7,26.4,26.3,26.2,25.8,0.444,26.428,11,25.56,14,0.673,America/Chicago,F
-0.109,-0.559,-0.23,0.434,-0.109,-0.28,-0.659,0.37,-0.109,-0.173,-0.323,chicago,2026-07-25,KORD,26.5,24.9,26.7,29.2,26.5,25.4,25.2,25.5,26.5,27.5,26.3,1.155,26.718,11,26.67,14,0.71,America/Chicago,F
-0.108,-0.708,-0.286,0.649,-0.108,-0.329,-0.715,0.242,-0.108,-0.115,-0.322,chicago,2026-07-26,KORD,32.7,33.3,34.0,35.1,32.7,32.6,29.5,32.9,32.7,31.6,33.3,1.336,32.793,11,32.78,14,0.71,America/Chicago,F
-0.128,-0.721,-0.256,0.829,-0.128,-0.314,-0.899,0.194,-0.128,-0.206,-0.249,chicago,2026-07-27,KORD,29.9,27.7,26.2,27.0,29.9,29.3,31.1,31.9,29.9,32.4,29.8,1.851,30.118,11,29.44,14,0.71,America/Chicago,F
-0.136,-0.843,-0.457,0.6,-0.136,-0.314,-0.757,0.257,-0.136,-0.043,-0.257,chicago,2026-07-28,KORD,25.2,25.7,26.7,26.1,25.2,25.2,26.9,26.5,25.2,25.9,26.9,0.675,26.048,11,26.11,14,0.725,America/Chicago,F
-0.196,-0.811,-0.411,0.532,-0.196,-0.375,-0.689,0.204,-0.196,-0.054,-0.211,chicago,2026-07-29,KORD,26.6,26.9,27.1,26.3,26.6,25.8,25.7,27.5,26.6,25.4,25.5,0.655,26.472,11,26.67,14,0.726,America/Chicago,F
-0.206,-0.813,-0.399,0.366,-0.206,-0.463,-0.756,0.18,-0.206,-0.199,-0.377,chicago,2026-07-30,KORD,30.7,30.7,30.5,30.8,30.7,30.5,29.9,31.0,30.7,30.1,30.4,0.303,30.77,11,30.0,14,0.717,America/Chicago,F
-0.104,-0.733,-0.433,0.374,-0.104,-0.29,-0.69,0.167,-0.104,-0.183,-0.24,chicago,2026-07-31,KORD,27.3,25.0,26.7,26.8,27.3,27.2,27.1,27.3,27.3,26.9,27.4,0.651,27.14,11,26.67,14,0.737,America/Chicago,F
-0.029,-0.814,-0.364,0.307,-0.029,-0.221,-0.557,0.336,-0.029,-0.071,-0.143,chicago,2026-08-01,KORD,21.2,21.4,20.9,22.9,21.2,21.9,22.5,20.4,21.2,22.3,21.2,0.718,21.753,11,22.22,14,0.719,America/Chicago,F
-0.01,-0.617,-0.317,0.447,-0.01,-0.174,-0.46,0.276,-0.01,0.097,-0.096,chicago,2026-08-02,KORD,23.4,23.7,24.3,24.4,23.4,24.1,23.4,23.1,23.4,23.0,23.2,0.459,23.555,11,24.44,14,0.577,America/Chicago,F
-0.062,-0.605,-0.298,0.395,-0.062,-0.184,-0.434,0.138,-0.062,0.009,-0.141,chicago,2026-08-03,KORD,27.1,27.7,28.0,28.7,27.1,27.7,26.3,27.2,27.1,26.5,27.8,0.655,27.338,11,27.78,14,0.622,America/Chicago,F
-0.141,-0.484,-0.191,0.445,-0.141,-0.255,-0.634,0.102,-0.141,-0.234,-0.184,chicago,2026-08-04,KORD,30.5,29.8,29.6,29.4,30.5,29.6,29.0,30.1,30.5,28.9,30.6,0.591,29.964,11,29.44,14,0.61,America/Chicago,F
-0.029,-0.401,-0.101,0.506,-0.029,-0.172,-0.536,0.199,-0.029,-0.151,-0.015,chicago,2026-08-05,KORD,27.9,26.9,28.7,29.4,27.9,27.5,27.2,26.9,27.9,26.8,28.3,0.781,27.714,11,27.22,14,0.569,America/Chicago,F
0.064,-0.371,0.057,0.7,0.064,-0.071,-0.436,0.164,0.064,-0.086,0.136,chicago,2026-08-06,KORD,26.5,26.1,26.7,26.1,26.5,26.6,24.7,25.7,26.5,25.5,26.2,0.57,26.084,11,27.22,14,0.554,America/Chicago,F
-0.03,-0.466,-0.016,0.527,-0.03,-0.166,-0.573,0.013,-0.03,-0.23,0.034,chicago,2026-08-07,KORD,30.3,29.6,29.6,29.5,30.3,30.6,29.4,30.2,30.3,29.2,31.2,0.578,30.018,11,30.56,14,0.602,America/Chicago,F
-0.101,-0.559,-0.109,0.32,-0.101,-0.23,-0.666,-0.073,-0.101,-0.373,0.063,chicago,2026-08-08,KORD,29.8,28.7,29.3,28.5,29.8,28.8,28.8,30.0,29.8,28.4,29.3,0.559,29.337,11,28.89,14,0.574,America/Chicago,F
-0.024,-0.446,-0.081,0.111,-0.024,-0.146,-0.567,0.09,-0.024,-0.467,0.119,chicago,2026-08-09,KORD,29.3,26.8,26.9,29.1,29.3,26.0,27.9,29.9,29.3,28.9,27.2,1.257,28.552,11,28.89,14,0.587,America/Chicago,F
0.011,-0.632,-0.311,-0.039,0.011,-0.339,-0.404,0.154,0.011,-0.382,-0.039,chicago,2026-08-10,KORD,29.9,29.8,30.0,31.2,29.9,30.3,28.5,28.8,29.9,28.3,29.4,0.803,29.674,11,30.56,14,0.593,America/Chicago,F
-0.069,-0.562,-0.119,0.181,-0.069,-0.348,-0.669,-0.148,-0.069,-0.755,-0.148,chicago,2026-08-11,KORD,26.6,25.9,26.6,26.4,26.6,27.0,27.5,26.5,26.6,26.5,26.6,0.371,26.897,11,27.22,14,0.613,America/Chicago,F
-0.049,-0.627,-0.206,0.123,-0.049,-0.299,-0.706,-0.227,-0.049,-0.791,-0.249,chicago,2026-08-12,KORD,29.0,26.3,29.1,28.7,29.0,28.2,27.8,27.3,29.0,26.7,27.9,0.942,28.309,11,28.33,14,0.619,America/Chicago,F
0.004,-0.789,-0.181,0.176,0.004,-0.246,-0.674,-0.36,0.004,-0.817,-0.196,chicago,2026-08-13,KORD,26.4,25.3,26.1,26.0,26.4,26.8,25.0,25.0,26.4,25.6,24.4,0.721,26.175,11,25.56,14,0.616,America/Chicago,F
0.014,-0.857,-0.179,0.15,0.014,-0.193,-0.707,-0.471,0.014,-0.821,-0.307,chicago,2026-08-14,KORD,25.8,25.3,26.4,25.8,25.8,26.0,24.9,25.4,25.8,26.3,26.2,0.429,26.255,11,26.11,14,0.604,America/Chicago,F
-0.053,-0.796,-0.16,0.119,-0.053,-0.239,-0.824,-0.567,-0.053,-0.824,-0.353,chicago,2026-08-15,KORD,25.9,26.1,26.5,26.8,25.9,26.0,28.3,25.2,25.9,26.2,26.3,0.746,26.603,11,26.11,14,0.592,America/Chicago,F
0.005,-0.738,-0.038,0.119,0.005,-0.224,-0.688,-0.502,0.005,-0.824,-0.266,chicago,2026-08-16,KORD,30.4,29.4,29.4,29.8,30.4,29.3,29.5,29.0,30.4,28.8,30.8,0.629,29.993,11,29.44,14,0.593,America/Chicago,F
0.148,-0.688,-0.031,0.148,0.148,-0.209,-0.609,-0.438,0.148,-0.766,-0.081,chicago,2026-08-17,KORD,25.7,25.0,25.8,25.8,25.7,25.4,24.5,25.7,25.7,24.5,25.1,0.479,25.518,11,26.11,14,0.564,America/Chicago,F
0.167,-0.761,-0.069,0.06,0.167,-0.254,-0.619,-0.426,0.167,-0.79,-0.154,chicago,2026-08-18,KORD,27.7,26.6,26.7,27.3,27.7,26.7,27.5,27.0,27.7,26.4,28.2,0.554,27.39,11,26.11,14,0.574,America/Chicago,F
0.205,-0.752,-0.038,0.148,0.205,-0.224,-0.488,-0.409,0.205,-0.731,-0.088,chicago,2026-08-19,KORD,26.9,25.8,25.9,26.4,26.9,26.1,25.1,25.6,26.9,24.9,25.3,0.695,26.145,11,26.11,14,0.653,America/Chicago,F
0.213,-0.751,-0.159,0.013,0.213,-0.244,-0.559,-0.423,0.213,-0.787,-0.223,chicago,2026-08-20,KORD,26.2,24.9,25.4,25.2,26.2,25.8,25.8,25.5,26.2,24.7,25.0,0.521,25.736,11,25.0,14,0.64,America/Chicago,F
0.35,-0.679,-0.093,0.107,0.35,-0.143,-0.321,-0.279,0.35,-0.686,-0.15,chicago,2026-08-21,KORD,26.8,24.9,25.9,27.2,26.8,26.1,27.1,25.7,26.8,26.1,27.3,0.712,26.52,11,26.67,14,0.596,America/Chicago,F
0.378,-0.736,-0.079,0.221,0.378,-0.186,-0.208,-0.322,0.378,-0.629,-0.151,chicago,2026-08-22,KORD,28.2,26.5,26.0,26.8,28.2,27.1,26.2,24.5,28.2,25.7,27.5,1.13,26.922,11,27.22,14,0.58,America/Chicago,F
0.383,-0.774,-0.196,0.219,0.383,-0.189,-0.274,-0.596,0.383,-0.703,-0.16,chicago,2026-08-23,KORD,24.7,23.8,23.6,23.8,24.7,24.3,24.2,24.7,24.7,23.6,24.4,0.435,24.336,11,24.44,14,0.573,America/Chicago,F
0.372,-0.671,-0.114,0.158,0.372,0.008,-0.221,-0.649,0.372,-0.764,-0.042,chicago,2026-08-24,KORD,26.4,25.0,25.3,25.6,26.4,25.3,24.2,25.9,26.4,24.9,25.2,0.679,25.67,11,25.56,14,0.566,America/Chicago,F
0.479,-0.656,-0.092,0.115,0.479,0.008,-0.171,-0.499,0.479,-0.649,0.015,chicago,2026-08-25,KORD,27.0,25.7,26.4,26.7,27.0,27.1,26.1,26.1,27.0,26.5,27.0,0.453,26.71,11,26.67,14,0.515,America/Chicago,F
0.547,-0.631,-0.067,0.176,0.547,0.054,-0.231,-0.489,0.547,-0.61,0.083,chicago,2026-08-26,KORD,29.0,28.3,28.2,27.9,29.0,28.8,27.5,28.6,29.0,28.2,28.0,0.485,28.502,11,28.89,14,0.508,America/Chicago,F
0.507,-0.529,-0.171,0.079,0.507,0.057,-0.293,-0.436,0.507,-0.543,0.05,chicago,2026-08-27,KORD,27.3,26.5,27.4,26.8,27.3,26.7,26.0,27.6,27.3,26.4,25.9,0.56,26.886,11,27.78,14,0.519,America/Chicago,F
0.413,-0.601,-0.237,-0.023,0.413,-0.109,-0.38,-0.409,0.413,-0.644,-0.001,chicago,2026-08-28,KORD,29.1,26.5,27.6,28.2,29.1,28.6,27.7,27.6,29.1,27.8,28.0,0.773,28.287,11,28.33,14,0.547,America/Chicago,F
0.49,-0.674,-0.31,-0.01,0.49,-0.081,-0.339,-0.41,0.49,-0.696,-0.031,chicago,2026-08-29,KORD,27.9,26.3,26.9,27.7,27.9,27.5,26.9,26.8,27.9,27.4,27.5,0.512,27.528,11,26.67,14,0.546,America/Chicago,F
0.593,-0.7,-0.321,0.014,0.593,-0.014,-0.479,-0.336,0.593,-0.65,0.014,chicago,2026-08-30,KORD,27.2,27.0,26.7,30.2,27.2,27.3,28.1,25.1,27.2,28.9,25.0,1.421,27.594,11,27.78,14,0.577,America/Chicago,F
0.483,-0.753,-0.396,0.161,0.483,-0.039,-0.46,-0.496,0.483,-0.524,-0.281,chicago,2026-08-31,KORD,29.2,29.0,29.1,31.4,29.2,32.7,31.5,29.1,29.2,30.8,31.2,1.265,30.273,11,29.44,14,0.56,America/Chicago,F
0.495,-0.705,-0.398,0.324,0.495,0.245,-0.198,-0.491,0.495,-0.312,-0.084,chicago,2026-09-01,KORD,35.0,32.7,31.7,34.9,35.0,33.6,32.3,34.0,35.0,32.4,34.0,1.181,33.573,11,34.44,14,0.581,America/Chicago,F
0.421,-0.864,-0.636,0.271,0.421,0.143,-0.45,-0.586,0.421,-0.479,-0.264,chicago,2026-09-02,KORD,35.3,33.1,34.1,35.7,35.3,35.6,34.9,35.8,35.3,33.5,35.8,0.907,34.83,11,35.0,14,0.524,America/Chicago,F
0.386,-0.978,-0.685,0.301,0.386,0.186,-0.385,-0.492,0.386,-0.499,-0.149,chicago,2026-09-03,KORD,31.9,29.6,31.5,33.2,31.9,31.6,29.7,32.7,31.9,32.5,31.8,1.065,31.944,11,32.22,14,0.526,America/Chicago,F
0.278,-1.158,-0.765,0.356,0.278,0.085,-0.622,-0.494,0.278,-0.458,-0.179,chicago,2026-09-04,KORD,33.7,30.5,31.5,34.3,33.7,32.5,31.0,32.8,33.7,33.7,33.8,1.235,33.226,11,33.89,14,0.5,America/Chicago,F
0.255,-1.274,-0.881,0.348,0.255,0.026,-0.859,-0.502,0.255,-0.431,-0.231,chicago,2026-09-05,KORD,26.8,25.6,26.7,27.1,26.8,26.7,25.6,28.6,26.8,26.7,26.8,0.751,26.983,11,26.67,14,0.523,America/Chicago,F
0.194,-1.299,-0.791,0.409,0.194,0.037,-0.863,-0.17,0.194,-0.32,-0.241,chicago,2026-09-06,KORD,26.5,25.1,25.5,26.7,26.5,24.9,24.7,26.1,26.5,25.2,24.6,0.773,25.901,11,25.56,14,0.523,America/Chicago,F
0.243,-1.286,-0.736,0.536,0.243,0.0,-0.907,-0.15,0.243,-0.286,-0.307,chicago,2026-09-07,KORD,26.8,25.8,25.8,27.0,26.8,26.1,25.2,27.0,26.8,26.0,25.8,0.589,26.481,11,26.67,14,0.531,America/Chicago,F
0.192,-1.308,-0.779,0.556,0.192,-0.022,-0.915,-0.151,0.192,-0.286,-0.344,chicago,2026-09-08,KORD,29.6,27.5,27.6,30.1,29.6,29.0,29.4,28.5,29.6,29.6,29.1,0.812,29.364,11,29.44,14,0.532,America/Chicago,F
0.18,-1.377,-0.891,0.601,0.18,-0.084,-0.877,-0.177,0.18,-0.263,-0.391,chicago,2026-09-09,KORD,25.9,24.7,25.2,27.8,25.9,26.3,27.3,26.2,25.9,26.9,27.5,0.92,26.538,11,26.11,14,0.532,America/Chicago,F
0.157,-1.436,-0.907,0.793,0.157,-0.064,-0.693,-0.15,0.157,-0.157,-0.229,chicago,2026-09-10,KORD,25.4,23.9,24.6,25.6,25.4,24.7,24.6,24.9,25.4,25.2,24.1,0.538,25.181,11,25.0,14,0.535,America/Chicago,F
0.22,-1.423,-0.909,0.906,0.22,-0.009,-0.594,-0.144,0.22,-0.044,-0.159,chicago,2026-09-11,KORD,27.8,25.8,25.9,26.5,27.8,26.9,25.0,27.2,27.8,25.9,26.4,0.904,26.771,11,27.78,14,0.5,America/Chicago,F
0.166,-1.434,-0.991,0.824,0.166,-0.091,-0.748,-0.134,0.166,-0.141,-0.234,chicago,2026-09-12,KORD,30.3,29.2,29.5,30.3,30.3,29.2,29.4,30.6,30.3,29.7,30.3,0.497,30.105,11,30.56,14,0.551,America/Chicago,F
0.06,-1.504,-1.083,0.731,0.06,-0.247,-0.847,-0.14,0.06,-0.254,-0.311,chicago,2026-09-13,KORD,23.6,21.3,21.8,23.1,23.6,22.1,23.2,23.8,23.6,22.5,23.6,0.824,23.165,11,23.33,14,0.516,America/Chicago,F
0.121,-1.594,-1.115,0.542,0.121,-0.301,-0.879,0.085,0.121,-0.394,-0.094,chicago,2026-09-14,KORD,21.7,21.0,20.8,22.3,21.7,22.0,21.8,22.0,21.7,23.4,21.7,0.644,22.351,11,21.11,14,0.515,America/Chicago,F
0.18,-1.57,-1.113,0.487,0.18,-0.47,-0.977,0.173,0.18,-0.327,-0.177,chicago,2026-09-15,KORD,27.3,26.8,26.6,29.3,27.3,29.0,26.5,25.5,27.3,27.7,28.3,1.067,27.745,11,28.89,14,0.571,America/Chicago,F
0.026,-1.595,-1.081,0.484,0.026,-0.402,-0.995,-0.038,0.026,-0.266,-0.188,chicago,2026-09-16,KORD,23.8,23.4,24.0,24.5,23.8,23.1,23.3,21.2,23.8,22.0,22.8,0.907,23.489,11,24.44,14,0.605,America/Chicago,F
-0.041,-1.534,-1.048,0.438,-0.041,-0.541,-1.069,-0.326,-0.041,-0.334,-0.362,chicago,2026-09-17,KORD,25.5,23.9,25.3,25.6,25.5,25.2,20.6,23.9,25.5,25.5,22.9,1.502,25.25,11,26.11,14,0.654,America/Chicago,F
-0.061,-1.504,-1.054,0.331,-0.061,-0.561,-1.283,-0.519,-0.061,-0.397,-0.561,chicago,2026-09-18,KORD,20.9,21.0,21.6,22.6,20.9,21.7,20.3,20.2,20.9,21.3,21.3,0.639,21.649,11,21.67,14,0.69,America/Chicago,F
-0.103,-1.31,-0.889,0.369,-0.103,-0.46,-1.174,-0.546,-0.103,-0.41,-0.581,chicago,2026-09-19,KORD,20.9,20.4,22.9,23.2,20.9,20.5,20.4,20.4,20.9,24.0,21.1,1.239,22.261,11,21.11,14,0.666,America/Chicago,F
-0.127,-1.284,-0.763,0.487,-0.127,-0.506,-1.149,-0.734,-0.127,-0.206,-0.591,chicago,2026-09-20,KORD,20.1,19.7,20.0,20.4,20.1,19.7,18.6,18.3,20.1,20.0,19.0,0.658,20.188,11,20.56,14,0.729,America/Chicago,F
-0.227,-1.313,-0.799,0.394,-0.227,-0.52,-1.227,-0.934,-0.227,-0.22,-0.634,chicago,2026-09-21,KORD,17.8,17.3,17.6,17.7,17.8,18.4,17.3,16.8,17.8,17.1,18.1,0.436,18.025,11,18.89,14,0.73,America/Chicago,F
-0.314,-1.364,-0.829,0.286,-0.314,-0.514,-1.236,-1.107,-0.314,-0.3,-0.629,chicago,2026-09-22,KORD,16.3,16.2,16.2,17.2,16.3,16.7,16.2,16.1,16.3,16.2,16.8,0.326,16.888,11,16.67,14,0.764,America/Chicago,F
0.12,-0.34,-1.88,0.3,-2.6,0.12,-3.66,1.18,,,-0.34,munich,2026-06-30,EDDM,27.8,27.0,26.7,27.8,26.8,27.8,26.3,29.0,,,28.4,0.827,28.243,9,28.0,0,1.2,Europe/Berlin,C
0.067,-0.45,-1.783,0.217,-2.367,0.067,-3.333,1.15,,,-0.217,munich,2026-07-01,EDDM,20.9,21.4,20.7,22.7,18.6,20.9,21.7,21.3,,,22.0,1.072,21.758,9,22.0,0,1.2,Europe/Berlin,C
-0.1,-0.471,-1.714,0.286,-2.514,-0.1,-2.9,0.886,,,-0.186,munich,2026-07-02,EDDM,25.9,25.4,24.4,24.9,24.5,25.9,24.2,26.4,,,25.7,0.738,26.044,9,27.0,0,1.2,Europe/Berlin,C
-0.225,-0.613,-1.825,-0.012,-2.512,-0.225,-2.888,0.7,,,-0.325,munich,2026-07-03,EDDM,24.5,23.6,22.7,23.7,22.0,24.5,22.5,25.1,,,23.7,0.97,24.487,9,25.0,8,0.747,Europe/Berlin,C
-0.256,-0.7,-1.878,-0.156,-2.567,-0.256,-2.844,0.633,,,-0.433,munich,2026-07-04,EDDM,26.1,24.9,24.3,25.4,23.4,26.1,23.5,26.6,,,25.2,1.078,26.024,9,26.0,9,0.725,Europe/Berlin,C
-0.22,-0.74,-1.86,-0.2,-2.57,-0.22,-2.81,0.63,,,-0.47,munich,2026-07-05,EDDM,24.6,23.2,23.3,25.8,23.6,24.6,22.8,24.6,,,24.4,0.889,25.008,9,26.0,10,0.688,Europe/Berlin,C
-0.327,-0.927,-1.936,-0.2,-2.555,-0.327,-2.845,0.445,,,-0.573,munich,2026-07-06,EDDM,24.3,23.8,23.3,23.9,22.8,24.3,22.7,25.2,,,24.2,0.751,24.865,9,25.0,11,0.721,Europe/Berlin,C
-0.358,-0.95,-1.917,-0.275,-2.525,-0.358,-2.8,0.425,,,-0.592,munich,2026-07-07,EDDM,30.2,27.6,27.1,27.9,26.5,30.2,28.4,29.4,,,29.0,1.246,29.547,9,30.0,12,0.691,Europe/Berlin,C
-0.315,-1.062,-1.992,-0.415,-2.6,-0.315,-2.708,0.346,,,-0.623,munich,2026-07-08,EDDM,22.9,23.5,23.1,23.4,22.4,22.9,24.9,23.8,,,23.0,0.676,24.321,9,23.0,13,0.676,Europe/Berlin,C
-0.3,-0.95,-1.843,-0.357,-2.457,-0.3,-2.379,0.379,,,-0.579,munich,2026-07-09,EDDM,25.6,24.6,23.7,24.9,23.9,25.6,22.5,25.4,,,24.6,0.966,25.584,9,25.0,14,0.741,Europe/Berlin,C
-0.25,-0.914,-1.793,-0.343,-2.336,-0.25,-2.3,0.371,,,-0.5,munich,2026-07-10,EDDM,28.9,27.4,26.4,28.2,26.3,28.9,25.4,29.1,,,28.5,1.28,28.634,9,29.0,14,0.69,Europe/Berlin,C
-0.321,-1.014,-1.871,-0.407,-2.357,-0.321,-2.3,0.286,,,-0.521,munich,2026-07-11,EDDM,29.5,28.3,27.5,28.8,27.3,29.5,26.9,29.7,,,29.6,1.04,29.569,9,30.0,14,0.686,Europe/Berlin,C
-0.35,-1.114,-1.907,-0.507,-2.357,-0.35,-2.221,0.193,,,-0.521,munich,2026-07-12,EDDM,28.0,26.5,26.1,27.1,25.5,28.0,25.5,28.3,,,27.5,1.026,27.989,9,28.0,14,0.649,Europe/Berlin,C
-0.35,-1.279,-1.979,-0.6,-2.336,-0.35,-2.186,0.143,,,-0.543,munich,2026-07-13,EDDM,31.3,29.5,29.0,29.9,28.2,31.3,28.2,31.1,,,30.4,1.172,30.997,9,31.0,14,0.635,Europe/Berlin,C
-0.321,-1.307,-1.907,-0.757,-2.371,-0.321,-2.107,0.0,,,-0.629,munich,2026-07-14,EDDM,28.4,26.3,26.3,30.1,27.0,28.4,24.9,28.7,,,27.3,1.481,28.542,9,29.0,14,0.592,Europe/Berlin,C
-0.35,-1.429,-2.007,-0.664,-2.429,-0.35,-2.279,-0.093,,,-0.779,munich,2026-07-15,EDDM,27.3,24.6,25.4,26.3,25.6,27.3,23.5,26.9,,,26.4,1.207,27.147,9,27.0,14,0.601,Europe/Berlin,C
-0.25,-1.557,-2.029,-0.764,-2.286,-0.25,-2.507,-0.05,,,-0.821,munich,2026-07-16,EDDM,30.8,28.3,28.1,29.0,28.0,30.8,26.8,30.5,,,28.7,1.332,30.251,9,31.0,14,0.599,Europe/Berlin,C
-0.186,-1.636,-2.05,-0.757,-2.321,-0.186,-2.607,-0.043,,,-0.893,munich,2026-07-17,EDDM,28.9,26.7,26.8,28.4,27.7,28.9,24.2,28.7,,,28.2,1.438,28.859,9,28.0,14,0.578,Europe/Berlin,C
-0.086,-1.629,-1.971,-0.636,-2.129,-0.086,-2.7,0.0,,,-0.786,munich,2026-07-18,EDDM,26.3,22.5,23.6,25.6,25.2,26.3,22.5,26.9,,,25.9,1.587,26.054,9,26.0,14,0.606,Europe/Berlin,C
-0.071,-1.8,-2.021,-0.621,-2.0,-0.071,-2.771,0.021,,,-0.736,munich,2026-07-19,EDDM,22.6,20.6,20.0,21.6,20.5,22.6,19.8,22.6,,,21.5,1.068,22.433,9,23.0,14,0.606,Europe/Berlin,C
0.0,-1.771,-2.043,-0.707,-2.007,0.0,-2.771,0.093,,,-0.729,munich,2026-07-20,EDDM,23.0,22.1,21.9,22.8,21.1,23.0,20.8,23.6,,,22.1,0.872,23.369,9,23.0,14,0.566,Europe/Berlin,C
0.05,-1.75,-2.0,-0.643,-1.986,0.05,-2.764,0.121,,,-0.736,munich,2026-07-21,EDDM,22.6,21.5,20.9,23.3,21.2,22.6,20.3,23.1,,,21.9,0.976,22.96,9,23.0,14,0.573,Europe/Berlin,C
0.007,-1.686,-1.943,-0.471,-1.864,0.007,-2.843,0.171,,,-0.743,munich,2026-07-22,EDDM,25.2,22.9,22.4,24.5,22.9,25.2,22.2,25.1,,,23.7,1.167,24.825,9,25.0,14,0.561,Europe/Berlin,C
0.029,-1.871,-2.136,-0.536,-1.971,0.029,-3.179,0.121,,,-0.836,munich,2026-07-23,EDDM,22.4,20.7,20.3,22.0,20.8,22.4,18.7,22.6,,,21.1,1.2,22.394,9,22.0,14,0.5,Europe/Berlin,C
0.014,-1.936,-2.164,-0.529,-1.979,0.014,-3.236,0.136,,,-0.871,munich,2026-07-24,EDDM,24.9,23.2,22.5,24.8,22.2,24.9,20.8,25.0,,,23.7,1.412,24.74,9,25.0,14,0.5,Europe/Berlin,C
0.014,-1.95,-2.157,-0.486,-1.986,0.014,-3.279,0.129,,,-0.929,munich,2026-07-25,EDDM,32.1,29.6,29.5,31.5,29.8,32.1,25.9,32.5,,,30.4,1.928,31.631,9,31.0,14,0.5,Europe/Berlin,C
0.129,-1.929,-2.086,-0.364,-1.879,0.129,-3.421,0.257,,,-0.943,munich,2026-07-26,EDDM,27.6,23.2,25.0,26.9,24.9,27.6,24.2,27.6,,,27.6,1.643,27.122,9,27.0,14,0.5,Europe/Berlin,C
0.171,-2.093,-2.093,-0.307,-1.85,0.171,-3.443,0.279,,,-0.864,munich,2026-07-27,EDDM,24.2,22.0,22.1,24.7,23.0,24.2,22.3,23.8,,,24.0,0.972,24.411,9,25.0,14,0.5,Europe/Berlin,C
0.093,-2.2,-2.157,-0.25,-1.793,0.093,-3.436,0.186,,,-0.893,munich,2026-07-28,EDDM,28.8,27.1,26.2,28.8,25.9,28.8,24.6,29.3,,,27.4,1.531,28.584,9,29.0,14,0.5,Europe/Berlin,C
0.121,-2.143,-2.164,-0.343,-1.871,0.121,-3.457,0.229,,,-0.886,munich,2026-07-29,EDDM,33.9,32.4,31.1,33.9,32.0,33.9,28.3,34.2,,,32.9,1.789,33.705,9,34.0,14,0.5,Europe/Berlin,C
0.093,-2.086,-2.257,-0.3,-1.914,0.093,-3.614,0.25,,,-0.921,munich,2026-07-30,EDDM,36.6,35.0,34.3,35.9,34.6,36.6,33.5,37.3,,,35.4,1.17,36.64,9,37.0,14,0.5,Europe/Berlin,C
0.079,-2.036,-2.243,-0.236,-1.871,0.079,-3.564,0.307,,,-0.871,munich,2026-07-31,EDDM,36.4,34.1,33.4,35.5,34.7,36.4,33.5,36.9,,,36.1,1.259,36.327,9,36.0,14,0.5,Europe/Berlin,C
0.043,-2.079,-2.343,-0.3,-1.943,0.043,-3.471,0.321,,,-0.879,munich,2026-08-01,EDDM,29.0,28.9,27.2,29.6,28.5,29.0,26.0,30.1,,,27.9,1.189,29.639,9,30.0,14,0.5,Europe/Berlin,C
-0.05,-1.907,-2.371,-0.3,-1.993,-0.05,-3.507,0.264,,,-1.021,munich,2026-08-02,EDDM,30.0,28.7,28.6,28.5,30.0,30.0,26.3,31.0,,,28.9,1.278,30.398,9,30.0,14,0.5,Europe/Berlin,C
-0.021,-1.829,-2.257,-0.307,-1.814,-0.021,-3.543,0.364,,,-0.993,munich,2026-08-03,EDDM,35.9,33.2,32.5,35.3,34.4,35.9,30.7,36.2,,,34.7,1.742,35.488,9,36.0,14,0.5,Europe/Berlin,C
-0.029,-1.964,-2.429,-0.343,-1.793,-0.029,-3.764,0.336,,,-1.021,munich,2026-08-04,EDDM,36.5,35.3,33.7,35.9,34.7,36.5,34.2,37.2,,,35.7,1.09,36.702,9,37.0,14,0.5,Europe/Berlin,C
-0.036,-1.979,-2.514,-0.443,-1.829,-0.036,-3.771,0.343,,,-1.036,munich,2026-08-05,EDDM,34.1,32.3,31.5,33.1,31.9,34.1,31.7,34.2,,,32.7,1.021,34.09,9,34.0,14,0.5,Europe/Berlin,C
-0.043,-1.95,-2.507,-0.471,-1.829,-0.043,-3.736,0.35,,,-1.036,munich,2026-08-06,EDDM,25.8,26.8,24.8,26.7,27.7,25.8,24.6,26.4,,,27.6,1.037,27.435,9,24.0,14,0.5,Europe/Berlin,C
0.057,-1.657,-2.329,-0.279,-1.479,0.057,-3.457,0.479,,,-0.714,munich,2026-08-07,EDDM,27.6,26.7,25.2,26.1,26.1,27.6,23.6,27.7,,,26.5,1.252,27.458,9,27.0,14,0.992,Europe/Berlin,C
0.107,-1.55,-2.279,-0.329,-1.343,0.107,-3.4,0.529,,,-0.657,munich,2026-08-08,EDDM,29.6,29.1,28.3,29.2,28.3,29.6,25.8,30.4,,,28.1,1.248,29.751,9,30.0,14,0.997,Europe/Berlin,C
0.0,-1.514,-2.293,-0.421,-1.379,0.0,-3.336,0.45,,,-0.75,munich,2026-08-09,EDDM,33.9,31.9,30.9,32.6,31.5,33.9,28.5,33.9,,,32.3,1.659,33.265,9,34.0,14,0.985,Europe/Berlin,C
-0.05,-1.393,-2.371,-0.514,-1.407,-0.05,-3.529,0.4,,,-0.914,munich,2026-08-10,EDDM,33.5,32.2,31.1,33.2,32.8,33.5,30.9,34.3,,,32.7,1.062,33.74,9,34.0,14,1.004,Europe/Berlin,C
-0.029,-1.307,-2.371,-0.55,-1.35,-0.029,-3.557,0.507,,,-0.936,munich,2026-08-11,EDDM,30.0,29.1,28.5,30.0,29.0,30.0,27.5,30.5,,,29.1,0.879,30.356,9,31.0,14,0.994,Europe/Berlin,C
-0.086,-1.307,-2.35,-0.607,-1.271,-0.086,-3.493,0.45,,,-0.957,munich,2026-08-12,EDDM,29.9,28.6,28.2,29.4,28.8,29.9,27.1,30.6,,,28.5,1.002,30.08,9,30.0,14,1.002,Europe/Berlin,C
-0.086,-1.293,-2.271,-0.643,-1.214,-0.086,-3.293,0.479,,,-0.986,munich,2026-08-13,EDDM,30.8,29.5,28.8,29.9,29.1,30.8,27.5,31.3,,,28.9,1.138,30.7,9,30.0,14,0.999,Europe/Berlin,C
0.0,-1.186,-2.164,-0.571,-1.107,0.0,-3.221,0.55,,,-0.95,munich,2026-08-14,EDDM,32.6,30.7,30.0,31.5,31.6,32.6,29.6,33.0,,,29.5,1.271,32.223,9,33.0,14,1.012,Europe/Berlin,C
-0.057,-1.214,-2.193,-0.643,-1.114,-0.057,-3.286,0.486,,,-1.207,munich,2026-08-15,EDDM,34.5,33.1,31.6,33.8,33.6,34.5,31.5,34.8,,,32.9,1.143,34.385,9,35.0,14,1.03,Europe/Berlin,C
-0.021,-1.271,-2.236,-0.7,-1.107,-0.021,-3.25,0.464,,,-1.207,munich,2026-08-16,EDDM,30.7,28.6,28.7,30.1,30.4,30.7,27.7,31.3,,,30.0,1.126,30.813,9,31.0,14,1.038,Europe/Berlin,C
-0.043,-1.35,-2.3,-0.657,-1.15,-0.043,-3.221,0.414,,,-1.2,munich,2026-08-17,EDDM,25.6,22.4,21.1,22.1,24.6,25.6,21.2,26.2,,,26.1,2.028,24.932,9,27.0,14,1.034,Europe/Berlin,C
-0.136,-1.479,-2.471,-0.957,-1.207,-0.136,-3.257,0.343,,,-1.171,munich,2026-08-18,EDDM,18.8,18.9,20.3,20.5,18.9,18.8,18.5,20.0,,,19.7,0.707,20.465,9,20.0,14,1.164,Europe/Berlin,C
-0.186,-1.436,-2.214,-0.843,-1.121,-0.186,-3.164,0.329,,,-1.1,munich,2026-08-19,EDDM,29.8,27.6,27.3,28.6,28.1,29.8,24.9,29.9,,,27.5,1.517,29.346,9,31.0,14,1.168,Europe/Berlin,C
-0.279,-1.557,-2.3,-0.95,-1.179,-0.279,-3.436,0.236,,,-1.257,munich,2026-08-20,EDDM,25.4,24.1,24.6,27.5,27.1,25.4,24.2,27.4,,,25.4,1.264,26.745,9,24.0,14,1.249,Europe/Berlin,C
-0.307,-1.75,-2.314,-0.893,-1.221,-0.307,-3.464,0.307,,,-1.414,munich,2026-08-21,EDDM,21.2,21.1,20.9,23.4,23.4,21.2,22.1,23.0,,,22.7,0.978,23.175,9,22.0,14,1.12,Europe/Berlin,C
-0.407,-1.793,-2.264,-0.729,-1.057,-0.407,-3.214,0.329,,,-1.329,munich,2026-08-22,EDDM,20.1,18.3,18.6,19.3,20.3,20.1,17.4,20.7,,,19.7,1.024,20.61,9,21.0,14,1.157,Europe/Berlin,C
-0.443,-1.921,-2.314,-0.793,-0.986,-0.443,-3.171,0.279,,,-1.286,munich,2026-08-23,EDDM,22.1,21.7,21.5,21.4,21.5,22.1,20.0,22.5,,,21.6,0.662,22.88,9,23.0,14,1.16,Europe/Berlin,C
-0.5,-1.864,-2.2,-0.807,-0.914,-0.5,-2.993,0.25,,,-1.264,munich,2026-08-24,EDDM,23.6,23.1,23.1,23.2,23.7,23.6,21.7,23.5,,,22.5,0.61,24.378,9,23.0,14,1.144,Europe/Berlin,C
-0.421,-1.729,-1.986,-0.736,-0.779,-0.421,-2.864,0.264,,,-1.207,munich,2026-08-25,EDDM,16.7,16.6,17.7,20.2,16.1,16.7,18.6,17.1,,,18.4,1.226,18.477,9,17.0,14,1.199,Europe/Berlin,C
-0.371,-1.621,-1.757,-0.436,-0.7,-0.371,-2.5,0.307,,,-0.971,munich,2026-08-26,EDDM,26.8,25.2,25.0,25.9,26.4,26.8,23.6,27.4,,,25.8,1.091,26.862,9,28.0,14,1.251,Europe/Berlin,C
-0.45,-1.721,-1.843,-0.543,-0.729,-0.45,-2.607,0.221,,,-1.021,munich,2026-08-27,EDDM,30.0,27.8,28.5,29.1,28.3,30.0,26.3,30.3,,,27.7,1.241,29.769,9,30.0,14,1.287,Europe/Berlin,C
-0.507,-1.843,-1.864,-0.6,-0.786,-0.507,-2.693,0.15,,,-1.107,munich,2026-08-28,EDDM,28.3,25.6,24.9,29.4,31.0,28.3,25.5,27.6,,,30.7,2.112,28.91,9,28.0,14,1.275,Europe/Berlin,C
-0.457,-1.85,-1.871,-0.393,-0.471,-0.457,-2.629,0.121,,,-0.664,munich,2026-08-29,EDDM,24.6,23.2,23.4,22.7,23.3,24.6,21.6,24.7,,,23.3,0.96,24.569,9,24.0,14,1.281,Europe/Berlin,C
-0.379,-1.771,-1.671,-0.4,-0.421,-0.379,-2.55,0.186,,,-0.564,munich,2026-08-30,EDDM,26.7,26.2,25.7,25.8,26.0,26.7,23.8,26.9,,,25.5,0.882,26.902,9,27.0,14,1.28,Europe/Berlin,C
-0.379,-1.657,-1.6,-0.421,-0.45,-0.379,-2.543,0.157,,,-0.6,munich,2026-08-31,EDDM,24.6,23.7,23.9,23.9,23.9,24.6,23.4,25.0,,,24.0,0.482,25.005,9,25.0,14,1.279,Europe/Berlin,C
-0.307,-1.421,-1.257,-0.15,-0.357,-0.307,-2.243,0.214,,,-0.607,munich,2026-09-01,EDDM,23.4,23.0,22.1,22.8,22.7,23.4,21.1,24.4,,,22.6,0.865,23.575,9,23.0,14,1.153,Europe/Berlin,C
-0.193,-1.343,-1.343,-0.2,-0.3,-0.193,-2.271,0.314,,,-0.614,munich,2026-09-02,EDDM,24.9,23.7,23.8,24.2,24.0,24.9,22.7,25.0,,,23.7,0.706,24.829,9,25.0,14,1.157,Europe/Berlin,C
-0.114,-1.193,-1.164,-0.086,-0.164,-0.114,-2.0,0.393,,,-0.457,munich,2026-09-03,EDDM,24.7,24.3,24.2,24.3,23.7,24.7,22.6,25.3,,,23.7,0.729,24.761,9,25.0,14,1.07,Europe/Berlin,C
-0.236,-1.25,-1.264,-0.386,-0.479,-0.236,-2.186,0.171,,,-0.65,munich,2026-09-04,EDDM,30.5,29.0,28.5,29.6,28.0,30.5,26.4,30.4,,,28.2,1.311,29.823,9,30.0,14,0.782,Europe/Berlin,C
-0.143,-1.257,-1.293,-0.514,-0.721,-0.143,-2.45,0.129,,,-0.829,munich,2026-09-05,EDDM,23.9,23.9,22.9,24.2,23.2,23.9,23.8,24.1,,,23.4,0.411,24.438,9,23.0,14,0.717,Europe/Berlin,C
-0.014,-1.0,-1.129,-0.307,-0.657,-0.014,-2.136,0.229,,,-0.707,munich,2026-09-06,EDDM,23.9,22.4,22.3,23.6,22.4,23.9,20.3,24.0,,,22.4,1.129,23.473,9,24.0,14,0.807,Europe/Berlin,C
0.043,-1.021,-1.143,-0.221,-0.664,0.043,-2.186,0.264,,,-0.721,munich,2026-09-07,EDDM,27.6,25.4,25.4,27.1,26.7,27.6,22.3,27.7,,,24.7,1.693,26.77,9,27.0,14,0.819,Europe/Berlin,C
0.043,-1.143,-1.264,-0.229,-0.736,0.043,-2.429,0.279,,,-0.85,munich,2026-09-08,EDDM,32.7,31.6,30.4,32.0,31.2,32.7,27.5,32.2,,,30.7,1.523,32.026,9,32.0,14,0.734,Europe/Berlin,C
0.114,-1.143,-1.429,-0.457,-0.729,0.114,-2.864,0.286,,,-1.043,munich,2026-09-09,EDDM,20.6,21.2,20.0,19.6,21.0,20.6,23.5,20.6,,,21.1,1.036,21.583,9,21.0,14,0.619,Europe/Berlin,C
0.171,-0.929,-1.286,-0.407,-0.614,0.171,-2.371,0.3,,,-0.879,munich,2026-09-10,EDDM,19.1,18.0,18.6,18.9,17.8,19.1,16.8,18.8,,,18.1,0.714,19.023,9,18.0,14,0.561,Europe/Berlin,C
0.25,-0.771,-1.136,-0.279,-0.507,0.25,-2.193,0.336,,,-0.707,munich,2026-09-11,EDDM,19.6,18.2,19.4,19.6,19.1,19.6,16.9,19.8,,,19.7,0.903,19.627,9,20.0,14,0.621,Europe/Berlin,C
0.2,-0.729,-0.957,-0.407,-0.786,0.2,-2.236,0.35,,,-0.921,munich,2026-09-12,EDDM,22.3,22.0,21.4,22.1,21.7,22.3,20.3,22.9,,,21.0,0.738,22.35,9,23.0,14,0.58,Europe/Berlin,C
0.107,-0.743,-1.029,-0.379,-0.829,0.107,-2.257,0.293,,,-1.014,munich,2026-09-13,EDDM,22.5,21.7,22.9,22.2,22.6,22.5,19.9,23.2,,,20.8,1.004,22.718,9,23.0,14,0.586,Europe/Berlin,C
0.093,-0.779,-0.943,-0.35,-0.786,0.093,-2.25,0.314,,,-1.064,munich,2026-09-14,EDDM,21.3,19.9,20.7,21.1,19.7,21.3,19.2,21.7,,,20.5,0.797,21.204,9,22.0,14,0.59,Europe/Berlin,C
0.071,-0.836,-0.957,-0.336,-0.871,0.071,-2.336,0.293,,,-1.1,munich,2026-09-15,EDDM,24.6,25.4,23.7,24.1,23.6,24.6,21.7,24.3,,,23.2,0.994,24.647,9,24.0,14,0.627,Europe/Berlin,C
0.086,-0.736,-0.914,-0.314,-0.879,0.086,-2.364,0.214,,,-1.129,munich,2026-09-16,EDDM,26.9,24.2,23.3,26.0,24.8,26.9,23.1,26.5,,,25.3,1.386,25.85,9,27.0,14,0.632,Europe/Berlin,C
0.086,-0.843,-1.093,-0.329,-0.964,0.086,-2.479,0.179,,,-1.157,munich,2026-09-17,EDDM,20.2,20.4,19.0,19.5,19.4,20.2,17.9,20.3,,,19.2,0.767,20.306,9,20.0,14,0.702,Europe/Berlin,C
0.121,-0.764,-1.107,-0.314,-0.914,0.121,-2.457,0.179,,,-1.121,munich,2026-09-18,EDDM,20.6,19.9,20.0,20.2,20.0,20.6,19.2,20.7,,,19.8,0.451,20.784,9,20.0,14,0.703,Europe/Berlin,C
0.129,-0.7,-1.0,-0.271,-0.771,0.129,-2.257,0.2,,,-1.007,munich,2026-09-19,EDDM,22.2,21.5,21.4,22.2,21.4,22.2,19.7,22.6,,,20.8,0.843,22.171,9,22.0,14,0.732,Europe/Berlin,C
0.079,-0.8,-1.036,-0.343,-0.829,0.079,-2.479,0.164,,,-1.121,munich,2026-09-20,EDDM,24.2,23.5,22.6,23.8,23.0,24.2,21.8,23.9,,,22.6,0.788,23.988,9,24.0,14,0.625,Europe/Berlin,C
0.1,-0.721,-1.014,-0.329,-0.786,0.1,-2.371,0.157,,,-1.107,munich,2026-09-21,EDDM,16.2,16.7,15.8,16.5,15.5,16.2,16.6,17.0,,,15.6,0.488,16.8,9,17.0,14,0.609,Europe/Berlin,C
0.0,-0.629,-0.986,-0.371,-0.871,0.0,-2.064,0.107,,,-1.043,munich,2026-09-22,EDDM,16.2,16.9,15.7,16.2,16.2,16.2,14.9,16.6,,,15.4,0.575,16.678,9,17.0,14,0.608,Europe/Berlin,C
-0.022,-0.942,1.238,-1.502,-0.022,0.318,-4.322,0.718,-0.022,-0.022,1.158,san-francisco,2026-06-30,KSFO,23.2,19.6,21.7,18.4,23.2,21.0,15.9,23.0,23.2,20.0,20.0,2.245,21.181,11,22.22,0,1.2,America/Los_Angeles,F
0.145,-1.222,0.945,-1.888,0.145,0.062,-4.655,0.728,0.145,-0.388,0.595,san-francisco,2026-07-01,KSFO,22.5,19.2,20.5,18.2,22.5,20.0,15.8,20.7,22.5,19.6,19.1,1.953,20.643,11,21.11,0,1.2,America/Los_Angeles,F
0.323,-1.32,0.723,-2.034,0.323,-0.106,-4.749,0.566,0.323,-0.549,0.223,san-francisco,2026-07-02,KSFO,23.6,19.9,21.9,18.8,23.6,20.7,16.5,22.5,23.6,20.8,20.4,2.132,21.801,11,21.11,0,1.2,America/Los_Angeles,F
0.594,-1.306,0.731,-2.069,0.594,-0.144,-4.731,0.669,0.594,-0.519,0.106,san-francisco,2026-07-03,KSFO,22.8,21.7,23.9,20.5,22.8,21.4,17.6,23.9,22.8,21.7,23.2,1.725,22.454,11,20.56,8,0.573,America/Los_Angeles,F
0.777,-1.034,1.021,-1.846,0.777,-0.034,-4.534,0.966,0.777,-0.334,0.388,san-francisco,2026-07-04,KSFO,23.4,20.5,22.8,20.0,23.4,21.7,16.2,22.9,23.4,21.6,23.2,2.092,22.068,11,20.0,9,0.831,America/Los_Angeles,F
1.039,-0.881,1.199,-1.661,1.039,0.139,-4.461,1.159,1.039,-0.141,0.669,san-francisco,2026-07-05,KSFO,19.4,19.9,21.8,18.7,19.4,20.2,16.0,21.6,19.4,20.8,20.8,1.524,19.915,11,20.0,10,1.024,America/Los_Angeles,F
0.89,-0.81,1.254,-1.628,0.89,0.145,-4.419,1.199,0.89,-0.055,0.681,san-francisco,2026-07-06,KSFO,18.2,18.6,21.0,19.0,18.2,19.0,15.9,22.0,18.2,19.3,20.6,1.574,18.968,11,19.44,11,0.977,America/Los_Angeles,F
0.713,-0.812,1.279,-1.529,0.713,0.096,-4.346,1.312,0.713,-0.062,0.721,san-francisco,2026-07-07,KSFO,17.2,16.9,17.3,15.8,17.2,16.7,14.0,18.5,17.2,17.3,17.1,1.079,16.931,11,16.67,12,0.945,America/Los_Angeles,F
0.698,-0.732,1.229,-1.478,0.698,0.091,-4.217,1.352,0.698,-0.009,0.698,san-francisco,2026-07-08,KSFO,18.4,17.6,19.7,16.8,18.4,18.5,15.3,18.9,18.4,18.9,18.7,1.144,18.288,11,17.78,13,0.911,America/Los_Angeles,F
0.693,-0.693,1.279,-1.443,0.693,0.136,-4.093,1.336,0.693,0.071,0.714,san-francisco,2026-07-09,KSFO,20.4,20.4,22.8,18.8,20.4,20.9,15.7,22.9,20.4,20.9,21.5,1.867,20.517,11,19.44,14,0.888,America/Los_Angeles,F
0.78,-0.534,1.444,-1.341,0.78,0.301,-3.999,1.48,0.78,0.18,0.887,san-francisco,2026-07-10,KSFO,18.0,18.7,20.7,17.3,18.0,20.0,15.5,19.9,18.0,20.0,19.6,1.455,18.694,11,18.33,14,0.925,America/Los_Angeles,F
0.792,-0.451,1.578,-1.294,0.792,0.371,-3.936,1.678,0.792,0.299,0.949,san-francisco,2026-07-11,KSFO,20.8,20.7,23.4,19.1,20.8,22.8,16.2,22.8,20.8,22.2,22.6,1.976,21.057,11,19.44,14,0.922,America/Los_Angeles,F
0.896,-0.304,1.831,-1.226,0.896,0.639,-3.94,1.896,0.896,0.546,1.124,san-francisco,2026-07-12,KSFO,26.4,24.8,26.8,22.9,26.4,24.2,19.1,25.3,26.4,24.7,27.6,2.255,24.721,11,23.33,14,1.012,America/Los_Angeles,F
1.085,-0.122,1.928,-1.094,1.085,0.649,-3.922,1.942,1.085,0.649,1.271,san-francisco,2026-07-13,KSFO,31.3,24.3,26.8,24.5,31.3,24.3,19.6,28.0,31.3,26.8,26.6,3.462,26.732,11,24.44,14,1.078,America/Los_Angeles,F
1.552,-0.076,1.945,-1.076,1.552,0.538,-3.898,2.074,1.552,0.766,1.224,san-francisco,2026-07-14,KSFO,30.1,27.5,30.3,26.5,30.1,28.7,20.5,32.1,30.1,28.5,31.3,3.02,28.134,11,27.22,14,1.233,America/Los_Angeles,F
1.688,0.131,2.202,-0.855,1.688,0.731,-3.926,2.366,1.688,1.016,1.674,san-francisco,2026-07-15,KSFO,23.9,23.1,25.9,20.6,23.9,25.8,17.9,26.1,23.9,25.4,24.8,2.39,23.181,11,22.78,14,1.226,America/Los_Angeles,F
1.669,0.29,2.469,-0.803,1.669,1.026,-3.896,2.633,1.669,1.311,1.961,san-francisco,2026-07-16,KSFO,20.4,20.0,21.9,18.3,20.4,22.3,16.3,21.7,20.4,21.1,21.1,1.648,19.435,11,20.56,14,1.225,America/Los_Angeles,F
1.479,0.336,2.508,-0.799,1.479,1.179,-3.871,2.615,1.479,1.372,2.051,san-francisco,2026-07-17,KSFO,20.0,19.4,20.5,17.4,20.0,19.5,15.7,19.9,20.0,19.5,19.2,1.342,18.303,11,19.44,14,1.247,America/Los_Angeles,F
1.359,0.252,2.345,-0.941,1.359,1.124,-3.926,2.409,1.359,1.295,1.845,san-francisco,2026-07-18,KSFO,21.8,20.1,21.8,20.0,21.8,20.8,16.5,22.6,21.8,20.5,21.1,1.568,19.905,11,21.67,14,1.18,America/Los_Angeles,F
1.126,0.104,2.154,-1.06,1.126,0.94,-4.024,2.269,1.126,1.097,1.576,san-francisco,2026-07-19,KSFO,20.5,19.8,22.3,19.5,20.5,20.7,16.7,22.7,20.5,20.9,22.2,1.568,19.865,11,18.33,14,1.144,America/Los_Angeles,F
1.324,0.216,2.309,-0.884,1.324,1.095,-3.855,2.466,1.324,1.224,1.795,san-francisco,2026-07-20,KSFO,24.0,21.2,22.9,21.5,24.0,22.2,18.4,23.0,24.0,22.5,25.9,1.856,21.849,11,21.11,14,1.215,America/Los_Angeles,F
1.619,0.283,2.326,-0.824,1.619,1.204,-3.796,2.419,1.619,1.333,2.054,san-francisco,2026-07-21,KSFO,34.7,30.5,29.9,28.1,34.7,30.8,24.4,31.4,34.7,31.0,31.5,2.937,30.391,11,32.78,14,1.225,America/Los_Angeles,F
1.718,0.104,2.075,-1.096,1.718,1.061,-4.204,2.189,1.718,1.161,1.932,san-francisco,2026-07-22,KSFO,22.6,21.8,23.5,21.1,22.6,23.0,18.5,24.7,22.6,22.9,21.8,1.498,21.462,11,22.78,14,1.379,America/Los_Angeles,F
1.661,0.046,1.989,-1.146,1.661,1.025,-4.332,2.246,1.661,1.089,1.796,san-francisco,2026-07-23,KSFO,21.2,20.1,21.1,19.0,21.2,20.4,17.3,21.0,21.2,21.7,21.5,1.25,19.89,11,20.56,14,1.417,America/Los_Angeles,F
1.638,-0.055,1.788,-1.212,1.638,0.909,-4.298,2.031,1.638,1.066,1.716,san-francisco,2026-07-24,KSFO,20.9,20.5,22.1,19.8,20.9,22.0,17.7,21.9,20.9,22.2,22.7,1.346,20.398,11,21.11,14,1.399,America/Los_Angeles,F
1.646,-0.125,1.689,-1.232,1.646,0.854,-4.339,1.975,1.646,1.025,1.739,san-francisco,2026-07-25,KSFO,22.0,21.6,23.1,20.2,22.0,22.3,17.7,21.6,22.0,22.6,22.9,1.448,21.078,11,21.11,14,1.409,America/Los_Angeles,F
1.613,-0.18,1.549,-1.273,1.613,0.699,-4.351,1.77,1.613,0.934,1.641,san-francisco,2026-07-26,KSFO,21.0,20.5,21.5,19.3,21.0,20.7,17.6,20.9,21.0,21.4,21.6,1.117,20.058,11,20.0,14,1.341,America/Los_Angeles,F
1.465,-0.249,1.408,-1.292,1.465,0.686,-4.221,1.694,1.465,0.936,1.451,san-francisco,2026-07-27,KSFO,20.7,20.5,22.0,19.2,20.7,21.2,17.6,20.6,20.7,21.4,21.5,1.158,20.093,11,20.56,14,1.288,America/Los_Angeles,F
0.985,-0.244,1.342,-1.394,0.985,0.742,-4.086,1.442,0.985,0.828,1.364,san-francisco,2026-07-28,KSFO,21.7,21.3,23.0,20.1,21.7,21.8,18.2,21.0,21.7,22.1,23.6,1.361,21.179,11,21.11,14,1.14,America/Los_Angeles,F
0.821,-0.25,1.257,-1.414,0.821,0.686,-3.814,1.086,0.821,0.807,1.25,san-francisco,2026-07-29,KSFO,20.6,20.5,22.4,19.6,20.6,21.1,17.8,20.0,20.6,21.6,21.4,1.141,20.402,11,20.56,14,1.114,America/Los_Angeles,F
0.744,-0.277,1.166,-1.327,0.744,0.509,-3.663,0.809,0.744,0.694,1.166,san-francisco,2026-07-30,KSFO,22.2,21.9,24.2,19.5,22.2,23.0,17.7,22.9,22.2,21.3,22.5,1.699,21.525,11,22.78,14,1.109,America/Los_Angeles,F
0.714,-0.3,1.171,-1.4,0.714,0.4,-3.721,0.736,0.714,0.55,1.107,san-francisco,2026-07-31,KSFO,23.1,21.7,24.6,19.7,23.1,23.1,18.0,23.7,23.1,22.4,23.8,1.849,22.293,11,22.22,14,1.119,America/Los_Angeles,F
0.737,-0.334,1.266,-1.434,0.737,0.459,-3.756,0.809,0.737,0.559,1.237,san-francisco,2026-08-01,KSFO,25.6,24.3,26.3,21.2,25.6,25.3,19.0,23.5,25.6,24.4,24.7,2.095,24.191,11,22.78,14,1.077,America/Los_Angeles,F
0.929,-0.114,1.508,-1.428,0.929,0.701,-3.656,0.794,0.929,0.758,1.415,san-francisco,2026-08-02,KSFO,28.0,25.5,28.2,23.7,28.0,25.6,20.0,27.0,28.0,25.5,26.9,2.347,25.802,11,26.11,14,1.039,America/Los_Angeles,F
0.909,-0.262,1.374,-1.684,0.909,0.495,-3.976,0.545,0.909,0.531,1.195,san-francisco,2026-08-03,KSFO,29.3,25.3,28.3,25.1,29.3,26.5,18.7,27.7,29.3,27.1,26.4,2.901,26.786,11,25.0,14,0.959,America/Los_Angeles,F
1.01,-0.247,1.481,-1.704,1.01,0.524,-4.233,0.603,1.01,0.581,0.953,san-francisco,2026-08-04,KSFO,26.3,23.7,25.4,23.1,26.3,22.9,18.6,25.8,26.3,25.6,25.0,2.208,24.551,11,22.78,14,1.053,America/Los_Angeles,F
1.124,-0.019,1.874,-1.347,1.124,0.674,-3.933,0.917,1.124,0.91,1.203,san-francisco,2026-08-05,KSFO,23.5,22.7,24.2,21.8,23.5,22.4,18.4,24.4,23.5,24.4,24.2,1.668,22.746,11,21.11,14,0.961,America/Los_Angeles,F
1.308,0.165,2.044,-1.178,1.308,0.751,-3.821,1.015,1.308,1.136,1.494,san-francisco,2026-08-06,KSFO,21.8,22.5,23.6,21.6,21.8,22.2,17.2,23.9,21.8,23.5,23.2,1.741,21.591,11,22.22,14,0.996,America/Los_Angeles,F
1.232,0.218,2.104,-1.111,1.232,0.761,-3.946,1.104,1.232,1.146,1.496,san-francisco,2026-08-07,KSFO,20.8,22.3,23.8,19.7,20.8,21.6,17.4,23.9,20.8,22.5,23.6,1.873,20.959,11,19.44,14,0.994,America/Los_Angeles,F
1.344,0.466,2.344,-0.999,1.344,0.851,-3.849,1.366,1.344,1.287,1.68,san-francisco,2026-08-08,KSFO,20.9,21.2,23.3,20.0,20.9,22.1,17.4,23.9,20.9,22.9,21.3,1.688,20.701,11,18.89,14,1.056,America/Los_Angeles,F
1.424,0.596,2.517,-0.854,1.424,0.996,-3.711,1.689,1.424,1.467,1.724,san-francisco,2026-08-09,KSFO,24.2,23.8,27.0,23.6,24.2,23.8,18.8,26.4,24.2,26.7,25.2,2.121,23.755,11,21.11,14,1.162,America/Los_Angeles,F
1.574,0.752,2.831,-0.626,1.574,1.138,-3.705,2.002,1.574,1.766,1.902,san-francisco,2026-08-10,KSFO,24.6,22.2,24.4,21.4,24.6,22.2,18.4,23.9,24.6,23.0,21.7,1.828,21.855,11,22.78,14,1.36,America/Los_Angeles,F
1.694,0.715,2.844,-0.628,1.694,1.051,-3.806,2.079,1.694,1.722,1.758,san-francisco,2026-08-11,KSFO,25.0,22.0,24.0,21.0,25.0,22.1,18.0,24.4,25.0,22.8,21.3,2.093,21.822,11,24.44,14,1.377,America/Los_Angeles,F
1.691,0.527,2.677,-0.801,1.691,0.834,-4.059,2.084,1.691,1.534,1.356,san-francisco,2026-08-12,KSFO,24.0,21.7,24.4,20.0,24.0,22.4,18.0,24.5,24.0,22.4,22.1,1.947,21.594,11,22.78,14,1.544,America/Los_Angeles,F
1.776,0.454,2.661,-0.931,1.776,0.769,-4.203,2.247,1.776,1.433,1.247,san-francisco,2026-08-13,KSFO,21.0,20.0,21.6,18.6,21.0,20.6,16.9,22.4,21.0,20.0,19.5,1.442,19.223,11,21.67,14,1.576,America/Los_Angeles,F
1.769,0.398,2.555,-0.916,1.769,0.676,-4.181,2.291,1.769,1.419,1.112,san-francisco,2026-08-14,KSFO,20.5,20.0,21.2,18.9,20.5,21.0,17.4,21.3,20.5,20.2,20.6,1.081,19.188,11,20.56,14,1.673,America/Los_Angeles,F
1.702,0.395,2.431,-0.855,1.702,0.645,-4.105,2.238,1.702,1.381,1.002,san-francisco,2026-08-15,KSFO,20.4,20.0,21.3,18.8,20.4,20.6,16.7,21.2,20.4,20.3,20.2,1.222,19.135,11,20.0,14,1.712,America/Los_Angeles,F
1.529,0.286,2.272,-0.828,1.529,0.508,-4.071,2.272,1.529,1.286,0.879,san-francisco,2026-08-16,KSFO,22.7,21.6,23.8,21.3,22.7,22.0,17.7,23.9,22.7,22.5,23.9,1.668,21.468,11,20.56,14,1.686,America/Los_Angeles,F
1.547,0.404,2.354,-0.603,1.547,0.647,-3.839,2.447,1.547,1.469,1.061,san-francisco,2026-08-17,KSFO,22.0,21.4,23.1,20.1,22.0,21.2,17.7,22.7,22.0,21.7,23.7,1.538,20.676,11,21.67,14,1.702,America/Los_Angeles,F
1.264,0.364,2.221,-0.722,1.264,0.506,-3.672,2.328,1.264,1.321,1.106,san-francisco,2026-08-18,KSFO,22.3,22.0,23.8,20.3,22.3,21.6,16.9,22.8,22.3,22.0,21.4,1.703,20.958,11,20.0,14,1.655,America/Los_Angeles,F
1.176,0.441,2.305,-0.724,1.176,0.612,-3.595,2.312,1.176,1.262,1.048,san-francisco,2026-08-19,KSFO,21.9,21.4,24.2,20.1,21.9,22.5,17.0,24.0,21.9,22.4,22.7,1.868,21.132,11,19.44,14,1.606,America/Los_Angeles,F
1.181,0.467,2.424,-0.726,1.181,0.739,-3.576,2.403,1.181,1.239,1.06,san-francisco,2026-08-20,KSFO,20.3,20.4,22.3,19.4,20.3,20.1,17.2,21.7,20.3,20.6,21.9,1.312,19.586,11,20.0,14,1.61,America/Los_Angeles,F
1.233,0.476,2.49,-0.724,1.233,0.747,-3.417,2.404,1.233,1.19,1.126,san-francisco,2026-08-21,KSFO,20.9,20.2,21.6,18.8,20.9,20.9,16.2,19.7,20.9,20.8,21.5,1.483,19.547,11,19.44,14,1.605,America/Los_Angeles,F
1.24,0.326,2.333,-0.789,1.24,0.697,-3.503,2.104,1.24,1.069,0.976,san-francisco,2026-08-22,KSFO,21.4,21.4,23.3,19.7,21.4,22.5,16.9,23.0,21.4,22.7,24.8,1.975,21.054,11,20.0,14,1.553,America/Los_Angeles,F
1.196,0.261,2.254,-0.889,1.196,0.646,-3.618,1.961,1.196,0.975,1.146,san-francisco,2026-08-23,KSFO,26.1,24.4,27.3,24.0,26.1,24.2,18.0,26.7,26.1,25.1,27.6,2.514,24.491,11,24.44,14,1.503,America/Los_Angeles,F
1.094,0.066,2.037,-1.099,1.094,0.437,-3.913,1.744,1.094,0.623,1.08,san-francisco,2026-08-24,KSFO,24.2,22.0,23.4,21.4,24.2,21.8,17.6,24.3,24.2,22.8,23.5,1.894,22.326,11,21.67,14,1.326,America/Los_Angeles,F
1.145,0.131,2.045,-1.019,1.145,0.488,-3.891,1.852,1.145,0.688,1.288,san-francisco,2026-08-25,KSFO,21.9,21.5,23.7,19.6,21.9,23.3,17.4,24.4,21.9,22.6,23.4,1.903,21.495,11,19.44,14,1.315,America/Los_Angeles,F
1.281,0.452,2.381,-0.762,1.281,0.931,-3.576,2.209,1.281,1.031,1.795,san-francisco,2026-08-26,KSFO,26.3,24.3,26.3,21.3,26.3,25.1,19.1,27.4,26.3,25.5,25.7,2.376,24.294,11,24.44,14,1.241,America/Los_Angeles,F
1.326,0.519,2.398,-0.788,1.326,1.005,-3.616,2.298,1.326,1.134,1.934,san-francisco,2026-08-27,KSFO,27.3,23.0,25.6,21.0,27.3,24.8,19.9,25.3,27.3,23.3,26.0,2.424,23.775,11,22.78,14,1.201,America/Los_Angeles,F
1.697,0.654,2.604,-0.696,1.697,1.226,-3.481,2.426,1.697,1.29,2.319,san-francisco,2026-08-28,KSFO,19.9,19.9,22.8,18.7,19.9,20.5,17.4,19.8,19.9,20.2,20.7,1.248,18.882,11,18.33,14,1.042,America/Los_Angeles,F
1.814,0.806,2.878,-0.551,1.814,1.349,-3.322,2.478,1.814,1.449,2.485,san-francisco,2026-08-29,KSFO,21.9,20.8,22.7,19.1,21.9,21.2,17.5,20.8,21.9,20.3,21.9,1.43,19.636,11,21.11,14,0.986,America/Los_Angeles,F
1.841,0.784,2.899,-0.609,1.841,1.313,-3.344,2.37,1.841,1.37,2.527,san-francisco,2026-08-30,KSFO,21.1,20.5,22.0,19.2,21.1,19.9,16.8,19.8,21.1,19.8,20.1,1.303,18.923,11,21.67,14,1.036,America/Los_Angeles,F
1.648,0.626,2.691,-0.838,1.648,1.084,-3.488,1.998,1.648,1.098,2.176,san-francisco,2026-08-31,KSFO,18.7,18.2,19.2,18.4,18.7,18.8,17.1,19.8,18.7,18.7,18.9,0.632,17.544,11,18.89,14,1.247,America/Los_Angeles,F
1.611,0.596,2.611,-0.761,1.611,1.111,-3.332,1.989,1.611,1.082,2.032,san-francisco,2026-09-01,KSFO,21.6,20.4,20.7,19.7,21.6,20.8,18.8,21.5,21.6,20.2,21.0,0.859,19.631,11,21.67,14,1.27,America/Los_Angeles,F
1.441,0.363,2.27,-0.923,1.441,0.934,-3.316,1.777,1.441,0.834,1.884,san-francisco,2026-09-02,KSFO,22.6,21.5,21.9,21.6,22.6,22.4,19.6,22.9,22.6,21.8,22.4,0.875,21.119,11,22.22,14,1.358,America/Los_Angeles,F
1.293,0.171,1.907,-1.014,1.293,0.729,-3.329,1.5,1.293,0.593,1.664,san-francisco,2026-09-03,KSFO,22.2,21.6,22.7,21.3,22.2,21.5,18.8,21.2,22.2,21.6,22.2,0.989,21.007,11,21.67,14,1.314,America/Los_Angeles,F
1.309,0.138,1.816,-0.998,1.309,0.709,-3.334,1.345,1.309,0.545,1.566,san-francisco,2026-09-04,KSFO,22.0,21.4,21.6,20.3,22.0,21.7,18.3,22.1,22.0,21.2,22.7,1.138,20.781,11,21.67,14,1.321,America/Los_Angeles,F
1.229,0.064,1.657,-1.05,1.229,0.607,-3.343,1.357,1.229,0.414,1.493,san-francisco,2026-09-05,KSFO,23.0,21.7,23.5,21.0,23.0,22.6,17.5,23.4,23.0,21.9,23.8,1.696,21.729,11,22.78,14,1.342,America/Los_Angeles,F
1.144,-0.113,1.473,-1.156,1.144,0.416,-3.499,1.187,1.144,0.159,1.223,san-francisco,2026-09-06,KSFO,21.4,20.8,22.5,19.6,21.4,21.6,17.3,22.3,21.4,20.9,22.8,1.466,20.739,11,21.67,14,1.342,America/Los_Angeles,F
1.006,-0.172,1.328,-1.272,1.006,0.428,-3.351,1.071,1.006,0.056,1.078,san-francisco,2026-09-07,KSFO,27.8,26.6,27.9,25.0,27.8,27.3,20.2,27.2,27.8,26.5,29.1,2.269,26.535,11,26.67,14,1.365,America/Los_Angeles,F
0.906,-0.201,1.292,-1.372,0.906,0.464,-3.522,0.921,0.906,-0.036,1.121,san-francisco,2026-09-08,KSFO,30.6,29.6,30.7,27.4,30.6,29.8,21.8,29.2,30.6,28.3,32.0,2.616,29.055,11,30.0,14,1.354,America/Los_Angeles,F
0.774,-0.376,1.038,-1.569,0.774,0.174,-3.962,0.509,0.774,-0.384,0.981,san-francisco,2026-09-09,KSFO,35.6,32.9,34.0,29.2,35.6,32.6,25.4,33.0,35.6,31.2,34.9,3.01,32.929,11,33.89,14,1.263,America/Los_Angeles,F
0.763,-0.437,0.913,-1.68,0.763,0.034,-4.187,0.234,0.763,-0.651,0.963,san-francisco,2026-09-10,KSFO,28.5,29.8,32.3,26.8,28.5,30.7,21.7,31.9,28.5,27.9,30.4,2.772,28.924,11,28.89,14,1.288,America/Los_Angeles,F
0.412,-0.388,0.955,-1.702,0.412,0.019,-4.495,0.269,0.412,-0.759,0.841,san-francisco,2026-09-11,KSFO,22.4,22.0,24.5,21.1,22.4,22.7,17.8,24.1,22.4,22.8,22.9,1.669,22.734,11,22.22,14,1.26,America/Los_Angeles,F
0.313,-0.516,0.799,-1.809,0.313,-0.101,-4.744,0.299,0.313,-0.851,0.72,san-francisco,2026-09-12,KSFO,21.5,21.0,22.8,19.4,21.5,21.0,18.4,21.9,21.5,20.8,22.2,1.187,21.536,11,21.67,14,1.259,America/Los_Angeles,F
0.244,-0.541,0.766,-1.827,0.244,-0.156,-4.72,0.337,0.244,-0.856,0.701,san-francisco,2026-09-13,KSFO,21.4,20.1,21.1,19.3,21.4,20.6,18.5,20.2,21.4,20.6,22.3,1.025,21.145,11,21.11,14,1.197,America/Los_Angeles,F
0.306,-0.53,0.741,-1.78,0.306,-0.066,-4.559,0.406,0.306,-0.759,0.899,san-francisco,2026-09-14,KSFO,26.2,23.7,26.2,22.5,26.2,26.0,18.6,26.0,26.2,23.3,26.1,2.322,25.015,11,23.89,14,0.945,America/Los_Angeles,F
0.484,-0.494,0.884,-1.844,0.484,0.091,-4.809,0.491,0.484,-0.787,1.056,san-francisco,2026-09-15,KSFO,21.6,20.5,22.7,19.9,21.6,22.6,17.9,21.0,21.6,21.3,20.6,1.274,21.478,11,22.22,14,0.924,America/Los_Angeles,F
0.445,-0.526,0.988,-1.869,0.445,0.181,-4.912,0.416,0.445,-0.748,0.988,san-francisco,2026-09-16,KSFO,18.2,19.2,20.0,17.8,18.2,19.1,16.9,19.9,18.2,19.3,19.0,0.894,19.068,11,17.78,14,0.772,America/Los_Angeles,F
0.448,-0.374,1.169,-1.824,0.448,0.262,-4.788,0.519,0.448,-0.609,1.062,san-francisco,2026-09-17,KSFO,21.5,21.2,20.9,20.7,21.5,21.3,18.8,22.1,21.5,21.6,21.6,0.825,21.45,11,21.67,14,0.793,America/Los_Angeles,F
0.398,-0.402,1.041,-1.866,0.398,0.248,-4.788,0.584,0.398,-0.609,1.019,san-francisco,2026-09-18,KSFO,21.6,21.0,22.8,20.0,21.6,22.0,17.3,21.0,21.6,21.6,23.3,1.506,21.645,11,20.0,14,0.775,America/Los_Angeles,F
0.489,-0.311,1.246,-1.769,0.489,0.389,-4.74,0.624,0.489,-0.461,1.181,san-francisco,2026-09-19,KSFO,20.2,19.9,22.8,19.6,20.2,22.3,17.6,22.4,20.2,21.6,21.8,1.478,21.006,11,19.44,14,0.859,America/Los_Angeles,F
0.527,-0.201,1.434,-1.63,0.527,0.606,-4.494,0.791,0.527,-0.244,1.277,san-francisco,2026-09-20,KSFO,17.7,18.0,19.7,17.5,17.7,18.4,16.4,19.2,17.7,18.6,16.8,0.923,18.054,11,17.78,14,0.913,America/Los_Angeles,F
0.541,-0.124,1.512,-1.502,0.541,0.655,-4.281,0.848,0.541,-0.131,1.126,san-francisco,2026-09-21,KSFO,19.0,18.2,20.2,18.1,19.0,19.1,16.7,21.3,19.0,19.1,18.8,1.108,18.899,11,20.0,14,0.881,America/Los_Angeles,F
0.389,-0.247,1.439,-1.519,0.389,0.546,-4.054,0.903,0.389,-0.183,0.867,san-francisco,2026-09-22,KSFO,18.6,18.5,20.0,18.4,18.6,19.6,16.8,19.0,18.6,19.2,19.5,0.806,18.867,11,18.89,14,0.929,America/Los_Angeles,F
-0.216,-0.956,-0.296,1.444,-0.216,-0.176,-0.076,0.384,-0.216,0.544,1.044,seattle,2026-06-30,KSEA,17.0,16.7,16.5,18.6,17.0,16.7,18.6,16.5,17.0,18.6,19.4,1.012,17.469,11,17.78,0,1.2,America/Los_Angeles,F
-0.31,-0.977,-0.46,1.34,-0.31,-0.327,0.073,0.107,-0.31,0.59,1.14,seattle,2026-07-01,KSEA,17.8,17.9,17.9,19.8,17.8,17.8,19.1,18.1,17.8,19.3,19.8,0.809,18.431,11,17.22,0,1.2,America/Los_Angeles,F
-0.183,-0.74,-0.297,1.517,-0.183,-0.197,0.331,0.217,-0.183,0.803,1.346,seattle,2026-07-02,KSEA,18.5,17.2,19.5,19.0,18.5,17.1,18.2,19.6,18.5,17.7,19.3,0.824,18.104,11,18.33,0,1.2,America/Los_Angeles,F
-0.139,-0.789,-0.114,1.411,-0.139,-0.326,0.274,0.349,-0.139,0.624,1.299,seattle,2026-07-03,KSEA,22.4,20.7,22.4,23.2,22.4,22.4,22.4,21.1,22.4,22.7,23.4,0.753,22.171,11,22.22,8,0.874,America/Los_Angeles,F
-0.103,-0.87,-0.081,1.363,-0.103,-0.27,0.263,0.186,-0.103,0.608,1.286,seattle,2026-07-04,KSEA,21.2,20.3,22.0,22.4,21.2,20.2,18.9,20.8,21.2,22.3,21.6,0.982,21.141,11,21.11,9,0.824,America/Los_Angeles,F
-0.084,-0.864,0.016,1.356,-0.084,-0.334,0.016,0.136,-0.084,0.666,1.206,seattle,2026-07-05,KSEA,24.1,20.8,22.8,24.3,24.1,22.0,21.0,23.0,24.1,22.5,22.8,1.179,22.713,11,24.44,10,0.782,America/Los_Angeles,F
-0.107,-1.116,-0.135,1.22,-0.107,-0.525,-0.298,-0.007,-0.107,0.429,0.947,seattle,2026-07-06,KSEA,28.6,24.8,27.5,28.9,28.6,25.8,26.2,27.6,28.6,27.5,28.1,1.273,27.51,11,29.44,11,0.909,America/Los_Angeles,F
-0.168,-1.41,-0.285,1.073,-0.168,-0.785,-0.543,-0.16,-0.168,0.232,0.757,seattle,2026-07-07,KSEA,23.3,22.5,24.3,25.0,23.3,22.6,22.8,23.3,23.3,24.8,24.5,0.848,23.888,11,23.33,12,1.034,America/Los_Angeles,F
-0.158,-1.365,-0.188,1.119,-0.158,-0.781,-0.542,-0.15,-0.158,0.327,0.788,seattle,2026-07-08,KSEA,21.4,20.7,21.9,23.0,21.4,21.1,21.5,22.4,21.4,23.4,22.0,0.778,22.093,11,20.56,13,1.005,America/Los_Angeles,F
-0.086,-1.258,-0.079,1.214,-0.086,-0.686,-0.436,-0.008,-0.086,0.506,0.835,seattle,2026-07-09,KSEA,25.4,22.9,24.6,25.6,25.4,23.5,23.2,23.6,25.4,24.8,25.3,0.974,24.618,11,25.56,14,1.052,America/Los_Angeles,F
-0.164,-1.414,-0.285,1.151,-0.164,-0.842,-0.771,-0.235,-0.164,0.286,0.651,seattle,2026-07-10,KSEA,25.3,22.0,25.5,25.7,25.3,24.2,22.4,23.3,25.3,25.0,26.0,1.315,24.839,11,24.44,14,1.021,America/Los_Angeles,F
-0.096,-1.532,-0.175,1.146,-0.096,-0.939,-0.954,-0.361,-0.096,0.361,0.668,seattle,2026-07-11,KSEA,23.3,21.4,24.3,24.0,23.3,22.2,22.2,22.9,23.3,22.9,23.5,0.801,23.159,11,23.89,14,1.026,America/Los_Angeles,F
-0.099,-1.541,-0.006,1.159,-0.099,-0.941,-0.863,-0.356,-0.099,0.444,0.73,seattle,2026-07-12,KSEA,22.1,19.7,21.1,22.7,22.1,20.8,19.8,21.2,22.1,21.5,21.9,0.922,21.511,11,22.22,14,0.97,America/Los_Angeles,F
-0.061,-1.64,-0.033,1.096,-0.061,-0.99,-0.954,-0.447,-0.061,0.36,0.61,seattle,2026-07-13,KSEA,25.5,22.8,25.2,26.2,25.5,23.9,22.5,24.8,25.5,24.8,24.8,1.109,24.897,11,26.11,14,0.987,America/Los_Angeles,F
-0.054,-1.875,-0.082,0.839,-0.054,-1.168,-1.275,-0.604,-0.054,0.082,0.411,seattle,2026-07-14,KSEA,28.7,25.6,28.2,29.5,28.7,26.5,26.4,27.1,28.7,28.3,28.7,1.187,28.259,11,29.44,14,1.019,America/Los_Angeles,F
-0.051,-2.072,-0.079,0.785,-0.051,-1.301,-1.551,-0.679,-0.051,-0.058,0.242,seattle,2026-07-15,KSEA,27.8,25.0,27.6,29.1,27.8,26.3,26.2,26.5,27.8,28.3,28.2,1.129,27.859,11,28.33,14,1.064,America/Los_Angeles,F
-0.13,-2.359,-0.18,0.656,-0.13,-1.487,-1.837,-0.873,-0.13,-0.209,0.049,seattle,2026-07-16,KSEA,19.0,18.1,19.9,20.0,19.0,19.4,19.5,19.5,19.0,20.9,20.6,0.756,20.185,11,17.22,14,1.021,America/Los_Angeles,F
-0.015,-2.215,-0.072,0.806,-0.015,-1.244,-1.665,-0.801,-0.015,0.099,0.221,seattle,2026-07-17,KSEA,21.8,20.4,21.5,22.6,21.8,20.9,22.5,21.1,21.8,23.1,22.3,0.764,22.299,11,21.67,14,1.291,America/Los_Angeles,F
-0.019,-2.197,-0.097,0.803,-0.019,-1.311,-1.619,-0.761,-0.019,0.167,0.181,seattle,2026-07-18,KSEA,22.7,21.8,22.1,24.0,22.7,21.9,21.5,22.7,22.7,23.9,23.6,0.808,23.174,11,23.33,14,1.302,America/Los_Angeles,F
-0.07,-2.249,-0.249,0.759,-0.07,-1.349,-1.591,-0.784,-0.07,0.123,0.166,seattle,2026-07-19,KSEA,25.3,22.0,23.6,25.5,25.3,23.2,22.9,24.1,25.3,24.3,24.4,1.098,24.631,11,25.56,14,1.303,America/Los_Angeles,F
-0.064,-2.243,-0.271,0.764,-0.064,-1.343,-1.536,-0.786,-0.064,0.171,0.2,seattle,2026-07-20,KSEA,27.8,25.6,26.8,29.2,27.8,25.9,27.5,27.4,27.8,27.8,27.3,0.94,27.757,11,27.78,14,1.243,America/Los_Angeles,F
-0.003,-2.067,-0.203,0.904,-0.003,-1.217,-1.324,-0.681,-0.003,0.311,0.261,seattle,2026-07-21,KSEA,33.6,29.0,32.3,34.8,33.6,30.0,32.0,31.7,33.6,33.0,32.6,1.608,32.774,11,33.33,14,1.131,America/Los_Angeles,F
0.019,-2.317,-0.346,0.89,0.019,-1.403,-1.381,-0.796,0.019,0.183,0.126,seattle,2026-07-22,KSEA,33.9,29.5,32.4,34.2,33.9,30.8,32.4,31.2,33.9,33.8,33.1,1.483,33.236,11,34.44,14,1.131,America/Los_Angeles,F
-0.08,-2.68,-0.587,0.699,-0.08,-1.701,-1.594,-1.159,-0.08,-0.066,-0.073,seattle,2026-07-23,KSEA,24.6,20.9,23.5,26.3,24.6,22.7,23.0,23.8,24.6,25.9,23.9,1.433,24.825,11,23.89,14,1.102,America/Los_Angeles,F
-0.018,-2.704,-0.546,0.868,-0.018,-1.639,-1.489,-1.025,-0.018,0.132,-0.054,seattle,2026-07-24,KSEA,27.3,24.2,26.5,28.3,27.3,26.4,26.9,26.4,27.3,27.5,28.2,1.063,27.445,11,27.78,14,1.102,America/Los_Angeles,F
-0.114,-2.785,-0.714,0.815,-0.114,-1.721,-1.406,-1.042,-0.114,0.072,-0.135,seattle,2026-07-25,KSEA,22.0,20.2,21.8,23.8,22.0,20.3,19.9,21.7,22.0,21.1,23.3,1.169,22.086,11,22.22,14,1.1,America/Los_Angeles,F
-0.087,-2.751,-0.773,0.92,-0.087,-1.737,-1.451,-1.009,-0.087,0.063,-0.03,seattle,2026-07-26,KSEA,22.3,19.3,21.5,22.9,22.3,19.8,19.4,22.4,22.3,21.3,23.5,1.377,22.047,11,22.22,14,1.083,America/Los_Angeles,F
-0.073,-2.78,-0.744,0.934,-0.073,-1.809,-1.48,-0.923,-0.073,0.049,0.084,seattle,2026-07-27,KSEA,25.8,22.9,25.3,26.0,25.8,24.9,23.8,25.3,25.8,25.0,25.8,0.925,25.653,11,25.56,14,1.068,America/Los_Angeles,F
-0.012,-2.734,-0.698,0.959,-0.012,-1.698,-1.348,-0.848,-0.012,0.102,0.195,seattle,2026-07-28,KSEA,22.4,20.5,22.5,24.1,22.4,22.0,21.5,21.1,22.4,22.1,23.4,0.949,22.632,11,22.22,14,1.017,America/Los_Angeles,F
0.054,-2.582,-0.589,1.089,0.054,-1.504,-1.182,-0.761,0.054,0.175,0.332,seattle,2026-07-29,KSEA,23.6,21.8,23.1,25.3,23.6,22.5,22.2,22.8,23.6,23.7,24.2,0.936,23.703,11,23.89,14,0.974,America/Los_Angeles,F
0.071,-2.494,-0.594,1.135,0.071,-1.458,-1.151,-0.708,0.071,0.164,0.364,seattle,2026-07-30,KSEA,25.3,22.7,25.1,25.1,25.3,24.3,23.7,24.7,25.3,24.9,26.0,0.866,25.139,11,25.56,14,0.967,America/Los_Angeles,F
-0.075,-2.761,-0.818,0.904,-0.075,-1.704,-1.446,-0.932,-0.075,-0.146,0.154,seattle,2026-07-31,KSEA,28.1,25.9,28.1,28.6,28.1,26.8,26.3,27.7,28.1,28.2,28.3,0.855,28.32,11,27.78,14,0.565,America/Los_Angeles,F
-0.061,-2.804,-0.783,0.896,-0.061,-1.719,-1.611,-0.897,-0.061,-0.219,0.146,seattle,2026-08-01,KSEA,22.2,20.3,21.8,22.6,22.2,21.6,20.8,21.6,22.2,21.2,23.1,0.768,22.274,11,21.67,14,0.558,America/Los_Angeles,F
0.021,-2.793,-0.686,0.914,0.021,-1.621,-1.543,-0.857,0.021,-0.293,0.229,seattle,2026-08-02,KSEA,20.6,19.0,20.2,22.2,20.6,19.8,18.1,20.9,20.6,20.4,20.0,1.003,20.794,11,20.56,14,0.58,America/Los_Angeles,F
0.043,-2.65,-0.571,1.036,0.043,-1.507,-1.529,-0.729,0.043,-0.214,0.271,seattle,2026-08-03,KSEA,23.3,21.7,23.5,24.5,23.3,22.5,21.9,23.2,23.3,23.9,23.1,0.777,23.701,11,23.89,14,0.527,America/Los_Angeles,F
-0.001,-2.651,-0.529,0.978,-0.001,-1.472,-1.651,-0.751,-0.001,-0.215,0.249,seattle,2026-08-04,KSEA,26.6,24.1,26.4,27.3,26.6,25.5,26.3,25.6,26.6,27.7,26.4,0.915,26.986,11,26.67,14,0.53,America/Los_Angeles,F
-0.025,-2.525,-0.475,0.918,-0.025,-1.318,-1.582,-0.711,-0.025,-0.118,0.282,seattle,2026-08-05,KSEA,29.5,25.9,29.0,29.7,29.5,27.0,27.8,28.5,29.5,29.6,28.8,1.181,29.264,11,30.0,14,0.516,America/Los_Angeles,F
-0.022,-2.465,-0.401,0.914,-0.022,-1.272,-1.594,-0.586,-0.022,-0.101,0.292,seattle,2026-08-06,KSEA,30.6,26.8,29.8,30.4,30.6,27.8,29.2,29.5,30.6,30.1,29.9,1.178,30.124,11,30.56,14,0.5,America/Los_Angeles,F
-0.07,-2.52,-0.427,0.73,-0.07,-1.384,-1.627,-0.656,-0.07,-0.277,0.244,seattle,2026-08-07,KSEA,29.7,26.6,29.9,30.3,29.7,28.2,28.7,28.8,29.7,29.6,29.9,1.012,29.774,11,29.44,14,0.5,America/Los_Angeles,F
-0.017,-2.467,-0.303,0.754,-0.017,-1.374,-1.617,-0.603,-0.017,-0.246,0.247,seattle,2026-08-08,KSEA,28.3,25.3,28.0,28.9,28.3,26.8,27.2,26.8,28.3,28.0,28.2,0.979,28.19,11,28.33,14,0.5,America/Los_Angeles,F
-0.004,-2.539,-0.296,0.682,-0.004,-1.346,-1.532,-0.675,-0.004,-0.189,0.161,seattle,2026-08-09,KSEA,24.6,22.5,25.1,25.4,24.6,23.2,24.7,24.3,24.6,25.1,25.0,0.829,24.993,11,25.0,14,0.5,America/Los_Angeles,F
-0.038,-2.509,-0.238,0.662,-0.038,-1.302,-1.352,-0.738,-0.038,-0.116,0.069,seattle,2026-08-10,KSEA,23.2,21.9,23.9,24.1,23.2,22.5,23.8,23.0,23.2,24.5,24.1,0.735,23.961,11,23.33,14,0.5,America/Los_Angeles,F
-0.064,-2.421,-0.179,0.686,-0.064,-1.314,-1.193,-0.743,-0.064,0.007,0.107,seattle,2026-08-11,KSEA,25.6,22.9,25.3,26.1,25.6,24.5,24.7,24.6,25.6,25.3,25.7,0.842,25.521,11,25.56,14,0.5,America/Los_Angeles,F
-0.074,-2.489,-0.217,0.59,-0.074,-1.374,-1.203,-0.731,-0.074,-0.003,0.033,seattle,2026-08-12,KSEA,25.2,22.4,24.6,26.3,25.2,23.9,24.3,24.8,25.2,24.2,25.2,0.949,24.997,11,25.56,14,0.5,America/Los_Angeles,F
-0.079,-2.565,-0.229,0.542,-0.079,-1.394,-1.172,-0.708,-0.079,-0.086,-0.015,seattle,2026-08-13,KSEA,26.2,24.5,26.5,27.3,26.2,25.1,26.6,25.2,26.2,27.1,27.0,0.853,26.739,11,26.67,14,0.5,America/Los_Angeles,F
-0.094,-2.516,-0.209,0.62,-0.094,-1.416,-1.044,-0.751,-0.094,-0.009,-0.023,seattle,2026-08-14,KSEA,25.2,23.8,26.9,26.5,25.2,24.7,26.3,24.2,25.2,26.9,26.1,1.017,26.145,11,25.0,14,0.5,America/Los_Angeles,F
-0.103,-2.467,-0.096,0.669,-0.103,-1.367,-0.846,-0.803,-0.103,0.097,0.019,seattle,2026-08-15,KSEA,24.1,22.2,23.3,25.2,24.1,21.6,23.5,23.0,24.1,24.3,25.0,1.05,24.134,11,23.89,14,0.5,America/Los_Angeles,F
-0.126,-2.49,-0.147,0.696,-0.126,-1.526,-0.811,-0.861,-0.126,0.16,-0.004,seattle,2026-08-16,KSEA,23.9,21.8,22.6,24.5,23.9,22.5,22.7,22.7,23.9,23.6,23.2,0.776,23.682,11,23.89,14,0.5,America/Los_Angeles,F
-0.128,-2.528,-0.214,0.622,-0.128,-1.571,-0.721,-0.971,-0.128,0.151,-0.014,seattle,2026-08-17,KSEA,25.7,22.7,24.5,26.0,25.7,23.7,25.3,24.0,25.7,25.2,25.5,1.0,25.38,11,25.56,14,0.5,America/Los_Angeles,F
-0.076,-2.576,-0.261,0.61,-0.076,-1.604,-0.597,-1.033,-0.076,0.124,0.039,seattle,2026-08-18,KSEA,26.2,24.2,26.8,27.2,26.2,25.6,25.9,25.6,26.2,25.8,26.8,0.764,26.393,11,25.56,14,0.5,America/Los_Angeles,F
-0.025,-2.489,-0.154,0.682,-0.025,-1.518,-0.546,-0.954,-0.025,0.068,0.146,seattle,2026-08-19,KSEA,27.9,24.5,26.8,27.4,27.9,25.4,26.1,26.1,27.9,25.9,27.6,1.108,27.001,11,27.78,14,0.516,America/Los_Angeles,F
0.019,-2.431,-0.152,0.676,0.019,-1.474,-0.509,-0.966,0.019,-0.038,0.219,seattle,2026-08-20,KSEA,28.9,25.3,27.9,29.4,28.9,26.7,27.6,27.7,28.9,27.2,27.9,1.13,28.149,11,29.44,14,0.52,America/Los_Angeles,F
-0.022,-2.458,-0.208,0.685,-0.022,-1.472,-0.544,-1.015,-0.022,-0.165,0.156,seattle,2026-08-21,KSEA,27.0,24.1,27.9,27.8,27.0,25.9,28.7,26.6,27.0,27.1,27.7,1.153,27.349,11,26.67,14,0.613,America/Los_Angeles,F
-0.017,-2.439,-0.153,0.704,-0.017,-1.439,-0.346,-0.974,-0.017,-0.146,0.197,seattle,2026-08-22,KSEA,24.2,21.2,23.2,23.3,24.2,21.4,21.9,21.8,24.2,22.8,24.2,1.142,23.421,11,23.89,14,0.633,America/Los_Angeles,F
0.007,-2.414,-0.179,0.621,0.007,-1.507,-0.407,-1.014,0.007,-0.2,0.229,seattle,2026-08-23,KSEA,23.4,21.9,22.9,24.3,23.4,22.9,21.5,22.8,23.4,23.1,23.2,0.722,23.423,11,23.89,14,0.645,America/Los_Angeles,F
0.001,-2.378,-0.256,0.622,0.001,-1.449,-0.556,-1.042,0.001,-0.264,0.179,seattle,2026-08-24,KSEA,26.2,22.9,24.8,26.4,26.2,24.5,22.8,25.7,26.2,24.6,24.8,1.225,25.452,11,26.67,14,0.657,America/Los_Angeles,F
-0.024,-2.545,-0.431,0.548,-0.024,-1.545,-0.866,-1.088,-0.024,-0.495,-0.009,seattle,2026-08-25,KSEA,28.5,25.2,29.2,29.3,28.5,27.8,27.0,26.7,28.5,28.3,29.4,1.224,28.67,11,28.89,14,0.713,America/Los_Angeles,F
-0.054,-2.619,-0.39,0.539,-0.054,-1.547,-0.94,-1.176,-0.054,-0.519,0.017,seattle,2026-08-26,KSEA,25.0,23.0,25.6,24.7,25.0,24.0,25.4,24.5,25.0,24.8,25.3,0.696,25.35,11,25.0,14,0.716,America/Los_Angeles,F
-0.029,-2.536,-0.279,0.464,-0.029,-1.5,-0.821,-1.157,-0.029,-0.436,0.064,seattle,2026-08-27,KSEA,22.6,21.0,22.6,22.5,22.6,21.5,21.1,21.8,22.6,21.3,22.1,0.624,22.461,11,22.78,14,0.706,America/Los_Angeles,F
-0.008,-2.508,-0.279,0.399,-0.008,-1.479,-0.936,-1.122,-0.008,-0.572,-0.008,seattle,2026-08-28,KSEA,21.6,20.1,21.6,22.8,21.6,22.3,20.8,22.5,21.6,21.7,22.5,0.754,22.23,11,22.22,14,0.711,America/Los_Angeles,F
-0.066,-2.574,-0.459,0.334,-0.066,-1.452,-1.131,-1.045,-0.066,-0.745,-0.066,seattle,2026-08-29,KSEA,20.6,18.4,20.7,20.7,20.6,20.0,18.2,20.9,20.6,19.6,20.3,0.899,20.68,11,21.67,14,0.641,America/Los_Angeles,F
-0.158,-2.686,-0.486,0.171,-0.158,-1.408,-1.351,-1.036,-0.158,-0.922,-0.244,seattle,2026-08-30,KSEA,21.2,19.5,20.3,22.1,21.2,19.7,19.0,20.9,21.2,20.7,21.3,0.883,21.437,11,21.11,14,0.691,America/Los_Angeles,F
-0.152,-2.652,-0.452,0.198,-0.152,-1.409,-1.416,-0.966,-0.152,-0.931,-0.181,seattle,2026-08-31,KSEA,23.7,21.3,22.6,24.4,23.7,22.1,21.1,23.4,23.7,22.7,23.3,1.007,23.665,11,24.44,14,0.694,America/Los_Angeles,F
-0.215,-2.672,-0.508,0.164,-0.215,-1.444,-1.636,-0.929,-0.215,-1.029,-0.258,seattle,2026-09-01,KSEA,19.2,18.4,20.2,21.5,19.2,19.8,19.2,20.2,19.2,21.2,20.8,0.927,20.813,11,18.89,14,0.723,America/Los_Angeles,F
-0.239,-2.61,-0.503,0.233,-0.239,-1.381,-1.639,-0.839,-0.239,-0.881,-0.21,seattle,2026-09-02,KSEA,19.7,18.0,19.4,21.8,19.7,18.2,17.2,18.7,19.7,17.3,20.1,1.296,19.594,11,20.56,14,0.858,America/Los_Angeles,F
-0.309,-2.559,-0.516,0.349,-0.309,-1.38,-1.759,-0.851,-0.309,-0.98,-0.23,seattle,2026-09-03,KSEA,19.5,16.5,17.9,17.7,19.5,17.4,17.2,18.5,19.5,18.1,17.6,0.97,19.059,11,20.0,14,0.872,America/Los_Angeles,F
-0.306,-2.513,-0.556,0.187,-0.306,-1.37,-1.827,-0.834,-0.306,-0.956,-0.291,seattle,2026-09-04,KSEA,21.1,18.1,18.9,21.0,21.1,19.6,18.8,20.4,21.1,20.0,19.8,1.011,20.865,11,20.56,14,0.839,America/Los_Angeles,F
-0.291,-2.505,-0.762,0.138,-0.291,-1.384,-2.098,-0.841,-0.291,-1.026,-0.419,seattle,2026-09-05,KSEA,21.2,17.6,18.8,20.6,21.2,20.5,19.3,19.8,21.2,19.9,20.2,1.075,20.937,11,20.56,14,0.823,America/Los_Angeles,F
-0.267,-2.524,-0.839,0.183,-0.267,-1.21,-2.046,-0.746,-0.267,-0.996,-0.467,seattle,2026-09-06,KSEA,22.6,20.0,20.9,23.1,22.6,21.2,21.1,21.8,22.6,21.6,22.6,0.914,22.654,11,22.78,14,0.82,America/Los_Angeles,F
-0.245,-2.581,-0.902,0.176,-0.245,-1.252,-1.995,-0.738,-0.245,-1.024,-0.431,seattle,2026-09-07,KSEA,20.8,19.3,19.6,21.6,20.8,19.5,19.2,19.8,20.8,20.6,20.1,0.74,21.148,11,21.11,14,0.811,America/Los_Angeles,F
-0.234,-2.441,-0.876,0.231,-0.234,-1.212,-1.855,-0.762,-0.234,-0.912,-0.369,seattle,2026-09-08,KSEA,23.0,20.5,21.6,23.5,23.0,21.9,20.1,22.6,23.0,22.1,22.3,1.023,22.987,11,23.33,14,0.743,America/Los_Angeles,F
-0.229,-2.379,-1.022,0.214,-0.229,-1.236,-1.951,-0.658,-0.229,-0.958,-0.479,seattle,2026-09-09,KSEA,25.5,23.3,24.3,26.1,25.5,23.4,22.4,24.8,25.5,24.5,24.6,1.076,25.431,11,25.0,14,0.746,America/Los_Angeles,F
-0.194,-2.358,-1.115,0.314,-0.194,-1.279,-2.165,-0.636,-0.194,-0.979,-0.529,seattle,2026-09-10,KSEA,21.0,19.8,20.7,22.5,21.0,20.5,20.1,20.0,21.0,21.2,20.9,0.701,21.692,11,21.11,14,0.749,America/Los_Angeles,F
-0.189,-2.324,-1.131,0.433,-0.189,-1.231,-2.117,-0.646,-0.189,-0.867,-0.496,seattle,2026-09-11,KSEA,19.3,18.3,19.6,20.1,19.3,18.9,18.9,20.0,19.3,19.6,18.8,0.511,20.107,11,18.89,14,0.761,America/Los_Angeles,F
-0.115,-2.215,-1.036,0.478,-0.115,-1.236,-2.015,-0.586,-0.115,-0.779,-0.522,seattle,2026-09-12,KSEA,19.4,18.1,18.9,19.8,19.4,17.5,19.1,18.1,19.4,20.1,19.1,0.753,19.917,11,18.89,14,0.827,America/Los_Angeles,F
-0.002,-2.038,-0.966,0.612,-0.002,-1.216,-1.752,-0.588,-0.002,-0.545,-0.409,seattle,2026-09-13,KSEA,14.9,15.0,15.8,16.7,14.9,15.0,17.5,15.2,14.9,15.3,16.1,0.828,16.0,11,15.56,14,0.831,America/Los_Angeles,F
-0.056,-1.963,-0.891,0.623,-0.056,-1.156,-1.463,-0.599,-0.056,-0.534,-0.384,seattle,2026-09-14,KSEA,18.9,17.8,18.6,20.2,18.9,18.3,17.9,18.4,18.9,19.2,19.4,0.658,19.393,11,18.89,14,0.834,America/Los_Angeles,F
-0.002,-1.816,-0.781,0.719,-0.002,-1.031,-1.295,-0.559,-0.002,-0.388,-0.266,seattle,2026-09-15,KSEA,19.4,17.6,17.7,20.0,19.4,18.2,16.8,18.8,19.4,18.6,18.2,0.918,19.077,11,19.44,14,0.819,America/Los_Angeles,F
-0.027,-1.913,-0.999,0.573,-0.027,-1.184,-1.506,-0.699,-0.027,-0.613,-0.491,seattle,2026-09-16,KSEA,23.1,19.8,20.8,23.2,23.1,21.6,20.4,22.4,23.1,21.8,22.2,1.14,22.579,11,23.33,14,0.645,America/Los_Angeles,F
0.018,-1.982,-1.096,0.475,0.018,-1.139,-1.475,-0.632,0.018,-0.489,-0.539,seattle,2026-09-17,KSEA,24.2,20.9,21.7,24.2,24.2,22.0,21.8,21.9,24.2,23.0,23.6,1.195,23.552,11,24.44,14,0.625,America/Los_Angeles,F
0.036,-1.985,-1.142,0.622,0.036,-1.128,-1.464,-0.706,0.036,-0.456,-0.428,seattle,2026-09-18,KSEA,20.2,19.3,20.5,21.5,20.2,19.5,20.3,19.8,20.2,21.8,20.7,0.724,21.105,11,20.0,14,0.619,America/Los_Angeles,F
0.012,-1.859,-0.988,0.698,0.012,-1.095,-1.316,-0.709,0.012,-0.288,-0.324,seattle,2026-09-19,KSEA,18.1,17.9,18.2,21.4,18.1,19.2,19.4,19.1,18.1,21.3,18.0,1.226,19.669,11,17.22,14,0.681,America/Los_Angeles,F
0.029,-1.599,-0.792,0.994,0.029,-0.949,-1.071,-0.521,0.029,0.051,-0.242,seattle,2026-09-20,KSEA,21.2,18.8,19.8,21.8,21.2,20.0,20.6,20.6,21.2,21.2,20.6,0.804,21.017,11,21.11,14,0.939,America/Los_Angeles,F
0.049,-1.566,-0.751,1.02,0.049,-0.916,-0.987,-0.487,0.049,0.141,-0.266,seattle,2026-09-21,KSEA,19.5,18.2,19.5,19.4,19.5,18.9,19.4,18.3,19.5,20.3,19.3,0.566,19.702,11,18.89,14,0.939,America/Los_Angeles,F
0.114,-1.486,-0.6,1.021,0.114,-0.8,-0.814,-0.436,0.114,0.279,-0.164,seattle,2026-09-22,KSEA,20.2,18.5,19.8,20.0,20.2,19.6,18.7,19.9,20.2,19.1,20.8,0.668,19.815,11,20.0,14,0.963,America/Los_Angeles,F
-0.078,1.982,3.302,1.562,-0.078,1.302,-0.718,-1.138,-0.078,-2.378,-0.058,los-angeles,2026-06-30,KLAX,21.5,22.2,21.8,22.2,21.5,22.3,19.6,19.6,21.5,18.9,20.9,1.137,20.873,11,21.11,0,1.2,America/Los_Angeles,F
-0.0,1.833,2.867,1.483,-0.0,1.283,-0.85,-1.2,-0.0,-2.35,-0.083,los-angeles,2026-07-01,KLAX,21.0,22.8,22.6,22.7,21.0,21.6,19.8,20.2,21.0,18.9,19.9,1.233,20.844,11,21.11,0,1.2,America/Los_Angeles,F
-0.016,1.813,2.67,1.499,-0.016,1.17,-0.916,-1.159,-0.016,-2.33,-0.244,los-angeles,2026-07-02,KLAX,22.7,24.6,25.7,23.3,22.7,23.4,21.7,21.8,22.7,19.6,22.1,1.514,22.473,11,22.22,0,1.2,America/Los_Angeles,F
0.046,1.884,2.771,1.446,0.046,1.171,-0.866,-1.066,0.046,-2.366,-0.229,los-angeles,2026-07-03,KLAX,22.5,26.8,28.1,25.6,22.5,24.8,23.0,21.3,22.5,20.5,22.4,2.261,23.271,11,22.22,8,0.5,America/Los_Angeles,F
0.072,2.183,3.117,1.661,0.072,1.328,-0.683,-1.05,0.072,-2.294,-0.183,los-angeles,2026-07-04,KLAX,23.1,28.5,29.2,25.0,23.1,24.7,22.7,21.7,23.1,20.7,23.6,2.506,23.667,11,23.89,9,0.52,America/Los_Angeles,F
-0.014,2.426,3.336,1.606,-0.014,1.276,-0.734,-1.164,-0.014,-2.384,-0.194,los-angeles,2026-07-05,KLAX,23.4,27.6,27.3,25.2,23.4,25.3,24.3,22.6,23.4,20.9,23.5,1.888,23.756,11,23.89,10,0.5,America/Los_Angeles,F
-0.057,2.543,3.343,1.579,-0.057,1.288,-0.63,-1.175,-0.057,-2.439,-0.212,los-angeles,2026-07-06,KLAX,23.7,28.1,28.6,26.4,23.7,26.2,25.5,22.7,23.7,21.2,23.2,2.214,24.267,11,23.33,11,0.5,America/Los_Angeles,F
-0.022,2.728,3.503,1.703,-0.022,1.42,-0.397,-1.13,-0.022,-2.413,-0.205,los-angeles,2026-07-07,KLAX,24.4,29.5,29.5,25.8,24.4,26.6,26.3,23.0,24.4,21.7,24.2,2.334,24.832,11,23.33,12,0.53,America/Los_Angeles,F
0.062,2.993,3.708,1.762,0.062,1.562,-0.138,-1.068,0.062,-2.353,-0.122,los-angeles,2026-07-08,KLAX,23.9,29.5,29.8,26.1,23.9,26.8,26.5,22.5,23.9,22.0,24.4,2.478,24.686,11,23.33,13,0.658,America/Los_Angeles,F
0.099,3.22,3.906,1.834,0.099,1.699,0.099,-1.051,0.099,-2.28,-0.037,los-angeles,2026-07-09,KLAX,23.3,26.4,30.4,27.6,23.3,26.1,24.5,21.7,23.3,22.2,23.7,2.484,24.086,11,23.33,14,0.731,America/Los_Angeles,F
0.087,3.201,4.137,2.059,0.087,1.787,0.144,-1.113,0.087,-2.191,-0.02,los-angeles,2026-07-10,KLAX,23.1,26.3,28.8,27.3,23.1,25.0,23.6,21.3,23.1,21.9,24.3,2.201,23.622,11,23.33,14,0.754,America/Los_Angeles,F
0.043,3.171,4.3,2.179,0.043,1.764,0.179,-1.229,0.043,-2.164,-0.014,los-angeles,2026-07-11,KLAX,24.0,25.5,29.7,26.5,24.0,25.8,22.5,23.1,24.0,21.7,24.7,2.088,23.935,11,23.89,14,0.743,America/Los_Angeles,F
0.038,3.166,4.466,2.181,0.038,1.795,0.166,-1.191,0.038,-2.126,0.031,los-angeles,2026-07-12,KLAX,24.4,27.2,28.0,25.8,24.4,25.1,25.0,23.2,24.4,21.9,24.2,1.62,24.084,11,23.33,14,0.743,America/Los_Angeles,F
0.134,3.376,4.498,2.276,0.134,1.855,0.355,-1.116,0.134,-2.059,0.105,los-angeles,2026-07-13,KLAX,24.2,28.2,30.7,25.8,24.2,27.1,25.1,22.4,24.2,22.2,24.4,2.404,24.443,11,23.89,14,0.769,America/Los_Angeles,F
0.214,3.643,4.857,2.364,0.214,2.043,0.564,-1.079,0.214,-1.993,0.236,los-angeles,2026-07-14,KLAX,24.8,31.6,30.6,27.2,24.8,27.5,28.7,23.9,24.8,23.0,25.1,2.676,25.369,11,25.0,14,0.75,America/Los_Angeles,F
0.172,4.036,5.208,2.444,0.172,2.136,0.936,-1.049,0.172,-1.978,0.258,los-angeles,2026-07-15,KLAX,27.1,32.8,35.9,28.8,27.1,30.3,29.4,24.4,27.1,24.5,27.8,3.252,27.419,11,26.67,14,0.754,America/Los_Angeles,F
0.211,4.354,5.761,2.482,0.211,2.361,1.225,-1.146,0.211,-1.975,0.425,los-angeles,2026-07-16,KLAX,28.5,29.7,34.0,30.1,28.5,30.2,28.0,25.6,28.5,24.5,27.4,2.389,27.312,11,27.78,14,0.777,America/Los_Angeles,F
0.228,4.321,5.956,2.571,0.228,2.449,1.278,-1.272,0.228,-2.022,0.406,los-angeles,2026-07-17,KLAX,30.1,28.1,31.5,27.4,30.1,28.4,25.4,25.6,30.1,23.9,27.5,2.248,26.883,11,30.0,14,0.784,America/Los_Angeles,F
0.215,3.858,5.644,2.144,0.215,2.151,0.894,-1.521,0.215,-2.335,0.215,los-angeles,2026-07-18,KLAX,25.7,29.7,31.1,27.4,25.7,27.9,26.8,24.7,25.7,22.9,25.6,2.194,25.517,11,25.56,14,1.109,America/Los_Angeles,F
0.281,3.824,5.66,2.196,0.281,2.26,1.067,-1.426,0.281,-2.297,0.239,los-angeles,2026-07-19,KLAX,25.2,31.1,32.1,27.8,25.2,27.7,27.1,24.5,25.2,22.8,25.3,2.691,25.491,11,25.0,14,1.107,America/Los_Angeles,F
0.331,3.995,5.924,2.302,0.331,2.352,1.188,-1.369,0.331,-2.241,0.288,los-angeles,2026-07-20,KLAX,28.0,29.7,33.2,30.0,28.0,29.5,26.7,25.9,28.0,23.7,27.3,2.353,26.861,11,27.22,14,1.114,America/Los_Angeles,F
0.36,3.831,5.974,2.281,0.36,2.31,0.996,-1.419,0.36,-2.34,0.303,los-angeles,2026-07-21,KLAX,27.3,31.5,31.9,27.9,27.3,29.3,27.1,25.1,27.3,23.8,28.3,2.285,26.655,11,27.22,14,1.09,America/Los_Angeles,F
0.289,3.696,5.868,2.154,0.289,2.225,0.775,-1.546,0.289,-2.468,0.318,los-angeles,2026-07-22,KLAX,25.2,28.9,29.8,26.1,25.2,27.0,28.4,24.3,25.2,23.7,24.5,1.942,25.223,11,25.0,14,1.024,America/Los_Angeles,F
0.263,3.534,5.749,2.034,0.263,2.12,0.791,-1.537,0.263,-2.466,0.206,los-angeles,2026-07-23,KLAX,26.9,31.8,33.3,28.2,26.9,28.8,30.6,24.9,26.9,24.5,25.9,2.694,27.012,11,26.67,14,0.96,America/Los_Angeles,F
0.281,3.681,5.717,1.839,0.281,2.074,0.989,-1.547,0.281,-2.54,0.124,los-angeles,2026-07-24,KLAX,25.9,30.1,33.3,27.8,25.9,29.2,27.6,24.9,25.9,24.7,27.9,2.446,26.588,11,25.56,14,0.943,America/Los_Angeles,F
0.322,3.794,5.879,1.715,0.322,2.215,1.115,-1.449,0.322,-2.499,0.222,los-angeles,2026-07-25,KLAX,25.8,30.8,34.4,28.8,25.8,28.3,27.1,25.2,25.8,24.3,26.5,2.799,26.454,11,25.56,14,0.979,America/Los_Angeles,F
0.331,4.053,6.096,1.76,0.331,2.274,1.324,-1.419,0.331,-2.433,0.231,los-angeles,2026-07-26,KLAX,25.7,32.4,31.8,28.8,25.7,29.0,27.9,25.2,25.7,24.2,25.2,2.658,26.228,11,26.11,14,1.008,America/Los_Angeles,F
0.226,4.226,6.169,1.776,0.226,2.354,1.333,-1.474,0.226,-2.467,0.104,los-angeles,2026-07-27,KLAX,27.1,31.0,32.8,29.4,27.1,28.1,27.1,24.8,27.1,24.6,25.5,2.417,26.669,11,26.11,14,0.988,America/Los_Angeles,F
0.274,4.267,6.16,1.874,0.274,2.267,1.317,-1.461,0.274,-2.454,0.024,los-angeles,2026-07-28,KLAX,25.5,29.6,31.9,29.2,25.5,27.9,26.5,24.9,25.5,23.8,27.0,2.297,25.823,11,25.56,14,0.988,America/Los_Angeles,F
0.284,4.084,6.213,1.977,0.284,2.256,1.12,-1.43,0.284,-2.437,0.12,los-angeles,2026-07-29,KLAX,25.8,29.8,31.1,28.6,25.8,27.9,26.6,25.0,25.8,23.5,26.2,2.117,25.721,11,26.11,14,0.986,America/Los_Angeles,F
0.231,3.91,5.91,2.003,0.231,2.124,0.96,-1.347,0.231,-2.469,0.046,los-angeles,2026-07-30,KLAX,25.3,30.5,31.7,26.9,25.3,27.8,27.7,25.2,25.3,23.5,25.5,2.363,25.693,11,25.0,14,0.971,America/Los_Angeles,F
0.201,4.166,5.944,1.973,0.201,2.151,1.137,-1.177,0.201,-2.341,0.109,los-angeles,2026-07-31,KLAX,26.3,30.8,33.3,28.2,26.3,28.9,28.6,24.5,26.3,24.2,25.3,2.65,26.407,11,26.11,14,0.98,America/Los_Angeles,F
0.208,4.636,6.351,2.308,0.208,2.465,1.644,-0.978,0.208,-2.042,0.229,los-angeles,2026-08-01,KLAX,26.5,31.5,34.3,30.0,26.5,29.3,27.8,24.7,26.5,24.8,25.8,2.866,26.646,11,26.11,14,0.523,America/Los_Angeles,F
0.226,4.726,6.54,2.454,0.226,2.526,1.676,-1.017,0.226,-1.946,0.204,los-angeles,2026-08-02,KLAX,25.7,31.5,32.8,29.1,25.7,29.1,27.4,25.2,25.7,24.6,25.9,2.615,26.106,11,25.56,14,0.542,America/Los_Angeles,F
0.221,4.714,6.55,2.507,0.221,2.586,1.657,-1.007,0.221,-1.857,0.207,los-angeles,2026-08-03,KLAX,25.3,29.9,31.6,27.9,25.3,27.7,26.5,23.8,25.3,23.5,24.6,2.434,25.099,11,25.56,14,0.546,America/Los_Angeles,F
0.147,4.847,6.554,2.476,0.147,2.576,1.761,-1.039,0.147,-1.753,0.133,los-angeles,2026-08-04,KLAX,24.6,28.0,30.4,28.3,24.6,27.1,24.8,23.9,24.6,23.2,25.6,2.122,24.493,11,25.0,14,0.551,America/Los_Angeles,F
0.113,4.756,6.606,2.663,0.113,2.577,1.756,-0.966,0.113,-1.637,0.099,los-angeles,2026-08-05,KLAX,24.9,28.1,29.9,26.3,24.9,26.6,25.0,23.5,24.9,22.9,24.3,1.941,24.223,11,24.44,14,0.547,America/Los_Angeles,F
0.131,4.739,6.653,2.717,0.131,2.589,1.553,-0.983,0.131,-1.654,0.124,los-angeles,2026-08-06,KLAX,25.7,29.9,31.4,26.9,25.7,28.4,25.7,24.5,25.7,23.6,25.6,2.234,25.244,11,25.0,14,0.547,America/Los_Angeles,F
0.165,4.722,6.636,2.744,0.165,2.679,1.322,-0.892,0.165,-1.599,0.222,los-angeles,2026-08-07,KLAX,27.0,31.5,32.9,28.0,27.0,29.2,26.8,26.5,27.0,24.0,25.8,2.426,26.269,11,26.11,14,0.543,America/Los_Angeles,F
0.204,4.783,6.569,2.719,0.204,2.64,1.226,-0.817,0.204,-1.689,0.033,los-angeles,2026-08-08,KLAX,26.2,32.9,33.5,28.7,26.2,28.9,29.0,26.0,26.2,24.4,26.5,2.787,26.466,11,26.11,14,0.5,America/Los_Angeles,F
0.194,4.894,6.465,2.672,0.194,2.644,1.322,-0.799,0.194,-1.721,-0.006,los-angeles,2026-08-09,KLAX,26.6,32.8,33.7,28.5,26.6,29.4,27.5,25.2,26.6,24.3,26.9,2.806,26.51,11,26.67,14,0.5,America/Los_Angeles,F
0.218,4.882,6.561,2.611,0.218,2.632,1.254,-0.839,0.218,-1.754,0.075,los-angeles,2026-08-10,KLAX,26.3,30.1,32.8,28.9,26.3,28.8,26.3,24.0,26.3,24.0,26.0,2.529,25.834,11,25.56,14,0.5,America/Los_Angeles,F
0.2,4.857,6.6,2.614,0.2,2.721,1.236,-0.857,0.2,-1.757,0.15,los-angeles,2026-08-11,KLAX,26.9,31.2,31.8,28.1,26.9,27.7,26.3,24.5,26.9,23.5,26.3,2.355,25.826,11,26.67,14,0.5,America/Los_Angeles,F
0.221,4.892,6.514,2.456,0.221,2.628,1.142,-0.965,0.221,-1.858,0.021,los-angeles,2026-08-12,KLAX,25.5,28.0,30.5,27.2,25.5,27.2,25.3,23.6,25.5,22.8,25.6,2.011,24.679,11,24.44,14,0.5,America/Los_Angeles,F
0.319,4.883,6.59,2.476,0.319,2.697,1.169,-0.946,0.319,-1.789,0.097,los-angeles,2026-08-13,KLAX,24.8,25.5,28.9,27.0,24.8,26.2,23.4,23.9,24.8,22.4,25.3,1.686,23.769,11,25.0,14,0.5,America/Los_Angeles,F
0.283,4.526,6.39,2.483,0.283,2.583,0.861,-1.039,0.283,-1.867,0.083,los-angeles,2026-08-14,KLAX,25.5,26.9,28.2,26.5,25.5,26.0,24.1,24.8,25.5,22.7,25.0,1.383,24.239,11,25.56,14,0.52,America/Los_Angeles,F
0.265,4.286,6.065,2.401,0.265,2.415,0.579,-0.978,0.265,-1.935,0.101,los-angeles,2026-08-15,KLAX,24.9,27.3,28.6,24.8,24.9,25.8,24.9,23.2,24.9,22.8,23.6,1.623,24.013,11,24.44,14,0.624,America/Los_Angeles,F
0.27,4.106,5.777,2.149,0.27,2.284,0.491,-0.966,0.27,-1.959,0.063,los-angeles,2026-08-16,KLAX,24.6,28.9,30.3,26.1,24.6,26.5,27.6,23.5,24.6,23.4,23.5,2.223,24.695,11,24.44,14,0.617,America/Los_Angeles,F
0.271,4.0,5.679,2.014,0.271,2.179,0.586,-1.007,0.271,-1.964,-0.029,los-angeles,2026-08-17,KLAX,25.7,30.3,30.9,28.1,25.7,28.1,28.2,25.1,25.7,23.7,24.8,2.222,25.722,11,25.0,14,0.604,America/Los_Angeles,F
0.34,4.069,5.669,2.069,0.34,2.247,0.747,-0.874,0.34,-1.91,0.026,los-angeles,2026-08-18,KLAX,27.6,31.7,33.2,28.2,27.6,28.6,28.0,25.5,27.6,24.2,25.7,2.479,26.786,11,27.22,14,0.622,America/Los_Angeles,F
0.396,4.174,5.71,1.903,0.396,2.196,0.817,-0.919,0.396,-1.997,-0.126,los-angeles,2026-08-19,KLAX,27.2,32.1,34.5,30.0,27.2,29.8,29.9,25.1,27.2,24.6,26.3,2.885,27.214,11,26.67,14,0.618,America/Los_Angeles,F
0.401,4.301,5.879,2.008,0.401,2.265,1.008,-0.964,0.401,-2.035,-0.142,los-angeles,2026-08-20,KLAX,25.0,30.4,33.6,28.4,25.0,28.2,27.7,25.0,25.0,24.5,27.0,2.706,25.982,11,25.0,14,0.632,America/Los_Angeles,F
0.351,4.336,6.036,2.115,0.351,2.251,1.151,-0.928,0.351,-1.971,-0.042,los-angeles,2026-08-21,KLAX,27.9,32.5,35.1,28.5,27.9,30.1,28.3,25.6,27.9,24.9,28.1,2.76,27.503,11,27.22,14,0.681,America/Los_Angeles,F
0.336,4.329,6.114,2.071,0.336,2.236,1.179,-1.071,0.336,-1.986,0.043,los-angeles,2026-08-22,KLAX,27.8,33.1,35.2,30.1,27.8,29.7,29.7,25.4,27.8,25.7,27.1,2.848,27.782,11,27.78,14,0.684,America/Los_Angeles,F
0.331,4.224,6.116,2.052,0.331,2.174,1.109,-1.234,0.331,-2.012,-0.034,los-angeles,2026-08-23,KLAX,28.9,35.1,37.4,31.2,28.9,32.7,30.5,26.7,28.9,26.2,28.6,3.279,29.109,11,28.89,14,0.678,America/Los_Angeles,F
0.336,4.229,6.222,2.086,0.336,2.251,1.165,-1.285,0.336,-2.035,-0.071,los-angeles,2026-08-24,KLAX,28.6,35.7,36.1,32.0,28.6,33.0,30.2,29.1,28.6,25.5,28.5,3.144,28.946,11,27.78,14,0.679,America/Los_Angeles,F
0.342,4.471,6.299,2.149,0.342,2.392,1.285,-1.079,0.342,-2.086,-0.051,los-angeles,2026-08-25,KLAX,28.7,34.1,35.5,31.9,28.7,31.7,31.0,26.3,28.7,26.0,28.5,2.883,28.651,11,28.89,14,0.743,America/Los_Angeles,F
0.312,4.519,6.405,2.262,0.312,2.519,1.462,-1.109,0.312,-2.066,-0.052,los-angeles,2026-08-26,KLAX,30.2,34.7,36.8,33.6,30.2,34.0,31.5,29.1,30.2,27.4,30.0,2.676,30.085,11,30.56,14,0.711,America/Los_Angeles,F
0.211,4.561,6.418,2.282,0.211,2.568,1.468,-1.154,0.211,-2.175,-0.175,los-angeles,2026-08-27,KLAX,32.0,35.0,34.9,32.4,32.0,31.9,29.1,28.9,32.0,26.9,30.1,2.355,30.086,11,31.11,14,0.72,America/Los_Angeles,F
0.289,4.803,6.41,2.231,0.289,2.539,1.439,-1.233,0.289,-2.29,-0.269,los-angeles,2026-08-28,KLAX,30.4,34.6,36.9,32.3,30.4,32.9,32.2,28.5,30.4,27.7,30.2,2.534,30.143,11,29.44,14,0.696,America/Los_Angeles,F
0.361,5.076,6.754,2.369,0.361,2.754,1.74,-1.246,0.361,-2.21,-0.174,los-angeles,2026-08-29,KLAX,30.3,33.0,35.1,32.3,30.3,31.7,30.8,26.7,30.3,26.9,29.6,2.341,29.202,11,29.44,14,0.629,America/Los_Angeles,F
0.39,5.126,6.861,2.547,0.39,2.819,1.804,-1.353,0.39,-2.274,-0.103,los-angeles,2026-08-30,KLAX,29.1,30.7,33.5,29.6,29.1,29.8,28.1,25.7,29.1,25.6,27.2,2.142,27.555,11,28.33,14,0.621,America/Los_Angeles,F
0.434,4.976,6.812,2.519,0.434,2.776,1.562,-1.474,0.434,-2.395,-0.116,los-angeles,2026-08-31,KLAX,25.7,27.8,29.2,26.4,25.7,27.7,25.0,24.5,25.7,23.1,25.3,1.622,24.702,11,25.56,14,0.651,America/Los_Angeles,F
0.394,4.758,6.651,2.358,0.394,2.708,1.294,-1.556,0.394,-2.478,-0.121,los-angeles,2026-09-01,KLAX,24.2,27.2,28.4,24.7,24.2,26.0,24.6,23.4,24.2,22.3,23.4,1.691,23.63,11,23.89,14,0.663,America/Los_Angeles,F
0.389,4.674,6.546,2.346,0.389,2.76,1.289,-1.469,0.389,-2.376,-0.047,los-angeles,2026-09-02,KLAX,25.0,27.0,28.8,25.6,25.0,26.2,24.9,23.6,25.0,22.9,24.9,1.515,24.194,11,24.44,14,0.657,America/Los_Angeles,F
0.391,4.469,6.298,2.191,0.391,2.662,1.091,-1.416,0.391,-2.338,0.012,los-angeles,2026-09-03,KLAX,25.0,25.8,27.5,25.8,25.0,26.8,23.4,23.3,25.0,22.2,25.5,1.486,23.856,11,25.0,14,0.644,America/Los_Angeles,F
0.391,4.141,5.862,2.005,0.391,2.562,0.784,-1.538,0.391,-2.502,-0.095,los-angeles,2026-09-04,KLAX,25.2,26.4,29.0,26.6,25.2,26.6,24.0,24.6,25.2,23.0,26.2,1.518,24.613,11,25.0,14,0.663,America/Los_Angeles,F
0.356,3.864,5.585,2.028,0.356,2.471,0.635,-1.451,0.356,-2.479,-0.072,los-angeles,2026-09-05,KLAX,27.5,30.7,32.9,29.1,27.5,29.9,25.9,26.4,27.5,24.6,28.9,2.245,27.184,11,26.67,14,0.666,America/Los_Angeles,F
0.414,3.771,5.5,2.036,0.414,2.564,0.443,-1.3,0.414,-2.479,0.136,los-angeles,2026-09-06,KLAX,23.5,24.0,23.8,27.6,23.5,25.4,24.5,23.9,23.5,23.2,23.6,1.214,23.304,11,23.89,14,0.68,America/Los_Angeles,F
0.386,3.336,4.886,2.136,0.386,2.4,0.371,-1.143,0.386,-2.336,0.136,los-angeles,2026-09-07,KLAX,30.1,30.3,31.1,29.8,30.1,31.3,28.4,30.0,30.1,25.5,28.7,1.527,28.483,11,28.89,14,0.696,America/Los_Angeles,F
0.414,2.871,4.449,1.899,0.414,2.199,0.164,-1.158,0.414,-2.415,0.071,los-angeles,2026-09-08,KLAX,31.3,30.1,30.3,31.4,31.3,34.0,30.5,30.5,31.3,26.8,29.9,1.621,29.671,11,32.78,14,0.631,America/Los_Angeles,F
0.321,2.307,3.8,1.586,0.321,2.086,-0.15,-1.136,0.321,-2.636,-0.107,los-angeles,2026-09-09,KLAX,37.2,38.4,38.3,37.3,37.2,39.2,35.6,30.9,37.2,29.8,34.4,2.93,35.067,11,36.11,14,1.042,America/Los_Angeles,F
0.425,2.175,3.511,1.454,0.425,2.061,-0.254,-1.404,0.425,-2.861,-0.189,los-angeles,2026-09-10,KLAX,34.4,33.3,35.5,34.2,34.4,35.5,31.6,29.4,34.4,28.9,31.5,2.213,32.522,11,32.78,14,1.071,America/Los_Angeles,F
0.477,1.934,3.434,1.463,0.477,2.199,-0.194,-1.487,0.477,-2.837,-0.209,los-angeles,2026-09-11,KLAX,28.8,30.1,31.6,30.7,28.8,31.0,28.6,27.7,28.8,27.8,28.4,1.266,28.996,11,29.44,14,1.037,America/Los_Angeles,F
0.363,1.613,3.056,1.349,0.363,2.063,-0.451,-1.544,0.363,-2.83,-0.337,los-angeles,2026-09-12,KLAX,27.5,28.0,30.2,28.7,27.5,29.6,26.6,26.3,27.5,25.5,26.7,1.35,27.414,11,27.22,14,1.027,America/Los_Angeles,F
0.321,1.414,2.864,1.25,0.321,2.071,-0.593,-1.414,0.321,-2.771,-0.386,los-angeles,2026-09-13,KLAX,25.3,27.2,30.0,27.0,25.3,27.1,25.8,25.0,25.3,24.1,25.1,1.551,25.905,11,25.56,14,1.026,America/Los_Angeles,F
0.248,1.362,2.812,1.262,0.248,2.076,-0.559,-1.266,0.248,-2.681,-0.338,los-angeles,2026-09-14,KLAX,26.7,26.7,29.9,27.6,26.7,27.9,25.5,25.4,26.7,24.1,25.3,1.484,26.383,11,25.56,14,1.01,America/Los_Angeles,F
0.319,1.284,2.862,1.348,0.319,2.091,-0.524,-1.202,0.319,-2.609,-0.338,los-angeles,2026-09-15,KLAX,26.7,25.2,27.9,26.2,26.7,27.0,23.3,25.4,26.7,23.5,25.3,1.373,25.636,11,26.67,14,1.007,America/Los_Angeles,F
0.299,0.942,2.628,1.256,0.299,1.964,-0.815,-1.258,0.299,-2.722,-0.401,los-angeles,2026-09-16,KLAX,25.3,25.3,27.6,25.3,25.3,25.8,23.1,23.3,25.3,22.5,23.9,1.392,24.739,11,25.56,14,1.042,America/Los_Angeles,F
0.241,0.741,2.462,1.155,0.241,1.855,-1.024,-1.359,0.241,-2.831,-0.552,los-angeles,2026-09-17,KLAX,24.5,25.4,26.3,24.0,24.5,24.7,22.5,22.7,24.5,22.6,22.9,1.19,24.251,11,24.44,14,1.063,America/Los_Angeles,F
0.245,0.752,2.416,1.066,0.245,1.745,-1.048,-1.362,0.245,-2.762,-0.698,los-angeles,2026-09-18,KLAX,24.5,25.4,27.0,24.1,24.5,25.4,23.5,23.5,24.5,23.0,23.7,1.083,24.614,11,24.44,14,1.02,America/Los_Angeles,F
0.235,0.721,2.314,0.928,0.235,1.699,-1.044,-1.401,0.235,-2.722,-0.836,los-angeles,2026-09-19,KLAX,24.7,26.1,28.7,25.4,24.7,26.2,23.8,23.5,24.7,23.5,24.0,1.468,25.189,11,25.0,14,1.015,America/Los_Angeles,F
0.154,0.511,2.133,0.783,0.154,1.554,-1.074,-1.489,0.154,-2.681,-1.067,los-angeles,2026-09-20,KLAX,24.9,24.3,27.8,26.8,24.9,26.1,22.5,24.4,24.9,23.0,23.1,1.554,24.981,11,25.0,14,1.007,America/Los_Angeles,F
0.175,0.454,2.339,0.646,0.175,1.525,-1.296,-1.532,0.175,-2.775,-1.182,los-angeles,2026-09-21,KLAX,24.7,24.7,26.0,25.5,24.7,25.5,22.6,22.9,24.7,22.8,22.8,1.196,24.571,11,25.0,14,0.995,America/Los_Angeles,F
0.067,0.331,2.253,0.617,0.067,1.389,-1.433,-1.761,0.067,-2.69,-1.326,los-angeles,2026-09-22,KLAX,24.3,25.7,27.4,25.1,24.3,25.7,23.9,22.9,24.3,23.1,22.7,1.345,24.856,11,24.44,14,0.996,America/Los_Angeles,F
0.51,-0.19,0.03,-0.01,0.51,0.93,-0.77,-0.13,0.51,1.35,1.71,dallas,2026-06-30,KDAL,35.2,33.6,35.3,34.9,35.2,35.4,34.7,35.1,35.2,36.5,35.2,0.645,34.767,11,35.0,0,1.2,America/Chicago,F
0.458,-0.392,0.075,-0.025,0.458,0.842,-0.692,-0.092,0.458,1.375,1.458,dallas,2026-07-01,KDAL,35.4,35.1,35.9,34.8,35.4,35.3,34.5,35.4,35.4,36.5,35.6,0.502,35.065,11,35.0,0,1.2,America/Chicago,F
0.45,-0.321,0.193,-0.05,0.45,0.764,-0.664,-0.021,0.45,1.393,1.336,dallas,2026-07-02,KDAL,35.9,34.9,36.0,34.5,35.9,34.8,34.1,35.7,35.9,35.7,36.2,0.677,34.999,11,35.0,0,1.2,America/Chicago,F
0.506,-0.294,0.294,-0.106,0.506,0.644,-0.694,0.069,0.506,1.306,1.319,dallas,2026-07-03,KDAL,36.6,35.9,36.5,36.2,36.6,36.5,34.0,36.3,36.6,36.7,37.3,0.796,35.873,11,36.11,8,0.503,America/Chicago,F
0.504,-0.284,0.304,-0.084,0.504,0.616,-0.851,0.082,0.504,1.227,1.304,dallas,2026-07-04,KDAL,37.3,37.2,37.8,36.7,37.3,37.1,36.1,36.7,37.3,37.7,38.2,0.552,36.827,11,36.67,9,0.5,America/Chicago,F
0.517,-0.203,0.387,-0.073,0.517,0.597,-0.823,0.077,0.517,1.207,1.327,dallas,2026-07-05,KDAL,37.0,34.7,35.2,35.5,37.0,36.5,31.7,34.2,37.0,36.4,33.6,1.617,35.219,11,36.11,10,0.5,America/Chicago,F
0.551,-0.313,0.269,-0.122,0.551,0.578,-1.149,-0.104,0.551,1.124,0.978,dallas,2026-07-06,KDAL,37.4,36.0,36.1,36.6,37.4,36.8,33.9,31.7,37.4,36.4,38.0,1.75,35.945,11,36.67,11,0.513,America/Chicago,F
0.566,-0.342,0.199,-0.117,0.566,0.541,-1.284,-0.509,0.566,1.008,1.008,dallas,2026-07-07,KDAL,37.3,31.8,35.2,36.5,37.3,36.1,34.3,36.2,37.3,36.1,37.1,1.587,35.625,11,38.33,12,0.534,America/Chicago,F
0.443,-0.818,-0.057,-0.249,0.443,0.328,-1.495,-0.634,0.443,0.758,0.835,dallas,2026-07-08,KDAL,38.6,37.3,36.8,37.2,38.6,37.6,36.9,37.5,38.6,37.8,37.9,0.632,37.625,11,38.33,13,0.909,America/Chicago,F
0.431,-0.834,-0.162,-0.312,0.431,0.252,-1.491,-0.648,0.431,0.666,0.745,dallas,2026-07-09,KDAL,38.5,37.5,37.6,37.0,38.5,38.3,37.0,37.7,38.5,39.0,39.0,0.695,38.131,11,38.33,14,0.896,America/Chicago,F
0.416,-0.891,-0.169,-0.398,0.416,0.202,-1.441,-0.655,0.416,0.624,0.659,dallas,2026-07-10,KDAL,37.1,36.1,36.3,36.5,37.1,37.1,36.4,36.7,37.1,38.1,37.1,0.529,36.98,11,36.67,14,0.892,America/Chicago,F
0.393,-0.95,-0.2,-0.436,0.393,0.143,-1.364,-0.621,0.393,0.636,0.55,dallas,2026-07-11,KDAL,36.7,35.5,36.2,35.8,36.7,35.8,35.0,35.9,36.7,36.7,35.6,0.561,36.161,11,36.67,14,0.878,America/Chicago,F
0.385,-1.008,-0.222,-0.436,0.385,0.006,-1.394,-0.636,0.385,0.571,0.335,dallas,2026-07-12,KDAL,35.9,33.6,36.2,34.8,35.9,35.5,32.0,34.6,35.9,34.3,33.7,1.237,34.837,11,36.67,14,0.885,America/Chicago,F
0.306,-1.201,-0.273,-0.58,0.306,-0.123,-1.737,-0.787,0.306,0.299,0.034,dallas,2026-07-13,KDAL,31.3,29.7,29.1,29.0,31.3,28.7,28.8,28.2,31.3,29.8,29.9,1.071,30.071,11,33.33,14,1.001,America/Chicago,F
0.094,-1.428,-0.621,-0.921,0.094,-0.528,-2.106,-1.214,0.094,-0.085,-0.321,dallas,2026-07-14,KDAL,32.0,30.1,30.2,31.5,32.0,32.1,29.0,27.8,32.0,29.8,32.5,1.461,31.248,11,32.78,14,1.3,America/Chicago,F
0.024,-1.519,-0.826,-1.005,0.024,-0.605,-2.355,-1.576,0.024,-0.405,-0.355,dallas,2026-07-15,KDAL,32.1,30.1,30.2,31.2,32.1,32.6,28.4,29.4,32.1,30.8,30.4,1.249,31.617,11,32.78,14,1.361,America/Chicago,F
-0.054,-1.718,-1.075,-1.104,-0.054,-0.639,-2.632,-1.846,-0.054,-0.654,-0.568,dallas,2026-07-16,KDAL,32.4,30.8,30.2,32.0,32.4,28.9,29.5,30.8,32.4,31.0,31.5,1.146,31.972,11,31.67,14,1.396,America/Chicago,F
-0.066,-1.773,-1.251,-1.044,-0.066,-0.823,-2.723,-1.959,-0.066,-0.751,-0.666,dallas,2026-07-17,KDAL,34.7,33.8,34.0,34.1,34.7,35.1,31.5,31.5,34.7,33.4,35.3,1.249,34.811,11,34.44,14,1.399,America/Chicago,F
-0.082,-1.804,-1.311,-1.075,-0.082,-0.804,-2.782,-2.182,-0.082,-0.868,-0.689,dallas,2026-07-18,KDAL,35.9,35.1,35.9,35.0,35.9,35.7,32.6,35.3,35.9,35.6,36.3,0.955,36.434,11,36.11,14,1.401,America/Chicago,F
-0.142,-1.914,-1.406,-1.156,-0.142,-0.864,-2.992,-2.242,-0.142,-0.978,-0.785,dallas,2026-07-19,KDAL,36.9,35.5,35.0,36.7,36.9,36.4,32.3,35.6,36.9,36.1,37.1,1.327,37.083,11,36.67,14,1.403,America/Chicago,F
-0.189,-1.896,-1.461,-1.111,-0.189,-0.911,-2.989,-2.182,-0.189,-1.039,-0.575,dallas,2026-07-20,KDAL,38.2,37.2,36.8,37.6,38.2,38.3,36.9,37.1,38.2,38.3,37.5,0.569,38.837,11,38.89,14,1.387,America/Chicago,F
-0.291,-1.969,-1.569,-1.198,-0.291,-0.962,-2.934,-1.955,-0.291,-1.062,-0.769,dallas,2026-07-21,KDAL,41.0,38.6,38.8,39.1,41.0,40.8,39.3,40.0,41.0,40.8,39.9,0.904,41.304,11,41.67,14,1.373,America/Chicago,F
-0.265,-1.722,-1.551,-1.251,-0.265,-0.865,-2.815,-1.922,-0.265,-0.965,-0.808,dallas,2026-07-22,KDAL,40.9,39.5,39.3,40.2,40.9,40.8,38.8,40.7,40.9,40.6,40.3,0.705,41.381,11,42.22,14,1.172,America/Chicago,F
-0.379,-1.843,-1.65,-1.314,-0.379,-0.914,-2.957,-1.971,-0.379,-1.043,-0.914,dallas,2026-07-23,KDAL,36.9,34.6,35.3,35.8,36.9,36.8,35.0,35.9,36.9,37.4,37.3,0.93,37.591,11,36.11,14,1.178,America/Chicago,F
-0.334,-1.891,-1.656,-1.241,-0.334,-0.863,-2.941,-1.941,-0.334,-0.999,-0.877,dallas,2026-07-24,KDAL,35.4,33.9,34.9,34.9,35.4,35.4,33.3,35.1,35.4,35.8,36.1,0.774,36.289,11,34.44,14,1.241,America/Chicago,F
-0.296,-1.889,-1.596,-1.196,-0.296,-0.825,-3.004,-1.896,-0.296,-1.004,-0.789,dallas,2026-07-25,KDAL,38.2,36.5,37.2,37.1,38.2,37.1,35.5,37.2,38.2,38.0,38.5,0.861,38.662,11,36.67,14,1.334,America/Chicago,F
-0.189,-1.818,-1.525,-1.104,-0.189,-0.732,-2.968,-1.804,-0.189,-0.911,-0.582,dallas,2026-07-26,KDAL,38.0,36.7,37.4,36.6,38.0,37.3,37.2,37.8,38.0,38.6,38.4,0.621,38.78,11,36.67,14,1.43,America/Chicago,F
-0.039,-1.596,-1.439,-0.975,-0.039,-0.604,-2.596,-1.575,-0.039,-0.604,-0.246,dallas,2026-07-27,KDAL,38.3,37.7,37.9,37.2,38.3,37.9,37.5,38.5,38.3,39.1,39.1,0.576,39.074,11,37.22,14,1.457,America/Chicago,F
0.183,-1.303,-1.089,-0.667,0.183,-0.224,-2.253,-1.117,0.183,-0.217,0.133,dallas,2026-07-28,KDAL,38.4,37.3,38.0,37.4,38.4,38.0,37.2,38.4,38.4,39.4,37.8,0.609,38.744,11,37.22,14,1.268,America/Chicago,F
0.323,-1.106,-0.849,-0.563,0.323,-0.12,-1.984,-0.677,0.323,0.151,0.194,dallas,2026-07-29,KDAL,37.8,36.6,36.5,36.2,37.8,37.3,36.9,37.4,37.8,38.7,37.8,0.704,37.803,11,36.67,14,1.268,America/Chicago,F
0.452,-0.919,-0.676,-0.484,0.452,-0.062,-1.655,-0.384,0.452,0.438,0.445,dallas,2026-07-30,KDAL,38.6,38.1,38.4,37.8,38.6,37.6,36.8,38.6,38.6,38.5,38.4,0.547,38.31,11,37.22,14,1.266,America/Chicago,F
0.499,-0.794,-0.487,-0.466,0.499,0.163,-1.53,-0.223,0.499,0.577,0.541,dallas,2026-07-31,KDAL,39.8,38.4,39.6,38.6,39.8,39.6,39.6,39.8,39.8,40.3,39.9,0.536,39.597,11,38.89,14,1.296,America/Chicago,F
0.545,-0.784,-0.405,-0.462,0.545,0.166,-1.269,0.052,0.545,0.752,0.552,dallas,2026-08-01,KDAL,36.7,35.9,36.5,35.0,36.7,36.6,36.2,37.1,36.7,36.7,37.2,0.581,36.351,11,36.11,14,1.306,America/Chicago,F
0.602,-0.726,-0.362,-0.462,0.602,0.231,-1.012,0.181,0.602,0.831,0.616,dallas,2026-08-02,KDAL,35.9,35.4,36.3,34.3,35.9,35.6,35.0,36.5,35.9,36.3,36.1,0.616,35.612,11,35.0,14,1.305,America/Chicago,F
0.65,-0.614,-0.15,-0.514,0.65,0.293,-0.7,0.364,0.65,0.964,0.664,dallas,2026-08-03,KDAL,38.6,37.6,38.3,36.8,38.6,37.8,37.2,38.8,38.6,38.2,37.9,0.612,37.77,11,37.22,14,1.31,America/Chicago,F
0.798,-0.466,0.076,-0.452,0.798,0.376,-0.559,0.605,0.798,1.076,0.812,dallas,2026-08-04,KDAL,38.4,37.8,38.6,36.9,38.4,38.1,38.1,38.9,38.4,39.0,38.0,0.548,37.879,11,37.78,14,1.319,America/Chicago,F
0.89,-0.246,0.34,-0.331,0.89,0.461,-0.367,0.804,0.89,1.226,0.954,dallas,2026-08-05,KDAL,39.0,38.3,38.6,37.4,39.0,38.5,37.6,39.1,39.0,38.9,38.6,0.55,38.009,11,38.33,14,1.315,America/Chicago,F
1.032,-0.054,0.568,-0.254,1.032,0.575,-0.175,0.968,1.032,1.382,1.111,dallas,2026-08-06,KDAL,38.7,38.0,38.1,37.4,38.7,37.8,38.0,39.1,38.7,38.7,38.5,0.485,37.611,11,37.78,14,1.299,America/Chicago,F
1.041,0.07,0.649,-0.259,1.041,0.527,-0.08,1.077,1.041,1.356,1.077,dallas,2026-08-07,KDAL,39.4,38.1,38.6,37.7,39.4,38.1,37.4,38.9,39.4,38.8,38.3,0.665,37.864,11,37.78,14,1.238,America/Chicago,F
1.089,0.131,0.674,-0.297,1.089,0.481,-0.026,1.11,1.089,1.331,0.996,dallas,2026-08-08,KDAL,38.6,37.4,38.0,37.8,38.6,38.1,36.6,39.2,38.6,38.3,37.6,0.68,37.317,11,38.33,14,1.135,America/Chicago,F
0.999,0.077,0.613,-0.366,0.999,0.434,-0.066,1.134,0.999,1.234,0.813,dallas,2026-08-09,KDAL,37.3,36.4,35.5,36.4,37.3,36.5,36.8,37.0,37.3,37.0,35.5,0.627,35.968,11,36.67,14,1.038,America/Chicago,F
0.949,0.056,0.477,-0.38,0.949,0.377,-0.094,1.077,0.949,1.12,0.606,dallas,2026-08-10,KDAL,37.4,36.6,36.7,36.5,37.4,37.5,36.5,38.3,37.4,37.9,37.8,0.588,36.677,11,36.67,14,0.892,America/Chicago,F
0.924,0.016,0.431,-0.391,0.924,0.388,-0.126,1.102,0.924,1.074,0.552,dallas,2026-08-11,KDAL,38.0,37.5,37.2,37.2,38.0,37.8,37.2,38.2,38.0,38.2,38.1,0.391,37.188,11,37.22,14,0.742,America/Chicago,F
0.895,0.031,0.374,-0.405,0.895,0.374,-0.126,1.088,0.895,0.988,0.574,dallas,2026-08-12,KDAL,39.6,38.1,38.4,37.4,39.6,38.7,38.1,39.5,39.6,39.2,39.1,0.723,38.35,11,38.33,14,0.62,America/Chicago,F
0.905,0.019,0.391,-0.438,0.905,0.355,-0.159,1.119,0.905,0.905,0.548,dallas,2026-08-13,KDAL,39.2,38.3,38.7,37.7,39.2,38.9,38.4,39.4,39.2,39.2,39.4,0.517,38.351,11,38.33,14,0.541,America/Chicago,F
0.869,-0.046,0.333,-0.524,0.869,0.369,-0.124,1.097,0.869,0.876,0.54,dallas,2026-08-14,KDAL,39.0,36.9,38.2,37.2,39.0,38.3,37.1,39.3,39.0,38.8,39.1,0.85,37.906,11,37.78,14,0.5,America/Chicago,F
0.891,-0.074,0.312,-0.545,0.891,0.355,-0.224,1.141,0.891,0.848,0.562,dallas,2026-08-15,KDAL,38.8,37.5,38.4,37.5,38.8,38.4,37.7,39.4,38.8,38.5,38.5,0.573,37.876,11,37.78,14,0.5,America/Chicago,F
0.921,-0.079,0.329,-0.486,0.921,0.364,-0.236,1.186,0.921,0.857,0.536,dallas,2026-08-16,KDAL,40.2,39.4,40.0,38.4,40.2,39.6,39.3,40.6,40.2,39.5,39.5,0.578,39.164,11,39.44,14,0.5,America/Chicago,F
0.911,-0.11,0.276,-0.51,0.911,0.333,-0.246,1.161,0.911,0.769,0.461,dallas,2026-08-17,KDAL,40.9,40.0,40.8,39.0,40.9,40.5,39.7,40.7,40.9,40.6,39.8,0.602,39.933,11,40.0,14,0.5,America/Chicago,F
0.877,-0.137,0.256,-0.551,0.877,0.327,-0.266,1.099,0.877,0.741,0.399,dallas,2026-08-18,KDAL,41.6,40.3,41.1,39.6,41.6,40.9,40.5,42.2,41.6,41.0,40.8,0.693,40.566,11,40.0,14,0.5,America/Chicago,F
0.947,-0.117,0.276,-0.517,0.947,0.369,-0.253,1.176,0.947,0.726,0.44,dallas,2026-08-19,KDAL,41.3,39.9,40.8,39.5,41.3,40.2,40.1,41.3,41.3,40.7,40.4,0.615,40.164,11,40.0,14,0.5,America/Chicago,F
0.992,-0.122,0.314,-0.486,0.992,0.371,-0.194,1.214,0.992,0.735,0.449,dallas,2026-08-20,KDAL,41.5,39.9,40.0,39.4,41.5,40.7,40.3,40.8,41.5,41.0,40.2,0.686,40.194,11,40.0,14,0.5,America/Chicago,F
1.034,-0.145,0.291,-0.502,1.034,0.419,-0.188,1.176,1.034,0.741,0.412,dallas,2026-08-21,KDAL,37.5,37.5,38.3,37.9,37.5,38.8,38.1,39.0,37.5,40.4,37.6,0.867,37.887,11,36.67,14,0.5,America/Chicago,F
0.977,-0.109,0.349,-0.409,0.977,0.549,-0.059,1.263,0.977,0.934,0.441,dallas,2026-08-22,KDAL,41.4,40.4,40.1,39.6,41.4,41.1,39.7,41.8,41.4,41.4,39.8,0.785,40.271,11,40.0,14,0.5,America/Chicago,F
1.058,-0.014,0.379,-0.399,1.058,0.644,0.044,1.329,1.058,1.036,0.479,dallas,2026-08-23,KDAL,42.6,41.3,41.9,41.6,42.6,41.7,42.1,42.6,42.6,41.1,42.4,0.535,41.21,11,42.22,14,0.5,America/Chicago,F
1.04,-0.06,0.44,-0.424,1.04,0.619,0.026,1.333,1.04,0.933,0.576,dallas,2026-08-24,KDAL,43.1,41.0,42.3,41.3,43.1,41.8,41.5,43.2,43.1,41.4,42.4,0.799,41.459,11,41.67,14,0.5,America/Chicago,F
1.09,-0.103,0.483,-0.439,1.09,0.569,0.026,1.326,1.09,0.826,0.547,dallas,2026-08-25,KDAL,39.6,37.4,39.5,37.7,39.6,39.7,39.3,38.9,39.6,40.1,40.3,0.874,38.736,11,37.78,14,0.5,America/Chicago,F
1.164,-0.15,0.607,-0.443,1.164,0.664,0.136,1.336,1.164,0.921,0.664,dallas,2026-08-26,KDAL,39.1,37.9,38.1,38.5,39.1,38.0,36.9,39.0,39.1,39.0,37.7,0.703,37.818,11,37.78,14,0.536,America/Chicago,F
1.168,-0.125,0.625,-0.325,1.168,0.654,0.089,1.339,1.168,0.946,0.604,dallas,2026-08-27,KDAL,38.7,37.1,37.4,37.5,38.7,37.5,36.2,36.2,38.7,37.4,39.1,0.957,36.999,11,37.78,14,0.536,America/Chicago,F
1.171,-0.171,0.571,-0.3,1.171,0.593,-0.029,1.15,1.171,0.857,0.621,dallas,2026-08-28,KDAL,38.9,38.1,38.7,38.0,38.9,38.6,37.7,40.0,38.9,38.5,39.0,0.587,37.94,11,38.33,14,0.576,America/Chicago,F
1.125,-0.125,0.568,-0.282,1.125,0.575,-0.025,1.161,1.125,0.796,0.575,dallas,2026-08-29,KDAL,39.1,38.4,38.8,38.0,39.1,38.5,38.1,40.3,39.1,38.7,37.6,0.69,38.054,11,38.33,14,0.584,America/Chicago,F
1.107,-0.1,0.557,-0.286,1.107,0.543,-0.036,1.186,1.107,0.771,0.471,dallas,2026-08-30,KDAL,38.7,38.2,38.4,37.7,38.7,38.1,37.7,39.6,38.7,38.6,38.2,0.513,37.807,11,37.78,14,0.588,America/Chicago,F
1.119,-0.067,0.561,-0.217,1.119,0.554,-0.031,1.233,1.119,0.826,0.497,dallas,2026-08-31,KDAL,38.7,37.4,38.3,37.4,38.7,37.5,37.4,39.3,38.7,38.1,37.4,0.666,37.451,11,37.78,14,0.583,America/Chicago,F
1.12,-0.094,0.541,-0.173,1.12,0.499,-0.037,1.291,1.12,0.806,0.484,dallas,2026-09-01,KDAL,37.8,37.7,36.8,37.6,37.8,37.0,36.3,38.5,37.8,37.3,36.2,0.672,36.69,11,37.22,14,0.59,America/Chicago,F
1.047,-0.081,0.433,-0.117,1.047,0.419,-0.139,1.226,1.047,0.74,0.354,dallas,2026-09-02,KDAL,37.6,35.9,36.5,37.0,37.6,36.9,35.6,38.0,37.6,36.8,37.5,0.726,36.377,11,37.78,14,0.587,America/Chicago,F
0.941,-0.209,0.284,-0.137,0.941,0.341,-0.301,1.149,0.941,0.62,0.306,dallas,2026-09-03,KDAL,33.4,31.2,31.9,33.7,33.4,30.9,31.5,30.0,33.4,32.0,33.1,1.188,31.782,11,32.78,14,0.695,America/Chicago,F
0.879,-0.314,0.221,-0.029,0.879,0.157,-0.414,0.893,0.879,0.493,0.314,dallas,2026-09-04,KDAL,37.7,36.3,36.1,36.8,37.7,35.9,35.5,35.1,37.7,36.9,36.5,0.855,36.322,11,37.22,14,0.743,America/Chicago,F
0.854,-0.439,0.025,-0.146,0.854,-0.089,-0.639,0.575,0.854,0.204,0.196,dallas,2026-09-05,KDAL,39.5,36.5,37.8,37.1,39.5,36.7,36.3,36.3,39.5,37.1,36.9,1.252,37.454,11,37.22,14,0.71,America/Chicago,F
0.916,-0.519,0.059,-0.126,0.916,-0.205,-0.684,0.381,0.916,0.095,0.188,dallas,2026-09-06,KDAL,37.5,36.2,36.2,37.1,37.5,37.0,36.8,38.5,37.5,38.1,37.6,0.68,37.138,11,36.67,14,0.709,America/Chicago,F
0.949,-0.487,0.049,-0.051,0.949,-0.144,-0.666,0.484,0.949,0.277,0.241,dallas,2026-09-07,KDAL,38.7,37.6,37.4,37.8,38.7,38.4,37.7,39.5,38.7,38.5,38.6,0.6,38.048,11,37.78,14,0.667,America/Chicago,F
0.912,-0.452,-0.024,-0.024,0.912,-0.109,-0.659,0.498,0.912,0.348,0.248,dallas,2026-09-08,KDAL,38.8,37.7,37.6,38.0,38.8,38.3,37.1,39.4,38.8,38.3,37.1,0.714,37.928,11,37.78,14,0.669,America/Chicago,F
0.855,-0.431,-0.159,-0.002,0.855,-0.209,-0.816,0.534,0.855,0.219,0.019,dallas,2026-09-09,KDAL,38.2,37.0,37.1,37.2,38.2,37.4,36.0,39.0,38.2,38.2,38.4,0.812,37.595,11,37.78,14,0.619,America/Chicago,F
0.791,-0.495,-0.231,-0.095,0.791,-0.252,-0.881,0.534,0.791,0.162,0.069,dallas,2026-09-10,KDAL,38.9,35.4,37.2,37.1,38.9,37.4,35.4,38.4,38.9,37.2,36.9,1.212,37.347,11,37.22,14,0.621,America/Chicago,F
0.845,-0.576,-0.205,-0.084,0.845,-0.219,-0.898,0.731,0.845,0.188,-0.048,dallas,2026-09-11,KDAL,38.6,34.3,35.7,37.1,38.6,35.8,30.6,33.5,38.6,36.9,36.1,2.35,36.256,11,37.22,14,0.586,America/Chicago,F
0.903,-0.769,-0.34,-0.069,0.903,-0.34,-1.326,0.346,0.903,0.153,-0.176,dallas,2026-09-12,KDAL,39.3,38.0,37.9,37.8,39.3,38.5,35.6,40.0,39.3,38.7,38.9,1.123,38.48,11,38.33,14,0.632,America/Chicago,F
0.917,-0.797,-0.404,-0.083,0.917,-0.34,-1.504,0.324,0.917,0.153,-0.083,dallas,2026-09-13,KDAL,38.5,37.3,37.9,36.8,38.5,37.8,36.1,39.0,38.5,38.4,37.1,0.848,37.88,11,37.22,14,0.628,America/Chicago,F
0.943,-0.821,-0.4,-0.107,0.943,-0.321,-1.579,0.321,0.943,0.179,-0.121,dallas,2026-09-14,KDAL,38.3,37.5,37.3,36.8,38.3,37.4,36.1,38.5,38.3,38.1,37.3,0.716,37.665,11,37.22,14,0.653,America/Chicago,F
0.954,-0.774,-0.431,-0.11,0.954,-0.289,-1.631,0.304,0.954,0.219,-0.089,dallas,2026-09-15,KDAL,38.4,37.4,38.0,37.2,38.4,38.3,36.3,39.2,38.4,38.7,38.3,0.766,38.067,11,37.22,14,0.658,America/Chicago,F
0.997,-0.796,-0.346,-0.139,0.997,-0.196,-1.631,0.354,0.997,0.319,0.061,dallas,2026-09-16,KDAL,37.8,36.6,37.5,37.3,37.8,37.5,36.1,38.6,37.8,38.1,36.6,0.701,37.378,11,37.22,14,0.681,America/Chicago,F
1.051,-0.706,-0.234,-0.077,1.051,-0.113,-1.556,0.437,1.051,0.451,0.037,dallas,2026-09-17,KDAL,37.2,36.6,36.7,36.1,37.2,36.9,35.2,37.1,37.2,37.2,36.2,0.608,36.577,11,36.11,14,0.57,America/Chicago,F
1.085,-0.558,-0.129,-0.144,1.085,0.078,-1.529,0.706,1.085,0.585,0.021,dallas,2026-09-18,KDAL,37.2,35.4,36.4,35.7,37.2,35.9,35.1,37.9,37.2,37.3,35.9,0.884,36.313,11,36.11,14,0.519,America/Chicago,F
1.129,-0.543,-0.029,-0.143,1.129,0.157,-1.479,0.986,1.129,0.693,0.057,dallas,2026-09-19,KDAL,36.3,34.9,35.4,34.6,36.3,35.0,35.1,36.8,36.3,36.9,36.0,0.771,35.566,11,35.56,14,0.5,America/Chicago,F
1.019,-0.539,-0.081,-0.203,1.019,0.154,-1.446,1.14,1.019,0.797,0.111,dallas,2026-09-20,KDAL,35.8,34.8,36.5,35.9,35.8,35.9,33.7,35.1,35.8,36.6,36.4,0.809,35.431,11,35.56,14,0.5,America/Chicago,F
0.976,-0.559,0.019,-0.209,0.976,0.155,-1.588,0.976,0.976,0.769,0.105,dallas,2026-09-21,KDAL,37.1,33.2,35.3,36.2,37.1,34.8,33.5,35.7,37.1,35.9,35.5,1.283,35.36,11,36.11,14,0.5,America/Chicago,F
0.981,-0.754,-0.011,-0.204,0.981,0.017,-1.769,0.824,0.981,0.703,0.003,dallas,2026-09-22,KDAL,36.5,34.1,34.3,35.7,36.5,35.5,32.2,36.7,36.5,35.7,35.5,1.302,35.186,11,36.11,14,0.5,America/Chicago,F
-0.98,-0.82,-0.76,-0.7,-1.88,-1.28,-1.98,-1.36,,,-1.64,buenos-aires,2026-06-30,SAEZ,14.0,14.4,14.2,14.0,13.0,14.0,12.5,13.9,,,13.6,0.575,15.011,9,15.0,0,1.2,America/Argentina/Buenos_Aires,C
-0.983,-0.783,-0.767,-0.75,-1.9,-1.233,-2.067,-1.317,,,-1.6,buenos-aires,2026-07-01,SAEZ,13.1,13.7,13.5,13.7,12.8,13.4,12.6,13.1,,,12.4,0.445,14.386,9,15.0,0,1.2,America/Argentina/Buenos_Aires,C
-1.114,-0.857,-0.871,-0.829,-1.943,-1.286,-2.114,-1.4,,,-1.743,buenos-aires,2026-07-02,SAEZ,8.0,8.1,8.1,8.6,8.1,8.0,7.9,8.8,,,7.7,0.324,9.418,9,9.0,0,1.2,America/Argentina/Buenos_Aires,C
-1.1,-0.863,-0.875,-0.775,-1.812,-1.25,-1.988,-1.25,,,-1.688,buenos-aires,2026-07-03,SAEZ,9.2,9.4,9.2,9.5,8.8,9.3,8.4,9.3,,,8.4,0.395,10.332,9,10.0,8,1.235,America/Argentina/Buenos_Aires,C
-1.067,-0.833,-0.867,-0.744,-1.744,-1.189,-1.944,-1.189,,,-1.678,buenos-aires,2026-07-04,SAEZ,9.7,9.6,9.5,10.9,9.9,10.4,10.2,10.8,,,9.7,0.494,11.196,9,10.0,9,1.169,America/Argentina/Buenos_Aires,C
-0.99,-0.79,-0.83,-0.58,-1.58,-1.03,-1.73,-0.99,,,-1.54,buenos-aires,2026-07-05,SAEZ,9.0,9.1,8.7,7.9,7.2,8.0,7.7,8.3,,,8.1,0.586,9.414,9,9.0,10,1.172,America/Argentina/Buenos_Aires,C
-0.9,-0.709,-0.782,-0.627,-1.6,-1.027,-1.691,-0.964,,,-1.482,buenos-aires,2026-07-06,SAEZ,10.7,10.4,10.7,10.8,10.0,10.0,9.1,9.8,,,10.1,0.512,11.311,9,11.0,11,1.124,America/Argentina/Buenos_Aires,C
-0.85,-0.7,-0.742,-0.592,-1.55,-1.025,-1.708,-0.983,,,-1.433,buenos-aires,2026-07-07,SAEZ,16.1,16.9,16.2,16.7,14.3,16.8,14.9,14.2,,,16.4,1.013,16.934,9,18.0,12,1.08,America/Argentina/Buenos_Aires,C
-0.931,-0.731,-0.823,-0.646,-1.715,-1.038,-1.815,-1.2,,,-1.446,buenos-aires,2026-07-08,SAEZ,17.3,16.3,17.3,17.7,16.3,16.9,15.3,16.1,,,16.6,0.698,17.832,9,18.0,13,1.079,America/Argentina/Buenos_Aires,C
-0.914,-0.8,-0.814,-0.621,-1.714,-1.043,-1.879,-1.25,,,-1.443,buenos-aires,2026-07-09,SAEZ,16.6,16.1,16.5,19.2,17.0,16.8,16.7,16.7,,,15.7,0.922,17.857,9,18.0,14,1.041,America/Argentina/Buenos_Aires,C
-0.986,-0.929,-0.914,-0.557,-1.75,-1.093,-1.95,-1.314,,,-1.586,buenos-aires,2026-07-10,SAEZ,11.9,12.2,12.3,15.5,13.4,13.3,13.1,14.5,,,12.5,1.107,14.168,9,14.0,14,1.039,America/Argentina/Buenos_Aires,C
-1.1,-1.0,-1.007,-0.464,-1.679,-1.079,-1.929,-1.193,,,-1.6,buenos-aires,2026-07-11,SAEZ,11.7,11.6,12.0,15.0,13.7,12.3,12.5,11.3,,,12.0,1.111,13.563,9,12.0,14,1.016,America/Argentina/Buenos_Aires,C
-0.964,-0.864,-0.864,-0.064,-1.264,-0.843,-1.593,-1.029,,,-1.343,buenos-aires,2026-07-12,SAEZ,11.1,10.6,11.0,10.9,11.5,10.8,11.5,11.4,,,11.7,0.353,12.112,9,12.0,14,0.784,America/Argentina/Buenos_Aires,C
-0.943,-0.907,-0.864,-0.093,-1.164,-0.793,-1.421,-0.943,,,-1.229,buenos-aires,2026-07-13,SAEZ,10.2,8.5,9.4,12.9,11.9,11.5,11.5,11.4,,,9.5,1.343,11.497,9,9.0,14,0.677,America/Argentina/Buenos_Aires,C
-0.814,-0.936,-0.814,0.236,-0.864,-0.607,-1.15,-0.743,,,-1.114,buenos-aires,2026-07-14,SAEZ,15.0,14.9,15.0,15.4,16.4,14.6,13.6,14.7,,,15.9,0.754,15.864,9,16.0,14,0.936,America/Argentina/Buenos_Aires,C
-0.814,-0.971,-0.829,0.264,-0.693,-0.636,-1.143,-0.757,,,-1.021,buenos-aires,2026-07-15,SAEZ,17.7,16.6,17.1,19.6,17.7,15.5,17.2,16.7,,,18.5,1.111,18.109,9,18.0,14,0.937,America/Argentina/Buenos_Aires,C
-0.7,-0.979,-0.786,0.471,-0.557,-0.7,-1.029,-0.714,,,-0.8,buenos-aires,2026-07-16,SAEZ,22.7,22.6,23.0,23.7,21.9,22.3,20.4,18.8,,,23.7,1.505,22.937,9,24.0,14,0.923,America/Argentina/Buenos_Aires,C
-0.721,-1.014,-0.793,0.479,-0.643,-0.75,-1.207,-1.071,,,-0.729,buenos-aires,2026-07-17,SAEZ,23.6,23.8,24.4,22.7,24.0,22.7,21.3,20.4,,,23.7,1.259,23.912,9,24.0,14,0.959,America/Argentina/Buenos_Aires,C
-0.693,-0.986,-0.707,0.421,-0.557,-0.793,-1.286,-1.279,,,-0.636,buenos-aires,2026-07-18,SAEZ,17.9,18.8,17.4,18.2,16.8,17.3,18.1,18.0,,,19.0,0.664,18.633,9,19.0,14,0.955,America/Argentina/Buenos_Aires,C
-0.75,-0.971,-0.786,0.3,-0.707,-0.943,-1.364,-1.407,,,-0.614,buenos-aires,2026-07-19,SAEZ,12.9,12.2,12.9,11.9,12.2,12.3,12.0,13.3,,,12.4,0.445,13.302,9,13.0,14,0.905,America/Argentina/Buenos_Aires,C
-0.757,-1.036,-0.771,0.3,-0.636,-0.921,-1.343,-1.336,,,-0.593,buenos-aires,2026-07-20,SAEZ,13.8,13.2,13.8,12.0,12.2,12.3,11.7,12.8,,,12.9,0.715,13.689,9,15.0,14,0.902,America/Argentina/Buenos_Aires,C
-0.821,-1.121,-0.836,0.1,-0.764,-1.043,-1.443,-1.407,,,-0.679,buenos-aires,2026-07-21,SAEZ,12.7,11.8,12.5,12.7,11.4,12.0,12.6,12.0,,,12.2,0.425,13.109,9,13.0,14,0.964,America/Argentina/Buenos_Aires,C
-0.707,-1.129,-0.743,0.171,-0.614,-1.029,-1.25,-1.207,,,-0.621,buenos-aires,2026-07-22,SAEZ,13.9,13.5,13.8,12.0,12.6,13.3,13.4,12.9,,,12.3,0.629,13.99,9,15.0,14,0.922,America/Argentina/Buenos_Aires,C
-0.736,-1.114,-0.779,-0.021,-0.664,-1.071,-1.171,-1.221,,,-0.714,buenos-aires,2026-07-23,SAEZ,14.9,14.0,14.6,14.8,14.0,14.5,14.3,13.7,,,14.8,0.4,15.264,9,16.0,14,0.959,America/Argentina/Buenos_Aires,C
-0.714,-1.121,-0.771,-0.193,-0.736,-1.093,-1.2,-1.293,,,-0.636,buenos-aires,2026-07-24,SAEZ,16.9,15.4,16.5,16.8,16.8,16.5,15.8,16.0,,,15.9,0.5,17.188,9,17.0,14,0.978,America/Argentina/Buenos_Aires,C
-0.571,-1.107,-0.686,-0.314,-0.707,-1.079,-1.221,-1.4,,,-0.607,buenos-aires,2026-07-25,SAEZ,17.3,15.8,16.6,16.9,16.7,16.8,15.0,16.6,,,16.9,0.654,17.402,9,18.0,14,0.979,America/Argentina/Buenos_Aires,C
-0.6,-1.236,-0.786,-0.607,-0.921,-1.186,-1.471,-1.45,,,-0.686,buenos-aires,2026-07-26,SAEZ,19.6,18.8,19.8,19.6,19.0,19.3,17.9,19.3,,,18.6,0.564,20.123,9,20.0,14,0.899,America/Argentina/Buenos_Aires,C
-0.564,-1.221,-0.729,-0.557,-0.957,-1.15,-1.586,-1.457,,,-0.764,buenos-aires,2026-07-27,SAEZ,18.5,16.3,17.0,20.5,19.1,18.1,18.1,18.2,,,18.2,1.118,19.067,9,18.0,14,0.9,America/Argentina/Buenos_Aires,C
-0.614,-1.307,-0.829,-0.657,-1.086,-1.321,-1.757,-1.614,,,-0.786,buenos-aires,2026-07-28,SAEZ,17.4,16.0,17.1,18.7,18.1,16.8,14.7,17.7,,,16.7,1.114,18.099,9,17.0,14,0.667,America/Argentina/Buenos_Aires,C
-0.514,-1.3,-0.75,-0.493,-1.036,-1.236,-1.75,-1.471,,,-0.8,buenos-aires,2026-07-29,SAEZ,17.0,15.7,16.8,16.8,16.7,16.0,12.9,16.3,,,15.6,1.189,17.116,9,17.0,14,0.728,America/Argentina/Buenos_Aires,C
-0.493,-1.293,-0.7,-0.621,-1.036,-1.129,-1.986,-1.429,,,-0.936,buenos-aires,2026-07-30,SAEZ,16.1,15.4,15.6,17.3,16.2,15.3,13.8,15.9,,,16.1,0.883,16.766,9,17.0,14,0.728,America/Argentina/Buenos_Aires,C
-0.464,-1.307,-0.729,-0.579,-0.943,-1.129,-1.957,-1.136,,,-0.979,buenos-aires,2026-07-31,SAEZ,21.0,21.2,20.7,20.5,22.4,20.7,20.7,19.5,,,25.2,1.545,22.286,9,25.0,14,0.673,America/Argentina/Buenos_Aires,C
-0.721,-1.564,-1.064,-0.807,-1.129,-1.343,-2.071,-1.271,,,-0.943,buenos-aires,2026-08-01,SAEZ,18.1,19.5,18.4,18.4,19.7,19.0,19.5,18.4,,,20.3,0.712,20.14,9,19.0,14,0.989,America/Argentina/Buenos_Aires,C
-0.707,-1.514,-0.993,-0.793,-0.921,-1.221,-1.971,-1.243,,,-0.85,buenos-aires,2026-08-02,SAEZ,17.2,16.6,17.2,15.5,15.8,17.4,15.7,16.9,,,17.7,0.766,17.839,9,18.0,14,1.031,America/Argentina/Buenos_Aires,C
-0.757,-1.557,-1.043,-0.893,-1.021,-1.214,-2.064,-1.343,,,-0.829,buenos-aires,2026-08-03,SAEZ,16.1,15.3,16.1,16.3,17.4,16.9,15.8,15.0,,,16.0,0.693,17.275,9,17.0,14,1.028,America/Argentina/Buenos_Aires,C
-0.736,-1.55,-1.021,-0.729,-0.793,-1.029,-1.914,-1.329,,,-0.75,buenos-aires,2026-08-04,SAEZ,16.3,14.8,15.4,15.0,17.5,15.0,14.4,14.4,,,14.7,0.958,16.484,9,16.0,14,0.97,America/Argentina/Buenos_Aires,C
-0.693,-1.55,-1.029,-0.779,-0.571,-1.029,-2.0,-1.371,,,-0.786,buenos-aires,2026-08-05,SAEZ,16.7,15.6,16.6,16.2,15.4,14.9,15.6,15.3,,,15.6,0.572,16.907,9,16.0,14,0.978,America/Argentina/Buenos_Aires,C
-0.564,-1.471,-0.9,-0.55,-0.443,-0.986,-1.914,-1.271,,,-0.621,buenos-aires,2026-08-06,SAEZ,13.8,14.2,13.7,14.5,14.9,13.3,13.9,13.9,,,13.9,0.441,14.924,9,14.0,14,0.971,America/Argentina/Buenos_Aires,C
-0.5,-1.314,-0.821,-0.429,-0.236,-0.929,-1.8,-1.114,,,-0.543,buenos-aires,2026-08-07,SAEZ,13.0,12.6,12.9,10.6,12.1,12.3,12.6,11.9,,,12.5,0.68,13.21,9,14.0,14,0.982,America/Argentina/Buenos_Aires,C
-0.564,-1.3,-0.864,-0.657,-0.357,-1.014,-1.814,-1.193,,,-0.571,buenos-aires,2026-08-08,SAEZ,12.8,12.4,12.8,10.8,11.7,11.7,13.2,11.2,,,12.8,0.786,13.13,9,13.0,14,1.003,America/Argentina/Buenos_Aires,C
-0.529,-1.186,-0.779,-0.736,-0.357,-1.021,-1.586,-1.221,,,-0.507,buenos-aires,2026-08-09,SAEZ,13.1,13.2,13.3,13.2,11.9,12.8,13.4,12.2,,,13.1,0.491,13.766,9,13.0,14,0.991,America/Argentina/Buenos_Aires,C
-0.493,-1.086,-0.743,-0.693,-0.364,-0.986,-1.407,-1.229,,,-0.4,buenos-aires,2026-08-10,SAEZ,11.8,11.4,11.8,12.5,11.3,11.3,11.1,11.3,,,11.6,0.4,12.361,9,13.0,14,1.011,America/Argentina/Buenos_Aires,C
-0.614,-1.079,-0.757,-0.907,-0.564,-1.114,-1.55,-1.364,,,-0.514,buenos-aires,2026-08-11,SAEZ,11.4,10.8,11.1,12.5,11.9,10.7,12.2,11.5,,,10.9,0.604,12.274,9,12.0,14,0.985,America/Argentina/Buenos_Aires,C
-0.686,-1.093,-0.829,-0.993,-0.65,-1.193,-1.371,-1.45,,,-0.571,buenos-aires,2026-08-12,SAEZ,11.9,11.3,11.7,13.8,11.2,11.0,12.6,10.8,,,10.9,0.919,12.588,9,12.0,14,0.943,America/Argentina/Buenos_Aires,C
-0.693,-1.05,-0.836,-0.85,-0.686,-1.193,-1.036,-1.486,,,-0.55,buenos-aires,2026-08-13,SAEZ,10.3,10.3,10.3,11.3,10.5,9.9,10.4,10.5,,,9.7,0.419,11.233,9,10.0,14,0.956,America/Argentina/Buenos_Aires,C
-0.607,-0.914,-0.714,-0.779,-0.593,-1.079,-0.779,-1.371,,,-0.507,buenos-aires,2026-08-14,SAEZ,13.6,12.8,13.2,14.8,12.3,12.4,13.4,11.7,,,12.9,0.843,13.817,9,14.0,14,1.009,America/Argentina/Buenos_Aires,C
-0.35,-0.729,-0.464,-0.4,-0.529,-0.886,-0.514,-1.143,,,-0.6,buenos-aires,2026-08-15,SAEZ,16.4,15.3,16.5,16.3,13.3,15.5,16.1,14.1,,,16.3,1.069,16.186,9,16.0,14,0.703,America/Argentina/Buenos_Aires,C
-0.257,-0.814,-0.386,-0.336,-0.771,-0.921,-0.543,-1.236,,,-0.671,buenos-aires,2026-08-16,SAEZ,17.5,16.4,17.4,19.4,17.1,16.7,17.2,17.3,,,17.1,0.796,17.915,9,18.0,14,0.636,America/Argentina/Buenos_Aires,C
-0.236,-0.829,-0.371,-0.057,-0.679,-0.971,-0.436,-1.207,,,-0.714,buenos-aires,2026-08-17,SAEZ,14.2,13.9,13.7,16.7,15.5,13.1,15.0,13.5,,,14.5,1.061,14.952,9,15.0,14,0.635,America/Argentina/Buenos_Aires,C
-0.229,-0.786,-0.4,0.114,-0.671,-1.1,-0.35,-1.171,,,-0.679,buenos-aires,2026-08-18,SAEZ,12.5,11.8,12.5,13.8,12.4,11.0,13.3,12.8,,,11.3,0.848,12.893,9,11.0,14,0.63,America/Argentina/Buenos_Aires,C
-0.143,-0.643,-0.25,0.386,-0.679,-1.029,-0.071,-0.929,,,-0.564,buenos-aires,2026-08-19,SAEZ,16.2,15.1,16.1,15.2,15.5,15.6,14.5,15.8,,,15.1,0.51,15.978,9,17.0,14,0.798,America/Argentina/Buenos_Aires,C
-0.25,-0.75,-0.357,0.243,-0.743,-1.05,-0.221,-0.964,,,-0.671,buenos-aires,2026-08-20,SAEZ,18.2,17.1,17.9,17.9,15.6,18.2,19.2,17.0,,,18.4,0.976,18.218,9,19.0,14,0.808,America/Argentina/Buenos_Aires,C
-0.293,-0.9,-0.414,0.129,-1.05,-1.057,-0.2,-1.1,,,-0.707,buenos-aires,2026-08-21,SAEZ,11.1,11.4,11.5,12.0,11.4,11.0,11.5,12.0,,,10.5,0.447,11.96,9,13.0,14,0.797,America/Argentina/Buenos_Aires,C
-0.357,-0.914,-0.443,0.3,-1.029,-1.079,-0.207,-1.021,,,-0.779,buenos-aires,2026-08-22,SAEZ,13.3,13.4,13.5,14.2,12.3,13.4,12.8,13.3,,,13.6,0.495,13.917,9,14.0,14,0.817,America/Argentina/Buenos_Aires,C
-0.393,-0.914,-0.464,0.471,-1.057,-1.029,-0.307,-0.943,,,-0.793,buenos-aires,2026-08-23,SAEZ,12.6,12.1,12.8,13.7,11.9,11.4,11.4,12.3,,,12.1,0.678,12.896,9,12.0,14,0.817,America/Argentina/Buenos_Aires,C
-0.357,-0.921,-0.429,0.579,-0.986,-1.057,-0.379,-0.864,,,-0.793,buenos-aires,2026-08-24,SAEZ,12.7,11.4,12.2,13.8,12.8,12.4,11.5,12.1,,,11.9,0.694,12.906,9,13.0,14,0.826,America/Argentina/Buenos_Aires,C
-0.293,-0.921,-0.4,0.671,-0.879,-0.979,-0.35,-0.807,,,-0.771,buenos-aires,2026-08-25,SAEZ,14.4,13.9,14.3,14.5,13.2,14.1,14.0,13.7,,,14.4,0.392,14.61,9,14.0,14,0.809,America/Argentina/Buenos_Aires,C
-0.221,-0.843,-0.314,0.671,-0.929,-0.879,-0.364,-0.793,,,-0.664,buenos-aires,2026-08-26,SAEZ,16.7,15.6,17.0,18.7,17.1,16.0,16.5,15.7,,,16.3,0.888,17.094,9,17.0,14,0.822,America/Argentina/Buenos_Aires,C
-0.236,-0.893,-0.293,0.664,-0.864,-0.879,-0.443,-0.8,,,-0.636,buenos-aires,2026-08-27,SAEZ,16.6,15.0,16.6,17.3,17.8,15.0,14.1,15.0,,,15.9,1.165,16.52,9,16.0,14,0.807,America/Argentina/Buenos_Aires,C
-0.214,-0.986,-0.271,0.664,-0.771,-0.943,-0.607,-0.907,,,-0.621,buenos-aires,2026-08-28,SAEZ,19.8,18.7,19.4,18.9,18.3,19.2,18.1,18.4,,,19.3,0.537,19.511,9,21.0,14,0.75,America/Argentina/Buenos_Aires,C
-0.271,-1.064,-0.329,0.457,-0.843,-0.957,-0.771,-0.929,,,-0.664,buenos-aires,2026-08-29,SAEZ,20.5,19.1,20.1,19.9,20.2,20.3,19.0,19.6,,,19.2,0.529,20.435,9,21.0,14,0.847,America/Argentina/Buenos_Aires,C
-0.336,-1.15,-0.429,0.357,-0.707,-0.971,-0.921,-0.893,,,-0.814,buenos-aires,2026-08-30,SAEZ,20.7,20.1,20.8,21.6,20.1,21.2,19.0,20.3,,,20.6,0.703,21.156,9,22.0,14,0.859,America/Argentina/Buenos_Aires,C
-0.393,-1.171,-0.471,0.229,-0.779,-0.936,-1.079,-0.964,,,-0.85,buenos-aires,2026-08-31,SAEZ,18.5,17.8,19.5,21.2,21.4,18.8,17.3,19.4,,,18.7,1.31,19.832,9,19.0,14,0.888,America/Argentina/Buenos_Aires,C
-0.371,-1.179,-0.343,0.264,-0.643,-0.814,-1.2,-0.829,,,-0.836,buenos-aires,2026-09-01,SAEZ,19.6,18.4,20.2,21.5,19.8,19.8,17.6,19.6,,,19.6,1.026,20.211,9,21.0,14,0.915,America/Argentina/Buenos_Aires,C
-0.579,-1.421,-0.507,0.1,-0.829,-0.9,-1.607,-1.057,,,-0.957,buenos-aires,2026-09-02,SAEZ,23.0,22.4,23.6,23.5,22.9,22.9,20.6,22.6,,,23.2,0.841,23.658,9,24.0,14,0.792,America/Argentina/Buenos_Aires,C
-0.593,-1.4,-0.471,0.193,-0.8,-0.879,-1.671,-1.071,,,-0.879,buenos-aires,2026-09-03,SAEZ,18.3,18.3,18.7,18.0,18.0,18.3,18.7,17.7,,,19.3,0.45,19.196,9,18.0,14,0.749,America/Argentina/Buenos_Aires,C
-0.514,-1.243,-0.343,0.271,-0.557,-0.8,-1.636,-0.95,,,-0.743,buenos-aires,2026-09-04,SAEZ,16.9,17.0,17.0,17.5,16.4,17.0,16.2,16.7,,,17.5,0.412,17.613,9,18.0,14,0.787,America/Argentina/Buenos_Aires,C
-0.457,-1.2,-0.307,0.307,-0.557,-0.729,-1.657,-0.971,,,-0.6,buenos-aires,2026-09-05,SAEZ,12.0,12.2,12.0,13.3,12.3,12.2,12.1,12.4,,,13.1,0.447,12.992,9,13.0,14,0.743,America/Argentina/Buenos_Aires,C
-0.479,-1.214,-0.343,0.314,-0.486,-0.743,-1.636,-0.964,,,-0.564,buenos-aires,2026-09-06,SAEZ,10.6,10.0,10.8,10.5,10.2,9.9,9.4,10.8,,,9.7,0.47,10.918,9,12.0,14,0.743,America/Argentina/Buenos_Aires,C
-0.621,-1.364,-0.486,0.086,-0.607,-0.85,-1.779,-1.071,,,-0.736,buenos-aires,2026-09-07,SAEZ,12.6,11.8,12.6,13.6,12.5,11.9,11.8,12.8,,,12.4,0.542,13.23,9,13.0,14,0.76,America/Argentina/Buenos_Aires,C
-0.629,-1.336,-0.457,0.071,-0.629,-0.886,-1.757,-1.021,,,-0.7,buenos-aires,2026-09-08,SAEZ,18.4,17.6,18.7,19.2,17.7,17.9,16.1,18.0,,,18.4,0.825,18.847,9,19.0,14,0.762,America/Argentina/Buenos_Aires,C
-0.7,-1.429,-0.5,0.05,-0.664,-0.971,-1.964,-1.071,,,-0.771,buenos-aires,2026-09-09,SAEZ,19.8,18.6,19.7,19.1,18.3,19.3,18.2,19.0,,,18.9,0.53,19.938,9,20.0,14,0.746,America/Argentina/Buenos_Aires,C
-0.693,-1.429,-0.521,-0.136,-0.793,-0.95,-2.057,-1.05,,,-0.8,buenos-aires,2026-09-10,SAEZ,21.0,20.5,21.2,20.8,21.1,20.9,19.7,20.9,,,19.9,0.501,21.639,9,21.0,14,0.746,America/Argentina/Buenos_Aires,C
-0.736,-1.393,-0.55,-0.243,-0.914,-0.886,-2.014,-0.986,,,-0.871,buenos-aires,2026-09-11,SAEZ,19.0,17.5,19.1,20.7,18.9,17.8,18.8,18.1,,,17.8,0.924,19.549,9,19.0,14,0.752,America/Argentina/Buenos_Aires,C
-0.65,-1.336,-0.429,0.029,-0.729,-0.843,-1.821,-0.864,,,-0.836,buenos-aires,2026-09-12,SAEZ,11.3,12.4,11.5,11.6,10.7,11.8,12.1,11.6,,,12.3,0.499,12.469,9,12.0,14,0.655,America/Argentina/Buenos_Aires,C
-0.664,-1.171,-0.4,0.079,-0.764,-0.807,-1.671,-0.793,,,-0.686,buenos-aires,2026-09-13,SAEZ,12.0,11.2,12.2,11.8,11.9,11.6,10.1,12.2,,,11.7,0.616,12.442,9,13.0,14,0.649,America/Argentina/Buenos_Aires,C
-0.643,-1.164,-0.371,0.021,-0.707,-0.85,-1.664,-0.729,,,-0.679,buenos-aires,2026-09-14,SAEZ,15.4,14.5,15.3,16.6,15.3,15.5,13.8,14.9,,,15.4,0.722,15.937,9,16.0,14,0.627,America/Argentina/Buenos_Aires,C
-0.65,-1.186,-0.457,-0.093,-0.929,-0.871,-1.7,-0.836,,,-0.7,buenos-aires,2026-09-15,SAEZ,18.4,18.4,19.0,20.5,17.3,18.3,16.8,18.0,,,17.5,1.017,19.077,9,19.0,14,0.587,America/Argentina/Buenos_Aires,C
-0.593,-1.043,-0.4,-0.021,-0.964,-0.836,-1.614,-0.807,,,-0.707,buenos-aires,2026-09-16,SAEZ,14.2,13.3,14.1,14.8,14.0,13.4,13.1,14.0,,,13.9,0.494,14.636,9,14.0,14,0.548,America/Argentina/Buenos_Aires,C
-0.507,-0.979,-0.364,0.071,-0.886,-0.8,-1.436,-0.707,,,-0.657,buenos-aires,2026-09-17,SAEZ,25.4,24.3,25.9,25.1,24.5,25.0,22.1,24.6,,,24.9,1.009,25.459,9,26.0,14,0.566,America/Argentina/Buenos_Aires,C
-0.571,-1.121,-0.421,0.007,-0.993,-0.893,-1.764,-0.786,,,-0.829,buenos-aires,2026-09-18,SAEZ,23.2,21.8,23.0,23.8,21.7,23.4,20.6,22.5,,,23.6,1.003,23.452,9,24.0,14,0.5,America/Argentina/Buenos_Aires,C
-0.55,-1.207,-0.421,0.029,-1.043,-0.864,-1.879,-0.8,,,-0.821,buenos-aires,2026-09-19,SAEZ,25.5,22.4,25.1,25.4,25.2,25.5,21.8,23.9,,,25.5,1.363,25.386,9,25.0,14,0.5,America/Argentina/Buenos_Aires,C
-0.443,-1.336,-0.343,0.036,-0.979,-0.771,-2.043,-0.836,,,-0.793,buenos-aires,2026-09-20,SAEZ,25.2,20.7,24.2,26.2,25.7,24.0,21.1,24.0,,,24.4,1.784,24.789,9,25.0,14,0.511,America/Argentina/Buenos_Aires,C
-0.329,-1.5,-0.314,0.229,-0.8,-0.693,-2.136,-0.821,,,-0.671,buenos-aires,2026-09-21,SAEZ,15.6,14.4,15.4,14.0,15.1,15.5,15.4,14.5,,,16.0,0.62,15.894,9,16.0,14,0.5,America/Argentina/Buenos_Aires,C
-0.329,-1.529,-0.329,0.043,-0.829,-0.65,-2.093,-0.914,,,-0.629,buenos-aires,2026-09-22,SAEZ,12.2,12.1,12.3,13.5,13.1,12.2,13.1,13.3,,,12.2,0.535,13.337,9,14.0,14,0.5,America/Argentina/Buenos_Aires,C
0.14,-1.68,-1.64,0.66,0.32,0.14,-2.78,1.36,,,0.98,milan,2026-06-30,LIMC,34.2,31.1,31.8,33.0,30.4,34.2,31.3,34.1,,,33.2,1.387,32.93,9,34.0,0,1.2,Europe/Rome,C
0.15,-1.883,-1.733,0.383,-0.333,0.15,-2.767,1.15,,,0.683,milan,2026-07-01,LIMC,30.1,25.3,29.5,29.2,32.4,30.1,25.9,31.4,,,30.5,2.218,29.914,9,30.0,0,1.2,Europe/Rome,C
0.143,-2.286,-1.557,0.214,0.057,0.143,-2.957,1.186,,,0.657,milan,2026-07-02,LIMC,32.3,31.0,31.5,32.2,32.9,32.3,28.3,32.2,,,32.0,1.282,32.251,9,32.0,0,1.2,Europe/Rome,C
0.162,-2.125,-1.425,0.213,0.162,0.162,-3.05,1.062,,,0.575,milan,2026-07-03,LIMC,32.9,31.1,32.3,33.4,33.3,32.9,29.8,33.1,,,32.8,1.126,32.925,9,32.0,8,0.639,Europe/Rome,C
0.244,-1.989,-1.233,0.344,0.289,0.244,-2.956,1.067,,,0.6,milan,2026-07-04,LIMC,33.1,31.1,32.6,33.7,33.8,33.1,29.7,34.2,,,33.4,1.367,33.14,9,32.0,9,0.677,Europe/Rome,C
0.33,-1.88,-1.05,0.48,0.44,0.33,-2.89,1.18,,,0.68,milan,2026-07-05,LIMC,33.9,31.7,33.7,34.0,33.8,33.9,29.8,34.4,,,33.7,1.404,33.556,9,33.0,10,0.736,Europe/Rome,C
0.382,-1.827,-0.891,0.527,0.473,0.382,-2.918,1.2,,,0.682,milan,2026-07-06,LIMC,32.7,31.0,33.1,32.5,33.7,32.7,29.9,33.5,,,33.1,1.166,32.743,9,33.0,11,0.722,Europe/Rome,C
0.325,-1.842,-0.808,0.442,0.492,0.325,-2.933,1.142,,,0.633,milan,2026-07-07,LIMC,33.6,31.7,33.7,33.9,34.1,33.6,30.1,34.4,,,34.2,1.339,33.541,9,33.0,12,0.695,Europe/Rome,C
0.346,-1.8,-0.692,0.477,0.538,0.346,-2.931,1.162,,,0.677,milan,2026-07-08,LIMC,36.1,34.9,36.5,36.4,37.5,36.1,33.3,36.2,,,36.2,1.115,36.189,9,36.0,13,0.684,Europe/Rome,C
0.329,-1.75,-0.607,0.471,0.607,0.329,-2.914,1.093,,,0.643,milan,2026-07-09,LIMC,34.0,32.2,34.4,33.7,35.7,34.0,31.0,34.4,,,34.0,1.282,33.984,9,33.0,14,0.661,Europe/Rome,C
0.407,-1.643,-0.207,0.493,0.793,0.407,-2.85,1.129,,,0.693,milan,2026-07-10,LIMC,34.0,31.0,34.0,34.1,35.1,34.0,30.2,34.1,,,33.7,1.528,33.492,9,34.0,14,0.66,Europe/Rome,C
0.364,-1.793,-0.179,0.429,0.807,0.364,-3.0,1.007,,,0.593,milan,2026-07-11,LIMC,32.6,31.4,31.0,33.5,34.9,32.6,29.5,33.9,,,33.4,1.563,32.623,9,33.0,14,0.669,Europe/Rome,C
0.314,-1.836,-0.286,0.414,0.871,0.314,-3.107,0.95,,,0.536,milan,2026-07-12,LIMC,33.1,31.1,31.7,33.3,34.2,33.1,30.1,33.4,,,33.4,1.253,32.779,9,33.0,14,0.676,Europe/Rome,C
0.4,-1.793,-0.229,0.364,1.0,0.4,-3.05,0.871,,,0.464,milan,2026-07-13,LIMC,32.8,30.5,31.5,32.6,34.8,32.8,28.2,33.1,,,31.9,1.752,32.245,9,32.0,14,0.628,Europe/Rome,C
0.386,-1.779,-0.193,0.393,1.186,0.386,-3.064,0.886,,,0.393,milan,2026-07-14,LIMC,34.5,32.5,33.0,34.3,35.8,34.5,31.6,35.0,,,34.1,1.238,34.055,9,34.0,14,0.63,Europe/Rome,C
0.407,-1.679,-0.107,0.486,1.571,0.407,-3.043,0.95,,,0.457,milan,2026-07-15,LIMC,32.7,31.0,29.8,33.5,36.2,32.7,30.9,33.5,,,32.1,1.765,32.434,9,32.0,14,0.561,Europe/Rome,C
0.45,-1.414,-0.229,0.65,1.7,0.45,-2.829,0.957,,,0.429,milan,2026-07-16,LIMC,32.8,31.0,32.0,31.5,35.3,32.8,29.0,33.8,,,32.4,1.669,32.327,9,33.0,14,0.573,Europe/Rome,C
0.414,-1.486,-0.264,0.529,1.8,0.414,-2.85,1.0,,,0.386,milan,2026-07-17,LIMC,31.7,29.3,31.6,30.8,34.4,31.7,28.0,32.2,,,31.6,1.701,31.324,9,33.0,14,0.596,Europe/Rome,C
0.257,-1.686,-0.386,0.271,1.807,0.257,-3.05,0.864,,,0.229,milan,2026-07-18,LIMC,33.8,31.7,32.1,32.8,37.3,33.8,29.9,34.3,,,33.3,1.922,33.419,9,34.0,14,0.704,Europe/Rome,C
0.164,-1.786,-0.564,0.064,1.914,0.164,-3.179,0.729,,,0.079,milan,2026-07-19,LIMC,32.3,29.8,31.4,31.3,33.9,32.3,27.8,33.2,,,31.8,1.72,31.845,9,32.0,14,0.653,Europe/Rome,C
0.121,-1.85,-0.657,-0.057,1.993,0.121,-3.25,0.714,,,0.014,milan,2026-07-20,LIMC,30.4,28.4,30.4,29.4,31.2,30.4,25.7,31.2,,,30.2,1.633,30.092,9,31.0,14,0.637,Europe/Rome,C
0.1,-1.893,-0.707,-0.136,1.957,0.1,-3.407,0.693,,,-0.05,milan,2026-07-21,LIMC,30.8,27.9,30.2,29.6,30.8,30.8,26.4,31.4,,,30.5,1.543,30.232,9,30.0,14,0.679,Europe/Rome,C
0.114,-1.95,-0.743,-0.229,1.936,0.114,-3.457,0.693,,,-0.1,milan,2026-07-22,LIMC,29.9,28.0,30.2,29.7,29.8,29.9,26.4,29.9,,,29.6,1.178,29.707,9,29.0,14,0.666,Europe/Rome,C
0.171,-1.943,-0.693,-0.207,1.886,0.171,-3.45,0.743,,,-0.071,milan,2026-07-23,LIMC,29.9,28.7,30.8,30.2,31.9,29.9,26.7,31.3,,,30.3,1.44,30.342,9,30.0,14,0.69,Europe/Rome,C
0.093,-1.979,-0.736,-0.243,1.829,0.093,-3.543,0.736,,,-0.121,milan,2026-07-24,LIMC,30.3,28.7,30.6,30.2,32.5,30.3,26.6,30.4,,,30.3,1.503,30.469,9,30.0,14,0.645,Europe/Rome,C
0.114,-1.857,-0.693,-0.236,1.929,0.114,-3.514,0.757,,,-0.079,milan,2026-07-25,LIMC,30.3,28.6,30.5,30.5,31.1,30.3,27.1,30.7,,,29.3,1.2,30.228,9,30.0,14,0.643,Europe/Rome,C
0.164,-1.843,-0.514,-0.236,1.871,0.164,-3.471,0.743,,,-0.157,milan,2026-07-26,LIMC,30.2,28.1,27.5,29.7,31.3,30.2,25.4,30.8,,,29.0,1.756,29.488,9,31.0,14,0.638,Europe/Rome,C
0.1,-1.914,-0.671,-0.35,1.807,0.1,-3.664,0.7,,,-0.329,milan,2026-07-27,LIMC,33.9,31.9,33.9,33.3,35.3,33.9,30.4,33.5,,,32.9,1.316,33.749,9,33.0,14,0.753,Europe/Rome,C
0.107,-1.886,-0.571,-0.371,1.771,0.107,-3.579,0.657,,,-0.329,milan,2026-07-28,LIMC,33.2,31.0,32.9,32.8,34.7,33.2,30.1,33.8,,,32.7,1.308,33.152,9,33.0,14,0.776,Europe/Rome,C
0.086,-1.921,-0.507,-0.407,1.764,0.086,-3.614,0.643,,,-0.357,milan,2026-07-29,LIMC,34.0,32.2,33.9,34.2,36.6,34.0,31.1,34.6,,,33.7,1.437,34.255,9,34.0,14,0.777,Europe/Rome,C
0.036,-1.979,-0.357,-0.5,1.65,0.036,-3.743,0.579,,,-0.386,milan,2026-07-30,LIMC,36.1,34.2,36.3,36.0,38.1,36.1,33.4,36.8,,,35.5,1.298,36.326,9,36.0,14,0.771,Europe/Rome,C
0.057,-1.964,-0.264,-0.393,1.636,0.057,-3.643,0.579,,,-0.379,milan,2026-07-31,LIMC,34.6,33.1,32.8,36.0,38.8,34.6,32.2,36.8,,,36.1,2.014,35.281,9,35.0,14,0.755,Europe/Rome,C
0.121,-1.836,-0.321,-0.164,1.807,0.121,-3.486,0.764,,,-0.2,milan,2026-08-01,LIMC,36.2,34.1,35.6,35.5,38.0,36.2,34.3,36.2,,,35.1,1.104,36.032,9,36.0,14,0.612,Europe/Rome,C
0.15,-1.807,-0.214,-0.114,1.714,0.15,-3.314,0.757,,,-0.214,milan,2026-08-02,LIMC,33.1,29.8,33.3,34.3,36.5,33.1,33.5,35.0,,,34.4,1.716,33.764,9,34.0,14,0.592,Europe/Rome,C
0.064,-1.95,-0.221,-0.043,1.757,0.064,-3.05,0.743,,,-0.171,milan,2026-08-03,LIMC,35.6,33.2,34.4,35.9,37.6,35.6,34.8,36.4,,,35.5,1.172,35.639,9,36.0,14,0.594,Europe/Rome,C
0.079,-1.964,-0.293,0.064,1.857,0.079,-2.757,0.757,,,-0.15,milan,2026-08-04,LIMC,35.7,33.8,34.5,35.8,37.4,35.7,35.1,36.1,,,35.2,0.959,35.658,9,36.0,14,0.551,Europe/Rome,C
0.0,-1.971,-0.414,0.079,1.9,0.0,-2.564,0.664,,,-0.243,milan,2026-08-05,LIMC,36.4,34.6,36.5,36.5,38.0,36.4,34.0,36.8,,,36.3,1.119,36.466,9,36.0,14,0.555,Europe/Rome,C
-0.036,-2.0,-0.464,0.064,1.986,-0.036,-2.521,0.657,,,-0.264,milan,2026-08-06,LIMC,36.8,34.7,36.7,36.6,38.6,36.8,35.1,36.5,,,35.9,1.061,36.735,9,36.0,14,0.536,Europe/Rome,C
0.029,-2.0,-0.471,0.093,2.036,0.029,-2.35,0.6,,,-0.293,milan,2026-08-07,LIMC,33.7,30.8,31.4,33.7,36.7,33.7,31.3,34.9,,,34.2,1.802,33.545,9,32.0,14,0.564,Europe/Rome,C
0.129,-1.993,-0.557,0.2,2.193,0.129,-2.157,0.779,,,-0.157,milan,2026-08-08,LIMC,33.6,31.4,32.7,33.5,35.2,33.6,30.7,34.3,,,32.7,1.311,33.26,9,34.0,14,0.688,Europe/Rome,C
0.079,-2.079,-0.686,0.129,2.2,0.079,-2.186,0.75,,,-0.2,milan,2026-08-09,LIMC,34.7,32.4,34.3,34.7,36.7,34.7,32.2,34.9,,,33.7,1.289,34.511,9,34.0,14,0.713,Europe/Rome,C
0.186,-1.986,-0.414,0.271,2.371,0.186,-1.914,0.829,,,-0.079,milan,2026-08-10,LIMC,33.7,31.8,34.0,34.1,37.5,33.7,33.8,35.5,,,33.4,1.479,34.158,9,34.0,14,0.603,Europe/Rome,C
0.1,-2.064,-0.479,0.257,2.457,0.1,-1.743,0.9,,,-0.114,milan,2026-08-11,LIMC,35.9,34.1,35.6,35.7,38.0,35.9,35.1,36.5,,,35.3,1.002,35.859,9,36.0,14,0.57,Europe/Rome,C
0.079,-2.057,-0.5,0.25,2.479,0.079,-1.6,0.879,,,-0.143,milan,2026-08-12,LIMC,35.6,34.2,35.2,35.4,37.9,35.6,33.0,36.1,,,35.1,1.253,35.473,9,36.0,14,0.57,Europe/Rome,C
0.05,-2.057,-0.55,0.193,2.429,0.05,-1.607,0.843,,,-0.186,milan,2026-08-13,LIMC,35.5,33.5,35.2,35.1,36.7,35.5,32.6,35.9,,,34.5,1.178,35.12,9,35.0,14,0.583,Europe/Rome,C
0.079,-2.036,-0.557,0.2,2.4,0.079,-1.593,0.85,,,-0.186,milan,2026-08-14,LIMC,34.6,32.9,34.3,34.1,35.9,34.6,33.2,35.3,,,33.7,0.901,34.409,9,34.0,14,0.578,Europe/Rome,C
0.15,-1.979,-0.379,0.136,2.264,0.15,-1.45,0.814,,,-0.286,milan,2026-08-15,LIMC,33.9,32.8,34.0,33.9,36.2,33.9,33.3,35.3,,,33.3,0.997,34.118,9,34.0,14,0.583,Europe/Rome,C
0.129,-1.929,-0.35,0.164,2.279,0.129,-1.379,0.893,,,-0.271,milan,2026-08-16,LIMC,34.6,33.1,34.5,34.8,36.3,34.6,31.8,35.2,,,34.3,1.199,34.447,9,35.0,14,0.584,Europe/Rome,C
0.164,-1.764,-0.336,0.129,2.193,0.164,-1.571,0.836,,,-0.35,milan,2026-08-17,LIMC,29.8,28.6,30.2,31.5,29.3,29.8,28.9,31.0,,,30.4,0.892,29.916,9,31.0,14,0.599,Europe/Rome,C
0.107,-1.736,-0.279,0.171,1.957,0.107,-1.636,0.807,,,-0.357,milan,2026-08-18,LIMC,32.0,30.3,32.3,31.6,31.2,32.0,31.7,32.0,,,31.1,0.585,31.681,9,32.0,14,0.658,Europe/Rome,C
0.129,-1.7,-0.15,0.157,1.8,0.129,-1.593,0.8,,,-0.364,milan,2026-08-19,LIMC,32.2,30.1,31.9,32.1,32.7,32.2,27.8,33.0,,,31.4,1.522,31.651,9,32.0,14,0.657,Europe/Rome,C
0.114,-1.736,-0.193,0.129,1.707,0.114,-1.75,0.814,,,-0.429,milan,2026-08-20,LIMC,26.7,25.9,22.1,22.8,26.4,26.7,25.9,28.6,,,30.1,2.357,26.133,9,30.0,14,0.652,Europe/Rome,C
-0.179,-1.936,-0.807,-0.429,1.264,-0.179,-1.979,0.679,,,-0.414,milan,2026-08-21,LIMC,22.9,20.8,20.9,21.5,21.0,22.9,20.9,23.4,,,22.9,1.024,22.338,9,24.0,14,1.206,Europe/Rome,C
-0.379,-2.079,-0.986,-0.729,0.714,-0.379,-2.15,0.429,,,-0.65,milan,2026-08-22,LIMC,29.5,27.8,28.1,28.2,27.6,29.5,26.6,29.2,,,28.3,0.905,29.074,9,29.0,14,1.217,Europe/Rome,C
-0.314,-1.979,-0.957,-0.75,0.529,-0.314,-2.086,0.421,,,-0.607,milan,2026-08-23,LIMC,28.4,26.4,27.1,28.2,27.7,28.4,25.2,28.4,,,28.0,1.047,28.233,9,28.0,14,1.201,Europe/Rome,C
-0.336,-1.979,-1.043,-0.786,0.314,-0.336,-2.157,0.386,,,-0.586,milan,2026-08-24,LIMC,28.8,27.7,27.8,29.9,28.5,28.8,26.3,29.4,,,28.8,0.999,29.138,9,29.0,14,1.195,Europe/Rome,C
-0.329,-1.914,-1.129,-0.729,0.029,-0.329,-2.336,0.307,,,-0.557,milan,2026-08-25,LIMC,27.6,25.3,26.3,26.9,26.1,27.6,23.7,27.8,,,26.9,1.243,27.294,9,28.0,14,1.195,Europe/Rome,C
-0.35,-1.971,-1.221,-0.786,-0.25,-0.35,-2.579,0.257,,,-0.586,milan,2026-08-26,LIMC,28.5,27.1,27.7,28.9,28.5,28.5,25.1,29.3,,,28.2,1.183,28.859,9,29.0,14,1.209,Europe/Rome,C
-0.357,-1.979,-1.257,-0.75,-0.421,-0.357,-2.643,0.271,,,-0.579,milan,2026-08-27,LIMC,30.2,27.5,29.0,31.0,29.8,30.2,27.6,30.5,,,30.0,1.175,30.385,9,30.0,14,1.202,Europe/Rome,C
-0.379,-2.05,-1.343,-0.686,-0.557,-0.379,-2.643,0.243,,,-0.543,milan,2026-08-28,LIMC,28.3,23.7,26.7,28.9,28.8,28.3,25.1,30.2,,,29.0,1.974,28.476,9,30.0,14,1.205,Europe/Rome,C
-0.543,-2.421,-1.6,-0.771,-0.779,-0.543,-2.936,0.164,,,-0.593,milan,2026-08-29,LIMC,30.3,27.4,28.7,29.6,28.2,30.3,26.6,30.1,,,29.6,1.263,30.141,9,30.0,14,1.268,Europe/Rome,C
-0.514,-2.521,-1.693,-0.793,-1.064,-0.514,-3.129,0.079,,,-0.571,milan,2026-08-30,LIMC,30.0,27.1,28.8,30.4,29.8,30.0,27.4,30.4,,,29.3,1.17,30.419,9,30.0,14,1.268,Europe/Rome,C
-0.486,-2.593,-1.743,-0.75,-1.171,-0.486,-3.086,0.093,,,-0.571,milan,2026-08-31,LIMC,31.0,28.8,29.2,31.2,31.6,31.0,28.0,30.9,,,30.0,1.182,31.413,9,31.0,14,1.264,Europe/Rome,C
-0.4,-2.579,-1.814,-0.771,-1.007,-0.4,-3.15,0.086,,,-0.6,milan,2026-09-01,LIMC,29.1,25.7,27.0,29.2,29.4,29.1,27.8,30.1,,,29.1,1.313,29.57,9,29.0,14,1.236,Europe/Rome,C
-0.393,-2.693,-1.979,-0.729,-0.921,-0.393,-3.214,0.164,,,-0.529,milan,2026-09-02,LIMC,29.2,27.3,28.3,30.1,29.7,29.2,28.0,30.2,,,29.4,0.927,30.159,9,30.0,14,1.242,Europe/Rome,C
-0.464,-2.75,-2.093,-0.729,-0.993,-0.464,-3.057,0.107,,,-0.529,milan,2026-09-03,LIMC,30.2,29.7,29.8,31.7,31.8,30.2,30.0,31.4,,,30.9,0.782,31.772,9,31.0,14,1.239,Europe/Rome,C
-0.286,-2.55,-1.614,-0.164,-0.679,-0.286,-2.836,0.236,,,-0.543,milan,2026-09-04,LIMC,31.7,29.9,31.5,32.6,33.7,31.7,31.5,32.6,,,31.3,0.997,32.753,9,32.0,14,0.714,Europe/Rome,C
-0.229,-2.471,-1.429,0.057,-0.343,-0.229,-2.65,0.321,,,-0.514,milan,2026-09-05,LIMC,31.9,30.4,31.6,32.3,32.3,31.9,31.8,32.4,,,31.4,0.581,32.583,9,32.0,14,0.594,Europe/Rome,C
-0.271,-2.5,-1.393,0.136,-0.221,-0.271,-2.493,0.336,,,-0.507,milan,2026-09-06,LIMC,31.5,29.9,30.4,31.2,32.4,31.5,30.8,32.2,,,31.1,0.754,32.012,9,32.0,14,0.614,Europe/Rome,C
-0.336,-2.536,-1.443,0.064,-0.171,-0.336,-2.379,0.321,,,-0.571,milan,2026-09-07,LIMC,30.6,29.4,30.5,30.6,32.4,30.6,29.1,32.1,,,30.5,1.01,31.487,9,31.0,14,0.611,Europe/Rome,C
-0.35,-2.557,-1.393,-0.029,-0.036,-0.35,-2.321,0.371,,,-0.593,milan,2026-09-08,LIMC,31.1,29.5,29.3,31.6,32.4,31.1,29.8,31.8,,,30.6,1.02,31.58,9,31.0,14,0.624,Europe/Rome,C
-0.314,-2.471,-1.393,0.093,0.2,-0.314,-2.1,0.443,,,-0.543,milan,2026-09-09,LIMC,23.5,22.9,23.8,23.1,23.4,23.5,22.4,24.7,,,25.2,0.82,24.34,9,24.0,14,0.614,Europe/Rome,C
-0.314,-2.414,-1.314,0.036,0.193,-0.314,-1.936,0.471,,,-0.4,milan,2026-09-10,LIMC,21.9,21.5,21.4,18.2,22.4,21.9,21.5,23.0,,,23.5,1.411,22.453,9,22.0,14,0.62,Europe/Rome,C
-0.336,-2.271,-1.286,-0.307,0.236,-0.336,-1.8,0.507,,,-0.293,milan,2026-09-11,LIMC,24.6,24.1,24.4,24.2,24.9,24.6,23.2,25.2,,,24.6,0.535,25.139,9,25.0,14,0.623,Europe/Rome,C
-0.243,-1.886,-1.093,-0.286,0.314,-0.243,-1.579,0.507,,,-0.25,milan,2026-09-12,LIMC,25.1,24.3,24.2,25.5,26.4,25.1,24.4,25.5,,,25.4,0.67,25.618,9,26.0,14,0.5,Europe/Rome,C
-0.329,-1.821,-1.129,-0.293,0.471,-0.329,-1.45,0.464,,,-0.264,milan,2026-09-13,LIMC,25.8,24.6,25.5,26.3,25.9,25.8,25.4,26.4,,,25.7,0.5,26.22,9,26.0,14,0.5,Europe/Rome,C
-0.343,-1.714,-1.079,-0.3,0.479,-0.343,-1.307,0.464,,,-0.236,milan,2026-09-14,LIMC,28.5,27.6,28.1,28.5,28.1,28.5,27.6,28.9,,,28.4,0.411,28.757,9,29.0,14,0.5,Europe/Rome,C
-0.379,-1.657,-1.014,-0.35,0.371,-0.379,-1.193,0.464,,,-0.207,milan,2026-09-15,LIMC,26.5,24.9,26.3,27.0,27.1,26.5,26.5,27.2,,,26.6,0.642,26.967,9,27.0,14,0.5,Europe/Rome,C
-0.421,-1.571,-0.921,-0.364,0.35,-0.421,-1.143,0.4,,,-0.243,milan,2026-09-16,LIMC,27.3,26.4,26.6,27.7,27.3,27.3,26.6,27.9,,,27.0,0.485,27.603,9,28.0,14,0.5,Europe/Rome,C
-0.414,-1.493,-0.9,-0.393,0.321,-0.414,-1.1,0.379,,,-0.271,milan,2026-09-17,LIMC,24.2,23.6,24.0,23.7,24.3,24.2,23.6,24.6,,,24.5,0.355,24.589,9,24.0,14,0.5,Europe/Rome,C
-0.343,-1.429,-0.814,-0.464,0.286,-0.343,-1.057,0.393,,,-0.229,milan,2026-09-18,LIMC,21.8,19.8,20.3,20.2,21.0,21.8,20.8,23.1,,,22.3,1.027,21.654,9,22.0,14,0.5,Europe/Rome,C
-0.336,-1.436,-0.9,-0.636,0.093,-0.336,-1.107,0.429,,,-0.157,milan,2026-09-19,LIMC,25.2,24.2,24.7,25.3,26.1,25.2,24.6,25.9,,,25.6,0.585,25.674,9,26.0,14,0.5,Europe/Rome,C
-0.386,-1.45,-0.964,-0.707,0.079,-0.386,-1.193,0.393,,,-0.143,milan,2026-09-20,LIMC,26.2,25.2,26.4,26.8,27.6,26.2,25.9,27.4,,,26.1,0.704,26.93,9,27.0,14,0.5,Europe/Rome,C
-0.407,-1.429,-0.893,-0.664,0.093,-0.407,-1.186,0.407,,,-0.143,milan,2026-09-21,LIMC,29.2,27.9,28.4,28.6,28.5,29.2,28.5,30.4,,,29.2,0.681,29.373,9,30.0,14,0.5,Europe/Rome,C
-0.436,-1.464,-0.971,-0.736,-0.114,-0.436,-1.157,0.357,,,-0.164,milan,2026-09-22,LIMC,24.5,23.7,23.8,24.6,24.6,24.5,24.0,25.0,,,24.6,0.408,24.927,9,25.0,14,0.5,Europe/Rome,C
-0.06,-1.52,-0.34,-0.08,1.06,-0.7,-0.82,-0.72,,,-0.42,cape-town,2026-06-30,FACT,15.1,14.6,15.3,15.8,15.3,14.9,14.7,15.2,,,15.3,0.343,15.491,9,16.0,0,1.2,Africa/Johannesburg,C
-0.2,-1.5,-0.4,-0.1,0.767,-0.767,-0.9,-0.733,,,-0.467,cape-town,2026-07-01,FACT,14.4,14.5,14.9,15.9,14.7,14.9,15.0,15.2,,,15.0,0.414,15.32,9,15.0,0,1.2,Africa/Johannesburg,C
-0.257,-1.357,-0.357,0.043,0.614,-0.671,-0.771,-0.6,,,-0.4,cape-town,2026-07-02,FACT,15.0,15.4,14.7,15.7,15.0,15.5,15.4,14.3,,,15.0,0.412,15.507,9,15.0,0,1.2,Africa/Johannesburg,C
-0.225,-1.137,-0.35,0.125,0.537,-0.525,-0.625,-0.613,,,-0.35,cape-town,2026-07-03,FACT,16.5,15.9,16.1,16.9,16.4,17.4,16.2,15.8,,,16.7,0.481,16.769,9,17.0,8,0.567,Africa/Johannesburg,C
-0.256,-1.133,-0.411,0.1,0.411,-0.422,-0.644,-0.678,,,-0.344,cape-town,2026-07-04,FACT,17.1,16.6,16.5,18.5,17.5,17.9,16.3,16.1,,,17.3,0.749,17.443,9,18.0,9,0.54,Africa/Johannesburg,C
-0.32,-1.16,-0.52,0.14,0.32,-0.39,-0.75,-0.8,,,-0.38,cape-town,2026-07-05,FACT,18.6,17.1,18.2,18.8,19.0,19.1,15.4,17.1,,,18.7,1.16,18.525,9,18.0,10,0.542,Africa/Johannesburg,C
-0.236,-1.136,-0.455,0.2,0.382,-0.255,-0.918,-0.809,,,-0.282,cape-town,2026-07-06,FACT,19.8,16.0,19.0,20.3,20.3,20.3,15.2,18.6,,,18.2,1.787,19.115,9,19.0,11,0.54,Africa/Johannesburg,C
-0.15,-1.292,-0.417,0.292,0.458,-0.125,-1.158,-0.775,,,-0.325,cape-town,2026-07-07,FACT,18.8,16.8,18.0,19.4,19.6,19.6,17.1,18.0,,,18.2,0.98,18.772,9,19.0,12,0.518,Africa/Johannesburg,C
-0.154,-1.362,-0.462,0.3,0.469,-0.069,-1.215,-0.792,,,-0.362,cape-town,2026-07-08,FACT,18.3,16.6,18.4,19.5,19.1,18.9,15.7,18.3,,,18.5,1.151,18.548,9,19.0,13,0.502,Africa/Johannesburg,C
-0.193,-1.436,-0.471,0.314,0.443,-0.071,-1.364,-0.786,,,-0.371,cape-town,2026-07-09,FACT,15.7,15.3,15.1,16.6,16.0,16.5,15.7,15.6,,,16.6,0.529,16.256,9,16.0,14,0.5,Africa/Johannesburg,C
-0.186,-1.171,-0.464,0.364,0.393,0.1,-1.357,-0.679,,,-0.229,cape-town,2026-07-10,FACT,17.2,16.1,16.5,18.3,17.2,18.3,16.4,16.2,,,17.3,0.788,17.377,9,18.0,14,0.5,Africa/Johannesburg,C
-0.343,-1.186,-0.686,0.386,0.186,0.186,-1.286,-0.764,,,-0.229,cape-town,2026-07-11,FACT,18.9,17.5,18.5,20.8,19.0,20.5,18.2,18.8,,,19.2,0.983,19.384,9,20.0,14,0.5,Africa/Johannesburg,C
-0.436,-1.286,-0.736,0.357,-0.093,0.214,-1.386,-0.793,,,-0.336,cape-town,2026-07-12,FACT,19.7,17.2,19.2,20.8,19.9,19.0,17.7,19.3,,,18.7,1.036,19.573,9,20.0,14,0.5,Africa/Johannesburg,C
-0.414,-1.486,-0.736,0.471,-0.064,0.15,-1.543,-0.829,,,-0.407,cape-town,2026-07-13,FACT,15.2,13.2,14.5,15.2,19.1,17.0,14.0,12.6,,,14.7,1.862,15.682,9,13.0,14,0.5,Africa/Johannesburg,C
-0.193,-1.443,-0.579,0.679,0.364,0.486,-1.429,-0.85,,,-0.257,cape-town,2026-07-14,FACT,15.9,15.1,15.9,16.3,17.3,15.6,12.7,15.3,,,16.0,1.177,16.022,9,16.0,14,0.834,Africa/Johannesburg,C
-0.136,-1.407,-0.536,0.714,0.507,0.536,-1.571,-0.843,,,-0.207,cape-town,2026-07-15,FACT,16.9,15.7,15.5,18.6,18.4,17.3,15.8,14.0,,,17.1,1.394,16.92,9,17.0,14,0.823,Africa/Johannesburg,C
-0.1,-1.464,-0.636,0.764,0.629,0.564,-1.657,-1.071,,,-0.2,cape-town,2026-07-16,FACT,19.6,16.2,19.2,19.7,19.7,19.4,15.2,18.4,,,19.5,1.583,18.983,9,19.0,14,0.818,Africa/Johannesburg,C
-0.057,-1.693,-0.6,0.764,0.679,0.557,-1.957,-1.064,,,-0.164,cape-town,2026-07-17,FACT,19.5,16.0,18.8,19.9,20.0,18.2,15.1,18.6,,,18.8,1.599,18.785,9,20.0,14,0.807,Africa/Johannesburg,C
-0.057,-1.9,-0.621,0.764,0.721,0.4,-2.25,-1.079,,,-0.229,cape-town,2026-07-18,FACT,16.4,15.2,15.7,16.6,19.1,17.0,15.0,15.7,,,17.1,1.181,16.88,9,16.0,14,0.868,Africa/Johannesburg,C
0.036,-1.857,-0.536,0.771,0.979,0.479,-2.2,-0.964,,,-0.1,cape-town,2026-07-19,FACT,14.6,14.9,14.8,14.3,15.2,16.2,15.1,14.3,,,14.8,0.543,15.26,9,14.0,14,0.887,Africa/Johannesburg,C
0.036,-1.729,-0.493,0.736,0.993,0.557,-1.936,-0.879,,,-0.093,cape-town,2026-07-20,FACT,16.4,15.8,15.5,16.5,17.6,17.3,15.0,15.3,,,16.4,0.833,16.524,9,16.0,14,0.938,Africa/Johannesburg,C
0.007,-1.529,-0.529,0.679,1.014,0.557,-1.736,-0.9,,,-0.007,cape-town,2026-07-21,FACT,17.2,15.0,16.6,18.3,17.5,16.9,14.6,16.6,,,16.9,1.095,16.891,9,18.0,14,0.948,Africa/Johannesburg,C
-0.036,-1.586,-0.557,0.671,0.936,0.436,-1.843,-0.929,,,-0.029,cape-town,2026-07-22,FACT,15.7,15.7,15.2,16.8,16.1,15.7,15.4,15.5,,,15.9,0.439,16.05,9,16.0,14,0.991,Africa/Johannesburg,C
-0.007,-1.436,-0.571,0.693,0.936,0.421,-1.65,-0.914,,,0.0,cape-town,2026-07-23,FACT,15.2,14.7,14.9,13.9,13.1,14.4,15.1,14.4,,,14.7,0.617,14.805,9,15.0,14,0.984,Africa/Johannesburg,C
0.029,-1.407,-0.514,0.571,0.8,0.343,-1.621,-0.929,,,-0.064,cape-town,2026-07-24,FACT,17.6,15.0,17.1,18.1,18.1,16.8,15.6,17.0,,,16.8,0.985,17.212,9,18.0,14,0.983,Africa/Johannesburg,C
0.057,-1.486,-0.471,0.557,0.864,0.236,-1.679,-0.871,,,-0.1,cape-town,2026-07-25,FACT,20.1,17.8,19.6,20.7,19.6,19.5,18.2,19.5,,,20.2,0.874,19.762,9,21.0,14,0.992,Africa/Johannesburg,C
0.071,-1.536,-0.464,0.479,0.836,0.093,-1.75,-0.893,,,-0.1,cape-town,2026-07-26,FACT,24.1,18.5,23.5,23.5,23.7,22.0,18.9,21.8,,,22.0,1.935,22.506,9,24.0,14,1.032,Africa/Johannesburg,C
0.1,-1.729,-0.443,0.386,0.821,0.021,-1.95,-1.0,,,-0.15,cape-town,2026-07-27,FACT,16.0,15.7,15.7,17.5,17.1,17.8,15.8,16.3,,,16.9,0.764,16.84,9,17.0,14,1.101,Africa/Johannesburg,C
-0.129,-1.836,-0.643,0.264,0.393,-0.207,-2.107,-1.021,,,-0.279,cape-town,2026-07-28,FACT,18.8,17.3,18.2,21.2,19.1,20.7,17.9,19.0,,,19.0,1.179,19.497,9,20.0,14,0.837,Africa/Johannesburg,C
-0.207,-1.964,-0.764,0.329,0.236,-0.129,-2.021,-1.043,,,-0.35,cape-town,2026-07-29,FACT,20.5,17.8,20.4,22.0,20.4,19.9,18.4,20.1,,,20.0,1.153,20.574,9,21.0,14,0.847,Africa/Johannesburg,C
-0.236,-2.1,-0.7,0.286,0.093,-0.229,-2.121,-0.893,,,-0.429,cape-town,2026-07-30,FACT,21.2,17.7,21.1,21.9,20.0,20.0,16.6,20.5,,,20.4,1.615,20.707,9,21.0,14,0.855,Africa/Johannesburg,C
-0.264,-2.136,-0.707,0.3,-0.029,-0.329,-2.164,-0.886,,,-0.507,cape-town,2026-07-31,FACT,23.0,19.5,23.4,24.1,22.6,21.1,17.8,22.0,,,22.9,1.914,22.665,9,24.0,14,0.858,Africa/Johannesburg,C
-0.3,-2.171,-0.664,0.314,-0.129,-0.407,-2.257,-0.929,,,-0.5,cape-town,2026-08-01,FACT,25.7,21.1,25.9,27.1,25.0,24.2,22.1,24.4,,,24.4,1.758,25.256,9,27.0,14,0.871,Africa/Johannesburg,C
-0.421,-2.536,-0.721,0.279,-0.493,-0.679,-2.536,-1.093,,,-0.764,cape-town,2026-08-02,FACT,24.2,19.9,23.2,24.3,24.2,25.2,17.6,21.6,,,23.4,2.335,23.771,9,23.0,14,0.959,Africa/Johannesburg,C
-0.379,-2.821,-0.764,0.35,-0.493,-0.679,-3.0,-1.214,,,-0.793,cape-town,2026-08-03,FACT,26.4,18.1,25.8,24.5,25.9,22.1,18.5,21.5,,,22.3,2.934,24.219,9,23.0,14,0.922,Africa/Johannesburg,C
-0.164,-3.157,-0.529,0.421,-0.4,-0.836,-3.25,-1.271,,,-0.871,cape-town,2026-08-04,FACT,20.6,15.8,19.8,20.8,22.8,17.3,16.4,19.0,,,18.3,2.141,20.17,9,15.0,14,0.967,Africa/Johannesburg,C
0.293,-2.886,-0.086,0.814,0.193,-0.593,-2.907,-0.886,,,-0.557,cape-town,2026-08-05,FACT,16.4,15.5,14.7,17.0,17.4,15.3,16.2,15.6,,,15.7,0.805,16.615,9,16.0,14,1.661,Africa/Johannesburg,C
0.343,-2.9,-0.121,0.829,0.286,-0.621,-2.85,-0.879,,,-0.571,cape-town,2026-08-06,FACT,14.3,14.8,14.7,15.2,15.4,15.2,14.8,15.3,,,14.8,0.334,15.533,9,16.0,14,1.669,Africa/Johannesburg,C
0.207,-2.964,-0.207,0.85,0.379,-0.636,-2.943,-0.886,,,-0.636,cape-town,2026-08-07,FACT,19.3,16.2,18.7,20.3,19.2,18.7,16.6,18.5,,,19.5,1.261,19.256,9,20.0,14,1.672,Africa/Johannesburg,C
0.186,-3.021,-0.236,0.864,0.314,-0.643,-3.014,-0.921,,,-0.586,cape-town,2026-08-08,FACT,17.2,16.4,16.5,18.0,17.5,17.5,16.7,16.7,,,17.0,0.506,17.754,9,17.0,14,1.671,Africa/Johannesburg,C
0.264,-2.836,-0.171,0.957,0.45,-0.5,-2.836,-0.836,,,-0.529,cape-town,2026-08-09,FACT,13.3,13.7,13.4,14.5,14.7,14.4,13.7,13.9,,,14.0,0.462,14.498,9,14.0,14,1.65,Africa/Johannesburg,C
0.207,-2.464,-0.179,1.029,0.521,-0.329,-2.493,-0.686,,,-0.386,cape-town,2026-08-10,FACT,14.5,14.4,14.2,15.4,15.3,15.5,13.8,14.8,,,14.6,0.547,15.182,9,15.0,14,1.607,Africa/Johannesburg,C
0.243,-2.414,-0.143,1.021,0.536,-0.35,-2.493,-0.65,,,-0.407,cape-town,2026-08-11,FACT,19.4,17.3,18.5,21.2,19.3,21.1,18.1,19.1,,,19.5,1.203,19.669,9,20.0,14,1.607,Africa/Johannesburg,C
0.286,-2.414,-0.121,1.021,0.55,-0.321,-2.479,-0.643,,,-0.371,cape-town,2026-08-12,FACT,22.4,18.6,21.2,23.4,22.0,22.0,19.4,22.6,,,22.6,1.498,21.981,9,23.0,14,1.604,Africa/Johannesburg,C
0.279,-2.5,-0.207,0.979,0.521,-0.314,-2.55,-0.607,,,-0.329,cape-town,2026-08-13,FACT,28.9,24.1,28.1,29.5,26.0,28.5,25.7,27.1,,,28.7,1.696,27.899,9,28.0,14,1.623,Africa/Johannesburg,C
0.329,-2.543,-0.207,1.021,0.45,-0.207,-2.4,-0.636,,,-0.236,cape-town,2026-08-14,FACT,17.4,16.0,16.3,18.0,17.1,17.0,16.0,17.1,,,18.7,0.851,17.474,9,17.0,14,1.621,Africa/Johannesburg,C
0.429,-2.293,-0.214,1.086,0.557,0.0,-2.029,-0.486,,,-0.036,cape-town,2026-08-15,FACT,20.0,15.4,18.6,19.0,20.5,17.2,16.0,17.0,,,17.3,1.646,18.382,9,17.0,14,1.586,Africa/Johannesburg,C
0.736,-1.986,-0.021,1.221,0.95,0.214,-1.75,-0.3,,,0.171,cape-town,2026-08-16,FACT,18.2,16.3,17.0,17.7,20.0,17.8,14.8,16.4,,,18.2,1.391,17.54,9,17.0,14,1.561,Africa/Johannesburg,C
0.736,-1.814,-0.036,1.179,1.079,0.114,-1.521,-0.243,,,0.229,cape-town,2026-08-17,FACT,17.9,16.9,16.6,18.9,18.7,19.1,17.3,17.7,,,18.4,0.843,17.87,9,17.0,14,1.554,Africa/Johannesburg,C
0.557,-1.471,-0.264,1.207,0.993,0.329,-1.179,-0.086,,,0.379,cape-town,2026-08-18,FACT,18.3,16.5,18.4,18.9,18.5,17.8,17.2,18.2,,,18.9,0.748,18.009,9,19.0,14,1.537,Africa/Johannesburg,C
0.107,-1.707,-0.65,0.786,0.4,0.079,-1.407,-0.429,,,0.136,cape-town,2026-08-19,FACT,18.6,16.4,18.5,19.3,18.2,17.5,16.5,18.2,,,18.9,0.957,18.333,9,19.0,14,0.723,Africa/Johannesburg,C
0.05,-1.857,-0.593,0.736,0.243,0.021,-1.6,-0.457,,,0.15,cape-town,2026-08-20,FACT,17.9,16.4,17.8,17.9,17.6,17.6,17.0,17.6,,,18.1,0.499,17.924,9,18.0,14,0.726,Africa/Johannesburg,C
0.164,-1.886,-0.514,0.786,0.257,0.05,-1.586,-0.436,,,0.243,cape-town,2026-08-21,FACT,23.1,17.9,21.6,22.6,21.8,20.4,18.9,21.3,,,21.7,1.596,21.46,9,22.0,14,0.716,Africa/Johannesburg,C
0.293,-1.907,-0.45,0.807,0.3,0.029,-1.564,-0.379,,,0.257,cape-town,2026-08-22,FACT,17.9,16.9,17.8,18.2,18.6,18.1,15.9,16.9,,,17.3,0.791,17.871,9,17.0,14,0.703,Africa/Johannesburg,C
0.343,-1.871,-0.357,0.821,0.379,0.071,-1.621,-0.364,,,0.279,cape-town,2026-08-23,FACT,18.9,16.9,18.9,19.6,19.0,17.9,15.9,18.9,,,19.3,1.16,18.648,9,19.0,14,0.712,Africa/Johannesburg,C
0.386,-2.0,-0.321,0.829,0.329,-0.036,-1.821,-0.364,,,0.3,cape-town,2026-08-24,FACT,18.8,16.7,18.2,19.2,18.4,18.0,16.5,18.6,,,18.5,0.865,18.4,9,18.0,14,0.706,Africa/Johannesburg,C
0.479,-2.05,-0.25,0.886,0.336,-0.071,-1.843,-0.307,,,0.364,cape-town,2026-08-25,FACT,22.1,18.8,19.8,22.3,23.0,23.6,18.8,20.7,,,22.0,1.679,21.494,9,22.0,14,0.713,Africa/Johannesburg,C
0.529,-2.086,-0.3,0.821,0.457,-0.036,-1.936,-0.336,,,0.4,cape-town,2026-08-26,FACT,25.7,20.4,25.2,27.7,26.2,24.1,22.1,23.9,,,24.2,2.058,24.675,9,25.0,14,0.72,Africa/Johannesburg,C
0.621,-2.1,-0.157,0.986,0.614,-0.029,-1.886,-0.386,,,0.371,cape-town,2026-08-27,FACT,26.5,20.1,25.8,26.1,27.1,27.5,21.3,24.2,,,24.6,2.424,25.122,9,25.0,14,0.672,Africa/Johannesburg,C
0.664,-2.171,-0.107,0.957,0.907,0.114,-1.986,-0.379,,,0.293,cape-town,2026-08-28,FACT,26.7,17.2,23.7,22.6,25.7,18.8,17.4,21.3,,,20.6,3.234,22.172,9,22.0,14,0.672,Africa/Johannesburg,C
0.971,-2.443,0.064,0.929,1.164,-0.114,-2.243,-0.436,,,0.071,cape-town,2026-08-29,FACT,17.5,15.8,16.6,19.2,20.5,16.7,14.9,16.1,,,16.9,1.636,17.325,9,16.0,14,0.662,Africa/Johannesburg,C
0.864,-2.343,-0.007,1.014,1.236,-0.079,-2.25,-0.429,,,0.114,cape-town,2026-08-30,FACT,16.6,15.6,16.2,17.3,17.1,17.4,15.7,16.2,,,17.3,0.667,16.714,9,18.0,14,0.654,Africa/Johannesburg,C
0.679,-2.464,-0.136,0.914,0.957,-0.179,-2.257,-0.514,,,-0.021,cape-town,2026-08-31,FACT,16.9,15.9,17.3,17.8,16.8,16.7,15.9,17.4,,,17.3,0.617,17.141,9,18.0,14,0.724,Africa/Johannesburg,C
0.536,-2.607,-0.157,0.764,0.75,-0.421,-2.429,-0.607,,,-0.171,cape-town,2026-09-01,FACT,20.9,17.0,19.7,20.8,19.2,19.1,17.1,19.9,,,18.9,1.314,19.682,9,20.0,14,0.723,Africa/Johannesburg,C
0.65,-2.643,-0.136,0.829,0.729,-0.4,-2.507,-0.557,,,-0.243,cape-town,2026-09-02,FACT,18.7,17.3,19.2,19.8,19.3,18.3,17.4,18.6,,,19.3,0.815,19.055,9,19.0,14,0.678,Africa/Johannesburg,C
0.657,-2.579,-0.086,0.864,0.807,-0.343,-2.443,-0.529,,,-0.214,cape-town,2026-09-03,FACT,17.8,16.3,16.6,18.7,18.1,18.1,15.6,16.0,,,17.1,1.021,17.55,9,17.0,14,0.655,Africa/Johannesburg,C
0.721,-2.514,-0.1,0.993,0.914,-0.236,-2.471,-0.571,,,-0.214,cape-town,2026-09-04,FACT,21.2,18.0,20.1,21.5,20.8,20.8,18.1,19.5,,,20.7,1.215,20.451,9,20.0,14,0.671,Africa/Johannesburg,C
0.729,-2.364,-0.064,1.057,0.986,-0.064,-2.386,-0.557,,,-0.143,cape-town,2026-09-05,FACT,25.3,20.1,23.4,26.0,23.5,25.4,20.8,22.1,,,23.8,1.94,23.705,9,25.0,14,0.666,Africa/Johannesburg,C
0.686,-2.707,-0.236,1.043,0.764,-0.114,-2.607,-0.757,,,-0.25,cape-town,2026-09-06,FACT,28.2,21.8,27.4,29.1,27.1,27.1,23.2,26.0,,,27.1,2.224,26.806,9,27.0,14,0.713,Africa/Johannesburg,C
0.779,-2.929,-0.2,1.15,0.771,-0.029,-2.657,-0.821,,,-0.264,cape-town,2026-09-07,FACT,31.3,22.2,30.4,30.3,29.4,28.5,24.8,28.6,,,29.1,2.766,28.856,9,29.0,14,0.709,Africa/Johannesburg,C
0.886,-3.321,-0.114,1.157,0.771,-0.064,-2.85,-0.893,,,-0.293,cape-town,2026-09-08,FACT,32.0,22.2,28.9,29.6,31.0,26.3,25.1,29.1,,,28.3,2.879,28.705,9,29.0,14,0.702,Africa/Johannesburg,C
1.093,-3.579,0.036,1.179,0.843,-0.371,-2.9,-0.793,,,-0.343,cape-town,2026-09-09,FACT,21.6,18.4,21.1,22.3,22.6,19.4,17.8,18.6,,,20.7,1.678,20.866,9,17.0,14,0.693,Africa/Johannesburg,C
1.371,-3.15,0.314,1.364,1.157,-0.136,-2.636,-0.6,,,-0.021,cape-town,2026-09-10,FACT,19.1,16.7,19.3,18.4,19.8,18.1,17.4,17.9,,,18.8,0.922,18.631,9,19.0,14,1.241,Africa/Johannesburg,C
1.271,-2.964,0.279,1.243,1.064,-0.379,-2.486,-0.621,,,-0.007,cape-town,2026-09-11,FACT,24.2,19.3,20.8,23.4,23.4,24.7,19.3,20.8,,,23.9,2.021,22.476,9,24.0,14,1.245,Africa/Johannesburg,C
0.95,-2.957,-0.071,1.157,0.757,-0.1,-2.493,-0.8,,,0.086,cape-town,2026-09-12,FACT,19.7,17.6,18.3,22.9,20.4,21.4,20.6,19.8,,,20.1,1.476,20.185,9,19.0,14,1.309,Africa/Johannesburg,C
0.893,-3.043,-0.164,1.207,0.536,0.021,-2.3,-0.75,,,0.1,cape-town,2026-09-13,FACT,28.5,19.8,25.1,25.6,24.7,23.8,22.8,24.9,,,23.3,2.217,24.835,9,25.0,14,1.299,Africa/Johannesburg,C
1.243,-3.243,-0.029,1.3,0.579,-0.021,-2.293,-0.629,,,0.029,cape-town,2026-09-14,FACT,18.2,16.7,17.6,18.6,19.0,17.8,17.3,16.2,,,19.1,0.942,18.122,9,18.0,14,1.254,Africa/Johannesburg,C
1.336,-3.186,-0.007,1.357,0.736,0.057,-2.193,-0.714,,,0.157,cape-town,2026-09-15,FACT,17.6,16.2,16.4,19.4,18.2,17.8,16.7,16.9,,,18.6,1.017,17.649,9,18.0,14,1.233,Africa/Johannesburg,C
1.243,-3.1,-0.1,1.4,0.807,0.107,-2.079,-0.786,,,0.279,cape-town,2026-09-16,FACT,17.6,16.0,16.6,15.9,17.9,18.2,16.6,16.7,,,18.4,0.888,17.317,9,18.0,14,1.234,Africa/Johannesburg,C
1.236,-3.121,-0.214,1.193,0.779,0.171,-2.064,-0.85,,,0.286,cape-town,2026-09-17,FACT,18.3,16.8,17.5,19.5,19.7,19.3,17.8,17.5,,,19.9,1.078,18.623,9,19.0,14,1.247,Africa/Johannesburg,C
1.129,-3.229,-0.293,1.107,0.75,0.114,-2.05,-0.886,,,0.343,cape-town,2026-09-18,FACT,21.2,18.4,20.1,23.1,22.5,21.5,20.0,20.2,,,22.0,1.381,21.196,9,22.0,14,1.242,Africa/Johannesburg,C
0.986,-3.343,-0.436,1.079,0.729,0.021,-2.057,-0.979,,,0.293,cape-town,2026-09-19,FACT,25.2,20.3,22.8,24.5,23.4,21.3,21.5,22.4,,,25.4,1.694,23.415,9,23.0,14,1.255,Africa/Johannesburg,C
1.121,-3.186,-0.336,1.114,0.864,-0.129,-1.864,-0.814,,,0.55,cape-town,2026-09-20,FACT,30.0,21.6,27.2,27.5,28.1,24.0,24.4,26.9,,,27.5,2.402,26.79,9,26.0,14,1.212,Africa/Johannesburg,C
1.321,-3.129,-0.279,1.071,1.007,-0.279,-1.707,-0.679,,,0.65,cape-town,2026-09-21,FACT,30.9,22.9,28.7,29.5,28.7,25.8,24.5,26.3,,,29.0,2.473,27.761,9,27.0,14,1.229,Africa/Johannesburg,C
1.436,-2.936,-0.257,1.157,1.1,-0.329,-1.586,-0.7,,,0.786,cape-town,2026-09-22,FACT,31.9,24.5,30.8,32.8,32.1,32.3,25.4,29.7,,,30.5,2.859,30.186,9,32.0,14,1.245,Africa/Johannesburg,C
2.06,-0.06,0.48,1.32,0.24,-0.08,-2.66,-0.1,,,0.52,warsaw,2026-06-30,EPWA,33.3,31.2,32.1,32.5,32.4,31.2,29.6,31.5,,,31.6,0.989,31.499,9,32.0,0,1.2,Europe/Warsaw,C
1.933,-0.183,0.417,1.183,0.267,-0.2,-2.617,-0.167,,,0.367,warsaw,2026-07-01,EPWA,32.1,30.7,32.7,34.8,33.1,31.8,31.0,32.7,,,33.6,1.206,32.122,9,33.0,0,1.2,Europe/Warsaw,C
1.529,-0.486,0.314,1.271,0.243,-0.343,-2.529,-0.186,,,0.4,warsaw,2026-07-02,EPWA,28.7,25.4,26.1,27.3,27.2,26.7,23.2,27.1,,,26.6,1.439,26.484,9,27.0,0,1.2,Europe/Warsaw,C
1.55,-0.625,0.163,1.15,0.238,-0.337,-2.688,-0.15,,,0.3,warsaw,2026-07-03,EPWA,24.7,22.1,22.6,23.0,23.7,22.0,21.0,23.6,,,23.2,1.034,22.911,9,23.0,8,0.588,Europe/Warsaw,C
1.567,-0.656,0.1,1.022,0.289,-0.411,-2.611,-0.067,,,0.289,warsaw,2026-07-04,EPWA,22.4,19.6,20.1,21.2,21.0,20.4,19.6,21.7,,,20.8,0.887,20.731,9,20.0,9,0.555,Europe/Warsaw,C
1.65,-0.63,0.1,1.04,0.36,-0.33,-2.39,0.11,,,0.34,warsaw,2026-07-05,EPWA,22.2,19.8,19.1,21.5,19.4,19.4,18.9,20.9,,,19.7,1.089,20.019,9,20.0,10,0.575,Europe/Warsaw,C
1.7,-0.591,0.009,1.082,0.273,-0.355,-2.273,0.182,,,0.282,warsaw,2026-07-06,EPWA,23.3,21.0,21.5,21.7,22.6,21.6,21.2,21.7,,,23.0,0.765,21.875,9,22.0,11,0.548,Europe/Warsaw,C
1.667,-0.625,-0.033,0.967,0.3,-0.358,-2.15,0.142,,,0.342,warsaw,2026-07-07,EPWA,18.7,18.9,19.3,19.9,19.3,19.4,20.1,18.6,,,20.2,0.555,19.145,9,20.0,12,0.526,Europe/Warsaw,C
1.438,-0.662,-0.085,0.885,0.223,-0.377,-1.977,0.023,,,0.331,warsaw,2026-07-08,EPWA,19.2,19.0,18.7,19.9,20.1,19.3,19.2,18.4,,,19.4,0.501,19.146,9,20.0,13,0.558,Europe/Warsaw,C
1.279,-0.686,-0.171,0.814,0.214,-0.4,-1.893,-0.093,,,0.264,warsaw,2026-07-09,EPWA,18.3,17.7,17.8,19.5,18.8,17.7,18.8,17.6,,,18.4,0.615,18.216,9,18.0,14,0.584,Europe/Warsaw,C
1.171,-0.743,-0.221,0.793,0.2,-0.436,-1.629,-0.121,,,0.221,warsaw,2026-07-10,EPWA,19.3,16.4,18.2,17.7,19.1,19.3,18.4,17.9,,,19.0,0.897,18.408,9,18.0,14,0.566,Europe/Warsaw,C
1.043,-0.879,-0.286,0.657,0.236,-0.357,-1.443,-0.136,,,0.25,warsaw,2026-07-11,EPWA,23.6,20.7,20.6,23.6,23.1,21.3,20.9,20.8,,,20.0,1.326,21.761,9,22.0,14,0.531,Europe/Warsaw,C
1.107,-0.929,-0.393,0.664,0.357,-0.371,-1.2,-0.157,,,0.086,warsaw,2026-07-12,EPWA,18.9,18.7,19.0,21.5,18.9,18.3,18.7,19.5,,,20.0,0.913,19.198,9,19.0,14,0.526,Europe/Warsaw,C
0.95,-0.936,-0.4,0.771,0.336,-0.436,-1.071,-0.143,,,0.15,warsaw,2026-07-13,EPWA,28.0,22.2,24.5,27.5,28.0,25.7,22.6,23.4,,,25.9,2.137,25.518,9,25.0,14,0.521,Europe/Warsaw,C
0.979,-1.114,-0.479,0.9,0.55,-0.35,-1.129,-0.257,,,0.171,warsaw,2026-07-14,EPWA,29.1,25.2,26.0,27.3,27.7,26.5,22.7,26.7,,,27.2,1.691,26.729,9,27.0,14,0.527,Europe/Warsaw,C
1.036,-1.186,-0.557,0.886,0.571,-0.329,-1.264,-0.243,,,0.214,warsaw,2026-07-15,EPWA,31.1,26.5,27.5,29.3,29.3,28.4,24.7,28.2,,,28.6,1.721,28.429,9,28.0,14,0.515,Europe/Warsaw,C
1.321,-1.129,-0.571,0.85,0.657,-0.214,-1.357,-0.207,,,0.214,warsaw,2026-07-16,EPWA,31.4,28.7,29.2,30.6,29.9,29.5,26.6,29.2,,,29.7,1.256,29.559,9,29.0,14,0.5,Europe/Warsaw,C
1.371,-1.036,-0.493,0.943,0.707,-0.157,-1.257,-0.2,,,0.293,warsaw,2026-07-17,EPWA,33.3,30.3,31.6,32.7,32.3,31.3,28.9,31.1,,,30.7,1.255,31.436,9,31.0,14,0.5,Europe/Warsaw,C
1.414,-1.021,-0.421,1.064,0.75,-0.064,-1.264,-0.236,,,0.257,warsaw,2026-07-18,EPWA,27.8,24.2,26.2,28.3,26.2,26.0,23.5,25.9,,,26.1,1.419,25.994,9,26.0,14,0.5,Europe/Warsaw,C
1.371,-1.121,-0.414,1.143,0.693,-0.093,-1.414,-0.364,,,0.207,warsaw,2026-07-19,EPWA,28.2,24.6,27.0,28.1,27.2,26.9,24.6,27.4,,,26.8,1.242,26.747,9,26.0,14,0.5,Europe/Warsaw,C
1.371,-1.207,-0.279,1.186,0.821,0.014,-1.436,-0.329,,,0.286,warsaw,2026-07-20,EPWA,21.7,19.7,19.8,21.7,21.8,20.8,20.4,19.2,,,21.4,0.934,20.637,9,20.0,14,0.5,Europe/Warsaw,C
1.4,-1.157,-0.257,1.329,0.907,0.1,-1.35,-0.364,,,0.314,warsaw,2026-07-21,EPWA,18.1,16.2,16.7,18.6,17.0,17.8,18.0,15.9,,,18.4,0.93,17.21,9,17.0,14,0.518,Europe/Warsaw,C
1.571,-1.136,-0.229,1.45,0.957,0.2,-1.286,-0.343,,,0.4,warsaw,2026-07-22,EPWA,24.4,21.4,21.7,23.4,22.8,22.6,21.4,22.5,,,22.4,0.918,22.347,9,22.0,14,0.5,Europe/Warsaw,C
1.8,-1.107,-0.157,1.557,1.007,0.293,-1.271,-0.193,,,0.471,warsaw,2026-07-23,EPWA,18.5,18.1,18.4,21.8,18.1,19.4,18.3,17.8,,,18.9,1.147,18.366,9,18.0,14,0.5,Europe/Warsaw,C
1.814,-1.079,-0.114,1.721,0.957,0.414,-1.307,-0.179,,,0.507,warsaw,2026-07-24,EPWA,21.8,19.7,21.1,21.2,20.6,20.9,19.2,19.6,,,20.2,0.812,20.228,9,20.0,14,0.5,Europe/Warsaw,C
1.85,-0.986,-0.05,1.829,0.921,0.386,-1.393,-0.2,,,0.45,warsaw,2026-07-25,EPWA,26.1,24.1,24.4,26.3,24.6,25.2,22.9,24.9,,,25.2,0.974,24.515,9,24.0,14,0.5,Europe/Warsaw,C
1.886,-0.886,0.079,1.879,0.886,0.521,-1.393,-0.05,,,0.679,warsaw,2026-07-26,EPWA,31.1,29.0,29.0,31.0,30.6,30.1,27.9,30.2,,,29.9,0.993,29.439,9,28.0,14,0.5,Europe/Warsaw,C
2.114,-0.793,0.15,1.914,1.079,0.721,-1.379,0.071,,,0.743,warsaw,2026-07-27,EPWA,24.0,21.1,21.6,23.2,22.5,22.1,23.1,22.0,,,22.4,0.834,21.863,9,23.0,14,0.578,Europe/Warsaw,C
1.971,-0.729,0.086,1.75,0.829,0.607,-1.2,0.114,,,0.636,warsaw,2026-07-28,EPWA,22.7,20.5,21.0,22.7,20.9,21.2,20.5,22.0,,,22.1,0.829,20.988,9,22.0,14,0.638,Europe/Warsaw,C
1.871,-0.707,0.086,1.779,0.7,0.586,-1.0,0.136,,,0.629,warsaw,2026-07-29,EPWA,27.2,24.6,25.4,27.0,25.5,25.5,23.4,25.6,,,26.1,1.089,25.159,9,25.0,14,0.689,Europe/Warsaw,C
1.807,-0.629,0.15,1.829,0.643,0.593,-0.879,0.164,,,0.664,warsaw,2026-07-30,EPWA,33.2,30.7,31.3,32.7,32.7,32.1,28.2,31.0,,,32.6,1.455,31.214,9,31.0,14,0.681,Europe/Warsaw,C
1.793,-0.629,0.157,1.836,0.7,0.636,-0.907,0.15,,,0.729,warsaw,2026-07-31,EPWA,36.3,32.2,33.9,36.1,34.7,33.7,30.2,33.8,,,33.7,1.76,33.467,9,33.0,14,0.667,Europe/Warsaw,C
1.864,-0.636,0.179,1.936,0.729,0.664,-0.957,0.2,,,0.8,warsaw,2026-08-01,EPWA,33.4,31.9,31.6,34.1,34.2,31.8,28.8,31.2,,,30.9,1.616,31.56,9,31.0,14,0.669,Europe/Warsaw,C
1.907,-0.443,0.207,1.993,0.943,0.721,-0.936,0.221,,,0.786,warsaw,2026-08-02,EPWA,25.1,23.1,24.6,26.4,25.2,24.5,22.4,25.6,,,24.9,1.156,23.964,9,24.0,14,0.685,Europe/Warsaw,C
1.829,-0.407,0.179,2.014,0.943,0.693,-0.95,0.236,,,0.793,warsaw,2026-08-03,EPWA,31.5,28.4,29.1,31.5,30.9,29.5,26.3,29.3,,,30.1,1.558,29.103,9,29.0,14,0.655,Europe/Warsaw,C
1.886,-0.429,0.2,2.071,0.95,0.671,-1.171,0.314,,,0.771,warsaw,2026-08-04,EPWA,33.9,30.6,32.3,33.9,33.1,31.8,29.2,32.4,,,32.7,1.438,31.672,9,31.0,14,0.634,Europe/Warsaw,C
2.014,-0.4,0.314,2.164,1.1,0.671,-1.371,0.493,,,0.793,warsaw,2026-08-05,EPWA,38.1,35.0,35.8,38.0,37.4,35.3,31.6,36.2,,,35.9,1.864,35.391,9,36.0,14,0.656,Europe/Warsaw,C
1.993,-0.429,0.321,2.207,1.143,0.579,-1.643,0.471,,,0.757,warsaw,2026-08-06,EPWA,33.1,31.6,29.9,35.5,34.3,32.2,28.5,33.1,,,32.4,2.006,31.577,9,33.0,14,0.67,Europe/Warsaw,C
1.964,-0.536,0.071,2.114,1.229,0.421,-1.986,0.493,,,0.65,warsaw,2026-08-07,EPWA,25.8,22.7,23.2,26.1,26.2,24.3,22.8,25.0,,,25.1,1.315,23.998,9,24.0,14,0.764,Europe/Warsaw,C
1.964,-0.607,-0.064,2.179,1.343,0.379,-2.014,0.593,,,0.714,warsaw,2026-08-08,EPWA,25.0,21.3,21.5,22.8,23.5,22.2,21.1,22.9,,,22.2,1.159,22.063,9,22.0,14,0.761,Europe/Warsaw,C
2.029,-0.664,-0.129,2.071,1.407,0.307,-2.0,0.593,,,0.643,warsaw,2026-08-09,EPWA,26.3,23.9,24.5,25.9,26.2,25.3,22.9,24.9,,,25.4,1.057,24.558,9,25.0,14,0.749,Europe/Warsaw,C
1.9,-0.814,-0.236,1.921,1.307,0.179,-2.143,0.429,,,0.536,warsaw,2026-08-10,EPWA,32.5,30.0,30.4,33.3,32.8,32.2,28.0,32.3,,,32.9,1.655,31.179,9,32.0,14,0.654,Europe/Warsaw,C
1.864,-0.821,-0.25,2.0,1.4,0.257,-2.436,0.521,,,0.643,warsaw,2026-08-11,EPWA,24.8,19.7,21.6,22.7,23.9,21.5,21.6,22.4,,,22.5,1.39,21.969,9,22.0,14,0.619,Europe/Warsaw,C
2.014,-0.879,-0.207,2.0,1.614,0.279,-2.357,0.55,,,0.671,warsaw,2026-08-12,EPWA,24.9,21.3,22.4,23.8,23.8,22.5,20.7,22.9,,,22.8,1.217,22.417,9,22.0,14,0.557,Europe/Warsaw,C
2.064,-0.9,-0.207,1.986,1.707,0.279,-2.336,0.571,,,0.65,warsaw,2026-08-13,EPWA,23.1,22.0,22.4,23.7,24.0,22.5,21.3,22.6,,,22.9,0.78,22.224,9,23.0,14,0.566,Europe/Warsaw,C
1.914,-0.95,-0.271,1.914,1.657,0.164,-2.257,0.543,,,0.529,warsaw,2026-08-14,EPWA,27.9,25.0,25.7,26.7,27.1,26.2,23.5,25.5,,,26.4,1.206,25.711,9,26.0,14,0.6,Europe/Warsaw,C
1.814,-0.964,-0.357,1.743,1.614,0.129,-2.236,0.45,,,0.507,warsaw,2026-08-15,EPWA,30.9,28.7,29.8,30.6,31.8,30.2,26.6,29.7,,,30.9,1.436,29.636,9,30.0,14,0.592,Europe/Warsaw,C
1.707,-1.121,-0.414,1.564,1.514,0.086,-2.321,0.414,,,0.579,warsaw,2026-08-16,EPWA,31.8,28.3,29.9,30.2,30.1,29.3,26.9,29.3,,,30.1,1.288,29.43,9,30.0,14,0.581,Europe/Warsaw,C
1.757,-1.179,-0.464,1.407,1.436,0.0,-2.429,0.25,,,0.521,warsaw,2026-08-17,EPWA,25.8,23.0,22.9,24.3,25.9,24.2,22.2,23.4,,,23.3,1.21,23.795,9,24.0,14,0.601,Europe/Warsaw,C
1.707,-1.207,-0.55,1.25,1.436,-0.021,-2.364,0.186,,,0.393,warsaw,2026-08-18,EPWA,20.4,18.1,17.7,20.2,20.5,19.1,18.7,18.7,,,18.8,0.956,18.971,9,21.0,14,0.602,Europe/Warsaw,C
1.457,-1.386,-0.879,0.986,1.25,-0.214,-2.4,-0.079,,,0.114,warsaw,2026-08-19,EPWA,22.4,21.4,22.2,24.1,23.1,22.3,21.5,21.3,,,22.9,0.862,22.371,9,23.0,14,0.79,Europe/Warsaw,C
1.264,-1.429,-0.921,0.921,1.157,-0.214,-2.193,-0.214,,,0.114,warsaw,2026-08-20,EPWA,25.4,23.7,23.6,25.4,25.0,24.2,23.3,22.6,,,24.4,0.915,24.356,9,24.0,14,0.792,Europe/Warsaw,C
1.357,-1.35,-0.729,0.843,1.136,-0.143,-1.921,-0.321,,,0.186,warsaw,2026-08-21,EPWA,27.8,26.5,23.9,28.7,25.8,26.6,24.5,25.7,,,26.2,1.4,26.233,9,26.0,14,0.701,Europe/Warsaw,C
1.357,-1.221,-0.821,0.886,0.964,-0.121,-1.943,-0.414,,,0.121,warsaw,2026-08-22,EPWA,22.8,20.5,20.5,20.9,20.3,21.6,21.5,20.6,,,22.6,0.881,21.354,9,23.0,14,0.704,Europe/Warsaw,C
1.129,-1.35,-0.964,0.679,0.664,-0.236,-1.986,-0.65,,,0.079,warsaw,2026-08-23,EPWA,20.7,17.8,18.7,19.7,20.0,19.2,19.0,19.2,,,19.0,0.775,19.521,9,19.0,14,0.83,Europe/Warsaw,C
1.157,-1.357,-0.95,0.664,0.65,-0.243,-1.836,-0.629,,,0.05,warsaw,2026-08-24,EPWA,20.4,15.4,17.0,18.9,19.4,17.8,18.0,17.7,,,17.9,1.35,18.324,9,18.0,14,0.833,Europe/Warsaw,C
1.293,-1.4,-0.907,0.636,0.693,-0.271,-1.55,-0.671,,,-0.021,warsaw,2026-08-25,EPWA,23.9,20.8,21.3,23.0,22.7,21.6,20.3,21.7,,,22.3,1.067,22.225,9,22.0,14,0.808,Europe/Warsaw,C
1.229,-1.321,-0.929,0.657,0.607,-0.264,-1.643,-0.721,,,-0.036,warsaw,2026-08-26,EPWA,24.6,21.3,21.9,23.6,23.5,22.4,21.1,22.4,,,22.6,1.071,22.895,9,23.0,14,0.81,Europe/Warsaw,C
1.136,-1.393,-1.036,0.571,0.514,-0.343,-1.686,-0.829,,,-0.121,warsaw,2026-08-27,EPWA,25.9,22.9,23.3,25.1,25.0,23.9,22.6,23.7,,,24.2,1.032,24.439,9,24.0,14,0.803,Europe/Warsaw,C
1.264,-1.4,-1.043,0.6,0.514,-0.314,-1.664,-0.821,,,-0.1,warsaw,2026-08-28,EPWA,25.8,23.8,23.6,25.6,26.1,24.3,23.4,24.6,,,25.5,0.971,25.018,9,25.0,14,0.785,Europe/Warsaw,C
1.186,-1.414,-1.121,0.593,0.514,-0.379,-1.6,-0.814,,,-0.093,warsaw,2026-08-29,EPWA,22.0,18.9,21.7,21.7,22.4,21.9,19.9,21.1,,,21.3,1.058,21.531,9,22.0,14,0.781,Europe/Warsaw,C
1.121,-1.543,-1.129,0.529,0.414,-0.4,-1.507,-0.857,,,-0.207,warsaw,2026-08-30,EPWA,27.0,25.1,25.3,27.5,27.2,26.5,24.7,24.7,,,26.8,1.064,26.46,9,26.0,14,0.785,Europe/Warsaw,C
1.064,-1.486,-1.171,0.621,0.493,-0.314,-1.379,-0.9,,,-0.157,warsaw,2026-08-31,EPWA,29.1,24.9,24.5,28.0,28.5,25.6,25.7,27.6,,,27.6,1.579,27.15,9,27.0,14,0.78,Europe/Warsaw,C
1.086,-1.564,-1.271,0.671,0.464,-0.429,-1.343,-0.814,,,-0.064,warsaw,2026-09-01,EPWA,20.9,19.1,19.8,22.4,22.2,20.5,19.9,21.1,,,20.2,1.035,20.923,9,20.0,14,0.779,Europe/Warsaw,C
1.193,-1.421,-1.05,0.9,0.657,-0.257,-1.186,-0.571,,,0.107,warsaw,2026-09-02,EPWA,23.8,20.5,20.7,23.0,23.1,22.0,21.0,22.5,,,22.8,1.109,22.314,9,22.0,14,0.611,Europe/Warsaw,C
1.364,-1.414,-1.086,0.893,0.729,-0.207,-1.15,-0.414,,,0.171,warsaw,2026-09-03,EPWA,25.2,21.9,21.8,24.2,23.9,23.1,22.1,22.8,,,23.3,1.08,23.297,9,23.0,14,0.593,Europe/Warsaw,C
1.421,-1.471,-1.143,0.879,0.721,-0.214,-1.164,-0.329,,,0.164,warsaw,2026-09-04,EPWA,22.6,21.9,22.0,23.6,22.3,22.6,23.8,22.6,,,23.6,0.675,22.737,9,22.0,14,0.591,Europe/Warsaw,C
1.336,-1.514,-0.993,0.8,0.757,-0.214,-0.929,-0.264,,,0.264,warsaw,2026-09-05,EPWA,21.0,19.5,19.5,21.2,21.9,20.7,21.8,20.6,,,21.0,0.808,20.762,9,21.0,14,0.62,Europe/Warsaw,C
1.35,-1.443,-0.921,0.964,1.014,-0.136,-0.764,-0.121,,,0.293,warsaw,2026-09-06,EPWA,17.5,17.4,18.1,18.0,18.1,17.5,17.5,18.9,,,18.9,0.553,17.866,9,18.0,14,0.5,Europe/Warsaw,C
1.193,-1.4,-0.893,0.914,0.95,-0.186,-0.8,-0.071,,,0.357,warsaw,2026-09-07,EPWA,21.5,19.4,19.7,21.9,21.5,20.2,19.4,20.5,,,20.5,0.889,20.499,9,21.0,14,0.5,Europe/Warsaw,C
1.057,-1.329,-0.914,0.914,0.886,-0.229,-0.914,-0.086,,,0.329,warsaw,2026-09-08,EPWA,28.1,26.0,26.0,29.0,28.5,28.0,24.9,27.4,,,27.9,1.29,27.322,9,27.0,14,0.5,Europe/Warsaw,C
1.0,-1.314,-0.936,0.986,0.943,-0.129,-0.943,-0.036,,,0.371,warsaw,2026-09-09,EPWA,30.3,28.6,28.0,31.0,31.1,29.6,28.7,29.4,,,29.2,1.013,29.525,9,30.0,14,0.5,Europe/Warsaw,C
0.907,-1.293,-1.0,1.014,0.986,-0.114,-0.9,-0.036,,,0.343,warsaw,2026-09-10,EPWA,20.1,17.6,17.8,20.4,19.6,18.9,20.5,18.8,,,20.2,1.04,19.242,9,20.0,14,0.5,Europe/Warsaw,C
0.779,-1.386,-1.107,0.964,0.886,-0.186,-0.764,-0.1,,,0.343,warsaw,2026-09-11,EPWA,17.4,16.2,15.9,18.4,18.7,16.7,16.8,16.5,,,16.8,0.898,17.091,9,16.0,14,0.5,Europe/Warsaw,C
0.821,-1.286,-1.014,1.093,1.0,-0.086,-0.593,-0.036,,,0.364,warsaw,2026-09-12,EPWA,19.9,18.0,18.2,19.2,19.2,17.9,17.9,18.8,,,18.1,0.683,18.636,9,19.0,14,0.564,Europe/Warsaw,C
0.886,-1.136,-1.05,1.129,0.986,-0.157,-0.521,0.014,,,0.35,warsaw,2026-09-13,EPWA,20.2,19.7,18.9,20.2,19.8,19.8,19.6,19.7,,,19.6,0.361,19.677,9,20.0,14,0.559,Europe/Warsaw,C
0.829,-1.093,-1.079,1.036,0.886,-0.207,-0.457,0.086,,,0.264,warsaw,2026-09-14,EPWA,20.1,18.1,18.8,20.2,20.3,18.8,18.4,18.5,,,19.6,0.806,19.229,9,19.0,14,0.552,Europe/Warsaw,C
0.757,-1.007,-0.914,1.05,0.871,-0.121,-0.407,0.007,,,0.264,warsaw,2026-09-15,EPWA,21.4,18.9,19.8,21.2,21.5,20.3,19.2,19.3,,,19.3,0.973,20.15,9,20.0,14,0.554,Europe/Warsaw,C
0.793,-1.021,-0.914,0.964,0.821,-0.136,-0.457,-0.121,,,0.2,warsaw,2026-09-16,EPWA,25.3,23.6,23.9,25.1,25.1,24.8,23.0,24.6,,,24.8,0.742,24.493,9,24.0,14,0.5,Europe/Warsaw,C
0.757,-0.943,-0.829,0.971,0.821,-0.079,-0.457,-0.114,,,0.2,warsaw,2026-09-17,EPWA,19.1,16.7,17.7,19.4,19.4,18.2,18.4,17.8,,,19.4,0.897,18.394,9,18.0,14,0.507,Europe/Warsaw,C
0.679,-0.957,-0.764,0.986,0.857,-0.071,-0.364,-0.114,,,0.279,warsaw,2026-09-18,EPWA,23.4,20.5,20.8,22.6,22.0,21.5,20.9,20.8,,,22.0,0.916,21.646,9,21.0,14,0.512,Europe/Warsaw,C
0.807,-0.986,-0.779,0.986,0.907,-0.079,-0.5,-0.171,,,0.236,warsaw,2026-09-19,EPWA,22.7,20.8,20.7,22.6,22.2,21.5,20.6,21.5,,,21.7,0.749,21.574,9,22.0,14,0.503,Europe/Warsaw,C
0.857,-0.964,-0.764,1.014,0.857,-0.093,-0.657,-0.179,,,0.214,warsaw,2026-09-20,EPWA,19.8,20.3,20.8,22.5,22.6,21.0,21.5,21.0,,,21.3,0.867,21.006,9,22.0,14,0.512,Europe/Warsaw,C
0.736,-1.043,-0.857,1.05,0.893,-0.129,-0.657,-0.314,,,0.1,warsaw,2026-09-21,EPWA,14.2,12.9,13.5,15.4,15.8,14.6,14.5,13.9,,,14.7,0.846,14.327,9,14.0,14,0.576,Europe/Warsaw,C
0.714,-1.007,-0.8,1.086,0.986,-0.029,-0.507,-0.286,,,0.186,warsaw,2026-09-22,EPWA,16.3,14.7,13.7,16.4,17.0,15.5,15.2,15.3,,,15.6,0.926,15.465,9,17.0,14,0.567,Europe/Warsaw,C
-0.42,0.06,-0.26,0.72,2.08,-0.42,-4.02,-0.02,,,-3.96,istanbul,2026-07-01,LTFM,27.2,27.8,28.3,28.3,30.4,27.2,24.5,28.0,,,23.7,1.919,27.954,9,28.0,0,1.2,Europe/Istanbul,C
-0.483,0.017,-0.167,0.65,2.133,-0.483,-3.933,-0.017,,,-4.017,istanbul,2026-07-02,LTFM,27.8,28.0,28.1,28.3,30.5,27.8,23.9,27.9,,,23.6,2.068,28.072,9,28.0,0,1.2,Europe/Istanbul,C
-0.443,0.014,-0.129,0.6,2.186,-0.443,-3.957,-0.029,,,-4.071,istanbul,2026-07-03,LTFM,27.8,28.3,29.2,28.8,31.2,27.8,24.6,28.8,,,23.5,2.223,28.497,9,29.0,0,1.2,Europe/Istanbul,C
-0.537,-0.075,-0.088,0.5,2.187,-0.537,-4.012,-0.05,,,-4.25,istanbul,2026-07-04,LTFM,23.3,23.8,23.7,24.1,25.6,23.3,23.2,24.9,,,24.1,0.756,24.552,9,25.0,8,0.608,Europe/Istanbul,C
-0.667,-0.2,-0.222,0.344,2.011,-0.667,-3.767,-0.056,,,-3.878,istanbul,2026-07-05,LTFM,26.0,26.3,25.6,26.4,27.1,26.0,24.0,26.3,,,23.7,1.067,26.443,9,27.0,9,0.592,Europe/Istanbul,C
-0.7,-0.25,-0.34,0.25,1.82,-0.7,-3.69,-0.12,,,-3.82,istanbul,2026-07-06,LTFM,25.8,26.1,25.8,26.7,27.6,25.8,23.9,26.6,,,23.4,1.253,26.516,9,27.0,10,0.589,Europe/Istanbul,C
-0.745,-0.309,-0.418,0.2,1.709,-0.745,-3.636,-0.145,,,-3.8,istanbul,2026-07-07,LTFM,26.3,26.4,26.4,27.6,28.7,26.3,23.9,26.6,,,23.2,1.59,27.005,9,27.0,11,0.58,Europe/Istanbul,C
-0.742,-0.333,-0.433,0.233,1.708,-0.742,-3.592,-0.167,,,-3.8,istanbul,2026-07-08,LTFM,28.4,28.6,28.7,29.4,31.4,28.4,25.4,29.4,,,24.0,2.084,29.077,9,30.0,12,0.556,Europe/Istanbul,C
-0.808,-0.415,-0.5,0.169,1.685,-0.808,-3.669,-0.2,,,-3.969,istanbul,2026-07-09,LTFM,22.3,22.3,22.3,23.7,22.9,22.3,23.4,23.8,,,23.7,0.645,23.648,9,24.0,13,0.592,Europe/Istanbul,C
-0.871,-0.507,-0.586,0.136,1.486,-0.871,-3.45,-0.2,,,-3.707,istanbul,2026-07-10,LTFM,25.1,25.1,24.9,25.7,27.8,25.1,22.9,25.8,,,22.3,1.517,25.9,9,26.0,14,0.578,Europe/Istanbul,C
-0.95,-0.607,-0.693,0.029,1.45,-0.95,-3.357,-0.25,,,-3.714,istanbul,2026-07-11,LTFM,27.0,27.9,27.4,28.2,29.9,27.0,24.3,27.3,,,22.4,2.084,27.89,9,28.0,14,0.578,Europe/Istanbul,C
-1.007,-0.657,-0.75,-0.029,1.414,-1.007,-3.321,-0.321,,,-3.864,istanbul,2026-07-12,LTFM,26.0,27.1,26.6,27.2,29.1,26.0,23.9,26.4,,,23.6,1.583,27.285,9,27.0,14,0.575,Europe/Istanbul,C
-1.007,-0.571,-0.65,0.007,1.55,-1.007,-3.257,-0.336,,,-3.821,istanbul,2026-07-13,LTFM,24.8,26.2,25.9,26.3,28.0,24.8,23.9,26.7,,,23.8,1.305,26.527,9,27.0,14,0.5,Europe/Istanbul,C
-1.114,-0.621,-0.693,-0.071,1.464,-1.114,-3.207,-0.336,,,-3.686,istanbul,2026-07-14,LTFM,24.5,24.4,24.1,25.0,25.2,24.5,22.5,24.4,,,23.6,0.756,25.253,9,25.0,14,0.5,Europe/Istanbul,C
-1.121,-0.693,-0.786,-0.164,1.243,-1.121,-3.121,-0.364,,,-3.529,istanbul,2026-07-15,LTFM,27.6,27.4,27.0,27.7,29.2,27.6,24.3,28.2,,,23.8,1.673,28.104,9,27.0,14,0.5,Europe/Istanbul,C
-1.021,-0.65,-0.807,-0.136,1.229,-1.021,-3.064,-0.279,,,-3.45,istanbul,2026-07-16,LTFM,27.3,28.5,28.3,28.4,29.2,27.3,24.2,27.8,,,24.4,1.684,28.364,9,28.0,14,0.506,Europe/Istanbul,C
-1.057,-0.614,-0.793,-0.129,1.136,-1.057,-3.043,-0.286,,,-3.393,istanbul,2026-07-17,LTFM,28.0,28.6,28.6,28.6,29.9,28.0,24.5,28.2,,,24.9,1.692,28.822,9,28.0,14,0.515,Europe/Istanbul,C
-0.971,-0.521,-0.764,-0.071,1.114,-0.971,-2.979,-0.257,,,-3.221,istanbul,2026-07-18,LTFM,27.3,28.0,27.6,28.1,29.8,27.3,24.5,27.8,,,24.6,1.591,28.233,9,27.0,14,0.544,Europe/Istanbul,C
-0.829,-0.364,-0.629,0.071,1.271,-0.829,-3.029,-0.193,,,-3.329,istanbul,2026-07-19,LTFM,27.2,28.3,28.2,28.1,30.0,27.2,24.4,27.9,,,24.6,1.694,28.25,9,28.0,14,0.624,Europe/Istanbul,C
-0.814,-0.293,-0.514,0.121,1.407,-0.814,-3.071,-0.15,,,-3.336,istanbul,2026-07-20,LTFM,27.3,28.4,28.2,28.3,30.6,27.3,24.7,27.8,,,24.3,1.818,28.317,9,27.0,14,0.61,Europe/Istanbul,C
-0.707,-0.129,-0.343,0.236,1.621,-0.707,-3.014,-0.064,,,-3.271,istanbul,2026-07-21,LTFM,27.5,28.7,28.2,28.1,31.1,27.5,24.6,28.0,,,23.9,2.024,28.297,9,28.0,14,0.692,Europe/Istanbul,C
-0.693,-0.036,-0.286,0.2,1.721,-0.693,-3.036,-0.036,,,-3.293,istanbul,2026-07-22,LTFM,31.6,30.9,31.0,31.3,34.3,31.6,25.8,29.1,,,23.7,3.077,30.883,9,34.0,14,0.697,Europe/Istanbul,C
-0.75,-0.157,-0.407,0.05,1.643,-0.75,-3.293,-0.343,,,-3.6,istanbul,2026-07-23,LTFM,24.0,23.7,23.6,23.2,24.5,24.0,22.0,23.4,,,22.7,0.709,24.288,9,24.0,14,1.058,Europe/Istanbul,C
-0.629,-0.057,-0.314,0.014,1.757,-0.629,-3.393,-0.371,,,-3.671,istanbul,2026-07-24,LTFM,24.6,24.9,24.8,24.5,26.6,24.6,22.4,25.2,,,23.4,1.094,25.318,9,25.0,14,1.056,Europe/Istanbul,C
-0.593,-0.0,-0.25,0.0,1.743,-0.593,-3.357,-0.343,,,-3.521,istanbul,2026-07-25,LTFM,21.5,21.7,21.8,20.9,23.5,21.5,21.4,21.8,,,22.9,0.759,22.524,9,23.0,14,1.059,Europe/Istanbul,C
-0.629,-0.086,-0.293,-0.164,1.643,-0.629,-3.207,-0.379,,,-3.129,istanbul,2026-07-26,LTFM,26.9,27.1,27.2,26.6,28.8,26.9,24.7,28.3,,,23.9,1.465,27.452,9,28.0,14,1.066,Europe/Istanbul,C
-0.636,-0.157,-0.321,-0.279,1.55,-0.636,-3.221,-0.314,,,-3.179,istanbul,2026-07-27,LTFM,30.8,30.2,30.4,29.8,31.3,30.8,28.9,31.8,,,24.9,1.93,30.69,9,31.0,14,1.074,Europe/Istanbul,C
-0.493,-0.157,-0.286,-0.314,1.5,-0.493,-3.15,-0.236,,,-3.386,istanbul,2026-07-28,LTFM,28.2,28.3,28.0,28.3,30.0,28.2,25.2,28.4,,,24.4,1.64,28.46,9,29.0,14,1.07,Europe/Istanbul,C
-0.514,-0.164,-0.293,-0.364,1.557,-0.514,-3.243,-0.236,,,-3.614,istanbul,2026-07-29,LTFM,26.5,27.3,27.1,26.9,28.0,26.5,24.4,26.9,,,24.0,1.253,27.195,9,27.0,14,1.077,Europe/Istanbul,C
-0.593,-0.171,-0.286,-0.421,1.471,-0.593,-3.236,-0.329,,,-3.6,istanbul,2026-07-30,LTFM,25.1,25.6,25.4,25.5,26.4,25.1,23.1,25.6,,,23.4,1.015,25.825,9,26.0,14,1.037,Europe/Istanbul,C
-0.607,-0.236,-0.35,-0.486,1.414,-0.607,-3.171,-0.343,,,-3.529,istanbul,2026-07-31,LTFM,25.4,25.7,25.9,25.7,26.4,25.4,23.0,25.7,,,23.1,1.154,26.002,9,26.0,14,1.034,Europe/Istanbul,C
-0.65,-0.3,-0.4,-0.55,1.307,-0.65,-3.136,-0.379,,,-3.514,istanbul,2026-08-01,LTFM,25.8,26.4,26.6,26.4,27.1,25.8,23.7,26.6,,,22.8,1.374,26.585,9,27.0,14,1.01,Europe/Istanbul,C
-0.757,-0.414,-0.471,-0.671,1.114,-0.757,-3.193,-0.464,,,-3.643,istanbul,2026-08-02,LTFM,26.3,27.5,27.6,27.4,28.9,26.3,24.4,26.9,,,22.9,1.712,27.496,9,27.0,14,0.961,Europe/Istanbul,C
-0.75,-0.4,-0.443,-0.65,1.107,-0.75,-3.121,-0.464,,,-3.693,istanbul,2026-08-03,LTFM,26.8,27.6,27.5,28.1,30.5,26.8,24.1,27.1,,,23.6,1.945,27.925,9,28.0,14,0.968,Europe/Istanbul,C
-0.857,-0.529,-0.564,-0.736,1.029,-0.857,-3.236,-0.586,,,-3.814,istanbul,2026-08-04,LTFM,28.5,29.8,29.8,30.2,31.8,28.5,25.4,30.2,,,24.7,2.197,29.894,9,31.0,14,0.902,Europe/Istanbul,C
-1.0,-0.664,-0.664,-0.8,0.864,-1.0,-3.393,-0.643,,,-3.971,istanbul,2026-08-05,LTFM,28.0,28.2,28.3,28.7,30.4,28.0,24.6,27.5,,,24.1,1.869,28.843,9,28.0,14,0.946,Europe/Istanbul,C
-0.829,-0.429,-0.429,-0.557,1.014,-0.829,-3.05,-0.329,,,-3.514,istanbul,2026-08-06,LTFM,27.5,28.3,28.2,28.6,30.5,27.5,24.2,27.6,,,24.3,1.898,28.455,9,28.0,14,0.502,Europe/Istanbul,C
-0.864,-0.386,-0.386,-0.457,1.157,-0.864,-3.179,-0.314,,,-3.686,istanbul,2026-08-07,LTFM,27.7,28.5,28.3,28.7,30.1,27.7,24.5,28.4,,,24.6,1.765,28.629,9,28.0,14,0.511,Europe/Istanbul,C
-0.857,-0.343,-0.35,-0.371,1.193,-0.857,-3.243,-0.3,,,-3.814,istanbul,2026-08-08,LTFM,28.4,28.5,28.6,28.6,30.8,28.4,25.1,28.2,,,24.6,1.797,28.964,9,28.0,14,0.531,Europe/Istanbul,C
-0.721,-0.214,-0.221,-0.179,1.357,-0.721,-3.336,-0.2,,,-4.05,istanbul,2026-08-09,LTFM,25.8,25.6,25.3,25.5,25.7,25.8,24.5,26.2,,,24.9,0.485,26.293,9,27.0,14,0.576,Europe/Istanbul,C
-0.729,-0.25,-0.286,-0.186,1.207,-0.729,-3.279,-0.279,,,-3.907,istanbul,2026-08-10,LTFM,27.1,27.4,26.8,27.7,28.6,27.1,24.5,27.5,,,24.4,1.339,27.692,9,28.0,14,0.588,Europe/Istanbul,C
-0.779,-0.236,-0.329,-0.121,1.229,-0.779,-3.379,-0.371,,,-3.729,istanbul,2026-08-11,LTFM,26.1,27.2,27.1,26.5,29.0,26.1,24.1,27.0,,,24.3,1.42,27.305,9,27.0,14,0.588,Europe/Istanbul,C
-0.786,-0.171,-0.25,-0.107,1.3,-0.786,-3.314,-0.329,,,-3.593,istanbul,2026-08-12,LTFM,27.8,28.7,28.7,28.7,30.3,27.8,25.1,28.7,,,24.9,1.672,28.753,9,28.0,14,0.576,Europe/Istanbul,C
-0.764,-0.143,-0.207,-0.05,1.393,-0.764,-3.336,-0.271,,,-3.6,istanbul,2026-08-13,LTFM,26.7,27.0,26.8,27.3,28.2,26.7,24.5,27.6,,,24.6,1.187,27.405,9,27.0,14,0.608,Europe/Istanbul,C
-0.721,-0.114,-0.179,0.007,1.45,-0.721,-3.307,-0.2,,,-3.586,istanbul,2026-08-14,LTFM,24.8,25.5,25.8,25.0,26.8,24.8,23.3,26.8,,,24.2,1.082,25.953,9,27.0,14,0.616,Europe/Istanbul,C
-0.836,-0.2,-0.257,-0.114,1.407,-0.836,-3.357,-0.193,,,-3.579,istanbul,2026-08-15,LTFM,25.3,25.6,25.1,25.3,26.1,25.3,23.2,25.8,,,23.6,0.924,25.877,9,26.0,14,0.676,Europe/Istanbul,C
-0.8,-0.186,-0.293,-0.121,1.407,-0.8,-3.321,-0.179,,,-3.45,istanbul,2026-08-16,LTFM,25.2,25.2,24.3,25.3,26.5,25.2,23.7,25.9,,,23.4,0.943,25.741,9,26.0,14,0.668,Europe/Istanbul,C
-0.807,-0.279,-0.457,-0.2,1.307,-0.807,-3.3,-0.179,,,-3.343,istanbul,2026-08-17,LTFM,25.5,25.3,25.8,26.0,27.5,25.5,23.4,26.3,,,23.0,1.313,26.234,9,25.0,14,0.658,Europe/Istanbul,C
-0.686,-0.229,-0.364,-0.136,1.307,-0.686,-3.136,-0.021,,,-3.171,istanbul,2026-08-18,LTFM,29.1,29.6,30.1,30.3,32.4,29.1,25.9,30.1,,,24.2,2.326,29.832,9,32.0,14,0.736,Europe/Istanbul,C
-0.714,-0.314,-0.414,-0.2,1.279,-0.714,-3.171,-0.1,,,-3.279,istanbul,2026-08-19,LTFM,26.4,26.6,26.4,26.8,27.9,26.4,23.8,26.6,,,24.5,1.17,26.997,9,27.0,14,0.889,Europe/Istanbul,C
-0.757,-0.357,-0.479,-0.264,1.171,-0.757,-3.157,-0.093,,,-3.179,istanbul,2026-08-20,LTFM,26.9,27.7,27.8,27.5,30.1,26.9,23.8,27.4,,,23.6,1.909,27.8,9,27.0,14,0.86,Europe/Istanbul,C
-0.729,-0.329,-0.436,-0.271,1.214,-0.729,-3.114,-0.036,,,-3.157,istanbul,2026-08-21,LTFM,26.8,27.0,26.7,27.2,28.0,26.8,23.4,26.8,,,23.6,1.52,27.146,9,26.0,14,0.878,Europe/Istanbul,C
-0.65,-0.293,-0.407,-0.236,1.207,-0.65,-3.05,-0.007,,,-3.086,istanbul,2026-08-22,LTFM,26.6,27.1,27.2,27.1,29.1,26.6,23.3,27.1,,,23.4,1.767,27.244,9,27.0,14,0.914,Europe/Istanbul,C
-0.707,-0.321,-0.436,-0.271,1.157,-0.707,-3.107,-0.014,,,-3.1,istanbul,2026-08-23,LTFM,27.8,28.1,28.4,27.9,32.1,27.8,24.1,28.0,,,23.9,2.295,28.512,9,28.0,14,0.88,Europe/Istanbul,C
-0.636,-0.214,-0.286,-0.171,1.543,-0.636,-3.207,0.043,,,-3.243,istanbul,2026-08-24,LTFM,27.1,28.2,28.4,28.5,30.2,27.1,24.4,27.5,,,24.4,1.789,28.097,9,28.0,14,0.87,Europe/Istanbul,C
-0.636,-0.157,-0.171,-0.114,1.657,-0.636,-3.214,0.043,,,-3.243,istanbul,2026-08-25,LTFM,27.6,27.8,28.0,28.2,29.4,27.6,24.6,28.0,,,24.3,1.596,28.019,9,28.0,14,0.866,Europe/Istanbul,C
-0.6,-0.186,-0.179,-0.064,1.614,-0.6,-3.25,0.043,,,-3.314,istanbul,2026-08-26,LTFM,26.9,26.9,27.3,27.7,28.6,26.9,24.2,27.3,,,24.3,1.393,27.393,9,27.0,14,0.862,Europe/Istanbul,C
-0.593,-0.243,-0.207,-0.064,1.564,-0.593,-3.243,0.014,,,-3.286,istanbul,2026-08-27,LTFM,26.7,27.2,27.4,27.3,28.7,26.7,23.9,27.1,,,24.3,1.443,27.342,9,27.0,14,0.845,Europe/Istanbul,C
-0.593,-0.229,-0.164,-0.064,1.6,-0.593,-3.286,-0.021,,,-3.307,istanbul,2026-08-28,LTFM,23.1,23.8,23.2,23.5,24.6,23.1,23.0,24.2,,,23.8,0.524,24.171,9,24.0,14,0.843,Europe/Istanbul,C
-0.5,-0.136,-0.136,0.043,1.657,-0.5,-3.093,0.007,,,-3.121,istanbul,2026-08-29,LTFM,22.7,24.8,24.3,23.4,25.6,22.7,22.6,24.6,,,23.1,1.034,24.291,9,24.0,14,0.797,Europe/Istanbul,C
-0.543,-0.05,-0.05,0.05,1.764,-0.543,-2.993,0.064,,,-3.014,istanbul,2026-08-30,LTFM,25.7,25.7,25.7,26.1,26.7,25.7,23.7,25.7,,,23.6,0.987,25.965,9,26.0,14,0.8,Europe/Istanbul,C
-0.507,-0.014,0.05,0.107,1.779,-0.507,-2.993,0.05,,,-3.0,istanbul,2026-08-31,LTFM,25.9,26.3,26.3,26.6,27.2,25.9,24.0,26.3,,,23.6,1.128,26.319,9,26.0,14,0.797,Europe/Istanbul,C
-0.55,-0.014,0.014,0.079,1.686,-0.55,-3.021,-0.021,,,-3.029,istanbul,2026-09-01,LTFM,26.7,26.9,27.0,26.7,28.4,26.7,23.4,26.5,,,23.5,1.561,26.863,9,26.0,14,0.73,Europe/Istanbul,C
-0.293,0.221,0.221,0.25,1.829,-0.293,-2.771,0.15,,,-2.65,istanbul,2026-09-02,LTFM,25.9,26.7,26.8,26.5,28.3,25.9,23.2,26.2,,,23.4,1.535,26.277,9,26.0,14,0.501,Europe/Istanbul,C
-0.257,0.3,0.321,0.3,1.929,-0.257,-2.743,0.193,,,-2.657,istanbul,2026-09-03,LTFM,25.5,25.7,26.1,26.0,27.4,25.5,22.9,26.0,,,23.4,1.315,25.699,9,25.0,14,0.507,Europe/Istanbul,C
-0.214,0.3,0.343,0.336,1.879,-0.214,-2.664,0.236,,,-2.529,istanbul,2026-09-04,LTFM,25.6,26.5,26.2,26.0,27.1,25.6,23.4,25.9,,,23.4,1.215,25.807,9,26.0,14,0.5,Europe/Istanbul,C
-0.3,0.264,0.307,0.25,1.814,-0.3,-2.664,0.171,,,-2.543,istanbul,2026-09-05,LTFM,26.9,27.2,27.6,27.3,29.4,26.9,23.7,27.0,,,24.3,1.621,27.08,9,26.0,14,0.5,Europe/Istanbul,C
-0.207,0.343,0.407,0.336,1.907,-0.207,-2.564,0.236,,,-2.407,istanbul,2026-09-06,LTFM,28.9,26.2,27.1,28.3,30.4,28.9,23.4,27.3,,,24.3,2.137,27.545,9,29.0,14,0.5,Europe/Istanbul,C
-0.2,0.136,0.243,0.293,1.714,-0.2,-2.686,0.114,,,-2.45,istanbul,2026-09-07,LTFM,25.3,25.3,25.4,25.3,26.2,25.3,22.9,25.7,,,23.4,1.023,25.298,9,26.0,14,0.605,Europe/Istanbul,C
-0.186,0.071,0.171,0.207,1.571,-0.186,-2.65,0.129,,,-2.379,istanbul,2026-09-08,LTFM,23.7,24.3,23.9,23.8,24.4,23.7,22.0,24.2,,,22.3,0.809,23.912,9,24.0,14,0.633,Europe/Istanbul,C
-0.179,0.107,0.164,0.179,1.5,-0.179,-2.55,0.143,,,-2.236,istanbul,2026-09-09,LTFM,24.6,25.3,25.0,24.9,25.5,24.6,22.8,25.2,,,22.8,0.962,24.837,9,25.0,14,0.634,Europe/Istanbul,C
-0.2,0.136,0.143,0.121,1.421,-0.2,-2.507,0.136,,,-2.2,istanbul,2026-09-10,LTFM,25.0,25.4,25.6,25.3,26.7,25.0,23.4,25.6,,,22.7,1.14,25.303,9,25.0,14,0.626,Europe/Istanbul,C
-0.179,0.15,0.157,0.121,1.421,-0.179,-2.4,0.171,,,-2.171,istanbul,2026-09-11,LTFM,25.2,25.4,25.7,25.5,27.0,25.2,23.5,25.5,,,22.8,1.167,25.409,9,25.0,14,0.625,Europe/Istanbul,C
-0.1,0.193,0.264,0.193,1.521,-0.1,-2.436,0.193,,,-2.314,istanbul,2026-09-12,LTFM,24.8,25.9,25.9,25.8,28.0,24.8,23.0,25.4,,,22.4,1.569,25.398,9,25.0,14,0.633,Europe/Istanbul,C
-0.021,0.2,0.307,0.293,1.621,-0.021,-2.479,0.179,,,-2.436,istanbul,2026-09-13,LTFM,21.3,21.8,21.9,22.7,22.4,21.3,21.7,22.5,,,21.9,0.472,22.015,9,22.0,14,0.637,Europe/Istanbul,C
-0.05,0.207,0.321,0.336,1.6,-0.05,-2.336,0.236,,,-2.271,istanbul,2026-09-14,LTFM,21.5,22.0,22.1,21.7,22.8,21.5,20.7,22.3,,,20.6,0.676,21.843,9,22.0,14,0.637,Europe/Istanbul,C
-0.079,0.186,0.307,0.271,1.571,-0.079,-2.286,0.236,,,-2.2,istanbul,2026-09-15,LTFM,20.9,21.8,21.9,21.9,23.3,20.9,21.1,22.3,,,21.3,0.731,21.805,9,23.0,14,0.633,Europe/Istanbul,C
-0.279,0.036,0.157,0.143,1.421,-0.279,-2.236,0.15,,,-2.143,istanbul,2026-09-16,LTFM,19.9,20.5,20.5,21.3,21.9,19.9,21.3,22.3,,,21.3,0.795,21.09,9,22.0,14,0.67,Europe/Istanbul,C
-0.421,-0.121,-0.007,0.057,1.25,-0.421,-2.086,0.157,,,-2.007,istanbul,2026-09-17,LTFM,22.5,22.9,22.9,22.3,23.8,22.5,20.7,21.8,,,21.4,0.861,22.764,9,23.0,14,0.709,Europe/Istanbul,C
-0.493,-0.179,-0.093,-0.064,1.136,-0.493,-2.1,0.0,,,-2.007,istanbul,2026-09-18,LTFM,22.3,23.1,22.9,23.3,24.0,22.3,22.0,23.7,,,21.9,0.71,23.222,9,24.0,14,0.687,Europe/Istanbul,C
-0.586,-0.279,-0.186,-0.114,1.057,-0.586,-2.057,-0.014,,,-1.971,istanbul,2026-09-19,LTFM,23.7,23.8,23.8,23.8,24.5,23.7,21.9,24.0,,,22.0,0.843,24.011,9,23.0,14,0.716,Europe/Istanbul,C
-0.6,-0.307,-0.243,-0.15,0.921,-0.6,-1.971,-0.014,,,-1.921,istanbul,2026-09-20,LTFM,23.5,24.2,24.1,24.2,25.0,23.5,21.8,24.3,,,22.2,0.979,24.197,9,24.0,14,0.709,Europe/Istanbul,C
-0.629,-0.093,-0.1,-0.086,0.893,-0.629,-1.729,0.129,,,-1.714,istanbul,2026-09-21,LTFM,25.2,25.5,25.8,25.4,27.3,25.2,22.9,25.5,,,22.5,1.387,25.563,9,26.0,14,0.595,Europe/Istanbul,C
-0.636,-0.079,-0.071,-0.079,0.971,-0.636,-1.729,0.114,,,-1.779,istanbul,2026-09-22,LTFM,19.9,19.8,20.4,20.3,20.4,19.9,22.3,22.0,,,22.4,1.024,21.034,9,23.0,14,0.576,Europe/Istanbul,C
-0.836,-0.329,-0.25,-0.257,0.757,-0.836,-1.636,0.029,,,-1.7,istanbul,2026-09-23,LTFM,15.3,15.6,15.8,16.3,16.9,15.3,16.4,16.3,,,17.4,0.675,16.574,9,17.0,14,0.779,Europe/Istanbul,C
-0.34,-0.5,0.8,1.04,-0.34,-1.08,-5.28,0.24,-0.34,0.24,0.86,toronto,2026-06-30,CYYZ,34.0,34.0,34.3,36.8,34.0,33.6,26.9,35.5,34.0,34.6,34.0,2.348,34.241,11,34.0,0,1.2,America/Toronto,C
-0.283,-0.417,0.717,1.333,-0.283,-0.967,-5.583,0.45,-0.283,0.3,0.717,toronto,2026-07-01,CYYZ,36.3,35.5,36.2,37.8,36.3,35.9,29.3,36.3,36.3,36.4,36.8,2.107,36.169,11,36.0,0,1.2,America/Toronto,C
-0.2,-0.429,0.643,1.4,-0.2,-0.843,-5.743,0.429,-0.2,0.314,0.729,toronto,2026-07-02,CYYZ,34.2,33.4,34.3,35.7,34.2,33.5,29.1,33.3,34.2,35.7,34.6,1.683,34.41,11,34.0,0,1.2,America/Toronto,C
-0.15,-0.45,0.6,1.438,-0.15,-0.8,-5.638,0.287,-0.15,0.487,0.713,toronto,2026-07-03,CYYZ,34.6,29.2,32.0,33.3,34.6,32.4,27.1,30.2,34.6,32.3,33.8,2.338,32.614,11,35.0,8,0.5,America/Toronto,C
-0.178,-1.044,0.2,1.089,-0.178,-1.0,-5.889,-0.278,-0.178,0.133,0.5,toronto,2026-07-04,CYYZ,26.9,24.6,26.1,26.6,26.9,26.0,24.5,26.3,26.9,27.2,28.3,1.051,26.952,11,27.0,9,0.875,America/Toronto,C
-0.17,-1.18,0.09,0.94,-0.17,-1.0,-5.55,-0.32,-0.17,0.14,0.58,toronto,2026-07-05,CYYZ,26.3,25.5,25.9,27.1,26.3,24.7,20.2,25.8,26.3,26.3,27.6,1.866,26.263,11,26.0,10,0.83,America/Toronto,C
-0.127,-1.118,0.073,0.955,-0.127,-1.027,-5.573,-0.309,-0.127,0.155,0.673,toronto,2026-07-06,CYYZ,26.3,26.1,27.2,28.7,26.3,25.5,20.5,25.7,26.3,26.8,27.4,1.957,26.662,11,26.0,11,0.795,America/Toronto,C
-0.092,-1.017,0.167,1.1,-0.092,-0.983,-5.567,-0.308,-0.092,0.208,0.733,toronto,2026-07-07,CYYZ,26.8,25.7,26.8,29.2,26.8,25.8,20.1,27.6,26.8,27.9,27.4,2.209,27.069,11,27.0,12,0.785,America/Toronto,C
-0.1,-1.038,0.138,1.185,-0.1,-1.0,-5.669,-0.238,-0.1,0.262,0.708,toronto,2026-07-08,CYYZ,29.8,29.0,30.8,32.8,29.8,29.0,24.2,31.2,29.8,31.3,30.1,2.066,30.39,11,29.0,13,0.755,America/Toronto,C
-0.036,-0.964,0.257,1.371,-0.036,-0.929,-5.607,-0.064,-0.036,0.407,0.736,toronto,2026-07-09,CYYZ,27.6,24.5,28.7,29.9,27.6,27.5,24.0,27.0,27.6,28.9,27.7,1.666,27.86,11,29.0,14,0.817,America/Toronto,C
-0.057,-1.214,0.207,1.464,-0.057,-0.921,-5.957,-0.15,-0.057,0.457,0.564,toronto,2026-07-10,CYYZ,27.0,26.2,26.7,29.1,27.0,26.4,21.9,27.3,27.0,27.7,28.3,1.739,27.232,11,26.0,14,0.853,America/Toronto,C
0.029,-1.107,0.221,1.557,0.029,-0.886,-6.036,-0.121,0.029,0.55,0.686,toronto,2026-07-11,CYYZ,26.6,26.9,27.6,29.4,26.6,26.6,20.9,27.4,26.6,27.9,27.8,2.021,27.178,11,26.0,14,0.914,America/Toronto,C
0.086,-1.021,0.279,1.729,0.086,-0.786,-5.893,-0.064,0.086,0.671,0.757,toronto,2026-07-12,CYYZ,27.1,26.8,27.5,28.5,27.1,26.9,21.7,27.5,27.1,28.6,28.3,1.788,27.436,11,27.0,14,0.964,America/Toronto,C
0.114,-1.014,0.271,1.793,0.114,-0.686,-5.629,-0.014,0.114,0.786,0.793,toronto,2026-07-13,CYYZ,32.6,30.9,31.8,34.3,32.6,32.4,27.0,32.0,32.6,33.5,33.4,1.831,32.435,11,33.0,14,0.959,America/Toronto,C
0.079,-1.193,0.064,1.729,0.079,-0.629,-5.543,-0.136,0.079,0.721,0.75,toronto,2026-07-14,CYYZ,35.9,34.5,36.0,37.9,35.9,35.6,29.6,35.8,35.9,37.2,38.5,2.212,36.106,11,36.0,14,0.968,America/Toronto,C
0.071,-1.3,0.043,1.664,0.071,-0.629,-5.493,-0.257,0.071,0.764,0.929,toronto,2026-07-15,CYYZ,27.2,28.4,29.2,30.2,27.2,29.6,27.2,29.0,27.2,33.9,30.4,1.933,29.748,11,28.0,14,0.966,America/Toronto,C
-0.007,-1.236,0.114,1.693,-0.007,-0.507,-5.071,-0.207,-0.007,1.157,1.043,toronto,2026-07-16,CYYZ,28.8,28.3,29.4,30.2,28.8,29.6,27.5,27.8,28.8,30.9,30.6,1.052,29.404,11,30.0,14,1.072,America/Toronto,C
-0.107,-1.314,0.05,1.586,-0.107,-0.5,-4.9,-0.314,-0.107,1.1,1.043,toronto,2026-07-17,CYYZ,25.8,27.1,28.5,27.2,25.8,24.6,22.4,26.8,25.8,28.4,27.6,1.691,26.777,11,26.0,14,1.078,America/Toronto,C
-0.093,-0.821,0.443,1.793,-0.093,-0.414,-4.593,0.086,-0.093,1.464,1.243,toronto,2026-07-18,CYYZ,27.5,25.0,27.7,25.8,27.5,28.8,24.0,27.6,27.5,28.5,28.5,1.465,27.234,11,28.0,14,0.894,America/Toronto,C
-0.121,-0.864,0.486,1.664,-0.121,-0.286,-4.7,0.107,-0.121,1.486,1.186,toronto,2026-07-19,CYYZ,24.4,23.1,24.2,24.5,24.4,24.3,21.4,23.1,24.4,24.9,24.9,0.993,24.015,11,25.0,14,0.917,America/Toronto,C
-0.186,-0.964,0.436,1.55,-0.186,-0.243,-4.543,-0.014,-0.186,1.457,1.064,toronto,2026-07-20,CYYZ,26.4,25.6,27.4,28.7,26.4,26.0,21.8,26.1,26.4,27.4,27.0,1.64,26.4,11,27.0,14,0.952,America/Toronto,C
-0.25,-1.071,0.379,1.479,-0.25,-0.279,-4.521,-0.057,-0.25,1.429,0.964,toronto,2026-07-21,CYYZ,23.9,22.8,24.4,24.1,23.9,24.4,23.3,24.3,23.9,26.2,26.5,1.054,24.504,11,24.0,14,0.949,America/Toronto,C
-0.243,-1.064,0.421,1.329,-0.243,-0.164,-4.079,-0.079,-0.243,1.521,1.114,toronto,2026-07-22,CYYZ,22.3,19.2,21.0,22.9,22.3,21.4,19.9,21.7,22.3,22.0,22.6,1.103,21.551,11,22.0,14,0.958,America/Toronto,C
-0.279,-1.264,0.221,1.121,-0.279,-0.207,-3.886,-0.257,-0.279,1.357,1.079,toronto,2026-07-23,CYYZ,25.3,24.1,25.0,25.9,25.3,24.7,22.2,24.7,25.3,25.2,25.6,0.956,24.93,11,25.0,14,0.891,America/Toronto,C
-0.157,-1.007,0.243,1.121,-0.157,-0.121,-3.729,-0.136,-0.157,1.379,1.214,toronto,2026-07-24,CYYZ,24.8,24.6,25.4,27.3,24.8,24.2,21.4,25.5,24.8,25.9,25.7,1.377,24.968,11,25.0,14,0.838,America/Toronto,C
-0.243,-1.05,0.221,1.064,-0.243,-0.207,-3.693,-0.193,-0.243,1.321,1.1,toronto,2026-07-25,CYYZ,26.4,26.0,26.9,28.7,26.4,25.2,22.4,27.0,26.4,26.5,26.4,1.449,26.231,11,26.0,14,0.77,America/Toronto,C
-0.257,-1.114,0.171,1.014,-0.257,-0.307,-3.586,-0.221,-0.257,1.221,1.0,toronto,2026-07-26,CYYZ,27.4,27.1,28.1,29.4,27.4,26.4,23.7,27.5,27.4,27.2,27.7,1.315,27.243,11,27.0,14,0.705,America/Toronto,C
-0.236,-1.093,0.214,1.079,-0.236,-0.343,-3.443,-0.221,-0.236,1.121,0.957,toronto,2026-07-27,CYYZ,27.7,28.4,27.6,28.7,27.7,28.0,23.6,29.0,27.7,28.3,28.3,1.375,27.839,11,29.0,14,0.699,America/Toronto,C
-0.3,-0.986,0.2,0.964,-0.3,-0.371,-3.4,-0.15,-0.3,1.036,0.879,toronto,2026-07-28,CYYZ,27.0,25.4,25.1,27.0,27.0,26.5,23.3,26.4,27.0,26.1,26.5,1.086,26.22,11,27.0,14,0.75,America/Toronto,C
-0.293,-0.993,0.064,0.829,-0.293,-0.379,-3.207,-0.179,-0.293,0.886,0.664,toronto,2026-07-29,CYYZ,26.3,25.8,26.0,27.0,26.3,25.8,23.4,25.6,26.3,25.9,25.9,0.854,26.011,11,27.0,14,0.778,America/Toronto,C
-0.286,-1.107,-0.093,0.671,-0.286,-0.579,-3.407,-0.35,-0.286,0.386,0.414,toronto,2026-07-30,CYYZ,28.9,27.7,28.3,28.7,28.9,27.6,25.7,27.6,28.9,28.1,28.9,0.923,28.5,11,28.0,14,0.675,America/Toronto,C
-0.136,-1.007,-0.029,0.707,-0.136,-0.579,-3.393,-0.221,-0.136,0.329,0.436,toronto,2026-07-31,CYYZ,29.7,30.2,31.2,29.4,29.7,28.0,25.2,30.7,29.7,29.5,30.1,1.536,29.76,11,30.0,14,0.67,America/Toronto,C
-0.143,-1.071,-0.121,0.579,-0.143,-0.621,-3.479,-0.229,-0.143,0.121,0.329,toronto,2026-08-01,CYYZ,28.7,28.6,29.2,29.9,28.7,27.9,23.7,29.9,28.7,28.7,30.1,1.665,28.936,11,28.0,14,0.64,America/Toronto,C
-0.057,-0.814,-0.014,0.871,-0.057,-0.686,-3.5,-0.064,-0.057,0.136,0.443,toronto,2026-08-02,CYYZ,24.0,22.3,22.4,23.2,24.0,22.6,21.5,23.6,24.0,23.0,25.9,1.126,23.524,11,24.0,14,0.656,America/Toronto,C
-0.014,-0.8,-0.071,0.85,-0.014,-0.736,-3.421,0.043,-0.014,0.071,0.586,toronto,2026-08-03,CYYZ,27.5,24.7,25.3,26.5,27.5,26.5,23.9,26.3,27.5,25.9,27.0,1.141,26.499,11,27.0,14,0.614,America/Toronto,C
0.064,-0.864,-0.221,0.693,0.064,-0.7,-3.271,0.057,0.064,-0.036,0.586,toronto,2026-08-04,CYYZ,28.2,26.4,26.8,29.0,28.2,27.1,24.1,29.0,28.2,27.0,27.9,1.341,27.647,11,28.0,14,0.608,America/Toronto,C
0.086,-0.893,-0.336,0.757,0.086,-0.793,-3.5,0.107,0.086,-0.264,0.4,toronto,2026-08-05,CYYZ,29.3,27.8,28.6,29.6,29.3,28.2,24.1,31.7,29.3,28.9,30.1,1.783,29.169,11,29.0,14,0.6,America/Toronto,C
0.086,-0.779,-0.293,0.736,0.086,-0.807,-3.7,0.321,0.086,-0.271,0.436,toronto,2026-08-06,CYYZ,29.0,27.1,28.3,29.7,29.0,27.5,24.5,28.0,29.0,28.5,28.4,1.335,28.564,11,29.0,14,0.59,America/Toronto,C
0.064,-0.85,-0.343,0.721,0.064,-0.893,-3.821,0.271,0.064,-0.321,0.35,toronto,2026-08-07,CYYZ,25.5,25.7,26.3,27.1,25.5,24.0,23.4,26.9,25.5,25.5,25.7,1.039,25.895,11,26.0,14,0.601,America/Toronto,C
0.043,-0.843,-0.35,0.636,0.043,-0.979,-3.75,0.3,0.043,-0.421,0.279,toronto,2026-08-08,CYYZ,30.6,28.4,28.0,28.4,30.6,28.5,25.3,28.0,30.6,28.5,27.6,1.499,29.216,11,30.0,14,0.601,America/Toronto,C
0.057,-0.957,-0.557,0.329,0.057,-1.029,-3.829,0.086,0.057,-0.564,0.079,toronto,2026-08-09,CYYZ,27.8,26.4,27.8,27.2,27.8,27.4,24.0,28.4,27.8,28.4,27.2,1.174,28.044,11,27.0,14,0.634,America/Toronto,C
0.086,-1.007,-0.579,0.171,0.086,-0.957,-3.807,0.15,0.086,-0.479,0.043,toronto,2026-08-10,CYYZ,28.8,27.6,28.2,30.5,28.8,28.0,25.4,29.7,28.8,28.5,26.8,1.309,28.826,11,29.0,14,0.689,America/Toronto,C
0.164,-1.064,-0.536,0.3,0.164,-0.957,-3.679,0.2,0.164,-0.464,-0.064,toronto,2026-08-11,CYYZ,28.8,27.2,28.1,28.9,28.8,29.2,25.1,29.3,28.8,28.7,28.4,1.151,28.85,11,29.0,14,0.617,America/Toronto,C
0.15,-1.079,-0.464,0.293,0.15,-0.907,-3.693,0.264,0.15,-0.421,-0.071,toronto,2026-08-12,CYYZ,25.8,25.0,24.2,23.9,25.8,25.1,22.9,25.4,25.8,26.3,26.7,1.07,25.848,11,27.0,14,0.583,America/Toronto,C
0.114,-1.136,-0.593,0.071,0.114,-0.957,-3.729,0.25,0.114,-0.393,-0.014,toronto,2026-08-13,CYYZ,28.4,27.1,27.8,27.9,28.4,28.3,25.5,27.5,28.4,28.3,28.4,0.843,28.43,11,28.0,14,0.604,America/Toronto,C
0.079,-1.179,-0.629,0.014,0.079,-0.907,-3.743,0.243,0.079,-0.379,-0.05,toronto,2026-08-14,CYYZ,27.7,26.8,28.1,27.7,27.7,28.4,23.4,27.8,27.7,27.7,28.0,1.308,27.974,11,27.0,14,0.6,America/Toronto,C
0.15,-1.207,-0.636,0.107,0.15,-0.664,-3.657,0.25,0.15,-0.293,0.014,toronto,2026-08-15,CYYZ,24.7,23.0,24.4,25.7,24.7,23.4,22.4,25.6,24.7,25.6,25.2,1.06,25.058,11,24.0,14,0.651,America/Toronto,C
0.15,-1.321,-0.693,0.093,0.15,-0.7,-3.464,0.229,0.15,-0.229,-0.05,toronto,2026-08-16,CYYZ,25.7,23.9,26.0,27.5,25.7,25.2,23.6,25.0,25.7,26.5,27.2,1.151,26.163,11,26.0,14,0.664,America/Toronto,C
0.129,-1.35,-0.579,0.257,0.129,-0.657,-3.457,0.186,0.129,-0.121,-0.1,toronto,2026-08-17,CYYZ,25.9,25.1,25.4,26.9,25.9,25.8,24.1,25.9,25.9,27.0,26.3,0.767,26.381,11,26.0,14,0.653,America/Toronto,C
0.086,-1.25,-0.5,0.357,0.086,-0.636,-3.371,0.229,0.086,0.029,-0.079,toronto,2026-08-18,CYYZ,27.1,25.4,27.5,28.3,27.1,26.7,23.0,27.7,27.1,27.2,27.3,1.369,27.194,11,27.0,14,0.647,America/Toronto,C
0.079,-1.25,-0.379,0.379,0.079,-0.593,-3.379,0.207,0.079,0.114,-0.05,toronto,2026-08-19,CYYZ,26.8,24.9,25.9,27.3,26.8,26.3,23.4,25.8,26.8,25.8,26.1,1.034,26.326,11,27.0,14,0.642,America/Toronto,C
0.043,-1.314,-0.429,0.357,0.043,-0.586,-3.286,-0.071,0.043,0.036,-0.193,toronto,2026-08-20,CYYZ,24.8,24.7,25.3,25.5,24.8,24.4,21.2,25.1,24.8,25.2,24.6,1.113,25.091,11,24.0,14,0.666,America/Toronto,C
0.1,-1.129,-0.286,0.414,0.1,-0.45,-3.164,0.079,0.1,0.157,-0.107,toronto,2026-08-21,CYYZ,25.1,24.5,24.9,25.4,25.1,24.2,20.8,25.0,25.1,25.3,25.3,1.252,25.043,11,25.0,14,0.717,America/Toronto,C
0.143,-1.143,-0.314,0.364,0.143,-0.364,-3.279,0.014,0.143,0.214,-0.064,toronto,2026-08-22,CYYZ,24.8,25.2,25.7,25.5,24.8,22.8,21.9,24.5,24.8,23.7,25.0,1.115,24.621,11,25.0,14,0.717,America/Toronto,C
0.086,-1.014,-0.121,0.514,0.086,-0.414,-3.164,0.121,0.086,0.229,0.107,toronto,2026-08-23,CYYZ,19.0,17.0,19.7,20.7,19.0,21.2,19.8,19.8,19.0,21.0,19.9,1.117,19.911,11,20.0,14,0.693,America/Toronto,C
-0.043,-1.186,-0.2,0.55,-0.043,-0.357,-2.964,0.007,-0.043,0.2,0.086,toronto,2026-08-24,CYYZ,21.1,19.1,21.0,21.2,21.1,21.2,18.8,20.2,21.1,21.4,21.3,0.871,21.078,11,22.0,14,0.635,America/Toronto,C
-0.093,-1.293,-0.214,0.386,-0.093,-0.343,-2.936,-0.171,-0.093,0.193,0.193,toronto,2026-08-25,CYYZ,24.5,22.5,23.7,25.8,24.5,24.4,21.7,24.7,24.5,24.7,25.5,1.146,24.559,11,25.0,14,0.679,America/Toronto,C
-0.114,-1.343,-0.243,0.45,-0.114,-0.4,-2.893,-0.214,-0.114,0.193,0.271,toronto,2026-08-26,CYYZ,25.1,24.7,25.0,24.8,25.1,24.7,22.1,24.8,25.1,25.2,25.8,0.893,25.182,11,24.0,14,0.688,America/Toronto,C
0.05,-1.15,0.029,0.729,0.05,-0.214,-2.736,-0.043,0.05,0.329,0.421,toronto,2026-08-27,CYYZ,25.9,24.9,25.4,26.0,25.9,26.1,22.5,26.0,25.9,26.2,26.2,1.03,25.802,11,26.0,14,0.692,America/Toronto,C
0.014,-1.164,-0.0,0.736,0.014,-0.229,-2.807,-0.007,0.014,0.321,0.407,toronto,2026-08-28,CYYZ,22.5,21.7,22.9,23.1,22.5,22.5,19.5,23.3,22.5,22.2,22.7,0.978,22.449,11,22.0,14,0.684,America/Toronto,C
0.0,-1.171,-0.014,0.764,0.0,-0.293,-2.729,0.029,0.0,0.286,0.386,toronto,2026-08-29,CYYZ,26.7,25.5,26.3,26.6,26.7,26.5,22.4,26.2,26.7,26.3,27.0,1.222,26.348,11,26.0,14,0.644,America/Toronto,C
0.0,-1.136,-0.021,0.686,0.0,-0.214,-2.871,-0.071,0.0,0.193,0.371,toronto,2026-08-30,CYYZ,22.3,22.8,24.5,26.1,22.3,21.0,21.3,21.0,22.3,22.2,24.8,1.584,22.83,11,22.0,14,0.586,America/Toronto,C
0.043,-0.929,0.157,0.871,0.043,-0.229,-2.75,-0.071,0.043,0.171,0.486,toronto,2026-08-31,CYYZ,21.2,22.1,24.9,22.4,21.2,23.0,22.1,21.0,21.2,23.0,21.1,1.136,22.347,11,21.0,14,0.625,America/Toronto,C
0.064,-0.786,0.479,0.907,0.064,-0.071,-2.536,-0.064,0.064,0.243,0.471,toronto,2026-09-01,CYYZ,26.3,27.2,27.8,29.1,26.3,26.2,25.0,29.5,26.3,29.0,27.5,1.374,27.462,11,27.0,14,0.714,America/Toronto,C
0.007,-0.657,0.5,0.964,0.007,-0.107,-2.393,0.064,0.007,0.371,0.486,toronto,2026-09-02,CYYZ,26.4,28.0,27.9,30.1,26.4,28.0,25.3,28.3,26.4,29.3,26.9,1.352,27.69,11,27.0,14,0.723,America/Toronto,C
-0.021,-0.436,0.643,1.164,-0.021,0.014,-2.257,0.243,-0.021,0.621,0.543,toronto,2026-09-03,CYYZ,29.7,27.4,28.5,30.1,29.7,28.3,25.4,28.1,29.7,27.9,29.3,1.31,28.423,11,29.0,14,0.724,America/Toronto,C
-0.029,-0.6,0.514,1.136,-0.029,-0.064,-2.314,0.1,-0.029,0.457,0.521,toronto,2026-09-04,CYYZ,26.2,23.6,25.1,27.3,26.2,25.2,22.3,25.7,26.2,25.2,26.7,1.359,25.375,11,25.0,14,0.68,America/Toronto,C
0.05,-0.664,0.529,1.271,0.05,0.007,-2.207,0.15,0.05,0.45,0.621,toronto,2026-09-05,CYYZ,25.0,23.5,24.3,25.6,25.0,24.1,22.0,23.9,25.0,24.1,24.8,0.933,24.235,11,24.0,14,0.688,America/Toronto,C
0.136,-0.714,0.5,1.35,0.136,0.171,-2.129,0.179,0.136,0.55,0.679,toronto,2026-09-06,CYYZ,22.0,22.6,23.0,22.7,22.0,22.0,20.3,23.0,22.0,21.9,22.8,0.733,21.994,11,22.0,14,0.683,America/Toronto,C
0.207,-0.457,0.593,1.35,0.207,0.086,-2.236,0.264,0.207,0.471,0.743,toronto,2026-09-07,CYYZ,25.9,24.1,25.3,26.2,25.9,24.8,20.3,24.7,25.9,24.9,25.4,1.565,24.806,11,25.0,14,0.683,America/Toronto,C
0.336,-0.314,0.686,1.493,0.336,0.129,-2.343,0.371,0.336,0.507,0.821,toronto,2026-09-08,CYYZ,25.8,24.9,25.7,25.9,25.8,24.5,21.6,25.0,25.8,24.6,25.5,1.185,24.782,11,25.0,14,0.639,America/Toronto,C
0.429,-0.143,0.829,1.5,0.429,0.136,-2.35,0.393,0.429,0.5,0.821,toronto,2026-09-09,CYYZ,23.5,23.6,25.8,26.3,23.5,24.5,23.5,24.2,23.5,25.1,24.3,0.952,24.046,11,24.0,14,0.63,America/Toronto,C
0.314,-0.221,0.886,1.607,0.314,0.121,-2.25,0.35,0.314,0.493,0.714,toronto,2026-09-10,CYYZ,26.2,24.2,24.7,25.8,26.2,25.5,23.5,24.6,26.2,24.7,25.4,0.865,24.895,11,25.0,14,0.546,America/Toronto,C
0.407,-0.2,0.907,1.664,0.407,0.15,-2.107,0.321,0.407,0.457,0.729,toronto,2026-09-11,CYYZ,24.2,22.3,23.7,24.2,24.2,22.6,19.0,23.6,24.2,22.9,23.1,1.452,22.866,11,23.0,14,0.544,America/Toronto,C
0.457,-0.229,0.893,1.671,0.457,0.086,-2.214,0.271,0.457,0.436,0.686,toronto,2026-09-12,CYYZ,25.5,25.8,26.0,26.3,25.5,24.0,22.2,25.8,25.5,25.9,26.0,1.138,25.137,11,25.0,14,0.532,America/Toronto,C
0.443,-0.136,0.943,1.721,0.443,-0.021,-2.157,0.314,0.443,0.479,0.686,toronto,2026-09-13,CYYZ,27.9,26.3,27.1,27.8,27.9,26.5,23.1,27.4,27.9,25.8,26.9,1.352,26.412,11,28.0,14,0.525,America/Toronto,C
0.414,-0.314,0.7,1.414,0.414,-0.057,-2.457,0.343,0.414,0.307,0.407,toronto,2026-09-14,CYYZ,20.2,19.5,20.8,19.6,20.2,20.6,18.2,20.6,20.2,20.6,20.0,0.705,19.967,11,19.0,14,0.637,America/Toronto,C
0.486,-0.357,0.55,1.357,0.486,-0.086,-2.593,0.457,0.486,0.279,0.471,toronto,2026-09-15,CYYZ,22.9,20.7,22.4,23.1,22.9,23.1,21.1,23.2,22.9,23.0,23.8,0.885,22.478,11,23.0,14,0.586,America/Toronto,C
0.529,-0.536,0.45,1.214,0.529,-0.021,-2.586,0.293,0.529,0.136,0.493,toronto,2026-09-16,CYYZ,24.8,24.5,24.2,25.5,24.8,24.3,21.7,24.3,24.8,24.8,24.5,0.915,24.353,11,25.0,14,0.59,America/Toronto,C
0.557,-0.643,0.329,1.029,0.557,-0.143,-2.7,0.15,0.557,-0.043,0.464,toronto,2026-09-17,CYYZ,24.7,23.6,24.4,25.5,24.7,24.3,20.9,24.0,24.7,23.9,24.4,1.12,24.08,11,24.0,14,0.586,America/Toronto,C
0.557,-0.557,0.393,1.057,0.557,-0.071,-2.664,0.214,0.557,0.029,0.471,toronto,2026-09-18,CYYZ,21.5,20.5,20.5,21.7,21.5,20.8,19.0,21.0,21.5,21.4,21.4,0.744,20.982,11,21.0,14,0.566,America/Toronto,C
0.507,-0.493,0.35,0.943,0.507,-0.1,-2.614,0.164,0.507,0.043,0.379,toronto,2026-09-19,CYYZ,17.5,16.2,16.9,19.0,17.5,17.1,16.7,16.7,17.5,18.6,16.9,0.797,17.427,11,18.0,14,0.557,America/Toronto,C
0.4,-0.586,0.25,0.9,0.4,-0.171,-2.564,0.079,0.4,0.079,0.243,toronto,2026-09-20,CYYZ,21.2,19.4,20.4,20.1,21.2,20.5,18.6,19.6,21.2,21.3,20.6,0.839,20.598,11,21.0,14,0.574,America/Toronto,C
0.414,-0.743,0.136,0.786,0.414,-0.207,-2.614,-0.093,0.414,0.107,0.157,toronto,2026-09-21,CYYZ,15.6,15.2,15.9,16.7,15.6,15.1,15.8,16.4,15.6,16.1,16.1,0.459,15.823,11,15.0,14,0.584,America/Toronto,C
0.393,-0.664,0.179,0.821,0.393,-0.186,-2.221,0.029,0.393,0.193,0.207,toronto,2026-09-22,CYYZ,17.6,16.8,17.6,17.3,17.6,16.5,15.1,18.0,17.6,17.9,16.9,0.793,17.304,11,17.0,14,0.622,America/Toronto,C
-0.8,-0.5,-0.82,-0.42,-0.82,-0.84,0.26,-0.66,,,-0.84,wellington,2026-07-01,NZWN,11.3,11.0,11.3,11.9,10.3,10.9,11.7,10.5,,,11.2,0.487,11.757,9,12.0,0,1.2,Pacific/Auckland,C
-0.783,-0.583,-0.8,-0.367,-0.967,-0.883,0.167,-0.8,,,-0.833,wellington,2026-07-02,NZWN,12.0,12.3,11.5,12.5,12.1,11.8,12.6,11.8,,,12.0,0.333,12.719,9,13.0,0,1.2,Pacific/Auckland,C
-0.814,-0.6,-0.9,-0.386,-0.957,-0.929,0.086,-0.857,,,-0.857,wellington,2026-07-03,NZWN,13.4,12.9,13.1,13.6,13.4,13.4,13.6,12.8,,,13.2,0.271,13.986,9,13.0,0,1.2,Pacific/Auckland,C
-0.662,-0.538,-0.775,-0.262,-0.787,-0.762,0.15,-0.775,,,-0.725,wellington,2026-07-04,NZWN,12.9,13.1,12.7,13.2,12.9,12.8,13.4,12.7,,,13.4,0.26,13.586,9,13.0,8,0.695,Pacific/Auckland,C
-0.6,-0.467,-0.722,-0.211,-0.711,-0.7,0.178,-0.722,,,-0.6,wellington,2026-07-05,NZWN,13.5,13.1,13.2,14.1,13.2,13.5,13.8,13.5,,,13.5,0.296,13.984,9,14.0,9,0.683,Pacific/Auckland,C
-0.59,-0.51,-0.73,-0.18,-0.72,-0.68,0.14,-0.7,,,-0.59,wellington,2026-07-06,NZWN,12.3,12.3,11.9,12.6,12.4,12.8,13.4,13.2,,,12.0,0.481,13.007,9,13.0,10,0.648,Pacific/Auckland,C
-0.6,-0.527,-0.764,-0.2,-0.709,-0.636,0.164,-0.618,,,-0.627,wellington,2026-07-07,NZWN,12.5,13.2,12.7,12.8,13.0,13.1,13.5,13.4,,,13.0,0.305,13.503,9,13.0,11,0.618,Pacific/Auckland,C
-0.592,-0.467,-0.725,-0.2,-0.65,-0.575,0.192,-0.533,,,-0.575,wellington,2026-07-08,NZWN,11.9,12.3,11.9,12.1,11.6,12.3,12.5,12.4,,,12.1,0.27,12.58,9,13.0,12,0.61,Pacific/Auckland,C
-0.631,-0.485,-0.754,-0.254,-0.708,-0.585,0.138,-0.538,,,-0.6,wellington,2026-07-09,NZWN,10.4,10.7,10.2,10.3,10.6,10.3,11.3,10.8,,,10.0,0.366,11.013,9,11.0,13,0.597,Pacific/Auckland,C
-0.629,-0.471,-0.757,-0.286,-0.686,-0.593,0.15,-0.514,,,-0.629,wellington,2026-07-10,NZWN,9.7,10.0,9.5,9.1,9.1,9.3,10.0,9.9,,,9.6,0.336,10.11,9,10.0,14,0.575,Pacific/Auckland,C
-0.586,-0.436,-0.736,-0.364,-0.671,-0.571,0.136,-0.45,,,-0.55,wellington,2026-07-11,NZWN,9.7,9.5,9.5,9.1,9.9,9.4,10.4,10.4,,,10.0,0.422,10.236,9,10.0,14,0.54,Pacific/Auckland,C
-0.571,-0.5,-0.736,-0.471,-0.664,-0.571,0.086,-0.393,,,-0.564,wellington,2026-07-12,NZWN,10.3,9.8,10.3,10.2,10.0,10.4,9.9,10.2,,,10.8,0.281,10.728,9,11.0,14,0.543,Pacific/Auckland,C
-0.586,-0.6,-0.75,-0.479,-0.686,-0.55,-0.021,-0.407,,,-0.493,wellington,2026-07-13,NZWN,12.6,12.5,12.5,12.6,12.6,12.5,13.1,12.5,,,12.7,0.181,13.145,9,13.0,14,0.532,Pacific/Auckland,C
-0.543,-0.579,-0.7,-0.429,-0.657,-0.536,-0.029,-0.429,,,-0.486,wellington,2026-07-14,NZWN,14.5,13.9,14.2,14.2,13.6,14.5,14.7,14.3,,,14.7,0.345,14.787,9,15.0,14,0.5,Pacific/Auckland,C
-0.5,-0.529,-0.679,-0.407,-0.664,-0.5,-0.007,-0.4,,,-0.414,wellington,2026-07-15,NZWN,15.0,14.0,14.8,15.6,14.1,15.1,14.2,14.3,,,15.7,0.606,15.226,9,16.0,14,0.5,Pacific/Auckland,C
-0.521,-0.6,-0.714,-0.429,-0.679,-0.486,-0.114,-0.414,,,-0.379,wellington,2026-07-16,NZWN,15.5,14.3,15.1,15.0,14.8,16.5,14.0,15.6,,,15.9,0.737,15.707,9,16.0,14,0.5,Pacific/Auckland,C
-0.486,-0.671,-0.671,-0.464,-0.7,-0.364,-0.229,-0.357,,,-0.314,wellington,2026-07-17,NZWN,13.6,13.4,13.4,13.6,12.9,13.3,13.7,13.6,,,14.0,0.287,13.978,9,15.0,14,0.5,Pacific/Auckland,C
-0.614,-0.779,-0.793,-0.607,-0.879,-0.514,-0.364,-0.443,,,-0.4,wellington,2026-07-18,NZWN,14.1,13.1,13.9,14.5,12.8,14.0,12.5,14.6,,,15.1,0.825,14.444,9,15.0,14,0.5,Pacific/Auckland,C
-0.671,-0.921,-0.85,-0.657,-1.029,-0.571,-0.571,-0.45,,,-0.421,wellington,2026-07-19,NZWN,13.1,13.1,13.5,14.5,12.8,14.0,12.4,13.5,,,13.6,0.593,14.06,9,13.0,14,0.5,Pacific/Auckland,C
-0.629,-0.85,-0.757,-0.557,-0.986,-0.464,-0.6,-0.379,,,-0.343,wellington,2026-07-20,NZWN,10.7,11.1,10.9,11.2,10.9,11.1,11.0,11.6,,,11.2,0.239,11.673,9,12.0,14,0.521,Pacific/Auckland,C
-0.671,-0.864,-0.757,-0.586,-1.021,-0.514,-0.7,-0.421,,,-0.329,wellington,2026-07-21,NZWN,11.1,11.4,10.9,11.7,11.1,10.9,11.8,11.3,,,11.4,0.303,11.915,9,11.0,14,0.528,Pacific/Auckland,C
-0.629,-0.85,-0.743,-0.521,-1.014,-0.529,-0.679,-0.429,,,-0.3,wellington,2026-07-22,NZWN,12.7,12.1,12.9,13.4,13.1,13.3,10.8,13.1,,,13.0,0.765,13.379,9,14.0,14,0.566,Pacific/Auckland,C
-0.643,-0.936,-0.743,-0.5,-0.979,-0.529,-0.871,-0.45,,,-0.307,wellington,2026-07-23,NZWN,13.4,12.9,13.3,14.0,13.0,13.4,13.1,12.9,,,13.2,0.324,13.922,9,14.0,14,0.579,Pacific/Auckland,C
-0.643,-0.993,-0.736,-0.45,-1.021,-0.521,-0.957,-0.514,,,-0.293,wellington,2026-07-24,NZWN,13.4,12.9,13.0,12.9,13.0,13.4,13.2,13.1,,,13.5,0.217,13.86,9,14.0,14,0.58,Pacific/Auckland,C
-0.664,-1.071,-0.771,-0.464,-1.029,-0.514,-1.014,-0.571,,,-0.3,wellington,2026-07-25,NZWN,11.8,12.5,11.5,11.6,11.7,11.6,12.6,11.5,,,10.9,0.492,12.485,9,12.0,14,0.58,Pacific/Auckland,C
-0.657,-1.0,-0.771,-0.429,-1.043,-0.5,-1.0,-0.636,,,-0.379,wellington,2026-07-26,NZWN,9.6,9.4,9.7,8.8,9.2,9.1,9.4,9.5,,,9.9,0.313,10.155,9,10.0,14,0.591,Pacific/Auckland,C
-0.636,-0.957,-0.743,-0.457,-1.029,-0.521,-0.964,-0.614,,,-0.371,wellington,2026-07-27,NZWN,10.0,9.5,10.2,10.0,9.4,9.7,9.8,10.0,,,9.9,0.245,10.549,9,11.0,14,0.588,Pacific/Auckland,C
-0.679,-1.029,-0.764,-0.5,-1.114,-0.579,-1.057,-0.65,,,-0.429,wellington,2026-07-28,NZWN,11.0,10.6,11.1,11.7,11.4,11.3,9.9,11.4,,,10.6,0.521,11.77,9,13.0,14,0.599,Pacific/Auckland,C
-0.786,-1.121,-0.843,-0.536,-1.129,-0.664,-1.257,-0.714,,,-0.579,wellington,2026-07-29,NZWN,12.5,12.4,12.0,12.4,12.4,12.0,12.2,12.0,,,12.1,0.193,13.1,9,12.0,14,0.681,Pacific/Auckland,C
-0.679,-0.95,-0.757,-0.479,-0.964,-0.6,-1.114,-0.593,,,-0.55,wellington,2026-07-30,NZWN,12.9,13.0,12.4,13.8,12.8,12.8,13.3,12.9,,,13.3,0.376,13.713,9,14.0,14,0.712,Pacific/Auckland,C
-0.721,-0.9,-0.807,-0.421,-0.964,-0.721,-1.021,-0.643,,,-0.593,wellington,2026-07-31,NZWN,13.1,13.1,12.9,12.3,13.3,13.3,13.2,13.1,,,13.2,0.291,13.835,9,14.0,14,0.712,Pacific/Auckland,C
-0.686,-0.85,-0.771,-0.443,-0.864,-0.65,-0.986,-0.607,,,-0.579,wellington,2026-08-01,NZWN,10.0,10.2,9.3,9.1,9.2,9.2,9.4,9.4,,,9.1,0.374,10.221,9,11.0,14,0.659,Pacific/Auckland,C
-0.693,-0.771,-0.814,-0.543,-0.836,-0.707,-0.921,-0.693,,,-0.721,wellington,2026-08-02,NZWN,11.4,11.5,11.3,12.3,10.0,11.4,11.6,11.7,,,11.9,0.591,12.144,9,12.0,14,0.675,Pacific/Auckland,C
-0.743,-0.814,-0.9,-0.629,-0.964,-0.821,-0.907,-0.75,,,-0.771,wellington,2026-08-03,NZWN,14.6,14.2,14.3,15.7,14.9,16.3,14.1,14.8,,,14.7,0.683,15.609,9,16.0,14,0.614,Pacific/Auckland,C
-0.75,-0.879,-0.943,-0.593,-0.964,-0.736,-0.971,-0.807,,,-0.807,wellington,2026-08-04,NZWN,9.3,10.1,8.4,8.2,9.0,10.2,9.8,8.9,,,7.9,0.784,9.956,9,10.0,14,0.617,Pacific/Auckland,C
-0.807,-0.9,-1.05,-0.771,-1.043,-0.714,-1.043,-0.907,,,-0.986,wellington,2026-08-05,NZWN,8.4,8.6,8.1,8.2,8.4,8.1,9.0,8.3,,,7.7,0.341,9.223,9,9.0,14,0.566,Pacific/Auckland,C
-0.757,-0.793,-1.036,-0.786,-1.021,-0.729,-0.814,-0.893,,,-1.007,wellington,2026-08-06,NZWN,9.7,9.3,9.8,10.0,9.5,9.9,9.1,10.1,,,10.0,0.325,10.566,9,10.0,14,0.545,Pacific/Auckland,C
-0.736,-0.764,-1.0,-0.786,-0.986,-0.693,-0.814,-0.807,,,-0.95,wellington,2026-08-07,NZWN,11.9,11.9,11.9,12.2,11.7,11.7,12.0,12.2,,,11.3,0.262,12.694,9,12.0,14,0.565,Pacific/Auckland,C
-0.7,-0.693,-0.936,-0.693,-0.936,-0.671,-0.757,-0.729,,,-0.964,wellington,2026-08-08,NZWN,13.6,12.4,13.3,13.9,13.0,12.6,13.4,13.2,,,13.6,0.459,13.993,9,13.0,14,0.593,Pacific/Auckland,C
-0.643,-0.771,-0.879,-0.6,-0.914,-0.671,-0.771,-0.679,,,-0.843,wellington,2026-08-09,NZWN,13.2,13.2,12.8,14.0,12.7,13.4,13.3,12.3,,,13.2,0.454,13.862,9,14.0,14,0.637,Pacific/Auckland,C
-0.671,-0.786,-0.943,-0.514,-0.95,-0.65,-0.779,-0.764,,,-0.893,wellington,2026-08-10,NZWN,14.1,13.1,13.8,14.0,13.3,14.6,12.5,13.5,,,14.7,0.672,14.536,9,15.0,14,0.637,Pacific/Auckland,C
-0.664,-0.814,-0.971,-0.514,-0.957,-0.586,-0.871,-0.8,,,-0.836,wellington,2026-08-11,NZWN,11.4,11.9,11.8,12.9,11.9,12.0,11.5,12.5,,,11.8,0.442,12.681,9,12.0,14,0.637,Pacific/Auckland,C
-0.564,-0.65,-0.85,-0.357,-0.85,-0.464,-0.686,-0.65,,,-0.679,wellington,2026-08-12,NZWN,13.6,12.2,13.7,13.7,13.8,12.9,12.9,12.9,,,14.1,0.576,13.974,9,14.0,14,0.576,Pacific/Auckland,C
-0.629,-0.807,-0.871,-0.407,-0.893,-0.543,-0.779,-0.729,,,-0.679,wellington,2026-08-13,NZWN,14.2,13.8,14.1,15.1,13.4,14.1,13.8,13.1,,,14.3,0.538,14.706,9,15.0,14,0.5,Pacific/Auckland,C
-0.607,-0.821,-0.821,-0.386,-0.921,-0.521,-0.814,-0.786,,,-0.679,wellington,2026-08-14,NZWN,12.5,12.7,13.6,15.8,13.4,14.0,13.1,13.8,,,15.1,1.017,14.318,9,13.0,14,0.5,Pacific/Auckland,C
-0.579,-0.779,-0.7,-0.064,-0.843,-0.4,-0.75,-0.664,,,-0.471,wellington,2026-08-15,NZWN,13.1,13.4,14.4,16.6,13.8,14.8,13.5,13.7,,,15.1,1.037,14.734,9,13.0,14,0.606,Pacific/Auckland,C
-0.5,-0.693,-0.479,0.329,-0.657,-0.143,-0.6,-0.5,,,-0.186,wellington,2026-08-16,NZWN,10.0,10.8,10.1,9.5,9.1,9.1,10.1,9.6,,,9.5,0.517,10.22,9,10.0,14,0.734,Pacific/Auckland,C
-0.457,-0.6,-0.421,0.271,-0.579,-0.164,-0.564,-0.507,,,-0.214,wellington,2026-08-17,NZWN,9.3,9.4,9.3,8.6,9.7,9.0,10.4,9.5,,,9.1,0.471,9.743,9,10.0,14,0.735,Pacific/Auckland,C
-0.407,-0.514,-0.35,0.193,-0.521,-0.257,-0.4,-0.457,,,-0.186,wellington,2026-08-18,NZWN,12.0,10.8,11.6,10.5,11.7,11.5,10.6,11.6,,,11.2,0.501,11.705,9,12.0,14,0.731,Pacific/Auckland,C
-0.357,-0.607,-0.264,0.214,-0.471,-0.307,-0.486,-0.407,,,-0.093,wellington,2026-08-19,NZWN,10.5,10.5,10.1,10.3,9.9,10.5,11.1,10.4,,,10.1,0.326,10.689,9,11.0,14,0.735,Pacific/Auckland,C
-0.35,-0.614,-0.264,0.221,-0.507,-0.279,-0.479,-0.4,,,-0.064,wellington,2026-08-20,NZWN,11.5,11.1,11.9,11.9,11.6,12.3,11.2,12.5,,,12.4,0.483,12.097,9,12.0,14,0.737,Pacific/Auckland,C
-0.364,-0.629,-0.257,0.214,-0.5,-0.25,-0.471,-0.371,,,-0.036,wellington,2026-08-21,NZWN,13.0,12.3,12.8,13.5,13.2,13.0,12.1,13.4,,,14.2,0.596,13.336,9,14.0,14,0.722,Pacific/Auckland,C
-0.429,-0.743,-0.336,0.164,-0.536,-0.3,-0.607,-0.429,,,0.029,wellington,2026-08-22,NZWN,14.3,13.2,13.9,14.3,13.7,14.1,13.9,14.2,,,14.5,0.37,14.369,9,16.0,14,0.72,Pacific/Auckland,C
-0.593,-0.9,-0.507,-0.021,-0.7,-0.407,-0.786,-0.571,,,-0.121,wellington,2026-08-23,NZWN,14.9,14.1,14.4,14.6,15.1,15.3,14.6,14.7,,,15.0,0.35,15.274,9,17.0,14,0.799,Pacific/Auckland,C
-0.686,-1.05,-0.607,-0.193,-0.743,-0.486,-0.907,-0.614,,,-0.207,wellington,2026-08-24,NZWN,14.2,13.5,13.9,14.6,13.6,14.0,13.5,13.8,,,14.3,0.359,14.565,9,14.0,14,0.922,Pacific/Auckland,C
-0.607,-0.95,-0.529,-0.079,-0.65,-0.457,-0.764,-0.521,,,-0.164,wellington,2026-08-25,NZWN,15.3,14.6,15.0,15.7,15.1,15.3,14.4,15.2,,,16.0,0.466,15.713,9,17.0,14,0.926,Pacific/Auckland,C
-0.686,-1.114,-0.657,-0.236,-0.779,-0.579,-0.914,-0.686,,,-0.221,wellington,2026-08-26,NZWN,15.0,14.4,14.7,15.4,14.4,14.9,14.8,14.8,,,14.6,0.294,15.439,9,16.0,14,0.971,Pacific/Auckland,C
-0.729,-1.1,-0.729,-0.257,-0.879,-0.579,-0.921,-0.693,,,-0.329,wellington,2026-08-27,NZWN,14.0,13.1,13.6,14.7,12.8,13.2,12.5,13.0,,,14.1,0.669,14.184,9,14.0,14,0.982,Pacific/Auckland,C
-0.671,-1.079,-0.693,-0.214,-0.85,-0.571,-0.943,-0.629,,,-0.271,wellington,2026-08-28,NZWN,14.8,14.3,14.4,15.2,14.8,14.8,14.4,14.4,,,15.0,0.297,15.347,9,16.0,14,0.98,Pacific/Auckland,C
-0.721,-1.179,-0.85,-0.471,-0.964,-0.729,-1.064,-0.8,,,-0.493,wellington,2026-08-29,NZWN,14.0,13.5,13.6,13.4,13.6,14.0,13.4,13.9,,,14.6,0.368,14.603,9,15.0,14,0.931,Pacific/Auckland,C
-0.8,-1.314,-1.05,-0.843,-1.121,-0.929,-1.214,-0.929,,,-0.671,wellington,2026-08-30,NZWN,16.1,15.0,15.5,16.1,16.5,16.5,15.0,15.9,,,15.8,0.531,16.817,9,18.0,14,0.815,Pacific/Auckland,C
-0.936,-1.586,-1.236,-0.943,-1.164,-0.971,-1.436,-1.05,,,-0.793,wellington,2026-08-31,NZWN,15.9,14.5,15.5,16.4,16.3,16.4,14.3,15.7,,,15.1,0.747,16.712,9,17.0,14,0.872,Pacific/Auckland,C
-0.964,-1.721,-1.293,-0.886,-1.193,-0.943,-1.657,-1.107,,,-0.864,wellington,2026-09-01,NZWN,13.1,12.9,12.8,13.9,12.8,13.1,12.3,12.8,,,13.5,0.434,14.194,9,14.0,14,0.873,Pacific/Auckland,C
-1.029,-1.714,-1.35,-0.786,-1.257,-0.971,-1.679,-1.164,,,-0.843,wellington,2026-09-02,NZWN,14.8,14.3,14.5,15.9,14.5,15.1,14.1,15.3,,,14.9,0.524,15.982,9,15.0,14,0.871,Pacific/Auckland,C
-1.007,-1.729,-1.321,-0.671,-1.214,-0.929,-1.75,-1.1,,,-0.786,wellington,2026-09-03,NZWN,16.1,14.6,15.7,16.6,15.1,15.8,14.6,15.7,,,16.1,0.651,16.77,9,17.0,14,0.906,Pacific/Auckland,C
-1.036,-1.836,-1.407,-0.693,-1.321,-1.036,-1.864,-1.229,,,-0.879,wellington,2026-09-04,NZWN,17.1,15.5,16.6,15.5,16.5,17.4,15.7,16.2,,,16.4,0.636,17.668,9,18.0,14,0.907,Pacific/Auckland,C
-1.029,-1.893,-1.421,-0.836,-1.371,-1.007,-1.893,-1.314,,,-1.007,wellington,2026-09-05,NZWN,14.9,14.4,14.7,15.0,13.6,14.7,13.8,14.4,,,14.7,0.452,15.803,9,15.0,14,0.894,Pacific/Auckland,C
-0.914,-1.736,-1.293,-0.714,-1.307,-0.893,-1.829,-1.229,,,-0.921,wellington,2026-09-06,NZWN,14.1,14.2,14.2,14.8,14.4,14.6,14.2,14.1,,,14.9,0.288,15.553,9,15.0,14,0.81,Pacific/Auckland,C
-0.829,-1.586,-1.164,-0.557,-1.214,-0.8,-1.714,-1.129,,,-0.786,wellington,2026-09-07,NZWN,9.8,11.4,9.9,9.8,9.3,10.8,10.6,9.9,,,11.2,0.682,11.353,9,10.0,14,0.682,Pacific/Auckland,C
-0.857,-1.45,-1.164,-0.614,-1.236,-0.743,-1.636,-1.121,,,-0.721,wellington,2026-09-08,NZWN,12.5,12.0,12.7,11.9,12.5,12.2,11.8,12.3,,,12.7,0.318,13.389,9,13.0,14,0.757,Pacific/Auckland,C
-0.771,-1.35,-1.043,-0.6,-1.136,-0.679,-1.536,-1.043,,,-0.671,wellington,2026-09-09,NZWN,13.3,12.9,13.2,13.5,13.3,13.1,12.1,13.2,,,14.3,0.54,14.194,9,14.0,14,0.682,Pacific/Auckland,C
-0.75,-1.314,-1.007,-0.593,-1.071,-0.664,-1.586,-1.014,,,-0.55,wellington,2026-09-10,NZWN,13.0,13.0,13.2,13.2,12.6,12.8,12.1,13.0,,,12.5,0.342,13.802,9,13.0,14,0.667,Pacific/Auckland,C
-0.75,-1.25,-0.964,-0.629,-1.014,-0.621,-1.543,-0.943,,,-0.593,wellington,2026-09-11,NZWN,14.0,14.1,13.6,14.0,13.2,13.5,14.0,13.9,,,14.1,0.297,14.73,9,14.0,14,0.699,Pacific/Auckland,C
-0.664,-1.121,-0.879,-0.571,-0.986,-0.571,-1.429,-0.836,,,-0.514,wellington,2026-09-12,NZWN,13.0,12.3,13.1,13.6,11.7,12.2,12.1,13.8,,,13.9,0.765,13.649,9,14.0,14,0.705,Pacific/Auckland,C
-0.664,-1.136,-0.843,-0.486,-1.05,-0.629,-1.45,-0.771,,,-0.493,wellington,2026-09-13,NZWN,14.7,13.8,13.8,16.0,13.7,14.6,12.6,15.4,,,14.1,0.951,15.101,9,15.0,14,0.703,Pacific/Auckland,C
-0.55,-1.007,-0.75,-0.279,-1.036,-0.55,-1.407,-0.593,,,-0.4,wellington,2026-09-14,NZWN,14.6,13.5,14.3,15.7,14.0,15.1,13.9,15.2,,,16.3,0.863,15.37,9,16.0,14,0.628,Pacific/Auckland,C
-0.571,-1.007,-0.764,-0.257,-1.129,-0.571,-1.364,-0.557,,,-0.243,wellington,2026-09-15,NZWN,14.3,13.7,13.8,15.2,13.8,14.0,14.3,14.2,,,15.2,0.535,14.939,9,15.0,14,0.646,Pacific/Auckland,C
-0.557,-1.021,-0.764,-0.236,-1.129,-0.579,-1.293,-0.529,,,-0.193,wellington,2026-09-16,NZWN,14.2,13.8,14.0,14.6,14.5,14.2,14.0,14.4,,,14.6,0.271,14.937,9,15.0,14,0.644,Pacific/Auckland,C
-0.6,-1.057,-0.8,-0.329,-1.129,-0.643,-1.3,-0.593,,,-0.214,wellington,2026-09-17,NZWN,13.5,13.6,13.3,14.5,13.6,13.4,14.1,14.1,,,14.2,0.396,14.481,9,15.0,14,0.588,Pacific/Auckland,C
-0.643,-0.986,-0.829,-0.336,-1.093,-0.671,-1.193,-0.564,,,-0.207,wellington,2026-09-18,NZWN,13.7,13.2,13.6,12.9,13.7,13.5,13.8,13.4,,,14.9,0.521,14.372,9,14.0,14,0.601,Pacific/Auckland,C
-0.6,-0.864,-0.757,-0.236,-1.007,-0.664,-1.043,-0.479,,,-0.029,wellington,2026-09-19,NZWN,15.4,14.7,15.0,15.8,14.6,15.4,14.7,14.7,,,14.8,0.398,15.678,9,15.0,14,0.603,Pacific/Auckland,C
-0.564,-0.843,-0.736,-0.179,-0.936,-0.614,-0.979,-0.457,,,-0.021,wellington,2026-09-20,NZWN,13.9,13.6,13.9,14.1,13.2,13.5,14.1,13.9,,,13.4,0.302,14.34,9,15.0,14,0.592,Pacific/Auckland,C
-0.579,-0.886,-0.757,-0.229,-1.021,-0.693,-0.986,-0.471,,,-0.129,wellington,2026-09-21,NZWN,14.5,13.5,14.3,14.8,13.7,14.2,14.0,14.3,,,15.3,0.515,14.922,9,15.0,14,0.6,Pacific/Auckland,C
-0.6,-1.093,-0.8,-0.229,-1.064,-0.807,-1.1,-0.514,,,-0.193,wellington,2026-09-22,NZWN,13.3,13.9,13.4,13.8,12.1,13.3,13.6,13.5,,,12.8,0.521,14.018,9,14.0,14,0.5,Pacific/Auckland,C
-0.614,-1.029,-0.821,-0.164,-1.164,-0.8,-1.043,-0.5,,,-0.257,wellington,2026-09-23,NZWN,11.0,11.7,10.8,9.2,10.7,10.4,12.1,9.9,,,9.5,0.905,11.413,9,11.0,14,0.5,Pacific/Auckland,C
-0.68,-1.66,-1.04,-0.14,-1.88,-0.68,-1.0,-0.22,,,-1.86,ankara,2026-07-01,LTAC,31.4,29.8,30.3,30.8,29.3,31.4,30.7,31.5,,,30.6,0.71,31.675,9,31.0,0,1.2,Europe/Istanbul,C
-0.5,-1.583,-0.983,-0.15,-1.85,-0.5,-0.883,-0.1,,,-1.617,ankara,2026-07-02,LTAC,32.9,30.7,31.2,32.8,31.7,32.9,32.9,33.1,,,30.7,0.96,32.982,9,33.0,0,1.2,Europe/Istanbul,C
-0.443,-1.686,-1.1,-0.157,-1.771,-0.443,-0.771,-0.071,,,-1.714,ankara,2026-07-03,LTAC,31.1,30.1,30.2,31.4,30.6,31.1,31.5,31.8,,,30.0,0.625,31.74,9,31.0,0,1.2,Europe/Istanbul,C
-0.375,-1.588,-1.062,-0.087,-1.6,-0.375,-0.613,0.038,,,-1.625,ankara,2026-07-04,LTAC,28.1,27.0,28.6,29.6,28.3,28.1,28.2,29.1,,,27.3,0.759,29.037,9,29.0,8,0.944,Europe/Istanbul,C
-0.433,-1.633,-0.989,-0.011,-1.5,-0.433,-0.633,0.044,,,-1.633,ankara,2026-07-05,LTAC,24.0,22.9,24.1,24.8,23.3,24.0,22.5,25.3,,,23.5,0.834,24.637,9,25.0,9,0.89,Europe/Istanbul,C
-0.49,-1.68,-0.98,-0.03,-1.52,-0.49,-0.82,0.07,,,-1.62,ankara,2026-07-06,LTAC,25.7,24.5,25.1,25.9,24.9,25.7,25.4,26.9,,,24.4,0.732,26.218,9,26.0,10,0.852,Europe/Istanbul,C
-0.473,-1.664,-0.973,-0.036,-1.482,-0.473,-0.8,0.145,,,-1.618,ankara,2026-07-07,LTAC,26.9,25.9,26.0,27.7,27.2,26.9,26.5,28.7,,,26.1,0.855,27.646,9,27.0,11,0.815,Europe/Istanbul,C
-0.442,-1.617,-0.975,0.025,-1.342,-0.442,-0.775,0.275,,,-1.558,ankara,2026-07-08,LTAC,28.2,27.3,27.8,28.4,27.6,28.2,28.6,29.1,,,27.9,0.514,28.859,9,28.0,12,0.802,Europe/Istanbul,C
-0.392,-1.546,-0.915,0.054,-1.269,-0.392,-0.669,0.338,,,-1.446,ankara,2026-07-09,LTAC,29.6,28.9,30.2,29.9,29.2,29.6,31.0,30.7,,,29.3,0.66,30.487,9,31.0,13,0.807,Europe/Istanbul,C
-0.464,-1.586,-0.907,-0.029,-1.307,-0.464,-0.621,0.293,,,-1.464,ankara,2026-07-10,LTAC,28.2,26.9,28.0,28.8,27.6,28.2,28.2,29.2,,,27.3,0.67,28.759,9,29.0,14,0.789,Europe/Istanbul,C
-0.493,-1.621,-0.879,-0.064,-1.3,-0.493,-0.664,0.243,,,-1.457,ankara,2026-07-11,LTAC,28.5,27.8,28.8,29.2,28.1,28.5,28.4,29.4,,,29.4,0.535,29.405,9,29.0,14,0.765,Europe/Istanbul,C
-0.479,-1.521,-0.779,-0.057,-1.229,-0.479,-0.614,0.264,,,-1.264,ankara,2026-07-12,LTAC,30.3,29.6,30.5,30.9,30.1,30.3,30.1,30.8,,,30.6,0.377,31.047,9,32.0,14,0.693,Europe/Istanbul,C
-0.543,-1.671,-0.864,-0.107,-1.236,-0.543,-0.671,0.236,,,-1.243,ankara,2026-07-13,LTAC,31.1,30.5,31.3,31.5,30.7,31.1,31.4,31.4,,,31.2,0.316,31.885,9,32.0,14,0.702,Europe/Istanbul,C
-0.579,-1.686,-0.921,-0.157,-1.221,-0.579,-0.657,0.236,,,-1.164,ankara,2026-07-14,LTAC,27.7,25.0,27.0,27.2,28.2,27.7,28.0,28.7,,,27.5,0.99,28.165,9,28.0,14,0.676,Europe/Istanbul,C
-0.521,-1.721,-0.85,-0.15,-1.014,-0.521,-0.543,0.336,,,-1.086,ankara,2026-07-15,LTAC,27.6,27.3,27.6,28.2,27.5,27.6,27.3,28.2,,,27.2,0.345,28.318,9,28.0,14,0.519,Europe/Istanbul,C
-0.579,-1.686,-0.829,-0.121,-0.929,-0.579,-0.571,0.314,,,-1.114,ankara,2026-07-16,LTAC,29.0,28.2,29.0,29.8,28.8,29.0,28.5,30.1,,,28.3,0.602,29.658,9,30.0,14,0.5,Europe/Istanbul,C
-0.643,-1.65,-0.771,-0.121,-0.921,-0.643,-0.671,0.314,,,-1.071,ankara,2026-07-17,LTAC,28.1,27.7,28.8,28.9,28.1,28.1,28.6,28.8,,,27.7,0.446,29.016,9,30.0,14,0.502,Europe/Istanbul,C
-0.786,-1.75,-0.8,-0.229,-1.029,-0.786,-0.807,0.171,,,-1.164,ankara,2026-07-18,LTAC,28.4,27.4,28.7,28.9,28.0,28.4,28.3,29.1,,,28.3,0.472,29.201,9,29.0,14,0.532,Europe/Istanbul,C
-0.764,-1.721,-0.793,-0.279,-1.05,-0.764,-0.8,0.171,,,-1.093,ankara,2026-07-19,LTAC,31.0,30.4,31.2,31.3,30.5,31.0,31.1,31.7,,,31.1,0.371,31.834,9,32.0,14,0.534,Europe/Istanbul,C
-0.764,-1.686,-0.786,-0.314,-1.036,-0.764,-0.686,0.129,,,-1.05,ankara,2026-07-20,LTAC,33.0,32.4,33.3,34.0,32.8,33.0,33.2,33.7,,,33.2,0.444,33.943,9,33.0,14,0.527,Europe/Istanbul,C
-0.743,-1.621,-0.7,-0.236,-0.971,-0.743,-0.629,0.114,,,-0.921,ankara,2026-07-21,LTAC,32.8,31.7,32.7,32.7,32.2,32.8,32.6,33.7,,,33.3,0.541,33.443,9,33.0,14,0.581,Europe/Istanbul,C
-0.75,-1.636,-0.65,-0.307,-1.043,-0.75,-0.621,0.043,,,-0.836,ankara,2026-07-22,LTAC,30.5,29.6,30.6,30.8,30.4,30.5,30.4,31.3,,,31.4,0.502,31.333,9,31.0,14,0.568,Europe/Istanbul,C
-0.8,-1.686,-0.664,-0.35,-1.057,-0.8,-0.707,-0.014,,,-0.8,ankara,2026-07-23,LTAC,28.6,27.7,28.7,28.3,28.9,28.6,27.5,29.1,,,28.4,0.496,29.258,9,30.0,14,0.527,Europe/Istanbul,C
-0.8,-1.7,-0.7,-0.393,-1.007,-0.8,-0.886,-0.057,,,-0.793,ankara,2026-07-24,LTAC,25.7,25.6,27.3,26.5,26.5,25.7,25.6,24.9,,,25.5,0.675,26.815,9,26.0,14,0.546,Europe/Istanbul,C
-0.764,-1.579,-0.536,-0.343,-0.871,-0.764,-0.857,-0.15,,,-0.707,ankara,2026-07-25,LTAC,17.6,17.3,18.7,19.6,20.4,17.6,20.7,18.8,,,17.6,1.216,19.32,9,17.0,14,0.584,Europe/Istanbul,C
-0.686,-1.471,-0.4,-0.171,-0.564,-0.686,-0.55,-0.05,,,-0.693,ankara,2026-07-26,LTAC,21.9,21.3,22.7,22.3,23.3,21.9,22.4,23.1,,,21.8,0.613,22.888,9,24.0,14,0.845,Europe/Istanbul,C
-0.714,-1.493,-0.386,-0.214,-0.479,-0.714,-0.529,-0.029,,,-0.75,ankara,2026-07-27,LTAC,26.0,25.7,26.0,27.2,26.2,26.0,26.7,26.1,,,25.5,0.483,26.733,9,28.0,14,0.859,Europe/Istanbul,C
-0.793,-1.55,-0.479,-0.236,-0.514,-0.793,-0.579,-0.121,,,-0.871,ankara,2026-07-28,LTAC,28.6,28.6,29.2,29.8,29.2,28.6,28.9,29.2,,,28.5,0.406,29.618,9,30.0,14,0.923,Europe/Istanbul,C
-0.871,-1.436,-0.464,-0.193,-0.586,-0.871,-0.657,-0.229,,,-0.943,ankara,2026-07-29,LTAC,26.0,26.1,26.7,27.5,26.8,26.0,26.2,27.1,,,27.0,0.516,27.26,9,28.0,14,0.927,Europe/Istanbul,C
-0.986,-1.521,-0.529,-0.243,-0.636,-0.986,-0.736,-0.307,,,-0.957,ankara,2026-07-30,LTAC,24.9,25.2,26.5,26.4,25.9,24.9,24.8,25.7,,,25.2,0.615,26.296,9,27.0,14,0.944,Europe/Istanbul,C
-1.064,-1.521,-0.493,-0.271,-0.629,-1.064,-0.786,-0.407,,,-0.964,ankara,2026-07-31,LTAC,24.8,24.9,25.5,26.0,24.4,24.8,24.3,24.8,,,24.9,0.494,25.773,9,26.0,14,0.958,Europe/Istanbul,C
-1.014,-1.436,-0.443,-0.193,-0.607,-1.014,-0.807,-0.407,,,-0.879,ankara,2026-08-01,LTAC,26.5,26.5,27.0,27.4,27.1,26.5,26.2,26.7,,,26.9,0.353,27.537,9,28.0,14,0.924,Europe/Istanbul,C
-1.079,-1.429,-0.493,-0.229,-0.6,-1.079,-0.886,-0.507,,,-0.907,ankara,2026-08-02,LTAC,29.6,28.8,29.6,31.0,30.3,29.6,29.2,30.4,,,30.8,0.699,30.676,9,31.0,14,0.93,Europe/Istanbul,C
-1.107,-1.471,-0.536,-0.179,-0.543,-1.107,-0.95,-0.529,,,-0.857,ankara,2026-08-03,LTAC,32.0,32.5,32.3,32.0,31.8,32.0,31.5,33.2,,,32.3,0.457,33.017,9,33.0,14,0.933,Europe/Istanbul,C
-1.179,-1.464,-0.607,-0.321,-0.614,-1.179,-1.071,-0.564,,,-0.921,ankara,2026-08-04,LTAC,31.3,31.3,32.0,31.8,30.9,31.3,31.1,32.5,,,32.5,0.56,32.502,9,33.0,14,0.899,Europe/Istanbul,C
-1.286,-1.493,-0.657,-0.386,-0.707,-1.286,-1.179,-0.65,,,-0.979,ankara,2026-08-05,LTAC,30.7,30.7,32.2,32.0,30.6,30.7,30.2,32.4,,,30.5,0.789,32.077,9,32.0,14,0.901,Europe/Istanbul,C
-1.343,-1.486,-0.614,-0.371,-0.764,-1.343,-1.264,-0.643,,,-1.114,ankara,2026-08-06,LTAC,30.4,30.1,31.1,31.9,30.7,30.4,30.0,31.4,,,31.0,0.592,31.749,9,32.0,14,0.897,Europe/Istanbul,C
-1.357,-1.457,-0.586,-0.257,-0.779,-1.357,-1.229,-0.621,,,-1.071,ankara,2026-08-07,LTAC,32.1,31.6,32.7,31.9,31.9,32.1,32.1,32.9,,,32.3,0.382,33.173,9,33.0,14,0.877,Europe/Istanbul,C
-1.4,-1.529,-0.7,-0.371,-0.893,-1.4,-1.264,-0.55,,,-1.086,ankara,2026-08-08,LTAC,32.2,32.2,32.8,32.6,32.2,32.2,32.6,33.5,,,32.5,0.403,33.549,9,33.0,14,0.851,Europe/Istanbul,C
-1.5,-1.607,-0.836,-0.586,-1.193,-1.5,-1.557,-0.643,,,-1.164,ankara,2026-08-09,LTAC,30.4,31.9,32.0,31.5,30.8,30.4,30.3,31.8,,,30.6,0.671,32.29,9,31.0,14,0.601,Europe/Istanbul,C
-1.393,-1.35,-0.671,-0.429,-1.157,-1.393,-1.493,-0.521,,,-1.036,ankara,2026-08-10,LTAC,30.1,29.2,30.7,30.1,29.4,30.1,29.6,30.5,,,29.0,0.552,30.962,9,31.0,14,0.625,Europe/Istanbul,C
-1.314,-1.314,-0.55,-0.436,-1.143,-1.314,-1.5,-0.421,,,-1.0,ankara,2026-08-11,LTAC,30.3,30.8,32.1,30.6,30.4,30.3,30.5,30.8,,,28.3,0.923,31.551,9,32.0,14,0.526,Europe/Istanbul,C
-1.336,-1.3,-0.486,-0.521,-1.2,-1.336,-1.529,-0.45,,,-1.157,ankara,2026-08-12,LTAC,31.1,31.1,32.3,31.4,31.3,31.1,30.9,31.9,,,31.2,0.424,32.431,9,32.0,14,0.53,Europe/Istanbul,C
-1.257,-1.229,-0.371,-0.529,-1.164,-1.257,-1.479,-0.393,,,-1.143,ankara,2026-08-13,LTAC,29.0,29.1,30.4,29.9,29.4,29.0,28.4,29.9,,,28.6,0.62,30.312,9,30.0,14,0.505,Europe/Istanbul,C
-1.179,-1.164,-0.307,-0.493,-1.129,-1.179,-1.436,-0.307,,,-1.114,ankara,2026-08-14,LTAC,26.6,25.3,26.3,27.4,27.0,26.6,26.4,27.1,,,25.9,0.605,27.4,9,27.0,14,0.5,Europe/Istanbul,C
-1.121,-1.207,-0.321,-0.464,-1.014,-1.121,-1.357,-0.214,,,-1.114,ankara,2026-08-15,LTAC,25.1,24.6,25.4,25.3,25.4,25.1,24.8,25.3,,,24.4,0.344,25.955,9,26.0,14,0.5,Europe/Istanbul,C
-1.079,-1.2,-0.293,-0.471,-0.993,-1.079,-1.314,-0.171,,,-1.15,ankara,2026-08-16,LTAC,25.9,25.2,26.7,26.4,26.7,25.9,26.1,25.8,,,26.0,0.447,26.95,9,27.0,14,0.5,Europe/Istanbul,C
-1.057,-1.171,-0.214,-0.514,-0.964,-1.057,-1.25,-0.214,,,-1.207,ankara,2026-08-17,LTAC,25.8,23.0,26.0,25.8,24.5,25.8,26.0,27.0,,,25.5,1.068,26.265,9,27.0,14,0.5,Europe/Istanbul,C
-1.071,-1.421,-0.236,-0.529,-1.057,-1.071,-1.214,-0.229,,,-1.264,ankara,2026-08-18,LTAC,28.7,28.0,29.6,29.3,28.9,28.7,29.1,29.7,,,28.4,0.523,29.809,9,30.0,14,0.5,Europe/Istanbul,C
-1.043,-1.443,-0.193,-0.493,-0.986,-1.043,-1.143,-0.214,,,-1.343,ankara,2026-08-19,LTAC,30.3,30.4,31.0,30.7,30.6,30.3,30.9,31.7,,,30.3,0.436,31.533,9,32.0,14,0.5,Europe/Istanbul,C
-1.071,-1.464,-0.279,-0.586,-0.986,-1.071,-1.093,-0.264,,,-1.357,ankara,2026-08-20,LTAC,29.4,29.4,30.2,30.8,29.7,29.4,29.2,30.5,,,30.0,0.529,30.714,9,31.0,14,0.5,Europe/Istanbul,C
-1.071,-1.443,-0.271,-0.593,-0.986,-1.071,-1.079,-0.257,,,-1.357,ankara,2026-08-21,LTAC,32.1,31.2,32.3,31.9,31.4,32.1,31.3,33.0,,,31.3,0.566,32.768,9,33.0,14,0.502,Europe/Istanbul,C
-1.071,-1.471,-0.3,-0.593,-1.021,-1.071,-1.136,-0.25,,,-1.429,ankara,2026-08-22,LTAC,33.8,33.6,33.6,34.1,33.1,33.8,32.5,34.3,,,34.0,0.519,34.585,9,35.0,14,0.503,Europe/Istanbul,C
-1.1,-1.514,-0.386,-0.629,-1.1,-1.1,-1.286,-0.336,,,-1.464,ankara,2026-08-23,LTAC,34.2,33.9,34.3,34.2,34.1,34.2,34.3,35.5,,,33.7,0.474,35.233,9,35.0,14,0.5,Europe/Istanbul,C
-1.114,-1.657,-0.507,-0.721,-1.15,-1.114,-1.286,-0.357,,,-1.529,ankara,2026-08-24,LTAC,31.1,31.5,32.4,31.6,31.5,31.1,30.6,32.1,,,31.2,0.514,32.532,9,33.0,14,0.5,Europe/Istanbul,C
-1.186,-1.636,-0.529,-0.757,-1.143,-1.186,-1.357,-0.386,,,-1.514,ankara,2026-08-25,LTAC,29.1,29.1,29.6,29.8,29.2,29.1,28.6,30.3,,,28.3,0.57,30.312,9,30.0,14,0.5,Europe/Istanbul,C
-1.129,-1.614,-0.564,-0.671,-1.086,-1.129,-1.35,-0.279,,,-1.371,ankara,2026-08-26,LTAC,31.7,30.6,31.8,31.7,31.2,31.7,30.9,32.4,,,31.3,0.507,32.511,9,33.0,14,0.5,Europe/Istanbul,C
-1.157,-1.721,-0.671,-0.721,-1.164,-1.157,-1.421,-0.314,,,-1.436,ankara,2026-08-27,LTAC,31.3,30.4,31.4,31.8,31.5,31.3,31.3,32.5,,,29.1,0.898,32.262,9,33.0,14,0.5,Europe/Istanbul,C
-1.207,-1.843,-0.814,-0.8,-1.229,-1.207,-1.429,-0.343,,,-1.614,ankara,2026-08-28,LTAC,26.4,23.7,25.7,25.2,26.6,26.4,24.8,27.2,,,23.2,1.285,26.708,9,27.0,14,0.5,Europe/Istanbul,C
-1.221,-1.957,-0.857,-0.957,-1.257,-1.221,-1.543,-0.336,,,-1.807,ankara,2026-08-29,LTAC,22.9,22.1,23.2,22.8,22.0,22.9,21.8,23.8,,,21.6,0.688,23.845,9,23.0,14,0.5,Europe/Istanbul,C
-1.164,-1.921,-0.8,-0.921,-1.286,-1.164,-1.543,-0.229,,,-1.793,ankara,2026-08-30,LTAC,24.9,22.8,25.4,24.3,24.0,24.9,23.1,24.9,,,24.4,0.822,25.572,9,26.0,14,0.5,Europe/Istanbul,C
-1.164,-2.021,-0.821,-1.0,-1.407,-1.164,-1.686,-0.221,,,-1.836,ankara,2026-08-31,LTAC,26.8,26.5,27.4,27.9,27.9,26.8,26.0,27.8,,,27.5,0.643,28.413,9,29.0,14,0.5,Europe/Istanbul,C
-1.236,-1.914,-0.864,-0.993,-1.307,-1.236,-1.829,-0.307,,,-1.836,ankara,2026-09-01,LTAC,28.5,28.9,30.1,29.3,28.7,28.5,27.8,29.8,,,28.2,0.704,30.171,9,30.0,14,0.5,Europe/Istanbul,C
-1.25,-1.85,-0.829,-0.993,-1.321,-1.25,-1.921,-0.3,,,-1.85,ankara,2026-09-02,LTAC,29.4,29.7,30.2,30.3,29.4,29.4,28.6,30.0,,,29.8,0.49,30.933,9,31.0,14,0.5,Europe/Istanbul,C
-1.243,-1.829,-0.814,-0.95,-1.336,-1.243,-2.014,-0.35,,,-1.814,ankara,2026-09-03,LTAC,29.4,29.2,29.5,29.2,28.9,29.4,28.2,30.1,,,29.3,0.479,30.552,9,30.0,14,0.5,Europe/Istanbul,C
-1.171,-1.771,-0.793,-0.993,-1.321,-1.171,-2.014,-0.307,,,-1.793,ankara,2026-09-04,LTAC,26.5,26.4,27.1,28.3,28.9,26.5,27.1,28.8,,,27.0,0.942,28.533,9,29.0,14,0.5,Europe/Istanbul,C
-1.286,-1.829,-0.879,-0.964,-1.214,-1.286,-2.029,-0.321,,,-1.814,ankara,2026-09-05,LTAC,28.2,27.4,27.6,28.5,27.5,28.2,26.8,29.0,,,27.6,0.627,29.147,9,29.0,14,0.5,Europe/Istanbul,C
-1.257,-1.843,-0.879,-0.936,-1.186,-1.257,-2.007,-0.271,,,-1.843,ankara,2026-09-06,LTAC,30.8,30.2,31.3,31.0,30.7,30.8,29.8,31.8,,,30.9,0.545,32.087,9,32.0,14,0.5,Europe/Istanbul,C
-1.286,-1.893,-0.879,-0.95,-1.214,-1.286,-2.114,-0.321,,,-1.829,ankara,2026-09-07,LTAC,23.7,23.4,24.3,23.9,23.1,23.7,23.2,24.7,,,23.6,0.483,25.034,9,24.0,14,0.5,Europe/Istanbul,C
-1.171,-1.829,-0.814,-0.857,-1.171,-1.171,-2.0,-0.207,,,-1.729,ankara,2026-09-08,LTAC,22.9,21.8,22.6,22.7,22.1,22.9,21.5,23.5,,,22.1,0.593,23.689,9,23.0,14,0.525,Europe/Istanbul,C
-1.114,-1.85,-0.814,-0.864,-1.179,-1.114,-2.007,-0.193,,,-1.671,ankara,2026-09-09,LTAC,25.5,25.2,26.7,26.0,25.5,25.5,24.1,26.0,,,25.7,0.665,26.818,9,27.0,14,0.55,Europe/Istanbul,C
-1.129,-1.807,-0.75,-0.843,-1.157,-1.129,-2.064,-0.221,,,-1.643,ankara,2026-09-10,LTAC,29.0,29.3,30.0,28.7,28.5,29.0,27.8,29.4,,,28.9,0.579,30.214,9,30.0,14,0.537,Europe/Istanbul,C
-1.079,-1.671,-0.636,-0.85,-1.157,-1.079,-2.1,-0.229,,,-1.443,ankara,2026-09-11,LTAC,30.0,30.0,30.2,29.9,29.2,30.0,29.0,30.3,,,29.2,0.457,30.926,9,31.0,14,0.503,Europe/Istanbul,C
-1.107,-1.507,-0.6,-0.8,-1.257,-1.107,-2.086,-0.293,,,-1.3,ankara,2026-09-12,LTAC,30.9,31.0,31.5,30.7,30.6,30.9,29.8,30.9,,,30.8,0.423,31.958,9,32.0,14,0.5,Europe/Istanbul,C
-1.179,-1.514,-0.65,-0.879,-1.286,-1.179,-2.157,-0.429,,,-1.286,ankara,2026-09-13,LTAC,32.0,32.1,32.3,31.7,31.9,32.0,31.8,32.7,,,31.6,0.314,33.186,9,33.0,14,0.5,Europe/Istanbul,C
-1.171,-1.35,-0.657,-0.85,-1.221,-1.171,-2.036,-0.371,,,-1.271,ankara,2026-09-14,LTAC,25.6,24.9,25.4,26.7,26.5,25.6,25.1,26.4,,,25.2,0.623,26.781,9,26.0,14,0.5,Europe/Istanbul,C
-1.043,-1.25,-0.586,-0.721,-1.107,-1.043,-1.886,-0.257,,,-1.221,ankara,2026-09-15,LTAC,23.8,23.9,24.8,24.9,24.3,23.8,23.7,24.8,,,24.5,0.461,25.247,9,24.0,14,0.5,Europe/Istanbul,C
-0.95,-1.179,-0.536,-0.607,-0.993,-0.95,-1.75,-0.186,,,-1.057,ankara,2026-09-16,LTAC,22.5,23.3,24.0,22.8,23.3,22.5,22.8,23.3,,,21.5,0.666,23.837,9,23.0,14,0.56,Europe/Istanbul,C
-0.871,-1.064,-0.407,-0.571,-0.857,-0.871,-1.593,-0.093,,,-1.079,ankara,2026-09-17,LTAC,17.9,17.2,20.1,18.8,18.5,17.9,21.2,20.4,,,19.0,1.245,19.655,9,18.0,14,0.602,Europe/Istanbul,C
-0.836,-1.064,-0.221,-0.457,-0.743,-0.836,-1.236,0.071,,,-0.957,ankara,2026-09-18,LTAC,22.1,22.5,22.5,23.6,22.8,22.1,20.7,22.1,,,21.4,0.776,22.939,9,24.0,14,0.733,Europe/Istanbul,C
-0.793,-0.986,-0.193,-0.436,-0.821,-0.793,-1.336,-0.05,,,-1.0,ankara,2026-09-19,LTAC,23.3,22.6,24.5,23.9,22.6,23.3,21.2,24.7,,,21.9,1.095,23.869,9,23.0,14,0.776,Europe/Istanbul,C
-0.714,-0.9,0.014,-0.336,-0.743,-0.714,-1.307,0.071,,,-0.979,ankara,2026-09-20,LTAC,23.7,22.9,24.0,24.2,24.4,23.7,21.7,23.0,,,22.3,0.859,24.029,9,25.0,14,0.809,Europe/Istanbul,C
-0.721,-0.921,-0.007,-0.321,-0.693,-0.721,-1.386,-0.057,,,-1.093,ankara,2026-09-21,LTAC,24.7,25.2,25.1,25.4,25.0,24.7,24.7,25.9,,,25.0,0.371,25.683,9,26.0,14,0.849,Europe/Istanbul,C
-0.793,-0.936,-0.093,-0.357,-0.7,-0.793,-1.421,-0.114,,,-1.136,ankara,2026-09-22,LTAC,23.3,23.0,25.0,24.1,24.0,23.3,23.7,22.1,,,22.6,0.815,24.21,9,25.0,14,0.807,Europe/Istanbul,C
-0.907,-0.993,-0.064,-0.4,-0.707,-0.907,-1.407,-0.357,,,-1.243,ankara,2026-09-23,LTAC,18.7,18.2,20.4,20.9,20.3,18.7,20.1,18.1,,,19.4,0.981,20.132,9,19.0,14,0.814,Europe/Istanbul,C
-0.74,-1.84,-0.38,-1.18,-0.88,-0.74,-0.12,0.18,,,-0.78,madrid,2026-06-30,LEMD,36.0,35.0,35.9,35.7,35.7,36.0,36.0,36.7,,,35.3,0.453,36.552,9,37.0,0,1.2,Europe/Madrid,C
-0.783,-1.867,-0.5,-1.2,-0.95,-0.783,-0.267,0.1,,,-0.933,madrid,2026-07-01,LEMD,35.9,35.4,36.6,35.8,36.9,35.9,36.4,37.8,,,36.8,0.689,37.157,9,37.0,0,1.2,Europe/Madrid,C
-0.829,-1.829,-0.486,-1.2,-0.829,-0.829,-0.314,0.2,,,-0.829,madrid,2026-07-02,LEMD,34.3,32.6,34.8,33.2,34.0,34.3,33.5,35.0,,,34.9,0.777,34.889,9,35.0,0,1.2,Europe/Madrid,C
-0.813,-1.9,-0.45,-1.275,-0.85,-0.813,-0.462,0.175,,,-0.738,madrid,2026-07-03,LEMD,36.1,35.8,36.4,35.5,35.2,36.1,35.6,36.2,,,35.6,0.368,36.698,9,37.0,8,0.785,Europe/Madrid,C
-0.822,-1.822,-0.467,-1.3,-0.956,-0.822,-0.567,0.067,,,-0.811,madrid,2026-07-04,LEMD,37.8,36.9,38.2,37.1,37.1,37.8,37.4,38.2,,,37.0,0.483,38.389,9,39.0,9,0.747,Europe/Madrid,C
-0.86,-1.85,-0.5,-1.36,-1.05,-0.86,-0.67,-0.02,,,-0.93,madrid,2026-07-05,LEMD,37.5,36.7,37.5,36.7,36.9,37.5,37.2,37.7,,,37.2,0.351,38.149,9,38.0,10,0.734,Europe/Madrid,C
-0.827,-1.8,-0.5,-1.355,-1.055,-0.827,-0.682,-0.045,,,-0.918,madrid,2026-07-06,LEMD,38.7,37.1,38.3,37.7,37.7,38.7,37.4,38.8,,,37.9,0.583,38.978,9,39.0,11,0.702,Europe/Madrid,C
-0.783,-1.808,-0.517,-1.35,-1.075,-0.783,-0.758,-0.058,,,-0.933,madrid,2026-07-07,LEMD,38.9,34.9,38.1,38.3,38.7,38.9,38.7,40.1,,,38.5,1.329,39.159,9,40.0,12,0.672,Europe/Madrid,C
-0.808,-2.062,-0.623,-1.377,-1.092,-0.808,-0.8,-0.046,,,-0.977,madrid,2026-07-08,LEMD,37.6,37.2,38.0,36.5,38.0,37.6,38.7,38.5,,,37.3,0.64,38.671,9,39.0,13,0.686,Europe/Madrid,C
-0.85,-2.043,-0.65,-1.457,-1.086,-0.85,-0.764,-0.079,,,-1.029,madrid,2026-07-09,LEMD,37.2,37.2,37.8,36.3,37.5,37.2,38.3,37.7,,,37.5,0.517,38.402,9,38.0,14,0.667,Europe/Madrid,C
-0.893,-2.036,-0.75,-1.579,-1.1,-0.893,-0.864,-0.164,,,-1.064,madrid,2026-07-10,LEMD,35.4,33.1,35.5,34.9,34.9,35.4,35.5,35.7,,,35.1,0.74,36.079,9,36.0,14,0.674,Europe/Madrid,C
-0.886,-2.157,-0.757,-1.557,-1.079,-0.886,-0.864,-0.171,,,-1.107,madrid,2026-07-11,LEMD,37.2,36.0,37.3,36.1,37.2,37.2,37.7,37.5,,,37.2,0.556,38.104,9,38.0,14,0.643,Europe/Madrid,C
-0.836,-2.2,-0.721,-1.521,-1.029,-0.836,-0.821,-0.15,,,-1.079,madrid,2026-07-12,LEMD,33.2,31.1,33.2,32.2,33.2,33.2,32.8,33.7,,,33.2,0.732,33.896,9,33.0,14,0.526,Europe/Madrid,C
-0.736,-2.007,-0.643,-1.471,-0.964,-0.736,-0.807,-0.164,,,-0.914,madrid,2026-07-13,LEMD,32.2,31.6,32.4,31.3,31.7,32.2,32.2,32.9,,,32.6,0.478,33.062,9,33.0,14,0.5,Europe/Madrid,C
-0.786,-2.029,-0.643,-1.55,-1.021,-0.786,-0.829,-0.179,,,-0.921,madrid,2026-07-14,LEMD,36.6,34.8,36.7,34.7,36.1,36.6,36.4,36.6,,,36.9,0.779,37.164,9,37.0,14,0.5,Europe/Madrid,C
-0.743,-2.043,-0.586,-1.621,-0.993,-0.743,-0.8,-0.186,,,-0.807,madrid,2026-07-15,LEMD,35.2,34.6,35.5,34.1,35.3,35.2,35.3,35.9,,,35.3,0.49,36.115,9,36.0,14,0.5,Europe/Madrid,C
-0.721,-2.029,-0.593,-1.671,-1.036,-0.721,-0.807,-0.25,,,-0.843,madrid,2026-07-16,LEMD,34.5,33.9,34.3,33.7,34.6,34.5,35.0,34.8,,,34.8,0.403,35.399,9,35.0,14,0.5,Europe/Madrid,C
-0.707,-1.936,-0.629,-1.636,-0.993,-0.707,-0.7,-0.264,,,-0.85,madrid,2026-07-17,LEMD,34.4,33.4,34.1,33.0,33.7,34.4,34.0,34.3,,,34.2,0.457,34.914,9,34.0,14,0.5,Europe/Madrid,C
-0.614,-1.893,-0.579,-1.6,-0.886,-0.614,-0.6,-0.186,,,-0.736,madrid,2026-07-18,LEMD,35.7,34.5,35.1,34.3,35.6,35.7,36.1,35.6,,,35.7,0.572,36.222,9,36.0,14,0.5,Europe/Madrid,C
-0.55,-1.85,-0.586,-1.586,-0.779,-0.55,-0.479,-0.157,,,-0.614,madrid,2026-07-19,LEMD,35.6,35.0,35.7,34.5,35.5,35.6,35.6,36.3,,,35.5,0.466,36.284,9,36.0,14,0.5,Europe/Madrid,C
-0.543,-1.829,-0.571,-1.6,-0.736,-0.543,-0.45,-0.114,,,-0.593,madrid,2026-07-20,LEMD,35.6,35.1,35.5,34.4,35.1,35.6,35.9,35.7,,,35.7,0.435,36.19,9,36.0,14,0.5,Europe/Madrid,C
-0.55,-1.757,-0.557,-1.621,-0.707,-0.55,-0.343,-0.121,,,-0.536,madrid,2026-07-21,LEMD,36.8,35.8,37.2,35.9,36.5,36.8,36.9,37.2,,,36.5,0.476,37.39,9,37.0,14,0.5,Europe/Madrid,C
-0.486,-1.479,-0.407,-1.579,-0.65,-0.486,-0.257,-0.114,,,-0.464,madrid,2026-07-22,LEMD,38.4,37.2,38.5,37.2,38.7,38.4,39.0,38.8,,,38.4,0.614,38.938,9,39.0,14,0.5,Europe/Madrid,C
-0.429,-1.479,-0.371,-1.529,-0.6,-0.429,-0.236,-0.093,,,-0.386,madrid,2026-07-23,LEMD,37.8,36.7,37.7,36.2,37.3,37.8,37.7,38.4,,,38.4,0.685,38.171,9,38.0,14,0.5,Europe/Madrid,C
-0.386,-1.514,-0.379,-1.536,-0.614,-0.386,-0.279,-0.043,,,-0.321,madrid,2026-07-24,LEMD,32.7,32.0,32.7,32.1,32.4,32.7,33.1,32.7,,,33.1,0.363,33.203,9,33.0,14,0.5,Europe/Madrid,C
-0.364,-1.379,-0.364,-1.521,-0.579,-0.364,-0.236,-0.043,,,-0.25,madrid,2026-07-25,LEMD,29.2,27.0,28.7,28.1,29.4,29.2,28.0,28.8,,,27.3,0.813,29.041,9,29.0,14,0.5,Europe/Madrid,C
-0.293,-1.379,-0.336,-1.45,-0.493,-0.293,-0.286,-0.021,,,-0.314,madrid,2026-07-26,LEMD,30.4,29.5,31.0,29.9,30.4,30.4,30.1,31.8,,,30.6,0.622,30.971,9,31.0,14,0.5,Europe/Madrid,C
-0.35,-1.35,-0.35,-1.471,-0.55,-0.35,-0.336,-0.014,,,-0.357,madrid,2026-07-27,LEMD,34.1,33.6,34.1,33.5,33.1,34.1,33.9,34.4,,,34.0,0.374,34.434,9,35.0,14,0.5,Europe/Madrid,C
-0.357,-1.35,-0.371,-1.457,-0.593,-0.357,-0.357,-0.05,,,-0.4,madrid,2026-07-28,LEMD,37.5,36.9,37.5,36.5,36.9,37.5,37.4,38.0,,,37.5,0.424,37.887,9,38.0,14,0.5,Europe/Madrid,C
-0.364,-1.271,-0.386,-1.4,-0.607,-0.364,-0.357,-0.021,,,-0.429,madrid,2026-07-29,LEMD,38.0,37.5,38.4,36.9,37.5,38.0,38.3,38.3,,,38.7,0.529,38.531,9,39.0,14,0.5,Europe/Madrid,C
-0.379,-1.279,-0.393,-1.414,-0.664,-0.379,-0.357,-0.064,,,-0.4,madrid,2026-07-30,LEMD,38.3,37.7,38.7,37.0,37.9,38.3,38.4,39.0,,,39.0,0.609,38.845,9,40.0,14,0.5,Europe/Madrid,C
-0.464,-1.364,-0.436,-1.536,-0.786,-0.464,-0.471,-0.121,,,-0.457,madrid,2026-07-31,LEMD,37.4,36.4,37.3,36.0,36.8,37.4,36.7,37.5,,,37.5,0.516,37.707,9,38.0,14,0.5,Europe/Madrid,C
-0.536,-1.436,-0.493,-1.607,-0.85,-0.536,-0.564,-0.179,,,-0.507,madrid,2026-08-01,LEMD,38.2,37.6,38.0,37.1,37.4,38.2,38.4,38.3,,,38.3,0.437,38.686,9,39.0,14,0.5,Europe/Madrid,C
-0.571,-1.429,-0.5,-1.621,-0.936,-0.571,-0.614,-0.2,,,-0.536,madrid,2026-08-02,LEMD,36.2,35.6,35.9,35.1,35.5,36.2,36.3,36.3,,,36.5,0.437,36.724,9,37.0,14,0.5,Europe/Madrid,C
-0.6,-1.457,-0.557,-1.65,-1.007,-0.6,-0.636,-0.271,,,-0.536,madrid,2026-08-03,LEMD,32.5,31.1,32.6,31.4,31.9,32.5,32.2,32.7,,,32.7,0.555,32.993,9,33.0,14,0.5,Europe/Madrid,C
-0.607,-1.529,-0.55,-1.65,-1.021,-0.607,-0.686,-0.271,,,-0.536,madrid,2026-08-04,LEMD,33.5,32.7,33.6,32.3,32.8,33.5,33.5,33.7,,,33.7,0.486,34.09,9,34.0,14,0.5,Europe/Madrid,C
-0.629,-1.536,-0.593,-1.693,-1.071,-0.629,-0.714,-0.307,,,-0.521,madrid,2026-08-05,LEMD,34.8,35.0,35.7,35.0,34.6,34.8,35.4,35.4,,,35.4,0.346,35.946,9,36.0,14,0.5,Europe/Madrid,C
-0.671,-1.479,-0.579,-1.636,-1.15,-0.671,-0.757,-0.336,,,-0.521,madrid,2026-08-06,LEMD,37.2,36.6,37.6,36.5,36.3,37.2,36.9,37.6,,,36.8,0.44,37.85,9,38.0,14,0.5,Europe/Madrid,C
-0.714,-1.486,-0.586,-1.614,-1.221,-0.714,-0.814,-0.393,,,-0.636,madrid,2026-08-07,LEMD,38.4,37.1,38.4,36.7,37.4,38.4,37.8,38.3,,,38.2,0.608,38.805,9,38.0,14,0.5,Europe/Madrid,C
-0.664,-1.479,-0.536,-1.643,-1.221,-0.664,-0.836,-0.35,,,-0.629,madrid,2026-08-08,LEMD,38.0,37.2,37.7,37.0,37.2,38.0,38.3,38.0,,,37.0,0.474,38.493,9,38.0,14,0.5,Europe/Madrid,C
-0.679,-1.393,-0.536,-1.65,-1.307,-0.679,-0.743,-0.336,,,-0.579,madrid,2026-08-09,LEMD,35.7,34.9,35.8,34.7,35.8,35.7,35.8,36.3,,,35.9,0.473,36.488,9,37.0,14,0.5,Europe/Madrid,C
-0.729,-1.436,-0.621,-1.736,-1.35,-0.729,-0.764,-0.443,,,-0.629,madrid,2026-08-10,LEMD,36.0,35.5,36.4,35.2,35.5,36.0,36.4,36.2,,,36.3,0.417,36.874,9,37.0,14,0.5,Europe/Madrid,C
-0.736,-1.443,-0.6,-1.757,-1.321,-0.736,-0.729,-0.457,,,-0.607,madrid,2026-08-11,LEMD,35.1,34.8,35.3,34.1,34.4,35.1,36.0,35.9,,,35.2,0.585,35.998,9,36.0,14,0.5,Europe/Madrid,C
-0.764,-1.45,-0.614,-1.786,-1.357,-0.764,-0.686,-0.464,,,-0.629,madrid,2026-08-12,LEMD,37.3,37.0,37.7,36.7,36.8,37.3,37.6,37.9,,,37.4,0.383,38.233,9,38.0,14,0.5,Europe/Madrid,C
-0.743,-1.414,-0.593,-1.729,-1.336,-0.743,-0.664,-0.421,,,-0.65,madrid,2026-08-13,LEMD,38.8,37.6,38.9,37.8,37.9,38.8,38.2,38.9,,,38.4,0.483,39.312,9,39.0,14,0.5,Europe/Madrid,C
-0.636,-1.35,-0.507,-1.6,-1.264,-0.636,-0.607,-0.357,,,-0.621,madrid,2026-08-14,LEMD,37.4,35.3,35.8,36.8,36.9,37.4,34.9,37.7,,,37.1,0.948,37.429,9,39.0,14,0.5,Europe/Madrid,C
-0.707,-1.5,-0.686,-1.614,-1.329,-0.707,-0.807,-0.414,,,-0.721,madrid,2026-08-15,LEMD,31.6,29.8,29.4,31.9,32.2,31.6,31.4,30.9,,,29.3,1.051,31.807,9,30.0,14,0.535,Europe/Madrid,C
-0.536,-1.414,-0.657,-1.343,-1.057,-0.536,-0.664,-0.3,,,-0.721,madrid,2026-08-16,LEMD,32.8,33.0,33.2,31.9,33.1,32.8,33.7,34.4,,,33.8,0.676,33.939,9,35.0,14,0.715,Europe/Madrid,C
-0.636,-1.457,-0.707,-1.429,-1.086,-0.636,-0.707,-0.293,,,-0.771,madrid,2026-08-17,LEMD,36.7,36.4,37.2,36.3,36.4,36.7,36.6,37.2,,,36.6,0.308,37.545,9,38.0,14,0.766,Europe/Madrid,C
-0.693,-1.436,-0.736,-1.436,-1.121,-0.693,-0.75,-0.329,,,-0.85,madrid,2026-08-18,LEMD,38.3,37.3,38.2,37.5,37.8,38.3,38.0,38.8,,,38.2,0.43,38.936,9,39.0,14,0.776,Europe/Madrid,C
-0.707,-1.464,-0.764,-1.421,-1.121,-0.707,-0.786,-0.321,,,-0.886,madrid,2026-08-19,LEMD,34.6,34.4,35.4,34.4,35.1,34.6,34.9,35.5,,,35.6,0.447,35.828,9,36.0,14,0.775,Europe/Madrid,C
-0.721,-1.507,-0.786,-1.464,-1.086,-0.721,-0.821,-0.314,,,-0.871,madrid,2026-08-20,LEMD,31.2,29.4,30.5,31.3,31.0,31.2,31.4,31.2,,,31.5,0.616,31.824,9,32.0,14,0.777,Europe/Madrid,C
-0.721,-1.593,-0.864,-1.407,-1.036,-0.721,-0.786,-0.343,,,-0.821,madrid,2026-08-21,LEMD,30.4,29.9,31.0,29.8,30.4,30.4,30.1,31.1,,,30.6,0.42,31.351,9,32.0,14,0.777,Europe/Madrid,C
-0.864,-1.679,-0.964,-1.471,-1.107,-0.864,-0.907,-0.429,,,-0.936,madrid,2026-08-22,LEMD,32.4,31.6,32.0,31.5,32.8,32.4,32.2,33.0,,,32.1,0.469,33.254,9,33.0,14,0.766,Europe/Madrid,C
-0.907,-1.721,-1.014,-1.507,-1.064,-0.907,-0.986,-0.429,,,-0.929,madrid,2026-08-23,LEMD,32.5,31.9,32.4,31.9,32.7,32.5,32.5,33.3,,,32.6,0.397,33.521,9,33.0,14,0.758,Europe/Madrid,C
-0.85,-1.65,-0.971,-1.421,-1.0,-0.85,-0.936,-0.357,,,-0.879,madrid,2026-08-24,LEMD,28.2,26.1,28.6,27.1,27.4,28.2,26.7,28.1,,,27.4,0.769,28.603,9,29.0,14,0.759,Europe/Madrid,C
-0.836,-1.75,-0.957,-1.429,-1.007,-0.836,-1.057,-0.364,,,-0.943,madrid,2026-08-25,LEMD,28.0,26.6,28.2,27.2,28.1,28.0,27.2,28.8,,,27.9,0.623,28.813,9,28.0,14,0.765,Europe/Madrid,C
-0.771,-1.764,-0.893,-1.35,-0.886,-0.771,-1.114,-0.3,,,-0.893,madrid,2026-08-26,LEMD,29.2,28.4,29.2,28.4,29.2,29.2,30.0,30.1,,,29.1,0.552,30.138,9,30.0,14,0.795,Europe/Madrid,C
-0.779,-1.807,-0.929,-1.371,-0.857,-0.779,-1.086,-0.286,,,-0.914,madrid,2026-08-27,LEMD,22.2,20.3,22.0,21.5,23.5,22.2,23.1,23.0,,,22.7,0.911,23.194,9,23.0,14,0.794,Europe/Madrid,C
-0.821,-1.9,-0.993,-1.393,-0.743,-0.821,-1.021,-0.279,,,-0.893,madrid,2026-08-28,LEMD,25.7,24.6,25.5,24.8,25.7,25.7,25.4,26.2,,,25.4,0.46,26.446,9,26.0,14,0.791,Europe/Madrid,C
-0.729,-1.736,-0.8,-1.321,-0.614,-0.729,-0.771,-0.171,,,-0.8,madrid,2026-08-29,LEMD,30.0,29.1,29.6,28.7,29.6,30.0,29.9,30.1,,,30.1,0.461,30.553,9,30.0,14,0.681,Europe/Madrid,C
-0.843,-1.786,-0.786,-1.55,-0.8,-0.843,-0.879,-0.229,,,-0.743,madrid,2026-08-30,LEMD,32.7,31.4,32.4,31.9,31.4,32.7,32.3,32.7,,,32.9,0.54,33.213,9,33.0,14,0.502,Europe/Madrid,C
-0.707,-1.757,-0.7,-1.407,-0.779,-0.707,-0.836,-0.207,,,-0.664,madrid,2026-08-31,LEMD,33.4,32.2,33.1,32.2,32.6,33.4,32.8,33.4,,,33.2,0.466,33.818,9,33.0,14,0.5,Europe/Madrid,C
-0.586,-1.7,-0.636,-1.343,-0.693,-0.586,-0.75,-0.121,,,-0.55,madrid,2026-09-01,LEMD,33.9,32.5,34.1,32.9,33.5,33.9,33.4,34.3,,,34.4,0.604,34.441,9,34.0,14,0.5,Europe/Madrid,C
-0.543,-1.686,-0.571,-1.314,-0.643,-0.543,-0.721,-0.086,,,-0.464,madrid,2026-09-02,LEMD,35.6,34.7,35.4,34.7,34.5,35.6,35.3,36.1,,,35.4,0.492,35.991,9,35.0,14,0.5,Europe/Madrid,C
-0.4,-1.593,-0.5,-1.221,-0.614,-0.4,-0.621,0.029,,,-0.407,madrid,2026-09-03,LEMD,37.5,36.9,37.8,36.9,37.2,37.5,37.6,38.1,,,37.6,0.374,38.09,9,38.0,14,0.539,Europe/Madrid,C
-0.379,-1.486,-0.407,-1.25,-0.6,-0.379,-0.607,0.093,,,-0.4,madrid,2026-09-04,LEMD,38.3,37.1,38.8,37.8,37.8,38.3,39.0,38.1,,,37.8,0.543,38.715,9,38.0,14,0.537,Europe/Madrid,C
-0.243,-1.4,-0.279,-1.107,-0.5,-0.243,-0.4,0.164,,,-0.314,madrid,2026-09-05,LEMD,37.4,35.4,37.6,35.7,37.5,37.4,36.2,36.6,,,37.6,0.82,37.384,9,36.0,14,0.543,Europe/Madrid,C
-0.1,-1.343,-0.093,-1.021,-0.379,-0.1,-0.329,0.207,,,-0.136,madrid,2026-09-06,LEMD,36.1,35.2,36.1,35.8,36.1,36.1,36.3,36.9,,,36.7,0.462,36.46,9,37.0,14,0.653,Europe/Madrid,C
-0.129,-1.393,-0.114,-1.029,-0.421,-0.129,-0.343,0.179,,,-0.129,madrid,2026-09-07,LEMD,36.9,36.1,37.0,36.3,36.5,36.9,37.3,37.2,,,36.2,0.42,37.096,9,38.0,14,0.654,Europe/Madrid,C
-0.15,-1.321,-0.157,-1.014,-0.414,-0.15,-0.229,0.186,,,-0.143,madrid,2026-09-08,LEMD,34.8,34.5,35.1,34.2,34.5,34.8,36.0,35.1,,,35.2,0.495,35.259,9,36.0,14,0.69,Europe/Madrid,C
-0.236,-1.329,-0.236,-1.086,-0.529,-0.236,-0.171,0.064,,,-0.193,madrid,2026-09-09,LEMD,26.5,24.8,26.9,26.9,25.9,26.5,25.7,27.1,,,26.3,0.684,26.711,9,27.0,14,0.684,Europe/Madrid,C
-0.214,-1.371,-0.186,-0.979,-0.55,-0.214,-0.264,0.064,,,-0.179,madrid,2026-09-10,LEMD,27.5,26.1,26.3,26.4,26.3,27.5,26.8,28.1,,,26.2,0.682,27.233,9,28.0,14,0.687,Europe/Madrid,C
-0.193,-1.314,-0.236,-0.986,-0.707,-0.193,-0.357,0.071,,,-0.286,madrid,2026-09-11,LEMD,30.8,29.7,30.4,30.2,29.6,30.8,30.4,30.9,,,30.6,0.444,30.839,9,31.0,14,0.715,Europe/Madrid,C
-0.186,-1.307,-0.243,-0.957,-0.786,-0.186,-0.357,0.05,,,-0.271,madrid,2026-09-12,LEMD,31.6,30.4,31.7,31.4,30.7,31.6,30.6,32.0,,,30.9,0.536,31.698,9,33.0,14,0.706,Europe/Madrid,C
-0.286,-1.429,-0.307,-0.979,-0.921,-0.286,-0.521,-0.029,,,-0.429,madrid,2026-09-13,LEMD,32.3,31.0,32.2,31.8,31.3,32.3,31.4,32.7,,,31.6,0.531,32.434,9,33.0,14,0.773,Europe/Madrid,C
-0.314,-1.457,-0.321,-0.986,-0.929,-0.314,-0.586,-0.029,,,-0.521,madrid,2026-09-14,LEMD,34.3,32.6,34.0,33.3,32.5,34.3,33.2,34.0,,,33.4,0.644,34.158,9,35.0,14,0.786,Europe/Madrid,C
-0.393,-1.571,-0.4,-1.05,-1.079,-0.393,-0.7,-0.129,,,-0.65,madrid,2026-09-15,LEMD,35.6,33.9,35.5,35.0,34.8,35.6,35.2,35.6,,,34.9,0.527,35.834,9,36.0,14,0.788,Europe/Madrid,C
-0.414,-1.614,-0.443,-1.043,-1.129,-0.414,-0.714,-0.179,,,-0.757,madrid,2026-09-16,LEMD,28.1,26.4,27.6,28.4,28.9,28.1,27.9,28.6,,,27.8,0.676,28.67,9,28.0,14,0.78,Europe/Madrid,C
-0.45,-1.707,-0.5,-0.993,-1.029,-0.45,-0.743,-0.214,,,-0.8,madrid,2026-09-17,LEMD,26.0,24.7,26.5,26.1,25.7,26.0,23.5,26.3,,,25.7,0.889,26.436,9,27.0,14,0.755,Europe/Madrid,C
-0.486,-1.793,-0.521,-0.979,-1.064,-0.486,-0.964,-0.271,,,-0.864,madrid,2026-09-18,LEMD,27.3,26.1,27.0,27.8,26.4,27.3,26.2,27.6,,,26.0,0.65,27.677,9,28.0,14,0.77,Europe/Madrid,C
-0.557,-1.864,-0.65,-0.979,-1.164,-0.557,-1.164,-0.307,,,-0.993,madrid,2026-09-19,LEMD,28.4,27.0,28.0,28.4,27.8,28.4,27.5,28.8,,,27.2,0.579,28.855,9,29.0,14,0.751,Europe/Madrid,C
-0.7,-1.964,-0.836,-1.0,-1.357,-0.7,-1.286,-0.364,,,-1.236,madrid,2026-09-20,LEMD,30.2,28.9,30.2,30.2,30.4,30.2,29.1,30.8,,,30.0,0.575,31.049,9,31.0,14,0.655,Europe/Madrid,C
-0.693,-1.986,-0.829,-0.971,-1.336,-0.693,-1.371,-0.371,,,-1.286,madrid,2026-09-21,LEMD,32.2,30.6,31.5,31.5,30.3,32.2,31.0,32.0,,,31.5,0.639,32.5,9,33.0,14,0.639,Europe/Madrid,C
-0.671,-2.021,-0.864,-0.957,-1.421,-0.671,-1.464,-0.386,,,-1.264,madrid,2026-09-22,LEMD,33.4,31.9,33.2,32.7,31.9,33.4,32.2,33.3,,,32.2,0.612,33.809,9,34.0,14,0.606,Europe/Madrid,C
-0.62,-1.18,-0.9,-1.04,-0.26,-1.14,-2.22,-2.12,,,0.02,shanghai,2026-07-01,ZSPD,25.8,25.4,25.8,25.9,25.0,25.3,25.6,25.0,,,26.0,0.356,26.519,9,26.0,0,1.2,Asia/Shanghai,C
-0.55,-1.083,-0.783,-0.883,-0.383,-1.067,-1.917,-1.933,,,0.017,shanghai,2026-07-02,ZSPD,27.8,27.1,27.5,27.3,28.1,26.1,26.7,26.5,,,28.3,0.699,28.22,9,30.0,0,1.2,Asia/Shanghai,C
-0.786,-1.343,-1.029,-1.143,-0.6,-1.471,-2.114,-2.157,,,-0.229,shanghai,2026-07-03,ZSPD,32.1,27.0,30.5,29.2,33.0,32.0,27.9,27.3,,,32.9,2.285,31.562,9,33.0,0,1.2,Asia/Shanghai,C
-0.8,-1.925,-1.212,-1.475,-0.525,-1.412,-2.487,-2.6,,,-0.213,shanghai,2026-07-04,ZSPD,32.4,29.9,31.1,31.9,32.9,32.4,30.3,28.7,,,31.8,1.306,32.706,9,33.0,8,1.229,Asia/Shanghai,C
-0.778,-2.056,-1.289,-1.433,-0.478,-1.322,-2.511,-2.789,,,-0.322,shanghai,2026-07-05,ZSPD,29.9,29.8,29.6,28.6,26.3,29.8,28.4,27.7,,,30.4,1.242,30.406,9,31.0,9,1.163,Asia/Shanghai,C
-0.81,-1.97,-1.3,-1.53,-0.9,-1.31,-2.52,-2.84,,,-0.35,shanghai,2026-07-06,ZSPD,33.6,32.5,33.1,32.7,34.6,34.5,32.8,30.0,,,35.1,1.436,34.718,9,36.0,10,1.119,Asia/Shanghai,C
-0.955,-2.109,-1.445,-1.691,-0.945,-1.327,-2.582,-3.127,,,-0.4,shanghai,2026-07-07,ZSPD,33.5,32.1,32.9,32.3,32.2,33.9,32.3,30.0,,,35.4,1.399,34.351,9,34.0,11,1.135,Asia/Shanghai,C
-0.917,-2.092,-1.417,-1.692,-1.017,-1.225,-2.508,-3.2,,,-0.25,shanghai,2026-07-08,ZSPD,34.4,32.5,32.7,33.4,33.5,35.2,31.6,31.0,,,35.2,1.401,34.884,9,36.0,12,1.091,Asia/Shanghai,C
-0.969,-2.2,-1.562,-1.762,-1.131,-1.192,-2.654,-3.338,,,-0.292,shanghai,2026-07-09,ZSPD,29.9,28.6,28.9,29.0,29.5,28.4,28.3,27.7,,,30.3,0.778,30.628,9,29.0,13,1.093,Asia/Shanghai,C
-0.836,-2.071,-1.457,-1.636,-1.014,-1.15,-2.514,-3.193,,,-0.179,shanghai,2026-07-10,ZSPD,30.6,30.0,30.1,29.5,30.8,31.1,28.8,27.8,,,32.2,1.225,31.681,9,32.0,14,1.14,Asia/Shanghai,C
-0.879,-2.221,-1.543,-1.771,-1.05,-1.136,-2.571,-3.371,,,-0.157,shanghai,2026-07-11,ZSPD,30.3,29.7,29.9,29.6,28.9,29.2,28.9,27.9,,,30.6,0.775,31.087,9,31.0,14,1.122,Asia/Shanghai,C
-0.85,-2.179,-1.514,-1.779,-1.179,-1.193,-2.543,-3.421,,,-0.186,shanghai,2026-07-12,ZSPD,30.3,29.3,30.0,29.2,29.4,30.0,29.3,27.6,,,30.4,0.799,31.16,9,31.0,14,1.068,Asia/Shanghai,C
-0.786,-2.129,-1.443,-1.75,-1.236,-1.179,-2.4,-3.393,,,-0.193,shanghai,2026-07-13,ZSPD,32.7,31.4,32.4,32.1,30.9,31.6,31.0,29.2,,,33.4,1.154,33.27,9,33.0,14,0.938,Asia/Shanghai,C
-0.85,-2.193,-1.507,-1.8,-1.436,-1.243,-2.443,-3.564,,,-0.229,shanghai,2026-07-14,ZSPD,35.0,33.5,34.7,34.1,33.3,34.6,33.1,32.5,,,36.6,1.164,35.837,9,36.0,14,0.941,Asia/Shanghai,C
-0.907,-2.3,-1.557,-1.871,-1.614,-1.207,-2.571,-3.721,,,-0.171,shanghai,2026-07-15,ZSPD,37.6,35.3,36.6,35.9,35.7,37.1,34.5,35.2,,,37.8,1.082,37.99,9,39.0,14,0.92,Asia/Shanghai,C
-0.993,-2.521,-1.714,-2.086,-1.779,-1.293,-2.864,-3.921,,,-0.257,shanghai,2026-07-16,ZSPD,38.0,35.2,36.0,35.2,36.4,37.4,33.9,33.9,,,37.0,1.379,37.949,9,38.0,14,0.948,Asia/Shanghai,C
-0.836,-2.514,-1.679,-2.093,-1.757,-1.057,-2.921,-3.964,,,-0.207,shanghai,2026-07-17,ZSPD,37.6,35.3,36.2,34.9,36.5,37.5,32.8,35.3,,,37.3,1.46,37.913,9,39.0,14,0.821,Asia/Shanghai,C
-0.871,-2.35,-1.7,-2.114,-1.936,-1.093,-3.0,-3.821,,,-0.321,shanghai,2026-07-18,ZSPD,36.2,33.0,34.8,33.9,34.2,35.4,32.4,32.4,,,34.2,1.23,36.074,9,37.0,14,0.781,Asia/Shanghai,C
-0.886,-2.414,-1.721,-2.257,-2.129,-1.164,-3.136,-3.843,,,-0.436,shanghai,2026-07-19,ZSPD,32.1,29.3,31.5,31.9,29.9,32.1,29.3,30.8,,,32.6,1.204,32.964,9,33.0,14,0.816,Asia/Shanghai,C
-0.871,-2.593,-1.729,-2.164,-2.014,-1.143,-3.214,-3.764,,,-0.421,shanghai,2026-07-20,ZSPD,32.7,31.8,32.4,32.1,33.7,34.5,31.2,30.6,,,34.1,1.245,34.498,9,35.0,14,0.8,Asia/Shanghai,C
-0.864,-2.571,-1.707,-2.136,-2.007,-1.071,-3.257,-3.65,,,-0.421,shanghai,2026-07-21,ZSPD,33.3,32.0,32.1,32.0,32.0,33.2,29.5,29.8,,,32.3,1.245,33.85,9,33.0,14,0.735,Asia/Shanghai,C
-0.807,-2.507,-1.693,-2.086,-1.95,-1.05,-3.386,-3.593,,,-0.571,shanghai,2026-07-22,ZSPD,33.7,32.2,32.9,33.1,33.3,34.2,31.6,31.0,,,34.2,1.055,34.835,9,35.0,14,0.764,Asia/Shanghai,C
-0.786,-2.457,-1.607,-2.036,-1.893,-1.05,-3.314,-3.521,,,-0.571,shanghai,2026-07-23,ZSPD,35.8,33.5,34.7,33.4,33.7,35.1,32.1,33.0,,,35.8,1.218,36.091,9,35.0,14,0.705,Asia/Shanghai,C
-0.793,-2.536,-1.621,-2.15,-2.021,-1.0,-3.471,-3.571,,,-0.607,shanghai,2026-07-24,ZSPD,37.5,34.0,36.1,33.4,33.6,34.7,32.4,33.9,,,36.3,1.551,36.79,9,36.0,14,0.626,Asia/Shanghai,C
-0.586,-2.536,-1.479,-2.157,-2.107,-1.029,-3.5,-3.421,,,-0.6,shanghai,2026-07-25,ZSPD,35.9,32.8,35.0,32.8,32.9,33.2,31.5,32.4,,,34.3,1.301,35.483,9,35.0,14,0.655,Asia/Shanghai,C
-0.471,-2.6,-1.4,-2.214,-2.107,-1.029,-3.6,-3.386,,,-0.621,shanghai,2026-07-26,ZSPD,36.0,33.3,35.4,32.7,32.7,33.1,31.2,32.4,,,34.1,1.42,35.524,9,34.0,14,0.668,Asia/Shanghai,C
-0.279,-2.529,-1.229,-2.179,-2.086,-1.021,-3.679,-3.257,,,-0.571,shanghai,2026-07-27,ZSPD,34.2,31.9,33.7,31.5,30.9,31.3,30.4,31.6,,,33.5,1.271,34.031,9,34.0,14,0.781,Asia/Shanghai,C
-0.243,-2.564,-1.207,-2.293,-2.157,-1.114,-3.793,-3.157,,,-0.636,shanghai,2026-07-28,ZSPD,34.0,31.9,33.4,31.3,31.1,30.8,30.1,31.2,,,32.6,1.203,33.798,9,33.0,14,0.778,Asia/Shanghai,C
-0.1,-2.464,-1.086,-2.279,-2.1,-1.171,-3.793,-3.036,,,-0.707,shanghai,2026-07-29,ZSPD,37.1,33.9,36.1,32.8,32.9,34.5,32.4,33.9,,,35.9,1.555,36.344,9,35.0,14,0.805,Asia/Shanghai,C
0.15,-2.279,-0.836,-2.214,-2.014,-1.071,-3.657,-2.843,,,-0.557,shanghai,2026-07-30,ZSPD,36.6,33.5,35.8,34.1,34.9,36.3,32.5,34.5,,,35.7,1.283,36.56,9,36.0,14,0.839,Asia/Shanghai,C
0.193,-2.257,-0.707,-2.15,-1.979,-1.007,-3.614,-2.657,,,-0.507,shanghai,2026-07-31,ZSPD,36.1,34.4,35.6,34.2,33.8,34.5,32.2,34.4,,,36.0,1.148,36.18,9,36.0,14,0.852,Asia/Shanghai,C
0.3,-2.107,-0.536,-1.986,-1.957,-1.007,-3.443,-2.507,,,-0.386,shanghai,2026-08-01,ZSPD,36.5,33.8,35.9,34.2,35.2,35.6,32.2,32.4,,,35.4,1.441,36.159,9,36.0,14,0.803,Asia/Shanghai,C
0.393,-1.979,-0.386,-1.893,-1.814,-0.921,-3.386,-2.436,,,-0.229,shanghai,2026-08-02,ZSPD,36.1,33.0,35.2,33.9,33.3,34.5,31.8,33.7,,,34.8,1.209,35.434,9,36.0,14,0.765,Asia/Shanghai,C
0.464,-1.929,-0.336,-1.964,-1.786,-0.964,-3.421,-2.443,,,-0.286,shanghai,2026-08-03,ZSPD,33.9,32.4,33.4,31.9,32.7,32.4,30.6,31.1,,,34.0,1.106,33.877,9,34.0,14,0.78,Asia/Shanghai,C
0.621,-1.814,-0.193,-1.907,-1.786,-1.043,-3.393,-2.336,,,-0.221,shanghai,2026-08-04,ZSPD,33.4,32.5,32.9,31.9,31.3,32.0,31.0,30.7,,,32.3,0.837,33.294,9,33.0,14,0.769,Asia/Shanghai,C
0.629,-1.779,-0.136,-1.914,-1.836,-1.129,-3.286,-2.271,,,-0.221,shanghai,2026-08-05,ZSPD,33.8,33.0,33.2,32.2,32.0,32.1,31.0,30.7,,,32.9,0.96,33.63,9,33.0,14,0.739,Asia/Shanghai,C
0.779,-1.579,0.029,-1.836,-1.786,-1.136,-3.186,-2.15,,,-0.171,shanghai,2026-08-06,ZSPD,32.7,32.3,32.6,32.1,31.6,31.6,30.9,31.2,,,31.7,0.579,32.97,9,33.0,14,0.756,Asia/Shanghai,C
0.7,-1.521,0.021,-1.786,-1.793,-1.243,-3.129,-2.136,,,-0.321,shanghai,2026-08-07,ZSPD,33.7,32.8,33.1,32.2,31.5,32.7,31.3,32.0,,,32.0,0.73,33.539,9,34.0,14,0.698,Asia/Shanghai,C
0.571,-1.464,-0.05,-1.729,-1.8,-1.243,-3.064,-2.129,,,-0.486,shanghai,2026-08-08,ZSPD,32.5,30.7,32.3,31.6,30.9,29.9,31.4,30.4,,,31.5,0.806,32.4,9,33.0,14,0.676,Asia/Shanghai,C
0.471,-1.471,-0.1,-1.671,-1.8,-1.336,-2.929,-2.129,,,-0.543,shanghai,2026-08-09,ZSPD,27.4,28.4,27.6,28.3,27.2,28.2,30.4,28.8,,,27.7,0.913,29.143,9,28.0,14,0.683,Asia/Shanghai,C
0.286,-1.393,-0.229,-1.557,-1.764,-1.257,-2.557,-1.957,,,-0.571,shanghai,2026-08-10,ZSPD,28.3,28.4,28.1,29.0,27.3,27.8,30.5,28.7,,,27.6,0.892,29.364,9,28.0,14,0.628,Asia/Shanghai,C
0.293,-1.214,-0.2,-1.307,-1.593,-1.079,-2.121,-1.736,,,-0.564,shanghai,2026-08-11,ZSPD,27.9,28.1,28.0,29.1,27.9,27.9,30.2,28.4,,,28.2,0.728,29.196,9,29.0,14,0.726,Asia/Shanghai,C
0.143,-1.2,-0.3,-1.179,-1.536,-1.0,-1.829,-1.65,,,-0.593,shanghai,2026-08-12,ZSPD,27.4,27.5,27.3,27.5,27.5,27.5,29.6,27.9,,,28.0,0.672,28.593,9,27.0,14,0.696,Asia/Shanghai,C
0.021,-1.086,-0.357,-0.986,-1.35,-0.929,-1.457,-1.507,,,-0.586,shanghai,2026-08-13,ZSPD,28.3,27.9,28.1,27.9,28.5,28.1,27.5,27.3,,,28.7,0.422,28.897,9,29.0,14,0.732,Asia/Shanghai,C
-0.071,-0.986,-0.407,-0.929,-1.307,-1.014,-1.314,-1.521,,,-0.586,shanghai,2026-08-14,ZSPD,28.5,27.9,28.0,28.0,29.0,28.5,27.1,27.6,,,28.1,0.52,28.961,9,28.0,14,0.717,Asia/Shanghai,C
-0.043,-0.879,-0.379,-0.8,-1.079,-0.871,-1.107,-1.436,,,-0.579,shanghai,2026-08-15,ZSPD,29.4,27.9,28.8,28.9,30.4,30.6,28.4,28.6,,,31.2,1.063,30.062,9,31.0,14,0.76,Asia/Shanghai,C
-0.193,-0.943,-0.529,-0.821,-1.064,-0.871,-1.021,-1.35,,,-0.521,shanghai,2026-08-16,ZSPD,29.2,29.0,28.6,28.9,28.4,28.2,28.2,28.4,,,29.2,0.382,29.473,9,29.0,14,0.799,Asia/Shanghai,C
-0.186,-0.729,-0.5,-0.679,-0.914,-0.821,-0.779,-1.229,,,-0.421,shanghai,2026-08-17,ZSPD,30.0,30.3,29.7,29.8,29.6,30.2,28.3,29.1,,,30.0,0.589,30.388,9,31.0,14,0.795,Asia/Shanghai,C
-0.25,-0.664,-0.55,-0.614,-0.921,-0.764,-0.729,-1.157,,,-0.493,shanghai,2026-08-18,ZSPD,30.3,30.0,29.8,29.4,30.7,30.4,28.6,29.0,,,31.1,0.764,30.648,9,31.0,14,0.811,Asia/Shanghai,C
-0.329,-0.7,-0.629,-0.65,-0.821,-0.736,-0.757,-1.136,,,-0.436,shanghai,2026-08-19,ZSPD,30.2,30.3,30.0,29.7,30.1,30.4,28.6,29.2,,,31.4,0.742,30.708,9,31.0,14,0.813,Asia/Shanghai,C
-0.443,-0.75,-0.714,-0.686,-0.814,-0.714,-0.786,-1.1,,,-0.4,shanghai,2026-08-20,ZSPD,29.7,29.4,30.0,29.4,29.9,28.5,28.3,28.7,,,30.3,0.667,30.126,9,32.0,14,0.799,Asia/Shanghai,C
-0.586,-0.886,-0.829,-0.807,-0.864,-0.864,-0.9,-1.207,,,-0.429,shanghai,2026-08-21,ZSPD,30.1,30.0,30.0,30.2,30.0,30.1,28.8,28.5,,,31.1,0.73,30.726,9,31.0,14,0.943,Asia/Shanghai,C
-0.629,-0.871,-0.836,-0.736,-0.757,-0.836,-0.864,-1.243,,,-0.279,shanghai,2026-08-22,ZSPD,30.2,29.7,29.8,29.3,29.6,29.3,28.5,28.9,,,30.2,0.533,30.369,9,31.0,14,0.938,Asia/Shanghai,C
-0.65,-0.8,-0.871,-0.757,-0.707,-0.736,-0.929,-1.207,,,-0.229,shanghai,2026-08-23,ZSPD,30.0,29.5,29.3,30.5,29.5,30.0,29.2,28.9,,,30.6,0.553,30.475,9,31.0,14,0.939,Asia/Shanghai,C
-0.679,-0.936,-0.964,-0.814,-0.757,-0.821,-1.229,-1.414,,,-0.236,shanghai,2026-08-24,ZSPD,30.3,30.3,30.1,30.3,30.2,30.7,28.9,28.8,,,31.2,0.732,31.0,9,32.0,14,0.899,Asia/Shanghai,C
-0.821,-1.086,-1.107,-1.007,-0.836,-0.9,-1.629,-1.693,,,-0.264,shanghai,2026-08-25,ZSPD,30.2,30.1,29.9,29.8,29.8,29.4,28.8,28.7,,,31.1,0.691,30.835,9,31.0,14,0.864,Asia/Shanghai,C
-0.8,-1.086,-1.114,-1.1,-0.843,-0.936,-1.871,-1.814,,,-0.2,shanghai,2026-08-26,ZSPD,31.3,31.6,31.3,30.3,30.3,30.8,29.0,29.5,,,31.4,0.857,31.802,9,32.0,14,0.864,Asia/Shanghai,C
-0.879,-1.15,-1.186,-1.257,-1.0,-1.057,-2.271,-2.057,,,-0.314,shanghai,2026-08-27,ZSPD,31.0,31.0,30.7,30.6,29.9,29.9,29.4,29.3,,,30.9,0.643,31.581,9,32.0,14,0.753,Asia/Shanghai,C
-0.9,-1.143,-1.214,-1.279,-1.114,-1.143,-2.35,-2.129,,,-0.371,shanghai,2026-08-28,ZSPD,30.1,29.9,29.4,30.0,29.6,29.2,29.1,28.6,,,30.1,0.492,30.838,9,30.0,14,0.761,Asia/Shanghai,C
-0.929,-1.143,-1.257,-1.279,-1.214,-1.236,-2.35,-2.2,,,-0.371,shanghai,2026-08-29,ZSPD,30.7,30.7,30.5,30.6,30.5,29.9,29.3,28.9,,,30.7,0.639,31.56,9,31.0,14,0.751,Asia/Shanghai,C
-0.836,-0.943,-1.136,-1.157,-1.207,-1.286,-2.286,-2.179,,,-0.407,shanghai,2026-08-30,ZSPD,31.3,30.4,31.1,29.7,30.9,29.7,29.5,28.9,,,31.2,0.826,31.657,9,31.0,14,0.723,Asia/Shanghai,C
-0.829,-0.986,-1.1,-1.243,-1.171,-1.321,-2.336,-2.286,,,-0.407,shanghai,2026-08-31,ZSPD,32.9,31.2,32.4,31.7,31.0,31.3,30.3,29.9,,,32.4,0.942,32.838,9,32.0,14,0.733,Asia/Shanghai,C
-0.693,-0.993,-0.979,-1.179,-1.143,-1.314,-2.264,-2.3,,,-0.307,shanghai,2026-09-01,ZSPD,30.0,29.4,29.7,29.6,30.0,28.9,28.6,28.4,,,30.7,0.697,30.705,9,30.0,14,0.749,Asia/Shanghai,C
-0.643,-0.964,-0.914,-1.093,-1.121,-1.35,-2.193,-2.271,,,-0.264,shanghai,2026-09-02,ZSPD,28.6,27.9,28.4,29.3,28.7,28.3,28.7,28.2,,,29.1,0.413,29.653,9,30.0,14,0.767,Asia/Shanghai,C
-0.686,-1.064,-0.957,-1.05,-1.15,-1.429,-2.114,-2.271,,,-0.357,shanghai,2026-09-03,ZSPD,30.0,29.7,29.6,30.1,28.9,28.8,29.3,28.1,,,30.0,0.637,30.597,9,31.0,14,0.769,Asia/Shanghai,C
-0.593,-0.971,-0.914,-0.929,-1.15,-1.336,-1.971,-2.243,,,-0.307,shanghai,2026-09-04,ZSPD,31.0,30.2,30.2,30.0,28.8,29.3,29.8,28.5,,,29.7,0.722,30.925,9,31.0,14,0.593,Asia/Shanghai,C
-0.529,-0.957,-0.9,-0.943,-1.236,-1.393,-1.9,-2.243,,,-0.407,shanghai,2026-09-05,ZSPD,30.6,29.6,29.8,28.0,28.2,29.0,28.9,28.0,,,29.0,0.831,30.285,9,30.0,14,0.589,Asia/Shanghai,C
-0.429,-0.893,-0.829,-0.964,-1.264,-1.343,-1.8,-2.236,,,-0.421,shanghai,2026-09-06,ZSPD,30.5,29.4,29.1,28.1,28.4,27.6,28.5,28.0,,,28.5,0.824,29.907,9,30.0,14,0.569,Asia/Shanghai,C
-0.321,-0.829,-0.771,-1.064,-1.271,-1.443,-1.779,-2.229,,,-0.5,shanghai,2026-09-07,ZSPD,31.0,29.5,29.6,29.0,27.9,29.6,28.0,27.8,,,28.5,0.993,30.234,9,30.0,14,0.552,Asia/Shanghai,C
-0.129,-0.743,-0.664,-1.014,-1.293,-1.379,-1.7,-2.157,,,-0.55,shanghai,2026-09-08,ZSPD,30.3,29.6,29.4,28.3,27.9,28.5,27.8,27.7,,,28.2,0.864,29.797,9,29.0,14,0.5,Asia/Shanghai,C
0.021,-0.636,-0.557,-0.979,-1.286,-1.3,-1.629,-2.086,,,-0.614,shanghai,2026-09-09,ZSPD,28.9,27.9,27.9,27.3,25.7,27.4,26.8,26.4,,,27.3,0.876,28.33,9,28.0,14,0.53,Asia/Shanghai,C
0.136,-0.614,-0.514,-0.907,-1.329,-1.257,-1.5,-2.021,,,-0.621,shanghai,2026-09-10,ZSPD,29.5,28.4,27.7,28.5,27.9,27.8,26.7,27.5,,,27.5,0.743,28.917,9,29.0,14,0.534,Asia/Shanghai,C
0.243,-0.586,-0.514,-0.843,-1.257,-1.193,-1.479,-1.936,,,-0.65,shanghai,2026-09-11,ZSPD,27.6,26.4,26.3,27.2,25.2,26.8,26.0,25.5,,,26.5,0.72,27.249,9,27.0,14,0.523,Asia/Shanghai,C
0.279,-0.621,-0.521,-0.829,-1.357,-1.15,-1.486,-1.943,,,-0.693,shanghai,2026-09-12,ZSPD,28.1,27.9,27.8,27.3,26.3,27.1,26.0,25.9,,,26.9,0.779,27.985,9,28.0,14,0.5,Asia/Shanghai,C
0.307,-0.607,-0.5,-0.85,-1.443,-1.136,-1.507,-1.943,,,-0.75,shanghai,2026-09-13,ZSPD,29.9,29.3,29.2,27.7,27.2,27.5,26.6,26.2,,,28.0,1.197,29.035,9,29.0,14,0.5,Asia/Shanghai,C
0.35,-0.543,-0.493,-0.85,-1.564,-1.15,-1.571,-1.993,,,-0.836,shanghai,2026-09-14,ZSPD,29.4,28.7,28.7,27.7,26.9,27.4,26.5,25.9,,,27.5,1.07,28.693,9,29.0,14,0.5,Asia/Shanghai,C
0.314,-0.507,-0.543,-0.921,-1.643,-1.214,-1.629,-2.064,,,-0.971,shanghai,2026-09-15,ZSPD,28.2,28.0,27.7,26.6,26.0,26.6,25.5,25.7,,,27.1,0.938,27.895,9,28.0,14,0.5,Asia/Shanghai,C
0.329,-0.464,-0.543,-0.993,-1.786,-1.236,-1.707,-2.114,,,-1.086,shanghai,2026-09-16,ZSPD,28.3,28.1,27.8,26.6,26.2,26.6,25.7,25.4,,,27.0,0.975,27.983,9,28.0,14,0.5,Asia/Shanghai,C
0.45,-0.307,-0.443,-1.043,-1.821,-1.214,-1.779,-2.171,,,-1.093,shanghai,2026-09-17,ZSPD,29.0,28.1,28.3,27.8,27.1,27.5,26.4,26.3,,,27.9,0.831,28.647,9,28.0,14,0.5,Asia/Shanghai,C
0.593,-0.207,-0.321,-0.993,-1.736,-1.093,-1.771,-2.086,,,-1.029,shanghai,2026-09-18,ZSPD,28.1,28.0,27.5,26.8,27.6,26.9,26.1,26.2,,,27.7,0.7,28.134,9,29.0,14,0.5,Asia/Shanghai,C
0.529,-0.221,-0.371,-1.079,-1.679,-1.121,-1.893,-2.107,,,-1.029,shanghai,2026-09-19,ZSPD,29.0,26.4,27.3,26.4,27.5,26.3,26.0,26.0,,,27.5,0.929,27.943,9,27.0,14,0.5,Asia/Shanghai,C
0.629,-0.236,-0.336,-0.979,-1.514,-1.1,-1.886,-2.036,,,-0.921,shanghai,2026-09-20,ZSPD,28.9,27.5,28.1,27.7,27.0,26.9,25.8,26.1,,,27.3,0.902,28.195,9,28.0,14,0.5,Asia/Shanghai,C
0.657,-0.229,-0.264,-0.864,-1.471,-1.007,-1.936,-2.029,,,-0.864,shanghai,2026-09-21,ZSPD,29.0,27.6,28.2,27.8,26.9,27.6,25.9,26.2,,,27.0,0.914,28.256,9,28.0,14,0.5,Asia/Shanghai,C
0.657,-0.221,-0.221,-0.807,-1.4,-1.007,-1.943,-2.0,,,-0.829,shanghai,2026-09-22,ZSPD,28.2,27.4,27.2,27.7,26.9,27.0,26.1,26.2,,,27.2,0.627,27.89,9,28.0,14,0.5,Asia/Shanghai,C
0.579,-0.307,-0.307,-0.779,-1.4,-1.043,-1.993,-2.036,,,-0.829,shanghai,2026-09-23,ZSPD,28.9,27.3,27.7,27.7,27.2,27.1,26.5,26.2,,,28.0,0.759,28.267,9,29.0,14,0.5,Asia/Shanghai,C
-0.86,-0.56,-0.46,0.2,0.44,-0.86,-0.76,-0.06,,,0.48,moscow,2026-07-01,UUWW,28.8,28.4,27.9,28.3,28.6,28.8,27.0,28.8,,,28.3,0.547,28.697,9,29.0,0,1.2,Europe/Moscow,C
-0.75,-0.567,-0.567,0.05,0.3,-0.75,-0.967,-0.083,,,0.283,moscow,2026-07-02,UUWW,29.6,29.5,29.4,30.2,29.7,29.6,28.3,30.2,,,29.2,0.535,29.907,9,30.0,0,1.2,Europe/Moscow,C
-0.7,-0.557,-0.571,0.071,0.214,-0.7,-1.071,-0.043,,,0.129,moscow,2026-07-03,UUWW,25.7,25.8,26.3,25.7,26.2,25.7,23.9,25.8,,,26.0,0.663,26.139,9,27.0,0,1.2,Europe/Moscow,C
-0.775,-0.638,-0.588,-0.1,0.087,-0.775,-1.325,-0.188,,,-0.013,moscow,2026-07-04,UUWW,20.0,20.2,20.7,22.7,21.4,20.0,22.2,22.4,,,22.8,1.112,21.643,9,22.0,8,0.508,Europe/Moscow,C
-0.911,-0.767,-0.667,-0.011,0.011,-0.911,-1.156,-0.122,,,0.078,moscow,2026-07-05,UUWW,21.0,21.3,21.1,21.2,22.3,21.0,20.3,21.6,,,21.5,0.51,21.8,9,20.0,9,0.5,Europe/Moscow,C
-0.72,-0.56,-0.49,0.11,0.24,-0.72,-1.01,0.05,,,0.22,moscow,2026-07-06,UUWW,21.6,20.7,21.1,21.8,21.6,21.6,21.9,22.8,,,21.4,0.545,21.897,9,22.0,10,0.737,Europe/Moscow,C
-0.691,-0.627,-0.527,0.082,0.182,-0.691,-0.927,0.118,,,0.145,moscow,2026-07-07,UUWW,18.8,19.1,20.0,19.6,20.5,18.8,20.0,21.0,,,20.5,0.748,20.075,9,20.0,11,0.703,Europe/Moscow,C
-0.733,-0.65,-0.483,0.042,0.208,-0.733,-0.85,0.192,,,0.175,moscow,2026-07-08,UUWW,21.5,23.0,22.7,21.7,19.4,21.5,21.7,21.9,,,23.1,1.049,22.194,9,22.0,12,0.674,Europe/Moscow,C
-0.715,-0.523,-0.392,0.015,-0.008,-0.715,-0.808,0.169,,,0.246,moscow,2026-07-09,UUWW,19.2,19.2,20.3,19.5,19.2,19.2,19.8,20.4,,,21.7,0.799,20.107,9,20.0,13,0.65,Europe/Moscow,C
-0.721,-0.543,-0.343,-0.021,-0.064,-0.721,-0.764,0.186,,,0.35,moscow,2026-07-10,UUWW,27.3,26.8,26.2,26.9,25.4,27.3,23.1,26.7,,,28.5,1.431,26.892,9,27.0,14,0.627,Europe/Moscow,C
-0.643,-0.514,-0.343,0.043,-0.164,-0.643,-0.986,0.186,,,0.5,moscow,2026-07-11,UUWW,25.2,23.7,23.6,25.2,21.4,25.2,23.6,23.9,,,25.2,1.194,24.434,9,25.0,14,0.602,Europe/Moscow,C
-0.564,-0.586,-0.464,0.043,-0.45,-0.564,-1.057,0.121,,,0.464,moscow,2026-07-12,UUWW,19.0,18.1,21.3,21.1,19.3,19.0,18.8,20.4,,,20.8,1.09,20.056,9,19.0,14,0.619,Europe/Moscow,C
-0.5,-0.586,-0.193,0.236,-0.421,-0.5,-1.014,0.257,,,0.579,moscow,2026-07-13,UUWW,22.8,22.7,22.5,21.7,21.0,22.8,22.5,22.3,,,23.6,0.693,22.735,9,22.0,14,0.652,Europe/Moscow,C
-0.336,-0.414,-0.1,0.093,-0.586,-0.336,-0.921,0.257,,,0.607,moscow,2026-07-14,UUWW,24.9,24.8,24.9,24.8,24.0,24.9,24.2,24.6,,,25.6,0.432,24.977,9,25.0,14,0.673,Europe/Moscow,C
-0.329,-0.479,-0.143,0.029,-0.714,-0.329,-0.907,0.2,,,0.586,moscow,2026-07-15,UUWW,22.7,22.7,23.2,23.0,24.1,22.7,21.6,23.0,,,22.9,0.611,23.167,9,23.0,14,0.669,Europe/Moscow,C
-0.336,-0.457,-0.05,0.079,-0.607,-0.336,-0.864,0.214,,,0.629,moscow,2026-07-16,UUWW,19.5,19.4,19.3,19.4,19.5,19.5,19.1,19.3,,,20.3,0.315,19.695,9,19.0,14,0.665,Europe/Moscow,C
-0.271,-0.393,0.014,0.093,-0.55,-0.271,-0.736,0.221,,,0.779,moscow,2026-07-17,UUWW,21.4,21.3,21.1,20.9,20.4,21.4,21.0,21.1,,,21.6,0.333,21.3,9,21.0,14,0.69,Europe/Moscow,C
-0.15,-0.286,0.071,0.179,-0.536,-0.15,-0.514,0.314,,,0.893,moscow,2026-07-18,UUWW,24.8,24.6,24.6,24.4,25.2,24.8,23.7,24.5,,,24.5,0.38,24.668,9,23.0,14,0.656,Europe/Moscow,C
0.121,-0.043,0.279,0.229,-0.336,0.121,-0.479,0.393,,,0.943,moscow,2026-07-19,UUWW,26.3,26.5,26.1,26.5,26.4,26.3,25.9,26.3,,,26.6,0.204,26.193,9,27.0,14,0.787,Europe/Moscow,C
0.0,-0.171,0.136,0.107,-0.543,0.0,-0.579,0.229,,,0.807,moscow,2026-07-20,UUWW,27.1,27.2,26.6,27.4,26.6,27.1,26.3,26.7,,,27.2,0.348,26.932,9,26.0,14,0.659,Europe/Moscow,C
0.107,0.007,0.243,0.221,-0.471,0.107,-0.55,0.221,,,0.936,moscow,2026-07-21,UUWW,22.9,23.9,24.5,22.8,22.9,22.9,22.8,24.5,,,24.5,0.761,23.426,9,24.0,14,0.704,Europe/Moscow,C
0.114,0.064,0.279,0.164,-0.586,0.114,-0.636,0.186,,,0.936,moscow,2026-07-22,UUWW,23.3,22.7,23.0,23.4,23.6,23.3,23.4,23.3,,,24.1,0.362,23.232,9,24.0,14,0.72,Europe/Moscow,C
0.1,-0.1,0.157,0.143,-0.429,0.1,-0.657,0.143,,,0.864,moscow,2026-07-23,UUWW,20.6,21.4,21.2,21.4,21.3,20.6,19.9,21.6,,,21.3,0.519,20.985,9,22.0,14,0.747,Europe/Moscow,C
0.057,-0.086,0.079,0.136,-0.421,0.057,-0.793,0.086,,,0.693,moscow,2026-07-24,UUWW,22.4,22.4,22.7,22.3,23.4,22.4,21.8,23.3,,,23.7,0.586,22.71,9,22.0,14,0.795,Europe/Moscow,C
0.064,-0.043,0.186,0.164,-0.207,0.064,-0.529,0.2,,,0.707,moscow,2026-07-25,UUWW,21.8,20.5,21.9,22.3,22.1,21.8,20.8,22.9,,,22.7,0.747,21.748,9,22.0,14,0.816,Europe/Moscow,C
0.036,-0.057,0.279,0.171,0.057,0.036,-0.514,0.343,,,0.743,moscow,2026-07-26,UUWW,17.8,17.8,20.0,19.4,16.2,17.8,19.4,18.2,,,20.3,1.245,18.329,9,20.0,14,0.805,Europe/Moscow,C
-0.121,-0.15,0.114,-0.021,-0.236,-0.121,-0.543,0.114,,,0.636,moscow,2026-07-27,UUWW,24.7,25.4,24.9,25.8,25.4,24.7,24.0,24.9,,,25.5,0.516,25.064,9,26.0,14,0.876,Europe/Moscow,C
-0.271,-0.243,0.0,-0.014,-0.207,-0.271,-0.721,0.014,,,0.486,moscow,2026-07-28,UUWW,27.3,25.9,26.7,27.9,26.3,27.3,26.7,27.2,,,27.6,0.603,27.085,9,27.0,14,0.89,Europe/Moscow,C
-0.243,-0.307,-0.014,0.064,-0.186,-0.243,-0.686,0.057,,,0.486,moscow,2026-07-29,UUWW,16.7,17.6,18.1,19.7,15.6,16.7,18.2,18.1,,,19.3,1.225,17.736,9,17.0,14,0.89,Europe/Moscow,C
-0.243,-0.243,0.05,0.257,-0.364,-0.243,-0.5,0.136,,,0.657,moscow,2026-07-30,UUWW,20.8,20.8,22.3,21.2,21.3,20.8,22.2,21.0,,,22.5,0.662,21.47,9,21.0,14,0.911,Europe/Moscow,C
-0.293,-0.286,0.121,0.243,-0.379,-0.293,-0.421,0.114,,,0.671,moscow,2026-07-31,UUWW,24.5,24.7,24.6,25.0,24.4,24.5,24.3,23.3,,,25.1,0.489,24.599,9,24.0,14,0.9,Europe/Moscow,C
-0.286,-0.257,0.157,0.321,-0.307,-0.286,-0.4,0.057,,,0.707,moscow,2026-08-01,UUWW,26.8,27.4,26.9,27.3,27.3,26.8,26.9,26.2,,,26.8,0.346,27.011,9,27.0,14,0.911,Europe/Moscow,C
-0.429,-0.343,0.036,0.243,-0.443,-0.429,-0.457,-0.107,,,0.586,moscow,2026-08-02,UUWW,30.0,29.8,29.2,30.7,29.1,30.0,28.9,29.2,,,30.0,0.554,29.842,9,30.0,14,0.794,Europe/Moscow,C
-0.379,-0.321,0.043,0.329,-0.464,-0.379,-0.457,-0.114,,,0.614,moscow,2026-08-03,UUWW,24.3,24.8,24.8,24.6,25.0,24.3,23.8,23.9,,,24.7,0.394,24.661,9,24.0,14,0.766,Europe/Moscow,C
-0.436,-0.35,0.057,0.271,-0.436,-0.436,-0.493,-0.171,,,0.579,moscow,2026-08-04,UUWW,24.7,25.3,25.0,25.4,25.6,24.7,24.2,25.0,,,24.9,0.399,25.17,9,25.0,14,0.745,Europe/Moscow,C
-0.379,-0.321,0.021,0.386,-0.314,-0.379,-0.464,-0.207,,,0.536,moscow,2026-08-05,UUWW,26.8,26.8,26.8,27.5,27.2,26.8,25.7,27.3,,,27.1,0.486,27.036,9,27.0,14,0.731,Europe/Moscow,C
-0.343,-0.243,0.079,0.464,-0.271,-0.343,-0.514,-0.136,,,0.536,moscow,2026-08-06,UUWW,29.8,30.1,29.6,30.5,30.2,29.8,28.8,30.5,,,30.2,0.499,30.039,9,30.0,14,0.701,Europe/Moscow,C
-0.257,-0.193,0.107,0.543,-0.207,-0.257,-0.45,-0.071,,,0.6,moscow,2026-08-07,UUWW,29.7,29.9,28.9,31.0,30.0,29.7,27.3,31.6,,,30.0,1.147,29.79,9,29.0,14,0.647,Europe/Moscow,C
-0.236,-0.157,0.05,0.664,-0.236,-0.236,-0.557,0.021,,,0.55,moscow,2026-08-08,UUWW,24.3,24.5,24.2,24.5,24.7,24.3,24.1,24.8,,,24.8,0.245,24.49,9,24.0,14,0.653,Europe/Moscow,C
-0.2,-0.014,0.071,0.679,-0.193,-0.2,-0.464,0.014,,,0.557,moscow,2026-08-09,UUWW,22.1,21.7,22.0,21.6,21.9,22.1,22.2,22.4,,,22.1,0.233,22.003,9,21.0,14,0.663,Europe/Moscow,C
0.036,0.193,0.143,0.764,0.143,0.036,-0.336,0.243,,,0.614,moscow,2026-08-10,UUWW,23.7,23.7,23.3,24.2,23.6,23.7,23.0,23.8,,,23.7,0.313,23.441,9,24.0,14,0.559,Europe/Moscow,C
0.107,0.214,0.171,0.793,0.157,0.107,-0.264,0.307,,,0.629,moscow,2026-08-11,UUWW,24.5,24.4,24.3,25.0,25.0,24.5,23.9,24.9,,,25.2,0.394,24.381,9,26.0,14,0.521,Europe/Moscow,C
-0.021,0.179,0.071,0.657,0.136,-0.021,-0.393,0.214,,,0.529,moscow,2026-08-12,UUWW,16.6,17.5,18.3,18.2,18.3,16.6,17.8,17.1,,,18.5,0.701,17.465,9,18.0,14,0.677,Europe/Moscow,C
-0.1,0.1,0.014,0.479,0.257,-0.1,-0.493,0.071,,,0.4,moscow,2026-08-13,UUWW,15.0,15.1,15.9,16.2,15.6,15.0,15.6,15.2,,,16.3,0.476,15.433,9,14.0,14,0.663,Europe/Moscow,C
-0.014,0.193,0.057,0.621,0.35,-0.014,-0.464,0.157,,,0.457,moscow,2026-08-14,UUWW,17.7,17.9,17.7,18.2,18.3,17.7,18.6,17.9,,,17.3,0.368,17.751,9,18.0,14,0.756,Europe/Moscow,C
-0.071,0.136,-0.007,0.564,0.343,-0.071,-0.443,0.2,,,0.329,moscow,2026-08-15,UUWW,19.7,19.6,19.4,20.2,19.2,19.7,20.4,19.6,,,19.6,0.351,19.574,9,20.0,14,0.742,Europe/Moscow,C
-0.079,0.079,-0.043,0.557,0.264,-0.079,-0.407,0.229,,,0.314,moscow,2026-08-16,UUWW,24.2,23.8,24.2,25.2,24.7,24.2,23.5,24.5,,,24.7,0.481,24.229,9,24.0,14,0.75,Europe/Moscow,C
-0.064,0.079,0.029,0.593,0.379,-0.064,-0.364,0.321,,,0.364,moscow,2026-08-17,UUWW,22.2,23.1,23.6,23.7,24.0,22.2,23.1,23.5,,,22.9,0.598,22.967,9,23.0,14,0.752,Europe/Moscow,C
-0.143,0.029,0.014,0.6,0.379,-0.143,-0.343,0.364,,,0.307,moscow,2026-08-18,UUWW,23.1,21.9,22.4,22.3,23.2,23.1,22.2,23.1,,,22.7,0.455,22.596,9,22.0,14,0.731,Europe/Moscow,C
-0.043,-0.0,0.043,0.593,0.421,-0.043,-0.271,0.443,,,0.364,moscow,2026-08-19,UUWW,18.6,18.7,19.1,20.5,19.2,18.6,21.2,19.6,,,19.7,0.846,19.163,9,18.0,14,0.746,Europe/Moscow,C
0.014,0.064,0.136,0.736,0.493,0.014,0.05,0.536,,,0.479,moscow,2026-08-20,UUWW,21.5,20.8,21.1,21.8,22.5,21.5,21.4,21.5,,,22.1,0.478,21.302,9,22.0,14,0.808,Europe/Moscow,C
-0.007,-0.029,0.1,0.686,0.514,-0.007,0.093,0.464,,,0.471,moscow,2026-08-21,UUWW,20.9,20.0,20.3,20.7,20.9,20.9,20.8,20.7,,,21.9,0.489,20.54,9,21.0,14,0.83,Europe/Moscow,C
-0.064,-0.164,0.057,0.521,0.436,-0.064,0.2,0.257,,,0.464,moscow,2026-08-22,UUWW,21.6,20.8,22.4,22.3,22.1,21.6,22.0,21.7,,,23.0,0.585,21.753,9,22.0,14,0.812,Europe/Moscow,C
-0.114,-0.286,0.071,0.507,0.393,-0.114,0.193,0.179,,,0.479,moscow,2026-08-23,UUWW,22.3,22.4,21.9,22.2,22.7,22.3,22.4,22.0,,,22.2,0.221,22.167,9,23.0,14,0.804,Europe/Moscow,C
-0.243,-0.379,-0.079,0.407,0.307,-0.243,0.064,0.007,,,0.343,moscow,2026-08-24,UUWW,18.7,19.0,18.9,19.7,18.0,18.7,19.2,19.6,,,19.8,0.546,19.003,9,20.0,14,0.79,Europe/Moscow,C
-0.314,-0.429,-0.107,0.371,0.193,-0.314,0.079,-0.007,,,0.35,moscow,2026-08-25,UUWW,16.3,15.9,17.5,17.2,16.2,16.3,17.2,17.1,,,17.1,0.542,16.757,9,17.0,14,0.82,Europe/Moscow,C
-0.257,-0.393,0.05,0.457,0.207,-0.257,0.243,0.079,,,0.414,moscow,2026-08-26,UUWW,16.1,16.4,17.8,16.4,17.1,16.1,16.3,17.7,,,18.0,0.733,16.829,9,16.0,14,0.7,Europe/Moscow,C
-0.15,-0.329,0.157,0.471,0.264,-0.15,0.279,0.264,,,0.521,moscow,2026-08-27,UUWW,16.7,15.6,16.6,17.4,18.0,16.7,17.2,17.2,,,17.8,0.681,16.837,9,16.0,14,0.72,Europe/Moscow,C
-0.171,-0.436,0.064,0.414,0.293,-0.171,0.25,0.264,,,0.486,moscow,2026-08-28,UUWW,20.1,20.4,20.4,20.7,20.4,20.1,19.7,19.6,,,20.4,0.34,20.158,9,20.0,14,0.649,Europe/Moscow,C
-0.143,-0.4,0.114,0.45,0.3,-0.143,0.186,0.243,,,0.564,moscow,2026-08-29,UUWW,20.2,20.8,21.0,21.6,19.8,20.2,18.8,20.9,,,21.4,0.822,20.427,9,21.0,14,0.647,Europe/Moscow,C
-0.179,-0.386,0.157,0.479,0.271,-0.179,-0.0,0.264,,,0.621,moscow,2026-08-30,UUWW,21.4,21.1,21.9,20.5,21.2,21.4,21.6,21.2,,,21.5,0.366,21.272,9,22.0,14,0.655,Europe/Moscow,C
-0.236,-0.436,0.136,0.286,0.164,-0.236,0.007,0.171,,,0.536,moscow,2026-08-31,UUWW,20.0,20.7,20.6,21.4,23.1,20.0,21.1,20.1,,,21.9,0.969,20.918,9,19.0,14,0.681,Europe/Moscow,C
-0.107,-0.321,0.207,0.407,0.386,-0.107,0.15,0.214,,,0.75,moscow,2026-09-01,UUWW,24.3,24.2,23.9,24.6,25.1,24.3,25.4,23.6,,,24.3,0.526,24.246,9,25.0,14,0.852,Europe/Moscow,C
-0.236,-0.371,0.1,0.357,0.307,-0.236,0.164,0.036,,,0.65,moscow,2026-09-02,UUWW,20.1,20.6,20.1,20.7,21.4,20.1,21.0,20.3,,,21.2,0.472,20.514,9,20.0,14,0.861,Europe/Moscow,C
-0.271,-0.379,0.029,0.229,0.321,-0.271,0.007,-0.057,,,0.614,moscow,2026-09-03,UUWW,18.8,18.2,19.2,19.3,19.8,18.8,19.8,18.8,,,19.3,0.489,19.075,9,18.0,14,0.815,Europe/Moscow,C
-0.179,-0.279,0.179,0.336,0.414,-0.179,0.179,0.036,,,0.7,moscow,2026-09-04,UUWW,20.2,21.0,20.7,21.3,20.9,20.2,21.4,20.7,,,21.2,0.414,20.677,9,21.0,14,0.843,Europe/Moscow,C
-0.229,-0.207,0.207,0.379,0.414,-0.229,0.221,0.036,,,0.65,moscow,2026-09-05,UUWW,17.9,17.5,18.9,17.8,18.1,17.9,18.4,17.3,,,18.6,0.486,17.961,9,18.0,14,0.839,Europe/Moscow,C
-0.207,-0.157,0.243,0.343,0.414,-0.207,0.25,0.007,,,0.621,moscow,2026-09-06,UUWW,14.9,14.7,13.8,14.9,15.2,14.9,15.8,14.7,,,16.2,0.647,14.823,9,16.0,14,0.836,Europe/Moscow,C
-0.236,-0.207,0.164,0.321,0.379,-0.236,0.279,-0.014,,,0.693,moscow,2026-09-07,UUWW,13.2,12.5,13.7,13.4,13.1,13.2,14.0,13.8,,,13.6,0.425,13.249,9,13.0,14,0.865,Europe/Moscow,C
-0.129,-0.171,0.293,0.371,0.529,-0.129,0.407,0.071,,,0.75,moscow,2026-09-08,UUWW,14.3,14.5,14.4,14.7,15.4,14.3,14.9,13.9,,,14.9,0.415,14.389,9,15.0,14,0.826,Europe/Moscow,C
-0.129,-0.129,0.214,0.336,0.614,-0.129,0.386,-0.014,,,0.736,moscow,2026-09-09,UUWW,21.0,21.3,20.8,21.0,20.7,21.0,20.1,19.7,,,20.0,0.52,20.528,9,21.0,14,0.839,Europe/Moscow,C
-0.136,-0.136,0.071,0.307,0.514,-0.136,0.3,-0.229,,,0.521,moscow,2026-09-10,UUWW,25.3,25.1,24.4,24.7,24.3,25.3,25.1,24.3,,,24.1,0.447,24.681,9,25.0,14,0.819,Europe/Moscow,C
-0.164,-0.1,-0.014,0.186,0.321,-0.164,0.221,-0.364,,,0.329,moscow,2026-09-11,UUWW,16.6,15.7,16.6,17.5,16.0,16.6,18.7,16.0,,,17.4,0.886,16.674,9,18.0,14,0.793,Europe/Moscow,C
-0.271,-0.293,-0.143,0.1,0.15,-0.271,0.293,-0.479,,,0.257,moscow,2026-09-12,UUWW,15.9,16.2,16.5,16.4,16.4,15.9,17.5,16.2,,,16.4,0.447,16.421,9,16.0,14,0.867,Europe/Moscow,C
-0.221,-0.264,-0.107,0.086,0.264,-0.221,0.557,-0.457,,,0.257,moscow,2026-09-13,UUWW,15.7,16.1,16.3,16.2,17.1,15.7,16.8,16.1,,,16.7,0.455,16.294,9,17.0,14,0.861,Europe/Moscow,C
-0.271,-0.264,-0.15,0.136,0.329,-0.271,0.571,-0.464,,,0.271,moscow,2026-09-14,UUWW,18.5,18.4,19.0,18.8,18.6,18.5,18.6,18.2,,,18.5,0.216,18.624,9,18.0,14,0.86,Europe/Moscow,C
-0.307,-0.357,-0.193,0.021,0.079,-0.307,0.464,-0.529,,,0.1,moscow,2026-09-15,UUWW,17.8,17.5,18.0,18.6,17.2,17.8,18.4,18.1,,,17.9,0.402,18.011,9,18.0,14,0.71,Europe/Moscow,C
-0.271,-0.336,-0.114,0.093,0.014,-0.271,0.464,-0.421,,,0.143,moscow,2026-09-16,UUWW,17.6,17.8,17.3,17.7,17.6,17.6,17.3,17.1,,,17.2,0.231,17.598,9,18.0,14,0.681,Europe/Moscow,C
-0.307,-0.393,-0.171,0.021,-0.114,-0.307,0.343,-0.507,,,-0.0,moscow,2026-09-17,UUWW,21.2,21.6,20.9,21.5,21.0,21.2,20.7,20.9,,,20.6,0.32,21.274,9,22.0,14,0.676,Europe/Moscow,C
-0.421,-0.436,-0.336,-0.107,-0.314,-0.421,0.121,-0.643,,,-0.193,moscow,2026-09-18,UUWW,15.9,15.5,16.4,17.2,17.3,15.9,15.2,16.3,,,16.3,0.661,16.526,9,16.0,14,0.642,Europe/Moscow,C
-0.371,-0.471,-0.286,-0.043,-0.214,-0.371,0.036,-0.6,,,-0.186,moscow,2026-09-19,UUWW,16.8,16.7,17.5,17.9,17.0,16.8,16.5,17.0,,,17.5,0.431,17.35,9,18.0,14,0.651,Europe/Moscow,C
-0.45,-0.529,-0.386,-0.036,-0.293,-0.45,-0.1,-0.621,,,-0.264,moscow,2026-09-20,UUWW,18.8,18.6,18.9,19.1,19.5,18.8,18.8,18.4,,,18.7,0.295,19.22,9,18.0,14,0.674,Europe/Moscow,C
-0.314,-0.393,-0.164,0.121,-0.129,-0.314,-0.029,-0.5,,,-0.229,moscow,2026-09-21,UUWW,20.4,21.2,21.6,21.0,21.3,20.4,21.5,20.4,,,21.1,0.451,21.208,9,21.0,14,0.679,Europe/Moscow,C
-0.371,-0.343,-0.171,0.093,-0.114,-0.371,-0.064,-0.6,,,-0.264,moscow,2026-09-22,UUWW,16.5,16.6,18.0,18.3,18.4,16.5,19.7,16.4,,,16.2,1.162,17.57,9,16.0,14,0.678,Europe/Moscow,C
-0.286,-0.264,0.014,0.279,0.029,-0.286,0.207,-0.493,,,-0.243,moscow,2026-09-23,UUWW,17.0,16.2,17.3,16.7,17.4,17.0,18.7,17.0,,,17.5,0.646,17.278,9,18.0,14,0.781,Europe/Moscow,C
-0.308,-0.908,0.352,0.852,-0.308,-0.288,-2.708,0.112,-0.308,0.152,0.152,austin,2026-06-30,KAUS,34.8,33.4,34.5,34.9,34.8,34.1,32.4,35.1,34.8,34.6,34.4,0.758,34.637,11,35.0,0,1.2,America/Chicago,F
-0.29,-1.023,0.21,0.693,-0.29,-0.39,-2.69,0.11,-0.29,0.06,0.027,austin,2026-07-01,KAUS,35.1,33.6,34.6,34.8,35.1,35.4,33.0,35.4,35.1,34.2,35.1,0.737,34.898,11,35.56,0,1.2,America/Chicago,F
-0.314,-1.157,0.043,0.486,-0.314,-0.357,-2.671,0.071,-0.314,-0.143,-0.043,austin,2026-07-02,KAUS,35.0,33.5,34.9,35.0,35.0,35.3,32.4,35.2,35.0,34.2,34.6,0.84,34.912,11,35.0,0,1.2,America/Chicago,F
-0.275,-1.2,0.025,0.425,-0.275,-0.275,-2.663,0.088,-0.275,-0.225,-0.087,austin,2026-07-03,KAUS,35.8,34.3,35.3,35.5,35.8,34.9,34.3,34.9,35.8,34.7,36.1,0.606,35.562,11,36.11,8,0.5,America/Chicago,F
-0.279,-1.268,-0.068,0.31,-0.279,-0.379,-2.568,-0.057,-0.279,-0.357,-0.079,austin,2026-07-04,KAUS,35.3,34.5,35.5,36.0,35.3,36.5,34.8,36.3,35.3,35.5,36.4,0.621,35.945,11,35.56,9,0.5,America/Chicago,F
-0.277,-1.247,-0.067,0.323,-0.277,-0.247,-2.387,0.023,-0.277,-0.327,0.013,austin,2026-07-05,KAUS,34.8,35.8,36.0,36.0,34.8,35.7,35.1,36.1,34.8,35.7,35.5,0.491,35.85,11,35.0,10,0.5,America/Chicago,F
-0.27,-1.061,0.03,0.385,-0.27,-0.161,-2.161,0.121,-0.27,-0.234,0.057,austin,2026-07-06,KAUS,35.4,34.9,35.7,35.2,35.4,36.0,33.3,37.7,35.4,34.9,36.1,1.007,35.673,11,36.67,11,0.5,America/Chicago,F
-0.353,-1.12,-0.053,0.23,-0.353,-0.203,-2.262,0.197,-0.353,-0.362,0.005,austin,2026-07-07,KAUS,35.9,35.3,34.8,35.9,35.9,35.4,33.0,33.5,35.9,34.5,36.4,1.035,35.543,11,36.11,12,0.512,America/Chicago,F
-0.342,-1.096,-0.15,0.196,-0.342,-0.242,-2.327,-0.019,-0.342,-0.458,0.027,austin,2026-07-08,KAUS,36.5,36.1,36.8,36.5,36.5,37.0,34.4,38.5,36.5,35.7,37.1,0.949,36.821,11,36.67,13,0.517,America/Chicago,F
-0.33,-1.059,-0.13,0.17,-0.33,-0.201,-2.323,0.113,-0.33,-0.494,0.056,austin,2026-07-09,KAUS,35.7,35.5,36.3,36.1,35.7,37.2,34.0,37.7,35.7,36.0,35.6,0.909,36.375,11,36.11,14,0.5,America/Chicago,F
-0.324,-1.067,-0.139,0.126,-0.324,-0.096,-2.274,0.254,-0.324,-0.524,-0.003,austin,2026-07-10,KAUS,34.2,33.3,33.9,35.3,34.2,34.5,32.4,36.2,34.2,33.4,34.8,0.974,34.47,11,34.44,14,0.5,America/Chicago,F
-0.331,-1.124,-0.217,0.076,-0.331,-0.103,-2.181,0.361,-0.331,-0.639,-0.01,austin,2026-07-11,KAUS,31.1,29.6,27.7,32.0,31.1,29.0,29.0,32.9,31.1,31.7,29.9,1.478,31.077,11,32.22,14,0.5,America/Chicago,F
-0.39,-1.24,-0.583,-0.019,-0.39,-0.326,-2.219,0.389,-0.39,-0.704,-0.19,austin,2026-07-12,KAUS,34.6,34.1,32.5,33.0,34.6,33.2,31.1,31.6,34.6,32.6,34.1,1.179,33.919,11,35.0,14,0.586,America/Chicago,F
-0.383,-1.24,-0.776,-0.24,-0.383,-0.447,-2.319,0.117,-0.383,-0.883,-0.254,austin,2026-07-13,KAUS,35.0,31.2,33.8,34.2,35.0,32.5,28.9,34.4,35.0,32.2,34.3,1.848,33.985,11,33.89,14,0.65,America/Chicago,F
-0.296,-1.303,-0.789,-0.21,-0.296,-0.474,-2.517,0.154,-0.296,-0.96,-0.21,austin,2026-07-14,KAUS,25.8,26.5,25.5,26.8,25.8,26.1,26.0,25.6,25.8,27.7,25.4,0.646,26.991,11,26.11,14,0.635,America/Chicago,F
-0.304,-1.161,-0.796,-0.154,-0.304,-0.411,-2.339,0.111,-0.304,-0.818,-0.218,austin,2026-07-15,KAUS,25.6,25.1,25.1,26.7,25.6,26.3,26.3,26.1,25.6,27.2,24.8,0.702,26.62,11,26.67,14,0.67,America/Chicago,F
-0.347,-1.133,-0.84,-0.097,-0.347,-0.426,-2.183,0.081,-0.347,-0.683,-0.319,austin,2026-07-16,KAUS,31.5,29.5,29.3,31.6,31.5,29.6,28.3,29.1,31.5,30.3,30.1,1.109,30.946,11,31.67,14,0.646,America/Chicago,F
-0.359,-1.181,-1.002,-0.102,-0.359,-0.595,-2.238,-0.116,-0.359,-0.724,-0.402,austin,2026-07-17,KAUS,34.3,32.2,31.9,34.2,34.3,34.2,30.7,32.8,34.3,32.7,33.8,1.181,33.885,11,34.44,14,0.674,America/Chicago,F
-0.347,-1.211,-1.126,-0.076,-0.347,-0.526,-2.376,-0.147,-0.347,-0.747,-0.447,austin,2026-07-18,KAUS,35.0,33.4,32.8,35.4,35.0,34.8,31.4,35.6,35.0,33.9,34.6,1.218,34.919,11,34.44,14,0.675,America/Chicago,F
-0.289,-1.21,-1.239,-0.039,-0.289,-0.567,-2.539,-0.117,-0.289,-0.781,-0.496,austin,2026-07-19,KAUS,34.9,34.4,33.4,35.1,34.9,34.4,32.1,36.4,34.9,34.3,35.4,1.055,35.216,11,35.0,14,0.679,America/Chicago,F
-0.281,-1.31,-1.424,-0.103,-0.281,-0.66,-2.753,-0.096,-0.281,-0.881,-0.503,austin,2026-07-20,KAUS,36.1,35.3,34.8,36.7,36.1,36.3,33.8,36.6,36.1,35.5,36.9,0.879,36.537,11,36.11,14,0.643,America/Chicago,F
-0.191,-1.241,-1.449,0.044,-0.191,-0.599,-2.677,-0.134,-0.191,-0.799,-0.406,austin,2026-07-21,KAUS,37.6,36.7,36.6,37.3,37.6,38.0,36.5,38.9,37.6,37.4,38.1,0.681,38.132,11,37.78,14,0.596,America/Chicago,F
-0.189,-1.261,-1.439,0.025,-0.189,-0.532,-2.546,0.132,-0.189,-0.711,-0.404,austin,2026-07-22,KAUS,39.3,39.1,38.6,39.5,39.3,39.9,39.0,41.0,39.3,39.1,39.4,0.59,39.953,11,39.44,14,0.584,America/Chicago,F
-0.187,-1.244,-1.509,0.041,-0.187,-0.523,-2.416,0.113,-0.187,-0.666,-0.437,austin,2026-07-23,KAUS,36.7,36.2,37.9,37.2,36.7,37.0,33.9,38.3,36.7,37.4,37.6,1.104,37.602,11,36.67,14,0.598,America/Chicago,F
-0.156,-1.234,-1.434,0.08,-0.156,-0.577,-2.463,0.116,-0.156,-0.606,-0.334,austin,2026-07-24,KAUS,35.2,34.3,34.5,35.2,35.2,35.4,32.1,36.3,35.2,35.0,35.0,0.997,35.512,11,35.0,14,0.644,America/Chicago,F
-0.124,-1.203,-1.431,0.033,-0.124,-0.553,-2.524,0.083,-0.124,-0.531,-0.36,austin,2026-07-25,KAUS,35.2,34.3,35.0,34.8,35.2,35.4,33.7,36.6,35.2,35.6,35.3,0.698,35.771,11,35.56,14,0.658,America/Chicago,F
-0.07,-1.106,-1.149,-0.006,-0.07,-0.334,-2.427,0.109,-0.07,-0.491,-0.213,austin,2026-07-26,KAUS,35.8,34.9,35.5,35.5,35.8,36.3,33.7,36.6,35.8,35.9,35.8,0.73,36.161,11,35.56,14,0.586,America/Chicago,F
-0.024,-1.089,-0.974,0.133,-0.024,-0.153,-2.281,0.426,-0.024,-0.296,-0.131,austin,2026-07-27,KAUS,36.0,35.5,35.7,35.5,36.0,36.8,35.5,37.4,36.0,36.6,35.9,0.583,36.505,11,36.67,14,0.535,America/Chicago,F
-0.151,-0.98,-1.037,0.027,-0.151,-0.044,-2.009,0.441,-0.151,-0.18,-0.216,austin,2026-07-28,KAUS,36.1,35.1,35.9,36.2,36.1,37.4,32.7,37.4,36.1,36.9,36.0,1.225,36.521,11,36.11,14,0.536,America/Chicago,F
-0.13,-1.08,-1.009,-0.016,-0.13,0.049,-2.244,0.57,-0.13,-0.237,-0.173,austin,2026-07-29,KAUS,36.0,34.9,35.5,36.2,36.0,36.8,34.1,36.5,36.0,36.5,36.2,0.747,36.354,11,36.67,14,0.5,America/Chicago,F
-0.101,-1.094,-0.98,-0.051,-0.101,0.084,-2.401,0.599,-0.101,-0.287,-0.073,austin,2026-07-30,KAUS,37.4,36.4,37.2,36.6,37.4,37.1,35.9,37.5,37.4,37.2,37.0,0.481,37.465,11,37.78,14,0.501,America/Chicago,F
-0.116,-1.038,-0.852,-0.131,-0.116,0.184,-2.295,0.762,-0.116,-0.231,-0.016,austin,2026-07-31,KAUS,36.9,35.2,36.9,36.5,36.9,37.7,36.2,36.9,36.9,37.5,37.1,0.636,37.234,11,37.78,14,0.5,America/Chicago,F
-0.169,-1.062,-0.734,-0.205,-0.169,0.195,-2.141,0.816,-0.169,-0.126,-0.019,austin,2026-08-01,KAUS,35.2,34.8,36.2,35.1,35.2,36.3,34.0,34.4,35.2,36.1,34.7,0.708,35.703,11,35.0,14,0.5,America/Chicago,F
-0.195,-1.002,-0.531,-0.266,-0.195,0.262,-1.995,0.691,-0.195,-0.009,-0.052,austin,2026-08-02,KAUS,37.1,35.7,35.4,37.1,37.1,38.7,36.1,35.5,37.1,36.2,37.3,0.94,36.867,11,37.78,14,0.5,America/Chicago,F
-0.236,-1.108,-0.586,-0.322,-0.236,0.371,-1.908,0.428,-0.236,-0.072,-0.115,austin,2026-08-03,KAUS,37.9,36.6,36.5,38.0,37.9,38.5,37.1,39.4,37.9,37.2,37.7,0.798,37.887,11,38.89,14,0.543,America/Chicago,F
-0.306,-1.214,-0.664,-0.428,-0.306,0.329,-1.871,0.429,-0.306,-0.149,-0.256,austin,2026-08-04,KAUS,37.4,35.1,35.5,37.2,37.4,37.6,35.3,39.1,37.4,36.9,36.7,1.127,37.241,11,38.33,14,0.595,America/Chicago,F
-0.36,-1.367,-0.781,-0.474,-0.36,0.261,-1.996,0.404,-0.36,-0.224,-0.396,austin,2026-08-05,KAUS,36.9,36.3,36.0,36.9,36.9,37.4,35.4,37.8,36.9,36.5,36.6,0.622,37.124,11,37.22,14,0.655,America/Chicago,F
-0.373,-1.409,-0.809,-0.501,-0.373,0.241,-2.094,0.334,-0.373,-0.251,-0.437,austin,2026-08-06,KAUS,37.4,35.2,36.3,36.7,37.4,37.5,35.7,38.3,37.4,36.3,36.5,0.863,37.229,11,37.78,14,0.641,America/Chicago,F
-0.402,-1.559,-1.002,-0.616,-0.402,0.198,-2.045,0.255,-0.402,-0.409,-0.595,austin,2026-08-07,KAUS,37.2,35.6,36.5,36.5,37.2,37.4,34.5,36.8,37.2,36.1,36.7,0.819,37.12,11,37.22,14,0.609,America/Chicago,F
-0.418,-1.625,-1.018,-0.682,-0.418,0.182,-2.032,0.132,-0.418,-0.489,-0.632,austin,2026-08-08,KAUS,35.9,35.5,36.2,36.2,35.9,37.3,35.3,37.6,35.9,36.5,36.2,0.662,36.854,11,36.67,14,0.594,America/Chicago,F
-0.447,-1.619,-1.011,-0.661,-0.447,0.239,-1.997,0.124,-0.447,-0.504,-0.647,austin,2026-08-09,KAUS,36.2,35.2,36.3,36.2,36.2,36.4,34.2,38.1,36.2,35.9,36.4,0.89,36.716,11,37.22,14,0.593,America/Chicago,F
-0.537,-1.716,-1.073,-0.73,-0.537,0.127,-2.08,0.113,-0.537,-0.623,-0.723,austin,2026-08-10,KAUS,35.0,34.2,35.7,36.3,35.0,36.2,33.9,38.1,35.0,35.2,35.0,1.095,36.03,11,36.11,14,0.587,America/Chicago,F
-0.569,-1.769,-1.033,-0.633,-0.569,0.124,-2.154,0.203,-0.569,-0.683,-0.747,austin,2026-08-11,KAUS,36.9,36.6,36.7,37.1,36.9,38.2,34.5,38.9,36.9,37.0,37.3,1.03,37.731,11,37.78,14,0.586,America/Chicago,F
-0.631,-1.781,-1.095,-0.688,-0.631,0.062,-2.145,0.191,-0.631,-0.795,-0.774,austin,2026-08-12,KAUS,37.3,37.0,37.0,37.7,37.3,38.7,35.7,39.0,37.3,38.2,38.0,0.868,38.428,11,38.33,14,0.575,America/Chicago,F
-0.656,-1.749,-1.106,-0.699,-0.656,0.079,-2.149,0.251,-0.656,-0.792,-0.764,austin,2026-08-13,KAUS,37.8,37.2,37.8,38.2,37.8,39.1,35.5,39.6,37.8,38.5,38.4,1.012,38.841,11,38.89,14,0.57,America/Chicago,F
-0.707,-1.771,-1.143,-0.664,-0.707,0.143,-2.257,0.321,-0.707,-0.779,-0.743,austin,2026-08-14,KAUS,36.0,34.0,36.0,35.8,36.0,36.4,32.6,35.2,36.0,35.2,35.2,1.063,36.215,11,36.11,14,0.564,America/Chicago,F
-0.652,-1.738,-1.088,-0.595,-0.652,0.169,-2.395,0.319,-0.652,-0.824,-0.759,austin,2026-08-15,KAUS,38.1,37.3,37.1,37.4,38.1,38.9,36.4,38.2,38.1,37.6,38.3,0.659,38.582,11,38.89,14,0.545,America/Chicago,F
-0.723,-1.837,-1.301,-0.709,-0.723,0.077,-2.501,0.313,-0.723,-0.994,-0.78,austin,2026-08-16,KAUS,37.8,37.2,37.6,37.0,37.8,39.1,36.7,38.2,37.8,38.0,38.0,0.614,38.718,11,38.89,14,0.518,America/Chicago,F
-0.752,-1.809,-1.224,-0.795,-0.752,0.026,-2.538,0.426,-0.752,-0.945,-0.809,austin,2026-08-17,KAUS,38.8,38.4,38.8,38.2,38.8,40.0,36.8,40.2,38.8,39.1,38.5,0.857,39.748,11,39.44,14,0.5,America/Chicago,F
-0.727,-1.72,-1.099,-0.82,-0.727,0.094,-2.599,0.444,-0.727,-0.849,-0.791,austin,2026-08-18,KAUS,37.2,37.4,37.3,37.5,37.2,38.9,36.4,39.1,37.2,38.3,37.5,0.768,38.55,11,38.33,14,0.5,America/Chicago,F
-0.741,-1.556,-0.97,-0.799,-0.741,0.187,-2.52,0.444,-0.741,-0.749,-0.734,austin,2026-08-19,KAUS,38.1,37.6,38.2,38.0,38.1,39.5,37.0,38.7,38.1,38.9,37.8,0.636,39.099,11,38.89,14,0.5,America/Chicago,F
-0.775,-1.582,-0.932,-0.839,-0.775,0.218,-2.525,0.389,-0.775,-0.696,-0.768,austin,2026-08-20,KAUS,38.8,38.5,38.9,38.8,38.8,39.8,37.4,39.5,38.8,39.3,38.8,0.585,39.735,11,39.44,14,0.5,America/Chicago,F
-0.794,-1.465,-0.865,-0.808,-0.794,0.264,-2.522,0.356,-0.794,-0.601,-0.722,austin,2026-08-21,KAUS,39.1,39.1,39.3,39.0,39.1,40.3,37.6,40.0,39.1,39.7,39.4,0.658,40.086,11,40.0,14,0.5,America/Chicago,F
-0.856,-1.414,-0.864,-0.828,-0.856,0.272,-2.499,0.386,-0.856,-0.542,-0.728,austin,2026-08-22,KAUS,40.3,39.9,40.6,40.0,40.3,41.5,38.5,41.5,40.3,40.5,40.0,0.774,41.122,11,40.56,14,0.5,America/Chicago,F
-0.82,-1.377,-0.827,-0.834,-0.82,0.294,-2.549,0.387,-0.82,-0.534,-0.734,austin,2026-08-23,KAUS,39.4,39.8,40.3,39.6,39.4,40.7,37.9,41.2,39.4,40.6,40.2,0.848,40.705,11,40.0,14,0.5,America/Chicago,F
-0.79,-1.247,-0.74,-0.79,-0.79,0.403,-2.483,0.41,-0.79,-0.397,-0.661,austin,2026-08-24,KAUS,39.0,39.1,39.3,38.6,39.0,39.5,37.3,40.3,39.0,40.1,39.2,0.748,39.962,11,40.0,14,0.5,America/Chicago,F
-0.782,-1.175,-0.761,-0.904,-0.782,0.361,-2.518,0.289,-0.782,-0.325,-0.639,austin,2026-08-25,KAUS,38.0,37.1,38.6,38.1,38.0,38.9,36.8,39.7,38.0,39.2,38.6,0.815,39.048,11,38.89,14,0.5,America/Chicago,F
-0.783,-1.219,-0.704,-0.911,-0.783,0.331,-2.433,0.267,-0.783,-0.247,-0.626,austin,2026-08-26,KAUS,38.4,39.1,39.6,39.1,38.4,39.9,36.9,39.8,38.4,39.7,39.5,0.856,39.711,11,38.89,14,0.5,America/Chicago,F
-0.744,-1.109,-0.559,-0.851,-0.744,0.377,-2.387,0.284,-0.744,-0.18,-0.559,austin,2026-08-27,KAUS,38.8,38.0,38.5,39.9,38.8,40.0,37.6,40.5,38.8,38.9,38.5,0.832,39.457,11,39.44,14,0.5,America/Chicago,F
-0.712,-1.091,-0.548,-0.769,-0.712,0.402,-2.276,0.309,-0.712,-0.191,-0.591,austin,2026-08-28,KAUS,37.8,34.8,33.5,37.0,37.8,36.2,34.7,31.5,37.8,35.9,36.2,1.9,36.524,11,38.33,14,0.5,America/Chicago,F
-0.742,-1.192,-0.885,-0.842,-0.742,0.229,-2.285,-0.114,-0.742,-0.299,-0.678,austin,2026-08-29,KAUS,36.6,35.9,35.7,36.6,36.6,37.4,35.1,35.7,36.6,36.7,35.7,0.63,37.029,11,37.22,14,0.608,America/Chicago,F
-0.73,-1.173,-0.866,-0.78,-0.73,0.241,-2.259,-0.173,-0.73,-0.244,-0.744,austin,2026-08-30,KAUS,37.0,35.5,36.3,36.3,37.0,37.5,34.8,38.2,37.0,37.0,35.3,0.967,37.307,11,37.22,14,0.605,America/Chicago,F
-0.668,-1.175,-0.839,-0.711,-0.668,0.246,-2.275,-0.054,-0.668,-0.196,-0.818,austin,2026-08-31,KAUS,36.7,35.4,36.1,36.3,36.7,37.2,35.4,38.7,36.7,37.1,36.2,0.875,37.267,11,37.22,14,0.604,America/Chicago,F
-0.659,-1.231,-0.874,-0.688,-0.659,0.205,-2.216,-0.002,-0.659,-0.181,-0.824,austin,2026-09-01,KAUS,37.3,35.7,36.7,36.8,37.3,36.8,34.2,38.5,37.3,36.7,37.3,1.039,37.428,11,37.78,14,0.598,America/Chicago,F
-0.613,-1.313,-0.877,-0.699,-0.613,0.094,-2.334,-0.006,-0.613,-0.256,-0.799,austin,2026-09-02,KAUS,37.8,37.4,38.5,37.8,37.8,38.0,33.7,39.0,37.8,37.7,37.7,1.291,38.301,11,37.78,14,0.603,America/Chicago,F
-0.555,-1.248,-0.776,-0.634,-0.555,0.066,-2.491,0.095,-0.555,-0.262,-0.726,austin,2026-09-03,KAUS,37.3,33.5,35.4,37.7,37.3,35.2,30.6,35.0,37.3,36.6,36.6,2.022,36.607,11,37.22,14,0.616,America/Chicago,F
-0.504,-1.446,-0.868,-0.554,-0.504,-0.104,-2.818,-0.068,-0.504,-0.296,-0.725,austin,2026-09-04,KAUS,34.1,32.6,32.3,34.0,34.1,32.2,29.2,33.1,34.1,33.5,34.7,1.46,33.915,11,35.0,14,0.632,America/Chicago,F
-0.504,-1.554,-1.011,-0.554,-0.504,-0.325,-3.061,-0.204,-0.504,-0.382,-0.704,austin,2026-09-05,KAUS,36.3,35.7,35.9,36.4,36.3,35.6,31.9,38.6,36.3,36.2,35.8,1.485,36.738,11,37.78,14,0.695,America/Chicago,F
-0.591,-1.655,-1.148,-0.612,-0.591,-0.548,-3.334,-0.212,-0.591,-0.491,-0.805,austin,2026-09-06,KAUS,34.2,33.2,35.2,35.6,34.2,35.6,31.4,36.0,34.2,35.0,33.8,1.256,35.33,11,35.56,14,0.734,America/Chicago,F
-0.645,-1.809,-1.195,-0.581,-0.645,-0.595,-3.481,-0.266,-0.645,-0.574,-0.945,austin,2026-09-07,KAUS,36.8,35.7,36.0,36.5,36.8,36.7,32.9,38.1,36.8,36.4,35.8,1.221,37.239,11,38.33,14,0.712,America/Chicago,F
-0.683,-1.933,-1.311,-0.611,-0.683,-0.676,-3.676,-0.304,-0.683,-0.719,-1.069,austin,2026-09-08,KAUS,37.3,36.4,37.8,37.4,37.3,37.5,32.7,39.2,37.3,37.2,37.1,1.509,38.122,11,37.78,14,0.769,America/Chicago,F
-0.654,-1.904,-1.289,-0.582,-0.654,-0.696,-3.889,-0.261,-0.654,-0.782,-1.096,austin,2026-09-09,KAUS,35.8,34.9,34.9,36.3,35.8,35.7,32.2,36.6,35.8,35.7,36.4,1.152,36.55,11,37.22,14,0.773,America/Chicago,F
-0.72,-2.084,-1.506,-0.663,-0.72,-0.877,-4.106,-0.37,-0.72,-0.949,-1.199,austin,2026-09-10,KAUS,37.2,34.2,36.3,36.4,37.2,36.3,32.7,38.6,37.2,35.7,36.5,1.52,37.367,11,37.78,14,0.763,America/Chicago,F
-0.716,-2.237,-1.544,-0.794,-0.716,-1.023,-4.337,-0.387,-0.716,-1.059,-1.223,austin,2026-09-11,KAUS,38.6,36.8,36.8,37.9,38.6,37.8,33.9,37.6,38.6,36.5,37.1,1.297,38.545,11,38.89,14,0.771,America/Chicago,F
-0.699,-2.134,-1.349,-0.77,-0.699,-0.949,-4.434,0.009,-0.699,-1.056,-1.199,austin,2026-09-12,KAUS,37.5,36.7,35.0,37.1,37.5,36.4,31.2,38.6,37.5,37.5,37.0,1.892,37.972,11,37.78,14,0.608,America/Chicago,F
-0.674,-2.117,-1.439,-0.774,-0.674,-1.06,-4.753,0.176,-0.674,-1.039,-1.146,austin,2026-09-13,KAUS,37.5,36.0,37.3,36.8,37.5,36.2,30.9,38.4,37.5,36.7,36.5,1.885,37.862,11,37.78,14,0.608,America/Chicago,F
-0.679,-2.121,-1.407,-0.779,-0.679,-1.193,-5.071,0.15,-0.679,-1.1,-1.1,austin,2026-09-14,KAUS,37.8,35.9,36.7,37.0,37.8,35.7,31.3,38.9,37.8,36.8,37.1,1.894,38.012,11,38.33,14,0.608,America/Chicago,F
-0.679,-2.165,-1.444,-0.808,-0.679,-1.379,-5.444,0.085,-0.679,-1.201,-1.115,austin,2026-09-15,KAUS,38.3,37.3,38.5,37.7,38.3,38.0,32.5,39.2,38.3,38.2,37.7,1.691,39.149,11,38.89,14,0.614,America/Chicago,F
-0.687,-2.13,-1.394,-0.823,-0.687,-1.373,-5.644,0.056,-0.687,-1.173,-1.166,austin,2026-09-16,KAUS,36.5,35.5,35.6,36.5,36.5,36.0,32.7,38.1,36.5,37.0,36.0,1.266,37.559,11,37.22,14,0.611,America/Chicago,F
-0.74,-2.226,-1.561,-0.876,-0.74,-1.476,-5.676,0.031,-0.74,-1.183,-1.247,austin,2026-09-17,KAUS,35.8,33.3,35.8,34.9,35.8,34.3,31.1,36.5,35.8,35.5,35.5,1.473,36.491,11,35.56,14,0.601,America/Chicago,F
-0.729,-2.121,-1.414,-0.957,-0.729,-1.421,-5.521,0.257,-0.729,-1.143,-1.207,austin,2026-09-18,KAUS,35.2,33.9,35.7,35.6,35.2,35.0,31.8,36.7,35.2,36.1,35.3,1.227,36.551,11,36.11,14,0.63,America/Chicago,F
-0.729,-2.108,-1.251,-0.922,-0.729,-1.301,-5.415,0.435,-0.729,-1.036,-1.244,austin,2026-09-19,KAUS,35.2,34.9,34.5,35.3,35.2,35.2,32.8,36.4,35.2,36.2,35.0,0.888,36.501,11,36.11,14,0.571,America/Chicago,F
-0.689,-2.046,-1.231,-0.881,-0.689,-1.21,-5.231,0.397,-0.689,-0.917,-1.181,austin,2026-09-20,KAUS,36.0,35.3,35.9,36.0,36.0,36.7,33.6,37.7,36.0,36.5,35.8,0.949,37.211,11,35.56,14,0.51,America/Chicago,F
-0.56,-1.896,-1.181,-0.853,-0.56,-1.131,-5.074,0.519,-0.56,-0.81,-1.039,austin,2026-09-21,KAUS,37.3,34.8,37.4,36.5,37.3,37.3,33.9,32.9,37.3,36.3,36.3,1.491,37.404,11,37.22,14,0.671,America/Chicago,F
-0.445,-1.881,-1.002,-0.774,-0.445,-1.009,-4.924,0.226,-0.445,-0.738,-0.924,austin,2026-09-22,KAUS,36.8,35.8,36.9,36.5,36.8,37.5,33.0,37.6,36.8,37.0,36.6,1.192,37.603,11,37.22,14,0.607,America/Chicago,F
-3.78,-0.46,-0.14,0.64,-4.4,1.52,-3.78,-2.62,,,-2.94,seoul,2026-07-01,RKSI,25.0,27.4,29.2,29.2,24.1,29.2,25.0,26.1,,,24.8,1.993,28.473,9,30.0,0,1.2,Asia/Seoul,C
-3.983,-0.817,-0.25,0.4,-4.65,1.133,-3.983,-2.833,,,-3.317,seoul,2026-07-02,RKSI,23.4,26.5,26.4,26.0,22.5,27.4,23.4,25.3,,,23.9,1.621,27.029,9,28.0,0,1.2,Asia/Seoul,C
-4.071,-0.914,-0.443,0.057,-4.771,0.886,-4.071,-2.814,,,-3.429,seoul,2026-07-03,RKSI,23.3,25.7,26.5,26.2,22.2,27.1,23.3,24.6,,,24.0,1.594,26.956,9,28.0,0,1.2,Asia/Seoul,C
-4.15,-1.088,-0.575,-0.175,-4.9,0.663,-4.15,-2.887,,,-3.5,seoul,2026-07-04,RKSI,23.6,25.5,27.2,26.7,22.3,27.4,23.6,24.8,,,23.9,1.706,27.326,9,28.0,8,1.68,Asia/Seoul,C
-4.178,-1.244,-0.6,-0.3,-4.989,0.522,-4.178,-2.922,,,-3.567,seoul,2026-07-05,RKSI,24.7,26.1,27.3,26.0,22.7,27.3,24.7,24.2,,,24.5,1.432,27.759,9,27.0,9,1.599,Asia/Seoul,C
-3.99,-1.21,-0.51,-0.37,-4.92,0.5,-3.99,-2.91,,,-3.46,seoul,2026-07-06,RKSI,24.5,25.2,24.7,24.8,22.9,25.6,24.5,24.7,,,24.8,0.696,26.97,9,27.0,10,1.536,Asia/Seoul,C
-3.855,-1.264,-0.673,-0.536,-4.845,0.327,-3.855,-2.855,,,-3.345,seoul,2026-07-07,RKSI,24.8,27.0,27.0,26.7,24.2,29.0,24.8,27.3,,,25.5,1.452,28.539,9,29.0,11,1.465,Asia/Seoul,C
-3.883,-1.325,-0.783,-0.683,-4.842,0.3,-3.883,-2.758,,,-3.358,seoul,2026-07-08,RKSI,25.5,26.5,26.0,25.6,23.8,27.7,25.5,26.7,,,25.7,1.006,28.251,9,28.0,12,1.409,Asia/Seoul,C
-3.777,-1.338,-0.877,-0.815,-4.792,0.254,-3.777,-2.646,,,-3.277,seoul,2026-07-09,RKSI,24.9,24.6,24.4,24.9,22.6,25.7,24.9,25.0,,,24.7,0.794,26.975,9,27.0,13,1.355,Asia/Seoul,C
-3.657,-1.414,-1.0,-0.907,-4.764,0.143,-3.657,-2.6,,,-3.207,seoul,2026-07-10,RKSI,25.2,25.7,25.0,25.7,23.4,27.0,25.2,25.6,,,24.9,0.893,27.639,9,27.0,14,1.306,Asia/Seoul,C
-3.586,-1.507,-1.129,-1.157,-4.75,-0.079,-3.586,-2.55,,,-3.193,seoul,2026-07-11,RKSI,27.1,28.6,29.4,29.2,25.7,31.2,27.1,29.7,,,26.3,1.703,30.614,9,32.0,14,1.286,Asia/Seoul,C
-3.6,-1.679,-1.336,-1.314,-4.829,-0.257,-3.6,-2.479,,,-3.286,seoul,2026-07-12,RKSI,29.0,31.1,32.2,31.9,27.3,33.4,29.0,31.4,,,27.7,2.021,32.813,9,34.0,14,1.168,Asia/Seoul,C
-3.693,-1.793,-1.364,-1.486,-4.957,-0.35,-3.693,-2.443,,,-3.5,seoul,2026-07-13,RKSI,28.1,29.8,30.3,30.7,26.2,31.6,28.1,29.7,,,27.7,1.615,31.697,9,32.0,14,1.036,Asia/Seoul,C
-3.707,-1.986,-1.521,-1.686,-5.121,-0.436,-3.707,-2.436,,,-3.664,seoul,2026-07-14,RKSI,27.9,28.7,30.2,30.1,25.4,31.2,27.9,28.8,,,27.4,1.642,31.316,9,32.0,14,0.97,Asia/Seoul,C
-3.714,-2.186,-1.657,-1.807,-5.264,-0.586,-3.714,-2.507,,,-3.8,seoul,2026-07-15,RKSI,25.3,26.2,25.8,26.0,23.8,26.6,25.3,25.1,,,24.9,0.782,28.289,9,28.0,14,0.844,Asia/Seoul,C
-3.55,-2.129,-1.757,-1.893,-5.143,-0.629,-3.55,-2.436,,,-3.65,seoul,2026-07-16,RKSI,25.2,27.0,27.0,27.4,24.6,28.7,25.2,26.0,,,25.1,1.281,28.994,9,28.0,14,0.743,Asia/Seoul,C
-3.421,-2.093,-1.714,-1.793,-4.993,-0.536,-3.421,-2.386,,,-3.564,seoul,2026-07-17,RKSI,26.3,29.2,29.6,28.8,26.2,30.7,26.3,28.3,,,25.3,1.768,30.544,9,31.0,14,0.745,Asia/Seoul,C
-3.421,-2.057,-1.707,-1.821,-4.921,-0.493,-3.421,-2.336,,,-3.686,seoul,2026-07-18,RKSI,25.5,26.4,26.6,25.9,23.9,26.4,25.5,26.7,,,25.4,0.825,28.479,9,26.0,14,0.701,Asia/Seoul,C
-3.143,-1.85,-1.607,-1.736,-4.664,-0.421,-3.143,-2.057,,,-3.436,seoul,2026-07-19,RKSI,24.2,25.6,25.5,25.8,24.0,26.4,24.2,24.9,,,24.6,0.793,27.472,9,27.0,14,0.948,Asia/Seoul,C
-3.179,-1.886,-1.736,-1.75,-4.571,-0.486,-3.179,-2.007,,,-3.429,seoul,2026-07-20,RKSI,25.7,25.7,26.1,25.0,23.8,25.1,25.7,25.5,,,25.7,0.638,27.902,9,27.0,14,0.934,Asia/Seoul,C
-3.093,-1.85,-1.636,-1.736,-4.507,-0.521,-3.093,-1.95,,,-3.364,seoul,2026-07-21,RKSI,25.6,25.7,25.3,25.4,24.2,25.9,25.6,25.8,,,25.5,0.474,27.878,9,27.0,14,0.965,Asia/Seoul,C
-2.893,-1.8,-1.614,-1.686,-4.364,-0.6,-2.893,-1.914,,,-3.221,seoul,2026-07-22,RKSI,25.9,27.1,25.7,27.5,25.1,27.5,25.9,25.9,,,25.3,0.865,28.533,9,27.0,14,0.985,Asia/Seoul,C
-2.793,-1.686,-1.564,-1.479,-4.2,-0.543,-2.793,-1.9,,,-3.179,seoul,2026-07-23,RKSI,26.3,27.1,27.2,26.3,24.4,26.6,26.3,26.3,,,25.8,0.773,28.556,9,29.0,14,1.065,Asia/Seoul,C
-2.836,-1.65,-1.507,-1.521,-4.214,-0.621,-2.836,-1.95,,,-3.243,seoul,2026-07-24,RKSI,27.2,28.3,28.4,27.8,25.3,29.5,27.2,28.3,,,26.6,1.149,29.897,9,30.0,14,1.072,Asia/Seoul,C
-2.907,-1.679,-1.479,-1.586,-4.293,-0.657,-2.907,-1.971,,,-3.336,seoul,2026-07-25,RKSI,27.0,28.0,28.0,27.7,25.3,28.6,27.0,27.9,,,26.5,0.943,29.653,9,30.0,14,1.058,Asia/Seoul,C
-2.771,-1.579,-1.436,-1.55,-4.179,-0.7,-2.771,-1.957,,,-3.179,seoul,2026-07-26,RKSI,27.1,28.8,28.2,28.9,26.5,30.2,27.1,28.5,,,27.1,1.118,30.238,9,31.0,14,0.996,Asia/Seoul,C
-2.693,-1.529,-1.507,-1.55,-4.021,-0.714,-2.693,-1.95,,,-3.007,seoul,2026-07-27,RKSI,26.9,27.9,27.4,27.7,25.8,29.4,26.9,28.2,,,27.1,0.947,29.623,9,31.0,14,0.966,Asia/Seoul,C
-2.707,-1.593,-1.643,-1.693,-3.979,-0.8,-2.707,-1.986,,,-2.979,seoul,2026-07-28,RKSI,26.5,28.7,28.6,28.7,26.2,29.7,26.5,27.4,,,26.9,1.186,29.912,9,30.0,14,1.03,Asia/Seoul,C
-2.664,-1.45,-1.614,-1.65,-3.779,-0.764,-2.664,-1.943,,,-2.871,seoul,2026-07-29,RKSI,26.7,28.9,28.7,28.7,25.9,29.3,26.7,27.3,,,26.7,1.173,29.822,9,30.0,14,1.014,Asia/Seoul,C
-2.707,-1.4,-1.55,-1.6,-3.771,-0.714,-2.707,-1.929,,,-2.886,seoul,2026-07-30,RKSI,27.0,29.0,28.8,28.4,26.3,29.3,27.0,28.0,,,25.7,1.201,29.898,9,30.0,14,1.012,Asia/Seoul,C
-2.721,-1.4,-1.564,-1.671,-3.793,-0.814,-2.721,-1.929,,,-2.986,seoul,2026-07-31,RKSI,27.5,29.8,29.5,29.5,26.9,30.4,27.5,28.8,,,26.2,1.383,30.645,9,31.0,14,0.977,Asia/Seoul,C
-2.636,-1.357,-1.571,-1.621,-3.743,-0.836,-2.636,-1.893,,,-2.921,seoul,2026-08-01,RKSI,28.4,30.5,30.3,30.4,26.9,31.2,28.4,29.3,,,26.8,1.514,31.287,9,32.0,14,0.974,Asia/Seoul,C
-2.857,-1.493,-1.736,-1.729,-3.957,-0.921,-2.857,-2.136,,,-3.25,seoul,2026-08-02,RKSI,27.9,30.9,30.8,30.3,27.6,32.1,27.9,29.6,,,27.2,1.664,31.699,9,33.0,14,0.739,Asia/Seoul,C
-3.021,-1.543,-1.786,-1.836,-4.129,-0.943,-3.021,-2.229,,,-3.493,seoul,2026-08-03,RKSI,28.1,32.6,32.5,32.0,27.6,34.0,28.1,30.4,,,28.1,2.321,32.807,9,33.0,14,0.807,Asia/Seoul,C
-3.279,-1.479,-1.757,-1.764,-4.286,-0.736,-3.279,-2.307,,,-3.75,seoul,2026-08-04,RKSI,29.4,33.1,33.5,33.3,28.4,35.3,29.4,31.8,,,28.8,2.358,33.932,9,34.0,14,0.772,Asia/Seoul,C
-3.507,-1.45,-1.671,-1.7,-4.486,-0.564,-3.507,-2.379,,,-4.014,seoul,2026-08-05,RKSI,29.6,33.2,33.1,32.8,28.5,34.0,29.6,30.5,,,28.8,2.017,33.743,9,34.0,14,0.736,Asia/Seoul,C
-3.743,-1.514,-1.643,-1.821,-4.743,-0.6,-3.743,-2.55,,,-4.264,seoul,2026-08-06,RKSI,29.7,34.0,33.7,33.5,28.7,35.3,29.7,30.5,,,29.0,2.382,34.334,9,35.0,14,0.615,Asia/Seoul,C
-3.929,-1.45,-1.607,-1.736,-4.864,-0.407,-3.929,-2.679,,,-4.464,seoul,2026-08-07,RKSI,30.1,34.1,35.0,33.8,29.3,35.4,30.1,31.6,,,29.2,2.373,34.894,9,35.0,14,0.629,Asia/Seoul,C
-4.079,-1.393,-1.493,-1.664,-4.936,-0.343,-4.079,-2.8,,,-4.636,seoul,2026-08-08,RKSI,32.2,32.6,32.4,33.8,29.1,33.5,32.2,31.9,,,30.9,1.32,34.874,9,36.0,14,0.629,Asia/Seoul,C
-4.136,-1.493,-1.607,-1.657,-5.093,-0.421,-4.136,-2.943,,,-4.75,seoul,2026-08-09,RKSI,30.6,31.9,32.4,32.5,28.5,32.8,30.6,30.7,,,29.8,1.345,34.018,9,33.0,14,0.691,Asia/Seoul,C
-4.029,-1.414,-1.45,-1.543,-5.093,-0.379,-4.029,-2.929,,,-4.7,seoul,2026-08-10,RKSI,30.3,31.3,32.9,31.9,28.0,33.0,30.3,30.3,,,28.0,1.731,33.569,9,33.0,14,0.714,Asia/Seoul,C
-3.929,-1.314,-1.2,-1.386,-5.079,-0.264,-3.929,-2.921,,,-4.779,seoul,2026-08-11,RKSI,29.3,31.4,32.2,31.0,27.4,32.3,29.3,29.3,,,28.0,1.677,32.838,9,31.0,14,0.631,Asia/Seoul,C
-3.8,-1.193,-1.014,-1.293,-5.064,-0.15,-3.8,-2.857,,,-4.771,seoul,2026-08-12,RKSI,29.2,30.5,32.5,31.6,27.7,31.5,29.2,29.6,,,28.8,1.47,32.736,9,32.0,14,0.799,Asia/Seoul,C
-3.764,-1.221,-0.886,-1.229,-5.079,-0.136,-3.764,-2.836,,,-4.764,seoul,2026-08-13,RKSI,28.4,29.8,30.1,29.4,27.7,30.3,28.4,29.2,,,28.3,0.856,31.692,9,31.0,14,0.821,Asia/Seoul,C
-3.736,-1.236,-0.864,-1.229,-5.05,-0.136,-3.736,-2.821,,,-4.65,seoul,2026-08-14,RKSI,27.6,28.8,29.6,30.1,27.2,30.2,27.6,28.1,,,27.6,1.107,31.1,9,30.0,14,0.842,Asia/Seoul,C
-3.657,-1.236,-0.786,-1.114,-4.957,-0.079,-3.657,-2.8,,,-4.479,seoul,2026-08-15,RKSI,27.0,27.4,27.6,26.9,26.1,27.0,27.0,27.4,,,27.1,0.406,29.587,9,28.0,14,0.886,Asia/Seoul,C
-3.471,-1.171,-0.693,-1.079,-4.729,-0.093,-3.471,-2.65,,,-4.171,seoul,2026-08-16,RKSI,27.1,27.2,27.4,25.9,26.5,28.4,27.1,26.0,,,26.8,0.718,29.391,9,27.0,14,0.964,Asia/Seoul,C
-3.1,-1.007,-0.507,-0.964,-4.379,0.071,-3.1,-2.479,,,-3.771,seoul,2026-08-17,RKSI,25.9,27.7,26.6,26.8,25.4,27.3,25.9,25.5,,,26.2,0.748,28.51,9,28.0,14,1.103,Asia/Seoul,C
-2.9,-1.0,-0.571,-0.979,-4.179,-0.05,-2.9,-2.471,,,-3.55,seoul,2026-08-18,RKSI,26.5,29.0,29.5,29.0,26.9,29.6,26.5,27.8,,,27.3,1.204,30.045,9,30.0,14,1.11,Asia/Seoul,C
-2.821,-1.007,-0.571,-1.0,-4.0,-0.171,-2.821,-2.471,,,-3.371,seoul,2026-08-19,RKSI,26.8,29.2,29.5,29.9,26.4,29.1,26.8,27.5,,,26.9,1.308,30.006,9,29.0,14,1.11,Asia/Seoul,C
-2.664,-0.936,-0.471,-0.85,-3.793,-0.164,-2.664,-2.329,,,-3.15,seoul,2026-08-20,RKSI,26.5,27.3,28.3,28.9,26.0,28.0,26.5,26.9,,,26.9,0.902,29.094,9,28.0,14,1.14,Asia/Seoul,C
-2.393,-0.914,-0.357,-0.679,-3.486,-0.186,-2.393,-2.086,,,-2.8,seoul,2026-08-21,RKSI,26.0,26.8,26.9,27.1,26.1,27.1,26.0,26.8,,,26.6,0.427,28.254,9,28.0,14,1.164,Asia/Seoul,C
-2.186,-0.936,-0.436,-0.657,-3.214,-0.279,-2.186,-1.929,,,-2.486,seoul,2026-08-22,RKSI,25.9,25.9,27.8,24.8,25.7,25.9,25.9,26.1,,,26.7,0.764,27.727,9,27.0,14,1.165,Asia/Seoul,C
-1.993,-0.771,-0.121,-0.657,-2.814,-0.179,-1.993,-1.7,,,-2.143,seoul,2026-08-23,RKSI,27.4,29.7,30.0,29.9,27.5,31.2,27.4,29.6,,,27.5,1.376,30.221,9,32.0,14,1.142,Asia/Seoul,C
-2.15,-0.857,-0.221,-0.771,-2.814,-0.221,-2.15,-1.707,,,-2.236,seoul,2026-08-24,RKSI,27.6,29.5,29.3,30.1,27.3,30.9,27.6,28.5,,,28.1,1.18,30.165,9,31.0,14,1.207,Asia/Seoul,C
-2.2,-0.843,-0.336,-0.757,-2.721,-0.229,-2.2,-1.693,,,-2.086,seoul,2026-08-25,RKSI,27.5,29.2,29.3,30.6,27.6,30.5,27.5,28.1,,,28.3,1.158,30.121,9,30.0,14,1.218,Asia/Seoul,C
-2.257,-0.929,-0.471,-0.714,-2.636,-0.286,-2.257,-1.707,,,-1.993,seoul,2026-08-26,RKSI,26.8,28.2,29.0,29.5,27.0,29.9,26.8,27.7,,,27.6,1.106,29.482,9,30.0,14,1.115,Asia/Seoul,C
-2.286,-0.95,-0.579,-0.721,-2.543,-0.257,-2.286,-1.7,,,-1.936,seoul,2026-08-27,RKSI,27.6,29.1,29.0,29.4,26.8,31.6,27.6,28.0,,,27.8,1.344,29.997,9,30.0,14,1.106,Asia/Seoul,C
-2.271,-0.929,-0.586,-0.65,-2.536,-0.093,-2.271,-1.714,,,-1.9,seoul,2026-08-28,RKSI,28.3,29.2,29.4,30.4,27.3,30.0,28.3,27.6,,,28.0,1.016,30.172,9,30.0,14,1.091,Asia/Seoul,C
-2.221,-0.9,-0.6,-0.629,-2.529,-0.107,-2.221,-1.75,,,-1.871,seoul,2026-08-29,RKSI,26.7,27.8,28.7,29.2,25.8,29.2,26.7,26.8,,,27.4,1.15,28.994,9,29.0,14,1.052,Asia/Seoul,C
-2.314,-0.943,-0.593,-0.536,-2.621,-0.021,-2.314,-1.864,,,-1.921,seoul,2026-08-30,RKSI,26.3,26.7,26.8,27.7,25.7,26.9,26.3,26.7,,,26.8,0.512,28.083,9,27.0,14,0.962,Asia/Seoul,C
-2.371,-0.979,-0.636,-0.407,-2.679,-0.129,-2.371,-1.814,,,-1.921,seoul,2026-08-31,RKSI,25.8,25.4,25.1,25.2,25.6,25.0,25.8,25.9,,,26.2,0.383,27.046,9,25.0,14,0.775,Asia/Seoul,C
-2.164,-0.929,-0.529,-0.307,-2.45,-0.079,-2.164,-1.571,,,-1.707,seoul,2026-09-01,RKSI,26.7,24.6,24.4,25.4,24.2,24.7,26.7,24.8,,,25.5,0.884,26.589,9,24.0,14,0.939,Asia/Seoul,C
-1.721,-0.814,-0.464,-0.136,-2.214,-0.0,-1.721,-1.357,,,-1.407,seoul,2026-09-02,RKSI,26.5,26.8,26.8,26.8,25.4,28.4,26.5,25.9,,,26.1,0.786,27.709,9,28.0,14,1.166,Asia/Seoul,C
-1.671,-0.914,-0.586,-0.286,-2.214,0.021,-1.671,-1.4,,,-1.393,seoul,2026-09-03,RKSI,29.4,29.3,29.2,29.4,26.6,29.7,29.4,28.0,,,28.1,0.959,29.978,9,31.0,14,1.138,Asia/Seoul,C
-1.679,-0.986,-0.736,-0.464,-2.386,-0.071,-1.679,-1.536,,,-1.521,seoul,2026-09-04,RKSI,28.5,29.1,29.0,29.5,27.6,29.5,28.5,27.8,,,28.5,0.638,29.918,9,30.0,14,1.133,Asia/Seoul,C
-1.643,-0.964,-0.729,-0.436,-2.421,-0.043,-1.643,-1.607,,,-1.529,seoul,2026-09-05,RKSI,27.4,28.2,27.8,29.0,26.7,28.6,27.4,27.1,,,27.9,0.689,28.994,9,29.0,14,1.131,Asia/Seoul,C
-1.679,-0.943,-0.871,-0.279,-2.493,0.007,-1.679,-1.679,,,-1.586,seoul,2026-09-06,RKSI,27.4,28.4,28.4,28.8,26.8,28.7,27.4,27.3,,,27.5,0.68,29.116,9,29.0,14,1.114,Asia/Seoul,C
-1.464,-0.821,-0.771,-0.143,-2.329,0.043,-1.464,-1.629,,,-1.371,seoul,2026-09-07,RKSI,27.6,27.8,27.5,28.4,25.8,28.5,27.6,26.5,,,25.7,0.975,28.421,9,28.0,14,1.008,Asia/Seoul,C
-1.25,-0.729,-0.686,-0.05,-2.221,0.086,-1.25,-1.557,,,-1.329,seoul,2026-09-08,RKSI,26.5,27.6,27.4,28.8,25.6,30.0,26.5,25.4,,,25.7,1.47,28.064,9,27.0,14,0.989,Asia/Seoul,C
-1.107,-0.629,-0.607,0.036,-2.15,0.264,-1.107,-1.536,,,-1.3,seoul,2026-09-09,RKSI,24.1,25.5,25.0,25.6,24.7,25.2,24.1,24.5,,,25.3,0.536,25.77,9,26.0,14,1.029,Asia/Seoul,C
-1.014,-0.536,-0.607,0.043,-2.029,0.214,-1.014,-1.479,,,-1.179,seoul,2026-09-10,RKSI,22.3,21.7,22.3,21.6,22.0,22.7,22.3,22.1,,,22.7,0.363,23.047,9,22.0,14,1.021,Asia/Seoul,C
-0.821,-0.493,-0.514,0.057,-1.8,0.15,-0.821,-1.329,,,-0.971,seoul,2026-09-11,RKSI,24.3,24.5,24.9,23.5,23.4,25.5,24.3,23.4,,,23.7,0.691,24.968,9,24.0,14,1.059,Asia/Seoul,C
-0.679,-0.4,-0.407,-0.007,-1.65,0.257,-0.679,-1.2,,,-0.85,seoul,2026-09-12,RKSI,23.4,23.8,23.7,23.9,23.2,23.6,23.4,22.7,,,23.5,0.34,24.108,9,23.0,14,1.089,Asia/Seoul,C
-0.486,-0.257,-0.336,0.043,-1.407,0.286,-0.486,-1.064,,,-0.7,seoul,2026-09-13,RKSI,23.6,24.0,24.2,23.5,23.5,24.3,23.6,23.2,,,23.6,0.342,24.242,9,24.0,14,1.129,Asia/Seoul,C
-0.464,-0.236,-0.307,-0.043,-1.35,0.314,-0.464,-1.1,,,-0.714,seoul,2026-09-14,RKSI,24.5,25.8,26.0,25.4,23.8,26.5,24.5,24.6,,,25.4,0.821,25.644,9,26.0,14,1.093,Asia/Seoul,C
-0.629,-0.279,-0.314,-0.1,-1.55,0.35,-0.629,-1.264,,,-0.843,seoul,2026-09-15,RKSI,22.5,24.5,24.0,25.4,22.5,25.6,22.5,22.7,,,23.2,1.192,24.18,9,24.0,14,0.951,Asia/Seoul,C
-0.929,-0.286,-0.343,-0.1,-1.671,0.414,-0.929,-1.414,,,-1.007,seoul,2026-09-16,RKSI,24.9,26.9,26.7,27.0,24.1,27.4,24.9,24.8,,,25.0,1.162,26.438,9,27.0,14,0.654,Asia/Seoul,C
-0.971,-0.207,-0.279,-0.014,-1.693,0.414,-0.971,-1.421,,,-1.014,seoul,2026-09-17,RKSI,25.6,26.7,28.0,27.7,24.4,26.9,25.6,25.7,,,25.0,1.149,26.874,9,27.0,14,0.667,Asia/Seoul,C
-0.957,-0.107,-0.079,0.15,-1.564,0.5,-0.957,-1.3,,,-0.95,seoul,2026-09-18,RKSI,25.8,27.7,28.6,28.3,25.1,28.7,25.8,27.0,,,25.7,1.325,27.529,9,28.0,14,0.609,Asia/Seoul,C
-1.007,-0.064,0.036,0.207,-1.6,0.586,-1.007,-1.214,,,-1.007,seoul,2026-09-19,RKSI,25.1,26.8,27.2,28.2,24.4,28.2,25.1,26.1,,,24.4,1.424,26.683,9,28.0,14,0.621,Asia/Seoul,C
-1.1,-0.093,0.064,0.221,-1.693,0.629,-1.1,-1.214,,,-1.186,seoul,2026-09-20,RKSI,24.4,26.4,26.9,27.8,23.9,28.6,24.4,24.7,,,24.3,1.644,26.284,9,26.0,14,0.714,Asia/Seoul,C
-1.1,-0.021,0.171,0.364,-1.686,0.836,-1.1,-1.186,,,-1.2,seoul,2026-09-21,RKSI,24.1,27.0,26.9,27.7,24.2,29.3,24.1,24.6,,,24.6,1.817,26.345,9,27.0,14,0.718,Asia/Seoul,C
-1.279,-0.007,0.2,0.386,-1.729,0.964,-1.279,-1.25,,,-1.207,seoul,2026-09-22,RKSI,24.9,27.7,27.4,27.7,24.0,28.4,24.9,25.4,,,24.8,1.548,26.711,9,28.0,14,0.73,Asia/Seoul,C
-1.464,-0.071,0.129,0.236,-1.914,0.779,-1.464,-1.321,,,-1.343,seoul,2026-09-23,RKSI,23.8,25.9,26.4,26.6,23.5,26.5,23.8,24.7,,,24.2,1.221,25.738,9,27.0,14,0.756,Asia/Seoul,C
-0.14,-0.82,-0.98,-0.06,-0.12,-0.0,-1.86,-1.04,,,0.74,singapore,2026-07-01,WSSS,31.4,29.9,30.1,31.0,30.9,30.4,28.9,29.0,,,31.1,0.854,30.857,9,32.0,0,1.2,Asia/Singapore,C
-0.217,-1.033,-1.133,-0.217,-0.283,-0.267,-2.067,-1.367,,,0.467,singapore,2026-07-02,WSSS,29.6,29.4,29.2,29.5,30.4,30.1,29.2,29.0,,,31.1,0.644,30.357,9,29.0,0,1.2,Asia/Singapore,C
-0.1,-0.829,-0.943,-0.114,-0.043,-0.071,-1.743,-1.171,,,0.7,singapore,2026-07-03,WSSS,30.0,30.5,29.0,31.0,31.0,31.1,29.6,28.7,,,32.2,1.058,30.752,9,31.0,0,1.2,Asia/Singapore,C
-0.213,-0.788,-1.075,-0.1,-0.038,-0.05,-1.7,-1.312,,,0.763,singapore,2026-07-04,WSSS,32.0,31.9,31.4,32.1,30.5,32.1,30.1,30.7,,,33.5,0.981,32.107,9,33.0,8,1.027,Asia/Singapore,C
-0.3,-0.822,-1.133,-0.189,-0.311,-0.144,-1.833,-1.422,,,0.733,singapore,2026-07-05,WSSS,31.8,29.3,31.0,32.0,31.1,31.7,29.6,29.8,,,32.7,1.122,31.614,9,33.0,9,1.013,Asia/Singapore,C
-0.39,-1.11,-1.22,-0.27,-0.47,-0.26,-1.99,-1.6,,,0.63,singapore,2026-07-06,WSSS,31.5,30.9,30.5,30.0,30.9,30.7,29.1,29.0,,,31.7,0.898,31.346,9,31.0,10,1.056,Asia/Singapore,C
-0.309,-1.018,-1.155,-0.336,-0.436,-0.264,-1.982,-1.636,,,0.636,singapore,2026-07-07,WSSS,31.7,30.0,31.1,30.7,30.8,30.4,29.0,29.1,,,32.4,1.052,31.397,9,32.0,11,1.012,Asia/Singapore,C
-0.308,-1.1,-1.133,-0.417,-0.5,-0.375,-2.067,-1.742,,,0.617,singapore,2026-07-08,WSSS,30.8,30.7,30.3,30.0,31.0,30.7,29.1,29.3,,,31.6,0.761,31.216,9,31.0,12,0.985,Asia/Singapore,C
-0.3,-1.038,-1.1,-0.462,-0.462,-0.369,-2.054,-1.738,,,0.615,singapore,2026-07-09,WSSS,29.9,28.8,28.7,31.3,30.6,30.1,29.0,28.9,,,30.8,0.922,30.457,9,31.0,13,0.948,Asia/Singapore,C
-0.357,-1.121,-1.186,-0.407,-0.457,-0.407,-2.05,-1.764,,,0.557,singapore,2026-07-10,WSSS,31.8,30.8,30.7,30.9,30.8,30.9,29.9,30.1,,,30.8,0.506,31.608,9,32.0,14,0.925,Asia/Singapore,C
-0.343,-1.143,-1.2,-0.414,-0.486,-0.407,-2.036,-1.771,,,0.464,singapore,2026-07-11,WSSS,31.5,30.1,30.8,30.8,30.2,30.5,29.4,29.3,,,31.2,0.708,31.305,9,31.0,14,0.895,Asia/Singapore,C
-0.257,-1.093,-1.107,-0.343,-0.457,-0.343,-1.95,-1.721,,,0.479,singapore,2026-07-12,WSSS,30.5,29.4,29.9,30.7,29.4,29.6,29.0,29.3,,,29.6,0.53,30.477,9,30.0,14,0.824,Asia/Singapore,C
-0.2,-1.114,-1.036,-0.3,-0.479,-0.4,-1.886,-1.75,,,0.386,singapore,2026-07-13,WSSS,31.7,30.5,30.3,31.4,30.5,31.1,29.3,30.5,,,31.1,0.671,31.479,9,31.0,14,0.83,Asia/Singapore,C
-0.1,-1.043,-0.943,-0.307,-0.464,-0.35,-1.829,-1.693,,,0.314,singapore,2026-07-14,WSSS,32.2,30.9,30.8,31.6,30.4,31.9,29.8,29.6,,,30.9,0.839,31.676,9,32.0,14,0.804,Asia/Singapore,C
-0.186,-1.136,-1.086,-0.429,-0.75,-0.55,-2.0,-1.907,,,0.121,singapore,2026-07-15,WSSS,32.6,31.9,31.0,32.2,30.4,31.9,29.5,30.0,,,32.0,1.029,32.221,9,32.0,14,0.735,Asia/Singapore,C
-0.1,-0.993,-1.021,-0.343,-0.786,-0.443,-1.957,-1.836,,,0.186,singapore,2026-07-16,WSSS,32.7,31.1,29.9,31.9,31.3,31.2,29.1,29.9,,,32.5,1.159,31.924,9,32.0,14,0.671,Asia/Singapore,C
-0.093,-1.086,-1.186,-0.386,-0.936,-0.579,-2.179,-1.986,,,0.071,singapore,2026-07-17,WSSS,29.9,27.7,29.2,31.2,31.0,29.4,28.5,29.5,,,31.3,1.171,30.54,9,30.0,14,0.565,Asia/Singapore,C
-0.029,-1.214,-1.1,-0.3,-0.864,-0.629,-2.186,-1.857,,,0.079,singapore,2026-07-18,WSSS,32.8,31.6,31.6,31.6,30.9,32.2,28.9,31.1,,,32.1,1.043,32.403,9,32.0,14,0.579,Asia/Singapore,C
0.1,-1.164,-1.014,-0.264,-0.764,-0.55,-2.2,-1.757,,,0.05,singapore,2026-07-19,WSSS,33.9,31.6,31.4,31.7,31.2,31.8,29.7,31.4,,,33.6,1.192,32.729,9,32.0,14,0.539,Asia/Singapore,C
0.321,-0.929,-0.914,-0.214,-0.686,-0.471,-2.121,-1.571,,,0.186,singapore,2026-07-20,WSSS,32.5,31.1,31.3,32.3,30.8,31.8,30.2,30.1,,,32.6,0.895,32.113,9,32.0,14,0.5,Asia/Singapore,C
0.321,-0.986,-0.929,-0.121,-0.764,-0.464,-2.114,-1.564,,,0.179,singapore,2026-07-21,WSSS,32.4,30.5,31.0,29.0,30.7,30.1,28.9,29.6,,,31.9,1.136,31.317,9,31.0,14,0.5,Asia/Singapore,C
0.443,-0.879,-0.864,-0.171,-0.7,-0.414,-2.05,-1.457,,,0.214,singapore,2026-07-22,WSSS,31.2,27.1,29.6,30.0,30.0,28.7,29.0,28.3,,,29.6,1.108,29.95,9,30.0,14,0.5,Asia/Singapore,C
0.543,-1.064,-0.843,-0.1,-0.7,-0.486,-1.986,-1.457,,,0.143,singapore,2026-07-23,WSSS,29.6,29.6,29.1,28.8,30.0,29.3,28.8,28.6,,,28.8,0.449,29.826,9,30.0,14,0.5,Asia/Singapore,C
0.593,-0.936,-0.743,-0.207,-0.671,-0.471,-1.929,-1.407,,,0.071,singapore,2026-07-24,WSSS,31.6,30.9,30.7,30.7,29.7,31.1,29.3,29.6,,,32.2,0.907,31.273,9,31.0,14,0.5,Asia/Singapore,C
0.65,-0.857,-0.671,-0.15,-0.679,-0.386,-1.9,-1.371,,,0.243,singapore,2026-07-25,WSSS,30.4,29.2,27.7,30.6,29.1,29.4,28.6,28.9,,,29.8,0.845,29.771,9,30.0,14,0.5,Asia/Singapore,C
0.643,-0.85,-0.821,-0.093,-0.686,-0.393,-1.886,-1.329,,,0.214,singapore,2026-07-26,WSSS,29.1,27.1,28.6,28.2,29.8,28.9,27.6,28.3,,,29.4,0.81,29.084,9,30.0,14,0.5,Asia/Singapore,C
0.543,-1.014,-0.914,-0.271,-0.657,-0.443,-1.986,-1.4,,,0.2,singapore,2026-07-27,WSSS,31.5,30.5,30.7,30.2,30.6,30.5,28.9,29.1,,,30.8,0.777,31.038,9,32.0,14,0.5,Asia/Singapore,C
0.457,-1.086,-0.957,-0.429,-0.721,-0.557,-2.086,-1.571,,,0.107,singapore,2026-07-28,WSSS,31.4,31.1,30.3,31.1,30.1,31.0,29.7,30.7,,,31.7,0.61,31.481,9,31.0,14,0.5,Asia/Singapore,C
0.471,-1.0,-0.921,-0.393,-0.671,-0.55,-2.021,-1.421,,,0.236,singapore,2026-07-29,WSSS,31.2,30.2,29.8,31.7,31.0,31.1,28.4,30.4,,,32.0,1.033,31.265,9,32.0,14,0.5,Asia/Singapore,C
0.371,-1.121,-1.007,-0.429,-0.629,-0.607,-2.1,-1.393,,,0.236,singapore,2026-07-30,WSSS,31.1,30.6,30.0,31.1,30.7,29.8,28.2,29.6,,,31.2,0.917,31.004,9,30.0,14,0.521,Asia/Singapore,C
0.4,-1.014,-0.857,-0.343,-0.529,-0.564,-2.021,-1.271,,,0.286,singapore,2026-07-31,WSSS,31.7,31.9,30.9,31.7,31.2,31.7,29.7,30.1,,,32.9,0.917,31.944,9,32.0,14,0.586,Asia/Singapore,C
0.386,-0.857,-0.879,-0.45,-0.657,-0.543,-2.079,-1.371,,,0.257,singapore,2026-08-01,WSSS,31.6,31.4,31.2,31.9,31.5,31.4,29.9,31.0,,,32.6,0.682,32.008,9,33.0,14,0.568,Asia/Singapore,C
0.229,-0.943,-0.979,-0.5,-0.686,-0.671,-2.079,-1.45,,,0.221,singapore,2026-08-02,WSSS,32.5,31.8,31.6,31.7,31.8,31.0,29.9,31.0,,,31.7,0.691,32.248,9,32.0,14,0.617,Asia/Singapore,C
0.129,-0.929,-0.964,-0.5,-0.643,-0.729,-2.064,-1.479,,,0.086,singapore,2026-08-03,WSSS,33.0,32.2,31.7,32.0,32.0,32.9,29.7,31.4,,,33.1,0.989,32.822,9,33.0,14,0.59,Asia/Singapore,C
0.093,-0.921,-1.007,-0.593,-0.629,-0.721,-2.171,-1.457,,,0.05,singapore,2026-08-04,WSSS,32.4,30.8,31.2,31.8,31.8,31.4,29.9,30.3,,,32.0,0.777,32.123,9,32.0,14,0.591,Asia/Singapore,C
0.021,-0.971,-1.064,-0.464,-0.621,-0.7,-2.171,-1.479,,,-0.014,singapore,2026-08-05,WSSS,33.7,31.7,31.2,32.0,31.6,31.9,30.1,30.9,,,32.7,0.975,32.661,9,32.0,14,0.586,Asia/Singapore,C
0.057,-0.786,-1.093,-0.464,-0.65,-0.614,-2.236,-1.436,,,0.064,singapore,2026-08-06,WSSS,32.5,31.0,31.0,29.6,31.6,31.6,29.4,30.3,,,32.3,1.036,31.927,9,32.0,14,0.612,Asia/Singapore,C
0.121,-0.829,-1.1,-0.55,-0.679,-0.593,-2.336,-1.457,,,0.171,singapore,2026-08-07,WSSS,32.9,31.5,31.4,31.2,31.7,32.5,30.4,31.0,,,32.2,0.735,32.485,9,33.0,14,0.61,Asia/Singapore,C
0.071,-0.929,-1.193,-0.657,-0.679,-0.636,-2.4,-1.5,,,0.029,singapore,2026-08-08,WSSS,33.5,31.7,31.9,31.4,31.5,32.8,30.1,30.8,,,32.1,0.95,32.729,9,32.0,14,0.621,Asia/Singapore,C
0.15,-0.893,-1.036,-0.743,-0.65,-0.536,-2.436,-1.507,,,0.05,singapore,2026-08-09,WSSS,33.1,31.6,31.3,31.4,31.8,32.2,30.4,30.6,,,32.4,0.806,32.526,9,32.0,14,0.648,Asia/Singapore,C
0.293,-0.714,-0.986,-0.657,-0.65,-0.443,-2.379,-1.486,,,0.121,singapore,2026-08-10,WSSS,33.6,31.2,31.5,31.4,31.4,32.0,29.9,30.8,,,30.9,0.949,32.274,9,32.0,14,0.616,Asia/Singapore,C
0.443,-0.664,-0.929,-0.571,-0.593,-0.336,-2.307,-1.364,,,0.129,singapore,2026-08-11,WSSS,33.1,31.3,31.6,31.2,31.6,32.2,30.3,31.4,,,32.1,0.732,32.353,9,32.0,14,0.565,Asia/Singapore,C
0.493,-0.721,-0.907,-0.636,-0.557,-0.321,-2.336,-1.386,,,0.086,singapore,2026-08-12,WSSS,33.6,31.8,31.7,31.6,31.2,32.3,30.3,31.1,,,33.0,0.946,32.577,9,32.0,14,0.558,Asia/Singapore,C
0.664,-0.607,-0.771,-0.643,-0.543,-0.236,-2.2,-1.336,,,0.157,singapore,2026-08-13,WSSS,32.3,31.5,30.9,31.2,30.9,31.8,30.0,31.0,,,31.3,0.608,31.794,9,32.0,14,0.545,Asia/Singapore,C
0.607,-0.686,-0.85,-0.779,-0.671,-0.236,-2.214,-1.379,,,0.021,singapore,2026-08-14,WSSS,33.8,32.6,32.2,32.0,31.7,32.6,29.9,30.5,,,33.6,1.212,32.859,9,33.0,14,0.5,Asia/Singapore,C
0.686,-0.707,-0.829,-0.829,-0.707,-0.243,-2.271,-1.421,,,0.0,singapore,2026-08-15,WSSS,33.4,32.3,31.5,31.7,32.0,32.2,29.3,31.1,,,32.7,1.088,32.544,9,32.0,14,0.5,Asia/Singapore,C
0.886,-0.571,-0.736,-0.771,-0.6,-0.114,-2.243,-1.343,,,0.079,singapore,2026-08-16,WSSS,33.8,31.5,32.5,32.1,31.5,33.0,30.0,30.6,,,33.6,1.224,32.697,9,32.0,14,0.5,Asia/Singapore,C
0.979,-0.593,-0.671,-0.743,-0.621,0.029,-2.236,-1.371,,,0.214,singapore,2026-08-17,WSSS,33.2,30.9,32.0,31.2,31.8,32.3,30.0,31.0,,,33.3,1.029,32.291,9,33.0,14,0.5,Asia/Singapore,C
0.993,-0.686,-0.65,-0.8,-0.636,-0.014,-2.214,-1.4,,,0.229,singapore,2026-08-18,WSSS,32.1,31.9,31.2,32.3,31.8,32.3,29.4,31.2,,,33.6,1.07,32.216,9,33.0,14,0.5,Asia/Singapore,C
0.9,-0.679,-0.721,-0.836,-0.707,-0.021,-2.321,-1.407,,,0.271,singapore,2026-08-19,WSSS,33.0,31.9,32.1,30.3,31.1,31.4,29.7,30.5,,,31.8,0.965,32.003,9,33.0,14,0.535,Asia/Singapore,C
0.779,-0.736,-0.729,-1.029,-0.814,-0.129,-2.421,-1.507,,,0.136,singapore,2026-08-20,WSSS,33.5,32.2,32.0,30.7,31.7,33.0,30.3,31.0,,,32.3,0.992,32.618,9,33.0,14,0.571,Asia/Singapore,C
0.779,-0.721,-0.729,-1.021,-0.879,-0.1,-2.429,-1.529,,,0.064,singapore,2026-08-21,WSSS,33.7,32.4,32.3,31.6,31.7,33.6,29.7,31.1,,,32.9,1.19,32.883,9,33.0,14,0.58,Asia/Singapore,C
0.836,-0.657,-0.664,-0.993,-0.879,-0.021,-2.479,-1.521,,,0.114,singapore,2026-08-22,WSSS,34.4,32.7,32.7,31.5,32.0,33.2,30.6,31.5,,,33.1,1.071,33.17,9,33.0,14,0.564,Asia/Singapore,C
0.829,-0.657,-0.679,-1.057,-0.914,-0.064,-2.514,-1.543,,,0.114,singapore,2026-08-23,WSSS,33.8,32.5,32.5,31.6,31.6,32.8,30.4,31.6,,,33.2,0.967,32.954,9,33.0,14,0.531,Asia/Singapore,C
0.807,-0.664,-0.664,-1.114,-1.0,-0.093,-2.586,-1.543,,,0.1,singapore,2026-08-24,WSSS,33.4,32.0,32.3,32.0,31.9,33.2,30.0,31.3,,,33.2,1.013,32.872,9,33.0,14,0.512,Asia/Singapore,C
0.721,-0.679,-0.679,-1.143,-1.036,-0.079,-2.65,-1.579,,,0.193,singapore,2026-08-25,WSSS,33.7,32.3,32.1,32.4,31.8,33.0,30.4,30.8,,,33.8,1.098,33.006,9,33.0,14,0.508,Asia/Singapore,C
0.693,-0.679,-0.714,-1.129,-1.093,-0.093,-2.714,-1.693,,,0.243,singapore,2026-08-26,WSSS,30.6,29.3,28.9,31.2,30.6,30.0,29.1,29.7,,,33.0,1.207,30.841,9,31.0,14,0.5,Asia/Singapore,C
0.55,-0.786,-0.843,-1.086,-1.064,-0.186,-2.729,-1.721,,,0.314,singapore,2026-08-27,WSSS,32.4,32.1,31.5,31.7,31.8,31.6,29.5,30.5,,,33.4,1.044,32.415,9,33.0,14,0.5,Asia/Singapore,C
0.486,-0.814,-0.871,-1.121,-1.071,-0.271,-2.836,-1.829,,,0.393,singapore,2026-08-28,WSSS,32.5,31.4,31.4,31.7,31.3,32.5,29.7,30.9,,,32.6,0.874,32.381,9,32.0,14,0.5,Asia/Singapore,C
0.464,-0.829,-0.857,-1.071,-1.029,-0.207,-2.779,-1.729,,,0.393,singapore,2026-08-29,WSSS,32.9,32.3,31.6,32.2,31.4,33.2,29.9,31.1,,,33.6,1.089,32.82,9,33.0,14,0.508,Asia/Singapore,C
0.357,-0.9,-0.921,-1.107,-1.143,-0.207,-2.807,-1.8,,,0.386,singapore,2026-08-30,WSSS,32.2,32.1,31.6,31.8,31.3,32.3,29.1,29.4,,,33.2,1.276,32.355,9,32.0,14,0.5,Asia/Singapore,C
0.243,-0.857,-0.986,-1.129,-1.157,-0.257,-2.871,-1.886,,,0.357,singapore,2026-08-31,WSSS,30.5,30.4,30.2,31.4,32.0,32.6,28.9,30.4,,,32.4,1.14,31.763,9,30.0,14,0.5,Asia/Singapore,C
0.264,-0.679,-0.9,-0.9,-0.929,-0.021,-2.736,-1.714,,,0.507,singapore,2026-09-01,WSSS,33.0,31.9,32.2,32.0,31.1,32.3,29.0,31.2,,,33.5,1.224,32.611,9,32.0,14,0.632,Asia/Singapore,C
0.4,-0.607,-0.757,-0.85,-0.907,0.05,-2.693,-1.643,,,0.571,singapore,2026-09-02,WSSS,33.1,31.4,32.5,32.0,32.1,33.6,30.3,31.8,,,33.8,1.044,32.959,9,33.0,14,0.618,Asia/Singapore,C
0.407,-0.643,-0.729,-0.729,-0.836,0.207,-2.65,-1.55,,,0.714,singapore,2026-09-03,WSSS,33.2,32.6,32.5,31.8,31.6,33.2,30.1,31.1,,,33.3,1.032,32.835,9,33.0,14,0.558,Asia/Singapore,C
0.386,-0.614,-0.693,-0.65,-0.843,0.221,-2.664,-1.543,,,0.786,singapore,2026-09-04,WSSS,32.8,32.3,32.3,32.1,31.4,32.6,30.1,31.5,,,32.6,0.8,32.586,9,33.0,14,0.551,Asia/Singapore,C
0.321,-0.621,-0.693,-0.614,-0.864,0.15,-2.636,-1.514,,,0.764,singapore,2026-09-05,WSSS,33.1,32.4,32.3,32.3,32.1,32.9,30.7,31.4,,,34.0,0.9,32.968,9,33.0,14,0.561,Asia/Singapore,C
0.229,-0.643,-0.721,-0.557,-0.857,0.129,-2.629,-1.521,,,0.829,singapore,2026-09-06,WSSS,33.0,32.4,32.6,32.3,31.5,32.6,30.1,31.2,,,34.0,1.062,32.84,9,33.0,14,0.559,Asia/Singapore,C
0.171,-0.65,-0.714,-0.507,-0.864,0.114,-2.65,-1.55,,,0.886,singapore,2026-09-07,WSSS,33.2,32.2,32.1,32.1,31.5,32.3,30.0,31.2,,,33.3,0.953,32.665,9,33.0,14,0.56,Asia/Singapore,C
0.157,-0.636,-0.729,-0.5,-0.893,0.05,-2.65,-1.557,,,0.893,singapore,2026-09-08,WSSS,33.2,32.4,32.4,32.3,31.7,33.1,30.8,31.9,,,33.8,0.843,33.037,9,33.0,14,0.566,Asia/Singapore,C
0.121,-0.629,-0.707,-0.507,-0.9,0.057,-2.621,-1.479,,,0.893,singapore,2026-09-09,WSSS,33.0,32.7,32.0,32.5,31.4,31.9,30.4,31.3,,,33.6,0.922,32.735,9,33.0,14,0.567,Asia/Singapore,C
0.15,-0.529,-0.629,-0.557,-0.986,0.05,-2.671,-1.507,,,0.793,singapore,2026-09-10,WSSS,31.1,31.4,31.3,30.6,31.0,31.8,29.7,29.8,,,34.2,1.249,31.806,9,32.0,14,0.569,Asia/Singapore,C
0.129,-0.507,-0.571,-0.564,-0.971,0.136,-2.586,-1.486,,,0.921,singapore,2026-09-11,WSSS,28.9,29.5,28.7,32.1,31.3,30.8,28.7,30.3,,,33.0,1.47,30.679,9,31.0,14,0.55,Asia/Singapore,C
-0.057,-0.571,-0.693,-0.464,-0.9,0.086,-2.586,-1.457,,,1.021,singapore,2026-09-12,WSSS,30.5,31.1,30.3,30.4,31.1,30.8,29.4,30.9,,,31.6,0.592,31.234,9,32.0,14,0.547,Asia/Singapore,C
-0.157,-0.586,-0.714,-0.521,-0.85,-0.014,-2.55,-1.4,,,0.95,singapore,2026-09-13,WSSS,32.6,32.0,31.7,31.7,31.9,33.3,29.9,31.5,,,33.1,0.949,32.631,9,33.0,14,0.582,Asia/Singapore,C
-0.2,-0.664,-0.779,-0.6,-0.879,-0.014,-2.564,-1.321,,,0.871,singapore,2026-09-14,WSSS,31.9,29.9,31.5,32.2,32.1,32.4,29.8,30.8,,,33.1,1.071,32.156,9,33.0,14,0.583,Asia/Singapore,C
-0.314,-0.914,-0.9,-0.757,-1.086,-0.243,-2.714,-1.507,,,0.707,singapore,2026-09-15,WSSS,32.6,32.4,31.9,31.9,31.9,32.7,30.2,31.8,,,33.4,0.831,32.951,9,33.0,14,0.5,Asia/Singapore,C
-0.414,-0.95,-0.993,-0.836,-1.1,-0.286,-2.7,-1.536,,,0.629,singapore,2026-09-16,WSSS,32.7,32.5,31.9,32.0,31.5,32.3,30.7,30.5,,,33.3,0.862,32.883,9,34.0,14,0.5,Asia/Singapore,C
-0.514,-0.943,-1.107,-0.907,-1.214,-0.45,-2.743,-1.7,,,0.521,singapore,2026-09-17,WSSS,32.9,31.8,31.8,32.2,31.5,32.3,30.0,31.3,,,33.0,0.856,32.906,9,33.0,14,0.5,Asia/Singapore,C
-0.536,-1.0,-1.157,-0.879,-1.221,-0.514,-2.75,-1.686,,,0.5,singapore,2026-09-18,WSSS,33.3,32.4,32.5,32.3,31.0,32.6,30.7,31.2,,,33.6,0.952,33.261,9,33.0,14,0.5,Asia/Singapore,C
-0.5,-0.993,-1.143,-0.864,-1.25,-0.514,-2.707,-1.707,,,0.571,singapore,2026-09-19,WSSS,33.1,32.0,31.3,31.9,31.4,32.8,29.8,30.6,,,34.9,1.411,33.026,9,33.0,14,0.5,Asia/Singapore,C
-0.5,-1.021,-1.214,-0.893,-1.3,-0.521,-2.771,-1.764,,,0.636,singapore,2026-09-20,WSSS,31.2,29.0,29.8,32.0,31.0,31.3,30.1,31.7,,,33.2,1.188,31.889,9,32.0,14,0.5,Asia/Singapore,C
-0.557,-1.193,-1.343,-0.843,-1.264,-0.543,-2.7,-1.657,,,0.65,singapore,2026-09-21,WSSS,32.5,31.2,30.7,32.2,31.2,31.6,29.7,31.8,,,33.3,0.991,32.606,9,32.0,14,0.5,Asia/Singapore,C
-0.536,-1.193,-1.371,-0.764,-1.214,-0.521,-2.65,-1.543,,,0.721,singapore,2026-09-22,WSSS,29.4,28.1,27.9,30.0,31.4,30.4,29.0,30.5,,,33.1,1.54,30.781,9,31.0,14,0.5,Asia/Singapore,C
-0.664,-1.357,-1.55,-0.786,-1.093,-0.571,-2.636,-1.5,,,0.814,singapore,2026-09-23,WSSS,31.2,29.2,29.8,30.7,31.5,32.6,28.8,30.5,,,32.7,1.298,31.794,9,32.0,14,0.5,Asia/Singapore,C
-0.44,-1.8,-0.86,0.24,-0.12,0.24,-2.18,-0.5,,,-0.08,panama-city,2026-06-30,MPMG,33.2,32.8,33.2,34.1,33.9,34.4,30.4,33.4,,,33.7,1.107,33.886,9,35.0,0,1.2,America/Panama,C
-0.667,-1.867,-1.017,0.05,-0.283,0.1,-2.583,-0.683,,,-0.283,panama-city,2026-07-01,MPMG,32.3,31.0,31.0,34.3,33.7,33.1,30.1,32.5,,,32.9,1.3,33.062,9,34.0,0,1.2,America/Panama,C
-0.814,-2.029,-1.3,0.086,-0.286,-0.043,-2.771,-0.8,,,-0.4,panama-city,2026-07-02,MPMG,32.0,30.0,31.2,33.6,30.0,32.4,29.9,31.0,,,31.8,1.187,32.243,9,34.0,0,1.2,America/Panama,C
-0.963,-2.275,-1.488,0.025,-0.75,-0.238,-2.938,-1.075,,,-0.625,panama-city,2026-07-03,MPMG,29.1,29.8,29.8,33.3,30.9,31.0,28.6,30.0,,,32.8,1.501,31.575,9,32.0,8,1.071,America/Panama,C
-1.178,-2.267,-1.567,0.167,-0.789,-0.322,-2.989,-1.178,,,-0.467,panama-city,2026-07-04,MPMG,26.6,26.5,27.8,29.1,26.8,28.7,28.1,29.1,,,26.9,1.01,28.763,9,27.0,9,1.02,America/Panama,C
-1.1,-2.09,-1.33,0.36,-0.73,-0.12,-2.58,-0.85,,,-0.43,panama-city,2026-07-05,MPMG,30.8,30.3,31.1,30.8,31.6,31.8,30.2,30.4,,,31.0,0.524,31.945,9,32.0,10,1.117,America/Panama,C
-1.109,-2.055,-1.291,0.218,-0.7,-0.127,-2.509,-0.918,,,-0.482,panama-city,2026-07-06,MPMG,31.6,31.2,31.9,33.7,32.2,32.8,29.4,29.7,,,31.9,1.291,32.688,9,33.0,11,1.065,America/Panama,C
-1.133,-2.033,-1.275,0.258,-0.708,-0.133,-2.6,-1.117,,,-0.533,panama-city,2026-07-07,MPMG,33.2,32.2,33.4,34.4,34.1,35.4,31.3,33.6,,,33.3,1.126,34.483,9,34.0,12,1.023,America/Panama,C
-1.108,-2.015,-1.223,0.269,-0.646,-0.015,-2.608,-1.062,,,-0.546,panama-city,2026-07-08,MPMG,32.8,30.6,33.3,34.3,32.7,34.4,30.9,33.5,,,33.9,1.294,33.897,9,35.0,13,0.992,America/Panama,C
-1.186,-2.186,-1.257,0.2,-0.764,-0.057,-2.714,-1.093,,,-0.586,panama-city,2026-07-09,MPMG,31.8,29.1,31.3,33.7,30.7,33.2,30.5,30.8,,,31.8,1.325,32.476,9,33.0,14,1.001,America/Panama,C
-1.3,-2.329,-1.321,0.179,-0.879,-0.1,-2.757,-1.3,,,-0.693,panama-city,2026-07-10,MPMG,30.9,30.0,31.5,31.6,30.6,30.4,30.3,29.7,,,30.2,0.611,31.828,9,30.0,14,1.008,America/Panama,C
-1.221,-2.243,-1.193,0.164,-0.971,-0.164,-2.686,-1.379,,,-0.714,panama-city,2026-07-11,MPMG,30.1,28.8,29.6,33.0,32.0,31.2,29.5,30.0,,,31.7,1.305,31.708,9,32.0,14,1.117,America/Panama,C
-1.307,-2.221,-1.243,0.3,-0.907,-0.171,-2.629,-1.407,,,-0.7,panama-city,2026-07-12,MPMG,31.4,28.8,29.9,32.0,31.3,30.9,28.7,30.2,,,29.6,1.102,31.536,9,31.0,14,1.045,America/Panama,C
-1.236,-2.321,-1.3,0.386,-0.879,-0.179,-2.65,-1.414,,,-0.75,panama-city,2026-07-13,MPMG,28.3,27.5,28.7,29.2,28.0,30.5,28.5,29.9,,,27.7,0.946,29.797,9,29.0,14,1.044,America/Panama,C
-1.207,-2.314,-1.236,0.436,-0.893,-0.057,-2.471,-1.229,,,-0.843,panama-city,2026-07-14,MPMG,33.1,31.4,32.3,33.6,32.4,34.2,30.5,32.1,,,33.3,1.08,33.704,9,33.0,14,1.024,America/Panama,C
-1.071,-2.271,-1.157,0.543,-0.857,0.071,-2.321,-1.179,,,-0.729,panama-city,2026-07-15,MPMG,32.4,31.6,30.8,34.5,34.6,34.0,30.6,31.7,,,33.6,1.477,33.616,9,34.0,14,0.997,America/Panama,C
-1.064,-2.229,-1.171,0.557,-0.793,0.136,-2.286,-1.236,,,-0.679,panama-city,2026-07-16,MPMG,33.0,31.2,31.7,34.5,32.8,34.3,30.6,31.4,,,33.6,1.329,33.57,9,34.0,14,0.971,America/Panama,C
-0.993,-2.143,-1.136,0.621,-0.593,0.271,-2.236,-1.207,,,-0.55,panama-city,2026-07-17,MPMG,33.7,31.7,33.5,34.7,34.0,34.7,31.3,33.0,,,34.9,1.223,34.424,9,34.0,14,0.857,America/Panama,C
-0.807,-2.15,-1.014,0.579,-0.514,0.393,-2.186,-1.136,,,-0.543,panama-city,2026-07-18,MPMG,33.4,31.1,32.6,34.0,32.3,34.1,30.8,32.6,,,34.3,1.2,33.645,9,33.0,14,0.857,America/Panama,C
-0.75,-2.25,-1.1,0.5,-0.55,0.35,-2.421,-1.314,,,-0.443,panama-city,2026-07-19,MPMG,30.3,28.2,30.1,32.3,29.7,31.0,28.9,30.3,,,31.1,1.146,31.034,9,32.0,14,0.737,America/Panama,C
-0.786,-2.4,-1.171,0.607,-0.686,0.293,-2.514,-1.321,,,-0.436,panama-city,2026-07-20,MPMG,27.9,27.1,28.0,28.4,25.6,27.7,27.1,28.1,,,28.5,0.847,28.531,9,29.0,14,0.781,America/Panama,C
-0.764,-2.407,-1.164,0.514,-0.871,0.214,-2.393,-1.15,,,-0.393,panama-city,2026-07-21,MPMG,31.3,30.1,31.0,31.6,30.4,31.8,30.0,31.3,,,31.8,0.665,31.983,9,32.0,14,0.786,America/Panama,C
-0.757,-2.414,-1.193,0.457,-0.993,0.1,-2.343,-1.171,,,-0.357,panama-city,2026-07-22,MPMG,29.6,28.0,29.2,31.0,31.2,30.7,29.1,30.6,,,28.2,1.13,30.659,9,30.0,14,0.775,America/Panama,C
-0.629,-2.243,-1.129,0.579,-0.743,0.193,-2.114,-1.021,,,-0.407,panama-city,2026-07-23,MPMG,25.3,27.1,25.9,27.3,26.0,29.1,27.9,27.6,,,27.3,1.098,27.707,9,29.0,14,0.739,America/Panama,C
-0.807,-2.1,-1.229,0.407,-0.793,0.186,-2.014,-0.964,,,-0.443,panama-city,2026-07-24,MPMG,29.5,29.6,29.5,28.5,30.7,30.3,28.6,30.3,,,31.8,0.979,30.765,9,30.0,14,0.803,America/Panama,C
-0.907,-2.129,-1.371,0.186,-0.786,0.179,-2.136,-0.921,,,-0.329,panama-city,2026-07-25,MPMG,30.6,31.1,31.0,32.2,32.3,32.7,30.7,31.5,,,30.8,0.736,32.326,9,33.0,14,0.669,America/Panama,C
-0.943,-2.036,-1.343,0.057,-0.836,0.214,-2.121,-0.886,,,-0.464,panama-city,2026-07-26,MPMG,32.0,30.6,30.8,32.9,33.4,32.3,30.3,31.5,,,33.2,1.092,32.824,9,32.0,14,0.689,America/Panama,C
-0.971,-1.979,-1.35,0.05,-0.757,0.243,-2.079,-0.864,,,-0.279,panama-city,2026-07-27,MPMG,29.8,28.4,29.3,31.5,28.7,30.6,29.0,29.4,,,29.9,0.911,30.492,9,32.0,14,0.709,America/Panama,C
-1.079,-2.129,-1.521,0.0,-0.921,0.036,-2.257,-1.114,,,-0.336,panama-city,2026-07-28,MPMG,32.2,30.7,31.3,31.3,31.7,32.6,29.9,31.3,,,32.2,0.785,32.614,9,32.0,14,0.787,America/Panama,C
-1.071,-2.107,-1.521,-0.093,-0.9,-0.007,-2.229,-1.1,,,-0.343,panama-city,2026-07-29,MPMG,32.4,31.6,32.4,32.7,32.5,33.8,31.5,33.3,,,34.0,0.825,33.714,9,33.0,14,0.782,America/Panama,C
-1.0,-2.036,-1.336,-0.15,-0.979,0.05,-2.093,-0.914,,,-0.243,panama-city,2026-07-30,MPMG,33.4,32.0,32.7,33.4,32.8,34.1,30.9,31.8,,,33.5,0.95,33.812,9,33.0,14,0.798,America/Panama,C
-0.9,-1.907,-1.193,-0.157,-0.907,0.107,-2.0,-0.814,,,-0.179,panama-city,2026-07-31,MPMG,33.7,31.7,32.3,34.3,33.1,33.2,30.5,31.8,,,33.4,1.119,33.653,9,34.0,14,0.819,America/Panama,C
-0.9,-1.907,-1.279,-0.186,-0.971,0.0,-2.057,-0.9,,,-0.286,panama-city,2026-08-01,MPMG,30.0,29.5,30.3,33.1,31.7,32.6,29.7,30.9,,,32.5,1.289,31.956,9,33.0,14,0.817,America/Panama,C
-1.143,-2.021,-1.443,-0.25,-1.014,-0.107,-2.136,-1.021,,,-0.414,panama-city,2026-08-02,MPMG,29.9,29.6,29.6,32.8,31.3,33.3,29.6,29.2,,,29.9,1.436,31.597,9,33.0,14,0.845,America/Panama,C
-1.243,-1.993,-1.55,-0.286,-0.971,-0.014,-2.157,-1.171,,,-0.571,panama-city,2026-08-03,MPMG,32.0,28.2,32.4,32.5,31.8,32.1,30.0,32.0,,,33.9,1.544,32.761,9,31.0,14,0.888,America/Panama,C
-1.093,-2.057,-1.379,-0.136,-0.671,0.157,-2.093,-1.036,,,-0.329,panama-city,2026-08-04,MPMG,32.3,31.1,32.0,33.3,30.3,33.1,29.1,31.0,,,30.6,1.293,32.517,9,33.0,14,0.997,America/Panama,C
-1.093,-2.057,-1.379,-0.086,-0.75,0.179,-2.229,-1.129,,,-0.486,panama-city,2026-08-05,MPMG,32.4,30.6,31.2,33.0,31.4,30.9,29.7,28.4,,,29.5,1.359,32.003,9,31.0,14,1.006,America/Panama,C
-0.964,-1.943,-1.307,-0.014,-0.807,0.121,-2.257,-1.357,,,-0.464,panama-city,2026-08-06,MPMG,29.2,28.6,27.6,29.3,27.4,28.8,27.9,28.8,,,27.7,0.682,29.398,9,29.0,14,1.026,America/Panama,C
-0.686,-1.836,-1.186,0.129,-0.707,0.1,-2.257,-1.271,,,-0.436,panama-city,2026-08-07,MPMG,33.0,31.1,32.5,32.5,31.5,32.9,29.3,32.5,,,33.0,1.15,33.029,9,34.0,14,0.972,America/Panama,C
-0.721,-2.014,-1.257,0.129,-0.936,0.0,-2.493,-1.4,,,-0.636,panama-city,2026-08-08,MPMG,31.8,31.2,31.4,32.9,33.5,32.8,31.2,32.6,,,33.4,0.871,33.258,9,33.0,14,0.985,America/Panama,C
-0.636,-2.007,-1.229,0.179,-0.85,0.007,-2.457,-1.321,,,-0.45,panama-city,2026-08-09,MPMG,32.6,31.2,32.4,32.8,30.7,33.0,30.5,30.4,,,32.8,1.036,32.871,9,32.0,14,0.971,America/Panama,C
-0.593,-1.964,-1.114,0.171,-1.043,0.057,-2.443,-1.4,,,-0.479,panama-city,2026-08-10,MPMG,33.0,31.8,33.1,34.0,31.5,34.4,30.7,31.5,,,33.9,1.245,33.657,9,33.0,14,0.973,America/Panama,C
-0.436,-1.793,-0.914,0.279,-0.914,0.257,-2.393,-1.321,,,-0.264,panama-city,2026-08-11,MPMG,32.7,32.7,33.6,34.2,34.6,34.1,30.9,33.6,,,33.6,1.048,34.142,9,33.0,14,0.903,America/Panama,C
-0.471,-1.721,-0.821,0.414,-0.779,0.293,-2.393,-1.229,,,-0.236,panama-city,2026-08-12,MPMG,32.2,31.0,32.3,33.7,31.8,33.5,30.0,30.1,,,33.7,1.366,32.822,9,33.0,14,0.939,America/Panama,C
-0.486,-1.764,-0.829,0.486,-0.829,0.271,-2.5,-1.457,,,-0.257,panama-city,2026-08-13,MPMG,32.7,31.2,31.2,33.6,31.0,34.0,31.0,32.3,,,34.0,1.221,33.061,9,34.0,14,0.921,America/Panama,C
-0.607,-1.893,-1.007,0.429,-1.029,0.193,-2.564,-1.493,,,-0.293,panama-city,2026-08-14,MPMG,31.6,29.8,31.3,34.2,31.5,33.4,30.7,31.1,,,31.7,1.261,32.522,9,33.0,14,0.93,America/Panama,C
-0.686,-1.957,-1.007,0.493,-1.071,0.279,-2.479,-1.471,,,-0.343,panama-city,2026-08-15,MPMG,31.4,29.5,31.5,32.1,29.5,30.9,29.4,28.9,,,30.1,1.07,31.387,9,32.0,14,0.934,America/Panama,C
-0.514,-1.886,-0.85,0.493,-1.157,0.229,-2.429,-1.543,,,-0.443,panama-city,2026-08-16,MPMG,30.1,30.1,30.0,30.6,29.8,31.2,28.8,28.2,,,28.8,0.903,30.71,9,31.0,14,0.906,America/Panama,C
-0.357,-1.707,-0.679,0.479,-1.121,0.221,-2.343,-1.471,,,-0.379,panama-city,2026-08-17,MPMG,27.3,25.9,27.2,27.5,26.1,27.7,27.3,27.6,,,27.7,0.636,27.876,9,26.0,14,0.828,America/Panama,C
-0.336,-1.514,-0.693,0.479,-1.171,0.264,-2.179,-1.429,,,-0.464,panama-city,2026-08-18,MPMG,30.1,29.6,29.6,29.8,30.2,30.0,29.0,29.3,,,32.0,0.808,30.72,9,31.0,14,0.846,America/Panama,C
-0.35,-1.479,-0.721,0.371,-1.036,0.186,-2.043,-1.407,,,-0.221,panama-city,2026-08-19,MPMG,32.6,30.5,31.0,32.1,30.8,32.3,30.1,30.5,,,32.6,0.943,32.175,9,33.0,14,0.84,America/Panama,C
-0.479,-1.629,-0.879,0.164,-1.221,0.143,-2.157,-1.4,,,-0.143,panama-city,2026-08-20,MPMG,33.4,31.4,32.8,34.4,34.6,34.0,30.5,31.8,,,33.2,1.33,33.79,9,34.0,14,0.826,America/Panama,C
-0.536,-1.786,-0.864,0.171,-1.064,0.157,-2.329,-1.543,,,-0.107,panama-city,2026-08-21,MPMG,33.1,31.3,31.3,34.3,33.0,33.9,31.2,31.4,,,33.7,1.201,33.412,9,33.0,14,0.821,America/Panama,C
-0.457,-1.7,-0.879,0.371,-0.886,0.3,-2.121,-1.55,,,0.014,panama-city,2026-08-22,MPMG,33.1,32.1,32.3,33.9,33.2,33.4,29.6,31.2,,,31.6,1.258,33.148,9,33.0,14,0.786,America/Panama,C
-0.364,-1.636,-0.814,0.443,-0.907,0.343,-2.236,-1.65,,,-0.114,panama-city,2026-08-23,MPMG,29.9,29.3,30.3,31.1,31.0,31.5,29.0,29.9,,,29.3,0.841,30.89,9,31.0,14,0.784,America/Panama,C
-0.486,-1.7,-0.893,0.393,-0.814,0.307,-2.271,-1.614,,,-0.293,panama-city,2026-08-24,MPMG,31.6,31.0,30.9,32.0,33.6,33.6,30.0,31.5,,,30.5,1.192,32.46,9,32.0,14,0.75,America/Panama,C
-0.514,-1.686,-0.979,0.321,-0.593,0.321,-2.25,-1.543,,,-0.464,panama-city,2026-08-25,MPMG,32.4,28.8,30.6,32.7,31.2,32.3,30.1,31.5,,,32.2,1.211,32.087,9,33.0,14,0.739,America/Panama,C
-0.536,-1.964,-1.193,0.214,-0.836,0.193,-2.307,-1.693,,,-0.564,panama-city,2026-08-26,MPMG,31.2,28.4,29.3,32.6,30.9,32.2,29.0,30.5,,,29.5,1.373,31.315,9,32.0,14,0.716,America/Panama,C
-0.536,-2.079,-1.336,0.207,-0.829,0.171,-2.307,-1.593,,,-0.793,panama-city,2026-08-27,MPMG,31.6,28.8,29.8,32.6,30.7,33.5,30.7,31.0,,,31.1,1.315,31.996,9,32.0,14,0.737,America/Panama,C
-0.471,-2.107,-1.293,0.279,-0.707,0.279,-2.186,-1.543,,,-0.857,panama-city,2026-08-28,MPMG,31.6,30.8,32.3,32.6,30.4,32.2,30.4,30.2,,,31.9,0.88,32.362,9,31.0,14,0.693,America/Panama,C
-0.329,-1.893,-1.079,0.307,-0.643,0.336,-2.064,-1.464,,,-0.7,panama-city,2026-08-29,MPMG,30.6,29.1,30.5,33.3,29.7,32.3,30.1,30.0,,,28.9,1.361,31.256,9,32.0,14,0.773,America/Panama,C
-0.386,-1.921,-1.15,0.393,-0.629,0.436,-2.014,-1.386,,,-0.786,panama-city,2026-08-30,MPMG,31.1,29.0,29.8,31.5,28.6,30.9,29.2,29.8,,,31.6,1.068,30.976,9,29.0,14,0.781,America/Panama,C
-0.171,-1.857,-1.021,0.6,-0.571,0.557,-1.843,-1.129,,,-0.443,panama-city,2026-08-31,MPMG,29.3,27.1,29.3,26.8,28.5,28.8,28.1,28.4,,,28.1,0.821,29.04,9,28.0,14,0.939,America/Panama,C
-0.171,-1.914,-1.014,0.407,-0.543,0.493,-1.929,-1.214,,,-0.557,panama-city,2026-09-01,MPMG,31.2,30.1,30.9,31.3,29.6,33.7,29.3,30.9,,,32.0,1.252,31.699,9,32.0,14,0.842,America/Panama,C
-0.164,-1.95,-0.993,0.443,-0.657,0.686,-1.979,-1.171,,,-0.629,panama-city,2026-09-02,MPMG,32.6,31.0,31.1,32.0,32.6,32.7,29.9,30.9,,,31.4,0.906,32.378,9,32.0,14,0.842,America/Panama,C
-0.093,-1.843,-0.914,0.507,-0.457,0.786,-1.921,-1.071,,,-0.643,panama-city,2026-09-03,MPMG,30.8,29.2,28.7,32.8,30.8,33.2,30.0,31.0,,,31.2,1.396,31.317,9,33.0,14,0.819,America/Panama,C
-0.207,-1.929,-1.136,0.464,-0.657,0.8,-1.886,-1.057,,,-0.714,panama-city,2026-09-04,MPMG,30.6,29.0,30.1,31.6,29.8,32.6,30.0,30.1,,,31.3,1.03,31.201,9,32.0,14,0.933,America/Panama,C
-0.314,-2.021,-1.15,0.343,-0.814,0.779,-1.9,-1.079,,,-0.814,panama-city,2026-09-05,MPMG,31.4,29.4,30.4,32.5,33.6,33.6,29.9,29.9,,,31.2,1.505,32.095,9,33.0,14,0.95,America/Panama,C
-0.436,-2.214,-1.286,0.243,-0.786,0.793,-1.879,-1.171,,,-0.843,panama-city,2026-09-06,MPMG,29.7,28.0,29.8,31.1,30.3,31.0,29.1,28.5,,,30.5,1.016,30.598,9,31.0,14,0.98,America/Panama,C
-0.45,-2.307,-1.321,0.243,-0.836,0.757,-1.871,-1.271,,,-0.757,panama-city,2026-09-07,MPMG,31.0,29.3,30.3,31.1,31.0,30.6,29.4,30.0,,,33.0,1.049,31.508,9,32.0,14,0.985,America/Panama,C
-0.493,-2.429,-1.364,0.179,-1.021,0.543,-1.914,-1.379,,,-0.579,panama-city,2026-09-08,MPMG,30.7,30.7,31.4,34.6,33.0,34.6,31.3,33.5,,,32.5,1.46,33.191,9,34.0,14,0.986,America/Panama,C
-0.686,-2.364,-1.379,0.243,-0.964,0.636,-1.9,-1.307,,,-0.629,panama-city,2026-09-09,MPMG,29.3,29.3,28.3,33.9,30.9,30.0,29.0,28.7,,,31.2,1.632,30.857,9,31.0,14,0.98,America/Panama,C
-0.75,-2.229,-1.379,0.407,-0.893,0.55,-1.829,-1.364,,,-0.436,panama-city,2026-09-10,MPMG,29.1,28.6,28.8,31.3,30.3,30.6,29.1,29.3,,,29.7,0.856,30.464,9,31.0,14,0.963,America/Panama,C
-0.857,-2.171,-1.379,0.386,-0.85,0.414,-1.871,-1.414,,,-0.464,panama-city,2026-09-11,MPMG,31.2,28.7,30.9,32.8,28.4,32.2,29.3,30.4,,,33.0,1.617,31.65,9,32.0,14,0.974,America/Panama,C
-0.957,-2.393,-1.55,0.329,-1.064,0.343,-2.021,-1.471,,,-0.457,panama-city,2026-09-12,MPMG,30.4,29.2,29.9,32.8,29.9,32.4,29.4,30.9,,,30.8,1.184,31.597,9,32.0,14,0.908,America/Panama,C
-0.971,-2.386,-1.593,0.293,-1.05,0.35,-2.071,-1.407,,,-0.321,panama-city,2026-09-13,MPMG,30.6,29.0,30.4,30.8,29.2,30.9,30.0,30.0,,,29.1,0.701,31.087,9,32.0,14,0.893,America/Panama,C
-1.221,-2.6,-1.764,0.029,-1.221,0.136,-2.229,-1.607,,,-0.714,panama-city,2026-09-14,MPMG,30.6,30.1,30.4,31.7,30.5,31.0,28.7,28.4,,,30.8,1.001,31.609,9,31.0,14,0.76,America/Panama,C
-1.343,-2.6,-1.9,0.164,-1.293,0.079,-2.4,-1.821,,,-0.736,panama-city,2026-09-15,MPMG,29.3,28.5,29.8,30.6,30.0,30.7,29.0,29.3,,,28.6,0.754,30.884,9,28.0,14,0.726,America/Panama,C
-1.193,-2.429,-1.693,0.4,-0.979,0.15,-2.136,-1.65,,,-0.693,panama-city,2026-09-16,MPMG,31.2,30.5,30.9,31.1,29.0,32.7,29.2,29.3,,,28.7,1.25,31.605,9,31.0,14,1.056,America/Panama,C
-1.221,-2.393,-1.636,0.407,-1.164,0.221,-2.114,-1.693,,,-0.814,panama-city,2026-09-17,MPMG,32.7,30.9,31.1,32.8,32.1,33.4,30.2,31.3,,,32.7,1.015,33.153,9,32.0,14,1.063,America/Panama,C
-1.014,-2.2,-1.393,0.479,-1.0,0.307,-2.029,-1.6,,,-0.636,panama-city,2026-09-18,MPMG,32.3,28.2,31.3,33.5,30.4,32.1,30.3,28.2,,,33.1,1.831,32.122,9,33.0,14,1.012,America/Panama,C
-0.964,-2.329,-1.379,0.543,-1.029,0.2,-2.079,-1.807,,,-0.579,panama-city,2026-09-19,MPMG,30.5,27.9,30.3,30.5,30.3,30.5,28.6,30.6,,,30.9,0.97,31.09,9,31.0,14,1.016,America/Panama,C
-0.886,-2.293,-1.243,0.543,-1.121,0.121,-2.029,-1.614,,,-0.457,panama-city,2026-09-20,MPMG,30.2,28.5,29.9,31.6,31.2,30.8,29.2,29.4,,,31.5,1.033,31.242,9,32.0,14,0.987,America/Panama,C
-0.921,-2.329,-1.307,0.507,-1.129,0.036,-2.093,-1.621,,,-0.457,panama-city,2026-09-21,MPMG,29.3,29.0,29.5,29.7,30.4,29.7,29.4,29.5,,,31.1,0.602,30.756,9,31.0,14,1.002,America/Panama,C
-0.971,-2.279,-1.293,0.479,-1.1,0.043,-2.021,-1.586,,,-0.521,panama-city,2026-09-22,MPMG,30.6,29.4,30.1,31.2,31.6,31.4,29.4,29.4,,,33.2,1.213,31.74,9,31.0,14,0.996,America/Panama,C
0.46,-0.18,-0.56,1.32,0.12,0.36,0.0,0.64,,,1.3,manila,2026-07-01,RPLL,32.1,31.2,30.4,32.8,31.6,31.7,31.2,30.4,,,32.6,0.808,31.228,9,34.0,0,1.2,Asia/Manila,C
0.067,-0.617,-1.067,0.9,-0.3,-0.083,-0.467,-0.067,,,0.85,manila,2026-07-02,RPLL,31.4,31.2,30.6,33.5,31.6,32.0,31.3,30.6,,,32.8,0.91,31.728,9,35.0,0,1.2,Asia/Manila,C
-0.457,-1.071,-1.543,0.557,-0.743,-0.5,-0.929,-0.686,,,0.414,manila,2026-07-03,RPLL,33.0,32.9,32.6,33.8,32.5,34.3,33.3,32.8,,,34.7,0.733,33.859,9,35.0,0,1.2,Asia/Manila,C
-0.65,-1.2,-1.65,0.337,-0.962,-0.525,-1.025,-0.875,,,0.325,manila,2026-07-04,RPLL,32.9,33.1,32.6,32.3,33.4,33.5,32.5,32.4,,,34.8,0.738,33.82,9,34.0,8,1.676,Asia/Manila,C
-0.7,-1.167,-1.622,0.111,-0.922,-0.522,-1.078,-0.956,,,0.378,manila,2026-07-05,RPLL,34.1,33.4,32.5,33.9,33.4,33.5,32.7,33.3,,,32.6,0.531,34.089,9,34.0,9,1.581,Asia/Manila,C
-0.62,-1.11,-1.61,0.09,-0.89,-0.52,-1.1,-0.93,,,0.2,manila,2026-07-06,RPLL,34.4,32.8,32.9,33.4,34.0,34.4,32.7,34.0,,,33.5,0.631,34.375,9,34.0,10,1.5,Asia/Manila,C
-0.527,-1.118,-1.564,0.027,-0.809,-0.436,-1.118,-0.845,,,0.136,manila,2026-07-07,RPLL,34.4,33.4,33.0,33.8,32.9,33.9,32.5,33.8,,,35.4,0.823,34.429,9,33.0,11,1.435,Asia/Manila,C
-0.367,-0.992,-1.433,0.092,-0.75,-0.325,-1.067,-0.708,,,0.325,manila,2026-07-08,RPLL,32.4,31.5,30.5,33.7,32.3,32.6,32.1,31.8,,,33.6,0.938,32.792,9,33.0,12,1.434,Asia/Manila,C
-0.385,-1.031,-1.515,0.138,-0.746,-0.331,-1.054,-0.746,,,0.346,manila,2026-07-09,RPLL,32.4,31.2,31.5,32.8,31.5,31.0,31.3,31.9,,,33.0,0.685,32.463,9,33.0,13,1.379,Asia/Manila,C
-0.4,-1.086,-1.514,0.114,-0.8,-0.45,-1.1,-0.771,,,0.321,manila,2026-07-10,RPLL,30.9,28.9,30.1,31.9,29.0,30.2,29.9,30.5,,,32.5,1.13,31.028,9,32.0,14,1.337,Asia/Manila,C
-0.421,-1.25,-1.55,0.093,-0.943,-0.55,-1.236,-0.843,,,0.386,manila,2026-07-11,RPLL,28.6,28.1,28.3,28.4,26.8,28.8,28.7,28.7,,,29.7,0.723,29.151,9,30.0,14,1.35,Asia/Manila,C
-0.579,-1.421,-1.686,-0.129,-1.157,-0.65,-1.35,-0.993,,,0.243,manila,2026-07-12,RPLL,29.2,28.3,28.8,28.0,27.1,28.9,28.4,29.4,,,28.9,0.662,29.478,9,31.0,14,1.359,Asia/Manila,C
-0.736,-1.643,-1.807,-0.436,-1.393,-0.836,-1.529,-1.15,,,-0.029,manila,2026-07-13,RPLL,31.2,29.8,30.2,29.6,31.3,30.8,29.6,30.2,,,32.8,0.983,31.754,9,31.0,14,1.416,Asia/Manila,C
-0.9,-1.7,-1.857,-0.7,-1.536,-0.979,-1.636,-1.329,,,-0.05,manila,2026-07-14,RPLL,32.2,31.3,31.1,32.1,32.0,32.8,32.0,32.1,,,34.1,0.823,33.333,9,32.0,14,1.384,Asia/Manila,C
-0.843,-1.707,-1.85,-0.786,-1.543,-0.9,-1.629,-1.364,,,-0.0,manila,2026-07-15,RPLL,32.6,31.4,31.5,32.2,31.6,33.0,32.2,33.2,,,34.3,0.892,33.565,9,33.0,14,1.429,Asia/Manila,C
-0.736,-1.621,-1.7,-0.757,-1.471,-0.736,-1.486,-1.093,,,0.193,manila,2026-07-16,RPLL,32.4,31.3,31.5,32.9,32.2,33.3,32.3,33.3,,,34.4,0.913,33.571,9,33.0,14,1.231,Asia/Manila,C
-0.521,-1.471,-1.493,-0.657,-1.286,-0.5,-1.271,-0.757,,,0.45,manila,2026-07-17,RPLL,33.0,31.9,32.1,32.7,31.7,32.7,32.0,32.8,,,33.9,0.648,33.379,9,32.0,14,0.879,Asia/Manila,C
-0.307,-1.329,-1.314,-0.521,-1.129,-0.4,-1.15,-0.543,,,0.607,manila,2026-07-18,RPLL,33.3,31.7,32.0,33.6,31.8,32.5,31.9,33.1,,,33.9,0.797,33.31,9,32.0,14,0.903,Asia/Manila,C
-0.136,-1.286,-1.214,-0.286,-1.1,-0.329,-1.05,-0.35,,,0.686,manila,2026-07-19,RPLL,32.3,30.7,30.7,33.2,32.0,32.3,31.3,31.6,,,32.7,0.815,32.403,9,33.0,14,0.968,Asia/Manila,C
-0.193,-1.407,-1.271,-0.264,-1.129,-0.343,-1.079,-0.4,,,0.764,manila,2026-07-20,RPLL,33.1,32.4,31.8,32.2,32.2,32.9,32.0,32.2,,,33.9,0.623,33.171,9,33.0,14,0.98,Asia/Manila,C
-0.214,-1.364,-1.279,-0.279,-1.186,-0.379,-1.057,-0.457,,,0.864,manila,2026-07-21,RPLL,33.6,32.4,32.4,32.7,32.5,33.1,31.6,32.7,,,34.3,0.734,33.488,9,33.0,14,0.976,Asia/Manila,C
-0.271,-1.436,-1.321,-0.357,-1.214,-0.436,-1.121,-0.536,,,0.786,manila,2026-07-22,RPLL,33.8,32.4,32.3,33.2,32.9,34.0,32.3,32.5,,,33.9,0.673,33.753,9,33.0,14,0.908,Asia/Manila,C
-0.171,-1.371,-1.193,-0.393,-1.171,-0.336,-1.107,-0.486,,,0.807,manila,2026-07-23,RPLL,32.1,31.1,31.2,33.1,32.2,32.6,32.0,31.8,,,32.8,0.638,32.654,9,32.0,14,0.928,Asia/Manila,C
-0.121,-1.307,-1.143,-0.3,-1.05,-0.15,-0.986,-0.421,,,0.864,manila,2026-07-24,RPLL,29.5,29.6,29.0,28.6,28.5,29.6,30.0,29.6,,,28.8,0.499,29.792,9,30.0,14,0.934,Asia/Manila,C
-0.079,-1.114,-1.079,-0.393,-0.943,-0.05,-0.836,-0.343,,,0.743,manila,2026-07-25,RPLL,31.1,29.8,30.1,30.3,28.3,30.8,28.2,29.6,,,32.2,1.207,30.597,9,32.0,14,0.899,Asia/Manila,C
-0.043,-1.136,-1.093,-0.4,-0.979,-0.05,-1.014,-0.421,,,0.779,manila,2026-07-26,RPLL,30.2,30.3,29.3,28.9,29.1,31.1,30.0,30.4,,,32.3,1.001,30.644,9,31.0,14,0.947,Asia/Manila,C
0.029,-0.993,-1.057,-0.336,-0.836,0.107,-0.9,-0.35,,,1.021,manila,2026-07-27,RPLL,32.2,30.6,30.5,30.8,30.0,32.4,30.0,30.7,,,34.1,1.289,31.674,9,33.0,14,0.86,Asia/Manila,C
-0.043,-1.079,-1.179,-0.393,-1.071,0.079,-1.014,-0.457,,,0.971,manila,2026-07-28,RPLL,33.2,31.2,31.9,32.2,31.1,31.9,30.8,31.1,,,32.3,0.723,32.339,9,32.0,14,0.908,Asia/Manila,C
0.029,-1.086,-1.121,-0.386,-1.136,0.014,-1.1,-0.529,,,0.843,manila,2026-07-29,RPLL,26.8,26.4,26.3,26.1,27.9,28.4,27.7,28.4,,,26.2,0.907,27.572,9,27.0,14,0.841,Asia/Manila,C
0.043,-1.014,-1.064,-0.393,-0.971,0.114,-0.993,-0.443,,,0.693,manila,2026-07-30,RPLL,32.2,31.2,31.1,30.7,30.6,32.2,31.6,31.1,,,33.5,0.869,32.049,9,33.0,14,0.841,Asia/Manila,C
0.029,-1.021,-1.093,-0.55,-1.086,0.036,-1.043,-0.6,,,0.629,manila,2026-07-31,RPLL,31.7,31.2,31.2,32.4,31.8,33.3,31.9,30.9,,,33.4,0.846,32.432,9,33.0,14,0.865,Asia/Manila,C
-0.136,-1.143,-1.229,-0.643,-1.15,0.007,-1.121,-0.807,,,0.521,manila,2026-08-01,RPLL,31.9,30.1,30.2,33.3,31.0,32.7,31.3,31.0,,,33.0,1.114,32.141,9,32.0,14,0.797,Asia/Manila,C
-0.236,-1.257,-1.357,-0.664,-1.207,0.021,-1.164,-0.957,,,0.457,manila,2026-08-02,RPLL,28.3,27.5,27.4,30.5,29.7,29.2,29.5,29.3,,,28.4,0.979,29.41,9,30.0,14,0.717,Asia/Manila,C
-0.307,-1.271,-1.379,-0.643,-1.157,0.014,-1.079,-0.907,,,0.364,manila,2026-08-03,RPLL,28.3,28.0,28.3,26.8,26.8,28.0,28.3,27.4,,,28.3,0.6,28.582,9,30.0,14,0.717,Asia/Manila,C
-0.436,-1.371,-1.414,-0.814,-1.329,-0.121,-1.129,-1.036,,,0.179,manila,2026-08-04,RPLL,29.0,28.0,28.4,28.8,28.6,28.3,29.9,28.2,,,28.9,0.535,29.493,9,30.0,14,0.81,Asia/Manila,C
-0.55,-1.471,-1.486,-0.879,-1.393,-0.25,-1.036,-1.143,,,0.007,manila,2026-08-05,RPLL,28.5,26.9,28.0,27.1,27.9,29.4,30.8,28.7,,,28.8,1.123,29.295,9,28.0,14,0.81,Asia/Manila,C
-0.571,-1.507,-1.436,-0.957,-1.393,-0.221,-0.786,-1.057,,,-0.0,manila,2026-08-06,RPLL,29.1,27.3,28.5,28.3,28.1,28.7,29.2,28.9,,,28.5,0.547,29.405,9,29.0,14,0.858,Asia/Manila,C
-0.571,-1.564,-1.414,-1.086,-1.471,-0.286,-0.771,-1.05,,,-0.093,manila,2026-08-07,RPLL,28.5,26.9,27.4,28.3,28.7,28.8,28.4,27.5,,,28.2,0.618,29.006,9,29.0,14,0.847,Asia/Manila,C
-0.571,-1.686,-1.457,-1.036,-1.386,-0.271,-0.814,-1.129,,,-0.064,manila,2026-08-08,RPLL,27.9,26.8,27.2,27.7,27.9,28.4,29.7,27.1,,,28.0,0.807,28.745,9,28.0,14,0.845,Asia/Manila,C
-0.514,-1.614,-1.379,-0.936,-1.129,-0.157,-0.421,-1.021,,,-0.079,manila,2026-08-09,RPLL,28.7,27.8,28.3,26.8,28.4,28.8,29.1,27.9,,,29.6,0.771,29.238,9,31.0,14,0.783,Asia/Manila,C
-0.621,-1.793,-1.45,-1.086,-1.179,-0.321,-0.486,-1.2,,,-0.271,manila,2026-08-10,RPLL,29.8,27.8,29.1,27.9,29.6,29.5,29.3,28.8,,,30.1,0.757,30.105,9,32.0,14,0.909,Asia/Manila,C
-0.721,-1.921,-1.479,-1.221,-1.136,-0.457,-0.464,-1.264,,,-0.486,manila,2026-08-11,RPLL,30.0,29.0,29.4,29.0,29.9,30.2,30.1,29.5,,,30.7,0.54,30.792,9,31.0,14,0.978,Asia/Manila,C
-0.879,-2.007,-1.586,-1.379,-1.15,-0.507,-0.443,-1.307,,,-0.529,manila,2026-08-12,RPLL,28.6,28.3,28.1,28.9,29.7,29.5,29.0,28.8,,,29.7,0.55,30.011,9,30.0,14,0.976,Asia/Manila,C
-0.964,-2.086,-1.671,-1.393,-1.236,-0.643,-0.564,-1.493,,,-0.493,manila,2026-08-13,RPLL,27.8,27.4,27.7,27.4,29.8,28.1,28.9,27.6,,,28.7,0.77,29.329,9,28.0,14,0.964,Asia/Manila,C
-0.921,-2.0,-1.557,-1.271,-0.936,-0.579,-0.4,-1.386,,,-0.479,manila,2026-08-14,RPLL,28.9,27.6,27.9,28.7,30.7,29.5,30.3,29.3,,,28.9,0.95,30.093,9,28.0,14,0.995,Asia/Manila,C
-0.764,-1.9,-1.436,-1.179,-0.657,-0.493,-0.157,-1.143,,,-0.443,manila,2026-08-15,RPLL,30.8,30.5,30.1,29.3,31.3,30.7,31.0,30.1,,,32.3,0.798,31.636,9,31.0,14,1.131,Asia/Manila,C
-0.771,-1.8,-1.371,-1.393,-0.564,-0.564,-0.107,-1.136,,,-0.421,manila,2026-08-16,RPLL,30.1,29.4,29.4,29.2,29.9,30.5,30.5,29.9,,,32.0,0.803,30.986,9,32.0,14,1.143,Asia/Manila,C
-0.786,-1.807,-1.371,-1.629,-0.693,-0.614,-0.179,-1.236,,,-0.307,manila,2026-08-17,RPLL,27.2,27.2,27.5,27.4,26.8,28.7,28.7,28.3,,,27.6,0.651,28.598,9,30.0,14,1.164,Asia/Manila,C
-0.864,-1.864,-1.429,-1.586,-0.693,-0.564,-0.15,-1.171,,,-0.357,manila,2026-08-18,RPLL,28.1,27.2,27.5,25.8,26.2,27.9,27.9,27.5,,,27.7,0.75,28.368,9,29.0,14,1.163,Asia/Manila,C
-0.857,-1.85,-1.421,-1.729,-0.793,-0.521,-0.221,-1.15,,,-0.371,manila,2026-08-19,RPLL,29.1,28.5,28.6,27.8,28.5,30.0,28.5,29.4,,,30.6,0.822,30.005,9,30.0,14,1.167,Asia/Manila,C
-0.957,-1.879,-1.521,-1.821,-0.893,-0.621,-0.529,-1.243,,,-0.386,manila,2026-08-20,RPLL,30.8,30.3,29.8,29.4,31.8,31.7,31.5,30.1,,,33.1,1.111,32.024,9,32.0,14,1.115,Asia/Manila,C
-1.05,-1.879,-1.643,-1.957,-0.843,-0.621,-0.579,-1.371,,,-0.271,manila,2026-08-21,RPLL,31.1,30.9,30.3,30.4,31.0,30.9,31.4,30.6,,,32.8,0.701,32.174,9,32.0,14,1.11,Asia/Manila,C
-1.079,-1.807,-1.65,-2.021,-0.893,-0.686,-0.579,-1.364,,,-0.157,manila,2026-08-22,RPLL,30.9,30.1,29.9,29.6,31.2,30.6,30.2,30.2,,,31.5,0.593,31.66,9,32.0,14,1.111,Asia/Manila,C
-1.15,-1.857,-1.743,-2.171,-0.943,-0.814,-0.829,-1.429,,,-0.193,manila,2026-08-23,RPLL,31.1,30.8,30.2,30.0,30.5,30.8,30.9,30.5,,,32.3,0.626,32.046,9,32.0,14,1.096,Asia/Manila,C
-1.05,-1.714,-1.679,-2.014,-0.864,-0.743,-0.771,-1.314,,,-0.071,manila,2026-08-24,RPLL,30.4,29.7,29.7,29.1,31.7,31.3,31.0,30.5,,,31.8,0.895,31.695,9,32.0,14,0.99,Asia/Manila,C
-1.007,-1.579,-1.636,-1.929,-0.714,-0.614,-0.65,-1.193,,,0.05,manila,2026-08-25,RPLL,30.2,29.7,29.1,29.6,32.3,31.2,30.3,30.8,,,32.5,1.116,31.609,9,31.0,14,0.855,Asia/Manila,C
-0.993,-1.529,-1.657,-1.886,-0.543,-0.543,-0.636,-1.1,,,0.179,manila,2026-08-26,RPLL,31.2,30.6,30.6,29.7,32.6,31.8,31.1,31.1,,,32.7,0.914,32.264,9,32.0,14,0.868,Asia/Manila,C
-0.95,-1.507,-1.621,-1.971,-0.479,-0.521,-0.629,-1.079,,,0.25,manila,2026-08-27,RPLL,31.0,29.4,30.1,29.5,30.1,30.5,30.0,30.0,,,31.1,0.555,31.208,9,32.0,14,0.871,Asia/Manila,C
-1.007,-1.65,-1.736,-2.107,-0.743,-0.636,-0.836,-1.193,,,0.136,manila,2026-08-28,RPLL,27.1,26.7,27.0,26.8,27.7,29.0,27.4,28.3,,,27.8,0.712,28.572,9,28.0,14,0.823,Asia/Manila,C
-1.136,-1.714,-1.8,-2.243,-0.957,-0.671,-1.043,-1.264,,,0.057,manila,2026-08-29,RPLL,26.9,26.8,27.5,26.4,26.7,28.1,27.8,27.4,,,27.5,0.529,28.417,9,27.0,14,0.623,Asia/Manila,C
-1.129,-1.693,-1.7,-2.164,-1.0,-0.571,-0.986,-1.171,,,0.0,manila,2026-08-30,RPLL,29.4,28.2,28.7,27.1,29.9,29.9,29.2,28.6,,,30.6,0.991,30.281,9,30.0,14,0.709,Asia/Manila,C
-1.036,-1.636,-1.607,-2.171,-0.857,-0.471,-0.936,-1.121,,,0.043,manila,2026-08-31,RPLL,31.6,31.3,30.8,29.2,31.2,32.4,31.1,30.9,,,32.5,0.916,32.381,9,33.0,14,0.66,Asia/Manila,C
-0.936,-1.557,-1.586,-2.257,-0.757,-0.421,-0.979,-1.15,,,0.179,manila,2026-09-01,RPLL,31.7,30.8,30.6,30.2,30.7,31.1,31.2,30.8,,,32.8,0.72,32.175,9,32.0,14,0.567,Asia/Manila,C
-0.893,-1.514,-1.579,-2.157,-0.65,-0.407,-0.957,-1.129,,,0.329,manila,2026-09-02,RPLL,30.9,29.6,29.7,29.9,30.7,31.5,30.2,30.2,,,31.4,0.665,31.46,9,33.0,14,0.544,Asia/Manila,C
-0.979,-1.65,-1.714,-2.221,-0.707,-0.514,-1.05,-1.286,,,0.171,manila,2026-09-03,RPLL,30.6,29.9,29.8,29.1,30.1,30.1,30.5,29.6,,,31.4,0.621,31.263,9,32.0,14,0.682,Asia/Manila,C
-0.993,-1.679,-1.714,-2.243,-0.829,-0.629,-1.121,-1.321,,,0.05,manila,2026-09-04,RPLL,29.1,28.0,28.4,28.5,28.8,29.5,29.7,29.4,,,28.0,0.603,29.957,9,29.0,14,0.71,Asia/Manila,C
-0.921,-1.671,-1.636,-2.164,-0.771,-0.514,-1.029,-1.193,,,-0.079,manila,2026-09-05,RPLL,27.4,27.0,27.1,26.1,26.6,28.5,29.0,27.5,,,29.4,1.05,28.658,9,29.0,14,0.753,Asia/Manila,C
-0.957,-1.679,-1.621,-2.2,-0.886,-0.45,-0.9,-1.171,,,-0.014,manila,2026-09-06,RPLL,28.3,27.6,27.6,28.1,28.2,28.3,29.2,28.4,,,27.8,0.464,29.227,9,30.0,14,0.753,Asia/Manila,C
-1.014,-1.764,-1.664,-2.193,-0.907,-0.486,-0.879,-1.179,,,-0.193,manila,2026-09-07,RPLL,27.7,27.0,27.3,29.0,29.7,28.7,28.8,28.1,,,28.4,0.814,29.34,9,27.0,14,0.781,Asia/Manila,C
-0.85,-1.6,-1.479,-1.843,-0.693,-0.314,-0.679,-0.993,,,-0.079,manila,2026-09-08,RPLL,28.5,28.1,26.9,28.6,27.7,28.1,29.3,28.1,,,28.8,0.648,29.125,9,28.0,14,0.997,Asia/Manila,C
-0.757,-1.5,-1.421,-1.7,-0.807,-0.321,-0.536,-0.971,,,-0.129,manila,2026-09-09,RPLL,28.4,27.3,27.8,27.1,27.1,29.0,28.3,27.7,,,28.3,0.621,28.83,9,30.0,14,1.029,Asia/Manila,C
-0.814,-1.593,-1.479,-1.743,-1.057,-0.379,-0.593,-1.071,,,-0.3,manila,2026-09-10,RPLL,29.2,27.7,28.2,28.4,26.4,28.9,27.6,27.6,,,29.1,0.85,29.197,9,30.0,14,1.073,Asia/Manila,C
-0.8,-1.571,-1.471,-1.679,-1.179,-0.35,-0.621,-1.1,,,-0.3,manila,2026-09-11,RPLL,30.1,28.3,28.7,29.2,28.9,29.9,29.8,29.2,,,31.6,0.921,30.507,9,30.0,14,1.073,Asia/Manila,C
-0.729,-1.6,-1.493,-1.65,-1.236,-0.429,-0.593,-1.179,,,-0.171,manila,2026-09-12,RPLL,30.6,29.2,29.5,28.7,29.2,31.4,28.9,29.1,,,31.8,1.081,30.908,9,31.0,14,1.071,Asia/Manila,C
-0.75,-1.714,-1.636,-1.771,-1.343,-0.479,-0.8,-1.343,,,-0.15,manila,2026-09-13,RPLL,31.5,29.9,30.2,31.0,31.2,32.2,30.9,30.2,,,33.4,1.04,32.251,9,32.0,14,1.002,Asia/Manila,C
-0.743,-1.736,-1.671,-1.636,-1.393,-0.457,-0.821,-1.371,,,-0.093,manila,2026-09-14,RPLL,32.4,31.0,30.7,31.5,31.8,33.0,32.1,31.1,,,33.4,0.87,32.981,9,32.0,14,1.002,Asia/Manila,C
-0.614,-1.686,-1.607,-1.4,-1.279,-0.343,-0.679,-1.286,,,0.043,manila,2026-09-15,RPLL,30.2,29.1,30.0,30.8,30.9,31.0,30.0,30.5,,,30.8,0.575,31.311,9,31.0,14,1.022,Asia/Manila,C
-0.65,-1.736,-1.579,-1.286,-1.193,-0.279,-0.693,-1.236,,,-0.029,manila,2026-09-16,RPLL,31.8,29.5,30.5,30.9,31.7,30.7,30.4,30.8,,,31.5,0.685,31.889,9,32.0,14,1.024,Asia/Manila,C
-0.514,-1.671,-1.45,-1.143,-1.05,-0.264,-0.607,-1.121,,,0.05,manila,2026-09-17,RPLL,30.1,29.1,29.7,30.3,32.6,29.8,29.3,30.1,,,30.2,0.953,31.021,9,31.0,14,0.938,Asia/Manila,C
-0.479,-1.657,-1.386,-0.986,-0.8,-0.214,-0.621,-1.014,,,0.036,manila,2026-09-18,RPLL,30.6,29.5,28.8,29.9,30.8,31.5,30.3,31.0,,,31.6,0.871,31.184,9,33.0,14,0.918,Asia/Manila,C
-0.657,-1.836,-1.643,-1.171,-0.943,-0.357,-0.864,-1.186,,,0.007,manila,2026-09-19,RPLL,32.1,29.9,30.2,30.5,31.8,32.2,31.6,31.8,,,33.5,1.069,32.451,9,34.0,14,1.006,Asia/Manila,C
-0.679,-1.986,-1.779,-1.214,-0.929,-0.45,-1.036,-1.236,,,-0.057,manila,2026-09-20,RPLL,32.2,31.3,31.0,31.4,31.5,31.9,31.4,30.8,,,33.9,0.87,32.783,9,33.0,14,1.084,Asia/Manila,C
-0.614,-1.936,-1.75,-1.193,-0.907,-0.407,-1.093,-1.279,,,0.164,manila,2026-09-21,RPLL,31.4,31.0,30.5,30.2,30.9,31.7,30.7,30.2,,,32.3,0.664,32.05,9,32.0,14,1.066,Asia/Manila,C
-0.707,-2.007,-1.879,-1.464,-1.179,-0.55,-1.314,-1.486,,,0.086,manila,2026-09-22,RPLL,31.7,30.5,29.9,30.7,30.5,31.5,29.1,29.9,,,31.6,0.835,31.862,9,32.0,14,0.863,Asia/Manila,C
-0.764,-2.121,-1.95,-1.6,-1.264,-0.593,-1.614,-1.643,,,0.0,manila,2026-09-23,RPLL,31.9,30.4,30.1,31.0,31.6,32.4,30.9,30.9,,,32.9,0.873,32.613,9,32.0,14,0.81,Asia/Manila,C
-0.56,-0.38,0.18,-0.6,0.38,-0.56,-0.56,-1.32,,,0.62,tokyo,2026-07-01,RJTT,26.6,26.5,27.9,27.8,26.9,25.6,26.6,25.0,,,27.9,0.958,27.067,9,27.0,0,1.2,Asia/Tokyo,C
-0.533,-0.4,0.3,-0.367,0.3,-0.7,-0.533,-1.433,,,0.667,tokyo,2026-07-02,RJTT,24.1,23.3,23.5,23.7,23.5,23.1,24.1,23.0,,,23.5,0.365,23.83,9,24.0,0,1.2,Asia/Tokyo,C
-0.443,-0.443,0.186,-0.357,0.186,-0.729,-0.443,-1.371,,,0.5,tokyo,2026-07-03,RJTT,26.0,25.3,25.8,23.9,27.0,25.5,26.0,24.6,,,27.8,1.101,26.122,9,26.0,0,1.2,Asia/Tokyo,C
-0.387,-0.475,0.137,-0.575,0.288,-0.7,-0.387,-1.375,,,0.663,tokyo,2026-07-04,RJTT,25.8,25.5,26.4,25.5,25.8,24.9,25.8,25.1,,,28.1,0.887,26.161,9,27.0,8,0.885,Asia/Tokyo,C
-0.478,-0.589,0.056,-0.678,0.122,-0.856,-0.478,-1.433,,,0.711,tokyo,2026-07-05,RJTT,24.7,25.6,27.1,24.9,26.9,24.6,24.7,24.6,,,28.2,1.279,26.1,9,26.0,9,0.88,Asia/Tokyo,C
-0.56,-0.57,0.16,-0.72,0.2,-0.91,-0.56,-1.43,,,0.86,tokyo,2026-07-06,RJTT,23.9,25.0,25.5,26.4,24.5,24.8,23.9,24.1,,,28.1,1.299,25.399,9,26.0,10,0.835,Asia/Tokyo,C
-0.7,-0.609,0.1,-0.618,0.045,-0.936,-0.7,-1.473,,,0.973,tokyo,2026-07-07,RJTT,24.5,25.0,25.1,26.0,26.6,24.9,24.5,23.6,,,26.8,0.991,25.612,9,24.0,11,0.816,Asia/Tokyo,C
-0.6,-0.475,0.183,-0.4,0.258,-0.783,-0.6,-1.383,,,1.125,tokyo,2026-07-08,RJTT,28.4,28.9,29.9,29.1,28.9,28.4,28.4,26.5,,,29.8,0.943,29.045,9,28.0,12,0.91,Asia/Tokyo,C
-0.523,-0.369,0.315,-0.285,0.308,-0.692,-0.523,-1.392,,,1.177,tokyo,2026-07-09,RJTT,28.4,30.4,30.9,29.7,29.5,29.6,28.4,27.8,,,31.1,1.089,29.767,9,30.0,13,0.921,Asia/Tokyo,C
-0.6,-0.314,0.357,-0.286,0.25,-0.671,-0.6,-1.45,,,1.171,tokyo,2026-07-10,RJTT,29.0,31.6,33.0,29.5,30.4,29.7,29.0,27.3,,,31.0,1.575,30.432,9,30.0,14,0.89,Asia/Tokyo,C
-0.457,0.071,0.729,-0.143,0.121,-0.55,-0.457,-1.421,,,1.443,tokyo,2026-07-11,RJTT,28.7,31.1,32.7,30.5,29.6,29.5,28.7,27.2,,,30.8,1.522,30.016,9,30.0,14,0.67,Asia/Tokyo,C
-0.543,0.15,0.893,-0.164,0.064,-0.629,-0.543,-1.593,,,1.457,tokyo,2026-07-12,RJTT,27.6,29.7,32.7,29.7,29.8,28.2,27.6,27.2,,,29.6,1.61,29.284,9,29.0,14,0.668,Asia/Tokyo,C
-0.593,0.264,1.186,-0.036,0.221,-0.607,-0.593,-1.664,,,1.364,tokyo,2026-07-13,RJTT,28.2,29.7,32.0,31.3,30.2,28.6,28.2,27.8,,,31.8,1.556,29.753,9,28.0,14,0.652,Asia/Tokyo,C
-0.571,0.264,1.35,0.221,0.407,-0.579,-0.571,-1.629,,,1.579,tokyo,2026-07-14,RJTT,31.1,34.5,36.8,31.9,33.3,32.4,31.1,30.1,,,34.7,2.02,32.946,9,34.0,14,0.796,Asia/Tokyo,C
-0.857,0.221,1.45,0.064,0.279,-0.657,-0.857,-1.793,,,1.443,tokyo,2026-07-15,RJTT,30.8,33.2,35.2,32.0,32.1,31.5,30.8,29.9,,,33.7,1.562,32.271,9,33.0,14,0.816,Asia/Tokyo,C
-0.986,0.271,1.543,-0.064,0.221,-0.664,-0.986,-1.871,,,1.429,tokyo,2026-07-16,RJTT,32.7,34.1,36.6,33.2,33.4,32.8,32.7,30.3,,,34.6,1.604,33.608,9,32.0,14,0.839,Asia/Tokyo,C
-0.943,0.471,1.907,0.043,0.357,-0.543,-0.943,-1.921,,,1.65,tokyo,2026-07-17,RJTT,28.4,29.1,31.9,31.6,30.9,29.0,28.4,28.2,,,31.8,1.503,29.821,9,32.0,14,0.941,Asia/Tokyo,C
-1.2,0.314,1.914,0.164,0.207,-0.721,-1.2,-2.093,,,1.507,tokyo,2026-07-18,RJTT,28.5,28.3,29.1,29.7,30.6,28.2,28.5,26.3,,,29.8,1.163,28.878,9,29.0,14,1.106,Asia/Tokyo,C
-1.15,0.371,1.964,0.321,0.407,-0.629,-1.15,-2.15,,,1.486,tokyo,2026-07-19,RJTT,30.0,31.6,32.7,31.9,31.7,31.3,30.0,29.4,,,33.1,1.193,31.311,9,32.0,14,1.084,Asia/Tokyo,C
-1.2,0.371,1.936,0.393,0.321,-0.579,-1.2,-2.236,,,1.407,tokyo,2026-07-20,RJTT,32.4,35.2,37.1,33.9,34.5,33.9,32.4,30.8,,,36.4,1.897,34.211,9,35.0,14,1.099,Asia/Tokyo,C
-1.236,0.457,2.121,0.286,0.393,-0.571,-1.236,-2.4,,,1.357,tokyo,2026-07-21,RJTT,32.3,36.0,39.1,34.9,35.2,34.3,32.3,30.9,,,37.2,2.443,34.844,9,34.0,14,1.108,Asia/Tokyo,C
-1.393,0.529,2.407,0.207,0.293,-0.614,-1.393,-2.593,,,1.386,tokyo,2026-07-22,RJTT,32.8,36.5,38.9,35.1,34.4,34.1,32.8,31.6,,,36.8,2.178,34.956,9,34.0,14,1.045,Asia/Tokyo,C
-1.507,0.643,2.621,0.207,0.257,-0.636,-1.507,-2.657,,,1.457,tokyo,2026-07-23,RJTT,34.3,35.2,38.8,36.1,35.8,34.6,34.3,31.9,,,37.2,1.849,35.508,9,35.0,14,1.039,Asia/Tokyo,C
-1.443,0.629,2.829,0.307,0.35,-0.636,-1.443,-2.721,,,1.536,tokyo,2026-07-24,RJTT,31.5,32.6,34.1,32.4,32.4,31.5,31.5,29.1,,,33.7,1.377,32.164,9,34.0,14,1.046,Asia/Tokyo,C
-1.55,0.414,2.621,0.229,0.207,-0.793,-1.55,-2.879,,,1.443,tokyo,2026-07-25,RJTT,33.3,34.1,34.9,33.3,35.7,34.1,33.3,30.1,,,36.8,1.771,34.172,9,36.0,14,1.149,Asia/Tokyo,C
-1.65,0.2,2.35,-0.0,0.214,-0.893,-1.65,-3.1,,,1.443,tokyo,2026-07-26,RJTT,30.8,30.3,33.5,30.8,31.8,31.5,30.8,29.1,,,34.2,1.491,31.735,9,32.0,14,1.249,Asia/Tokyo,C
-1.636,0.029,2.193,-0.136,0.143,-0.871,-1.636,-3.179,,,1.557,tokyo,2026-07-27,RJTT,28.7,29.9,31.0,28.9,30.1,29.2,28.7,26.8,,,31.4,1.305,29.811,9,29.0,14,1.249,Asia/Tokyo,C
-1.671,-0.029,2.05,-0.379,0.064,-0.9,-1.671,-3.321,,,1.457,tokyo,2026-07-28,RJTT,28.8,28.3,30.1,29.9,29.3,29.8,28.8,27.9,,,31.4,1.004,29.736,9,30.0,14,1.178,Asia/Tokyo,C
-1.55,-0.186,1.857,-0.236,0.064,-0.8,-1.55,-3.193,,,1.507,tokyo,2026-07-29,RJTT,32.9,34.5,36.3,34.6,35.7,34.0,32.9,30.8,,,36.1,1.683,34.661,9,34.0,14,1.145,Asia/Tokyo,C
-1.471,-0.164,1.864,-0.121,0.25,-0.693,-1.471,-3.2,,,1.607,tokyo,2026-07-30,RJTT,32.9,36.4,39.2,34.8,34.3,33.9,32.9,32.7,,,37.1,2.103,35.325,9,35.0,14,1.143,Asia/Tokyo,C
-1.671,-0.214,1.836,-0.221,0.1,-0.829,-1.671,-3.243,,,1.571,tokyo,2026-07-31,RJTT,32.6,35.8,38.7,34.6,35.1,33.0,32.6,32.0,,,35.9,2.038,35.024,9,35.0,14,1.062,Asia/Tokyo,C
-1.586,0.05,2.107,-0.221,0.186,-0.757,-1.586,-3.186,,,1.65,tokyo,2026-08-01,RJTT,33.1,36.4,39.6,34.7,35.0,33.9,33.1,32.3,,,36.9,2.174,35.439,9,35.0,14,0.888,Asia/Tokyo,C
-1.686,0.2,2.429,-0.293,0.071,-0.779,-1.686,-3.186,,,1.729,tokyo,2026-08-02,RJTT,32.6,32.9,37.6,35.5,35.0,32.3,32.6,29.1,,,36.9,2.503,34.197,9,33.0,14,0.896,Asia/Tokyo,C
-1.571,0.221,2.707,-0.107,0.236,-0.779,-1.571,-3.279,,,1.929,tokyo,2026-08-03,RJTT,26.7,26.7,27.5,26.9,27.0,26.2,26.7,25.2,,,28.3,0.799,26.983,9,27.0,14,0.933,Asia/Tokyo,C
-1.407,0.186,2.593,-0.036,0.271,-0.757,-1.407,-3.107,,,1.921,tokyo,2026-08-04,RJTT,28.1,29.4,29.6,30.7,30.5,28.9,28.1,27.5,,,29.6,1.037,29.24,9,28.0,14,0.909,Asia/Tokyo,C
-1.279,0.143,2.343,0.093,0.364,-0.714,-1.279,-2.921,,,1.807,tokyo,2026-08-05,RJTT,29.0,31.0,32.8,32.5,31.8,29.9,29.0,28.9,,,31.8,1.483,30.819,9,30.0,14,0.941,Asia/Tokyo,C
-1.264,0.036,2.193,0.193,0.464,-0.729,-1.264,-2.829,,,1.736,tokyo,2026-08-06,RJTT,30.7,32.5,33.9,32.0,31.7,31.3,30.7,28.6,,,33.0,1.451,31.793,9,31.0,14,0.931,Asia/Tokyo,C
-1.236,0.129,2.129,0.186,0.457,-0.679,-1.236,-2.779,,,1.721,tokyo,2026-08-07,RJTT,30.9,32.7,34.0,32.0,32.6,30.6,30.9,30.3,,,32.0,1.139,31.944,9,33.0,14,0.946,Asia/Tokyo,C
-1.207,0.207,2.193,0.229,0.543,-0.671,-1.207,-2.621,,,1.671,tokyo,2026-08-08,RJTT,31.8,34.0,34.7,32.5,32.9,31.9,31.8,30.7,,,33.9,1.223,32.81,9,34.0,14,0.856,Asia/Tokyo,C
-1.171,0.343,2.321,0.314,0.486,-0.686,-1.171,-2.436,,,1.607,tokyo,2026-08-09,RJTT,31.2,33.9,36.2,32.9,32.3,31.4,31.2,30.4,,,34.3,1.761,32.724,9,33.0,14,0.772,Asia/Tokyo,C
-1.214,0.529,2.443,0.393,0.45,-0.764,-1.214,-2.414,,,1.543,tokyo,2026-08-10,RJTT,29.2,29.7,31.4,33.1,31.2,30.5,29.2,29.0,,,32.1,1.366,30.461,9,30.0,14,0.772,Asia/Tokyo,C
-1.25,0.443,2.4,0.621,0.457,-0.743,-1.25,-2.329,,,1.521,tokyo,2026-08-11,RJTT,27.2,29.9,30.2,30.1,29.7,29.5,27.2,27.0,,,30.7,1.396,28.991,9,31.0,14,0.751,Asia/Tokyo,C
-1.436,0.486,2.336,0.564,0.414,-0.836,-1.436,-2.464,,,1.4,tokyo,2026-08-12,RJTT,28.0,26.7,26.7,27.0,28.8,26.7,28.0,26.9,,,28.6,0.812,27.537,9,29.0,14,0.921,Asia/Tokyo,C
-1.429,0.286,2.007,0.379,0.279,-1.0,-1.429,-2.386,,,1.221,tokyo,2026-08-13,RJTT,27.5,25.8,27.7,25.9,30.6,27.6,27.5,25.4,,,27.7,1.461,27.57,9,28.0,14,0.984,Asia/Tokyo,C
-1.314,0.029,1.686,0.243,0.514,-0.95,-1.314,-2.407,,,1.05,tokyo,2026-08-14,RJTT,29.1,27.8,28.9,27.2,29.8,27.4,29.1,26.5,,,31.2,1.383,28.854,9,31.0,14,0.987,Asia/Tokyo,C
-1.279,-0.257,1.271,0.0,0.421,-1.064,-1.279,-2.514,,,1.0,tokyo,2026-08-15,RJTT,28.8,28.4,28.6,28.1,30.7,27.8,28.8,26.7,,,29.5,1.046,29.031,9,29.0,14,1.142,Asia/Tokyo,C
-1.157,-0.4,0.914,-0.043,0.543,-1.071,-1.157,-2.486,,,0.9,tokyo,2026-08-16,RJTT,25.7,26.1,25.9,26.8,27.7,26.7,25.7,25.4,,,26.8,0.695,26.674,9,26.0,14,1.136,Asia/Tokyo,C
-1.15,-0.386,0.579,-0.164,0.521,-0.971,-1.15,-2.25,,,0.679,tokyo,2026-08-17,RJTT,29.7,29.2,29.9,29.3,30.2,28.4,29.7,27.6,,,30.6,0.869,29.903,9,29.0,14,1.105,Asia/Tokyo,C
-1.079,-0.35,0.607,-0.136,0.607,-0.957,-1.079,-2.221,,,0.7,tokyo,2026-08-18,RJTT,30.3,30.8,30.9,29.4,31.0,29.8,30.3,27.3,,,32.4,1.314,30.747,9,31.0,14,1.131,Asia/Tokyo,C
-1.136,-0.464,0.486,-0.443,0.429,-1.107,-1.136,-2.45,,,0.686,tokyo,2026-08-19,RJTT,31.6,31.6,31.5,31.8,31.8,30.7,31.6,28.8,,,32.7,1.02,31.926,9,32.0,14,1.083,Asia/Tokyo,C
-1.093,-0.564,0.25,-0.636,0.286,-1.193,-1.093,-2.6,,,0.607,tokyo,2026-08-20,RJTT,30.2,31.9,31.8,31.9,31.3,30.9,30.2,29.3,,,33.2,1.108,31.801,9,32.0,14,1.061,Asia/Tokyo,C
-1.2,-0.679,0.029,-0.714,0.186,-1.293,-1.2,-2.621,,,0.55,tokyo,2026-08-21,RJTT,29.4,30.0,31.5,31.4,30.9,30.4,29.4,28.8,,,32.8,1.194,31.203,9,32.0,14,1.041,Asia/Tokyo,C
-1.236,-0.8,-0.079,-0.686,0.136,-1.236,-1.236,-2.657,,,0.679,tokyo,2026-08-22,RJTT,30.0,29.1,31.7,31.4,30.7,30.3,30.0,28.3,,,32.6,1.248,31.204,9,31.0,14,1.024,Asia/Tokyo,C
-1.15,-0.936,-0.079,-0.55,0.193,-1.136,-1.15,-2.614,,,0.8,tokyo,2026-08-23,RJTT,29.3,30.5,31.6,29.1,31.5,30.9,29.3,28.3,,,31.7,1.197,31.028,9,30.0,14,0.975,Asia/Tokyo,C
-1.071,-0.964,-0.193,-0.607,0.35,-0.957,-1.071,-2.55,,,0.829,tokyo,2026-08-24,RJTT,30.8,33.1,32.6,31.8,32.3,31.9,30.8,29.5,,,33.7,1.224,32.544,9,33.0,14,1.01,Asia/Tokyo,C
-1.171,-0.936,-0.321,-0.914,0.214,-1.071,-1.171,-2.729,,,0.729,tokyo,2026-08-25,RJTT,32.0,35.3,35.9,33.2,34.5,32.5,32.0,30.9,,,34.2,1.589,34.302,9,34.0,14,1.01,Asia/Tokyo,C
-1.043,-0.764,-0.129,-0.907,0.343,-1.071,-1.043,-2.664,,,0.764,tokyo,2026-08-26,RJTT,32.5,34.1,37.1,34.2,33.9,33.3,32.5,31.0,,,35.9,1.733,34.6,9,33.0,14,0.86,Asia/Tokyo,C
-1.007,-0.521,0.329,-0.679,0.421,-0.886,-1.007,-2.657,,,1.0,tokyo,2026-08-27,RJTT,28.2,29.7,31.4,29.4,30.4,31.6,28.2,29.0,,,30.8,1.205,30.355,9,30.0,14,0.877,Asia/Tokyo,C
-1.1,-0.386,0.45,-0.571,0.264,-0.743,-1.1,-2.543,,,1.079,tokyo,2026-08-28,RJTT,31.1,32.3,35.4,32.2,31.8,32.5,31.1,30.4,,,33.5,1.407,32.805,9,32.0,14,0.874,Asia/Tokyo,C
-1.029,-0.136,0.843,-0.286,0.336,-0.45,-1.029,-2.336,,,1.171,tokyo,2026-08-29,RJTT,26.3,27.1,26.6,27.2,27.2,27.0,26.3,26.3,,,28.1,0.562,27.138,9,27.0,14,0.694,Asia/Tokyo,C
-1.064,-0.086,0.843,-0.207,0.229,-0.364,-1.064,-2.221,,,1.214,tokyo,2026-08-30,RJTT,25.9,25.7,26.6,26.4,26.2,25.4,25.9,24.7,,,26.2,0.543,26.187,9,25.0,14,0.695,Asia/Tokyo,C
-0.979,-0.043,0.964,-0.164,0.193,-0.386,-0.979,-2.2,,,1.243,tokyo,2026-08-31,RJTT,27.5,27.0,26.9,28.1,28.0,27.3,27.5,26.1,,,28.5,0.682,27.633,9,27.0,14,0.743,Asia/Tokyo,C
-0.993,-0.057,0.893,-0.107,0.179,-0.321,-0.993,-2.164,,,1.236,tokyo,2026-09-01,RJTT,28.8,27.0,29.0,28.9,29.4,28.8,28.8,27.2,,,30.4,0.982,28.914,9,28.0,14,0.722,Asia/Tokyo,C
-0.886,-0.114,0.971,0.071,0.279,-0.179,-0.886,-1.957,,,1.307,tokyo,2026-09-02,RJTT,30.2,30.6,31.2,30.9,31.1,30.6,30.2,28.7,,,32.6,0.976,30.819,9,31.0,14,0.76,Asia/Tokyo,C
-0.914,-0.114,1.021,0.079,0.3,-0.114,-0.914,-1.893,,,1.371,tokyo,2026-09-03,RJTT,29.9,28.7,30.6,30.0,31.9,30.2,29.9,30.0,,,31.2,0.851,30.349,9,31.0,14,0.761,Asia/Tokyo,C
-0.864,-0.271,1.007,0.014,0.414,-0.093,-0.864,-1.771,,,1.3,tokyo,2026-09-04,RJTT,25.0,25.1,24.9,28.7,26.9,26.3,25.0,26.9,,,28.4,1.4,26.227,9,27.0,14,0.779,Asia/Tokyo,C
-0.821,-0.264,0.893,0.179,0.486,-0.029,-0.821,-1.55,,,1.343,tokyo,2026-09-05,RJTT,25.1,25.6,25.7,24.5,24.4,24.8,25.1,24.1,,,26.7,0.753,25.206,9,25.0,14,0.777,Asia/Tokyo,C
-0.743,-0.086,0.893,0.114,0.464,0.007,-0.743,-1.421,,,1.35,tokyo,2026-09-06,RJTT,23.5,22.4,22.4,23.7,22.9,23.5,23.5,23.3,,,23.0,0.459,23.092,9,23.0,14,0.777,Asia/Tokyo,C
-0.657,-0.164,0.736,0.229,0.35,-0.021,-0.657,-1.279,,,1.229,tokyo,2026-09-07,RJTT,24.2,23.2,24.5,24.5,24.5,24.1,24.2,24.8,,,25.1,0.501,24.315,9,24.0,14,0.727,Asia/Tokyo,C
-0.486,-0.229,0.8,0.35,0.436,0.064,-0.486,-0.971,,,1.257,tokyo,2026-09-08,RJTT,29.1,28.2,28.9,28.1,30.5,29.0,29.1,26.4,,,31.9,1.449,28.987,9,28.0,14,0.722,Asia/Tokyo,C
-0.264,-0.307,0.729,0.414,0.579,0.243,-0.264,-0.864,,,1.521,tokyo,2026-09-09,RJTT,30.3,28.5,31.2,29.4,32.2,30.0,30.3,27.4,,,32.3,1.522,30.069,9,31.0,14,0.764,Asia/Tokyo,C
-0.279,-0.564,0.45,0.214,0.6,0.15,-0.279,-0.979,,,1.407,tokyo,2026-09-10,RJTT,21.5,21.2,21.6,21.4,22.0,21.3,21.5,21.3,,,21.9,0.257,21.452,9,22.0,14,0.681,Asia/Tokyo,C
-0.186,-0.6,0.321,0.214,0.571,-0.014,-0.186,-0.957,,,1.343,tokyo,2026-09-11,RJTT,20.7,21.4,21.9,20.0,20.9,21.0,20.7,21.1,,,21.2,0.495,20.984,9,21.0,14,0.69,Asia/Tokyo,C
-0.143,-0.593,0.143,0.129,0.579,-0.05,-0.143,-0.836,,,1.25,tokyo,2026-09-12,RJTT,24.7,24.2,24.6,22.7,22.8,24.0,24.7,22.6,,,24.2,0.834,23.919,9,23.0,14,0.655,Asia/Tokyo,C
0.029,-0.514,0.286,0.093,0.55,0.021,0.029,-0.814,,,1.257,tokyo,2026-09-13,RJTT,24.9,25.8,26.5,24.7,25.6,25.0,24.9,24.0,,,25.7,0.696,25.209,9,25.0,14,0.699,Asia/Tokyo,C
-0.043,-0.507,0.279,-0.029,0.507,-0.007,-0.043,-0.864,,,1.221,tokyo,2026-09-14,RJTT,29.4,29.6,30.1,28.9,30.4,29.4,29.4,26.7,,,31.6,1.239,29.522,9,30.0,14,0.625,Asia/Tokyo,C
-0.121,-0.536,0.293,-0.186,0.464,-0.071,-0.121,-1.036,,,1.229,tokyo,2026-09-15,RJTT,27.2,27.0,27.8,26.4,27.0,27.0,27.2,26.1,,,28.3,0.621,27.159,9,28.0,14,0.615,Asia/Tokyo,C
-0.236,-0.536,0.207,-0.364,0.293,-0.2,-0.236,-1.114,,,1.079,tokyo,2026-09-16,RJTT,23.2,22.7,22.5,23.4,23.1,23.8,23.2,22.8,,,23.6,0.4,23.217,9,23.0,14,0.608,Asia/Tokyo,C
-0.164,-0.529,0.157,-0.329,0.293,-0.114,-0.164,-0.964,,,1.007,tokyo,2026-09-17,RJTT,24.5,24.4,24.6,22.4,24.9,23.9,24.5,23.3,,,24.9,0.78,24.331,9,24.0,14,0.609,Asia/Tokyo,C
-0.05,-0.336,0.229,-0.371,0.293,-0.064,-0.05,-0.943,,,1.057,tokyo,2026-09-18,RJTT,22.8,24.9,24.7,23.9,26.5,24.9,22.8,23.2,,,25.3,1.182,24.344,9,25.0,14,0.59,Asia/Tokyo,C
-0.064,-0.207,0.357,-0.571,0.407,-0.021,-0.064,-1.064,,,0.979,tokyo,2026-09-19,RJTT,22.6,23.9,23.8,24.6,26.9,23.5,22.6,22.6,,,24.4,1.29,23.848,9,23.0,14,0.58,Asia/Tokyo,C
-0.1,-0.186,0.364,-0.421,0.729,0.029,-0.1,-1.029,,,0.957,tokyo,2026-09-20,RJTT,23.2,22.9,23.5,23.1,23.7,23.1,23.2,22.8,,,23.3,0.262,23.16,9,23.0,14,0.62,Asia/Tokyo,C
-0.121,-0.15,0.443,-0.464,0.786,0.0,-0.121,-1.064,,,0.979,tokyo,2026-09-21,RJTT,25.5,24.2,24.8,24.9,26.4,26.6,25.5,25.2,,,25.8,0.723,25.341,9,25.0,14,0.621,Asia/Tokyo,C
-0.1,-0.15,0.393,-0.507,0.85,0.107,-0.1,-1.107,,,0.957,tokyo,2026-09-22,RJTT,29.7,29.7,30.5,27.8,30.7,29.0,29.7,26.5,,,30.5,1.312,29.436,9,30.0,14,0.622,Asia/Tokyo,C
-0.2,-0.186,0.364,-0.671,0.721,-0.036,-0.2,-1.243,,,0.714,tokyo,2026-09-23,RJTT,24.1,23.2,22.8,22.9,24.9,24.0,24.1,23.4,,,24.8,0.727,23.83,9,24.0,14,0.583,Asia/Tokyo,C
-0.94,-1.3,1.24,-3.4,-1.6,-1.3,-8.78,-0.86,,,-0.04,jeddah,2026-07-01,OEJN,38.6,38.6,41.4,35.8,37.6,38.4,30.6,37.9,,,39.0,2.815,39.499,9,39.0,0,1.2,Asia/Riyadh,C
-0.85,-1.15,1.433,-3.367,-1.567,-1.183,-8.717,-0.9,,,-0.033,jeddah,2026-07-02,OEJN,37.4,38.2,39.5,35.3,35.8,37.3,30.4,36.3,,,38.6,2.515,38.341,9,36.0,0,1.2,Asia/Riyadh,C
-0.529,-0.671,1.729,-2.986,-1.371,-0.829,-8.271,-0.729,,,0.343,jeddah,2026-07-03,OEJN,38.0,37.3,39.9,35.2,36.6,37.3,30.3,36.0,,,38.6,2.578,38.105,9,36.0,0,1.2,Asia/Riyadh,C
-0.213,-0.425,2.0,-2.713,-1.125,-0.563,-7.95,-0.638,,,0.625,jeddah,2026-07-04,OEJN,38.8,38.5,40.6,35.4,37.7,38.6,30.4,38.0,,,37.9,2.759,38.618,9,36.0,8,1.725,Asia/Riyadh,C
0.122,-0.1,2.289,-2.478,-0.811,-0.211,-7.689,-0.344,,,0.767,jeddah,2026-07-05,OEJN,39.2,39.5,41.7,36.2,40.9,38.7,30.7,38.1,,,38.4,3.032,39.205,9,39.0,9,1.846,Asia/Riyadh,C
0.13,-0.04,2.33,-2.51,-0.54,-0.22,-7.75,-0.4,,,0.63,jeddah,2026-07-06,OEJN,40.0,40.5,42.7,36.7,40.2,39.1,31.1,39.6,,,41.1,3.177,39.999,9,39.0,10,1.753,Asia/Riyadh,C
0.209,0.1,2.455,-2.491,-0.382,-0.191,-7.764,-0.309,,,0.764,jeddah,2026-07-07,OEJN,39.3,39.5,42.0,35.7,38.8,40.0,31.5,38.6,,,42.4,3.129,39.482,9,38.0,11,1.698,Asia/Riyadh,C
0.3,0.217,2.583,-2.475,-0.283,-0.008,-7.658,-0.233,,,1.067,jeddah,2026-07-08,OEJN,38.0,38.8,40.7,36.2,36.2,38.1,31.1,38.2,,,39.2,2.585,38.038,9,38.0,12,1.681,Asia/Riyadh,C
0.277,0.262,2.592,-2.423,-0.4,0.0,-7.6,-0.2,,,1.077,jeddah,2026-07-09,OEJN,39.4,38.3,41.7,36.6,37.6,38.7,31.3,38.8,,,39.4,2.705,38.697,9,38.0,13,1.615,Asia/Riyadh,C
0.357,0.264,2.671,-2.35,-0.4,0.05,-7.536,-0.129,,,1.1,jeddah,2026-07-10,OEJN,37.4,38.0,39.3,36.0,37.0,36.9,31.2,37.9,,,38.1,2.185,37.415,9,38.0,14,1.567,Asia/Riyadh,C
0.3,0.364,2.607,-2.321,-0.407,0.0,-7.5,-0.107,,,1.007,jeddah,2026-07-11,OEJN,36.2,36.8,38.5,34.7,35.3,36.5,31.3,36.9,,,36.3,1.889,36.369,9,37.0,14,1.565,Asia/Riyadh,C
0.257,0.421,2.557,-2.2,-0.443,0.086,-7.3,-0.036,,,1.0,jeddah,2026-07-12,OEJN,37.5,37.1,38.6,34.9,35.8,36.8,31.2,36.7,,,36.7,1.998,36.738,9,36.0,14,1.533,Asia/Riyadh,C
0.55,0.629,2.779,-2.021,-0.286,0.25,-6.979,0.043,,,1.086,jeddah,2026-07-13,OEJN,37.7,37.8,39.8,35.5,35.5,36.9,31.2,36.8,,,37.4,2.24,36.928,9,37.0,14,1.416,Asia/Riyadh,C
0.671,0.736,2.879,-1.907,-0.321,0.314,-6.771,0.071,,,1.129,jeddah,2026-07-14,OEJN,37.9,37.6,39.8,35.7,36.8,37.0,30.9,38.8,,,38.8,2.459,37.3,9,36.0,14,1.371,Asia/Riyadh,C
0.886,0.964,3.086,-1.65,-0.086,0.521,-6.414,0.4,,,1.35,jeddah,2026-07-15,OEJN,39.6,38.3,40.8,36.3,36.3,37.5,31.0,38.4,,,38.9,2.663,37.612,9,38.0,14,1.302,Asia/Riyadh,C
1.029,1.014,3.114,-1.543,-0.107,0.529,-6.314,0.507,,,1.414,jeddah,2026-07-16,OEJN,37.7,37.7,39.3,36.3,35.9,37.2,31.0,37.8,,,38.0,2.24,36.719,9,38.0,14,1.299,Asia/Riyadh,C
0.907,0.836,2.957,-1.614,-0.243,0.379,-6.414,0.471,,,1.229,jeddah,2026-07-17,OEJN,37.7,37.6,39.6,36.6,36.6,36.9,31.1,38.5,,,38.5,2.291,37.065,9,38.0,14,1.189,Asia/Riyadh,C
0.743,0.714,2.793,-1.657,-0.386,0.207,-6.5,0.507,,,1.079,jeddah,2026-07-18,OEJN,39.0,39.3,40.7,36.9,39.7,39.4,31.3,40.4,,,40.6,2.795,38.799,9,39.0,14,1.077,Asia/Riyadh,C
0.543,0.557,2.586,-1.764,-0.457,0.05,-6.65,0.464,,,1.057,jeddah,2026-07-19,OEJN,38.8,38.7,41.1,36.5,39.0,38.7,31.1,39.1,,,39.3,2.687,38.448,9,38.0,14,0.82,Asia/Riyadh,C
0.586,0.571,2.614,-1.671,-0.521,0.121,-6.55,0.607,,,1.193,jeddah,2026-07-20,OEJN,41.8,40.9,44.2,40.1,40.0,41.4,32.3,40.5,,,42.3,3.111,40.814,9,40.0,14,0.827,Asia/Riyadh,C
0.643,0.529,2.65,-1.5,-0.607,0.214,-6.536,0.6,,,1.207,jeddah,2026-07-21,OEJN,44.1,42.4,46.7,40.8,43.1,43.2,32.8,42.5,,,46.7,3.883,42.95,9,44.0,14,0.812,Asia/Riyadh,C
0.557,0.307,2.557,-1.564,-0.729,0.014,-6.871,0.45,,,1.086,jeddah,2026-07-22,OEJN,38.3,37.4,40.4,36.6,36.5,38.3,31.1,38.2,,,39.1,2.477,37.749,9,38.0,14,0.763,Asia/Riyadh,C
0.579,0.207,2.536,-1.536,-0.707,0.029,-6.871,0.45,,,1.079,jeddah,2026-07-23,OEJN,40.2,38.1,41.2,36.6,39.0,38.6,31.4,38.6,,,37.6,2.634,38.528,9,40.0,14,0.765,Asia/Riyadh,C
0.493,0.05,2.357,-1.679,-0.75,-0.121,-7.007,0.293,,,0.807,jeddah,2026-07-24,OEJN,40.5,40.0,42.6,39.4,38.9,40.4,31.9,41.2,,,42.2,2.976,40.245,9,40.0,14,0.84,Asia/Riyadh,C
0.571,0.05,2.45,-1.579,-0.757,-0.014,-7.1,0.386,,,0.957,jeddah,2026-07-25,OEJN,41.0,39.7,43.0,39.2,38.6,41.4,31.6,42.0,,,42.5,3.255,40.412,9,40.0,14,0.828,Asia/Riyadh,C
0.7,0.043,2.557,-1.471,-0.736,0.121,-7.293,0.536,,,1.186,jeddah,2026-07-26,OEJN,41.4,40.0,42.7,39.6,40.4,40.7,31.9,41.1,,,41.8,2.983,40.454,9,40.0,14,0.818,Asia/Riyadh,C
0.693,-0.036,2.564,-1.421,-0.693,0.114,-7.529,0.564,,,1.264,jeddah,2026-07-27,OEJN,39.7,38.9,41.8,37.7,38.8,38.1,31.4,40.0,,,40.9,2.823,39.076,9,42.0,14,0.803,Asia/Riyadh,C
0.479,-0.314,2.35,-1.621,-0.814,-0.157,-7.871,0.436,,,1.157,jeddah,2026-07-28,OEJN,39.9,39.0,41.9,36.6,37.8,38.6,32.5,38.2,,,39.5,2.456,39.007,9,37.0,14,1.121,Asia/Riyadh,C
0.55,-0.286,2.429,-1.629,-0.814,-0.114,-7.829,0.321,,,1.136,jeddah,2026-07-29,OEJN,40.1,40.3,42.0,39.3,38.5,39.6,32.3,40.0,,,39.8,2.561,39.763,9,40.0,14,1.193,Asia/Riyadh,C
0.443,-0.286,2.371,-1.557,-0.8,-0.107,-7.879,0.293,,,1.057,jeddah,2026-07-30,OEJN,41.4,39.4,43.4,38.6,39.7,41.6,32.4,41.2,,,41.4,2.973,40.648,9,42.0,14,1.19,Asia/Riyadh,C
0.421,-0.45,2.379,-1.679,-0.814,-0.079,-8.064,0.25,,,1.014,jeddah,2026-07-31,OEJN,40.8,40.4,42.8,39.6,40.9,42.8,32.9,42.1,,,42.4,2.898,41.196,9,41.0,14,1.195,Asia/Riyadh,C
0.429,-0.464,2.393,-1.679,-0.721,0.129,-8.15,0.293,,,1.079,jeddah,2026-08-01,OEJN,44.3,41.0,44.9,40.3,42.3,44.7,32.7,44.2,,,43.3,3.621,42.797,9,43.0,14,1.17,Asia/Riyadh,C
0.521,-0.629,2.407,-1.721,-0.821,0.221,-8.336,0.279,,,0.986,jeddah,2026-08-02,OEJN,42.1,41.9,43.0,40.5,41.5,43.0,32.8,44.0,,,43.7,3.209,42.071,9,43.0,14,1.17,Asia/Riyadh,C
0.4,-0.757,2.186,-1.793,-1.0,0.171,-8.571,0.271,,,0.943,jeddah,2026-08-03,OEJN,40.7,39.5,43.2,37.5,38.6,39.8,32.4,41.3,,,42.8,3.065,40.419,9,42.0,14,1.19,Asia/Riyadh,C
0.179,-1.0,1.971,-2.121,-1.243,-0.086,-8.707,0.186,,,0.836,jeddah,2026-08-04,OEJN,39.3,38.9,41.5,36.4,37.4,39.0,33.2,37.7,,,40.3,2.28,39.297,9,37.0,14,1.244,Asia/Riyadh,C
0.336,-0.75,2.1,-1.936,-1.15,0.114,-8.179,0.343,,,0.879,jeddah,2026-08-05,OEJN,38.4,39.1,40.3,36.9,38.2,38.3,32.4,38.3,,,39.3,2.136,38.766,9,38.0,14,1.359,Asia/Riyadh,C
0.343,-0.629,2.093,-1.914,-1.029,0.114,-8.086,0.35,,,0.893,jeddah,2026-08-06,OEJN,40.6,39.9,42.8,37.6,38.4,39.1,33.0,40.0,,,39.9,2.537,39.967,9,40.0,14,1.372,Asia/Riyadh,C
0.371,-0.5,2.207,-1.843,-1.071,0.15,-7.971,0.45,,,1.057,jeddah,2026-08-07,OEJN,37.0,37.3,39.0,36.3,37.7,37.4,32.6,38.0,,,37.6,1.698,37.627,9,38.0,14,1.315,Asia/Riyadh,C
0.264,-0.55,2.093,-1.921,-1.014,0.079,-7.779,0.364,,,0.871,jeddah,2026-08-08,OEJN,38.1,37.6,40.1,36.2,38.0,38.4,32.2,39.6,,,38.7,2.201,38.399,9,39.0,14,1.317,Asia/Riyadh,C
0.129,-0.629,1.957,-2.064,-0.986,-0.064,-7.664,0.264,,,0.671,jeddah,2026-08-09,OEJN,37.7,38.7,39.6,38.4,38.2,38.9,32.0,37.9,,,38.7,2.115,38.593,9,37.0,14,1.322,Asia/Riyadh,C
0.079,-0.507,1.95,-1.936,-0.929,0.021,-7.443,0.25,,,0.664,jeddah,2026-08-10,OEJN,40.6,41.0,42.6,39.2,39.4,40.1,32.3,41.5,,,42.0,2.877,40.718,9,43.0,14,1.384,Asia/Riyadh,C
0.071,-0.429,1.936,-1.9,-0.957,0.093,-7.45,0.286,,,0.671,jeddah,2026-08-11,OEJN,39.4,39.4,42.1,37.2,38.6,39.2,32.6,39.1,,,39.5,2.424,39.464,9,40.0,14,1.295,Asia/Riyadh,C
-0.179,-0.614,1.736,-2.071,-1.114,-0.079,-7.657,0.136,,,0.457,jeddah,2026-08-12,OEJN,39.0,39.3,41.3,38.0,37.7,38.8,33.0,39.2,,,39.0,2.122,39.377,9,39.0,14,1.187,Asia/Riyadh,C
-0.186,-0.614,1.757,-2.093,-1.1,-0.064,-7.536,0.15,,,0.471,jeddah,2026-08-13,OEJN,39.4,40.0,41.4,39.6,38.5,39.2,32.9,39.3,,,41.5,2.382,40.033,9,39.0,14,1.19,Asia/Riyadh,C
-0.114,-0.357,1.829,-1.807,-0.971,-0.021,-7.286,0.229,,,0.693,jeddah,2026-08-14,OEJN,38.4,38.8,40.7,37.6,38.7,38.9,32.7,39.7,,,39.2,2.139,39.093,9,39.0,14,1.166,Asia/Riyadh,C
-0.143,-0.329,1.821,-1.807,-0.986,-0.157,-7.157,0.2,,,0.607,jeddah,2026-08-15,OEJN,41.0,40.5,42.7,39.1,40.2,40.7,32.9,39.7,,,41.8,2.654,40.804,9,42.0,14,1.166,Asia/Riyadh,C
-0.307,-0.293,1.736,-1.821,-1.064,-0.371,-7.071,-0.05,,,0.571,jeddah,2026-08-16,OEJN,39.3,38.9,42.1,38.8,39.5,40.0,32.9,39.5,,,41.2,2.43,40.054,9,38.0,14,1.207,Asia/Riyadh,C
-0.15,-0.15,2.029,-1.586,-0.85,-0.229,-6.707,-0.014,,,0.75,jeddah,2026-08-17,OEJN,40.3,39.5,42.7,38.5,38.9,40.2,32.4,38.1,,,40.3,2.654,39.882,9,41.0,14,1.303,Asia/Riyadh,C
-0.107,-0.079,2.064,-1.443,-0.757,-0.129,-6.636,-0.171,,,0.643,jeddah,2026-08-18,OEJN,38.7,38.3,40.7,36.8,38.5,39.4,31.7,39.0,,,39.7,2.473,38.825,9,38.0,14,1.268,Asia/Riyadh,C
-0.221,-0.193,1.936,-1.486,-0.75,-0.171,-6.814,-0.15,,,0.529,jeddah,2026-08-19,OEJN,37.0,37.6,39.3,36.1,37.7,38.3,32.2,37.5,,,38.1,1.917,37.831,9,37.0,14,1.131,Asia/Riyadh,C
-0.25,-0.229,1.936,-1.471,-0.714,-0.1,-6.757,-0.136,,,0.514,jeddah,2026-08-20,OEJN,37.7,38.4,38.9,35.7,37.9,36.7,32.2,37.4,,,37.6,1.891,37.761,9,39.0,14,1.134,Asia/Riyadh,C
-0.386,-0.264,1.729,-1.536,-0.679,-0.2,-6.743,-0.25,,,0.421,jeddah,2026-08-21,OEJN,37.4,37.8,38.7,35.9,37.3,37.5,32.2,37.2,,,36.6,1.759,37.61,9,37.0,14,1.182,Asia/Riyadh,C
-0.286,-0.157,1.779,-1.493,-0.636,-0.121,-6.7,-0.236,,,0.421,jeddah,2026-08-22,OEJN,39.0,38.0,40.4,37.2,37.2,39.3,32.3,38.0,,,38.5,2.16,38.625,9,38.0,14,1.189,Asia/Riyadh,C
-0.15,-0.057,1.871,-1.35,-0.621,0.014,-6.621,-0.279,,,0.479,jeddah,2026-08-23,OEJN,40.0,38.7,41.9,37.8,37.7,40.5,31.9,40.3,,,41.2,2.823,39.651,9,40.0,14,1.19,Asia/Riyadh,C
-0.2,-0.271,1.821,-1.607,-0.871,-0.086,-6.843,-0.321,,,0.443,jeddah,2026-08-24,OEJN,38.0,38.6,40.2,36.4,37.7,38.2,31.9,39.9,,,38.5,2.314,38.543,9,38.0,14,1.115,Asia/Riyadh,C
-0.029,-0.086,2.007,-1.45,-0.636,0.136,-6.514,-0.079,,,0.55,jeddah,2026-08-25,OEJN,37.3,37.4,39.2,36.6,37.2,38.1,32.5,37.9,,,38.3,1.795,37.743,9,36.0,14,0.944,Asia/Riyadh,C
0.107,0.057,2.086,-1.207,-0.45,0.343,-6.236,0.121,,,0.75,jeddah,2026-08-26,OEJN,38.5,38.4,39.9,36.4,36.0,37.6,32.4,38.2,,,38.3,2.05,37.813,9,37.0,14,1.043,Asia/Riyadh,C
0.214,0.136,2.129,-1.179,-0.429,0.4,-6.136,0.193,,,0.843,jeddah,2026-08-27,OEJN,38.9,38.3,40.1,36.1,37.9,38.2,31.8,38.0,,,37.7,2.229,37.968,9,38.0,14,1.061,Asia/Riyadh,C
0.25,0.086,2.107,-1.357,-0.4,0.4,-6.143,0.171,,,0.643,jeddah,2026-08-28,OEJN,37.4,37.0,39.3,36.4,37.8,37.6,31.9,37.7,,,37.3,1.925,37.36,9,38.0,14,1.024,Asia/Riyadh,C
0.25,0.029,2.079,-1.371,-0.393,0.379,-6.129,0.1,,,0.579,jeddah,2026-08-29,OEJN,38.9,38.2,40.3,37.5,35.7,38.0,32.0,37.7,,,37.8,2.21,37.881,9,38.0,14,1.038,Asia/Riyadh,C
0.386,0.15,2.193,-1.2,-0.429,0.471,-5.907,0.243,,,0.579,jeddah,2026-08-30,OEJN,39.1,40.5,41.1,39.3,39.3,39.5,32.5,37.9,,,39.8,2.375,39.183,9,38.0,14,0.988,Asia/Riyadh,C
0.371,0.264,2.121,-1.164,-0.443,0.436,-5.936,0.129,,,0.479,jeddah,2026-08-31,OEJN,40.5,38.9,42.2,37.5,37.6,38.6,32.5,38.5,,,39.1,2.492,38.942,9,38.0,14,0.881,Asia/Riyadh,C
0.6,0.436,2.3,-1.021,-0.321,0.536,-5.714,0.371,,,0.607,jeddah,2026-09-01,OEJN,37.8,37.6,40.0,37.1,37.2,37.8,32.5,38.1,,,37.3,1.874,37.463,9,37.0,14,0.866,Asia/Riyadh,C
0.607,0.457,2.321,-0.929,-0.343,0.493,-5.586,0.379,,,0.507,jeddah,2026-09-02,OEJN,38.3,37.8,40.4,36.3,38.5,38.2,32.4,39.1,,,37.9,2.123,37.879,9,37.0,14,0.846,Asia/Riyadh,C
0.7,0.471,2.4,-0.914,-0.286,0.486,-5.571,0.493,,,0.493,jeddah,2026-09-03,OEJN,38.2,37.8,40.3,37.5,38.3,38.5,32.0,38.2,,,38.6,2.15,37.868,9,37.0,14,0.85,Asia/Riyadh,C
0.879,0.571,2.643,-0.643,-0.114,0.757,-5.443,0.693,,,0.707,jeddah,2026-09-04,OEJN,37.1,37.5,39.2,36.7,37.5,37.0,32.1,37.1,,,37.8,1.825,36.818,9,37.0,14,0.816,Asia/Riyadh,C
0.857,0.55,2.679,-0.586,-0.1,0.721,-5.45,0.686,,,0.793,jeddah,2026-09-05,OEJN,38.2,38.3,40.2,36.4,37.0,38.1,32.6,38.0,,,37.9,1.96,37.4,9,37.0,14,0.801,Asia/Riyadh,C
0.871,0.643,2.736,-0.571,-0.043,0.707,-5.357,0.757,,,0.821,jeddah,2026-09-06,OEJN,37.7,37.2,39.4,36.1,36.8,37.0,32.4,37.1,,,37.8,1.786,36.754,9,38.0,14,0.791,Asia/Riyadh,C
0.85,0.679,2.7,-0.55,0.036,0.6,-5.179,0.671,,,0.721,jeddah,2026-09-07,OEJN,37.4,37.2,38.9,36.2,35.9,37.5,32.3,37.0,,,37.6,1.744,36.559,9,36.0,14,0.853,Asia/Riyadh,C
0.95,0.721,2.75,-0.421,0.05,0.693,-5.007,0.607,,,0.8,jeddah,2026-09-08,OEJN,38.3,37.5,40.0,36.2,36.2,37.6,32.1,37.1,,,38.3,2.062,36.942,9,38.0,14,0.854,Asia/Riyadh,C
0.879,0.586,2.664,-0.593,-0.164,0.514,-5.179,0.407,,,0.657,jeddah,2026-09-09,OEJN,37.7,38.4,39.4,36.6,36.8,37.0,31.4,38.9,,,40.2,2.411,37.318,9,38.0,14,0.769,Asia/Riyadh,C
0.75,0.514,2.557,-0.65,-0.179,0.4,-5.321,0.386,,,0.721,jeddah,2026-09-10,OEJN,38.7,38.4,40.2,36.0,37.9,37.4,31.7,37.4,,,38.1,2.252,37.504,9,37.0,14,0.76,Asia/Riyadh,C
0.807,0.593,2.636,-0.586,-0.107,0.414,-5.257,0.414,,,0.821,jeddah,2026-09-11,OEJN,37.6,37.5,39.4,35.6,36.1,37.2,31.1,36.3,,,37.0,2.147,36.519,9,37.0,14,0.772,Asia/Riyadh,C
0.893,0.7,2.714,-0.571,-0.157,0.457,-5.243,0.386,,,0.871,jeddah,2026-09-12,OEJN,37.3,37.8,39.0,35.7,35.0,36.8,31.4,37.0,,,37.2,2.058,36.344,9,37.0,14,0.764,Asia/Riyadh,C
0.85,0.743,2.693,-0.629,-0.136,0.443,-5.214,0.407,,,0.9,jeddah,2026-09-13,OEJN,38.3,36.9,39.3,35.7,36.4,36.1,31.7,37.1,,,39.1,2.153,36.746,9,37.0,14,0.783,Asia/Riyadh,C
0.864,0.557,2.636,-0.814,-0.271,0.271,-5.2,0.421,,,0.921,jeddah,2026-09-14,OEJN,40.1,38.5,42.0,36.9,38.4,38.5,32.1,37.7,,,37.6,2.524,38.239,9,37.0,14,0.72,Asia/Riyadh,C
0.907,0.6,2.693,-0.786,-0.143,0.336,-5.157,0.436,,,0.886,jeddah,2026-09-15,OEJN,41.5,40.1,43.1,38.0,42.5,41.0,32.5,38.4,,,42.4,3.121,40.159,9,40.0,14,0.751,Asia/Riyadh,C
0.957,0.564,2.7,-0.936,0.021,0.35,-5.371,0.243,,,1.036,jeddah,2026-09-16,OEJN,39.1,38.9,41.5,36.6,37.4,38.9,32.5,38.0,,,38.0,2.298,38.0,9,39.0,14,0.742,Asia/Riyadh,C
0.871,0.5,2.636,-1.057,-0.2,0.257,-5.507,0.021,,,0.9,jeddah,2026-09-17,OEJN,37.9,37.5,39.1,35.8,37.2,37.5,32.2,37.3,,,38.1,1.871,37.089,9,36.0,14,0.753,Asia/Riyadh,C
0.921,0.55,2.621,-1.107,-0.207,0.257,-5.421,0.029,,,0.936,jeddah,2026-09-18,OEJN,37.9,37.6,39.0,36.0,37.1,37.9,31.9,38.2,,,38.4,2.008,37.192,9,38.0,14,0.773,Asia/Riyadh,C
0.907,0.486,2.536,-1.229,-0.307,0.25,-5.507,0.036,,,0.907,jeddah,2026-09-19,OEJN,38.3,37.3,40.3,36.2,36.0,37.1,32.3,37.4,,,38.0,2.043,37.194,9,37.0,14,0.801,Asia/Riyadh,C
0.914,0.414,2.543,-1.243,-0.379,0.179,-5.529,-0.007,,,0.914,jeddah,2026-09-20,OEJN,37.1,37.4,38.9,35.9,36.0,37.0,32.4,36.9,,,37.8,1.711,36.745,9,36.0,14,0.796,Asia/Riyadh,C
1.014,0.571,2.65,-1.114,-0.293,0.321,-5.386,0.121,,,1.057,jeddah,2026-09-21,OEJN,36.9,37.5,38.8,35.9,35.3,37.2,32.0,36.5,,,36.6,1.784,36.348,9,36.0,14,0.75,Asia/Riyadh,C
0.979,0.593,2.643,-1.136,-0.336,0.3,-5.407,0.086,,,0.986,jeddah,2026-09-22,OEJN,36.6,36.6,38.3,35.8,34.8,36.3,31.4,36.2,,,35.5,1.774,35.8,9,36.0,14,0.74,Asia/Riyadh,C
1.0,0.671,2.664,-1.021,-0.293,0.35,-5.314,0.164,,,0.929,jeddah,2026-09-23,OEJN,37.6,36.8,39.6,35.0,35.5,36.3,31.2,36.6,,,37.8,2.198,36.382,9,36.0,14,0.686,Asia/Riyadh,C
0.08,1.14,2.72,0.24,0.64,0.08,0.36,1.32,,,1.14,tel-aviv,2026-07-01,LLBG,31.3,32.1,33.9,31.9,32.1,31.3,31.0,32.7,,,32.6,0.842,31.233,9,31.0,0,1.2,Asia/Jerusalem,C
0.117,1.133,2.75,0.35,0.717,0.117,0.3,1.383,,,1.217,tel-aviv,2026-07-02,LLBG,31.3,31.4,33.2,31.1,31.6,31.3,30.4,33.2,,,32.4,0.908,30.857,9,31.0,0,1.2,Asia/Jerusalem,C
0.143,1.029,2.671,0.314,0.7,0.143,0.171,1.5,,,1.243,tel-aviv,2026-07-03,LLBG,31.2,31.5,33.0,31.2,31.1,31.2,31.0,32.9,,,31.6,0.726,30.734,9,31.0,0,1.2,Asia/Jerusalem,C
0.15,0.962,2.587,0.3,0.625,0.15,0.15,1.55,,,1.163,tel-aviv,2026-07-04,LLBG,31.4,31.2,32.5,30.8,31.2,31.4,31.2,32.3,,,31.5,0.519,30.652,9,31.0,8,0.756,Asia/Jerusalem,C
0.178,0.878,2.467,0.244,0.578,0.178,0.156,1.522,,,1.089,tel-aviv,2026-07-05,LLBG,31.1,31.7,32.8,31.1,31.5,31.1,31.8,32.8,,,32.4,0.661,30.946,9,31.0,9,0.722,Asia/Jerusalem,C
0.17,0.86,2.4,0.23,0.57,0.17,0.22,1.55,,,1.12,tel-aviv,2026-07-06,LLBG,33.0,33.2,34.6,32.3,32.3,33.0,32.3,34.2,,,33.6,0.79,32.381,9,33.0,10,0.685,Asia/Jerusalem,C
0.155,0.8,2.327,0.145,0.455,0.155,0.136,1.518,,,1.073,tel-aviv,2026-07-07,LLBG,30.8,31.6,32.6,31.1,31.1,30.8,31.4,31.9,,,31.0,0.556,30.6,9,31.0,11,0.679,Asia/Jerusalem,C
0.125,0.783,2.267,0.142,0.425,0.125,0.158,1.467,,,0.983,tel-aviv,2026-07-08,LLBG,30.3,30.7,31.7,29.8,30.1,30.3,31.0,31.1,,,30.7,0.548,29.906,9,30.0,12,0.661,Asia/Jerusalem,C
0.138,0.777,2.223,0.115,0.4,0.138,0.223,1.438,,,0.962,tel-aviv,2026-07-09,LLBG,30.5,31.2,31.9,30.2,30.6,30.5,30.8,31.3,,,31.3,0.507,30.207,9,31.0,13,0.635,Asia/Jerusalem,C
0.093,0.736,2.129,0.05,0.343,0.093,0.193,1.357,,,0.914,tel-aviv,2026-07-10,LLBG,31.0,31.3,32.3,30.2,31.1,31.0,31.6,32.0,,,31.8,0.598,30.699,9,31.0,14,0.648,Asia/Jerusalem,C
0.036,0.657,2.029,-0.071,0.279,0.036,0.164,1.286,,,0.857,tel-aviv,2026-07-11,LLBG,31.4,32.0,34.3,31.9,31.8,31.4,32.3,32.9,,,32.3,0.847,31.646,9,31.0,14,0.542,Asia/Jerusalem,C
0.05,0.643,2.064,-0.036,0.279,0.05,0.207,1.25,,,0.85,tel-aviv,2026-07-12,LLBG,31.4,32.3,34.0,31.5,31.7,31.4,31.8,32.2,,,32.6,0.782,31.519,9,31.0,14,0.5,Asia/Jerusalem,C
0.086,0.614,2.114,-0.014,0.307,0.086,0.193,1.25,,,0.864,tel-aviv,2026-07-13,LLBG,31.4,32.1,33.2,31.3,31.6,31.4,32.1,32.2,,,32.3,0.572,31.332,9,31.0,14,0.5,Asia/Jerusalem,C
0.143,0.657,2.05,0.043,0.293,0.143,0.286,1.286,,,0.914,tel-aviv,2026-07-14,LLBG,31.7,32.7,33.9,31.9,32.8,31.7,32.2,32.9,,,32.6,0.666,31.841,9,32.0,14,0.5,Asia/Jerusalem,C
0.129,0.643,1.993,0.021,0.329,0.129,0.35,1.329,,,0.907,tel-aviv,2026-07-15,LLBG,31.5,32.6,33.9,31.9,32.4,31.5,32.1,32.7,,,32.5,0.693,31.695,9,32.0,14,0.5,Asia/Jerusalem,C
0.071,0.607,1.921,-0.05,0.279,0.071,0.357,1.257,,,0.829,tel-aviv,2026-07-16,LLBG,31.9,32.5,34.0,32.1,32.4,31.9,32.0,33.1,,,32.7,0.649,31.922,9,32.0,14,0.5,Asia/Jerusalem,C
0.043,0.614,1.907,-0.05,0.264,0.043,0.4,1.179,,,0.779,tel-aviv,2026-07-17,LLBG,32.1,32.9,34.4,32.7,32.5,32.1,31.8,33.1,,,32.4,0.726,32.119,9,32.0,14,0.5,Asia/Jerusalem,C
0.036,0.643,1.936,-0.014,0.293,0.036,0.386,1.121,,,0.764,tel-aviv,2026-07-18,LLBG,34.3,35.2,36.2,34.3,34.2,34.3,34.0,35.4,,,35.2,0.698,34.228,9,35.0,14,0.5,Asia/Jerusalem,C
-0.043,0.643,1.914,-0.05,0.221,-0.043,0.3,1.057,,,0.743,tel-aviv,2026-07-19,LLBG,34.8,35.8,37.4,35.0,35.0,34.8,34.7,36.4,,,35.5,0.858,34.979,9,34.0,14,0.5,Asia/Jerusalem,C
0.007,0.721,2.029,0.014,0.257,0.007,0.293,1.1,,,0.75,tel-aviv,2026-07-20,LLBG,33.4,34.2,36.1,34.7,33.7,33.4,33.0,34.4,,,33.8,0.875,33.514,9,33.0,14,0.518,Asia/Jerusalem,C
0.036,0.793,2.136,0.186,0.357,0.036,0.343,1.114,,,0.764,tel-aviv,2026-07-21,LLBG,32.7,33.5,35.0,33.4,33.4,32.7,32.4,34.0,,,33.9,0.756,32.799,9,33.0,14,0.51,Asia/Jerusalem,C
0.029,0.786,2.164,0.207,0.379,0.029,0.271,1.121,,,0.829,tel-aviv,2026-07-22,LLBG,33.3,34.0,35.4,33.9,33.9,33.3,33.6,34.3,,,34.8,0.652,33.385,9,33.0,14,0.502,Asia/Jerusalem,C
0.029,0.807,2.214,0.286,0.436,0.029,0.243,1.136,,,0.907,tel-aviv,2026-07-23,LLBG,32.7,34.4,35.6,33.9,34.4,32.7,34.1,34.0,,,34.6,0.858,33.323,9,33.0,14,0.511,Asia/Jerusalem,C
0.043,0.893,2.336,0.407,0.564,0.043,0.336,1.186,,,1.0,tel-aviv,2026-07-24,LLBG,32.0,32.1,33.4,32.4,32.4,32.0,31.9,33.7,,,32.7,0.608,31.715,9,32.0,14,0.5,Asia/Jerusalem,C
0.043,0.879,2.343,0.493,0.586,0.043,0.286,1.236,,,0.993,tel-aviv,2026-07-25,LLBG,33.0,33.8,35.0,33.0,33.0,33.0,34.2,34.6,,,33.8,0.725,32.908,9,33.0,14,0.5,Asia/Jerusalem,C
0.014,0.864,2.25,0.429,0.529,0.014,0.279,1.214,,,0.957,tel-aviv,2026-07-26,LLBG,31.3,31.6,33.8,31.2,30.8,31.3,32.4,32.7,,,31.4,0.896,31.098,9,31.0,14,0.5,Asia/Jerusalem,C
0.007,0.814,2.236,0.407,0.464,0.007,0.321,1.25,,,0.871,tel-aviv,2026-07-27,LLBG,32.2,32.7,34.1,32.1,32.6,32.2,33.3,33.4,,,32.1,0.669,32.031,9,32.0,14,0.5,Asia/Jerusalem,C
-0.007,0.786,2.229,0.393,0.464,-0.007,0.336,1.264,,,0.786,tel-aviv,2026-07-28,LLBG,32.5,32.5,34.1,32.0,32.6,32.5,32.9,33.6,,,32.8,0.604,32.145,9,32.0,14,0.5,Asia/Jerusalem,C
0.05,0.771,2.243,0.4,0.45,0.05,0.386,1.314,,,0.8,tel-aviv,2026-07-29,LLBG,32.7,33.6,34.9,32.7,33.2,32.7,33.0,33.9,,,34.1,0.722,32.709,9,33.0,14,0.5,Asia/Jerusalem,C
0.064,0.771,2.243,0.386,0.436,0.064,0.379,1.329,,,0.843,tel-aviv,2026-07-30,LLBG,34.1,35.2,37.1,34.1,34.4,34.1,34.4,35.3,,,36.1,0.994,34.273,9,34.0,14,0.5,Asia/Jerusalem,C
0.079,0.821,2.321,0.386,0.436,0.079,0.407,1.343,,,0.943,tel-aviv,2026-07-31,LLBG,33.9,35.0,36.3,34.2,34.1,33.9,34.5,35.2,,,35.4,0.769,33.954,9,34.0,14,0.5,Asia/Jerusalem,C
0.064,0.829,2.314,0.35,0.407,0.064,0.457,1.35,,,1.014,tel-aviv,2026-08-01,LLBG,34.6,35.7,37.8,34.7,36.7,34.6,35.3,37.0,,,36.0,1.087,35.058,9,34.0,14,0.5,Asia/Jerusalem,C
0.157,0.936,2.5,0.45,0.657,0.157,0.621,1.536,,,1.143,tel-aviv,2026-08-02,LLBG,35.4,36.7,37.9,35.2,36.3,35.4,36.2,36.1,,,34.9,0.87,35.172,9,35.0,14,0.5,Asia/Jerusalem,C
0.129,0.929,2.464,0.393,0.679,0.129,0.657,1.443,,,1.029,tel-aviv,2026-08-03,LLBG,35.0,35.0,37.5,34.4,34.4,35.0,35.1,35.3,,,34.3,0.91,34.322,9,34.0,14,0.5,Asia/Jerusalem,C
0.171,0.914,2.493,0.3,0.657,0.171,0.736,1.436,,,0.993,tel-aviv,2026-08-04,LLBG,32.9,33.5,35.8,33.6,32.9,32.9,33.5,34.3,,,33.1,0.886,32.737,9,32.0,14,0.5,Asia/Jerusalem,C
0.257,0.986,2.621,0.386,0.693,0.257,0.886,1.529,,,1.007,tel-aviv,2026-08-05,LLBG,33.3,34.2,35.7,33.7,33.2,33.3,34.0,33.7,,,33.5,0.727,32.913,9,33.0,14,0.5,Asia/Jerusalem,C
0.257,1.0,2.643,0.371,0.643,0.257,0.914,1.486,,,0.914,tel-aviv,2026-08-06,LLBG,32.7,33.4,34.2,33.0,32.9,32.7,32.2,34.0,,,33.0,0.605,32.186,9,33.0,14,0.5,Asia/Jerusalem,C
0.257,0.929,2.543,0.307,0.536,0.257,0.779,1.486,,,0.8,tel-aviv,2026-08-07,LLBG,31.7,32.5,33.5,32.1,32.0,31.7,32.4,32.9,,,32.2,0.548,31.431,9,32.0,14,0.5,Asia/Jerusalem,C
0.236,0.957,2.55,0.286,0.507,0.236,0.814,1.429,,,0.764,tel-aviv,2026-08-08,LLBG,32.5,33.0,34.1,32.3,32.4,32.5,32.4,33.3,,,31.9,0.621,31.881,9,32.0,14,0.5,Asia/Jerusalem,C
0.271,0.971,2.557,0.307,0.536,0.271,0.757,1.407,,,0.7,tel-aviv,2026-08-09,LLBG,33.0,34.2,36.3,33.1,33.1,33.0,33.2,34.6,,,34.5,1.059,33.034,9,33.0,14,0.5,Asia/Jerusalem,C
0.25,1.014,2.593,0.3,0.557,0.25,0.671,1.4,,,0.779,tel-aviv,2026-08-10,LLBG,33.9,35.0,37.0,34.0,35.5,33.9,35.1,35.8,,,34.7,0.967,34.103,9,34.0,14,0.5,Asia/Jerusalem,C
0.229,1.036,2.657,0.293,0.621,0.229,0.657,1.429,,,0.821,tel-aviv,2026-08-11,LLBG,36.1,35.8,37.7,34.9,35.1,36.1,35.9,36.1,,,35.1,0.792,35.052,9,35.0,14,0.5,Asia/Jerusalem,C
0.271,1.057,2.7,0.286,0.586,0.271,0.657,1.393,,,0.771,tel-aviv,2026-08-12,LLBG,35.5,35.4,37.3,35.7,34.5,35.5,35.9,37.5,,,36.7,0.921,35.028,9,35.0,14,0.5,Asia/Jerusalem,C
0.329,1.043,2.729,0.357,0.536,0.329,0.721,1.507,,,0.814,tel-aviv,2026-08-13,LLBG,32.7,33.2,35.2,34.0,33.5,32.7,33.7,34.4,,,33.8,0.755,32.679,9,34.0,14,0.5,Asia/Jerusalem,C
0.229,0.9,2.593,0.35,0.471,0.229,0.671,1.443,,,0.65,tel-aviv,2026-08-14,LLBG,32.6,32.1,33.4,33.3,32.5,32.6,33.0,33.9,,,32.4,0.542,31.956,9,32.0,14,0.571,Asia/Jerusalem,C
0.279,0.836,2.529,0.429,0.5,0.279,0.707,1.493,,,0.579,tel-aviv,2026-08-15,LLBG,33.3,34.2,34.4,33.1,34.0,33.3,33.4,34.0,,,34.2,0.459,32.919,9,33.0,14,0.571,Asia/Jerusalem,C
0.257,0.8,2.357,0.386,0.379,0.257,0.643,1.35,,,0.521,tel-aviv,2026-08-16,LLBG,33.0,32.4,34.9,32.9,33.1,33.0,33.0,34.1,,,33.5,0.708,32.539,9,33.0,14,0.5,Asia/Jerusalem,C
0.229,0.636,2.286,0.364,0.293,0.229,0.557,1.35,,,0.564,tel-aviv,2026-08-17,LLBG,31.9,31.5,33.1,31.6,31.2,31.9,31.8,33.1,,,33.3,0.746,31.395,9,31.0,14,0.51,Asia/Jerusalem,C
0.221,0.6,2.186,0.379,0.279,0.221,0.536,1.407,,,0.707,tel-aviv,2026-08-18,LLBG,32.0,32.3,33.6,31.7,31.6,32.0,32.4,33.5,,,31.4,0.744,31.559,9,31.0,14,0.513,Asia/Jerusalem,C
0.229,0.586,2.1,0.314,0.257,0.229,0.529,1.421,,,0.657,tel-aviv,2026-08-19,LLBG,32.3,32.8,34.4,32.1,32.1,32.3,32.9,33.5,,,33.5,0.744,32.169,9,32.0,14,0.5,Asia/Jerusalem,C
0.229,0.557,2.079,0.271,0.25,0.229,0.521,1.479,,,0.729,tel-aviv,2026-08-20,LLBG,32.9,33.4,35.0,33.0,33.8,32.9,34.2,33.7,,,33.0,0.673,32.843,9,32.0,14,0.5,Asia/Jerusalem,C
0.314,0.629,2.207,0.343,0.386,0.314,0.736,1.529,,,0.8,tel-aviv,2026-08-21,LLBG,33.0,33.3,35.3,33.2,32.9,33.0,33.6,34.1,,,33.5,0.714,32.741,9,32.0,14,0.502,Asia/Jerusalem,C
0.407,0.686,2.336,0.421,0.45,0.407,0.821,1.614,,,0.893,tel-aviv,2026-08-22,LLBG,32.3,32.7,34.4,32.4,32.7,32.3,32.7,33.0,,,33.1,0.611,31.968,9,32.0,14,0.518,Asia/Jerusalem,C
0.393,0.664,2.357,0.429,0.471,0.393,0.843,1.593,,,0.979,tel-aviv,2026-08-23,LLBG,32.1,32.9,34.2,31.7,32.8,32.1,32.8,33.5,,,33.1,0.726,31.906,9,32.0,14,0.517,Asia/Jerusalem,C
0.4,0.643,2.279,0.4,0.521,0.4,0.886,1.586,,,0.95,tel-aviv,2026-08-24,LLBG,32.5,33.4,35.0,32.5,33.3,32.5,32.7,33.9,,,34.2,0.839,32.451,9,32.0,14,0.517,Asia/Jerusalem,C
0.443,0.671,2.279,0.436,0.507,0.443,0.857,1.593,,,1.057,tel-aviv,2026-08-25,LLBG,32.5,33.8,35.4,33.2,33.3,32.5,33.3,33.9,,,34.0,0.834,32.62,9,33.0,14,0.53,Asia/Jerusalem,C
0.329,0.671,2.257,0.457,0.521,0.329,0.814,1.579,,,1.121,tel-aviv,2026-08-26,LLBG,33.2,34.2,36.0,34.1,34.6,33.2,33.7,34.3,,,34.9,0.826,33.354,9,33.0,14,0.54,Asia/Jerusalem,C
0.307,0.729,2.307,0.486,0.671,0.307,0.8,1.493,,,1.136,tel-aviv,2026-08-27,LLBG,33.3,34.3,35.9,34.1,33.6,33.3,34.1,34.9,,,34.6,0.785,33.296,9,33.0,14,0.548,Asia/Jerusalem,C
0.421,0.879,2.429,0.564,0.75,0.421,0.9,1.6,,,1.264,tel-aviv,2026-08-28,LLBG,32.5,33.6,34.7,33.3,33.4,32.5,33.5,34.5,,,34.3,0.75,32.506,9,33.0,14,0.5,Asia/Jerusalem,C
0.343,0.914,2.45,0.493,0.743,0.343,0.864,1.571,,,1.329,tel-aviv,2026-08-29,LLBG,32.8,33.4,34.7,33.6,33.5,32.8,33.0,34.2,,,34.6,0.688,32.583,9,33.0,14,0.5,Asia/Jerusalem,C
0.307,0.857,2.471,0.529,0.707,0.307,0.836,1.586,,,1.357,tel-aviv,2026-08-30,LLBG,31.9,31.9,33.2,31.4,31.2,31.9,31.7,33.1,,,32.3,0.651,31.089,9,32.0,14,0.5,Asia/Jerusalem,C
0.3,0.893,2.421,0.493,0.643,0.3,0.814,1.586,,,1.343,tel-aviv,2026-08-31,LLBG,31.6,31.5,32.6,31.7,31.7,31.6,31.6,33.0,,,32.5,0.529,30.973,9,32.0,14,0.505,Asia/Jerusalem,C
0.207,0.821,2.314,0.429,0.607,0.207,0.729,1.507,,,1.214,tel-aviv,2026-09-01,LLBG,32.1,32.8,33.9,31.8,32.2,32.1,32.6,33.4,,,32.8,0.641,31.753,9,32.0,14,0.565,Asia/Jerusalem,C
0.143,0.786,2.264,0.364,0.579,0.143,0.671,1.429,,,1.243,tel-aviv,2026-09-02,LLBG,32.7,33.3,35.3,33.1,33.3,32.7,34.0,33.8,,,33.6,0.753,32.681,9,33.0,14,0.549,Asia/Jerusalem,C
0.1,0.75,2.257,0.364,0.593,0.1,0.679,1.379,,,1.179,tel-aviv,2026-09-03,LLBG,32.4,33.0,34.4,32.7,32.6,32.4,32.8,33.4,,,32.8,0.591,32.14,9,32.0,14,0.554,Asia/Jerusalem,C
0.064,0.721,2.214,0.343,0.507,0.064,0.579,1.357,,,1.164,tel-aviv,2026-09-04,LLBG,32.3,32.8,33.8,31.7,32.1,32.3,32.3,32.8,,,32.8,0.564,31.816,9,32.0,14,0.507,Asia/Jerusalem,C
0.014,0.686,2.107,0.236,0.45,0.014,0.486,1.264,,,1.114,tel-aviv,2026-09-05,LLBG,32.0,32.1,33.7,31.8,32.1,32.0,32.0,33.1,,,32.6,0.6,31.687,9,32.0,14,0.5,Asia/Jerusalem,C
-0.007,0.643,2.057,0.193,0.407,-0.007,0.436,1.271,,,1.079,tel-aviv,2026-09-06,LLBG,31.6,31.4,32.9,31.5,31.9,31.6,31.4,32.8,,,32.6,0.587,31.287,9,32.0,14,0.5,Asia/Jerusalem,C
-0.043,0.536,1.964,0.179,0.343,-0.043,0.336,1.221,,,1.043,tel-aviv,2026-09-07,LLBG,32.2,32.9,33.9,32.7,33.2,32.2,32.9,34.1,,,33.1,0.62,32.37,9,32.0,14,0.513,Asia/Jerusalem,C
-0.064,0.5,1.886,0.193,0.336,-0.064,0.35,1.236,,,0.964,tel-aviv,2026-09-08,LLBG,33.7,34.1,36.7,34.1,34.4,33.7,34.7,35.3,,,34.1,0.899,33.95,9,34.0,14,0.508,Asia/Jerusalem,C
-0.05,0.45,1.907,0.186,0.343,-0.05,0.379,1.264,,,0.9,tel-aviv,2026-09-09,LLBG,33.4,34.2,35.9,33.2,34.1,33.4,34.0,34.8,,,34.0,0.785,33.553,9,34.0,14,0.5,Asia/Jerusalem,C
-0.107,0.379,1.829,0.05,0.236,-0.107,0.329,1.229,,,0.764,tel-aviv,2026-09-10,LLBG,32.6,33.2,34.6,32.6,32.0,32.6,31.9,34.1,,,33.1,0.85,32.495,9,33.0,14,0.504,Asia/Jerusalem,C
-0.157,0.3,1.736,-0.057,0.121,-0.157,0.171,1.171,,,0.657,tel-aviv,2026-09-11,LLBG,31.7,32.3,33.5,32.1,31.8,31.7,32.4,33.2,,,32.2,0.603,31.881,9,31.0,14,0.515,Asia/Jerusalem,C
-0.071,0.35,1.793,0.0,0.15,-0.071,0.236,1.221,,,0.65,tel-aviv,2026-09-12,LLBG,31.7,32.2,33.5,32.3,31.2,31.7,32.5,33.2,,,32.3,0.685,31.777,9,32.0,14,0.551,Asia/Jerusalem,C
-0.079,0.336,1.779,-0.021,0.057,-0.079,0.271,1.221,,,0.557,tel-aviv,2026-09-13,LLBG,32.6,32.6,34.4,32.4,32.1,32.6,32.7,34.0,,,33.2,0.724,32.507,9,32.0,14,0.543,Asia/Jerusalem,C
-0.029,0.386,1.864,0.05,0.121,-0.029,0.343,1.286,,,0.621,tel-aviv,2026-09-14,LLBG,32.9,33.8,35.6,33.2,33.0,32.9,33.4,33.9,,,33.0,0.815,33.049,9,33.0,14,0.504,Asia/Jerusalem,C
-0.007,0.479,2.007,0.086,0.143,-0.007,0.4,1.279,,,0.586,tel-aviv,2026-09-15,LLBG,33.9,34.8,36.6,33.9,34.4,33.9,34.9,35.0,,,33.9,0.836,34.067,9,33.0,14,0.5,Asia/Jerusalem,C
0.05,0.55,2.129,0.164,0.229,0.05,0.493,1.321,,,0.593,tel-aviv,2026-09-16,LLBG,33.2,34.3,35.9,34.0,33.5,33.2,35.3,34.4,,,33.1,0.931,33.453,9,33.0,14,0.506,Asia/Jerusalem,C
0.086,0.621,2.171,0.229,0.243,0.086,0.586,1.364,,,0.557,tel-aviv,2026-09-17,LLBG,34.9,34.5,35.7,34.7,33.9,34.9,35.6,35.1,,,34.3,0.548,34.182,9,34.0,14,0.513,Asia/Jerusalem,C
0.121,0.586,2.121,0.229,0.193,0.121,0.643,1.343,,,0.521,tel-aviv,2026-09-18,LLBG,30.3,30.0,30.5,30.7,29.4,30.3,27.4,30.9,,,30.7,1.018,29.411,9,30.0,14,0.514,Asia/Jerusalem,C
0.121,0.529,2.029,0.3,0.143,0.121,0.436,1.35,,,0.514,tel-aviv,2026-09-19,LLBG,30.6,29.9,31.1,30.8,30.0,30.6,30.2,30.6,,,30.8,0.375,29.894,9,30.0,14,0.535,Asia/Jerusalem,C
0.164,0.514,1.986,0.371,0.136,0.164,0.45,1.314,,,0.529,tel-aviv,2026-09-20,LLBG,31.4,31.4,31.9,31.1,30.3,31.4,31.2,32.0,,,30.8,0.492,30.667,9,31.0,14,0.529,Asia/Jerusalem,C
0.221,0.586,1.986,0.414,0.093,0.221,0.507,1.329,,,0.471,tel-aviv,2026-09-21,LLBG,31.3,31.4,32.5,30.8,30.3,31.3,31.1,31.5,,,31.8,0.579,30.718,9,30.0,14,0.502,Asia/Jerusalem,C
0.3,0.621,2.029,0.421,0.029,0.3,0.521,1.286,,,0.521,tel-aviv,2026-09-22,LLBG,31.1,30.3,31.7,31.0,30.4,31.1,30.6,31.9,,,31.2,0.512,30.346,9,30.0,14,0.528,Asia/Jerusalem,C
0.4,0.636,1.957,0.486,0.029,0.4,0.514,1.329,,,0.6,tel-aviv,2026-09-23,LLBG,30.9,30.6,31.7,30.3,30.0,30.9,30.6,31.7,,,31.1,0.544,30.164,9,30.0,14,0.536,Asia/Jerusalem,C
-0.94,-1.2,-0.98,-1.86,-1.52,-0.68,-3.42,0.34,,,-0.14,kuala-lumpur,2026-07-01,WMKK,30.5,31.5,30.5,30.1,30.5,31.2,28.7,33.3,,,32.8,1.319,32.081,9,33.0,0,1.2,Asia/Kuala_Lumpur,C
-1.2,-1.25,-1.233,-2.033,-1.683,-0.867,-3.567,0.333,,,-0.15,kuala-lumpur,2026-07-02,WMKK,31.6,31.8,31.4,30.1,30.6,31.6,29.3,33.6,,,32.3,1.184,32.67,9,32.0,0,1.2,Asia/Kuala_Lumpur,C
-1.086,-1.1,-1.143,-2.014,-1.643,-0.8,-3.443,0.514,,,-0.086,kuala-lumpur,2026-07-03,WMKK,31.8,29.7,31.7,31.4,31.4,31.6,29.1,33.1,,,31.8,1.126,32.478,9,31.0,0,1.2,Asia/Kuala_Lumpur,C
-0.85,-1.125,-0.912,-1.712,-1.387,-0.625,-3.25,0.712,,,0.025,kuala-lumpur,2026-07-04,WMKK,32.3,31.8,32.3,31.6,31.3,33.3,28.9,32.6,,,32.9,1.212,32.961,9,33.0,8,1.117,Asia/Kuala_Lumpur,C
-0.833,-1.133,-0.889,-1.678,-1.422,-0.522,-3.344,0.589,,,0.011,kuala-lumpur,2026-07-05,WMKK,30.2,30.4,29.9,30.7,30.6,32.3,28.7,31.0,,,33.3,1.262,31.716,9,33.0,9,1.053,Asia/Kuala_Lumpur,C
-1.03,-1.28,-1.11,-1.74,-1.52,-0.54,-3.44,0.33,,,0.04,kuala-lumpur,2026-07-06,WMKK,32.2,31.7,32.2,31.0,31.0,32.2,28.8,32.3,,,33.2,1.188,32.846,9,33.0,10,1.078,Asia/Kuala_Lumpur,C
-1.009,-1.282,-1.082,-1.764,-1.564,-0.564,-3.509,0.236,,,0.055,kuala-lumpur,2026-07-07,WMKK,30.6,29.1,30.8,30.7,31.1,31.5,29.0,32.4,,,32.1,1.106,31.889,9,32.0,11,1.029,Asia/Kuala_Lumpur,C
-1.042,-1.417,-1.092,-1.725,-1.508,-0.558,-3.467,0.25,,,0.058,kuala-lumpur,2026-07-08,WMKK,31.6,30.8,31.6,30.9,30.8,32.6,28.9,31.9,,,33.0,1.131,32.533,9,33.0,12,0.986,Asia/Kuala_Lumpur,C
-1.069,-1.477,-1.115,-1.754,-1.562,-0.546,-3.515,0.146,,,0.054,kuala-lumpur,2026-07-09,WMKK,32.3,32.3,32.3,32.0,30.7,32.9,28.8,32.0,,,32.3,1.177,33.025,9,34.0,13,0.956,Asia/Kuala_Lumpur,C
-1.114,-1.493,-1.157,-1.771,-1.686,-0.586,-3.636,-0.007,,,-0.071,kuala-lumpur,2026-07-10,WMKK,32.1,31.6,32.0,32.1,31.1,32.3,29.5,32.6,,,31.7,0.868,32.97,9,33.0,14,0.957,Asia/Kuala_Lumpur,C
-1.114,-1.514,-1.157,-1.736,-1.65,-0.55,-3.614,-0.021,,,-0.1,kuala-lumpur,2026-07-11,WMKK,29.0,28.0,28.8,30.5,30.9,29.8,29.1,28.6,,,29.3,0.869,30.52,9,29.0,14,0.885,Asia/Kuala_Lumpur,C
-1.093,-1.55,-1.15,-1.593,-1.379,-0.45,-3.343,-0.036,,,-0.086,kuala-lumpur,2026-07-12,WMKK,31.7,30.5,31.8,32.7,30.8,31.9,29.2,32.1,,,32.0,1.003,32.584,9,33.0,14,0.951,Asia/Kuala_Lumpur,C
-1.086,-1.643,-1.15,-1.493,-1.414,-0.443,-3.336,-0.129,,,-0.107,kuala-lumpur,2026-07-13,WMKK,32.0,31.3,31.9,32.3,30.4,32.5,28.9,32.7,,,32.8,1.202,32.85,9,32.0,14,0.884,Asia/Kuala_Lumpur,C
-1.014,-1.593,-1.071,-1.15,-1.436,-0.429,-3.379,-0.143,,,-0.093,kuala-lumpur,2026-07-14,WMKK,32.5,31.8,32.4,32.2,30.8,32.6,29.1,32.7,,,32.2,1.101,33.027,9,33.0,14,0.865,Asia/Kuala_Lumpur,C
-0.971,-1.55,-1.029,-1.121,-1.571,-0.407,-3.429,-0.221,,,-0.164,kuala-lumpur,2026-07-15,WMKK,32.7,32.5,32.3,32.3,31.4,32.7,29.1,33.0,,,33.1,1.167,33.344,9,33.0,14,0.826,Asia/Kuala_Lumpur,C
-0.814,-1.479,-0.9,-0.964,-1.507,-0.3,-3.4,-0.243,,,-0.143,kuala-lumpur,2026-07-16,WMKK,32.6,32.1,32.3,33.4,32.1,33.3,29.2,33.9,,,34.1,1.383,33.595,9,33.0,14,0.793,Asia/Kuala_Lumpur,C
-0.814,-1.529,-0.907,-0.8,-1.471,-0.25,-3.479,-0.293,,,-0.086,kuala-lumpur,2026-07-17,WMKK,32.1,31.2,32.1,31.8,30.8,32.3,28.8,32.7,,,33.0,1.194,32.736,9,34.0,14,0.789,Asia/Kuala_Lumpur,C
-1.007,-1.636,-1.093,-0.986,-1.729,-0.414,-3.714,-0.536,,,-0.214,kuala-lumpur,2026-07-18,WMKK,31.8,31.2,31.5,31.0,31.8,31.7,28.0,32.0,,,33.5,1.372,32.699,9,32.0,14,0.762,Asia/Kuala_Lumpur,C
-0.971,-1.607,-1.079,-0.957,-1.621,-0.457,-3.707,-0.507,,,-0.1,kuala-lumpur,2026-07-19,WMKK,30.5,28.4,30.3,30.5,30.1,30.5,28.3,31.7,,,32.1,1.2,31.417,9,32.0,14,0.785,Asia/Kuala_Lumpur,C
-0.879,-1.679,-0.979,-0.9,-1.586,-0.514,-3.664,-0.386,,,-0.114,kuala-lumpur,2026-07-20,WMKK,28.2,27.0,28.0,26.9,30.8,29.3,28.0,30.9,,,29.9,1.428,29.848,9,29.0,14,0.723,Asia/Kuala_Lumpur,C
-0.879,-1.729,-0.993,-0.907,-1.314,-0.436,-3.436,-0.2,,,-0.064,kuala-lumpur,2026-07-21,WMKK,32.7,30.6,32.4,30.6,31.6,32.0,28.8,33.3,,,33.6,1.437,32.92,9,34.0,14,0.756,Asia/Kuala_Lumpur,C
-0.871,-1.764,-1.021,-1.057,-1.421,-0.543,-3.593,-0.279,,,-0.1,kuala-lumpur,2026-07-22,WMKK,29.9,29.8,29.8,27.6,30.3,29.7,28.3,29.1,,,31.5,1.065,30.818,9,31.0,14,0.809,Asia/Kuala_Lumpur,C
-0.85,-1.693,-1.007,-1.15,-1.314,-0.607,-3.493,-0.336,,,-0.064,kuala-lumpur,2026-07-23,WMKK,31.0,29.7,31.0,29.5,30.2,30.9,28.7,30.8,,,30.4,0.756,31.482,9,32.0,14,0.801,Asia/Kuala_Lumpur,C
-0.8,-1.736,-0.957,-1.186,-1.207,-0.607,-3.357,-0.279,,,-0.057,kuala-lumpur,2026-07-24,WMKK,30.3,30.5,30.1,30.3,30.1,31.7,28.6,32.3,,,31.3,1.015,31.635,9,32.0,14,0.77,Asia/Kuala_Lumpur,C
-0.857,-1.743,-1.021,-1.243,-1.207,-0.579,-3.35,-0.229,,,-0.014,kuala-lumpur,2026-07-25,WMKK,30.0,28.0,29.9,26.2,28.9,27.6,28.2,30.4,,,29.3,1.274,29.972,9,30.0,14,0.776,Asia/Kuala_Lumpur,C
-0.857,-1.814,-1.014,-1.621,-1.421,-0.807,-3.486,-0.171,,,-0.086,kuala-lumpur,2026-07-26,WMKK,31.5,31.9,31.5,30.7,30.7,31.4,28.3,30.8,,,31.8,1.033,32.303,9,33.0,14,0.661,Asia/Kuala_Lumpur,C
-0.871,-1.714,-1.036,-1.764,-1.429,-0.843,-3.55,-0.264,,,-0.1,kuala-lumpur,2026-07-27,WMKK,31.9,31.6,31.9,30.6,30.0,32.2,28.2,31.7,,,32.0,1.237,32.492,9,32.0,14,0.678,Asia/Kuala_Lumpur,C
-0.879,-1.693,-1.036,-1.886,-1.457,-0.864,-3.6,-0.336,,,-0.157,kuala-lumpur,2026-07-28,WMKK,30.2,29.7,30.3,31.4,30.5,30.8,28.4,31.6,,,31.2,0.929,31.668,9,31.0,14,0.652,Asia/Kuala_Lumpur,C
-0.9,-1.7,-1.043,-1.8,-1.336,-0.85,-3.507,-0.271,,,-0.086,kuala-lumpur,2026-07-29,WMKK,31.5,30.4,31.4,30.5,30.5,31.2,29.0,32.2,,,31.9,0.915,32.233,9,31.0,14,0.676,Asia/Kuala_Lumpur,C
-0.843,-1.707,-0.964,-1.786,-1.257,-0.814,-3.371,-0.186,,,-0.029,kuala-lumpur,2026-07-30,WMKK,30.6,30.2,30.7,31.7,30.8,30.7,28.7,31.4,,,32.1,0.924,31.905,9,33.0,14,0.746,Asia/Kuala_Lumpur,C
-0.986,-1.843,-1.079,-1.907,-1.35,-1.0,-3.407,-0.364,,,-0.171,kuala-lumpur,2026-07-31,WMKK,31.7,31.2,31.5,31.7,31.5,32.1,29.0,32.5,,,32.5,0.987,32.844,9,32.0,14,0.786,Asia/Kuala_Lumpur,C
-0.871,-1.7,-0.979,-1.771,-1.157,-0.871,-3.25,-0.236,,,-0.064,kuala-lumpur,2026-08-01,WMKK,30.5,31.2,30.8,32.5,31.8,33.2,29.2,33.4,,,33.7,1.431,32.821,9,34.0,14,0.744,Asia/Kuala_Lumpur,C
-1.107,-1.843,-1.171,-1.807,-1.3,-0.907,-3.307,-0.279,,,-0.193,kuala-lumpur,2026-08-02,WMKK,32.8,33.0,32.8,32.3,31.5,33.3,29.2,34.6,,,33.7,1.445,33.919,9,34.0,14,0.786,Asia/Kuala_Lumpur,C
-1.086,-1.657,-1.136,-1.821,-1.343,-0.85,-3.386,-0.214,,,-0.221,kuala-lumpur,2026-08-03,WMKK,33.6,32.7,33.5,30.9,31.2,33.7,29.0,33.6,,,34.5,1.68,33.959,9,34.0,14,0.771,Asia/Kuala_Lumpur,C
-1.057,-1.607,-1.1,-1.893,-1.671,-0.893,-3.671,-0.379,,,-0.25,kuala-lumpur,2026-08-04,WMKK,32.6,32.3,32.6,30.8,31.0,33.3,29.8,32.7,,,34.0,1.253,33.551,9,34.0,14,0.737,Asia/Kuala_Lumpur,C
-1.064,-1.486,-1.086,-1.879,-1.714,-0.8,-3.6,-0.421,,,-0.221,kuala-lumpur,2026-08-05,WMKK,31.9,31.8,32.0,32.0,30.8,32.7,29.2,32.9,,,32.5,1.072,33.094,9,33.0,14,0.689,Asia/Kuala_Lumpur,C
-1.064,-1.486,-1.071,-1.707,-1.821,-0.729,-3.679,-0.293,,,-0.293,kuala-lumpur,2026-08-06,WMKK,33.4,32.5,33.1,31.7,31.2,33.2,29.2,33.3,,,32.8,1.296,33.725,9,34.0,14,0.687,Asia/Kuala_Lumpur,C
-1.036,-1.429,-1.064,-1.693,-1.893,-0.707,-3.786,-0.257,,,-0.264,kuala-lumpur,2026-08-07,WMKK,34.2,33.7,34.0,32.9,32.1,34.2,29.5,33.9,,,34.7,1.513,34.695,9,35.0,14,0.677,Asia/Kuala_Lumpur,C
-0.971,-1.414,-1.0,-1.721,-1.964,-0.743,-3.936,-0.357,,,-0.236,kuala-lumpur,2026-08-08,WMKK,32.6,32.0,32.5,33.0,31.6,32.7,29.0,33.4,,,33.5,1.286,33.599,9,33.0,14,0.675,Asia/Kuala_Lumpur,C
-1.0,-1.343,-1.029,-1.45,-1.986,-0.593,-4.093,-0.357,,,-0.15,kuala-lumpur,2026-08-09,WMKK,33.2,32.2,33.0,31.6,31.3,31.7,28.9,32.9,,,32.8,1.259,33.401,9,33.0,14,0.694,Asia/Kuala_Lumpur,C
-0.879,-1.321,-0.921,-1.386,-1.943,-0.571,-4.05,-0.207,,,-0.079,kuala-lumpur,2026-08-10,WMKK,33.0,32.9,32.6,31.3,31.0,32.8,28.9,32.0,,,33.8,1.38,33.402,9,34.0,14,0.677,Asia/Kuala_Lumpur,C
-0.943,-1.371,-1.014,-1.479,-2.014,-0.671,-4.143,-0.329,,,-0.093,kuala-lumpur,2026-08-11,WMKK,32.2,32.4,32.1,30.2,31.1,31.9,28.7,32.5,,,32.0,1.19,32.889,9,32.0,14,0.683,Asia/Kuala_Lumpur,C
-0.871,-1.25,-0.957,-1.636,-2.043,-0.664,-4.193,-0.336,,,-0.107,kuala-lumpur,2026-08-12,WMKK,33.4,33.1,33.1,32.0,31.3,33.3,29.3,33.2,,,33.7,1.335,33.893,9,33.0,14,0.701,Asia/Kuala_Lumpur,C
-0.879,-1.2,-0.979,-1.671,-2.129,-0.657,-4.314,-0.407,,,-0.121,kuala-lumpur,2026-08-13,WMKK,32.5,33.0,32.7,32.1,31.4,32.2,28.9,32.7,,,32.9,1.204,33.452,9,33.0,14,0.663,Asia/Kuala_Lumpur,C
-0.743,-1.0,-0.836,-1.643,-2.086,-0.55,-4.3,-0.314,,,-0.064,kuala-lumpur,2026-08-14,WMKK,33.5,32.5,33.0,30.5,30.9,32.6,28.3,31.5,,,33.6,1.617,33.274,9,33.0,14,0.607,Asia/Kuala_Lumpur,C
-0.686,-0.979,-0.8,-1.8,-2.2,-0.586,-4.421,-0.457,,,-0.057,kuala-lumpur,2026-08-15,WMKK,34.3,33.4,33.8,32.3,31.2,34.1,29.2,34.0,,,34.2,1.643,34.345,9,34.0,14,0.568,Asia/Kuala_Lumpur,C
-0.414,-0.821,-0.586,-1.814,-2.243,-0.521,-4.421,-0.414,,,-0.021,kuala-lumpur,2026-08-16,WMKK,31.7,32.1,31.3,30.6,31.0,32.2,29.0,30.9,,,32.7,1.033,32.503,9,33.0,14,0.5,Asia/Kuala_Lumpur,C
-0.421,-0.814,-0.621,-1.864,-2.207,-0.529,-4.364,-0.607,,,-0.021,kuala-lumpur,2026-08-17,WMKK,33.8,33.7,33.3,33.2,31.8,33.2,29.1,33.8,,,34.1,1.479,34.153,9,34.0,14,0.5,Asia/Kuala_Lumpur,C
-0.407,-0.743,-0.636,-1.7,-2.164,-0.564,-4.357,-0.593,,,-0.05,kuala-lumpur,2026-08-18,WMKK,33.0,30.1,32.5,29.7,32.6,32.2,28.8,33.0,,,33.3,1.585,32.958,9,33.0,14,0.501,Asia/Kuala_Lumpur,C
-0.307,-0.829,-0.571,-1.707,-1.979,-0.571,-4.357,-0.5,,,-0.029,kuala-lumpur,2026-08-19,WMKK,32.6,30.8,31.2,30.9,32.7,31.7,28.3,30.2,,,32.1,1.288,32.428,9,34.0,14,0.5,Asia/Kuala_Lumpur,C
-0.329,-0.971,-0.7,-1.857,-1.914,-0.714,-4.493,-0.764,,,-0.129,kuala-lumpur,2026-08-20,WMKK,32.6,32.7,32.3,30.8,30.9,32.8,28.8,32.9,,,32.7,1.313,33.14,9,34.0,14,0.642,Asia/Kuala_Lumpur,C
-0.386,-0.957,-0.757,-1.921,-1.936,-0.743,-4.521,-0.793,,,-0.136,kuala-lumpur,2026-08-21,WMKK,33.2,33.0,32.9,32.7,31.8,33.7,29.4,33.3,,,33.1,1.222,33.871,9,33.0,14,0.678,Asia/Kuala_Lumpur,C
-0.314,-0.864,-0.693,-1.793,-1.814,-0.636,-4.386,-0.693,,,-0.107,kuala-lumpur,2026-08-22,WMKK,33.7,33.0,33.3,33.2,32.3,34.2,29.9,34.3,,,33.7,1.261,34.252,9,34.0,14,0.713,Asia/Kuala_Lumpur,C
-0.307,-0.864,-0.707,-1.85,-1.836,-0.6,-4.393,-0.7,,,-0.164,kuala-lumpur,2026-08-23,WMKK,33.3,33.1,32.9,33.3,31.9,33.7,29.9,34.0,,,33.4,1.175,34.007,9,34.0,14,0.698,Asia/Kuala_Lumpur,C
-0.371,-0.871,-0.786,-1.8,-1.864,-0.529,-4.393,-0.693,,,-0.193,kuala-lumpur,2026-08-24,WMKK,34.3,33.3,33.7,33.4,31.9,34.4,30.0,33.7,,,33.6,1.302,34.419,9,34.0,14,0.689,Asia/Kuala_Lumpur,C
-0.279,-0.843,-0.707,-1.65,-1.8,-0.414,-4.314,-0.571,,,-0.207,kuala-lumpur,2026-08-25,WMKK,32.2,31.3,31.8,31.4,31.3,31.4,28.9,30.8,,,32.1,0.925,32.443,9,32.0,14,0.68,Asia/Kuala_Lumpur,C
-0.279,-0.921,-0.729,-1.564,-1.786,-0.45,-4.3,-0.693,,,-0.2,kuala-lumpur,2026-08-26,WMKK,31.5,29.5,30.4,27.8,30.3,29.7,28.5,31.1,,,31.2,1.182,31.232,9,32.0,14,0.648,Asia/Kuala_Lumpur,C
-0.343,-1.107,-0.85,-1.793,-1.786,-0.636,-4.286,-0.771,,,-0.307,kuala-lumpur,2026-08-27,WMKK,33.3,33.0,32.9,31.2,31.2,33.2,28.9,31.9,,,32.8,1.352,33.442,9,33.0,14,0.636,Asia/Kuala_Lumpur,C
-0.286,-1.107,-0.836,-1.857,-1.8,-0.564,-4.286,-0.829,,,-0.314,kuala-lumpur,2026-08-28,WMKK,33.8,32.6,33.0,32.7,31.3,33.7,29.1,32.9,,,33.3,1.384,33.815,9,33.0,14,0.636,Asia/Kuala_Lumpur,C
-0.264,-1.1,-0.836,-1.7,-1.771,-0.486,-4.229,-0.729,,,-0.336,kuala-lumpur,2026-08-29,WMKK,34.3,34.0,33.6,33.5,31.8,33.8,29.4,33.7,,,33.9,1.473,34.404,9,34.0,14,0.668,Asia/Kuala_Lumpur,C
-0.264,-1.057,-0.85,-1.614,-1.729,-0.507,-4.214,-0.75,,,-0.357,kuala-lumpur,2026-08-30,WMKK,34.5,32.9,33.6,32.3,31.5,32.9,29.0,32.2,,,33.2,1.468,33.841,9,34.0,14,0.67,Asia/Kuala_Lumpur,C
-0.136,-1.071,-0.757,-1.564,-1.764,-0.529,-4.286,-0.729,,,-0.393,kuala-lumpur,2026-08-31,WMKK,34.4,33.0,33.6,31.8,31.3,32.7,29.1,32.7,,,32.8,1.437,33.74,9,33.0,14,0.658,Asia/Kuala_Lumpur,C
-0.021,-1.05,-0.664,-1.593,-1.729,-0.493,-4.214,-0.736,,,-0.414,kuala-lumpur,2026-09-01,WMKK,33.5,32.2,32.7,33.0,32.1,32.4,29.1,33.5,,,31.5,1.266,33.414,9,33.0,14,0.686,Asia/Kuala_Lumpur,C
0.014,-0.9,-0.65,-1.357,-1.764,-0.479,-4.193,-0.7,,,-0.543,kuala-lumpur,2026-09-02,WMKK,34.2,33.9,31.9,32.4,32.3,34.0,29.0,33.5,,,32.8,1.513,33.86,9,34.0,14,0.695,Asia/Kuala_Lumpur,C
0.129,-0.679,-0.6,-1.25,-1.793,-0.314,-4.143,-0.464,,,-0.493,kuala-lumpur,2026-09-03,WMKK,33.7,31.2,32.3,32.5,31.6,32.4,29.3,33.1,,,31.4,1.203,32.998,9,33.0,14,0.555,Asia/Kuala_Lumpur,C
0.279,-0.714,-0.529,-1.057,-1.671,-0.271,-4.036,-0.379,,,-0.514,kuala-lumpur,2026-09-04,WMKK,35.2,33.7,34.2,33.1,31.8,34.0,29.2,33.6,,,34.3,1.674,34.307,9,33.0,14,0.505,Asia/Kuala_Lumpur,C
0.421,-0.664,-0.436,-1.029,-1.671,-0.25,-4.05,-0.357,,,-0.429,kuala-lumpur,2026-09-05,WMKK,33.5,32.3,33.0,32.9,31.6,33.8,29.9,33.6,,,33.4,1.178,33.519,9,32.0,14,0.568,Asia/Kuala_Lumpur,C
0.55,-0.571,-0.314,-0.907,-1.579,-0.136,-3.907,-0.264,,,-0.307,kuala-lumpur,2026-09-06,WMKK,35.0,33.1,34.2,32.9,32.2,33.7,29.7,33.9,,,34.5,1.491,34.106,9,33.0,14,0.695,Asia/Kuala_Lumpur,C
0.743,-0.5,-0.15,-0.864,-1.486,-0.064,-3.85,-0.2,,,-0.157,kuala-lumpur,2026-09-07,WMKK,34.6,34.2,34.0,32.1,32.5,35.0,29.8,33.7,,,34.3,1.54,34.117,9,34.0,14,0.755,Asia/Kuala_Lumpur,C
0.764,-0.436,-0.129,-0.957,-1.443,-0.021,-3.864,-0.2,,,-0.107,kuala-lumpur,2026-09-08,WMKK,33.8,32.2,33.1,32.5,32.1,33.1,29.5,33.7,,,33.1,1.221,33.227,9,33.0,14,0.748,Asia/Kuala_Lumpur,C
0.807,-0.443,-0.107,-0.95,-1.457,0.029,-3.893,-0.064,,,-0.107,kuala-lumpur,2026-09-09,WMKK,32.8,33.3,32.5,30.6,32.6,31.1,28.8,31.4,,,31.7,1.302,32.407,9,32.0,14,0.741,Asia/Kuala_Lumpur,C
0.9,-0.171,0.043,-0.75,-1.293,0.129,-3.871,-0.043,,,-0.071,kuala-lumpur,2026-09-10,WMKK,33.5,32.3,33.1,30.6,31.9,33.0,28.7,29.5,,,33.4,1.673,32.473,9,33.0,14,0.72,Asia/Kuala_Lumpur,C
0.914,-0.221,0.057,-0.793,-1.243,0.114,-3.886,-0.214,,,-0.029,kuala-lumpur,2026-09-11,WMKK,31.2,27.3,30.1,29.7,30.2,30.1,28.4,27.9,,,30.6,1.245,30.036,9,29.0,14,0.724,Asia/Kuala_Lumpur,C
1.014,-0.314,0.136,-0.721,-1.036,0.143,-3.65,-0.286,,,0.064,kuala-lumpur,2026-09-12,WMKK,31.7,31.2,31.2,31.2,30.2,31.9,28.9,30.9,,,32.6,0.998,31.486,9,32.0,14,0.744,Asia/Kuala_Lumpur,C
0.971,-0.371,0.107,-0.743,-1.007,0.15,-3.543,-0.343,,,0.114,kuala-lumpur,2026-09-13,WMKK,33.3,33.3,33.1,31.9,31.3,33.5,29.6,32.7,,,32.8,1.196,32.881,9,33.0,14,0.749,Asia/Kuala_Lumpur,C
0.957,-0.271,0.143,-0.7,-0.95,0.264,-3.429,-0.236,,,0.157,kuala-lumpur,2026-09-14,WMKK,33.4,32.7,33.1,32.7,32.1,33.6,29.1,33.8,,,33.6,1.366,33.054,9,33.0,14,0.748,Asia/Kuala_Lumpur,C
0.886,-0.293,0.107,-0.636,-0.893,0.329,-3.429,-0.157,,,0.214,kuala-lumpur,2026-09-15,WMKK,34.7,33.6,34.5,33.4,32.7,34.2,29.5,34.1,,,34.6,1.533,33.92,9,33.0,14,0.722,Asia/Kuala_Lumpur,C
0.971,-0.193,0.236,-0.607,-0.85,0.457,-3.4,-0.114,,,0.436,kuala-lumpur,2026-09-16,WMKK,34.1,33.4,33.7,32.6,31.6,35.3,29.6,33.5,,,34.5,1.604,33.458,9,33.0,14,0.755,Asia/Kuala_Lumpur,C
1.036,-0.157,0.436,-0.521,-0.829,0.621,-3.286,-0.043,,,0.629,kuala-lumpur,2026-09-17,WMKK,33.2,31.8,32.1,31.6,32.7,33.1,28.9,33.1,,,33.7,1.355,32.422,9,33.0,14,0.763,Asia/Kuala_Lumpur,C
1.0,-0.114,0.421,-0.586,-0.75,0.671,-3.314,-0.043,,,0.793,kuala-lumpur,2026-09-18,WMKK,32.3,28.6,31.5,31.1,33.3,32.4,29.0,34.2,,,33.4,1.82,31.778,9,32.0,14,0.779,Asia/Kuala_Lumpur,C
0.864,-0.407,0.3,-0.657,-0.571,0.629,-3.257,0.071,,,0.8,kuala-lumpur,2026-09-19,WMKK,31.8,30.9,31.9,29.0,31.8,31.4,28.6,32.3,,,33.3,1.436,31.447,9,31.0,14,0.699,Asia/Kuala_Lumpur,C
0.814,-0.436,0.293,-0.864,-0.486,0.529,-3.279,0.05,,,0.864,kuala-lumpur,2026-09-20,WMKK,31.9,31.7,32.3,33.2,32.0,33.0,28.9,33.6,,,34.3,1.459,32.407,9,33.0,14,0.581,Asia/Kuala_Lumpur,C
0.593,-0.536,0.157,-0.843,-0.5,0.479,-3.336,0.029,,,0.85,kuala-lumpur,2026-09-21,WMKK,32.5,29.2,32.0,32.7,32.0,32.7,29.2,33.0,,,33.8,1.53,32.09,9,33.0,14,0.525,Asia/Kuala_Lumpur,C
0.514,-0.821,0.086,-0.729,-0.464,0.386,-3.307,0.05,,,0.886,kuala-lumpur,2026-09-22,WMKK,30.9,30.1,31.0,28.9,29.4,31.0,28.6,30.8,,,32.1,1.082,30.66,9,31.0,14,0.578,Asia/Kuala_Lumpur,C
0.45,-0.829,0.079,-0.843,-0.514,0.379,-3.229,-0.014,,,0.957,kuala-lumpur,2026-09-23,WMKK,31.9,32.2,31.5,31.1,31.9,32.2,29.2,32.5,,,32.7,0.993,32.033,9,31.0,14,0.581,Asia/Kuala_Lumpur,C
-1.28,-1.74,-1.52,-2.22,-1.08,-2.06,-2.78,-3.42,,,-2.16,guangzhou,2026-07-01,ZGGG,32.9,33.1,32.5,32.6,33.0,32.7,31.9,32.2,,,32.6,0.36,34.555,9,34.0,0,1.2,Asia/Shanghai,C
-1.25,-1.6,-1.517,-2.083,-1.067,-1.933,-2.667,-3.15,,,-2.033,guangzhou,2026-07-02,ZGGG,33.9,34.9,34.0,33.5,33.4,33.1,30.6,32.3,,,32.8,1.149,35.159,9,35.0,0,1.2,Asia/Shanghai,C
-1.229,-1.386,-1.443,-2.0,-1.143,-1.929,-2.914,-3.086,,,-2.057,guangzhou,2026-07-03,ZGGG,32.5,32.1,29.4,33.1,32.4,32.6,30.8,30.6,,,32.3,1.14,33.522,9,34.0,0,1.2,Asia/Shanghai,C
-1.263,-1.45,-1.837,-1.862,-1.2,-1.862,-2.95,-3.125,,,-2.013,guangzhou,2026-07-04,ZGGG,28.5,28.3,27.4,29.7,30.4,29.9,29.0,28.8,,,28.8,0.859,30.709,9,30.0,8,1.678,Asia/Shanghai,C
-1.289,-1.478,-1.922,-1.689,-1.022,-1.667,-2.733,-2.911,,,-1.922,guangzhou,2026-07-05,ZGGG,31.3,31.2,31.4,31.5,30.7,31.0,29.5,29.8,,,32.1,0.782,32.773,9,32.0,9,1.599,Asia/Shanghai,C
-1.23,-1.41,-1.79,-1.57,-1.05,-1.6,-2.71,-2.84,,,-1.72,guangzhou,2026-07-06,ZGGG,30.1,29.4,27.0,29.8,31.0,30.1,29.1,28.8,,,29.1,1.054,31.052,9,32.0,10,1.537,Asia/Shanghai,C
-1.291,-1.518,-2.082,-1.627,-1.045,-1.627,-2.727,-2.873,,,-1.827,guangzhou,2026-07-07,ZGGG,28.8,30.5,27.7,31.2,26.0,29.5,28.7,27.7,,,28.4,1.473,30.432,9,30.0,11,1.493,Asia/Shanghai,C
-1.283,-1.35,-2.1,-1.392,-1.292,-1.533,-2.608,-2.825,,,-1.808,guangzhou,2026-07-08,ZGGG,30.8,30.9,30.5,30.3,30.8,29.3,28.6,28.7,,,29.1,0.899,31.789,9,30.0,12,1.435,Asia/Shanghai,C
-1.123,-1.177,-1.9,-1.262,-1.131,-1.469,-2.515,-2.708,,,-1.738,guangzhou,2026-07-09,ZGGG,31.5,29.3,31.7,30.9,32.6,30.6,29.5,30.2,,,31.9,1.054,32.586,9,32.0,13,1.465,Asia/Shanghai,C
-1.079,-1.286,-1.786,-1.25,-1.007,-1.464,-2.514,-2.643,,,-1.621,guangzhou,2026-07-10,ZGGG,33.4,34.3,33.8,32.2,34.1,33.0,30.3,32.0,,,32.4,1.19,34.598,9,35.0,14,1.42,Asia/Shanghai,C
-1.1,-1.164,-1.714,-1.229,-0.986,-1.479,-2.657,-2.593,,,-1.721,guangzhou,2026-07-11,ZGGG,35.0,36.3,36.2,35.4,36.0,35.6,36.8,34.1,,,35.5,0.751,37.202,9,37.0,14,1.315,Asia/Shanghai,C
-1.043,-0.964,-1.621,-1.129,-0.821,-1.321,-2.314,-2.421,,,-1.564,guangzhou,2026-07-12,ZGGG,36.4,37.5,37.1,36.9,38.5,36.2,37.7,35.0,,,36.1,0.974,38.254,9,39.0,14,0.947,Asia/Shanghai,C
-1.214,-1.021,-1.671,-1.257,-0.95,-1.371,-2.293,-2.614,,,-1.786,guangzhou,2026-07-13,ZGGG,35.6,35.9,35.5,36.1,35.7,34.4,32.9,33.8,,,34.6,1.025,36.589,9,38.0,14,0.955,Asia/Shanghai,C
-1.336,-1.15,-1.764,-1.15,-1.007,-1.507,-2.393,-2.65,,,-1.786,guangzhou,2026-07-14,ZGGG,31.6,30.3,31.7,32.3,32.3,30.9,29.0,30.0,,,31.7,1.062,32.751,9,34.0,14,0.896,Asia/Shanghai,C
-1.407,-1.286,-1.864,-1.179,-1.079,-1.65,-2.686,-2.714,,,-1.757,guangzhou,2026-07-15,ZGGG,29.4,27.5,28.3,30.2,30.4,27.7,29.0,28.2,,,29.5,0.989,30.553,9,30.0,14,0.87,Asia/Shanghai,C
-1.371,-1.4,-1.879,-1.064,-0.979,-1.721,-2.607,-2.714,,,-1.693,guangzhou,2026-07-16,ZGGG,29.7,29.1,30.5,31.3,31.4,29.2,28.4,27.6,,,31.1,1.276,31.516,9,32.0,14,0.87,Asia/Shanghai,C
-1.457,-1.6,-1.914,-1.007,-0.907,-1.786,-2.55,-2.836,,,-1.6,guangzhou,2026-07-17,ZGGG,32.7,29.1,31.2,33.6,32.3,31.6,31.7,30.0,,,31.9,1.281,33.254,9,33.0,14,0.879,Asia/Shanghai,C
-1.371,-1.743,-1.714,-0.9,-0.843,-1.786,-2.414,-2.807,,,-1.557,guangzhou,2026-07-18,ZGGG,31.5,30.5,30.5,33.6,34.0,31.8,29.6,31.1,,,31.3,1.356,33.149,9,31.0,14,0.872,Asia/Shanghai,C
-1.229,-1.657,-1.564,-0.693,-0.657,-1.721,-2.443,-2.714,,,-1.45,guangzhou,2026-07-19,ZGGG,32.3,31.9,31.3,31.3,33.2,32.1,30.8,30.7,,,31.3,0.751,33.278,9,32.0,14,1.027,Asia/Shanghai,C
-1.157,-1.607,-1.571,-0.707,-0.479,-1.643,-2.35,-2.65,,,-1.507,guangzhou,2026-07-20,ZGGG,31.2,27.8,31.1,31.3,31.9,30.8,29.1,29.2,,,28.4,1.389,31.664,9,32.0,14,1.062,Asia/Shanghai,C
-1.079,-1.721,-1.279,-0.6,-0.414,-1.593,-2.35,-2.621,,,-1.557,guangzhou,2026-07-21,ZGGG,28.6,28.3,27.8,31.0,31.9,30.8,28.4,29.1,,,28.1,1.411,30.637,9,31.0,14,1.035,Asia/Shanghai,C
-1.164,-1.95,-1.343,-0.686,-0.064,-1.571,-2.443,-2.593,,,-1.65,guangzhou,2026-07-22,ZGGG,32.8,33.3,32.9,31.5,32.1,32.4,30.8,31.3,,,31.9,0.774,33.711,9,33.0,14,1.034,Asia/Shanghai,C
-1.236,-1.993,-1.386,-0.814,-0.186,-1.564,-2.5,-2.621,,,-1.664,guangzhou,2026-07-23,ZGGG,33.7,34.1,33.9,33.9,35.6,34.3,33.3,32.3,,,33.4,0.834,35.392,9,36.0,14,0.936,Asia/Shanghai,C
-1.364,-1.936,-1.514,-0.886,-0.257,-1.586,-2.514,-2.757,,,-1.843,guangzhou,2026-07-24,ZGGG,33.7,35.1,34.6,34.4,35.4,33.9,34.4,33.2,,,34.1,0.644,35.899,9,36.0,14,0.937,Asia/Shanghai,C
-1.414,-1.95,-1.529,-0.8,-0.236,-1.593,-2.293,-2.743,,,-1.793,guangzhou,2026-07-25,ZGGG,36.0,36.8,35.5,36.4,36.2,35.6,34.6,34.0,,,35.4,0.831,37.259,9,37.0,14,0.931,Asia/Shanghai,C
-1.343,-1.914,-1.579,-0.729,-0.221,-1.593,-2.45,-2.75,,,-1.8,guangzhou,2026-07-26,ZGGG,28.4,28.7,28.1,28.5,27.1,29.4,28.7,28.4,,,27.5,0.642,29.841,9,29.0,14,0.932,Asia/Shanghai,C
-1.2,-1.829,-1.507,-0.614,-0.321,-1.364,-2.379,-2.507,,,-1.7,guangzhou,2026-07-27,ZGGG,32.6,32.4,30.2,31.1,32.1,30.5,28.9,28.4,,,28.1,1.625,32.217,9,32.0,14,0.938,Asia/Shanghai,C
-0.986,-1.65,-1.457,-0.543,-0.15,-1.214,-2.236,-2.464,,,-1.736,guangzhou,2026-07-28,ZGGG,29.9,28.7,28.4,29.5,30.9,29.3,28.2,27.4,,,29.3,0.97,30.479,9,31.0,14,0.861,Asia/Shanghai,C
-0.893,-1.55,-1.479,-0.529,-0.036,-1.114,-2.079,-2.436,,,-1.693,guangzhou,2026-07-29,ZGGG,28.4,28.4,27.1,29.1,27.7,28.0,27.2,28.6,,,28.5,0.63,29.329,9,31.0,14,0.805,Asia/Shanghai,C
-1.036,-1.557,-1.636,-0.679,-0.3,-1.164,-2.279,-2.479,,,-1.836,guangzhou,2026-07-30,ZGGG,30.6,29.1,30.2,29.3,30.2,29.5,27.8,29.7,,,30.9,0.877,31.19,9,31.0,14,0.909,Asia/Shanghai,C
-0.9,-1.486,-1.586,-0.75,-0.314,-1.071,-2.25,-2.257,,,-1.779,guangzhou,2026-07-31,ZGGG,29.9,30.2,30.0,30.5,28.2,30.7,28.6,30.4,,,30.9,0.877,31.225,9,32.0,14,0.901,Asia/Shanghai,C
-1.029,-1.336,-1.6,-0.9,-0.536,-1.064,-2.4,-2.157,,,-1.779,guangzhou,2026-08-01,ZGGG,29.4,29.8,28.6,30.9,28.8,29.9,28.0,26.9,,,29.4,1.102,30.484,9,31.0,14,0.922,Asia/Shanghai,C
-1.179,-1.386,-1.736,-1.093,-0.907,-1.2,-2.514,-2.457,,,-1.914,guangzhou,2026-08-02,ZGGG,30.7,28.6,30.0,28.9,29.5,26.9,25.7,28.4,,,28.5,1.438,30.379,9,29.0,14,0.734,Asia/Shanghai,C
-1.079,-1.407,-1.614,-1.05,-0.957,-1.357,-2.664,-2.407,,,-1.9,guangzhou,2026-08-03,ZGGG,29.7,30.1,30.0,29.3,29.8,30.1,28.7,28.6,,,28.5,0.627,31.053,9,31.0,14,0.747,Asia/Shanghai,C
-1.114,-1.171,-1.621,-1.121,-1.036,-1.336,-2.621,-2.379,,,-1.821,guangzhou,2026-08-04,ZGGG,30.5,31.3,31.0,29.2,31.6,30.7,29.4,30.2,,,31.6,0.832,32.202,9,32.0,14,0.742,Asia/Shanghai,C
-1.05,-1.029,-1.464,-1.321,-1.129,-1.414,-2.621,-2.371,,,-1.643,guangzhou,2026-08-05,ZGGG,32.4,33.1,32.8,32.1,33.3,32.0,29.8,30.9,,,32.2,1.041,33.696,9,35.0,14,0.738,Asia/Shanghai,C
-1.221,-1.186,-1.614,-1.421,-1.186,-1.586,-2.836,-2.543,,,-1.764,guangzhou,2026-08-06,ZGGG,33.4,34.4,33.2,34.4,35.0,34.3,34.4,32.5,,,33.6,0.739,35.5,9,37.0,14,0.793,Asia/Shanghai,C
-1.314,-1.236,-1.736,-1.457,-1.3,-1.657,-2.829,-2.6,,,-1.821,guangzhou,2026-08-07,ZGGG,34.1,36.0,33.0,34.9,36.3,34.8,32.7,33.0,,,34.4,1.223,36.092,9,37.0,14,0.874,Asia/Shanghai,C
-1.357,-1.243,-1.921,-1.493,-1.307,-1.664,-3.021,-2.686,,,-1.871,guangzhou,2026-08-08,ZGGG,35.9,36.6,36.1,35.9,36.5,36.5,35.1,34.5,,,35.3,0.68,37.665,9,37.0,14,0.907,Asia/Shanghai,C
-1.364,-1.257,-1.879,-1.529,-1.286,-1.6,-2.986,-2.65,,,-1.879,guangzhou,2026-08-09,ZGGG,36.2,36.5,36.1,35.9,36.5,36.5,36.4,34.4,,,35.6,0.64,37.816,9,38.0,14,0.921,Asia/Shanghai,C
-1.45,-1.343,-1.95,-1.643,-1.257,-1.736,-3.079,-2.864,,,-1.943,guangzhou,2026-08-10,ZGGG,34.5,34.8,34.3,35.0,35.7,35.4,34.7,34.0,,,34.5,0.503,36.583,9,37.0,14,0.895,Asia/Shanghai,C
-1.671,-1.529,-2.014,-1.721,-1.357,-1.743,-3.021,-2.821,,,-1.843,guangzhou,2026-08-11,ZGGG,35.1,35.7,35.0,35.8,35.8,35.6,33.2,34.0,,,34.5,0.858,36.949,9,37.0,14,0.9,Asia/Shanghai,C
-1.729,-1.457,-1.971,-1.7,-1.436,-1.721,-3.093,-2.779,,,-1.9,guangzhou,2026-08-12,ZGGG,36.2,36.8,35.9,37.1,38.3,36.0,36.9,35.1,,,35.9,0.873,38.374,9,39.0,14,0.889,Asia/Shanghai,C
-1.743,-1.429,-1.914,-1.7,-1.25,-1.721,-2.971,-2.886,,,-1.943,guangzhou,2026-08-13,ZGGG,30.9,31.8,31.5,34.1,34.1,32.5,31.7,32.4,,,33.2,1.07,34.175,9,34.0,14,0.787,Asia/Shanghai,C
-1.936,-1.45,-2.036,-1.571,-1.186,-1.721,-2.907,-2.907,,,-1.993,guangzhou,2026-08-14,ZGGG,31.7,29.8,31.4,29.3,32.5,30.6,29.6,29.6,,,28.9,1.166,32.507,9,32.0,14,0.787,Asia/Shanghai,C
-1.807,-1.479,-1.936,-1.657,-0.879,-1.729,-2.836,-2.964,,,-2.136,guangzhou,2026-08-15,ZGGG,33.4,33.7,33.9,32.1,33.6,32.9,31.0,32.3,,,32.3,0.898,34.849,9,35.0,14,0.771,Asia/Shanghai,C
-1.807,-1.486,-1.843,-1.857,-0.821,-1.8,-2.907,-2.864,,,-2.214,guangzhou,2026-08-16,ZGGG,34.6,35.1,34.8,32.1,34.7,33.8,31.9,33.5,,,32.8,1.137,35.813,9,36.0,14,0.759,Asia/Shanghai,C
-2.029,-1.521,-2.0,-2.129,-0.95,-1.807,-2.964,-3.0,,,-2.407,guangzhou,2026-08-17,ZGGG,32.8,33.8,32.1,31.1,35.0,32.7,31.0,32.5,,,33.7,1.218,34.86,9,34.0,14,0.666,Asia/Shanghai,C
-2.021,-1.471,-2.064,-2.214,-0.793,-1.836,-3.014,-2.936,,,-2.25,guangzhou,2026-08-18,ZGGG,31.4,31.4,30.9,33.5,33.4,33.0,30.3,31.6,,,33.1,1.123,33.973,9,34.0,14,0.704,Asia/Shanghai,C
-2.1,-1.607,-2.214,-2.05,-0.807,-1.814,-3.093,-2.979,,,-2.286,guangzhou,2026-08-19,ZGGG,34.4,35.5,34.4,35.6,34.3,34.8,35.5,33.1,,,34.0,0.777,36.653,9,35.0,14,0.702,Asia/Shanghai,C
-1.957,-1.436,-2.1,-1.8,-0.736,-1.614,-2.686,-2.821,,,-2.157,guangzhou,2026-08-20,ZGGG,33.4,33.0,33.8,34.2,34.8,34.0,30.4,31.1,,,33.2,1.366,35.113,9,35.0,14,0.753,Asia/Shanghai,C
-1.814,-1.393,-1.914,-1.671,-0.607,-1.493,-2.829,-2.779,,,-2.043,guangzhou,2026-08-21,ZGGG,31.6,32.5,31.8,32.9,32.8,31.8,30.9,30.6,,,31.4,0.756,33.623,9,34.0,14,0.638,Asia/Shanghai,C
-1.779,-1.429,-1.786,-1.6,-0.643,-1.493,-2.743,-2.736,,,-2.043,guangzhou,2026-08-22,ZGGG,32.6,31.9,32.5,32.6,33.4,32.3,30.1,30.8,,,31.9,0.948,33.882,9,36.0,14,0.599,Asia/Shanghai,C
-1.943,-1.693,-1.971,-1.764,-0.793,-1.721,-3.029,-2.929,,,-2.214,guangzhou,2026-08-23,ZGGG,31.7,33.2,31.0,33.5,34.1,31.6,30.8,31.7,,,31.1,1.137,34.018,9,33.0,14,0.804,Asia/Shanghai,C
-1.907,-1.571,-1.979,-1.579,-0.607,-1.714,-3.071,-2.764,,,-2.179,guangzhou,2026-08-24,ZGGG,31.3,29.7,30.6,31.6,31.0,31.8,29.8,30.9,,,30.0,0.73,32.63,9,34.0,14,0.848,Asia/Shanghai,C
-1.921,-1.721,-2.029,-1.607,-0.729,-1.757,-3.207,-2.771,,,-2.286,guangzhou,2026-08-25,ZGGG,32.7,32.9,32.2,32.1,32.6,32.2,30.1,31.6,,,31.5,0.801,34.067,9,33.0,14,0.917,Asia/Shanghai,C
-1.807,-1.636,-1.943,-1.586,-0.671,-1.714,-3.143,-2.657,,,-2.214,guangzhou,2026-08-26,ZGGG,30.2,29.1,30.0,31.9,32.7,29.4,29.4,29.4,,,30.0,1.171,32.088,9,30.0,14,0.96,Asia/Shanghai,C
-1.593,-1.543,-1.721,-1.314,-0.429,-1.543,-3.036,-2.421,,,-1.993,guangzhou,2026-08-27,ZGGG,30.8,29.3,28.7,27.5,31.3,30.1,28.0,27.9,,,29.0,1.251,31.063,9,31.0,14,1.098,Asia/Shanghai,C
-1.386,-1.507,-1.707,-1.571,-0.414,-1.5,-3.086,-2.529,,,-2.079,guangzhou,2026-08-28,ZGGG,32.5,32.1,32.8,32.4,33.0,32.1,29.5,30.2,,,30.7,1.176,33.556,9,33.0,14,1.097,Asia/Shanghai,C
-1.4,-1.414,-1.679,-1.421,-0.45,-1.464,-3.164,-2.557,,,-2.021,guangzhou,2026-08-29,ZGGG,35.1,36.3,35.4,35.1,35.0,35.1,35.2,33.7,,,35.3,0.627,36.831,9,36.0,14,1.099,Asia/Shanghai,C
-1.35,-1.3,-1.643,-1.279,-0.421,-1.379,-2.936,-2.529,,,-1.879,guangzhou,2026-08-30,ZGGG,27.7,27.3,27.4,27.4,28.0,27.0,28.9,27.3,,,32.1,1.501,29.566,9,27.0,14,1.12,Asia/Shanghai,C
-1.2,-1.214,-1.529,-0.971,-0.257,-1.221,-2.507,-2.329,,,-1.286,guangzhou,2026-08-31,ZGGG,30.3,28.4,30.2,31.0,31.8,30.5,28.6,30.7,,,31.0,1.051,31.583,9,32.0,14,1.312,Asia/Shanghai,C
-1.236,-1.457,-1.521,-0.836,-0.343,-1.236,-2.536,-2.314,,,-1.336,guangzhou,2026-09-01,ZGGG,30.5,29.5,30.4,29.9,29.1,29.6,29.0,28.8,,,30.3,0.6,31.144,9,31.0,14,1.297,Asia/Shanghai,C
-1.086,-1.379,-1.343,-0.879,-0.436,-1.264,-2.414,-2.3,,,-1.321,guangzhou,2026-09-02,ZGGG,30.8,29.6,29.9,29.6,26.1,26.4,28.3,25.7,,,30.2,1.844,30.056,9,30.0,14,1.298,Asia/Shanghai,C
-0.986,-1.443,-1.307,-0.95,-0.664,-1.507,-2.571,-2.471,,,-1.236,guangzhou,2026-09-03,ZGGG,30.8,30.3,30.8,29.8,29.4,28.4,29.2,28.0,,,30.1,0.933,31.194,9,31.0,14,1.22,Asia/Shanghai,C
-0.886,-1.35,-1.236,-0.979,-0.764,-1.621,-2.371,-2.407,,,-1.171,guangzhou,2026-09-04,ZGGG,28.7,28.1,28.7,27.9,26.6,27.7,27.3,26.4,,,27.3,0.773,29.114,9,28.0,14,1.221,Asia/Shanghai,C
-0.664,-1.236,-1.029,-0.907,-0.779,-1.486,-2.2,-2.279,,,-1.036,guangzhou,2026-09-05,ZGGG,32.2,32.3,32.1,33.2,32.1,32.3,31.4,31.7,,,31.9,0.469,33.344,9,35.0,14,1.252,Asia/Shanghai,C
-0.621,-1.136,-0.986,-0.793,-0.8,-1.414,-2.036,-2.143,,,-0.964,guangzhou,2026-09-06,ZGGG,30.1,30.0,29.4,27.0,30.7,27.9,27.9,27.2,,,29.9,1.318,30.27,9,30.0,14,1.202,Asia/Shanghai,C
-0.521,-1.15,-0.886,-1.043,-0.829,-1.464,-2.029,-2.25,,,-0.836,guangzhou,2026-09-07,ZGGG,33.0,34.0,33.7,32.8,33.7,33.1,32.1,32.2,,,33.4,0.626,34.322,9,35.0,14,1.173,Asia/Shanghai,C
-0.471,-0.914,-0.736,-1.029,-0.707,-1.443,-1.936,-2.229,,,-0.664,guangzhou,2026-09-08,ZGGG,33.0,34.7,34.0,33.6,34.0,34.2,33.0,32.5,,,33.4,0.655,34.664,9,35.0,14,1.129,Asia/Shanghai,C
-0.593,-0.929,-0.75,-1.064,-0.75,-1.443,-1.871,-2.307,,,-0.671,guangzhou,2026-09-09,ZGGG,32.9,34.2,33.0,33.2,33.4,32.4,31.9,32.0,,,32.3,0.698,33.954,9,35.0,14,1.096,Asia/Shanghai,C
-0.757,-0.921,-0.893,-1.329,-1.057,-1.586,-2.05,-2.479,,,-0.864,guangzhou,2026-09-10,ZGGG,30.6,31.5,30.3,31.6,30.9,30.8,29.2,29.8,,,30.6,0.717,31.852,9,32.0,14,0.984,Asia/Shanghai,C
-0.843,-0.836,-0.85,-1.107,-1.157,-1.607,-2.036,-2.414,,,-0.821,guangzhou,2026-09-11,ZGGG,31.2,31.1,30.8,31.0,31.0,30.7,30.5,29.6,,,30.8,0.452,32.019,9,32.0,14,0.984,Asia/Shanghai,C
-0.864,-0.836,-0.921,-1.136,-1.229,-1.636,-1.893,-2.386,,,-0.743,guangzhou,2026-09-12,ZGGG,32.0,32.3,32.0,32.2,32.3,31.6,31.9,30.4,,,31.9,0.552,33.11,9,32.0,14,0.973,Asia/Shanghai,C
-0.8,-0.836,-0.879,-1.057,-1.136,-1.6,-1.843,-2.336,,,-0.7,guangzhou,2026-09-13,ZGGG,33.1,33.4,32.3,32.3,32.1,31.7,31.6,31.1,,,32.5,0.682,33.518,9,34.0,14,0.993,Asia/Shanghai,C
-0.914,-0.9,-1.029,-1.207,-1.343,-1.764,-2.15,-2.564,,,-1.171,guangzhou,2026-09-14,ZGGG,32.5,28.5,32.2,32.7,33.3,32.3,29.7,31.3,,,31.5,1.455,32.966,9,34.0,14,0.729,Asia/Shanghai,C
-0.9,-1.036,-1.029,-1.229,-1.379,-1.779,-2.214,-2.664,,,-1.279,guangzhou,2026-09-15,ZGGG,32.0,33.3,32.0,31.6,32.7,32.6,31.4,31.8,,,32.6,0.579,33.664,9,35.0,14,0.772,Asia/Shanghai,C
-1.079,-1.05,-1.2,-1.393,-1.407,-1.85,-2.329,-2.736,,,-1.4,guangzhou,2026-09-16,ZGGG,30.6,30.5,30.0,30.8,31.1,30.1,29.8,29.4,,,30.0,0.504,31.81,9,31.0,14,0.85,Asia/Shanghai,C
-1.164,-1.057,-1.264,-1.379,-1.121,-1.657,-2.293,-2.543,,,-1.486,guangzhou,2026-09-17,ZGGG,32.2,33.1,32.3,32.5,32.5,32.5,30.7,31.3,,,31.6,0.697,33.631,9,35.0,14,0.877,Asia/Shanghai,C
-1.35,-1.143,-1.443,-1.471,-1.186,-1.65,-2.471,-2.593,,,-1.664,guangzhou,2026-09-18,ZGGG,33.0,34.3,33.3,34.0,33.6,32.9,31.4,32.4,,,32.7,0.825,34.722,9,36.0,14,0.948,Asia/Shanghai,C
-1.614,-1.271,-1.686,-1.607,-1.257,-1.85,-2.75,-2.736,,,-1.85,guangzhou,2026-09-19,ZGGG,34.2,34.1,33.9,34.6,34.4,33.2,31.7,33.0,,,32.4,0.932,35.397,9,36.0,14,0.963,Asia/Shanghai,C
-1.543,-1.214,-1.629,-1.579,-1.164,-1.857,-2.8,-2.714,,,-1.886,guangzhou,2026-09-20,ZGGG,34.4,34.3,34.0,34.9,34.6,33.0,31.5,32.9,,,33.1,1.026,35.504,9,37.0,14,0.87,Asia/Shanghai,C
-1.736,-1.407,-1.8,-1.514,-1.386,-1.993,-3.043,-2.807,,,-2.157,guangzhou,2026-09-21,ZGGG,32.9,34.0,31.6,34.9,34.2,33.0,31.3,31.9,,,32.5,1.17,34.839,9,36.0,14,0.955,Asia/Shanghai,C
-1.814,-1.479,-2.021,-1.436,-1.421,-2.071,-3.171,-2.9,,,-2.293,guangzhou,2026-09-22,ZGGG,34.2,32.9,32.4,34.1,33.9,32.7,30.3,30.9,,,32.0,1.299,34.786,9,33.0,14,0.988,Asia/Shanghai,C
-1.586,-1.464,-1.993,-1.257,-1.286,-2.036,-3.221,-2.871,,,-2.25,guangzhou,2026-09-23,ZGGG,33.7,34.1,33.3,29.0,32.6,32.2,28.9,31.1,,,31.7,1.785,34.152,9,34.0,14,1.093,Asia/Shanghai,C
-0.42,-0.14,-0.44,-1.1,-1.64,-0.38,0.7,-0.1,,,-0.4,chongqing,2026-07-01,ZUCK,29.9,29.8,29.8,26.4,29.2,29.7,30.4,29.5,,,30.3,1.13,29.992,9,32.0,0,1.2,Asia/Shanghai,C
-0.7,-0.483,-0.733,-1.85,-1.833,-0.7,0.317,-0.5,,,-0.617,chongqing,2026-07-02,ZUCK,25.6,26.5,25.2,26.1,24.7,25.9,26.2,28.2,,,28.3,1.16,26.934,9,28.0,0,1.2,Asia/Shanghai,C
-0.943,-0.629,-1.029,-1.857,-2.043,-0.9,0.014,-0.4,,,-0.486,chongqing,2026-07-03,ZUCK,26.8,28.3,27.1,27.8,29.6,28.4,27.6,30.4,,,28.3,1.081,29.054,9,29.0,0,1.2,Asia/Shanghai,C
-1.1,-0.637,-1.137,-1.775,-1.713,-0.863,-0.163,-0.175,,,-0.513,chongqing,2026-07-04,ZUCK,29.6,30.9,29.9,31.3,31.1,30.0,31.3,32.9,,,30.7,0.936,31.613,9,34.0,8,1.248,Asia/Shanghai,C
-1.467,-0.911,-1.467,-1.878,-1.844,-1.211,-0.444,-0.278,,,-0.822,chongqing,2026-07-05,ZUCK,32.3,34.1,32.3,35.7,33.2,34.5,35.1,37.7,,,34.0,1.617,35.174,9,36.0,9,1.421,Asia/Shanghai,C
-1.69,-1.01,-1.69,-1.72,-1.94,-1.24,-0.49,-0.08,,,-0.94,chongqing,2026-07-06,ZUCK,32.9,34.4,33.1,36.0,33.5,34.9,34.5,38.4,,,34.9,1.592,35.704,9,37.0,10,1.373,Asia/Shanghai,C
-1.909,-1.155,-1.891,-1.655,-2.082,-1.318,-0.673,0.055,,,-1.045,chongqing,2026-07-07,ZUCK,35.3,36.2,35.5,36.4,34.1,35.6,36.4,39.3,,,35.7,1.326,37.284,9,37.0,11,1.366,Asia/Shanghai,C
-1.892,-1.125,-1.858,-1.567,-2.15,-1.325,-0.667,0.242,,,-1.067,chongqing,2026-07-08,ZUCK,34.4,35.5,34.7,36.1,34.2,36.0,33.1,40.1,,,35.9,1.862,36.746,9,37.0,12,1.31,Asia/Shanghai,C
-1.946,-1.154,-1.892,-1.515,-2.2,-1.3,-0.915,0.462,,,-1.069,chongqing,2026-07-09,ZUCK,35.0,36.5,35.3,36.6,35.0,37.5,37.3,41.4,,,37.0,1.849,37.922,9,38.0,13,1.261,Asia/Shanghai,C
-2.021,-1.179,-1.95,-1.507,-2.257,-1.243,-0.9,0.671,,,-1.064,chongqing,2026-07-10,ZUCK,35.8,36.5,35.8,37.2,36.6,37.8,37.7,42.1,,,37.3,1.794,38.521,9,38.0,14,1.215,Asia/Shanghai,C
-2.3,-1.336,-2.164,-1.564,-2.307,-1.257,-1.036,0.9,,,-1.25,chongqing,2026-07-11,ZUCK,35.6,35.9,35.1,38.0,35.2,37.1,36.9,40.1,,,35.8,1.523,37.894,9,38.0,14,1.205,Asia/Shanghai,C
-2.321,-1.421,-2.236,-1.414,-2.393,-1.286,-1.043,1.093,,,-1.329,chongqing,2026-07-12,ZUCK,34.4,35.0,33.9,34.7,33.6,34.2,31.6,37.5,,,33.9,1.453,35.841,9,35.0,14,1.146,Asia/Shanghai,C
-2.307,-1.414,-2.271,-1.371,-2.386,-1.243,-1.3,1.307,,,-1.336,chongqing,2026-07-13,ZUCK,36.1,36.9,36.0,38.1,35.5,37.6,36.0,40.2,,,36.1,1.401,38.307,9,38.0,14,1.151,Asia/Shanghai,C
-2.5,-1.6,-2.464,-1.393,-2.507,-1.357,-1.621,1.379,,,-1.536,chongqing,2026-07-14,ZUCK,39.4,39.9,38.9,40.6,38.5,41.5,40.1,43.6,,,39.3,1.473,41.691,9,41.0,14,1.13,Asia/Shanghai,C
-2.493,-1.543,-2.529,-1.214,-2.429,-1.236,-1.7,1.671,,,-1.464,chongqing,2026-07-15,ZUCK,39.0,38.8,38.4,38.1,37.1,40.5,38.6,41.9,,,38.5,1.329,40.545,9,40.0,14,1.033,Asia/Shanghai,C
-2.414,-1.471,-2.486,-0.95,-2.436,-1.036,-1.686,1.986,,,-1.45,chongqing,2026-07-16,ZUCK,38.2,37.9,37.7,37.0,36.4,39.2,38.7,41.2,,,37.8,1.309,39.673,9,40.0,14,0.895,Asia/Shanghai,C
-2.371,-1.514,-2.45,-1.029,-2.457,-0.943,-1.65,2.057,,,-1.629,chongqing,2026-07-17,ZUCK,34.8,33.3,33.9,34.6,29.8,33.6,33.0,35.6,,,33.9,1.546,35.13,9,34.0,14,0.853,Asia/Shanghai,C
-2.157,-1.514,-2.321,-0.9,-2.8,-0.929,-1.621,2.071,,,-1.586,chongqing,2026-07-18,ZUCK,33.2,30.2,31.8,29.6,30.3,33.4,28.5,32.0,,,32.3,1.588,32.948,9,34.0,14,0.904,Asia/Shanghai,C
-1.9,-1.564,-2.186,-1.021,-2.857,-0.686,-1.821,2.007,,,-1.471,chongqing,2026-07-19,ZUCK,33.6,32.6,32.4,33.6,33.4,34.9,32.2,35.2,,,33.4,0.977,34.86,9,35.0,14,0.7,Asia/Shanghai,C
-1.736,-1.6,-2.107,-1.1,-2.771,-0.586,-1.957,1.9,,,-1.443,chongqing,2026-07-20,ZUCK,35.8,36.2,34.7,37.8,34.6,38.3,37.1,36.9,,,35.5,1.229,37.563,9,38.0,14,0.665,Asia/Shanghai,C
-1.6,-1.543,-2.064,-1.043,-2.764,-0.414,-1.843,1.721,,,-1.471,chongqing,2026-07-21,ZUCK,36.6,37.3,35.6,39.3,35.0,38.9,37.8,37.7,,,36.8,1.326,38.391,9,39.0,14,0.58,Asia/Shanghai,C
-1.65,-1.607,-2.2,-0.979,-2.843,-0.321,-1.886,1.464,,,-1.536,chongqing,2026-07-22,ZUCK,36.9,38.0,35.9,39.4,35.9,39.2,38.3,38.3,,,37.0,1.227,38.888,9,40.0,14,0.598,Asia/Shanghai,C
-1.686,-1.643,-2.329,-0.957,-2.936,-0.307,-1.729,1.121,,,-1.671,chongqing,2026-07-23,ZUCK,37.8,38.1,37.0,39.7,36.8,39.4,37.7,39.5,,,37.4,1.045,39.511,9,40.0,14,0.664,Asia/Shanghai,C
-1.629,-1.671,-2.35,-0.879,-2.95,-0.314,-1.843,0.843,,,-1.786,chongqing,2026-07-24,ZUCK,38.1,38.3,37.8,39.2,37.1,39.5,36.3,39.3,,,37.6,1.012,39.629,9,40.0,14,0.676,Asia/Shanghai,C
-1.607,-1.686,-2.35,-0.879,-3.057,-0.336,-2.086,0.5,,,-1.907,chongqing,2026-07-25,ZUCK,37.8,38.0,37.1,37.9,35.8,37.5,36.7,39.3,,,36.8,0.936,39.004,9,39.0,14,0.669,Asia/Shanghai,C
-1.521,-1.607,-2.279,-0.957,-3.086,-0.379,-2.171,0.371,,,-1.907,chongqing,2026-07-26,ZUCK,38.5,39.1,38.2,39.4,37.0,39.3,37.5,40.6,,,38.0,1.037,40.15,9,41.0,14,0.669,Asia/Shanghai,C
-1.657,-1.743,-2.4,-1.05,-3.271,-0.443,-2.179,0.164,,,-2.043,chongqing,2026-07-27,ZUCK,37.7,36.3,37.1,37.9,35.2,39.4,36.7,38.2,,,36.3,1.177,38.883,9,40.0,14,0.67,Asia/Shanghai,C
-1.686,-1.929,-2.464,-1.207,-3.436,-0.457,-2.271,-0.121,,,-2.171,chongqing,2026-07-28,ZUCK,34.6,34.1,33.4,31.2,33.9,34.6,31.0,32.2,,,32.0,1.341,35.107,9,36.0,14,0.728,Asia/Shanghai,C
-1.671,-1.986,-2.5,-1.521,-3.407,-0.593,-2.564,-0.579,,,-2.336,chongqing,2026-07-29,ZUCK,36.1,36.6,35.9,34.7,34.5,36.8,35.6,35.3,,,33.9,0.923,37.548,9,39.0,14,0.744,Asia/Shanghai,C
-1.807,-2.071,-2.607,-1.693,-3.521,-0.786,-2.707,-0.979,,,-2.593,chongqing,2026-07-30,ZUCK,37.8,37.7,37.0,36.9,32.8,37.1,36.0,38.7,,,36.7,1.57,38.887,9,39.0,14,0.826,Asia/Shanghai,C
-1.764,-2.014,-2.586,-1.629,-3.707,-0.864,-2.829,-1.086,,,-2.6,chongqing,2026-07-31,ZUCK,38.7,37.9,36.6,37.0,34.5,37.9,36.3,38.8,,,36.3,1.292,39.324,9,38.0,14,0.822,Asia/Shanghai,C
-1.771,-1.971,-2.679,-1.743,-3.657,-0.843,-2.879,-1.143,,,-2.714,chongqing,2026-08-01,ZUCK,37.0,35.9,35.2,36.3,34.1,36.4,33.2,34.0,,,33.8,1.287,37.47,9,38.0,14,0.843,Asia/Shanghai,C
-1.786,-1.85,-2.721,-1.55,-3.671,-0.914,-2.829,-1.286,,,-2.893,chongqing,2026-08-02,ZUCK,30.3,30.2,28.5,28.5,29.5,30.2,28.7,30.0,,,31.4,0.929,31.914,9,31.0,14,0.807,Asia/Shanghai,C
-1.736,-1.736,-2.714,-1.629,-3.664,-0.964,-2.793,-1.371,,,-2.75,chongqing,2026-08-03,ZUCK,25.4,25.3,25.4,24.1,23.0,23.7,24.8,25.5,,,25.5,0.873,26.951,9,24.0,14,0.842,Asia/Shanghai,C
-1.479,-1.514,-2.379,-1.607,-3.493,-1.007,-2.671,-1.186,,,-2.464,chongqing,2026-08-04,ZUCK,30.4,31.5,30.8,30.2,29.8,30.6,29.0,32.0,,,29.9,0.852,32.47,9,32.0,14,1.148,Asia/Shanghai,C
-1.421,-1.429,-2.221,-1.757,-3.364,-1.1,-2.8,-1.093,,,-2.457,chongqing,2026-08-05,ZUCK,32.5,33.4,32.0,34.2,32.3,33.0,31.9,33.2,,,31.8,0.762,34.591,9,35.0,14,1.143,Asia/Shanghai,C
-1.379,-1.4,-2.143,-1.771,-3.264,-1.186,-2.9,-1.1,,,-2.471,chongqing,2026-08-06,ZUCK,32.7,31.5,31.8,35.2,32.3,33.5,29.6,33.9,,,32.1,1.505,34.373,9,35.0,14,1.109,Asia/Shanghai,C
-1.386,-1.514,-2.157,-1.736,-3.229,-1.25,-3.121,-1.143,,,-2.493,chongqing,2026-08-07,ZUCK,30.0,29.2,29.4,28.2,29.3,30.1,30.3,29.4,,,28.9,0.614,31.433,9,30.0,14,1.114,Asia/Shanghai,C
-1.25,-1.45,-2.043,-1.807,-3.071,-1.207,-2.836,-1.136,,,-2.4,chongqing,2026-08-08,ZUCK,28.0,29.5,28.6,28.1,31.0,29.9,30.2,27.9,,,28.1,1.079,30.877,9,30.0,14,1.174,Asia/Shanghai,C
-1.307,-1.414,-2.007,-1.864,-2.771,-1.107,-2.657,-1.307,,,-2.379,chongqing,2026-08-09,ZUCK,30.3,30.6,29.5,30.3,31.5,31.7,31.3,30.4,,,30.6,0.656,32.453,9,31.0,14,1.197,Asia/Shanghai,C
-1.179,-1.307,-1.914,-1.8,-2.45,-0.936,-2.386,-1.321,,,-2.193,chongqing,2026-08-10,ZUCK,32.7,33.9,32.7,32.2,32.9,33.3,31.2,31.9,,,31.0,0.893,34.228,9,34.0,14,1.238,Asia/Shanghai,C
-1.107,-1.05,-1.8,-1.779,-2.186,-0.943,-2.35,-1.343,,,-2.143,chongqing,2026-08-11,ZUCK,33.6,34.1,33.1,36.5,34.2,34.4,32.1,33.3,,,33.8,1.129,35.432,9,35.0,14,1.203,Asia/Shanghai,C
-1.107,-0.979,-1.75,-1.329,-2.093,-0.886,-2.2,-1.193,,,-1.943,chongqing,2026-08-12,ZUCK,35.4,34.9,34.7,35.5,34.3,34.8,32.2,35.0,,,34.5,0.919,36.143,9,36.0,14,1.185,Asia/Shanghai,C
-0.943,-0.886,-1.621,-1.057,-1.893,-0.814,-2.229,-1.0,,,-1.686,chongqing,2026-08-13,ZUCK,35.1,33.9,33.8,34.3,34.4,34.6,30.9,34.3,,,34.3,1.137,35.4,9,36.0,14,1.12,Asia/Shanghai,C
-0.921,-0.943,-1.636,-1.029,-1.564,-0.779,-2.379,-1.1,,,-1.643,chongqing,2026-08-14,ZUCK,34.9,33.7,33.0,35.8,32.9,34.5,33.3,34.7,,,33.5,0.932,35.296,9,36.0,14,1.131,Asia/Shanghai,C
-1.05,-1.1,-1.75,-0.971,-1.536,-0.879,-2.45,-1.25,,,-1.7,chongqing,2026-08-15,ZUCK,35.4,35.1,34.3,36.6,33.8,35.9,33.9,35.4,,,33.3,1.03,36.232,9,36.0,14,1.091,Asia/Shanghai,C
-1.021,-1.014,-1.671,-0.807,-1.414,-0.771,-2.257,-1.007,,,-1.593,chongqing,2026-08-16,ZUCK,37.1,36.3,35.8,37.1,35.1,35.9,35.3,35.4,,,34.9,0.767,37.234,9,37.0,14,1.083,Asia/Shanghai,C
-0.964,-1.007,-1.579,-0.621,-1.443,-0.793,-2.214,-1.05,,,-1.771,chongqing,2026-08-17,ZUCK,35.9,35.0,35.3,37.0,34.0,36.5,35.7,36.2,,,34.1,0.968,36.722,9,36.0,14,1.057,Asia/Shanghai,C
-1.071,-1.171,-1.729,-0.557,-1.514,-0.736,-2.293,-1.143,,,-2.014,chongqing,2026-08-18,ZUCK,33.5,31.4,32.7,34.6,33.0,32.8,32.4,33.5,,,32.2,0.86,34.211,9,34.0,14,0.73,Asia/Shanghai,C
-0.993,-1.321,-1.736,-0.386,-1.429,-0.721,-2.193,-1.179,,,-1.993,chongqing,2026-08-19,ZUCK,31.2,30.0,29.6,26.4,28.8,28.6,27.5,28.5,,,28.2,1.323,30.399,9,29.0,14,0.721,Asia/Shanghai,C
-0.657,-1.136,-1.479,-0.514,-1.25,-0.607,-2.079,-1.086,,,-1.821,chongqing,2026-08-20,ZUCK,31.7,31.1,31.2,30.3,32.3,32.2,31.0,31.9,,,30.8,0.637,32.581,9,33.0,14,0.805,Asia/Shanghai,C
-0.586,-1.021,-1.379,-0.721,-1.107,-0.557,-1.836,-1.086,,,-1.771,chongqing,2026-08-21,ZUCK,32.4,31.5,30.9,34.5,34.0,33.7,31.9,32.9,,,30.5,1.324,33.465,9,34.0,14,0.795,Asia/Shanghai,C
-0.7,-1.143,-1.557,-0.557,-1.057,-0.586,-2.007,-1.121,,,-1.943,chongqing,2026-08-22,ZUCK,35.6,35.6,34.8,36.3,35.0,35.8,33.9,36.3,,,34.6,0.761,36.473,9,38.0,14,0.712,Asia/Shanghai,C
-0.729,-1.279,-1.686,-0.543,-1.343,-0.736,-2.314,-1.093,,,-2.05,chongqing,2026-08-23,ZUCK,36.9,36.5,37.0,32.7,34.6,36.3,33.4,35.6,,,34.8,1.456,36.876,9,37.0,14,0.786,Asia/Shanghai,C
-0.686,-1.286,-1.579,-0.8,-1.55,-0.836,-2.593,-1.15,,,-2.179,chongqing,2026-08-24,ZUCK,36.5,37.0,36.8,37.2,35.8,35.9,34.3,37.5,,,34.4,1.099,37.57,9,37.0,14,0.684,Asia/Shanghai,C
-0.629,-1.279,-1.5,-0.657,-1.557,-0.864,-2.586,-0.964,,,-2.15,chongqing,2026-08-25,ZUCK,37.7,36.6,36.6,36.1,36.3,36.7,32.7,39.6,,,34.9,1.768,37.792,9,38.0,14,0.698,Asia/Shanghai,C
-0.55,-1.314,-1.464,-0.9,-1.621,-0.914,-2.757,-0.729,,,-2.286,chongqing,2026-08-26,ZUCK,36.9,36.5,36.4,37.5,34.8,37.4,35.1,38.8,,,33.7,1.481,37.669,9,38.0,14,0.691,Asia/Shanghai,C
-0.586,-1.343,-1.486,-0.9,-1.729,-0.871,-2.693,-0.6,,,-2.486,chongqing,2026-08-27,ZUCK,36.4,36.6,36.0,36.3,36.1,37.0,33.3,37.9,,,35.3,1.198,37.503,9,38.0,14,0.696,Asia/Shanghai,C
-0.636,-1.293,-1.471,-0.9,-1.75,-0.843,-2.664,-0.486,,,-2.557,chongqing,2026-08-28,ZUCK,36.4,34.3,35.4,34.7,35.6,36.3,32.5,36.8,,,32.6,1.49,36.452,9,37.0,14,0.69,Asia/Shanghai,C
-0.6,-1.321,-1.371,-1.05,-1.629,-0.786,-2.793,-0.407,,,-2.693,chongqing,2026-08-29,ZUCK,26.8,27.2,26.2,26.9,27.1,28.4,26.7,30.4,,,28.8,1.257,28.782,9,27.0,14,0.68,Asia/Shanghai,C
-0.571,-1.243,-1.307,-1.1,-1.464,-0.679,-2.664,-0.121,,,-2.371,chongqing,2026-08-30,ZUCK,29.8,29.2,29.6,28.7,27.1,28.6,27.3,28.2,,,28.5,0.876,29.931,9,31.0,14,0.828,Asia/Shanghai,C
-0.664,-1.321,-1.321,-1.271,-1.607,-0.771,-2.807,-0.207,,,-2.4,chongqing,2026-08-31,ZUCK,32.6,32.4,32.6,34.2,32.6,33.6,32.4,37.0,,,32.0,1.467,34.404,9,34.0,14,0.873,Asia/Shanghai,C
-0.757,-1.364,-1.371,-1.329,-1.564,-0.836,-2.9,-0.007,,,-2.407,chongqing,2026-09-01,ZUCK,32.6,33.0,32.3,34.0,33.0,33.9,34.3,36.3,,,32.2,1.217,34.644,9,34.0,14,0.858,Asia/Shanghai,C
-0.821,-1.25,-1.4,-1.371,-1.564,-0.757,-2.764,0.193,,,-2.407,chongqing,2026-09-02,ZUCK,32.4,32.2,31.5,34.1,32.6,32.9,33.5,36.4,,,31.5,1.441,34.099,9,33.0,14,0.874,Asia/Shanghai,C
-1.021,-1.379,-1.55,-1.107,-1.579,-0.736,-2.621,0.471,,,-2.457,chongqing,2026-09-03,ZUCK,32.7,32.4,32.3,33.5,31.1,33.0,32.7,34.2,,,30.5,1.066,33.759,9,33.0,14,0.843,Asia/Shanghai,C
-0.95,-1.286,-1.471,-0.879,-1.664,-0.679,-2.5,0.636,,,-2.479,chongqing,2026-09-04,ZUCK,33.0,32.5,32.2,32.9,32.9,32.8,31.4,33.3,,,31.3,0.67,33.774,9,34.0,14,0.859,Asia/Shanghai,C
-0.907,-1.214,-1.379,-0.993,-1.743,-0.743,-2.536,0.664,,,-2.421,chongqing,2026-09-05,ZUCK,34.2,34.6,33.4,35.2,34.2,34.7,33.2,36.3,,,32.4,1.089,35.44,9,35.0,14,0.85,Asia/Shanghai,C
-0.793,-1.071,-1.264,-0.857,-1.586,-0.607,-2.371,0.879,,,-2.364,chongqing,2026-09-06,ZUCK,35.8,35.6,35.2,35.5,35.2,36.0,34.7,36.1,,,33.9,0.653,36.486,9,36.0,14,0.754,Asia/Shanghai,C
-0.8,-1.064,-1.321,-0.586,-1.471,-0.557,-2.207,0.986,,,-2.357,chongqing,2026-09-07,ZUCK,36.4,36.0,36.1,36.4,34.3,36.7,35.7,37.1,,,34.9,0.83,37.01,9,37.0,14,0.765,Asia/Shanghai,C
-0.807,-1.136,-1.371,-0.643,-1.579,-0.5,-2.107,0.957,,,-2.321,chongqing,2026-09-08,ZUCK,36.8,36.7,36.1,37.3,35.3,37.1,34.6,37.2,,,34.2,1.105,37.274,9,37.0,14,0.749,Asia/Shanghai,C
-0.8,-1.057,-1.336,-0.486,-1.579,-0.4,-1.9,0.857,,,-2.3,chongqing,2026-09-09,ZUCK,34.9,34.7,35.3,32.5,34.5,36.5,35.2,36.9,,,34.2,1.212,36.003,9,36.0,14,0.751,Asia/Shanghai,C
-0.8,-1.043,-1.271,-0.7,-1.457,-0.321,-1.75,0.864,,,-2.121,chongqing,2026-09-10,ZUCK,28.0,29.8,28.2,27.8,27.4,28.1,30.0,31.9,,,27.3,1.441,29.577,9,30.0,14,0.746,Asia/Shanghai,C
-0.829,-0.957,-1.257,-0.736,-1.507,-0.386,-1.414,1.007,,,-2.121,chongqing,2026-09-11,ZUCK,24.6,24.4,25.1,26.1,21.9,22.0,23.5,23.8,,,23.7,1.284,24.89,9,24.0,14,0.742,Asia/Shanghai,C
-0.743,-0.736,-1.064,-0.421,-1.557,-0.479,-1.129,1.007,,,-1.829,chongqing,2026-09-12,ZUCK,25.3,26.2,26.0,26.7,27.6,26.1,26.5,28.1,,,25.5,0.864,27.14,9,29.0,14,0.766,Asia/Shanghai,C
-0.993,-0.95,-1.221,-0.579,-1.664,-0.786,-1.286,0.7,,,-2.207,chongqing,2026-09-13,ZUCK,25.2,26.3,25.3,27.8,27.2,24.7,26.2,26.2,,,26.1,0.917,27.034,9,27.0,14,0.779,Asia/Shanghai,C
-1.036,-0.871,-1.243,-0.357,-1.371,-0.779,-1.079,0.843,,,-2.093,chongqing,2026-09-14,ZUCK,24.1,24.4,24.2,23.0,24.5,24.5,24.4,24.2,,,23.1,0.548,25.04,9,23.0,14,0.725,Asia/Shanghai,C
-0.857,-0.657,-1.057,-0.371,-1.164,-0.643,-0.864,0.714,,,-1.943,chongqing,2026-09-15,ZUCK,21.7,21.6,21.7,20.3,22.1,21.9,24.3,23.0,,,21.2,1.063,22.719,9,21.0,14,0.9,Asia/Shanghai,C
-0.707,-0.543,-0.886,-0.421,-1.014,-0.571,-0.65,0.693,,,-1.8,chongqing,2026-09-16,ZUCK,21.4,20.0,20.8,20.6,19.6,20.1,22.7,21.1,,,21.7,0.907,21.528,9,20.0,14,0.996,Asia/Shanghai,C
-0.564,-0.486,-0.721,-0.457,-1.014,-0.557,-0.493,0.529,,,-1.571,chongqing,2026-09-17,ZUCK,23.4,21.8,23.4,22.5,22.6,21.2,24.5,21.9,,,22.7,0.94,23.319,9,21.0,14,1.036,Asia/Shanghai,C
-0.371,-0.386,-0.5,-0.386,-0.764,-0.543,-0.221,0.507,,,-1.271,chongqing,2026-09-18,ZUCK,25.6,23.0,25.3,21.8,21.0,22.9,24.1,23.0,,,24.4,1.445,24.109,9,22.0,14,1.19,Asia/Shanghai,C
-0.043,-0.207,-0.136,-0.321,-0.757,-0.393,0.114,0.629,,,-0.907,chongqing,2026-09-19,ZUCK,28.2,26.3,28.4,26.0,25.6,26.5,25.6,25.1,,,27.0,1.086,26.982,9,26.0,14,1.315,Asia/Shanghai,C
0.171,-0.157,0.15,-0.336,-0.729,-0.336,0.214,0.471,,,-0.65,chongqing,2026-09-20,ZUCK,25.5,25.3,25.8,24.5,25.0,25.0,25.1,25.4,,,25.8,0.394,25.433,9,25.0,14,1.336,Asia/Shanghai,C
0.221,-0.107,0.264,-0.336,-0.671,-0.336,0.314,0.493,,,-0.443,chongqing,2026-09-21,ZUCK,23.4,24.2,23.6,22.4,21.9,22.4,23.3,23.3,,,24.4,0.791,23.301,9,24.0,14,1.335,Asia/Shanghai,C
0.221,-0.021,0.3,-0.407,-0.629,-0.429,0.357,0.436,,,-0.264,chongqing,2026-09-22,ZUCK,22.2,22.0,22.1,22.9,20.5,21.8,23.1,22.7,,,22.2,0.718,22.125,9,22.0,14,1.348,Asia/Shanghai,C
0.25,0.0,0.371,-0.364,-0.614,-0.45,0.607,0.471,,,-0.05,chongqing,2026-09-23,ZUCK,26.0,24.9,26.1,24.2,24.6,24.2,23.9,24.6,,,25.4,0.749,25.004,9,26.0,14,1.346,Asia/Shanghai,C
0.192,-1.208,-0.428,-0.528,0.192,-0.208,-1.768,-0.868,0.192,0.212,0.352,houston,2026-06-30,KHOU,34.1,32.8,33.5,33.5,34.1,33.7,31.6,33.2,34.1,33.8,34.4,0.751,33.84,11,34.44,0,1.2,America/Chicago,F
0.103,-1.28,-0.513,-0.597,0.103,-0.297,-1.947,-0.93,0.103,0.07,0.287,houston,2026-07-01,KHOU,34.8,33.8,34.7,33.7,34.8,34.7,32.8,32.9,34.8,34.7,35.9,0.884,34.772,11,35.0,0,1.2,America/Chicago,F
0.06,-1.269,-0.483,-0.697,0.06,-0.297,-1.983,-1.097,0.06,0.017,0.374,houston,2026-07-02,KHOU,33.0,33.0,33.9,33.1,33.0,33.1,31.1,31.7,33.0,32.7,34.1,0.813,33.25,11,35.0,0,1.2,America/Chicago,F
-0.197,-1.36,-0.56,-0.847,-0.197,-0.497,-2.222,-1.372,-0.197,-0.272,0.215,houston,2026-07-03,KHOU,33.6,33.1,34.1,33.0,33.6,34.0,31.8,32.8,33.6,33.9,33.0,0.638,34.039,11,35.56,8,0.712,America/Chicago,F
-0.393,-1.482,-0.66,-1.038,-0.393,-0.616,-2.393,-1.527,-0.393,-0.427,-0.093,houston,2026-07-04,KHOU,36.1,33.7,35.8,34.3,36.1,34.4,32.8,34.8,36.1,35.2,36.3,1.103,35.934,11,36.67,9,0.841,America/Chicago,F
-0.411,-1.631,-0.681,-1.171,-0.411,-0.781,-2.541,-1.561,-0.411,-0.531,-0.121,houston,2026-07-05,KHOU,35.3,34.8,35.8,35.1,35.3,34.9,33.1,34.8,35.3,35.6,36.2,0.756,36.034,11,36.67,10,0.831,America/Chicago,F
-0.498,-1.653,-0.698,-1.207,-0.498,-0.871,-2.635,-1.589,-0.498,-0.58,-0.153,houston,2026-07-06,KHOU,35.5,34.7,32.4,35.2,35.5,34.7,33.2,35.2,35.5,34.5,34.6,0.952,35.502,11,36.11,11,0.815,America/Chicago,F
-0.507,-1.632,-0.949,-1.182,-0.507,-0.916,-2.657,-1.533,-0.507,-0.666,-0.266,houston,2026-07-07,KHOU,33.7,31.6,31.4,33.4,33.7,30.5,32.9,31.5,33.7,34.2,34.3,1.257,33.966,11,33.89,12,0.8,America/Chicago,F
-0.483,-1.683,-1.068,-1.129,-0.483,-1.106,-2.529,-1.598,-0.483,-0.591,-0.214,houston,2026-07-08,KHOU,34.3,33.6,32.1,34.7,34.3,34.7,31.5,32.4,34.3,34.2,35.3,1.166,34.767,11,33.33,13,0.769,America/Chicago,F
-0.379,-1.544,-1.079,-0.951,-0.379,-0.929,-2.479,-1.551,-0.379,-0.486,-0.058,houston,2026-07-09,KHOU,34.3,33.2,32.7,34.4,34.3,34.7,32.8,34.5,34.3,34.6,35.0,0.753,34.925,11,33.89,14,0.835,America/Chicago,F
-0.398,-1.505,-1.119,-0.862,-0.398,-0.826,-2.462,-1.462,-0.398,-0.469,-0.062,houston,2026-07-10,KHOU,33.2,31.5,31.3,33.9,33.2,33.4,31.8,31.4,33.2,32.6,33.3,0.898,33.406,11,33.33,14,0.879,America/Chicago,F
-0.434,-1.584,-1.255,-0.826,-0.434,-0.869,-2.491,-1.576,-0.434,-0.569,-0.141,houston,2026-07-11,KHOU,31.9,29.5,30.5,31.5,31.9,32.0,29.2,31.4,31.9,31.0,31.6,0.942,32.001,11,31.67,14,0.877,America/Chicago,F
-0.436,-1.636,-1.271,-0.779,-0.436,-0.814,-2.479,-1.521,-0.436,-0.6,-0.15,houston,2026-07-12,KHOU,34.4,29.6,31.9,33.2,34.4,33.5,31.0,30.2,34.4,31.3,33.4,1.675,33.31,11,33.89,14,0.874,America/Chicago,F
-0.389,-1.854,-1.404,-0.804,-0.389,-0.804,-2.525,-1.704,-0.389,-0.804,-0.189,houston,2026-07-13,KHOU,28.7,27.4,28.9,31.9,28.7,28.4,28.1,26.9,28.7,30.0,28.6,1.255,29.846,11,28.89,14,0.883,America/Chicago,F
-0.389,-1.86,-1.381,-0.531,-0.389,-0.831,-2.474,-1.76,-0.389,-0.717,-0.167,houston,2026-07-14,KHOU,26.9,25.8,26.6,26.9,26.9,27.6,26.6,26.6,26.9,26.7,25.3,0.58,27.54,11,27.22,14,0.911,America/Chicago,F
-0.387,-1.844,-1.359,-0.487,-0.387,-0.751,-2.316,-1.716,-0.387,-0.709,-0.301,houston,2026-07-15,KHOU,29.2,27.7,27.9,30.0,29.2,29.9,27.4,28.8,29.2,28.3,30.0,0.891,29.642,11,30.56,14,0.901,America/Chicago,F
-0.47,-1.963,-1.527,-0.434,-0.47,-0.777,-2.384,-1.691,-0.47,-0.849,-0.406,houston,2026-07-16,KHOU,34.2,32.9,32.6,32.3,34.2,34.3,31.0,31.7,34.2,32.5,34.4,1.145,34.13,11,32.78,14,0.931,America/Chicago,F
-0.226,-1.811,-1.461,-0.333,-0.226,-0.533,-2.233,-1.533,-0.226,-0.704,-0.226,houston,2026-07-17,KHOU,34.6,33.1,33.0,33.0,34.6,33.9,32.0,32.4,34.6,33.8,35.2,0.983,34.576,11,33.33,14,0.883,America/Chicago,F
0.005,-1.652,-1.381,-0.174,0.005,-0.381,-2.059,-1.402,0.005,-0.552,0.091,houston,2026-07-18,KHOU,34.8,33.0,33.5,33.3,34.8,34.7,32.2,33.9,34.8,34.6,35.6,0.962,34.864,11,33.89,14,0.851,America/Chicago,F
0.111,-1.504,-1.346,-0.046,0.111,-0.161,-1.904,-1.268,0.111,-0.396,0.239,houston,2026-07-19,KHOU,35.7,34.1,33.9,34.3,35.7,34.4,33.3,34.2,35.7,35.8,36.9,1.046,35.599,11,35.0,14,0.868,America/Chicago,F
0.259,-1.434,-1.363,0.016,0.259,-0.077,-1.77,-1.191,0.259,-0.263,0.409,houston,2026-07-20,KHOU,35.9,34.1,34.4,34.4,35.9,35.0,34.6,35.1,35.9,36.6,37.1,0.936,35.955,11,35.0,14,0.866,America/Chicago,F
0.366,-1.398,-1.141,0.038,0.366,0.024,-1.591,-1.119,0.366,-0.034,0.666,houston,2026-07-21,KHOU,37.0,34.7,35.8,35.3,37.0,36.9,34.9,35.9,37.0,37.6,37.8,1.03,36.833,11,36.11,14,0.888,America/Chicago,F
0.444,-1.335,-0.985,0.015,0.444,0.322,-1.606,-0.964,0.444,0.051,0.758,houston,2026-07-22,KHOU,38.8,36.6,38.3,38.7,38.8,38.6,35.7,38.4,38.8,40.3,39.4,1.197,38.867,11,38.89,14,0.909,America/Chicago,F
0.368,-1.518,-0.939,-0.096,0.368,0.204,-1.704,-0.932,0.368,0.089,0.654,houston,2026-07-23,KHOU,31.5,30.4,31.6,31.8,31.5,32.3,30.8,31.8,31.5,32.1,31.8,0.518,31.795,11,32.22,14,0.824,America/Chicago,F
0.287,-1.599,-0.899,-0.163,0.287,0.151,-1.727,-1.006,0.287,0.03,0.544,houston,2026-07-24,KHOU,34.3,33.1,33.0,33.8,34.3,34.3,32.0,32.5,34.3,33.8,34.5,0.81,33.965,11,33.89,14,0.784,America/Chicago,F
0.326,-1.524,-0.817,-0.21,0.326,0.176,-1.753,-0.967,0.326,0.076,0.59,houston,2026-07-25,KHOU,34.7,32.7,33.1,33.8,34.7,34.9,32.2,33.7,34.7,34.3,35.5,0.976,34.316,11,33.33,14,0.784,America/Chicago,F
0.407,-1.414,-0.75,-0.164,0.407,0.264,-1.657,-0.921,0.407,0.193,0.75,houston,2026-07-26,KHOU,34.5,33.3,33.5,35.0,34.5,35.3,31.6,32.5,34.5,33.9,35.5,1.146,34.153,11,34.44,14,0.822,America/Chicago,F
0.375,-1.189,-0.675,-0.075,0.375,0.354,-1.654,-0.796,0.375,0.339,0.861,houston,2026-07-27,KHOU,35.1,33.5,34.2,34.9,35.1,35.2,32.5,34.8,35.1,36.3,36.2,1.044,35.094,11,34.44,14,0.811,America/Chicago,F
0.436,-1.15,-0.693,-0.257,0.436,0.443,-1.736,-0.629,0.436,0.393,1.007,houston,2026-07-28,KHOU,35.3,33.6,34.1,34.9,35.3,35.4,32.1,34.8,35.3,35.3,35.5,0.998,34.832,11,35.0,14,0.79,America/Chicago,F
0.48,-1.149,-0.713,-0.241,0.48,0.444,-1.899,-0.599,0.48,0.451,1.18,houston,2026-07-29,KHOU,35.7,34.1,34.7,35.0,35.7,35.6,33.6,35.3,35.7,35.3,36.4,0.765,35.203,11,35.0,14,0.786,America/Chicago,F
0.627,-1.009,-0.544,-0.201,0.627,0.534,-1.773,-0.451,0.627,0.634,1.32,houston,2026-07-30,KHOU,36.0,34.2,36.2,35.6,36.0,35.9,33.6,35.3,36.0,36.1,36.9,0.9,35.561,11,35.56,14,0.749,America/Chicago,F
0.557,-1.114,-0.486,-0.164,0.557,0.45,-1.786,-0.393,0.557,0.693,1.3,houston,2026-07-31,KHOU,36.8,34.2,36.2,35.5,36.8,35.9,33.5,35.3,36.8,36.6,37.0,1.103,35.929,11,35.56,14,0.656,America/Chicago,F
0.555,-1.195,-0.416,-0.145,0.555,0.434,-1.838,-0.345,0.555,0.734,1.269,houston,2026-08-01,KHOU,35.6,34.1,36.2,36.5,35.6,36.5,35.6,36.7,35.6,37.4,37.8,0.965,36.062,11,34.44,14,0.574,America/Chicago,F
0.573,-1.156,-0.263,0.044,0.573,0.523,-1.634,-0.184,0.573,0.894,1.387,houston,2026-08-02,KHOU,36.4,35.1,36.9,36.3,36.4,36.1,35.8,34.5,36.4,36.6,37.4,0.768,36.0,11,36.67,14,0.671,America/Chicago,F
0.504,-1.204,-0.168,0.068,0.504,0.525,-1.575,-0.282,0.504,0.832,1.304,houston,2026-08-03,KHOU,36.4,34.6,36.5,34.8,36.4,35.9,33.8,35.7,36.4,35.8,36.3,0.861,35.57,11,35.56,14,0.676,America/Chicago,F
0.499,-1.208,-0.058,0.056,0.499,0.549,-1.672,-0.279,0.499,0.735,1.206,houston,2026-08-04,KHOU,36.0,34.6,34.6,35.1,36.0,34.1,33.6,35.8,36.0,35.4,35.5,0.791,35.044,11,35.0,14,0.626,America/Chicago,F
0.507,-1.136,-0.064,0.121,0.507,0.429,-1.686,-0.207,0.507,0.657,1.121,houston,2026-08-05,KHOU,35.7,34.3,35.6,35.2,35.7,35.5,32.5,35.4,35.7,35.1,36.0,0.942,35.019,11,35.56,14,0.595,America/Chicago,F
0.524,-1.062,-0.019,0.109,0.524,0.445,-1.676,-0.184,0.524,0.524,1.116,houston,2026-08-06,KHOU,33.7,33.2,32.7,34.5,33.7,34.9,33.2,33.5,33.7,34.6,34.3,0.649,33.703,11,33.33,14,0.612,America/Chicago,F
0.601,-0.941,-0.02,0.223,0.601,0.551,-1.584,-0.141,0.601,0.623,1.216,houston,2026-08-07,KHOU,34.5,33.6,33.7,34.1,34.5,34.3,32.5,33.9,34.5,33.4,34.6,0.608,33.654,11,33.89,14,0.61,America/Chicago,F
0.616,-0.906,0.03,0.244,0.616,0.551,-1.549,-0.041,0.616,0.594,1.223,houston,2026-08-08,KHOU,33.6,33.5,31.5,33.7,33.6,34.1,32.1,34.2,33.6,32.8,32.7,0.805,32.861,11,33.33,14,0.613,America/Chicago,F
0.537,-0.849,-0.084,0.237,0.537,0.494,-1.556,-0.006,0.537,0.487,1.023,houston,2026-08-09,KHOU,34.4,32.2,32.1,33.9,34.4,33.1,32.3,31.4,34.4,32.8,33.5,1.013,32.972,11,33.89,14,0.567,America/Chicago,F
0.569,-0.888,-0.145,0.198,0.569,0.376,-1.466,-0.045,0.569,0.448,0.919,houston,2026-08-10,KHOU,30.7,30.2,28.8,33.4,30.7,31.0,29.2,30.6,30.7,31.2,29.5,1.165,30.404,11,30.0,14,0.613,America/Chicago,F
0.572,-0.806,-0.214,0.408,0.572,0.394,-1.385,-0.028,0.572,0.401,0.758,houston,2026-08-11,KHOU,33.8,33.5,31.3,34.1,33.8,34.0,31.8,33.3,33.8,32.6,34.6,0.97,33.017,11,33.33,14,0.598,America/Chicago,F
0.584,-0.694,-0.294,0.47,0.584,0.413,-1.287,-0.016,0.584,0.327,0.813,houston,2026-08-12,KHOU,35.1,34.3,34.0,35.5,35.1,34.6,31.7,32.9,35.1,34.2,34.5,1.058,34.176,11,35.0,14,0.602,America/Chicago,F
0.541,-0.68,-0.344,0.506,0.541,0.341,-1.423,-0.187,0.541,0.249,0.677,houston,2026-08-13,KHOU,36.0,34.6,35.0,34.7,36.0,36.1,32.2,35.9,36.0,35.3,35.8,1.097,35.208,11,35.0,14,0.639,America/Chicago,F
0.581,-0.611,-0.39,0.481,0.581,0.396,-1.483,-0.104,0.581,0.231,0.639,houston,2026-08-14,KHOU,34.1,32.7,33.5,34.9,34.1,34.1,31.5,33.3,34.1,33.8,34.8,0.921,33.612,11,33.89,14,0.641,America/Chicago,F
0.508,-0.599,-0.464,0.558,0.508,0.386,-1.506,-0.128,0.508,0.151,0.601,houston,2026-08-15,KHOU,36.7,34.7,35.1,36.0,36.7,37.1,33.3,36.9,36.7,35.7,37.1,1.151,35.897,11,35.56,14,0.638,America/Chicago,F
0.506,-0.636,-0.622,0.442,0.506,0.349,-1.751,-0.194,0.506,-0.051,0.471,houston,2026-08-16,KHOU,36.9,33.9,36.1,35.9,36.9,35.9,34.0,35.7,36.9,36.2,36.4,1.001,36.038,11,35.0,14,0.5,America/Chicago,F
0.661,-0.603,-0.56,0.533,0.661,0.454,-1.76,0.011,0.661,0.04,0.519,houston,2026-08-17,KHOU,37.3,34.3,36.6,36.4,37.3,36.8,33.7,36.5,37.3,37.2,37.0,1.181,36.518,11,35.56,14,0.521,America/Chicago,F
0.726,-0.624,-0.553,0.647,0.726,0.519,-1.767,0.069,0.726,0.14,0.569,houston,2026-08-18,KHOU,35.3,34.2,35.0,35.6,35.3,36.0,32.7,35.8,35.3,36.0,36.8,1.028,35.219,11,34.44,14,0.581,America/Chicago,F
0.716,-0.613,-0.484,0.723,0.716,0.694,-1.791,0.109,0.716,0.223,0.701,houston,2026-08-19,KHOU,36.3,35.0,35.3,36.5,36.3,36.3,34.2,36.3,36.3,37.1,35.8,0.777,35.937,11,35.56,14,0.617,America/Chicago,F
0.759,-0.563,-0.506,0.816,0.759,0.751,-1.67,0.173,0.759,0.366,0.687,houston,2026-08-20,KHOU,37.0,35.5,36.9,36.7,37.0,37.3,34.9,36.9,37.0,37.6,37.8,0.817,36.659,11,36.11,14,0.608,America/Chicago,F
0.796,-0.597,-0.404,0.774,0.796,0.724,-1.747,0.217,0.796,0.381,0.739,houston,2026-08-21,KHOU,37.9,36.2,37.9,37.8,37.9,37.4,36.2,36.8,37.9,38.5,37.7,0.716,37.396,11,36.67,14,0.618,America/Chicago,F
0.84,-0.61,-0.303,0.84,0.84,0.747,-1.681,0.226,0.84,0.547,0.761,houston,2026-08-22,KHOU,38.6,37.1,39.0,38.3,38.6,38.8,36.5,38.6,38.6,39.2,38.5,0.775,38.16,11,37.78,14,0.644,America/Chicago,F
0.879,-0.671,-0.085,0.851,0.879,0.765,-1.685,0.222,0.879,0.686,0.858,houston,2026-08-23,KHOU,37.9,36.6,37.9,37.7,37.9,37.9,35.8,37.7,37.9,39.2,38.0,0.818,37.527,11,36.67,14,0.64,America/Chicago,F
0.931,-0.555,0.131,0.924,0.931,0.909,-1.634,0.474,0.931,0.945,0.981,houston,2026-08-24,KHOU,37.7,35.5,38.0,37.1,37.7,37.5,34.5,38.4,37.7,38.6,37.7,1.175,36.994,11,36.67,14,0.634,America/Chicago,F
0.954,-0.653,0.311,0.711,0.954,0.897,-1.731,0.554,0.954,0.997,1.09,houston,2026-08-25,KHOU,37.5,35.3,37.0,36.9,37.5,37.2,32.5,33.8,37.5,36.2,37.5,1.627,35.857,11,36.11,14,0.631,America/Chicago,F
1.02,-0.723,0.52,0.713,1.02,0.927,-1.88,0.391,1.02,1.056,1.099,houston,2026-08-26,KHOU,37.6,36.0,37.8,37.2,37.6,37.6,34.9,38.0,37.6,37.9,37.6,0.904,36.779,11,36.67,14,0.629,America/Chicago,F
1.079,-0.721,0.672,0.715,1.079,1.022,-1.771,0.636,1.079,1.201,1.201,houston,2026-08-27,KHOU,36.2,34.7,33.8,36.1,36.2,35.0,33.6,35.7,36.2,35.5,35.6,0.902,34.677,11,36.11,14,0.59,America/Chicago,F
1.014,-0.793,0.507,0.736,1.014,0.864,-1.75,0.543,1.014,1.136,1.107,houston,2026-08-28,KHOU,35.8,34.9,33.8,35.7,35.8,35.3,31.4,30.9,35.8,34.0,35.3,1.684,33.91,11,35.0,14,0.701,America/Chicago,F
1.056,-0.715,0.449,0.714,1.056,0.871,-1.836,0.292,1.056,1.071,1.064,houston,2026-08-29,KHOU,36.4,34.1,35.0,35.2,36.4,36.0,32.4,30.5,36.4,34.9,35.7,1.781,34.442,11,35.0,14,0.755,America/Chicago,F
1.075,-0.718,0.482,0.696,1.075,0.832,-1.861,-0.125,1.075,1.054,1.004,houston,2026-08-30,KHOU,36.9,34.8,36.2,36.0,36.9,35.6,32.8,35.2,36.9,34.5,35.8,1.186,34.992,11,35.56,14,0.765,America/Chicago,F
1.035,-0.694,0.449,0.664,1.035,0.771,-1.986,-0.201,1.035,0.892,0.921,houston,2026-08-31,KHOU,32.3,31.8,32.6,33.2,32.3,35.2,32.9,32.3,32.3,34.2,32.7,0.946,32.493,11,32.22,14,0.728,America/Chicago,F
0.916,-0.634,0.402,0.674,0.916,0.895,-1.805,-0.262,0.916,0.916,0.852,houston,2026-09-01,KHOU,30.5,30.1,28.4,33.0,30.5,30.3,29.0,31.5,30.5,30.3,31.5,1.174,29.87,11,30.56,14,0.686,America/Chicago,F
0.851,-0.649,0.208,0.765,0.851,0.765,-1.792,-0.292,0.851,0.786,0.751,houston,2026-09-02,KHOU,35.1,31.5,30.8,35.9,35.1,33.8,30.2,31.1,35.1,32.5,34.6,1.976,32.823,11,35.0,14,0.679,America/Chicago,F
0.805,-0.859,-0.074,0.762,0.805,0.626,-2.038,-0.624,0.805,0.498,0.705,houston,2026-09-03,KHOU,34.1,29.9,30.9,34.0,34.1,31.3,29.4,30.8,34.1,30.4,31.8,1.758,31.576,11,33.33,14,0.888,America/Chicago,F
0.796,-1.061,-0.304,0.768,0.796,0.396,-2.232,-0.861,0.796,0.182,0.475,houston,2026-09-04,KHOU,34.0,30.9,30.1,33.8,34.0,33.2,30.6,32.0,34.0,32.4,35.7,1.663,32.666,11,32.78,14,0.994,America/Chicago,F
0.796,-1.161,-0.583,0.76,0.796,0.374,-2.354,-0.926,0.796,0.024,0.61,houston,2026-09-05,KHOU,32.8,30.8,32.3,32.2,32.8,33.4,30.7,29.9,32.8,32.0,34.1,1.193,32.199,11,32.78,14,0.975,America/Chicago,F
0.739,-1.254,-0.704,0.681,0.739,0.346,-2.411,-1.19,0.739,-0.133,0.653,houston,2026-09-06,KHOU,32.7,30.4,29.6,32.1,32.7,32.5,30.3,32.4,32.7,31.9,31.1,1.076,31.819,11,31.67,14,0.982,America/Chicago,F
0.724,-1.34,-0.94,0.639,0.724,0.317,-2.447,-1.211,0.724,-0.297,0.517,houston,2026-09-07,KHOU,36.2,33.3,33.4,35.2,36.2,34.9,32.1,32.9,36.2,33.3,35.3,1.425,34.596,11,35.0,14,0.956,America/Chicago,F
0.736,-1.378,-1.149,0.622,0.736,0.251,-2.499,-1.485,0.736,-0.556,0.465,houston,2026-09-08,KHOU,34.2,32.2,33.4,34.4,34.2,34.3,31.1,33.4,34.2,32.6,35.1,1.117,33.714,11,33.89,14,0.958,America/Chicago,F
0.659,-1.441,-1.248,0.602,0.659,0.202,-2.441,-1.355,0.659,-0.655,0.452,houston,2026-09-09,KHOU,32.7,31.6,30.4,33.1,32.7,32.9,30.5,31.6,32.7,31.7,32.6,0.907,32.334,11,32.78,14,0.957,America/Chicago,F
0.587,-1.477,-1.499,0.587,0.587,0.144,-2.477,-1.534,0.587,-0.82,0.373,houston,2026-09-10,KHOU,32.3,31.2,29.4,31.6,32.3,31.9,30.5,30.6,32.3,31.5,30.0,0.948,31.787,11,31.67,14,0.964,America/Chicago,F
0.626,-1.41,-1.496,0.583,0.626,0.24,-2.381,-1.581,0.626,-0.789,0.29,houston,2026-09-11,KHOU,34.5,30.9,30.5,34.3,34.5,33.2,30.5,30.4,34.5,31.2,33.4,1.737,32.867,11,34.44,14,0.885,America/Chicago,F
0.573,-1.656,-1.691,0.523,0.573,0.13,-2.406,-1.577,0.573,-0.949,0.194,houston,2026-09-12,KHOU,36.0,33.6,33.6,36.0,36.0,35.8,31.1,31.3,36.0,33.7,36.4,1.867,35.05,11,35.56,14,0.936,America/Chicago,F
0.504,-1.731,-1.831,0.54,0.504,0.076,-2.539,-1.56,0.504,-1.074,0.204,houston,2026-09-13,KHOU,35.0,31.3,32.4,34.8,35.0,32.9,31.4,30.7,35.0,33.1,34.3,1.575,33.974,11,33.89,14,0.934,America/Chicago,F
0.488,-1.862,-1.984,0.574,0.488,0.002,-2.519,-1.762,0.488,-1.055,0.216,houston,2026-09-14,KHOU,35.0,31.5,32.4,34.8,35.0,34.7,31.5,31.1,35.0,33.6,34.5,1.532,34.306,11,34.44,14,0.921,America/Chicago,F
0.522,-2.042,-2.156,0.529,0.522,-0.192,-2.778,-2.006,0.522,-1.256,0.186,houston,2026-09-15,KHOU,34.9,33.2,33.5,35.6,34.9,35.2,31.0,31.5,34.9,34.0,35.9,1.542,34.878,11,34.44,14,0.919,America/Chicago,F
0.559,-2.098,-2.069,0.438,0.559,-0.119,-2.912,-2.284,0.559,-1.269,0.224,houston,2026-09-16,KHOU,34.6,33.3,33.6,34.1,34.6,35.3,31.4,33.1,34.6,34.2,34.8,1.03,34.824,11,33.89,14,0.908,America/Chicago,F
0.603,-1.89,-1.79,0.389,0.603,0.067,-2.747,-2.061,0.603,-1.069,0.317,houston,2026-09-17,KHOU,30.1,30.0,29.8,32.4,30.1,30.0,28.9,30.4,30.1,32.4,30.7,1.012,31.291,11,30.56,14,0.741,America/Chicago,F
0.515,-1.685,-1.671,0.472,0.515,0.172,-2.585,-1.892,0.515,-0.728,0.436,houston,2026-09-18,KHOU,33.7,32.7,33.3,33.7,33.7,34.0,31.7,33.5,33.7,33.2,34.2,0.661,33.878,11,33.33,14,0.606,America/Chicago,F
0.454,-1.596,-1.481,0.426,0.454,0.19,-2.546,-1.824,0.454,-0.71,0.29,houston,2026-09-19,KHOU,34.1,32.8,32.8,34.0,34.1,34.0,31.6,34.0,34.1,32.7,34.2,0.828,33.88,11,33.33,14,0.623,America/Chicago,F
0.508,-1.492,-1.485,0.515,0.508,0.194,-2.521,-1.571,0.508,-0.699,0.258,houston,2026-09-20,KHOU,35.2,33.2,33.7,34.6,35.2,34.3,32.1,33.1,35.2,33.7,35.6,1.055,34.632,11,33.33,14,0.621,America/Chicago,F
0.568,-1.411,-1.311,0.575,0.568,0.204,-2.511,-1.639,0.568,-0.689,0.461,houston,2026-09-21,KHOU,34.9,33.9,34.2,34.5,34.9,34.3,31.3,34.9,34.9,33.7,34.9,1.013,34.594,11,33.33,14,0.71,America/Chicago,F
0.594,-1.249,-1.134,0.644,0.594,0.28,-2.449,-1.377,0.594,-0.541,0.551,houston,2026-09-22,KHOU,35.9,34.0,34.8,35.5,35.9,35.5,32.4,36.4,35.9,35.6,36.4,1.129,35.661,11,35.56,14,0.779,America/Chicago,F
2.7,0.84,1.62,0.5,2.18,-0.1,-0.74,1.0,,,1.32,qingdao,2026-07-01,ZSQD,30.6,31.1,29.8,26.4,30.0,27.7,27.1,28.4,,,28.8,1.525,27.974,9,29.0,0,1.2,Asia/Shanghai,C
2.517,1.05,1.483,-0.017,1.983,-0.3,-0.933,0.733,,,1.067,qingdao,2026-07-02,ZSQD,32.7,31.1,31.1,29.5,33.1,28.9,28.7,30.9,,,31.1,1.449,29.978,9,31.0,0,1.2,Asia/Shanghai,C
2.4,0.914,1.286,-0.229,2.0,-0.557,-1.129,0.614,,,0.929,qingdao,2026-07-03,ZSQD,34.2,29.1,32.6,29.0,35.1,29.4,30.5,30.0,,,33.3,2.22,30.862,9,31.0,0,1.2,Asia/Shanghai,C
2.5,0.562,1.325,-0.45,2.262,-0.688,-1.05,0.412,,,1.1,qingdao,2026-07-04,ZSQD,33.3,31.7,31.9,28.8,32.1,28.0,30.4,30.4,,,30.5,1.571,30.209,9,30.0,8,1.187,Asia/Shanghai,C
2.589,0.689,1.389,-0.533,2.244,-0.833,-0.889,0.411,,,1.033,qingdao,2026-07-05,ZSQD,36.9,35.6,35.0,33.4,34.3,32.3,32.7,35.0,,,33.8,1.376,33.694,9,33.0,9,1.121,Asia/Shanghai,C
2.72,0.88,1.45,-0.44,2.15,-0.82,-0.83,0.57,,,1.01,qingdao,2026-07-06,ZSQD,36.4,34.0,34.7,30.0,33.8,30.9,30.8,33.4,,,33.7,1.97,32.515,9,33.0,10,1.086,Asia/Shanghai,C
2.782,0.891,1.473,-0.673,2.027,-0.936,-0.955,0.555,,,0.982,qingdao,2026-07-07,ZSQD,24.2,25.0,24.2,24.0,23.8,25.1,25.4,25.7,,,26.7,0.893,23.84,9,23.0,11,1.046,Asia/Shanghai,C
2.65,0.983,1.45,-0.533,1.925,-0.683,-0.675,0.733,,,1.208,qingdao,2026-07-08,ZSQD,31.6,31.3,30.5,29.1,32.3,31.7,30.2,31.4,,,31.0,0.9,30.094,9,32.0,12,1.03,Asia/Shanghai,C
2.415,0.854,1.223,-0.715,1.8,-0.654,-0.762,0.631,,,1.038,qingdao,2026-07-09,ZSQD,31.2,30.2,30.6,32.3,30.6,29.3,30.1,30.8,,,32.2,0.916,29.91,9,28.0,13,1.122,Asia/Shanghai,C
2.471,0.95,1.321,-0.357,1.857,-0.514,-0.557,0.786,,,1.264,qingdao,2026-07-10,ZSQD,32.8,30.8,31.4,30.7,30.9,30.3,30.2,31.0,,,32.5,0.859,30.303,9,30.0,14,1.196,Asia/Shanghai,C
2.493,0.979,1.35,-0.407,1.757,-0.471,-0.543,0.821,,,1.4,qingdao,2026-07-11,ZSQD,31.2,30.1,30.4,29.7,31.2,28.9,29.2,29.8,,,30.4,0.753,29.211,9,30.0,14,1.164,Asia/Shanghai,C
2.407,0.886,1.286,-0.371,1.736,-0.457,-0.35,0.871,,,1.436,qingdao,2026-07-12,ZSQD,32.3,28.5,30.2,30.2,31.7,29.2,29.3,28.1,,,30.5,1.312,29.19,9,31.0,14,1.178,Asia/Shanghai,C
2.293,0.55,1.079,-0.407,1.65,-0.514,-0.393,0.543,,,1.314,qingdao,2026-07-13,ZSQD,28.5,26.9,27.9,27.0,27.2,26.9,26.5,25.7,,,29.2,1.002,26.585,9,26.0,14,1.223,Asia/Shanghai,C
2.243,0.514,1.029,-0.457,1.564,-0.564,-0.379,0.429,,,1.3,qingdao,2026-07-14,ZSQD,31.2,30.2,31.1,30.0,30.2,28.8,30.5,27.7,,,30.4,1.047,29.366,9,29.0,14,1.093,Asia/Shanghai,C
2.221,0.686,1.1,-0.421,1.45,-0.614,-0.314,0.164,,,1.293,qingdao,2026-07-15,ZSQD,31.3,28.9,31.1,30.9,30.6,27.2,28.1,29.7,,,31.7,1.479,29.262,9,30.0,14,1.046,Asia/Shanghai,C
2.2,0.457,1.121,-0.171,1.421,-0.721,-0.314,0.186,,,1.429,qingdao,2026-07-16,ZSQD,30.4,28.7,28.9,27.5,30.2,29.1,26.4,27.7,,,30.8,1.385,28.273,9,29.0,14,1.029,Asia/Shanghai,C
2.179,0.429,1.107,-0.171,1.357,-0.564,-0.336,0.1,,,1.55,qingdao,2026-07-17,ZSQD,26.4,25.4,26.8,26.2,26.0,25.2,24.5,25.2,,,25.9,0.675,25.042,9,26.0,14,1.011,Asia/Shanghai,C
1.979,0.521,1.05,-0.014,1.064,-0.507,-0.407,0.114,,,1.379,qingdao,2026-07-18,ZSQD,30.1,30.2,29.5,29.8,31.9,29.9,29.4,29.6,,,30.7,0.733,29.419,9,31.0,14,1.042,Asia/Shanghai,C
1.679,0.343,0.807,-0.014,0.979,-0.443,-0.55,-0.014,,,1.321,qingdao,2026-07-19,ZSQD,29.6,28.8,28.6,28.8,30.2,28.3,28.3,28.1,,,29.3,0.651,28.378,9,29.0,14,1.123,Asia/Shanghai,C
1.443,0.143,0.636,-0.057,0.971,-0.443,-0.579,-0.221,,,1.286,qingdao,2026-07-20,ZSQD,30.1,28.5,28.5,28.8,30.4,29.2,28.2,27.1,,,29.6,0.961,28.587,9,29.0,14,1.12,Asia/Shanghai,C
1.279,0.036,0.479,0.143,1.014,-0.279,-0.479,-0.386,,,1.279,qingdao,2026-07-21,ZSQD,32.1,31.7,31.1,31.0,34.3,30.8,31.3,29.9,,,32.1,1.156,31.252,9,32.0,14,1.118,Asia/Shanghai,C
1.2,-0.129,0.329,-0.0,1.121,-0.514,-0.7,-0.729,,,1.021,qingdao,2026-07-22,ZSQD,28.8,28.6,28.0,27.9,30.8,27.8,27.8,28.6,,,29.2,0.905,28.363,9,29.0,14,1.113,Asia/Shanghai,C
1.214,-0.107,0.364,0.129,1.229,-0.579,-0.657,-0.714,,,1.107,qingdao,2026-07-23,ZSQD,31.6,31.5,30.8,31.5,32.8,31.2,29.9,31.4,,,32.4,0.792,31.152,9,33.0,14,1.005,Asia/Shanghai,C
0.886,-0.371,0.021,-0.286,1.029,-0.8,-1.029,-1.029,,,0.764,qingdao,2026-07-24,ZSQD,31.4,30.4,30.2,30.6,31.4,29.5,29.6,29.4,,,30.9,0.728,30.459,9,30.0,14,0.996,Asia/Shanghai,C
0.786,-0.4,-0.064,-0.293,1.064,-0.857,-1.071,-1.143,,,0.65,qingdao,2026-07-25,ZSQD,32.4,32.4,32.4,31.8,34.6,31.5,32.1,31.1,,,33.4,0.988,32.508,9,31.0,14,1.001,Asia/Shanghai,C
0.8,-0.307,0.007,-0.214,1.236,-0.743,-0.936,-1.121,,,0.793,qingdao,2026-07-26,ZSQD,32.7,31.9,31.2,32.6,35.1,31.9,31.8,31.0,,,33.5,1.197,32.382,9,31.0,14,1.058,Asia/Shanghai,C
0.829,-0.064,0.079,-0.043,1.479,-0.55,-0.757,-0.914,,,1.007,qingdao,2026-07-27,ZSQD,32.5,31.2,31.7,31.8,33.1,30.9,30.3,30.8,,,31.8,0.825,31.469,9,32.0,14,1.011,Asia/Shanghai,C
0.686,-0.186,-0.079,-0.129,1.471,-0.693,-0.914,-0.979,,,0.764,qingdao,2026-07-28,ZSQD,33.1,32.8,32.9,32.9,33.5,33.3,31.7,31.9,,,33.5,0.609,32.82,9,33.0,14,1.009,Asia/Shanghai,C
0.536,-0.286,-0.236,-0.207,1.421,-0.657,-1.114,-0.964,,,0.7,qingdao,2026-07-29,ZSQD,32.9,32.3,32.8,33.6,34.5,32.8,32.1,32.7,,,33.9,0.735,33.054,9,33.0,14,1.005,Asia/Shanghai,C
0.436,-0.257,-0.329,-0.229,1.486,-0.471,-1.043,-0.964,,,0.643,qingdao,2026-07-30,ZSQD,34.1,34.4,33.5,34.4,36.2,33.8,33.0,33.4,,,34.9,0.901,34.221,9,34.0,14,0.986,Asia/Shanghai,C
0.343,-0.207,-0.357,-0.093,1.557,-0.493,-0.929,-0.914,,,0.579,qingdao,2026-07-31,ZSQD,36.0,35.5,35.3,35.0,36.4,34.2,35.1,34.2,,,36.0,0.729,35.386,9,36.0,14,0.968,Asia/Shanghai,C
0.314,-0.2,-0.464,-0.179,1.586,-0.564,-0.886,-0.986,,,0.586,qingdao,2026-08-01,ZSQD,36.6,35.9,36.1,35.2,37.0,35.8,35.5,35.3,,,36.4,0.573,36.098,9,35.0,14,0.948,Asia/Shanghai,C
0.493,-0.079,-0.279,-0.079,1.664,-0.429,-0.736,-0.864,,,0.707,qingdao,2026-08-02,ZSQD,36.9,36.0,35.8,35.8,37.6,35.4,34.7,35.3,,,36.9,0.868,36.042,9,36.0,14,0.898,Asia/Shanghai,C
0.514,-0.064,-0.264,-0.079,1.693,-0.421,-0.779,-0.85,,,0.75,qingdao,2026-08-03,ZSQD,35.8,35.2,35.4,34.7,35.8,34.2,32.7,34.5,,,36.5,1.054,34.989,9,35.0,14,0.882,Asia/Shanghai,C
0.493,-0.014,-0.2,-0.086,1.65,-0.493,-0.886,-0.75,,,0.814,qingdao,2026-08-04,ZSQD,36.1,34.2,35.0,33.3,35.5,33.3,32.8,33.2,,,35.5,1.158,34.42,9,36.0,14,0.875,Asia/Shanghai,C
0.493,-0.121,-0.207,-0.207,1.45,-0.6,-1.064,-0.8,,,0.771,qingdao,2026-08-05,ZSQD,36.3,35.1,35.0,33.9,36.3,33.6,32.9,34.3,,,36.3,1.2,34.997,9,38.0,14,0.951,Asia/Shanghai,C
0.386,-0.3,-0.35,-0.421,1.2,-0.829,-1.343,-1.036,,,0.636,qingdao,2026-08-06,ZSQD,37.9,36.6,36.5,35.7,38.1,35.5,34.6,37.9,,,37.1,1.149,36.924,9,37.0,14,1.233,Asia/Shanghai,C
0.55,-0.221,-0.229,-0.407,1.293,-0.807,-1.293,-0.857,,,0.686,qingdao,2026-08-07,ZSQD,38.2,37.5,38.0,37.8,38.1,36.1,35.1,38.8,,,38.1,1.103,37.649,9,37.0,14,1.13,Asia/Shanghai,C
0.536,-0.214,-0.171,-0.393,1.271,-0.836,-1.4,-0.686,,,0.7,qingdao,2026-08-08,ZSQD,35.1,33.9,35.1,35.7,34.3,33.5,32.2,37.3,,,35.9,1.412,34.786,9,33.0,14,1.136,Asia/Shanghai,C
0.586,-0.25,-0.121,-0.257,1.107,-0.836,-1.536,-0.386,,,0.736,qingdao,2026-08-09,ZSQD,34.1,27.7,32.2,34.0,33.3,32.1,30.7,33.6,,,32.2,1.901,32.226,9,32.0,14,1.165,Asia/Shanghai,C
0.614,-0.621,-0.121,-0.229,0.907,-0.893,-1.686,-0.271,,,0.571,qingdao,2026-08-10,ZSQD,32.3,30.9,30.2,32.7,34.0,29.6,29.6,31.6,,,33.3,1.52,31.694,9,31.0,14,1.106,Asia/Shanghai,C
0.671,-0.571,-0.157,-0.093,1.043,-0.914,-1.664,-0.143,,,0.75,qingdao,2026-08-11,ZSQD,31.7,31.4,31.1,31.1,33.8,31.2,29.9,30.9,,,31.5,0.976,31.528,9,31.0,14,1.113,Asia/Shanghai,C
0.714,-0.529,-0.143,-0.079,1.207,-0.921,-1.65,-0.071,,,0.75,qingdao,2026-08-12,ZSQD,30.4,29.5,28.7,31.0,32.1,30.7,30.0,30.0,,,31.4,0.964,30.349,9,32.0,14,1.121,Asia/Shanghai,C
0.607,-0.657,-0.364,-0.193,1.107,-1.0,-1.729,-0.193,,,0.643,qingdao,2026-08-13,ZSQD,29.4,29.3,29.1,30.9,29.8,30.2,28.8,30.7,,,30.6,0.721,29.883,9,29.0,14,1.204,Asia/Shanghai,C
0.629,-0.664,-0.321,-0.086,1.007,-0.9,-1.671,-0.029,,,0.693,qingdao,2026-08-14,ZSQD,31.9,31.1,31.4,31.8,33.6,31.4,29.7,32.9,,,32.4,1.056,31.892,9,33.0,14,1.226,Asia/Shanghai,C
0.55,-0.764,-0.386,-0.1,1.021,-0.886,-1.843,0.093,,,0.65,qingdao,2026-08-15,ZSQD,30.6,30.9,30.1,31.6,31.4,30.0,28.9,29.1,,,31.3,0.926,30.605,9,31.0,14,1.25,Asia/Shanghai,C
0.407,-0.836,-0.529,-0.071,0.907,-1.014,-2.029,-0.064,,,0.571,qingdao,2026-08-16,ZSQD,32.3,32.5,31.9,33.7,34.2,33.5,31.9,34.6,,,33.4,0.94,33.221,9,33.0,14,1.22,Asia/Shanghai,C
0.293,-0.871,-0.593,-0.007,0.879,-0.936,-2.014,0.1,,,0.536,qingdao,2026-08-17,ZSQD,31.5,31.9,31.0,32.8,32.6,31.5,30.7,33.1,,,32.9,0.831,32.156,9,32.0,14,1.221,Asia/Shanghai,C
0.2,-0.893,-0.693,0.071,0.864,-0.914,-1.943,0.214,,,0.493,qingdao,2026-08-18,ZSQD,32.6,32.0,32.0,33.2,33.7,32.6,31.4,33.8,,,34.9,1.032,33.09,9,33.0,14,1.222,Asia/Shanghai,C
0.164,-0.836,-0.693,0.279,0.95,-0.75,-1.829,0.471,,,0.664,qingdao,2026-08-19,ZSQD,31.6,32.0,30.9,31.7,33.9,30.3,28.7,31.2,,,33.9,1.545,31.807,9,33.0,14,1.147,Asia/Shanghai,C
0.186,-0.7,-0.629,0.479,1.136,-0.629,-1.771,0.607,,,0.85,qingdao,2026-08-20,ZSQD,31.6,30.9,29.9,27.3,28.6,29.7,28.3,29.4,,,31.8,1.434,30.002,9,30.0,14,0.879,Asia/Shanghai,C
0.236,-0.607,-0.6,0.379,0.957,-0.543,-1.721,0.5,,,0.971,qingdao,2026-08-21,ZSQD,29.7,27.2,28.5,29.9,31.3,30.0,28.5,27.5,,,29.9,1.253,29.232,9,30.0,14,0.879,Asia/Shanghai,C
0.129,-0.843,-0.779,0.314,0.971,-0.479,-1.693,0.193,,,0.886,qingdao,2026-08-22,ZSQD,32.0,30.7,30.9,31.8,33.2,31.4,30.8,31.1,,,32.7,0.83,31.78,9,31.0,14,0.886,Asia/Shanghai,C
0.05,-0.929,-0.936,0.179,1.036,-0.486,-1.65,-0.107,,,0.8,qingdao,2026-08-23,ZSQD,30.5,30.4,30.0,30.7,32.4,30.0,29.1,30.3,,,31.4,0.879,30.781,9,31.0,14,0.775,Asia/Shanghai,C
-0.136,-0.664,-1.021,0.014,1.043,-0.564,-1.693,-0.271,,,0.814,qingdao,2026-08-24,ZSQD,31.2,31.3,31.2,32.2,32.5,31.5,30.5,32.0,,,31.9,0.582,31.822,9,31.0,14,0.775,Asia/Shanghai,C
-0.214,-0.636,-0.95,-0.021,0.936,-0.429,-1.629,-0.243,,,0.714,qingdao,2026-08-25,ZSQD,32.3,31.7,31.7,32.8,33.3,31.6,31.3,33.2,,,32.9,0.717,32.546,9,32.0,14,0.783,Asia/Shanghai,C
-0.243,-0.686,-0.979,0.029,0.829,-0.471,-1.6,-0.15,,,0.743,qingdao,2026-08-26,ZSQD,33.2,33.6,32.5,33.8,34.5,32.2,32.0,33.7,,,33.0,0.776,33.464,9,32.0,14,0.784,Asia/Shanghai,C
-0.043,-0.393,-0.707,0.229,1.0,-0.364,-1.457,0.114,,,0.857,qingdao,2026-08-27,ZSQD,27.8,28.7,27.7,30.4,28.6,29.9,28.4,28.9,,,31.1,1.101,28.96,9,31.0,14,0.757,Asia/Shanghai,C
-0.3,-0.579,-0.95,0.05,0.771,-0.529,-1.629,-0.157,,,0.75,qingdao,2026-08-28,ZSQD,26.8,27.4,26.7,29.3,29.4,28.9,27.8,26.4,,,30.0,1.269,28.231,9,27.0,14,0.903,Asia/Shanghai,C
-0.236,-0.414,-0.857,0.3,0.9,-0.279,-1.336,-0.193,,,1.007,qingdao,2026-08-29,ZSQD,27.8,28.0,27.8,27.8,29.6,28.3,27.1,26.3,,,30.0,1.076,28.257,9,28.0,14,0.914,Asia/Shanghai,C
-0.221,-0.407,-0.807,0.243,0.986,-0.186,-1.25,-0.179,,,1.129,qingdao,2026-08-30,ZSQD,26.3,26.4,26.6,28.2,27.6,25.2,25.1,28.7,,,28.8,1.325,26.975,9,27.0,14,0.911,Asia/Shanghai,C
-0.221,-0.414,-0.757,0.279,0.943,-0.35,-1.307,-0.171,,,1.229,qingdao,2026-08-31,ZSQD,29.6,29.9,29.5,31.2,31.4,30.1,29.9,30.0,,,30.8,0.653,30.293,9,31.0,14,0.909,Asia/Shanghai,C
-0.286,-0.486,-0.793,0.236,0.929,-0.379,-1.293,-0.321,,,1.15,qingdao,2026-09-01,ZSQD,28.7,28.8,28.8,29.5,30.0,29.0,28.7,29.3,,,30.1,0.517,29.313,9,30.0,14,0.927,Asia/Shanghai,C
-0.35,-0.5,-0.807,0.186,0.879,-0.421,-1.271,-0.429,,,1.021,qingdao,2026-09-02,ZSQD,28.5,28.4,28.6,30.1,30.1,28.6,27.9,28.6,,,29.9,0.783,29.125,9,29.0,14,0.945,Asia/Shanghai,C
-0.286,-0.471,-0.686,0.357,0.893,-0.257,-1.043,-0.329,,,1.021,qingdao,2026-09-03,ZSQD,29.4,29.5,29.6,31.1,31.9,29.8,28.8,29.5,,,31.4,1.009,30.173,9,30.0,14,0.89,Asia/Shanghai,C
-0.443,-0.571,-0.707,0.629,1.129,-0.25,-1.007,-0.321,,,0.993,qingdao,2026-09-04,ZSQD,30.4,30.7,30.8,31.9,32.8,30.5,29.9,30.9,,,32.0,0.877,31.163,9,32.0,14,0.891,Asia/Shanghai,C
-0.536,-0.464,-0.686,0.629,1.093,-0.357,-1.05,-0.221,,,1.0,qingdao,2026-09-05,ZSQD,30.7,31.1,30.8,31.7,30.7,30.3,29.1,30.9,,,31.5,0.71,30.883,9,31.0,14,0.896,Asia/Shanghai,C
-0.629,-0.436,-0.693,0.621,0.914,-0.436,-1.171,-0.236,,,0.914,qingdao,2026-09-06,ZSQD,29.4,29.6,29.8,31.1,31.7,30.0,29.0,29.6,,,30.4,0.812,30.207,9,30.0,14,0.872,Asia/Shanghai,C
-0.636,-0.421,-0.636,0.721,0.936,-0.364,-1.107,-0.214,,,0.914,qingdao,2026-09-07,ZSQD,29.7,30.1,29.9,31.5,32.3,29.9,28.7,29.8,,,31.2,1.041,30.462,9,30.0,14,0.872,Asia/Shanghai,C
-0.671,-0.436,-0.657,0.743,0.993,-0.407,-1.164,-0.3,,,0.936,qingdao,2026-09-08,ZSQD,27.1,26.8,27.5,28.5,28.4,26.9,23.9,26.5,,,28.6,1.365,27.355,9,27.0,14,0.852,Asia/Shanghai,C
-0.686,-0.429,-0.6,0.793,1.0,-0.386,-1.336,-0.421,,,0.986,qingdao,2026-09-09,ZSQD,25.5,25.6,25.6,26.1,27.6,24.4,22.0,24.6,,,26.3,1.466,25.59,9,26.0,14,0.845,Asia/Shanghai,C
-0.807,-0.571,-0.664,0.671,0.936,-0.514,-1.621,-0.643,,,0.936,qingdao,2026-09-10,ZSQD,27.1,26.7,27.2,28.7,29.6,27.1,25.5,26.5,,,27.6,1.138,27.645,9,27.0,14,0.757,Asia/Shanghai,C
-0.571,-0.429,-0.414,0.836,1.293,-0.429,-1.543,-0.529,,,0.971,qingdao,2026-09-11,ZSQD,28.1,28.0,27.8,26.6,29.7,27.0,25.2,26.8,,,27.7,1.173,27.732,9,28.0,14,0.553,Asia/Shanghai,C
-0.55,-0.457,-0.407,0.571,1.243,-0.636,-1.8,-0.571,,,0.736,qingdao,2026-09-12,ZSQD,27.3,27.3,27.0,27.5,27.0,26.1,25.0,27.0,,,28.4,0.893,27.216,9,27.0,14,0.5,Asia/Shanghai,C
-0.514,-0.436,-0.393,0.621,1.129,-0.721,-1.879,-0.45,,,0.693,qingdao,2026-09-13,ZSQD,28.0,27.7,27.6,28.9,28.8,27.7,26.3,27.8,,,27.6,0.715,28.068,9,28.0,14,0.5,Asia/Shanghai,C
-0.464,-0.414,-0.393,0.6,1.143,-0.614,-1.864,-0.586,,,0.536,qingdao,2026-09-14,ZSQD,28.7,29.1,28.8,29.7,30.4,29.2,26.7,28.5,,,29.2,0.952,29.185,9,29.0,14,0.5,Asia/Shanghai,C
-0.386,-0.329,-0.3,0.636,1.214,-0.536,-1.95,-0.55,,,0.564,qingdao,2026-09-15,ZSQD,31.7,31.7,31.3,31.4,31.8,30.9,28.3,30.6,,,30.9,1.018,31.272,9,31.0,14,0.5,Asia/Shanghai,C
-0.243,-0.193,-0.193,0.7,1.271,-0.471,-2.05,-0.529,,,0.55,qingdao,2026-09-16,ZSQD,33.2,32.2,32.3,32.2,33.3,32.9,29.0,31.5,,,32.6,1.227,32.406,9,32.0,14,0.5,Asia/Shanghai,C
-0.121,-0.136,-0.143,0.636,1.286,-0.379,-2.186,-0.536,,,0.529,qingdao,2026-09-17,ZSQD,29.1,26.9,28.2,27.2,28.9,26.6,26.4,27.7,,,29.0,1.004,27.98,9,28.0,14,0.5,Asia/Shanghai,C
0.0,-0.179,-0.1,0.5,1.214,-0.464,-2.214,-0.521,,,0.5,qingdao,2026-09-18,ZSQD,29.1,28.2,28.2,28.7,29.7,28.2,26.6,27.9,,,29.1,0.841,28.581,9,28.0,14,0.5,Asia/Shanghai,C
0.193,-0.071,0.0,0.557,1.279,-0.343,-2.164,-0.45,,,0.579,qingdao,2026-09-19,ZSQD,30.2,29.2,29.5,29.5,30.9,28.7,27.0,29.5,,,30.0,1.031,29.482,9,29.0,14,0.5,Asia/Shanghai,C
0.3,-0.064,0.05,0.543,1.436,-0.314,-2.171,-0.407,,,0.614,qingdao,2026-09-20,ZSQD,31.5,29.6,31.0,31.4,32.4,29.2,27.8,30.0,,,29.8,1.327,30.385,9,30.0,14,0.5,Asia/Shanghai,C
0.45,-0.064,0.136,0.564,1.486,-0.371,-2.257,-0.379,,,0.571,qingdao,2026-09-21,ZSQD,28.0,28.3,27.9,28.6,31.9,28.0,26.1,28.0,,,29.5,1.471,28.404,9,29.0,14,0.5,Asia/Shanghai,C
0.4,-0.121,0.064,0.429,1.529,-0.436,-2.371,-0.436,,,0.521,qingdao,2026-09-22,ZSQD,31.1,30.7,30.4,30.6,32.0,30.4,27.3,29.2,,,30.6,1.251,30.381,9,31.0,14,0.5,Asia/Shanghai,C
0.4,-0.129,-0.014,0.293,1.5,-0.471,-2.414,-0.529,,,0.379,qingdao,2026-09-23,ZSQD,31.6,31.1,31.0,30.3,31.3,29.7,27.8,30.1,,,30.4,1.077,30.574,9,30.0,14,0.5,Asia/Shanghai,C
-0.68,-1.6,-0.58,-0.66,-0.1,-3.3,-0.68,-0.1,,,-1.98,busan,2026-07-01,RKPK,21.8,22.1,21.9,21.5,20.8,22.5,21.8,23.0,,,22.4,0.596,23.001,9,22.0,0,1.2,Asia/Seoul,C
-0.6,-1.317,-0.5,-0.633,-0.283,-2.667,-0.6,0.083,,,-1.583,busan,2026-07-02,RKPK,26.5,26.0,26.4,26.1,26.1,24.6,26.5,26.4,,,25.6,0.573,26.948,9,27.0,0,1.2,Asia/Seoul,C
-0.586,-1.271,-0.514,-0.671,-0.371,-2.629,-0.586,-0.014,,,-1.557,busan,2026-07-03,RKPK,27.2,26.5,26.9,27.6,27.4,24.6,27.2,27.7,,,27.7,0.919,27.843,9,28.0,0,1.2,Asia/Seoul,C
-0.612,-1.3,-0.588,-0.637,-0.4,-2.725,-0.612,-0.05,,,-1.4,busan,2026-07-04,RKPK,26.7,27.3,29.0,27.7,27.7,24.9,26.7,27.0,,,27.1,1.029,28.091,9,28.0,8,0.957,Asia/Seoul,C
-0.689,-1.233,-0.411,-0.6,-0.389,-2.767,-0.689,-0.156,,,-1.344,busan,2026-07-05,RKPK,24.7,24.8,25.3,27.1,26.8,24.9,24.7,26.0,,,25.3,0.863,26.331,9,26.0,9,0.903,Asia/Seoul,C
-0.75,-1.23,-0.44,-0.43,-0.27,-2.6,-0.75,-0.14,,,-1.28,busan,2026-07-06,RKPK,29.0,30.3,29.1,30.1,30.0,27.8,29.0,29.3,,,29.6,0.72,30.22,9,30.0,10,0.863,Asia/Seoul,C
-0.773,-1.091,-0.482,-0.382,-0.245,-2.564,-0.773,-0.191,,,-1.2,busan,2026-07-07,RKPK,28.1,29.0,29.7,29.9,30.7,27.1,28.1,29.8,,,28.4,1.076,29.808,9,29.0,11,0.825,Asia/Seoul,C
-0.783,-1.0,-0.383,-0.275,-0.083,-2.508,-0.783,-0.108,,,-1.15,busan,2026-07-08,RKPK,27.7,27.9,28.3,29.6,30.0,27.0,27.7,29.6,,,28.9,0.986,29.217,9,29.0,12,0.824,Asia/Seoul,C
-0.823,-1.008,-0.408,-0.208,0.0,-2.469,-0.823,-0.054,,,-1.069,busan,2026-07-09,RKPK,29.3,29.6,30.3,30.2,30.5,28.1,29.3,30.1,,,29.3,0.701,30.406,9,30.0,13,0.794,Asia/Seoul,C
-0.814,-0.964,-0.357,-0.179,0.036,-2.429,-0.814,-0.043,,,-1.043,busan,2026-07-10,RKPK,29.6,31.1,31.2,30.6,31.3,29.2,29.6,31.7,,,31.1,0.851,31.309,9,32.0,14,0.773,Asia/Seoul,C
-0.993,-0.879,-0.279,-0.2,0.071,-2.393,-0.993,0.014,,,-0.964,busan,2026-07-11,RKPK,32.9,33.2,34.5,33.5,33.2,29.9,32.9,34.5,,,33.7,1.281,33.888,9,34.0,14,0.706,Asia/Seoul,C
-1.007,-0.75,-0.157,-0.093,0.036,-2.393,-1.007,0.114,,,-0.864,busan,2026-07-12,RKPK,31.3,31.6,32.2,32.6,31.5,31.2,31.3,32.3,,,32.3,0.504,32.457,9,33.0,14,0.565,Asia/Seoul,C
-1.1,-0.807,-0.243,-0.1,-0.086,-2.279,-1.1,0.021,,,-0.793,busan,2026-07-13,RKPK,31.1,31.1,31.9,32.1,32.4,30.1,31.1,33.0,,,31.5,0.813,32.278,9,31.0,14,0.562,Asia/Seoul,C
-1.029,-0.736,-0.179,-0.007,0.014,-2.121,-1.029,0.143,,,-0.593,busan,2026-07-14,RKPK,29.2,29.1,30.8,29.8,31.7,29.1,29.2,31.5,,,30.3,0.986,30.676,9,30.0,14,0.615,Asia/Seoul,C
-0.993,-0.671,-0.107,-0.043,0.079,-2.0,-0.993,0.207,,,-0.414,busan,2026-07-15,RKPK,31.6,33.0,33.0,33.6,34.4,29.7,31.6,33.1,,,33.4,1.327,33.134,9,33.0,14,0.594,Asia/Seoul,C
-1.079,-0.679,-0.1,0.036,0.264,-2.271,-1.079,0.143,,,-0.414,busan,2026-07-16,RKPK,28.4,32.9,34.7,33.1,35.7,33.2,28.4,34.7,,,36.4,2.728,33.453,9,35.0,14,0.531,Asia/Seoul,C
-1.514,-0.757,-0.079,-0.036,0.379,-2.229,-1.514,0.164,,,-0.214,busan,2026-07-17,RKPK,29.2,31.2,32.6,33.6,32.7,29.8,29.2,32.7,,,32.3,1.588,32.025,9,31.0,14,0.673,Asia/Seoul,C
-1.586,-0.636,0.114,0.179,0.543,-2.071,-1.586,0.307,,,-0.1,busan,2026-07-18,RKPK,29.5,31.3,31.8,29.9,31.1,28.7,29.5,30.9,,,30.7,0.964,31.006,9,30.0,14,0.725,Asia/Seoul,C
-1.529,-0.493,0.171,0.193,0.643,-1.943,-1.529,0.443,,,0.014,busan,2026-07-19,RKPK,28.7,31.4,31.8,30.3,31.0,29.1,28.7,30.0,,,30.1,1.073,30.659,9,29.0,14,0.773,Asia/Seoul,C
-1.457,-0.236,0.421,0.207,0.729,-1.857,-1.457,0.514,,,0.143,busan,2026-07-20,RKPK,29.8,32.1,33.1,29.6,31.9,29.3,29.8,31.9,,,30.5,1.296,31.348,9,32.0,14,0.887,Asia/Seoul,C
-1.543,-0.25,0.564,0.029,0.721,-1.893,-1.543,0.557,,,0.064,busan,2026-07-21,RKPK,30.1,32.4,32.3,31.1,31.7,29.5,30.1,32.3,,,30.6,1.04,31.54,9,32.0,14,0.902,Asia/Seoul,C
-1.614,-0.221,0.536,-0.1,0.579,-1.936,-1.614,0.521,,,0.007,busan,2026-07-22,RKPK,31.9,34.0,34.8,32.8,33.1,30.2,31.9,33.8,,,32.4,1.294,33.276,9,34.0,14,0.884,Asia/Seoul,C
-1.671,-0.143,0.643,-0.229,0.443,-2.064,-1.671,0.464,,,-0.1,busan,2026-07-23,RKPK,32.2,34.2,34.9,33.4,33.7,30.7,32.2,34.3,,,32.8,1.237,33.685,9,34.0,14,0.903,Asia/Seoul,C
-1.75,-0.1,0.686,-0.286,0.386,-2.164,-1.75,0.479,,,-0.136,busan,2026-07-24,RKPK,33.2,35.8,36.8,34.3,34.8,32.2,33.2,35.7,,,34.2,1.386,35.046,9,35.0,14,0.901,Asia/Seoul,C
-1.707,0.021,0.871,-0.236,0.421,-2.164,-1.707,0.55,,,-0.129,busan,2026-07-25,RKPK,33.5,36.8,37.6,34.8,35.9,32.6,33.5,35.6,,,35.6,1.554,35.627,9,35.0,14,0.882,Asia/Seoul,C
-1.736,0.207,1.021,-0.214,0.543,-2.043,-1.736,0.557,,,-0.064,busan,2026-07-26,RKPK,33.5,34.8,37.4,35.2,37.0,33.3,33.5,35.5,,,34.6,1.4,35.404,9,37.0,14,0.897,Asia/Seoul,C
-1.864,0.15,1.107,-0.314,0.65,-2.179,-1.864,0.5,,,-0.186,busan,2026-07-27,RKPK,34.7,35.8,35.9,34.9,35.3,31.8,34.7,36.1,,,34.2,1.226,35.316,9,35.0,14,0.983,Asia/Seoul,C
-1.893,0.2,1.107,-0.4,0.571,-2.343,-1.893,0.436,,,-0.279,busan,2026-07-28,RKPK,34.9,36.7,37.8,37.2,38.4,35.0,34.9,37.9,,,37.6,1.332,37.141,9,35.0,14,0.925,Asia/Seoul,C
-1.843,0.386,1.25,-0.229,0.693,-2.279,-1.843,0.536,,,-0.114,busan,2026-07-29,RKPK,35.1,37.3,38.2,37.2,38.3,36.1,35.1,37.3,,,37.7,1.146,37.274,9,39.0,14,1.073,Asia/Seoul,C
-2.021,0.264,1.193,-0.4,0.543,-2.25,-2.021,0.407,,,-0.236,busan,2026-07-30,RKPK,36.6,37.9,39.5,38.0,38.5,36.2,36.6,39.2,,,37.4,1.105,38.261,9,38.0,14,1.167,Asia/Seoul,C
-1.65,0.407,1.321,-0.264,0.529,-2.25,-1.65,0.514,,,-0.379,busan,2026-07-31,RKPK,37.3,38.2,39.9,39.0,39.2,37.7,37.3,38.6,,,37.9,0.847,38.715,9,37.0,14,1.094,Asia/Seoul,C
-1.5,0.479,1.414,-0.307,0.564,-2.114,-1.5,0.507,,,-0.407,busan,2026-08-01,RKPK,36.8,39.3,40.7,39.0,39.4,37.4,36.8,38.9,,,38.0,1.244,38.793,9,39.0,14,1.154,Asia/Seoul,C
-1.621,0.407,1.407,-0.3,0.514,-2.136,-1.621,0.436,,,-0.529,busan,2026-08-02,RKPK,37.7,37.3,39.7,38.2,40.3,37.5,37.7,38.8,,,38.4,0.972,38.773,9,39.0,14,1.124,Asia/Seoul,C
-1.693,0.114,1.257,-0.45,0.464,-2.25,-1.693,0.35,,,-0.65,busan,2026-08-03,RKPK,34.9,35.5,37.0,36.2,38.3,33.4,34.9,36.0,,,34.5,1.366,36.159,9,38.0,14,1.034,Asia/Seoul,C
-1.757,-0.071,1.107,-0.407,0.493,-2.386,-1.757,0.214,,,-0.793,busan,2026-08-04,RKPK,33.4,33.6,34.8,35.2,35.2,32.5,33.4,35.3,,,34.6,0.958,34.735,9,35.0,14,1.132,Asia/Seoul,C
-1.736,-0.2,1.071,-0.329,0.529,-2.386,-1.736,0.214,,,-0.721,busan,2026-08-05,RKPK,33.6,33.2,34.7,34.5,36.3,31.3,33.6,34.9,,,32.8,1.35,34.465,9,35.0,14,1.127,Asia/Seoul,C
-1.686,-0.329,0.993,-0.279,0.686,-2.379,-1.686,0.221,,,-0.764,busan,2026-08-06,RKPK,34.4,33.6,35.1,34.2,36.1,31.4,34.4,35.1,,,32.6,1.332,34.732,9,36.0,14,1.12,Asia/Seoul,C
-1.671,-0.514,0.864,-0.364,0.714,-2.471,-1.671,0.136,,,-0.921,busan,2026-08-07,RKPK,34.4,34.7,36.2,35.4,37.2,32.6,34.4,35.8,,,34.4,1.248,35.675,9,37.0,14,1.167,Asia/Seoul,C
-1.729,-0.736,0.679,-0.429,0.743,-2.586,-1.729,-0.0,,,-1.05,busan,2026-08-08,RKPK,32.4,32.8,33.6,34.4,34.0,31.4,32.4,32.8,,,33.9,0.909,33.793,9,36.0,14,1.219,Asia/Seoul,C
-1.879,-1.093,0.321,-0.529,0.536,-2.743,-1.879,-0.271,,,-1.243,busan,2026-08-09,RKPK,29.4,32.0,31.0,30.8,31.3,28.6,29.4,29.9,,,30.3,1.017,31.312,9,32.0,14,1.344,Asia/Seoul,C
-1.814,-0.936,0.221,-0.486,0.486,-2.721,-1.814,-0.314,,,-1.193,busan,2026-08-10,RKPK,28.9,29.0,30.5,29.2,30.9,28.6,28.9,31.4,,,29.6,0.955,30.588,9,32.0,14,1.288,Asia/Seoul,C
-2.014,-1.207,0.05,-0.679,0.386,-2.736,-2.014,-0.436,,,-1.307,busan,2026-08-11,RKPK,28.0,28.6,30.2,29.2,30.6,27.9,28.0,30.7,,,28.5,1.08,30.156,9,31.0,14,1.339,Asia/Seoul,C
-2.221,-1.5,-0.207,-0.964,0.114,-2.957,-2.221,-0.664,,,-1.671,busan,2026-08-12,RKPK,28.3,27.8,29.6,30.0,30.6,28.4,28.3,31.9,,,28.9,1.258,30.556,9,31.0,14,1.232,Asia/Seoul,C
-2.136,-1.607,-0.25,-0.907,0.136,-2.936,-2.136,-0.479,,,-1.729,busan,2026-08-13,RKPK,29.3,30.3,30.9,30.8,32.1,29.7,29.3,31.9,,,30.7,0.963,31.834,9,32.0,14,1.148,Asia/Seoul,C
-2.229,-1.721,-0.436,-0.993,0.107,-2.971,-2.229,-0.571,,,-1.779,busan,2026-08-14,RKPK,30.2,31.9,32.8,31.8,31.8,30.1,30.2,32.0,,,30.6,0.939,32.712,9,32.0,14,1.147,Asia/Seoul,C
-2.379,-1.814,-0.586,-1.15,-0.064,-3.157,-2.379,-0.686,,,-1.943,busan,2026-08-15,RKPK,28.5,30.2,31.9,31.6,31.5,29.2,28.5,32.6,,,30.0,1.437,31.93,9,32.0,14,1.069,Asia/Seoul,C
-2.471,-1.964,-0.714,-1.179,-0.129,-3.243,-2.471,-0.636,,,-2.014,busan,2026-08-16,RKPK,24.9,25.1,24.9,26.2,25.2,26.2,24.9,26.6,,,26.3,0.674,27.143,9,26.0,14,1.067,Asia/Seoul,C
-2.457,-1.907,-0.843,-1.107,-0.279,-3.121,-2.457,-0.579,,,-1.95,busan,2026-08-17,RKPK,26.2,25.8,25.9,26.6,25.3,26.8,26.2,26.7,,,27.5,0.611,27.927,9,26.0,14,1.108,Asia/Seoul,C
-2.221,-1.743,-0.779,-0.936,-0.35,-2.736,-2.221,-0.386,,,-1.593,busan,2026-08-18,RKPK,28.9,29.5,29.7,28.9,28.9,28.4,28.9,29.1,,,29.2,0.359,30.563,9,29.0,14,1.119,Asia/Seoul,C
-2.114,-1.607,-0.714,-0.957,-0.371,-2.6,-2.114,-0.4,,,-1.55,busan,2026-08-19,RKPK,30.1,31.0,31.3,30.9,31.5,30.8,30.1,31.3,,,30.9,0.469,32.272,9,32.0,14,1.192,Asia/Seoul,C
-2.15,-1.55,-0.743,-1.0,-0.5,-2.421,-2.15,-0.443,,,-1.471,busan,2026-08-20,RKPK,31.5,33.2,32.2,32.4,32.6,31.4,31.5,32.4,,,32.9,0.609,33.627,9,33.0,14,1.186,Asia/Seoul,C
-2.143,-1.364,-0.736,-0.914,-0.536,-2.207,-2.143,-0.421,,,-1.236,busan,2026-08-21,RKPK,32.0,32.1,30.5,33.0,31.4,29.4,32.0,30.4,,,32.1,1.057,32.764,9,34.0,14,1.149,Asia/Seoul,C
-2.1,-1.336,-0.929,-0.871,-0.736,-2.221,-2.1,-0.593,,,-1.186,busan,2026-08-22,RKPK,32.2,33.1,31.7,32.5,32.4,30.6,32.2,32.1,,,31.6,0.658,33.447,9,35.0,14,1.142,Asia/Seoul,C
-2.043,-1.243,-0.993,-0.936,-0.779,-2.207,-2.043,-0.571,,,-1.279,busan,2026-08-23,RKPK,33.4,34.0,33.9,33.9,34.1,31.8,33.4,33.4,,,34.2,0.691,34.959,9,35.0,14,1.062,Asia/Seoul,C
-1.971,-1.314,-1.0,-0.929,-0.793,-2.193,-1.971,-0.536,,,-1.214,busan,2026-08-24,RKPK,32.8,33.9,34.4,33.9,34.4,32.1,32.8,33.7,,,34.5,0.803,34.963,9,34.0,14,1.046,Asia/Seoul,C
-1.836,-1.107,-0.864,-0.736,-0.686,-2.086,-1.836,-0.514,,,-1.007,busan,2026-08-25,RKPK,34.5,33.7,33.3,34.0,34.8,33.0,34.5,33.5,,,33.9,0.569,35.155,9,35.0,14,1.009,Asia/Seoul,C
-1.657,-1.029,-0.929,-0.679,-0.671,-2.007,-1.657,-0.6,,,-0.907,busan,2026-08-26,RKPK,33.4,34.7,33.8,34.5,34.4,31.7,33.4,33.6,,,33.8,0.839,34.865,9,34.0,14,0.984,Asia/Seoul,C
-1.507,-0.75,-0.843,-0.571,-0.614,-1.986,-1.507,-0.693,,,-0.771,busan,2026-08-27,RKPK,29.1,30.2,30.3,33.5,31.1,30.6,29.1,31.2,,,31.3,1.254,31.584,9,33.0,14,1.004,Asia/Seoul,C
-1.593,-0.829,-0.957,-0.45,-0.757,-1.993,-1.593,-0.814,,,-0.8,busan,2026-08-28,RKPK,28.1,27.3,27.1,28.9,30.3,28.4,28.1,28.3,,,28.4,0.875,29.376,9,27.0,14,1.072,Asia/Seoul,C
-1.386,-0.8,-1.007,-0.3,-0.507,-1.757,-1.386,-0.721,,,-0.6,busan,2026-08-29,RKPK,31.0,29.4,29.9,30.2,31.3,29.6,31.0,31.2,,,30.7,0.678,31.433,9,32.0,14,1.231,Asia/Seoul,C
-1.207,-0.857,-1.15,-0.4,-0.521,-1.729,-1.207,-0.821,,,-0.55,busan,2026-08-30,RKPK,31.5,31.1,30.9,31.7,32.0,30.5,31.5,31.6,,,31.3,0.427,32.295,9,33.0,14,1.24,Asia/Seoul,C
-1.236,-0.929,-1.221,-0.507,-0.536,-1.921,-1.236,-0.964,,,-0.693,busan,2026-08-31,RKPK,31.0,31.6,31.4,30.3,31.5,30.3,31.0,31.2,,,31.4,0.459,32.167,9,32.0,14,1.217,Asia/Seoul,C
-1.321,-0.943,-1.257,-0.671,-0.521,-2.1,-1.321,-1.071,,,-0.843,busan,2026-09-01,RKPK,30.6,30.5,28.9,31.5,31.4,28.8,30.6,30.2,,,30.8,0.901,31.449,9,32.0,14,1.103,Asia/Seoul,C
-1.414,-1.086,-1.529,-0.7,-0.557,-2.286,-1.414,-1.207,,,-0.943,busan,2026-09-02,RKPK,30.9,32.6,29.4,31.1,32.5,30.8,30.9,31.0,,,31.7,0.915,32.443,9,32.0,14,1.032,Asia/Seoul,C
-1.357,-0.971,-1.664,-0.686,-0.486,-2.286,-1.357,-1.229,,,-0.886,busan,2026-09-03,RKPK,29.3,28.5,28.6,29.9,31.0,27.9,29.3,29.6,,,29.0,0.849,30.434,9,31.0,14,1.036,Asia/Seoul,C
-1.371,-1.164,-1.779,-0.721,-0.457,-2.393,-1.371,-1.286,,,-1.021,busan,2026-09-04,RKPK,26.8,27.5,27.7,27.0,27.9,26.8,26.8,27.6,,,28.3,0.52,28.674,9,29.0,14,1.034,Asia/Seoul,C
-1.386,-1.136,-1.621,-0.793,-0.35,-2.221,-1.386,-1.129,,,-0.936,busan,2026-09-05,RKPK,28.0,26.4,28.0,29.0,28.8,27.3,28.0,28.0,,,28.1,0.721,29.148,9,29.0,14,0.983,Asia/Seoul,C
-1.257,-1.186,-1.457,-0.614,-0.179,-2.029,-1.257,-0.993,,,-0.757,busan,2026-09-06,RKPK,27.4,27.5,28.2,28.7,28.5,27.4,27.4,27.9,,,28.0,0.472,28.966,9,29.0,14,0.892,Asia/Seoul,C
-1.257,-1.221,-1.436,-0.557,-0.15,-1.914,-1.257,-0.957,,,-0.771,busan,2026-09-07,RKPK,27.6,27.5,28.7,28.3,27.8,27.6,27.6,28.5,,,28.7,0.481,29.087,9,29.0,14,0.892,Asia/Seoul,C
-1.271,-1.321,-1.486,-0.6,-0.264,-1.879,-1.271,-0.971,,,-0.829,busan,2026-09-08,RKPK,27.9,27.8,29.1,29.9,29.6,28.3,27.9,29.0,,,29.4,0.76,29.82,9,30.0,14,0.855,Asia/Seoul,C
-1.386,-1.386,-1.429,-0.536,-0.279,-1.857,-1.386,-0.936,,,-0.793,busan,2026-09-09,RKPK,25.0,24.0,25.5,26.2,25.4,25.0,25.0,27.2,,,25.5,0.839,26.463,9,26.0,14,0.855,Asia/Seoul,C
-1.414,-1.579,-1.45,-0.557,-0.35,-1.764,-1.414,-0.821,,,-0.814,busan,2026-09-10,RKPK,24.5,24.7,25.8,26.0,26.2,24.7,24.5,26.8,,,25.8,0.807,26.535,9,27.0,14,0.832,Asia/Seoul,C
-1.314,-1.543,-1.343,-0.664,-0.271,-1.757,-1.314,-0.707,,,-0.779,busan,2026-09-11,RKPK,27.3,28.0,29.1,28.3,29.1,26.6,27.3,29.5,,,27.5,0.937,29.176,9,29.0,14,0.752,Asia/Seoul,C
-1.514,-1.636,-1.343,-0.85,-0.5,-2.029,-1.514,-0.764,,,-0.986,busan,2026-09-12,RKPK,27.9,28.0,29.2,28.8,29.4,26.9,27.9,30.9,,,27.7,1.121,29.74,9,30.0,14,0.5,Asia/Seoul,C
-1.593,-1.593,-1.25,-0.807,-0.493,-2.079,-1.593,-0.643,,,-1.057,busan,2026-09-13,RKPK,27.9,30.7,31.3,30.5,30.6,28.3,27.9,31.9,,,29.5,1.42,31.051,9,30.0,14,0.5,Asia/Seoul,C
-1.636,-1.407,-1.007,-0.679,-0.379,-2.021,-1.636,-0.407,,,-0.971,busan,2026-09-14,RKPK,27.7,29.6,30.7,30.5,30.9,27.8,27.7,30.8,,,29.0,1.319,30.519,9,31.0,14,0.5,Asia/Seoul,C
-1.8,-1.479,-0.986,-0.593,-0.35,-2.129,-1.8,-0.364,,,-1.071,busan,2026-09-15,RKPK,27.5,24.8,28.2,28.8,29.2,26.8,27.5,32.0,,,27.8,1.835,29.105,9,29.0,14,0.5,Asia/Seoul,C
-1.807,-1.671,-0.821,-0.571,-0.293,-2.057,-1.807,-0.021,,,-1.071,busan,2026-09-16,RKPK,26.4,27.1,27.8,27.4,28.2,26.5,26.4,29.8,,,27.6,1.025,28.562,9,29.0,14,0.5,Asia/Seoul,C
-1.914,-1.85,-0.721,-0.621,-0.386,-2.15,-1.914,0.107,,,-1.15,busan,2026-09-17,RKPK,25.5,25.7,27.0,27.1,27.2,26.0,25.5,28.5,,,26.3,0.944,27.679,9,28.0,14,0.5,Asia/Seoul,C
-1.971,-1.836,-0.621,-0.607,-0.443,-2.071,-1.971,0.243,,,-1.129,busan,2026-09-18,RKPK,23.3,25.0,24.9,26.0,24.7,24.1,23.3,26.0,,,24.7,0.93,25.786,9,27.0,14,0.5,Asia/Seoul,C
-2.079,-1.871,-0.679,-0.536,-0.529,-2.121,-2.079,0.271,,,-1.243,busan,2026-09-19,RKPK,25.1,26.6,27.6,26.0,26.9,26.3,25.1,28.1,,,26.7,0.954,27.728,9,28.0,14,0.515,Asia/Seoul,C
-2.214,-1.786,-0.636,-0.679,-0.593,-2.121,-2.214,0.35,,,-1.271,busan,2026-09-20,RKPK,26.4,27.2,27.8,28.2,27.9,26.6,26.4,29.8,,,27.5,1.019,28.738,9,28.0,14,0.518,Asia/Seoul,C
-2.214,-1.736,-0.593,-0.643,-0.564,-2.107,-2.214,0.557,,,-1.236,busan,2026-09-21,RKPK,26.4,27.6,28.5,28.3,28.4,26.5,26.4,30.0,,,27.4,1.14,28.909,9,28.0,14,0.554,Asia/Seoul,C
-2.229,-1.657,-0.536,-0.571,-0.45,-2.114,-2.229,0.736,,,-1.257,busan,2026-09-22,RKPK,25.8,26.2,27.4,27.4,28.0,26.2,25.8,28.7,,,26.9,0.963,28.075,9,28.0,14,0.605,Asia/Seoul,C
-2.236,-1.629,-0.514,-0.607,-0.421,-2.121,-2.236,0.857,,,-1.293,busan,2026-09-23,RKPK,26.4,27.7,28.2,28.2,29.0,25.4,26.4,30.4,,,26.3,1.488,28.701,9,28.0,14,0.603,Asia/Seoul,C
-0.54,-0.92,-1.02,-0.42,5.36,-0.06,-0.96,0.76,,,1.08,lucknow,2026-07-01,VILK,32.6,30.5,31.0,31.5,36.9,34.0,31.3,35.5,,,33.9,2.077,32.603,9,33.0,0,1.2,Asia/Kolkata,C
-0.517,-1.183,-1.183,-0.6,5.117,0.117,-1.083,1.05,,,1.05,lucknow,2026-07-02,VILK,33.0,34.1,33.4,33.3,37.3,33.3,33.1,36.6,,,33.0,1.552,33.807,9,34.0,0,1.2,Asia/Kolkata,C
-0.586,-1.0,-1.1,-0.614,4.857,-0.0,-1.057,1.271,,,0.757,lucknow,2026-07-03,VILK,35.2,34.6,35.2,35.6,40.7,35.5,34.6,38.5,,,36.0,1.931,35.902,9,36.0,0,1.2,Asia/Kolkata,C
-0.612,-1.05,-1.063,-0.588,4.837,-0.063,-1.1,1.425,,,0.662,lucknow,2026-07-04,VILK,35.8,36.7,35.8,37.5,39.3,38.0,35.1,39.3,,,36.7,1.428,36.795,9,36.0,8,1.06,Asia/Kolkata,C
-0.567,-0.856,-0.967,-0.356,4.667,0.167,-1.078,1.633,,,0.667,lucknow,2026-07-05,VILK,36.1,35.4,35.9,38.6,40.6,37.8,34.5,37.7,,,38.2,1.781,36.787,9,38.0,9,1.034,Asia/Kolkata,C
-0.7,-1.03,-1.08,-0.26,4.46,0.13,-1.32,1.44,,,0.62,lucknow,2026-07-06,VILK,34.4,35.6,34.6,38.0,38.5,36.4,34.6,36.6,,,37.7,1.478,35.889,9,36.0,10,1.053,Asia/Kolkata,C
-0.782,-0.973,-1.109,-0.055,4.282,0.155,-1.327,1.364,,,0.718,lucknow,2026-07-07,VILK,33.5,32.7,32.9,34.4,35.8,33.0,32.4,32.8,,,35.9,1.265,33.515,9,34.0,11,1.004,Asia/Kolkata,C
-0.758,-1.0,-1.108,-0.017,4.075,0.058,-1.35,1.15,,,0.817,lucknow,2026-07-08,VILK,31.4,32.1,30.5,30.5,35.2,32.8,30.4,29.0,,,32.9,1.731,31.618,9,33.0,12,0.972,Asia/Kolkata,C
-0.823,-0.992,-1.215,-0.208,3.931,0.038,-1.446,0.754,,,0.746,lucknow,2026-07-09,VILK,31.1,29.8,30.4,30.3,35.5,31.0,29.1,27.9,,,32.2,2.025,30.934,9,31.0,13,1.009,Asia/Kolkata,C
-0.757,-1.007,-1.171,-0.243,3.971,0.036,-1.479,0.479,,,0.779,lucknow,2026-07-10,VILK,31.6,31.1,31.7,31.6,37.5,31.5,29.4,29.5,,,30.9,2.231,31.798,9,32.0,14,0.973,Asia/Kolkata,C
-0.679,-0.986,-1.029,-0.293,4.15,0.036,-1.636,0.3,,,0.693,lucknow,2026-07-11,VILK,34.1,33.4,33.9,34.7,38.0,33.7,30.9,31.7,,,33.8,1.872,33.929,9,34.0,14,0.967,Asia/Kolkata,C
-0.536,-0.936,-0.914,-0.107,4.157,0.021,-1.779,0.171,,,0.671,lucknow,2026-07-12,VILK,35.1,35.1,35.2,38.0,39.7,35.6,33.6,37.3,,,35.0,1.78,35.917,9,35.0,14,0.955,Asia/Kolkata,C
-0.629,-0.943,-0.957,0.1,4.0,-0.014,-1.771,0.236,,,0.536,lucknow,2026-07-13,VILK,35.7,35.9,35.9,39.2,41.5,36.3,36.9,38.4,,,36.2,1.865,37.107,9,36.0,14,0.904,Asia/Kolkata,C
-0.479,-0.729,-0.736,0.4,4.136,0.093,-1.614,0.35,,,0.564,lucknow,2026-07-14,VILK,35.9,36.0,35.9,39.4,41.8,36.9,37.4,37.2,,,35.9,1.896,37.023,9,37.0,14,0.904,Asia/Kolkata,C
-0.679,-0.857,-0.907,0.543,3.807,0.057,-1.55,0.214,,,0.236,lucknow,2026-07-15,VILK,34.2,35.0,34.2,34.9,38.9,34.4,30.9,34.8,,,34.5,1.91,34.683,9,35.0,14,0.686,Asia/Kolkata,C
-0.707,-0.679,-0.821,0.643,3.807,-0.057,-1.721,0.021,,,0.136,lucknow,2026-07-16,VILK,33.3,32.7,33.3,34.7,38.2,34.0,29.6,31.8,,,33.3,2.176,33.518,9,33.0,14,0.683,Asia/Kolkata,C
-0.614,-0.707,-0.757,0.814,3.943,0.064,-1.9,-0.25,,,0.229,lucknow,2026-07-17,VILK,34.2,33.2,34.1,34.6,38.9,34.2,33.0,31.4,,,35.3,1.933,34.339,9,35.0,14,0.695,Asia/Kolkata,C
-0.614,-0.736,-0.764,0.814,3.886,0.043,-1.943,-0.686,,,0.25,lucknow,2026-07-18,VILK,33.0,31.4,32.0,33.7,37.7,31.7,31.1,31.7,,,34.3,1.966,32.96,9,31.0,14,0.716,Asia/Kolkata,C
-0.457,-0.757,-0.679,0.9,4.129,-0.05,-1.871,-0.871,,,0.436,lucknow,2026-07-19,VILK,30.2,29.0,30.3,29.2,32.1,30.9,28.9,28.6,,,29.0,1.095,29.831,9,29.0,14,0.861,Asia/Kolkata,C
-0.236,-0.571,-0.436,0.871,4.164,0.1,-1.629,-0.879,,,0.421,lucknow,2026-07-20,VILK,29.5,28.6,28.0,29.5,34.4,28.7,28.7,27.2,,,27.9,1.978,29.035,9,27.0,14,0.829,Asia/Kolkata,C
0.057,-0.429,-0.264,0.907,4.514,0.193,-1.407,-0.907,,,0.364,lucknow,2026-07-21,VILK,31.0,30.2,29.9,29.4,32.8,29.6,28.6,29.0,,,31.7,1.279,30.001,9,31.0,14,0.991,Asia/Kolkata,C
0.093,-0.393,-0.264,0.764,4.514,0.164,-1.464,-0.964,,,0.279,lucknow,2026-07-22,VILK,32.2,32.3,32.3,31.3,36.4,32.4,31.1,30.7,,,31.5,1.579,32.024,9,33.0,14,1.018,Asia/Kolkata,C
0.15,-0.379,-0.136,0.821,4.6,0.136,-1.414,-0.843,,,0.179,lucknow,2026-07-23,VILK,31.8,31.7,31.6,29.6,34.0,32.2,29.1,31.0,,,32.1,1.368,31.213,9,31.0,14,0.984,Asia/Kolkata,C
0.2,-0.243,-0.05,0.771,4.493,0.221,-1.414,-0.621,,,0.171,lucknow,2026-07-24,VILK,31.9,31.6,31.6,30.2,34.7,31.4,32.2,30.5,,,31.9,1.205,31.41,9,32.0,14,0.985,Asia/Kolkata,C
0.221,-0.207,-0.057,0.671,4.293,0.214,-1.214,-0.55,,,0.243,lucknow,2026-07-25,VILK,31.8,33.4,31.5,30.8,34.9,33.3,31.1,32.2,,,34.4,1.381,32.157,9,33.0,14,0.996,Asia/Kolkata,C
0.129,-0.136,-0.157,0.464,4.143,0.257,-1.129,-0.443,,,0.357,lucknow,2026-07-26,VILK,34.4,35.4,34.3,35.2,39.2,34.3,35.0,34.4,,,34.8,1.458,34.778,9,36.0,14,1.021,Asia/Kolkata,C
0.007,-0.186,-0.293,0.193,4.036,0.093,-1.1,-0.721,,,0.271,lucknow,2026-07-27,VILK,32.4,32.1,32.0,31.3,36.1,32.6,32.4,32.9,,,34.5,1.39,32.595,9,33.0,14,1.044,Asia/Kolkata,C
-0.014,-0.243,-0.357,-0.157,3.864,0.043,-1.207,-0.9,,,0.364,lucknow,2026-07-28,VILK,33.4,33.5,33.4,32.9,37.9,33.6,34.4,33.1,,,33.3,1.452,33.744,9,34.0,14,1.007,Asia/Kolkata,C
0.021,-0.207,-0.321,-0.407,3.8,0.021,-1.207,-0.979,,,0.393,lucknow,2026-07-29,VILK,33.8,33.3,33.5,34.6,36.7,35.4,32.4,34.5,,,34.4,1.184,34.061,9,34.0,14,1.009,Asia/Kolkata,C
0.064,-0.257,-0.3,-0.357,3.714,0.164,-1.029,-0.929,,,0.457,lucknow,2026-07-30,VILK,32.8,32.5,32.6,33.0,34.2,33.5,32.8,33.7,,,33.7,0.558,32.903,9,34.0,14,1.006,Asia/Kolkata,C
-0.043,-0.343,-0.421,-0.55,3.357,0.057,-0.871,-0.864,,,0.414,lucknow,2026-07-31,VILK,32.5,31.7,32.7,32.4,34.2,32.2,31.9,33.1,,,33.3,0.729,32.519,9,32.0,14,1.038,Asia/Kolkata,C
0.05,-0.236,-0.307,-0.493,3.236,0.129,-0.736,-0.529,,,0.486,lucknow,2026-08-01,VILK,32.3,33.8,32.3,32.5,36.6,33.6,31.6,33.9,,,34.8,1.455,33.222,9,34.0,14,1.033,Asia/Kolkata,C
-0.214,-0.279,-0.5,-0.793,2.943,0.05,-0.914,-0.586,,,0.307,lucknow,2026-08-02,VILK,32.5,31.8,32.7,33.2,36.7,33.5,31.2,35.0,,,34.8,1.636,33.353,9,34.0,14,0.914,Asia/Kolkata,C
-0.407,-0.436,-0.686,-0.864,2.914,-0.121,-1.107,-0.486,,,0.364,lucknow,2026-08-03,VILK,32.7,32.0,31.9,33.3,36.0,32.9,31.1,31.9,,,31.2,1.402,32.68,9,33.0,14,0.903,Asia/Kolkata,C
-0.607,-0.621,-0.836,-1.021,2.6,-0.25,-1.364,-0.579,,,0.171,lucknow,2026-08-04,VILK,30.4,29.6,30.6,29.0,30.4,28.8,30.1,29.3,,,30.3,0.634,30.172,9,29.0,14,0.726,Asia/Kolkata,C
-0.507,-0.521,-0.643,-0.907,2.571,-0.164,-1.114,-0.414,,,0.214,lucknow,2026-08-05,VILK,30.7,29.8,31.4,29.5,31.8,30.6,29.6,29.4,,,30.8,0.821,30.658,9,31.0,14,0.744,Asia/Kolkata,C
-0.471,-0.557,-0.564,-0.893,2.386,-0.15,-1.079,-0.364,,,0.307,lucknow,2026-08-06,VILK,28.0,29.0,28.3,27.5,28.9,28.2,28.3,28.4,,,30.2,0.724,28.648,9,29.0,14,0.703,Asia/Kolkata,C
-0.6,-0.607,-0.657,-0.9,2.164,-0.293,-0.993,-0.407,,,0.314,lucknow,2026-08-07,VILK,32.4,33.1,32.4,31.7,33.7,32.8,31.4,31.3,,,33.5,0.83,32.768,9,32.0,14,0.707,Asia/Kolkata,C
-0.564,-0.5,-0.6,-0.793,2.093,-0.193,-1.05,-0.35,,,0.429,lucknow,2026-08-08,VILK,32.9,33.2,32.9,32.7,34.0,33.6,31.9,32.3,,,34.3,0.732,33.285,9,32.0,14,0.719,Asia/Kolkata,C
-0.414,-0.443,-0.429,-0.586,2.1,-0.1,-0.921,-0.271,,,0.493,lucknow,2026-08-09,VILK,32.8,33.3,32.7,33.4,35.2,33.9,31.8,33.1,,,32.4,0.916,33.253,9,33.0,14,0.764,Asia/Kolkata,C
-0.314,-0.379,-0.329,-0.5,2.029,0.086,-0.936,-0.15,,,0.536,lucknow,2026-08-10,VILK,32.3,32.7,31.7,33.8,34.9,32.2,30.4,32.4,,,32.6,1.186,32.546,9,32.0,14,0.694,Asia/Kolkata,C
-0.25,-0.264,-0.279,-0.25,2.014,0.129,-1.007,-0.114,,,0.471,lucknow,2026-08-11,VILK,33.1,34.2,33.3,35.3,36.0,34.2,30.2,32.7,,,35.3,1.652,33.772,9,34.0,14,0.701,Asia/Kolkata,C
-0.271,-0.214,-0.286,-0.079,1.879,0.171,-1.307,-0.143,,,0.614,lucknow,2026-08-12,VILK,34.3,35.0,34.5,36.0,38.3,36.0,35.1,34.7,,,36.2,1.168,35.419,9,35.0,14,0.701,Asia/Kolkata,C
-0.307,-0.164,-0.286,-0.05,1.921,0.143,-1.186,-0.2,,,0.671,lucknow,2026-08-13,VILK,33.2,33.7,33.3,35.5,37.3,35.7,35.3,35.9,,,36.4,1.355,34.822,9,35.0,14,0.709,Asia/Kolkata,C
-0.35,-0.15,-0.307,0.057,2.071,0.229,-1.079,-0.114,,,0.793,lucknow,2026-08-14,VILK,32.5,32.6,32.7,33.0,34.2,31.6,31.4,31.8,,,35.0,1.124,32.648,9,34.0,14,0.648,Asia/Kolkata,C
-0.493,-0.229,-0.45,-0.043,1.929,0.043,-1.257,-0.35,,,0.771,lucknow,2026-08-15,VILK,33.3,34.2,33.8,35.8,34.9,34.3,30.8,33.4,,,33.9,1.293,33.851,9,35.0,14,0.728,Asia/Kolkata,C
-0.493,-0.271,-0.414,0.121,1.736,0.021,-1.386,-0.457,,,0.636,lucknow,2026-08-16,VILK,30.0,30.1,30.2,30.8,33.9,29.4,30.5,29.8,,,31.7,1.286,30.734,9,31.0,14,0.763,Asia/Kolkata,C
-0.457,-0.179,-0.379,0.164,1.75,-0.057,-1.221,-0.614,,,0.629,lucknow,2026-08-17,VILK,29.0,29.4,27.9,27.2,31.4,27.4,29.2,27.1,,,28.6,1.297,28.723,9,28.0,14,0.746,Asia/Kolkata,C
-0.364,-0.007,-0.307,0.086,1.779,-0.093,-1.0,-0.6,,,0.8,lucknow,2026-08-18,VILK,30.9,30.8,31.0,29.6,28.0,28.8,29.0,29.4,,,31.4,1.117,29.967,9,30.0,14,0.766,Asia/Kolkata,C
-0.4,0.007,-0.35,0.057,1.536,-0.164,-1.15,-0.664,,,0.807,lucknow,2026-08-19,VILK,32.4,32.2,32.4,31.6,33.7,32.2,29.9,31.1,,,33.2,1.057,32.229,9,32.0,14,0.699,Asia/Kolkata,C
-0.35,0.107,-0.35,0.136,1.6,-0.121,-1.2,-0.614,,,0.907,lucknow,2026-08-20,VILK,32.4,33.0,32.4,32.2,33.3,32.4,31.0,31.9,,,33.1,0.659,32.451,9,32.0,14,0.696,Asia/Kolkata,C
-0.25,0.179,-0.271,0.257,1.7,-0.036,-1.221,-0.579,,,0.9,lucknow,2026-08-21,VILK,32.8,33.4,31.8,33.2,36.1,34.3,30.8,32.4,,,34.5,1.485,33.18,9,35.0,14,0.7,Asia/Kolkata,C
-0.436,-0.014,-0.529,0.15,1.657,-0.143,-1.479,-0.714,,,0.757,lucknow,2026-08-22,VILK,32.4,30.8,32.3,31.3,36.0,31.3,27.3,31.7,,,32.4,2.116,31.993,9,31.0,14,0.827,Asia/Kolkata,C
-0.4,-0.114,-0.5,0.121,1.871,-0.236,-1.736,-0.686,,,0.693,lucknow,2026-08-23,VILK,32.5,32.9,32.3,30.2,36.1,32.3,30.8,32.2,,,33.3,1.567,32.729,9,33.0,14,0.798,Asia/Kolkata,C
-0.421,-0.143,-0.529,-0.107,1.936,-0.35,-1.807,-0.75,,,0.757,lucknow,2026-08-24,VILK,31.5,32.5,31.2,29.3,35.5,32.8,30.4,32.5,,,33.9,1.747,32.347,9,33.0,14,0.798,Asia/Kolkata,C
-0.55,-0.229,-0.636,-0.5,1.907,-0.379,-1.879,-0.814,,,0.779,lucknow,2026-08-25,VILK,30.0,29.5,28.4,29.7,32.2,29.6,28.3,30.0,,,33.0,1.481,30.262,9,30.0,14,0.804,Asia/Kolkata,C
-0.486,-0.279,-0.7,-0.614,1.921,-0.421,-1.729,-0.721,,,0.9,lucknow,2026-08-26,VILK,31.1,30.7,31.1,30.1,34.5,30.2,30.1,31.7,,,33.8,1.524,31.692,9,31.0,14,0.805,Asia/Kolkata,C
-0.429,-0.3,-0.657,-0.75,1.936,-0.55,-1.8,-0.65,,,1.014,lucknow,2026-08-27,VILK,31.2,31.6,31.4,29.5,33.0,30.4,29.2,29.9,,,33.0,1.317,31.369,9,32.0,14,0.818,Asia/Kolkata,C
-0.357,-0.236,-0.579,-0.964,1.843,-0.714,-2.021,-0.864,,,0.986,lucknow,2026-08-28,VILK,31.6,32.4,31.6,29.9,32.9,31.4,29.4,30.7,,,32.9,1.17,31.818,9,32.0,14,0.834,Asia/Kolkata,C
-0.279,-0.107,-0.514,-1.043,1.893,-0.586,-2.021,-0.8,,,0.979,lucknow,2026-08-29,VILK,32.4,32.0,32.4,29.5,34.7,29.8,29.6,32.1,,,32.0,1.602,32.017,9,33.0,14,0.753,Asia/Kolkata,C
-0.2,-0.121,-0.471,-1.35,2.021,-0.764,-1.964,-0.75,,,0.986,lucknow,2026-08-30,VILK,32.0,31.7,31.7,30.2,34.6,31.5,29.0,32.0,,,33.5,1.539,32.119,9,32.0,14,0.736,Asia/Kolkata,C
-0.129,-0.079,-0.436,-1.464,2.0,-0.686,-2.143,-0.664,,,1.043,lucknow,2026-08-31,VILK,31.4,30.6,31.2,29.8,34.6,30.3,27.9,30.2,,,30.5,1.669,31.113,9,30.0,14,0.734,Asia/Kolkata,C
-0.1,-0.136,-0.343,-1.421,2.086,-0.621,-2.379,-0.586,,,1.036,lucknow,2026-09-01,VILK,30.4,29.3,30.7,27.9,31.3,30.6,27.9,30.1,,,30.7,1.173,30.189,9,30.0,14,0.768,Asia/Kolkata,C
-0.136,-0.243,-0.364,-1.543,2.321,-0.493,-2.457,-0.536,,,0.986,lucknow,2026-09-02,VILK,29.0,28.0,28.6,28.4,29.0,29.4,28.7,28.8,,,29.7,0.481,28.998,9,30.0,14,0.769,Asia/Kolkata,C
-0.236,-0.4,-0.493,-1.629,2.129,-0.55,-2.4,-0.557,,,0.879,lucknow,2026-09-03,VILK,29.7,28.9,29.0,27.9,29.9,29.6,28.8,29.0,,,30.9,0.797,29.61,9,30.0,14,0.812,Asia/Kolkata,C
-0.286,-0.55,-0.593,-1.793,2.029,-0.607,-2.414,-0.621,,,0.864,lucknow,2026-09-04,VILK,31.1,30.9,29.9,30.1,30.8,30.4,29.9,30.4,,,31.4,0.506,30.934,9,31.0,14,0.81,Asia/Kolkata,C
-0.121,-0.443,-0.443,-1.729,1.936,-0.6,-2.193,-0.479,,,0.929,lucknow,2026-09-05,VILK,31.1,31.1,30.6,30.6,32.4,31.1,30.2,30.9,,,31.5,0.595,31.337,9,32.0,14,0.648,Asia/Kolkata,C
-0.286,-0.493,-0.636,-1.85,1.607,-0.686,-2.057,-0.607,,,0.793,lucknow,2026-09-06,VILK,30.3,30.6,29.3,30.4,31.6,29.7,29.3,29.9,,,31.5,0.799,30.673,9,31.0,14,0.617,Asia/Kolkata,C
-0.3,-0.514,-0.707,-1.693,1.429,-0.729,-2.021,-0.629,,,0.807,lucknow,2026-09-07,VILK,30.8,28.6,30.6,30.0,31.4,27.8,29.3,29.4,,,30.2,1.067,30.295,9,31.0,14,0.619,Asia/Kolkata,C
-0.207,-0.65,-0.607,-1.5,1.279,-0.943,-1.957,-0.707,,,0.686,lucknow,2026-09-08,VILK,31.5,30.8,31.6,31.9,33.0,31.0,30.0,31.3,,,31.0,0.78,31.823,9,32.0,14,0.623,Asia/Kolkata,C
-0.243,-0.7,-0.521,-1.486,1.193,-0.986,-1.979,-0.757,,,0.4,lucknow,2026-09-09,VILK,32.8,33.6,32.7,33.8,34.6,34.4,32.8,32.0,,,32.2,0.877,33.701,9,34.0,14,0.621,Asia/Kolkata,C
-0.336,-0.707,-0.621,-1.436,0.986,-0.9,-2.0,-0.95,,,0.071,lucknow,2026-09-10,VILK,31.5,32.7,31.3,28.5,34.6,32.8,28.8,31.2,,,33.5,1.913,32.385,9,34.0,14,0.598,Asia/Kolkata,C
-0.457,-0.771,-0.771,-1.65,0.957,-0.871,-2.171,-1.0,,,-0.036,lucknow,2026-09-11,VILK,30.6,31.0,30.6,32.9,32.7,31.3,29.7,30.3,,,31.8,1.018,31.831,9,30.0,14,0.718,Asia/Kolkata,C
-0.386,-0.729,-0.7,-1.293,1.086,-0.736,-2.007,-0.886,,,0.029,lucknow,2026-09-12,VILK,31.8,32.7,31.8,33.3,33.0,33.0,30.6,31.7,,,32.2,0.807,32.781,9,33.0,14,0.868,Asia/Kolkata,C
-0.429,-0.679,-0.743,-1.021,0.964,-0.507,-1.936,-0.914,,,0.043,lucknow,2026-09-13,VILK,32.0,32.9,32.0,34.2,32.7,33.8,30.0,32.2,,,33.2,1.159,33.046,9,33.0,14,0.829,Asia/Kolkata,C
-0.5,-0.664,-0.793,-0.807,0.757,-0.414,-1.936,-0.971,,,-0.05,lucknow,2026-09-14,VILK,31.1,32.2,30.7,33.4,33.8,32.1,30.3,31.5,,,33.3,1.181,32.508,9,32.0,14,0.829,Asia/Kolkata,C
-0.664,-0.693,-0.971,-0.693,0.557,-0.429,-1.907,-1.021,,,0.007,lucknow,2026-09-15,VILK,31.8,32.7,31.9,32.9,33.9,33.6,30.7,32.2,,,33.8,1.007,33.194,9,33.0,14,0.785,Asia/Kolkata,C
-0.779,-0.664,-1.1,-0.55,0.529,-0.429,-1.921,-1.086,,,0.014,lucknow,2026-09-16,VILK,32.0,32.6,31.8,31.8,34.1,32.6,30.4,31.9,,,32.5,0.925,32.894,9,34.0,14,0.785,Asia/Kolkata,C
-0.85,-0.621,-1.157,-0.593,0.607,-0.486,-2.086,-1.15,,,-0.071,lucknow,2026-09-17,VILK,32.4,33.2,32.5,35.9,35.1,33.3,29.9,32.8,,,32.4,1.617,33.726,9,34.0,14,0.795,Asia/Kolkata,C
-0.943,-0.6,-1.193,-0.307,0.693,-0.507,-2.293,-1.164,,,-0.25,lucknow,2026-09-18,VILK,31.8,31.9,31.0,31.2,35.3,32.0,30.0,30.8,,,32.7,1.427,32.646,9,31.0,14,0.792,Asia/Kolkata,C
-0.893,-0.529,-1.114,-0.229,1.014,-0.393,-2.286,-1.136,,,-0.157,lucknow,2026-09-19,VILK,31.0,29.8,31.1,31.5,35.2,32.6,30.5,31.9,,,34.0,1.624,32.482,9,32.0,14,0.906,Asia/Kolkata,C
-0.9,-0.621,-1.079,-0.164,1.214,-0.286,-2.264,-1.064,,,0.021,lucknow,2026-09-20,VILK,32.3,33.3,32.5,32.8,35.1,33.6,30.5,32.0,,,33.6,1.205,33.466,9,33.0,14,0.897,Asia/Kolkata,C
-0.9,-0.571,-0.993,-0.136,1.321,-0.15,-2.321,-1.057,,,0.029,lucknow,2026-09-21,VILK,32.4,33.3,32.3,33.1,34.5,33.5,30.8,32.3,,,34.0,1.039,33.442,9,33.0,14,0.902,Asia/Kolkata,C
-0.929,-0.379,-1.014,-0.057,1.4,0.114,-2.357,-0.993,,,0.157,lucknow,2026-09-22,VILK,32.2,33.5,32.6,33.2,35.4,33.6,32.6,33.1,,,34.8,0.991,33.81,9,33.0,14,0.89,Asia/Kolkata,C
-0.95,-0.257,-1.014,-0.036,1.5,0.229,-2.243,-0.936,,,0.357,lucknow,2026-09-23,VILK,31.4,33.0,31.5,32.0,34.7,33.1,30.6,32.2,,,34.3,1.284,32.869,9,33.0,14,0.914,Asia/Kolkata,C
-1.44,-1.92,-2.1,0.24,-0.88,-0.22,-0.38,-0.08,,,-1.02,chengdu,2026-07-01,ZUUU,30.2,30.1,29.0,30.1,32.4,29.9,28.4,33.2,,,31.1,1.441,31.445,9,32.0,0,1.2,Asia/Shanghai,C
-1.5,-1.917,-2.25,-0.117,-0.667,-0.533,-0.917,0.133,,,-1.0,chengdu,2026-07-02,ZUUU,31.3,31.2,31.0,30.0,32.6,33.3,31.5,33.6,,,32.7,1.126,32.954,9,34.0,0,1.2,Asia/Shanghai,C
-1.671,-2.043,-2.357,-0.671,-0.771,-0.557,-1.143,0.057,,,-1.043,chengdu,2026-07-03,ZUUU,29.5,29.9,29.1,30.0,29.2,30.6,27.5,30.7,,,29.8,0.902,30.849,9,31.0,0,1.2,Asia/Shanghai,C
-1.65,-1.925,-2.3,-0.712,-0.9,-0.538,-1.438,0.013,,,-1.062,chengdu,2026-07-04,ZUUU,33.1,32.7,31.9,32.9,31.5,33.9,30.3,34.2,,,32.6,1.134,33.867,9,34.0,8,1.205,Asia/Shanghai,C
-1.567,-1.856,-2.278,-0.756,-1.078,-0.489,-1.689,0.033,,,-1.1,chengdu,2026-07-05,ZUUU,37.5,35.9,36.6,34.8,33.8,35.4,31.6,36.9,,,33.9,1.746,36.74,9,37.0,9,1.137,Asia/Shanghai,C
-1.36,-1.78,-2.09,-0.9,-1.29,-0.6,-2.06,0.02,,,-1.3,chengdu,2026-07-06,ZUUU,37.5,37.5,36.9,35.0,34.7,36.6,33.9,38.8,,,36.0,1.479,37.796,9,37.0,10,1.082,Asia/Shanghai,C
-1.191,-1.573,-1.909,-1.0,-1.382,-0.582,-2.155,0.182,,,-1.273,chengdu,2026-07-07,ZUUU,37.9,31.1,37.1,37.2,34.3,36.4,32.0,37.0,,,37.2,2.361,36.925,9,37.0,11,1.059,Asia/Shanghai,C
-1.017,-1.933,-1.742,-0.9,-1.492,-0.583,-2.392,0.167,,,-1.15,chengdu,2026-07-08,ZUUU,37.9,38.4,38.1,37.5,35.3,37.3,33.7,38.1,,,37.4,1.469,38.486,9,39.0,12,1.014,Asia/Shanghai,C
-1.023,-1.831,-1.677,-0.946,-1.662,-0.669,-2.615,0.085,,,-1.185,chengdu,2026-07-09,ZUUU,38.7,38.8,38.7,37.2,36.5,37.9,34.9,40.9,,,36.9,1.616,39.257,9,39.0,13,0.985,Asia/Shanghai,C
-0.971,-1.714,-1.579,-1.007,-1.721,-0.7,-2.721,0.214,,,-1.25,chengdu,2026-07-10,ZUUU,37.9,36.6,38.4,36.1,34.9,35.0,31.7,38.5,,,35.8,2.018,37.638,9,36.0,14,0.952,Asia/Shanghai,C
-0.721,-1.529,-1.271,-0.971,-1.679,-0.75,-2.979,0.514,,,-1.293,chengdu,2026-07-11,ZUUU,31.6,31.5,31.3,32.8,31.2,34.1,30.1,32.9,,,35.7,1.618,33.396,9,31.0,14,0.996,Asia/Shanghai,C
-0.679,-1.436,-1.157,-1.014,-1.693,-0.7,-3.229,0.564,,,-1.0,chengdu,2026-07-12,ZUUU,33.0,32.9,32.9,32.1,32.4,35.7,32.6,34.4,,,34.9,1.179,34.497,9,33.0,14,1.174,Asia/Shanghai,C
-0.621,-1.329,-1.1,-1.129,-1.721,-0.5,-3.364,0.657,,,-0.75,chengdu,2026-07-13,ZUUU,35.8,36.3,36.0,37.9,34.6,38.6,35.9,38.2,,,37.1,1.246,37.607,9,38.0,14,1.234,Asia/Shanghai,C
-0.607,-1.229,-1.007,-1.05,-1.8,-0.379,-3.393,0.671,,,-0.6,chengdu,2026-07-14,ZUUU,37.7,37.9,37.3,37.8,34.9,37.6,33.9,40.8,,,38.1,1.858,38.337,9,38.0,14,1.094,Asia/Shanghai,C
-0.457,-1.086,-0.836,-1.043,-1.979,-0.264,-3.429,0.871,,,-0.486,chengdu,2026-07-15,ZUUU,37.0,35.9,36.7,36.0,33.8,38.1,36.2,39.4,,,37.2,1.467,37.559,9,38.0,14,0.979,Asia/Shanghai,C
-0.4,-1.1,-0.714,-1.05,-2.307,-0.107,-3.3,0.886,,,-0.479,chengdu,2026-07-16,ZUUU,38.6,37.5,37.7,37.0,32.8,36.7,31.5,37.5,,,36.8,2.268,37.411,9,38.0,14,0.975,Asia/Shanghai,C
-0.164,-0.936,-0.521,-0.836,-2.579,-0.15,-3.586,0.879,,,-0.471,chengdu,2026-07-17,ZUUU,30.9,28.2,30.4,31.8,28.6,29.0,32.6,29.5,,,31.4,1.443,31.032,9,29.0,14,0.947,Asia/Shanghai,C
0.079,-0.914,-0.286,-0.564,-2.479,-0.121,-3.079,0.936,,,-0.214,chengdu,2026-07-18,ZUUU,34.8,34.2,34.7,33.9,32.7,35.2,35.2,32.7,,,33.0,0.967,34.812,9,34.0,14,1.091,Asia/Shanghai,C
0.2,-0.807,-0.086,-0.493,-2.393,-0.029,-2.729,0.829,,,-0.186,chengdu,2026-07-19,ZUUU,37.2,36.9,36.4,36.5,32.4,36.8,37.3,36.5,,,36.8,1.413,36.881,9,37.0,14,1.112,Asia/Shanghai,C
0.179,-0.736,-0.1,-0.371,-2.493,0.071,-2.321,0.8,,,0.021,chengdu,2026-07-20,ZUUU,38.9,38.0,38.5,39.4,33.3,38.1,38.2,40.4,,,38.3,1.852,38.556,9,38.0,14,1.11,Asia/Shanghai,C
0.207,-0.771,-0.057,-0.129,-2.664,0.107,-2.086,0.843,,,0.114,chengdu,2026-07-21,ZUUU,39.6,39.3,39.5,38.6,34.9,38.1,38.5,41.8,,,37.9,1.729,39.164,9,38.0,14,1.099,Asia/Shanghai,C
0.257,-0.257,0.043,-0.1,-2.693,0.157,-1.693,1.114,,,0.093,chengdu,2026-07-22,ZUUU,40.2,39.5,40.0,39.7,35.0,38.2,38.1,41.7,,,37.9,1.797,39.29,9,39.0,14,1.142,Asia/Shanghai,C
0.421,-0.179,0.179,0.057,-2.714,0.221,-1.379,1.371,,,0.129,chengdu,2026-07-23,ZUUU,39.3,39.3,37.9,38.3,35.4,37.8,35.2,39.8,,,37.7,1.537,38.172,9,37.0,14,1.137,Asia/Shanghai,C
0.607,-0.0,0.264,0.279,-2.65,0.357,-1.214,1.436,,,0.329,chengdu,2026-07-24,ZUUU,39.5,39.1,38.6,37.9,35.4,38.9,33.8,41.0,,,38.2,2.056,38.247,9,39.0,14,1.177,Asia/Shanghai,C
0.507,-0.036,0.064,0.193,-2.829,0.421,-1.279,1.4,,,0.286,chengdu,2026-07-25,ZUUU,40.7,39.7,40.0,38.4,36.2,38.9,35.7,42.5,,,38.3,2.005,39.232,9,41.0,14,1.111,Asia/Shanghai,C
0.443,-0.164,-0.029,-0.121,-3.186,0.05,-1.593,1.371,,,-0.243,chengdu,2026-07-26,ZUUU,38.9,38.9,38.6,37.5,34.5,37.5,35.1,41.0,,,37.3,1.88,38.162,9,37.0,14,1.024,Asia/Shanghai,C
0.579,-0.021,0.093,-0.021,-3.321,-0.107,-1.7,1.557,,,-0.357,chengdu,2026-07-27,ZUUU,30.5,31.0,30.0,28.4,28.0,29.4,28.3,31.1,,,29.0,1.116,29.981,9,30.0,14,0.992,Asia/Shanghai,C
0.771,0.171,0.236,-0.129,-3.221,-0.193,-1.671,1.621,,,-0.364,chengdu,2026-07-28,ZUUU,30.2,29.3,29.7,29.0,29.4,30.4,29.8,31.3,,,30.6,0.685,30.193,9,32.0,14,0.986,Asia/Shanghai,C
0.664,-0.014,0.121,-0.329,-3.186,-0.279,-1.536,1.371,,,-0.471,chengdu,2026-07-29,ZUUU,31.6,32.3,31.7,31.4,31.5,34.1,30.7,33.4,,,32.5,1.006,32.447,9,34.0,14,1.095,Asia/Shanghai,C
0.564,0.014,0.05,-0.371,-3.064,-0.279,-1.643,1.229,,,-0.521,chengdu,2026-07-30,ZUUU,27.6,26.9,27.4,26.8,29.0,26.9,26.7,26.3,,,29.8,1.098,27.923,9,28.0,14,1.165,Asia/Shanghai,C
0.493,-0.029,0.029,-0.386,-2.621,-0.264,-1.271,1.143,,,-0.307,chengdu,2026-07-31,ZUUU,28.0,26.3,27.6,25.5,27.2,26.0,26.5,27.1,,,26.8,0.745,27.231,9,27.0,14,1.154,Asia/Shanghai,C
0.429,-0.021,-0.029,-0.693,-2.579,-0.336,-1.564,1.114,,,-0.493,chengdu,2026-08-01,ZUUU,27.3,25.8,26.6,24.0,25.5,25.5,25.9,24.6,,,27.4,1.07,26.426,9,27.0,14,1.02,Asia/Shanghai,C
0.393,-0.121,-0.107,-0.9,-2.593,-0.529,-1.729,1.036,,,-0.393,chengdu,2026-08-02,ZUUU,27.9,26.9,27.2,25.8,23.0,27.7,25.9,26.3,,,30.1,1.812,27.309,9,30.0,14,1.009,Asia/Shanghai,C
0.229,-0.336,-0.264,-1.164,-2.764,-0.679,-2.043,0.807,,,-0.371,chengdu,2026-08-03,ZUUU,31.0,31.4,30.7,31.5,31.0,35.0,33.0,32.0,,,33.3,1.329,32.589,9,34.0,14,1.238,Asia/Shanghai,C
-0.05,-0.521,-0.536,-1.443,-2.643,-0.614,-2.129,0.493,,,-0.443,chengdu,2026-08-04,ZUUU,30.6,31.9,30.6,35.5,30.5,35.3,32.9,33.2,,,33.3,1.811,33.109,9,34.0,14,1.286,Asia/Shanghai,C
-0.407,-0.764,-0.886,-1.379,-2.671,-0.529,-2.243,0.164,,,-0.486,chengdu,2026-08-05,ZUUU,31.2,33.1,31.3,35.1,32.2,35.6,32.9,35.1,,,34.4,1.586,34.09,9,36.0,14,1.27,Asia/Shanghai,C
-0.836,-1.007,-1.293,-1.493,-2.657,-0.5,-2.4,-0.093,,,-0.521,chengdu,2026-08-06,ZUUU,28.9,27.3,27.0,27.5,28.0,31.4,27.3,32.5,,,30.7,1.941,29.993,9,29.0,14,1.367,Asia/Shanghai,C
-1.007,-1.293,-1.5,-1.693,-2.614,-0.386,-2.393,-0.043,,,-0.45,chengdu,2026-08-07,ZUUU,30.4,31.2,30.2,30.7,31.0,32.7,30.9,32.5,,,32.2,0.872,32.461,9,33.0,14,1.357,Asia/Shanghai,C
-1.229,-1.429,-1.671,-1.779,-2.5,-0.4,-2.171,-0.221,,,-0.45,chengdu,2026-08-08,ZUUU,30.3,30.5,30.0,31.5,31.3,33.3,31.2,33.4,,,32.1,1.156,32.649,9,35.0,14,1.349,Asia/Shanghai,C
-1.543,-1.657,-1.957,-1.843,-2.421,-0.371,-2.064,-0.443,,,-0.464,chengdu,2026-08-09,ZUUU,31.6,32.1,31.3,34.5,32.0,34.2,32.5,35.0,,,33.5,1.284,34.175,9,34.0,14,1.412,Asia/Shanghai,C
-1.85,-1.929,-2.264,-1.843,-2.386,-0.393,-2.036,-0.657,,,-0.521,chengdu,2026-08-10,ZUUU,33.5,33.9,32.9,36.2,34.0,36.6,34.2,37.9,,,35.0,1.558,36.246,9,36.0,14,1.378,Asia/Shanghai,C
-2.064,-2.15,-2.486,-1.714,-2.386,-0.307,-2.043,-0.6,,,-0.521,chengdu,2026-08-11,ZUUU,33.6,30.0,32.3,35.2,34.6,33.6,30.2,33.6,,,32.7,1.691,34.539,9,35.0,14,1.379,Asia/Shanghai,C
-2.036,-2.314,-2.514,-1.486,-2.229,-0.293,-2.229,-0.65,,,-0.586,chengdu,2026-08-12,ZUUU,34.1,34.8,33.7,34.0,33.6,36.3,34.5,38.0,,,36.1,1.4,36.535,9,38.0,14,1.298,Asia/Shanghai,C
-2.143,-2.421,-2.657,-1.586,-2.364,-0.421,-2.243,-0.607,,,-0.614,chengdu,2026-08-13,ZUUU,35.3,34.2,34.0,35.7,35.0,36.1,36.4,36.9,,,35.2,0.909,37.061,9,36.0,14,1.291,Asia/Shanghai,C
-2.164,-2.471,-2.757,-1.521,-2.507,-0.336,-2.121,-0.421,,,-0.8,chengdu,2026-08-14,ZUUU,35.4,34.8,34.1,33.8,34.5,36.8,34.8,37.4,,,35.7,1.137,37.006,9,37.0,14,1.321,Asia/Shanghai,C
-2.35,-2.579,-3.007,-1.643,-2.7,-0.279,-2.243,-0.4,,,-0.879,chengdu,2026-08-15,ZUUU,35.2,34.4,34.5,36.4,33.7,35.8,31.9,37.5,,,34.6,1.522,36.782,9,37.0,14,1.32,Asia/Shanghai,C
-2.5,-2.679,-3.157,-1.471,-2.829,-0.257,-2.529,-0.193,,,-1.079,chengdu,2026-08-16,ZUUU,33.2,31.0,32.0,30.3,31.3,31.2,28.0,31.9,,,32.1,1.376,33.47,9,30.0,14,1.312,Asia/Shanghai,C
-2.121,-2.386,-2.814,-1.15,-2.236,-0.007,-2.379,0.207,,,-0.936,chengdu,2026-08-17,ZUUU,24.8,24.7,24.4,26.3,25.4,26.7,27.6,27.8,,,27.8,1.309,27.559,9,27.0,14,1.437,Asia/Shanghai,C
-2.064,-2.364,-2.764,-1.021,-2.136,-0.1,-2.264,0.407,,,-0.829,chengdu,2026-08-18,ZUUU,23.3,21.8,23.0,21.8,21.9,22.9,22.7,22.3,,,24.5,0.827,24.339,9,23.0,14,1.395,Asia/Shanghai,C
-1.8,-2.3,-2.521,-1.214,-1.964,-0.2,-2.207,0.414,,,-0.671,chengdu,2026-08-19,ZUUU,26.8,26.7,26.0,27.4,28.1,26.5,26.9,26.0,,,29.0,0.927,28.508,9,29.0,14,1.42,Asia/Shanghai,C
-1.614,-2.257,-2.4,-1.264,-1.757,-0.35,-2.136,0.264,,,-0.557,chengdu,2026-08-20,ZUUU,27.3,28.7,27.1,28.2,29.7,26.6,27.5,25.1,,,28.8,1.29,29.16,9,31.0,14,1.331,Asia/Shanghai,C
-1.871,-2.3,-2.536,-1.357,-1.779,-0.836,-2.264,-0.407,,,-0.836,chengdu,2026-08-21,ZUUU,29.9,30.7,30.0,31.1,30.7,31.7,30.5,29.0,,,31.5,0.796,32.194,9,32.0,14,1.394,Asia/Shanghai,C
-1.836,-2.264,-2.479,-1.257,-1.729,-0.836,-2.221,-0.586,,,-0.814,chengdu,2026-08-22,ZUUU,30.6,28.4,30.7,31.5,32.5,32.2,28.5,30.0,,,31.8,1.413,32.337,9,32.0,14,1.388,Asia/Shanghai,C
-1.6,-2.2,-2.214,-1.043,-1.429,-0.7,-2.2,-0.614,,,-0.621,chengdu,2026-08-23,ZUUU,31.6,29.6,31.3,31.8,33.6,32.1,31.3,30.7,,,32.9,1.103,33.107,9,32.0,14,1.241,Asia/Shanghai,C
-1.457,-2.236,-2.071,-1.093,-1.171,-0.707,-2.143,-0.779,,,-0.521,chengdu,2026-08-24,ZUUU,33.1,33.7,33.0,33.7,34.4,34.7,30.9,31.5,,,32.8,1.177,34.608,9,37.0,14,1.275,Asia/Shanghai,C
-1.557,-2.321,-2.136,-1.343,-1.214,-0.914,-2.45,-1.307,,,-0.75,chengdu,2026-08-25,ZUUU,34.1,34.6,34.1,36.4,34.9,36.5,35.9,33.8,,,35.6,0.973,36.545,9,36.0,14,1.424,Asia/Shanghai,C
-1.593,-2.064,-2.079,-1.329,-1.264,-0.779,-2.114,-1.364,,,-0.614,chengdu,2026-08-26,ZUUU,32.0,33.5,31.9,31.0,33.7,33.8,31.9,31.9,,,34.6,1.143,34.217,9,36.0,14,1.427,Asia/Shanghai,C
-1.6,-2.014,-2.064,-1.4,-1.114,-0.814,-2.157,-1.657,,,-0.579,chengdu,2026-08-27,ZUUU,32.1,33.6,32.2,34.0,33.6,34.9,33.5,32.0,,,34.8,1.041,34.803,9,36.0,14,1.452,Asia/Shanghai,C
-1.829,-2.057,-2.193,-1.521,-1.214,-0.9,-2.364,-2.007,,,-0.607,chengdu,2026-08-28,ZUUU,31.7,29.7,31.4,28.3,34.6,29.6,28.9,31.9,,,34.7,2.188,32.97,9,35.0,14,1.46,Asia/Shanghai,C
-1.95,-2.279,-2.243,-1.771,-1.064,-1.271,-2.643,-2.257,,,-0.536,chengdu,2026-08-29,ZUUU,29.5,28.6,28.5,29.3,26.0,29.9,31.7,28.4,,,32.3,1.763,31.008,9,31.0,14,1.557,Asia/Shanghai,C
-1.929,-2.264,-2.243,-1.85,-1.186,-1.264,-2.229,-2.479,,,-0.271,chengdu,2026-08-30,ZUUU,31.3,31.3,30.9,33.9,33.4,34.0,32.6,30.3,,,34.0,1.394,34.026,9,33.0,14,1.556,Asia/Shanghai,C
-2.279,-2.457,-2.536,-1.807,-1.25,-1.279,-2.114,-2.807,,,-0.35,chengdu,2026-08-31,ZUUU,32.0,32.6,32.1,35.9,33.3,35.3,34.2,32.0,,,33.5,1.365,35.148,9,35.0,14,1.279,Asia/Shanghai,C
-2.336,-2.464,-2.557,-1.693,-1.257,-1.236,-2.214,-3.079,,,-0.514,chengdu,2026-09-01,ZUUU,31.0,31.7,30.9,33.8,32.6,34.0,33.0,30.6,,,32.8,1.195,34.073,9,34.0,14,1.271,Asia/Shanghai,C
-2.571,-2.543,-2.779,-1.621,-1.279,-1.229,-2.264,-3.271,,,-0.707,chengdu,2026-09-02,ZUUU,31.5,31.5,31.2,33.6,32.1,32.7,32.2,31.3,,,31.5,0.743,33.952,9,33.0,14,1.22,Asia/Shanghai,C
-2.521,-2.486,-2.693,-1.464,-1.279,-1.071,-2.171,-3.179,,,-0.814,chengdu,2026-09-03,ZUUU,29.6,28.9,28.8,30.0,29.7,31.6,30.9,29.6,,,29.4,0.852,31.764,9,28.0,14,1.239,Asia/Shanghai,C
-2.143,-2.257,-2.357,-1.121,-1.064,-0.5,-1.714,-2.643,,,-0.557,chengdu,2026-09-04,ZUUU,30.7,31.3,30.5,31.3,33.0,32.4,32.4,30.9,,,30.5,0.877,33.044,9,34.0,14,1.519,Asia/Shanghai,C
-2.229,-2.357,-2.464,-1.25,-1.043,-0.593,-1.721,-2.65,,,-0.771,chengdu,2026-09-05,ZUUU,31.7,32.3,31.4,34.3,33.3,34.0,34.1,32.4,,,32.0,1.046,34.4,9,34.0,14,1.539,Asia/Shanghai,C
-2.293,-2.221,-2.557,-1.193,-1.129,-0.607,-1.464,-2.621,,,-0.9,chengdu,2026-09-06,ZUUU,33.1,32.6,32.9,33.3,34.2,33.7,35.2,33.5,,,33.1,0.742,35.168,9,35.0,14,1.54,Asia/Shanghai,C
-2.4,-2.221,-2.657,-1.3,-1.3,-0.707,-1.4,-2.636,,,-1.1,chengdu,2026-09-07,ZUUU,33.1,31.2,32.2,31.1,31.5,30.6,31.7,31.9,,,32.5,0.724,33.689,9,32.0,14,1.512,Asia/Shanghai,C
-2.043,-2.043,-2.357,-1.129,-1.15,-0.643,-0.986,-2.25,,,-0.764,chengdu,2026-09-08,ZUUU,28.2,27.7,28.4,29.2,30.7,29.6,28.7,29.1,,,29.9,0.873,30.528,9,29.0,14,1.443,Asia/Shanghai,C
-1.964,-2.036,-2.264,-1.143,-0.95,-0.636,-1.0,-2.086,,,-0.671,chengdu,2026-09-09,ZUUU,24.3,24.9,24.3,25.6,24.7,25.4,24.8,25.0,,,26.5,0.655,26.449,9,27.0,14,1.492,Asia/Shanghai,C
-1.871,-2.007,-2.164,-0.886,-0.95,-0.593,-0.864,-1.936,,,-0.607,chengdu,2026-09-10,ZUUU,22.8,21.8,22.4,21.6,19.4,20.9,22.0,21.5,,,24.2,1.24,23.298,9,23.0,14,1.422,Asia/Shanghai,C
-1.607,-1.921,-1.936,-0.843,-1.036,-0.664,-0.757,-1.757,,,-0.436,chengdu,2026-09-11,ZUUU,22.6,22.7,22.2,23.1,21.3,23.0,24.2,21.9,,,23.9,0.867,23.982,9,23.0,14,1.388,Asia/Shanghai,C
-1.4,-1.564,-1.736,-0.357,-1.129,-0.279,-0.236,-1.614,,,-0.35,chengdu,2026-09-12,ZUUU,22.5,21.7,22.5,22.9,20.1,24.1,24.3,20.4,,,24.5,1.518,23.539,9,22.0,14,1.304,Asia/Shanghai,C
-1.257,-1.414,-1.521,-0.171,-0.907,-0.05,-0.121,-1.543,,,-0.264,chengdu,2026-09-13,ZUUU,22.4,21.5,21.9,24.5,22.8,23.1,23.5,23.5,,,24.9,1.059,23.815,9,26.0,14,1.367,Asia/Shanghai,C
-1.393,-1.614,-1.664,-0.343,-1.164,-0.329,-0.271,-1.529,,,-0.414,chengdu,2026-09-14,ZUUU,21.7,21.5,21.0,23.8,24.2,23.9,25.6,22.7,,,22.9,1.402,23.843,9,22.0,14,1.461,Asia/Shanghai,C
-1.2,-1.479,-1.529,-0.279,-0.886,-0.214,0.043,-1.264,,,-0.243,chengdu,2026-09-15,ZUUU,20.7,20.3,20.2,20.9,18.2,21.2,22.1,19.8,,,22.5,1.199,21.447,9,21.0,14,1.542,Asia/Shanghai,C
-1.007,-1.364,-1.364,-0.271,-0.986,-0.2,0.193,-1.107,,,-0.05,chengdu,2026-09-16,ZUUU,23.5,22.3,23.1,24.7,22.3,24.8,24.2,23.0,,,25.4,1.062,24.355,9,26.0,14,1.546,Asia/Shanghai,C
-1.079,-1.521,-1.443,-0.407,-1.186,-0.264,0.121,-1.2,,,0.014,chengdu,2026-09-17,ZUUU,25.3,24.4,24.7,26.5,24.4,24.4,24.2,23.5,,,25.5,0.827,25.652,9,26.0,14,1.587,Asia/Shanghai,C
-1.243,-1.7,-1.593,-0.514,-1.421,-0.636,-0.214,-1.493,,,-0.121,chengdu,2026-09-18,ZUUU,24.2,24.3,23.8,24.0,23.2,24.5,23.8,22.5,,,25.7,0.833,25.105,9,24.0,14,1.231,Asia/Shanghai,C
-0.993,-1.486,-1.357,-0.321,-1.407,-0.486,-0.114,-1.379,,,0.25,chengdu,2026-09-19,ZUUU,23.0,22.6,22.5,24.0,21.6,22.0,24.5,22.4,,,25.5,1.206,23.89,9,23.0,14,1.24,Asia/Shanghai,C
-0.829,-1.393,-1.207,-0.271,-1.457,-0.557,-0.014,-1.307,,,0.571,chengdu,2026-09-20,ZUUU,26.3,26.1,26.1,26.2,23.4,23.7,25.4,24.0,,,26.4,1.163,26.173,9,27.0,14,1.258,Asia/Shanghai,C
-0.743,-1.286,-1.121,-0.207,-1.657,-0.7,-0.143,-1.414,,,0.664,chengdu,2026-09-21,ZUUU,26.6,27.0,26.3,27.3,26.6,26.0,26.9,26.0,,,28.1,0.631,27.517,9,29.0,14,1.277,Asia/Shanghai,C
-0.993,-1.371,-1.329,-0.264,-1.793,-0.814,-0.271,-1.621,,,0.564,chengdu,2026-09-22,ZUUU,25.4,24.8,25.4,25.0,22.6,25.1,24.3,24.4,,,26.6,1.018,25.825,9,26.0,14,1.258,Asia/Shanghai,C
-0.979,-1.364,-1.329,-0.35,-2.157,-0.921,-0.371,-1.743,,,0.543,chengdu,2026-09-23,ZUUU,26.2,26.0,25.8,27.4,26.7,28.7,24.9,26.5,,,26.7,1.006,27.529,9,28.0,14,1.191,Asia/Shanghai,C
0.66,-0.5,-0.46,0.06,1.74,-0.1,-0.04,-0.26,,,0.8,shenzhen,2026-07-01,ZGSZ,32.9,31.2,31.1,33.0,34.0,32.3,32.6,32.6,,,33.3,0.881,32.259,9,32.0,0,1.2,Asia/Shanghai,C
0.7,-0.55,-0.533,0.217,1.783,-0.033,0.067,-0.117,,,0.883,shenzhen,2026-07-02,ZGSZ,33.3,33.2,32.5,33.1,34.9,32.4,31.2,32.9,,,34.2,1.0,32.854,9,35.0,0,1.2,Asia/Shanghai,C
0.357,-0.729,-0.814,-0.086,1.514,-0.4,-0.486,-0.4,,,0.643,shenzhen,2026-07-03,ZGSZ,32.2,31.5,30.8,32.5,34.0,31.3,30.7,31.1,,,34.0,1.2,32.04,9,34.0,0,1.2,Asia/Shanghai,C
0.087,-0.95,-1.112,-0.263,1.325,-0.688,-0.838,-0.712,,,0.562,shenzhen,2026-07-04,ZGSZ,28.6,28.7,28.5,30.5,31.5,29.7,30.2,28.4,,,31.6,1.205,29.873,9,32.0,8,1.176,Asia/Shanghai,C
-0.3,-1.211,-1.378,-0.4,1.122,-0.867,-0.944,-1.033,,,0.456,shenzhen,2026-07-05,ZGSZ,32.1,31.8,31.5,32.0,32.2,31.1,31.0,31.7,,,32.8,0.529,32.331,9,32.0,9,1.316,Asia/Shanghai,C
-0.26,-1.11,-1.29,-0.36,1.03,-0.87,-0.95,-0.96,,,0.49,shenzhen,2026-07-06,ZGSZ,31.4,29.1,30.3,30.8,31.3,29.2,30.0,29.4,,,30.5,0.816,30.779,9,31.0,10,1.253,Asia/Shanghai,C
-0.2,-1.182,-1.236,-0.345,0.964,-0.955,-0.955,-1.018,,,0.4,shenzhen,2026-07-07,ZGSZ,28.3,28.1,28.8,30.5,29.8,28.4,29.3,28.7,,,29.4,0.739,29.422,9,28.0,11,1.197,Asia/Shanghai,C
-0.158,-1.075,-1.067,-0.108,1.033,-0.842,-0.767,-0.875,,,0.483,shenzhen,2026-07-08,ZGSZ,31.2,30.3,30.6,30.0,32.1,30.4,29.7,29.0,,,31.3,0.875,31.012,9,30.0,12,1.217,Asia/Shanghai,C
-0.054,-0.969,-0.938,-0.1,1.115,-0.746,-0.731,-0.885,,,0.546,shenzhen,2026-07-09,ZGSZ,32.1,31.4,31.1,31.2,32.6,30.7,30.2,31.9,,,32.5,0.769,31.877,9,32.0,13,1.203,Asia/Shanghai,C
-0.043,-0.943,-0.936,-0.15,1.079,-0.786,-0.807,-0.829,,,0.543,shenzhen,2026-07-10,ZGSZ,32.6,31.8,31.7,31.1,34.3,30.7,31.0,31.8,,,33.3,1.106,32.429,9,32.0,14,1.159,Asia/Shanghai,C
0.014,-0.807,-0.793,-0.25,1.121,-0.843,-0.879,-0.736,,,0.693,shenzhen,2026-07-11,ZGSZ,34.3,33.1,33.2,33.8,35.6,33.2,33.7,34.5,,,35.9,0.974,34.361,9,34.0,14,1.153,Asia/Shanghai,C
0.014,-0.864,-0.836,-0.257,1.043,-0.871,-0.921,-0.757,,,0.779,shenzhen,2026-07-12,ZGSZ,34.6,33.2,33.0,33.9,36.3,32.5,33.3,34.5,,,35.8,1.22,34.396,9,32.0,14,1.151,Asia/Shanghai,C
0.15,-0.729,-0.736,-0.064,1.307,-0.829,-0.821,-0.514,,,1.0,shenzhen,2026-07-13,ZGSZ,34.4,33.0,33.0,32.8,35.2,33.1,30.4,34.3,,,35.2,1.414,33.718,9,32.0,14,1.317,Asia/Shanghai,C
0.164,-0.729,-0.757,-0.071,1.35,-0.829,-0.95,-0.357,,,1.079,shenzhen,2026-07-14,ZGSZ,30.0,29.8,28.8,27.6,30.3,29.5,28.0,28.5,,,30.5,0.98,29.468,9,31.0,14,1.343,Asia/Shanghai,C
0.071,-0.771,-0.864,-0.3,1.221,-0.893,-1.121,-0.55,,,0.95,shenzhen,2026-07-15,ZGSZ,29.1,28.3,28.8,28.7,28.0,27.7,28.9,28.1,,,29.2,0.497,28.791,9,29.0,14,1.404,Asia/Shanghai,C
0.014,-0.764,-0.814,-0.393,1.007,-1.007,-1.171,-0.657,,,0.871,shenzhen,2026-07-16,ZGSZ,28.1,28.4,28.5,29.6,31.5,28.1,28.7,27.6,,,29.2,1.093,29.119,9,28.0,14,1.404,Asia/Shanghai,C
0.143,-0.607,-0.6,-0.143,1.264,-0.814,-0.85,-0.536,,,1.014,shenzhen,2026-07-17,ZGSZ,30.2,28.8,29.5,30.3,30.9,28.7,30.1,29.2,,,30.2,0.709,29.871,9,30.0,14,1.316,Asia/Shanghai,C
0.286,-0.514,-0.407,-0.014,1.329,-0.714,-0.607,-0.386,,,1.029,shenzhen,2026-07-18,ZGSZ,31.2,29.4,29.4,31.6,33.0,29.9,29.2,30.5,,,30.9,1.18,30.556,9,30.0,14,1.207,Asia/Shanghai,C
0.614,-0.321,-0.2,0.207,1.579,-0.557,-0.536,-0.093,,,1.121,shenzhen,2026-07-19,ZGSZ,31.5,30.4,30.7,31.3,32.4,29.9,30.4,30.8,,,32.3,0.816,30.863,9,31.0,14,1.076,Asia/Shanghai,C
0.643,-0.35,-0.186,0.229,1.664,-0.571,-0.507,-0.086,,,1.157,shenzhen,2026-07-20,ZGSZ,29.7,29.6,29.4,28.6,30.6,29.2,28.9,29.2,,,29.6,0.535,29.24,9,30.0,14,1.073,Asia/Shanghai,C
0.593,-0.243,-0.179,0.143,1.686,-0.5,-0.514,-0.029,,,1.164,shenzhen,2026-07-21,ZGSZ,29.9,29.0,29.0,30.0,32.0,30.3,30.1,30.1,,,29.2,0.866,29.654,9,31.0,14,1.09,Asia/Shanghai,C
0.493,-0.393,-0.379,-0.107,1.629,-0.579,-0.671,-0.143,,,0.936,shenzhen,2026-07-22,ZGSZ,31.9,31.4,31.0,31.6,32.5,31.6,31.3,31.7,,,32.8,0.54,31.619,9,32.0,14,1.083,Asia/Shanghai,C
0.4,-0.457,-0.493,-0.136,1.514,-0.636,-0.7,-0.093,,,0.9,shenzhen,2026-07-23,ZGSZ,32.6,31.5,31.2,32.4,34.2,31.7,31.9,33.0,,,34.3,1.058,32.413,9,32.0,14,1.054,Asia/Shanghai,C
0.436,-0.45,-0.486,-0.05,1.629,-0.564,-0.579,-0.014,,,1.029,shenzhen,2026-07-24,ZGSZ,33.5,32.6,32.6,33.1,35.4,32.4,32.7,33.9,,,35.2,1.069,33.334,9,33.0,14,1.059,Asia/Shanghai,C
0.429,-0.464,-0.493,0.021,1.636,-0.514,-0.529,0.064,,,1.093,shenzhen,2026-07-25,ZGSZ,34.5,35.4,34.9,34.3,35.6,34.2,30.0,34.3,,,35.9,1.645,34.35,9,36.0,14,1.057,Asia/Shanghai,C
0.3,-0.443,-0.514,-0.086,1.493,-0.586,-0.936,-0.093,,,0.95,shenzhen,2026-07-26,ZGSZ,27.7,27.5,28.3,26.7,28.3,29.2,28.5,28.6,,,28.6,0.699,28.092,9,29.0,14,1.141,Asia/Shanghai,C
0.021,-0.636,-0.636,-0.386,1.136,-0.607,-1.064,-0.3,,,0.65,shenzhen,2026-07-27,ZGSZ,30.2,28.8,29.6,29.0,29.9,29.7,29.0,28.0,,,29.4,0.628,29.581,9,30.0,14,0.975,Asia/Shanghai,C
-0.136,-0.793,-0.736,-0.514,0.9,-0.707,-1.021,-0.607,,,0.379,shenzhen,2026-07-28,ZGSZ,29.4,27.3,27.5,29.5,30.4,29.2,29.8,28.3,,,28.9,0.98,29.203,9,30.0,14,0.867,Asia/Shanghai,C
-0.107,-0.9,-0.757,-0.307,0.979,-0.657,-0.821,-0.55,,,0.336,shenzhen,2026-07-29,ZGSZ,28.4,28.1,28.6,29.4,26.1,28.2,28.5,29.3,,,28.5,0.898,28.573,9,29.0,14,0.794,Asia/Shanghai,C
-0.157,-0.914,-0.771,-0.257,0.843,-0.621,-0.85,-0.464,,,0.286,shenzhen,2026-07-30,ZGSZ,29.9,28.0,29.5,29.8,31.3,29.8,28.3,29.0,,,29.2,0.916,29.797,9,31.0,14,0.8,Asia/Shanghai,C
-0.243,-1.157,-0.914,-0.457,0.614,-0.714,-1.093,-0.579,,,0.071,shenzhen,2026-07-31,ZGSZ,30.3,29.4,28.7,30.2,28.2,29.4,29.7,30.0,,,29.1,0.658,29.918,9,27.0,14,0.808,Asia/Shanghai,C
-0.021,-0.9,-0.757,-0.25,0.636,-0.45,-0.907,-0.307,,,0.207,shenzhen,2026-08-01,ZGSZ,29.3,28.5,27.5,29.5,29.9,28.0,27.4,27.6,,,28.8,0.879,28.855,9,30.0,14,1.123,Asia/Shanghai,C
-0.157,-0.964,-0.893,-0.4,0.414,-0.586,-1.036,-0.514,,,0.057,shenzhen,2026-08-02,ZGSZ,27.9,28.0,27.4,27.8,27.4,27.9,26.3,26.5,,,27.6,0.585,27.947,9,29.0,14,1.154,Asia/Shanghai,C
-0.271,-0.993,-0.986,-0.507,0.2,-0.586,-1.186,-0.679,,,-0.136,shenzhen,2026-08-03,ZGSZ,28.9,28.9,28.6,27.2,28.7,28.1,28.5,28.5,,,29.8,0.655,29.187,9,29.0,14,1.187,Asia/Shanghai,C
-0.257,-0.971,-0.971,-0.536,0.136,-0.593,-1.143,-0.657,,,-0.05,shenzhen,2026-08-04,ZGSZ,30.9,29.1,28.7,28.6,31.5,29.8,28.7,29.7,,,31.9,1.193,30.492,9,30.0,14,1.171,Asia/Shanghai,C
-0.114,-0.893,-0.921,-0.564,0.171,-0.557,-1.171,-0.614,,,0.214,shenzhen,2026-08-05,ZGSZ,31.7,30.6,30.8,31.1,33.8,31.0,31.2,31.2,,,32.5,0.955,32.021,9,31.0,14,1.122,Asia/Shanghai,C
-0.057,-0.879,-0.864,-0.529,0.336,-0.529,-1.107,-0.579,,,0.264,shenzhen,2026-08-06,ZGSZ,33.1,31.3,31.5,32.8,34.7,32.1,32.5,32.1,,,34.0,1.055,33.072,9,31.0,14,1.15,Asia/Shanghai,C
0.05,-0.821,-0.771,-0.429,0.443,-0.429,-0.993,-0.571,,,0.314,shenzhen,2026-08-07,ZGSZ,33.9,33.3,32.7,33.7,35.3,32.4,33.1,34.1,,,34.9,0.907,34.02,9,34.0,14,1.272,Asia/Shanghai,C
0.007,-0.843,-0.836,-0.457,0.364,-0.5,-1.036,-0.629,,,0.221,shenzhen,2026-08-08,ZGSZ,35.5,34.4,34.6,36.0,37.8,35.0,34.4,35.8,,,35.9,1.015,35.847,9,36.0,14,1.269,Asia/Shanghai,C
0.079,-0.914,-0.857,-0.336,0.521,-0.443,-0.721,-0.521,,,0.221,shenzhen,2026-08-09,ZGSZ,36.0,35.0,35.2,36.2,38.2,35.8,36.7,35.9,,,36.4,0.882,36.414,9,37.0,14,1.19,Asia/Shanghai,C
0.1,-0.95,-0.936,-0.229,0.657,-0.543,-0.707,-0.571,,,0.207,shenzhen,2026-08-10,ZGSZ,34.8,34.3,34.4,35.9,37.2,35.1,35.1,35.6,,,35.2,0.831,35.525,9,36.0,14,1.176,Asia/Shanghai,C
-0.0,-0.986,-1.021,-0.164,0.75,-0.586,-0.7,-0.457,,,0.193,shenzhen,2026-08-11,ZGSZ,34.8,34.5,34.6,35.6,37.3,34.7,33.4,35.0,,,35.0,0.986,35.332,9,36.0,14,1.177,Asia/Shanghai,C
-0.043,-0.9,-0.943,-0.157,0.814,-0.621,-0.871,-0.407,,,0.2,shenzhen,2026-08-12,ZGSZ,34.3,33.7,33.5,35.9,37.0,34.0,33.1,34.5,,,36.2,1.277,34.943,9,33.0,14,1.172,Asia/Shanghai,C
0.093,-0.786,-0.879,0.021,1.307,-0.493,-0.829,-0.321,,,0.464,shenzhen,2026-08-13,ZGSZ,34.5,32.0,33.9,34.0,35.2,32.8,32.3,32.6,,,34.6,1.079,33.79,9,32.0,14,1.276,Asia/Shanghai,C
0.35,-0.571,-0.636,0.25,1.514,-0.35,-0.614,-0.136,,,0.779,shenzhen,2026-08-14,ZGSZ,28.9,29.3,29.8,28.8,33.7,29.5,29.9,30.2,,,29.9,1.382,29.899,9,30.0,14,1.325,Asia/Shanghai,C
0.036,-0.793,-0.771,-0.064,1.693,-0.557,-0.814,-0.336,,,0.621,shenzhen,2026-08-15,ZGSZ,31.4,29.7,30.6,31.9,34.8,30.7,31.0,33.0,,,32.3,1.433,31.72,9,31.0,14,1.071,Asia/Shanghai,C
0.114,-0.779,-0.621,0.036,1.971,-0.436,-0.629,-0.021,,,0.8,shenzhen,2026-08-16,ZGSZ,34.0,32.4,33.0,32.1,35.6,32.0,32.6,33.8,,,35.2,1.249,33.418,9,33.0,14,1.044,Asia/Shanghai,C
0.264,-0.75,-0.507,0.057,2.271,-0.429,-0.464,0.214,,,1.057,shenzhen,2026-08-17,ZGSZ,34.0,32.0,32.7,33.3,36.4,32.4,30.9,33.4,,,33.7,1.445,33.107,9,32.0,14,1.012,Asia/Shanghai,C
0.414,-0.743,-0.429,0.279,2.607,-0.336,-0.507,0.35,,,1.121,shenzhen,2026-08-18,ZGSZ,33.4,32.8,32.6,32.7,33.6,32.5,31.8,30.8,,,32.9,0.793,32.396,9,32.0,14,1.053,Asia/Shanghai,C
0.45,-0.621,-0.293,0.429,2.614,-0.286,-0.429,0.286,,,1.05,shenzhen,2026-08-19,ZGSZ,33.9,33.6,33.6,33.9,34.8,33.8,32.1,33.6,,,34.8,0.748,33.474,9,35.0,14,1.05,Asia/Shanghai,C
0.321,-0.693,-0.379,0.343,2.4,-0.371,-0.65,0.171,,,0.929,shenzhen,2026-08-20,ZGSZ,31.7,30.1,30.9,31.1,34.2,31.0,28.6,30.7,,,31.9,1.417,31.007,9,31.0,14,1.093,Asia/Shanghai,C
0.221,-0.779,-0.421,0.221,2.364,-0.45,-0.929,0.071,,,0.779,shenzhen,2026-08-21,ZGSZ,31.5,29.8,30.6,32.4,33.8,30.5,30.7,30.9,,,30.6,1.145,31.067,9,31.0,14,0.942,Asia/Shanghai,C
0.264,-0.814,-0.357,0.343,2.471,-0.371,-0.886,0.057,,,0.686,shenzhen,2026-08-22,ZGSZ,33.5,32.0,32.5,32.1,33.8,30.8,31.3,31.2,,,32.5,0.957,32.183,9,33.0,14,0.942,Asia/Shanghai,C
0.336,-0.771,-0.293,0.279,2.4,-0.457,-0.893,-0.057,,,0.657,shenzhen,2026-08-23,ZGSZ,32.3,31.8,31.0,31.5,34.5,31.3,29.8,30.6,,,32.0,1.237,31.614,9,32.0,14,0.967,Asia/Shanghai,C
0.429,-0.643,-0.236,0.3,2.493,-0.421,-1.029,-0.079,,,0.7,shenzhen,2026-08-24,ZGSZ,31.5,30.5,31.1,32.1,34.3,31.4,30.6,31.4,,,32.4,1.087,31.478,9,31.0,14,0.959,Asia/Shanghai,C
0.55,-0.557,-0.114,0.386,2.643,-0.329,-0.993,-0.021,,,0.857,shenzhen,2026-08-25,ZGSZ,32.0,30.6,31.6,31.8,33.2,30.7,30.5,31.5,,,32.1,0.818,31.289,9,32.0,14,0.959,Asia/Shanghai,C
0.636,-0.55,-0.043,0.4,2.636,-0.329,-0.914,0.014,,,0.936,shenzhen,2026-08-26,ZGSZ,31.4,30.4,29.9,31.9,33.2,29.9,30.6,30.5,,,31.9,1.041,30.711,9,31.0,14,0.962,Asia/Shanghai,C
0.571,-0.643,-0.157,0.257,2.507,-0.479,-0.95,-0.129,,,0.771,shenzhen,2026-08-27,ZGSZ,29.3,29.8,28.9,28.5,31.8,28.9,28.9,28.9,,,30.6,1.004,29.306,9,30.0,14,0.813,Asia/Shanghai,C
0.343,-0.657,-0.371,0.007,2.407,-0.614,-1.05,-0.25,,,0.629,shenzhen,2026-08-28,ZGSZ,31.0,30.9,30.5,31.0,33.6,30.2,30.7,30.3,,,32.0,1.004,31.055,9,31.0,14,0.683,Asia/Shanghai,C
0.421,-0.614,-0.393,0.093,2.329,-0.636,-1.064,-0.314,,,0.707,shenzhen,2026-08-29,ZGSZ,33.1,33.1,31.9,32.7,35.5,32.1,30.5,33.7,,,34.7,1.414,32.955,9,32.0,14,0.683,Asia/Shanghai,C
0.471,-0.443,-0.371,0.079,2.307,-0.607,-1.171,-0.336,,,0.807,shenzhen,2026-08-30,ZGSZ,28.4,28.3,28.8,30.6,29.1,30.0,30.2,30.2,,,32.0,1.13,29.362,9,31.0,14,0.703,Asia/Shanghai,C
0.214,-0.593,-0.529,0.114,1.986,-0.607,-1.2,-0.45,,,0.721,shenzhen,2026-08-31,ZGSZ,30.9,28.2,30.7,29.4,31.4,29.1,27.5,28.1,,,30.1,1.299,29.698,9,30.0,14,0.821,Asia/Shanghai,C
0.136,-0.721,-0.529,-0.021,1.771,-0.7,-1.3,-0.686,,,0.607,shenzhen,2026-09-01,ZGSZ,30.1,27.3,30.6,28.8,29.1,29.0,27.7,27.8,,,29.6,1.059,29.162,9,31.0,14,0.77,Asia/Shanghai,C
-0.029,-1.043,-0.6,-0.229,1.521,-0.879,-1.521,-0.829,,,0.443,shenzhen,2026-09-02,ZGSZ,29.1,29.5,29.5,29.7,27.8,30.1,29.2,27.2,,,30.9,1.059,29.536,9,30.0,14,0.907,Asia/Shanghai,C
-0.014,-0.979,-0.536,-0.171,1.379,-0.786,-1.371,-0.929,,,0.521,shenzhen,2026-09-03,ZGSZ,30.5,30.2,30.2,30.2,30.1,30.4,29.1,29.5,,,30.4,0.437,30.411,9,30.0,14,0.82,Asia/Shanghai,C
-0.029,-0.9,-0.514,-0.164,1.157,-0.757,-1.264,-0.943,,,0.486,shenzhen,2026-09-04,ZGSZ,29.8,29.1,29.2,28.9,30.1,29.0,28.6,28.3,,,30.0,0.588,29.588,9,30.0,14,0.827,Asia/Shanghai,C
-0.079,-0.879,-0.543,-0.343,0.964,-0.793,-1.343,-1.057,,,0.514,shenzhen,2026-09-05,ZGSZ,32.0,30.6,31.0,30.9,32.4,30.6,30.9,31.3,,,31.6,0.593,31.656,9,31.0,14,0.834,Asia/Shanghai,C
-0.043,-0.836,-0.507,-0.286,1.007,-0.664,-1.229,-0.907,,,0.593,shenzhen,2026-09-06,ZGSZ,29.9,28.1,29.3,29.2,30.8,29.6,28.5,27.9,,,31.0,1.033,29.707,9,28.0,14,0.824,Asia/Shanghai,C
0.071,-0.814,-0.343,-0.164,1.029,-0.5,-1.036,-0.814,,,0.807,shenzhen,2026-09-07,ZGSZ,31.7,30.9,30.5,32.1,33.7,31.3,30.3,32.4,,,31.1,1.001,31.702,9,31.0,14,0.936,Asia/Shanghai,C
0.086,-0.786,-0.386,-0.164,0.986,-0.507,-1.057,-0.743,,,0.714,shenzhen,2026-09-08,ZGSZ,34.1,32.3,33.2,32.9,33.8,32.1,32.5,33.0,,,33.3,0.627,33.279,9,32.0,14,0.946,Asia/Shanghai,C
0.236,-0.664,-0.271,-0.086,1.029,-0.407,-0.914,-0.636,,,0.8,shenzhen,2026-09-09,ZGSZ,32.4,31.7,32.2,32.5,34.2,31.4,30.7,31.2,,,32.4,0.953,32.223,9,32.0,14,0.988,Asia/Shanghai,C
0.236,-0.643,-0.179,-0.114,1.029,-0.371,-0.979,-0.657,,,0.764,shenzhen,2026-09-10,ZGSZ,30.7,31.0,30.5,31.4,33.6,31.1,30.9,30.4,,,30.7,0.915,31.195,9,33.0,14,0.987,Asia/Shanghai,C
0.121,-0.771,-0.279,-0.121,0.943,-0.429,-1.05,-0.764,,,0.557,shenzhen,2026-09-11,ZGSZ,31.2,31.3,31.1,31.6,33.0,31.4,30.0,31.0,,,31.4,0.732,31.524,9,33.0,14,1.083,Asia/Shanghai,C
-0.007,-0.886,-0.379,-0.221,0.757,-0.486,-1.243,-0.857,,,0.371,shenzhen,2026-09-12,ZGSZ,32.4,31.9,32.1,32.8,33.7,31.8,30.8,31.4,,,32.4,0.783,32.488,9,34.0,14,1.152,Asia/Shanghai,C
-0.2,-1.114,-0.507,-0.357,0.486,-0.65,-1.364,-1.164,,,0.064,shenzhen,2026-09-13,ZGSZ,33.0,30.8,32.5,31.7,31.7,30.9,29.6,29.3,,,32.6,1.23,32.046,9,32.0,14,1.194,Asia/Shanghai,C
0.057,-1.007,-0.314,-0.35,0.6,-0.657,-1.479,-1.3,,,0.036,shenzhen,2026-09-14,ZGSZ,29.7,28.5,28.8,30.7,32.0,29.3,28.1,30.2,,,29.4,1.133,30.024,9,30.0,14,1.111,Asia/Shanghai,C
-0.029,-0.986,-0.45,-0.257,0.643,-0.643,-1.436,-1.15,,,-0.014,shenzhen,2026-09-15,ZGSZ,31.6,30.7,30.4,29.6,31.4,29.8,29.3,29.4,,,30.7,0.801,30.912,9,30.0,14,1.108,Asia/Shanghai,C
0.15,-0.671,-0.393,-0.129,0.879,-0.514,-1.25,-0.964,,,0.136,shenzhen,2026-09-16,ZGSZ,31.5,30.5,30.2,30.2,31.4,31.5,30.0,29.5,,,31.9,0.793,31.07,9,30.0,14,1.022,Asia/Shanghai,C
0.321,-0.6,-0.343,-0.093,1.136,-0.414,-1.193,-0.8,,,0.207,shenzhen,2026-09-17,ZGSZ,32.1,30.8,30.4,31.7,31.2,31.7,31.1,31.0,,,32.1,0.556,31.477,9,30.0,14,1.054,Asia/Shanghai,C
0.436,-0.557,-0.329,0.014,1.214,-0.321,-1.05,-0.693,,,0.329,shenzhen,2026-09-18,ZGSZ,33.2,31.7,32.0,32.7,34.5,32.7,31.4,32.2,,,33.4,0.906,32.733,9,32.0,14,1.121,Asia/Shanghai,C
0.536,-0.514,-0.271,0.143,1.386,-0.2,-0.993,-0.557,,,0.429,shenzhen,2026-09-19,ZGSZ,33.3,31.7,32.4,33.7,34.2,33.4,31.8,32.7,,,33.4,0.81,32.9,9,32.0,14,1.132,Asia/Shanghai,C
0.557,-0.507,-0.243,0.271,1.443,-0.071,-1.0,-0.529,,,0.486,shenzhen,2026-09-20,ZGSZ,32.5,31.5,31.9,33.5,33.6,31.7,31.7,31.7,,,33.7,0.874,32.294,9,32.0,14,1.144,Asia/Shanghai,C
0.457,-0.55,-0.343,0.293,1.357,-0.207,-1.057,-0.543,,,0.393,shenzhen,2026-09-21,ZGSZ,31.6,31.3,30.8,32.2,34.3,31.3,30.1,30.9,,,32.8,1.181,31.686,9,32.0,14,1.052,Asia/Shanghai,C
0.379,-0.593,-0.393,0.229,1.329,-0.279,-1.143,-0.721,,,0.443,shenzhen,2026-09-22,ZGSZ,32.4,29.5,31.4,32.0,32.1,30.4,29.4,30.4,,,32.0,1.096,31.2,9,31.0,14,1.039,Asia/Shanghai,C
0.329,-0.721,-0.45,0.236,1.279,-0.329,-1.293,-0.836,,,0.421,shenzhen,2026-09-23,ZGSZ,32.5,30.5,32.8,31.2,31.4,31.1,28.1,30.0,,,31.0,1.306,31.303,9,31.0,14,0.982,Asia/Shanghai,C
-1.26,-1.46,-1.42,-1.3,-1.68,-1.18,-0.58,-0.76,,,-0.92,wuhan,2026-07-01,ZHHH,30.2,29.8,30.2,28.2,30.9,29.0,29.3,29.1,,,29.8,0.756,30.966,9,31.0,0,1.2,Asia/Shanghai,C
-1.183,-1.417,-1.317,-1.55,-1.417,-1.317,-0.767,-0.95,,,-0.967,wuhan,2026-07-02,ZHHH,30.7,30.5,29.9,31.0,29.5,28.4,28.5,28.8,,,29.6,0.903,31.001,9,31.0,0,1.2,Asia/Shanghai,C
-1.057,-1.286,-1.286,-1.329,-1.429,-1.5,-1.014,-1.129,,,-1.029,wuhan,2026-07-03,ZHHH,26.7,26.0,26.4,26.9,25.4,26.2,25.7,26.5,,,27.2,0.542,27.56,9,26.0,0,1.2,Asia/Shanghai,C
-0.837,-1.125,-1.075,-1.05,-1.325,-1.288,-0.925,-0.925,,,-0.75,wuhan,2026-07-04,ZHHH,27.2,26.4,27.2,28.5,26.0,28.1,27.1,26.1,,,29.1,1.018,28.272,9,27.0,8,1.155,Asia/Shanghai,C
-0.722,-1.067,-0.933,-0.767,-1.289,-1.022,-0.811,-0.922,,,-0.433,wuhan,2026-07-05,ZHHH,29.9,29.5,29.8,29.7,29.4,29.3,29.4,28.9,,,30.3,0.379,30.506,9,31.0,9,1.169,Asia/Shanghai,C
-0.76,-1.11,-0.96,-0.82,-1.32,-1.09,-0.89,-1.04,,,-0.46,wuhan,2026-07-06,ZHHH,29.2,28.5,29.1,29.0,27.5,29.1,29.3,28.2,,,30.7,0.827,29.881,9,29.0,10,1.12,Asia/Shanghai,C
-0.673,-1.055,-0.864,-0.745,-1.336,-0.982,-0.782,-1.018,,,-0.264,wuhan,2026-07-07,ZHHH,30.7,29.7,30.2,31.2,30.4,30.4,29.5,29.7,,,31.0,0.563,31.188,9,32.0,11,1.1,Asia/Shanghai,C
-0.725,-1.158,-0.942,-0.75,-1.358,-1.033,-0.925,-1.125,,,-0.325,wuhan,2026-07-08,ZHHH,32.5,32.9,32.5,31.3,32.9,33.1,29.4,31.3,,,33.6,1.219,33.245,9,35.0,12,1.079,Asia/Shanghai,C
-0.862,-1.231,-1.062,-0.977,-1.415,-1.1,-1.285,-1.323,,,-0.408,wuhan,2026-07-09,ZHHH,33.1,33.5,33.1,33.4,33.8,33.3,34.4,32.5,,,33.8,0.508,34.465,9,35.0,13,1.145,Asia/Shanghai,C
-0.936,-1.25,-1.121,-1.021,-1.4,-1.143,-1.236,-1.407,,,-0.464,wuhan,2026-07-10,ZHHH,34.4,35.3,34.4,34.3,35.9,35.0,34.3,33.7,,,35.6,0.68,35.894,9,37.0,14,1.113,Asia/Shanghai,C
-1.007,-1.257,-1.207,-1.129,-1.271,-1.136,-1.229,-1.443,,,-0.514,wuhan,2026-07-11,ZHHH,35.7,36.4,35.6,35.4,36.2,36.0,38.2,35.0,,,36.3,0.861,37.172,9,38.0,14,1.039,Asia/Shanghai,C
-1.029,-1.293,-1.229,-1.214,-1.307,-1.143,-1.264,-1.593,,,-0.543,wuhan,2026-07-12,ZHHH,33.3,33.1,33.2,34.4,33.0,33.4,33.3,33.1,,,35.4,0.754,34.674,9,34.0,14,0.996,Asia/Shanghai,C
-0.986,-1.329,-1.179,-1.071,-1.357,-1.143,-1.436,-1.657,,,-0.343,wuhan,2026-07-13,ZHHH,35.4,35.6,35.3,35.3,35.9,35.4,33.2,32.9,,,36.5,1.132,36.336,9,37.0,14,0.994,Asia/Shanghai,C
-1.014,-1.286,-1.214,-1.107,-1.293,-1.143,-1.657,-1.979,,,-0.35,wuhan,2026-07-14,ZHHH,37.2,37.0,37.2,35.8,38.3,37.0,38.9,36.5,,,38.3,0.92,38.55,9,39.0,14,0.959,Asia/Shanghai,C
-1.129,-1.271,-1.279,-1.257,-1.207,-1.307,-1.536,-2.121,,,-0.343,wuhan,2026-07-15,ZHHH,35.4,36.3,35.4,35.6,36.0,35.9,33.9,35.8,,,35.9,0.653,36.857,9,37.0,14,0.93,Asia/Shanghai,C
-1.186,-1.236,-1.336,-1.157,-1.271,-1.243,-1.636,-2.071,,,-0.336,wuhan,2026-07-16,ZHHH,35.6,36.0,35.7,34.6,35.8,35.4,36.9,35.1,,,35.4,0.599,36.889,9,37.0,14,0.93,Asia/Shanghai,C
-1.264,-1.271,-1.35,-1.329,-1.25,-1.171,-1.464,-2.05,,,-0.35,wuhan,2026-07-17,ZHHH,34.3,34.8,34.1,35.0,34.1,34.9,34.4,34.7,,,35.1,0.362,35.814,9,35.0,14,0.931,Asia/Shanghai,C
-1.364,-1.286,-1.443,-1.393,-1.271,-1.193,-1.486,-2.107,,,-0.429,wuhan,2026-07-18,ZHHH,31.5,31.0,31.0,28.2,28.7,29.7,30.1,30.4,,,32.1,1.204,31.758,9,31.0,14,0.86,Asia/Shanghai,C
-1.343,-1.243,-1.457,-1.7,-1.364,-1.364,-1.557,-2.086,,,-0.5,wuhan,2026-07-19,ZHHH,31.1,31.2,30.9,30.1,27.3,31.8,29.8,29.0,,,31.7,1.374,31.793,9,33.0,14,0.816,Asia/Shanghai,C
-1.4,-1.264,-1.521,-1.814,-1.657,-1.329,-1.671,-2.221,,,-0.543,wuhan,2026-07-20,ZHHH,32.3,31.9,32.0,32.6,32.6,32.3,30.7,31.6,,,32.2,0.557,33.535,9,33.0,14,0.867,Asia/Shanghai,C
-1.464,-1.307,-1.6,-1.843,-1.579,-1.386,-1.857,-2.264,,,-0.721,wuhan,2026-07-21,ZHHH,33.3,32.9,33.1,32.5,33.5,32.7,31.6,30.9,,,32.4,0.786,34.226,9,35.0,14,0.847,Asia/Shanghai,C
-1.493,-1.293,-1.607,-1.964,-1.571,-1.436,-1.921,-2.393,,,-0.836,wuhan,2026-07-22,ZHHH,27.9,28.4,27.8,28.0,27.4,28.6,28.3,27.5,,,28.2,0.381,29.573,9,29.0,14,0.844,Asia/Shanghai,C
-1.393,-1.186,-1.514,-1.771,-1.536,-1.329,-1.571,-2.236,,,-0.793,wuhan,2026-07-23,ZHHH,31.3,30.7,31.2,32.4,31.9,31.7,30.7,32.1,,,30.8,0.598,32.832,9,33.0,14,0.719,Asia/Shanghai,C
-1.379,-1.243,-1.507,-1.7,-1.529,-1.3,-1.693,-2.121,,,-0.864,wuhan,2026-07-24,ZHHH,33.6,34.1,33.6,34.7,35.1,34.5,31.5,34.0,,,34.6,0.993,35.429,9,35.0,14,0.706,Asia/Shanghai,C
-1.293,-1.186,-1.421,-1.529,-1.443,-1.193,-1.75,-1.957,,,-0.793,wuhan,2026-07-25,ZHHH,34.5,34.8,34.5,34.7,36.6,36.0,35.5,34.1,,,35.8,0.792,36.494,9,36.0,14,0.651,Asia/Shanghai,C
-1.236,-1.157,-1.357,-1.436,-1.271,-1.05,-1.8,-1.879,,,-0.686,wuhan,2026-07-26,ZHHH,34.6,34.8,34.3,34.9,35.8,34.9,33.4,33.3,,,35.1,0.754,35.913,9,36.0,14,0.626,Asia/Shanghai,C
-1.286,-1.179,-1.421,-1.543,-1.214,-1.086,-1.936,-2.007,,,-0.85,wuhan,2026-07-27,ZHHH,31.8,32.7,31.9,30.1,28.1,31.5,30.1,30.5,,,32.8,1.417,32.532,9,32.0,14,0.6,Asia/Shanghai,C
-1.186,-1.029,-1.307,-1.557,-1.414,-1.007,-1.8,-1.821,,,-0.757,wuhan,2026-07-28,ZHHH,30.7,31.0,30.5,30.5,31.6,32.3,28.0,28.5,,,31.7,1.351,31.943,9,33.0,14,0.591,Asia/Shanghai,C
-1.221,-1.029,-1.357,-1.507,-1.464,-0.914,-2.15,-1.964,,,-0.8,wuhan,2026-07-29,ZHHH,31.8,32.0,30.6,31.7,32.6,31.9,28.4,30.0,,,32.1,1.253,32.69,9,33.0,14,0.644,Asia/Shanghai,C
-1.193,-1.05,-1.414,-1.5,-1.421,-0.914,-2.257,-2.093,,,-0.786,wuhan,2026-07-30,ZHHH,32.0,31.8,31.7,32.8,33.1,33.7,31.4,32.1,,,33.1,0.74,33.715,9,34.0,14,0.648,Asia/Shanghai,C
-1.236,-1.136,-1.486,-1.414,-1.4,-0.821,-2.436,-2.093,,,-0.736,wuhan,2026-07-31,ZHHH,33.5,34.2,33.4,33.8,33.9,34.2,31.0,32.7,,,34.6,1.018,34.923,9,35.0,14,0.652,Asia/Shanghai,C
-1.293,-1.179,-1.536,-1.5,-1.414,-0.871,-2.679,-2.236,,,-0.771,wuhan,2026-08-01,ZHHH,33.7,34.5,33.6,34.5,35.2,35.5,33.4,34.5,,,35.6,0.772,35.874,9,36.0,14,0.615,Asia/Shanghai,C
-1.493,-1.286,-1.707,-1.407,-1.307,-0.814,-2.8,-2.3,,,-0.879,wuhan,2026-08-02,ZHHH,34.7,36.5,34.2,34.9,35.9,36.2,31.0,35.6,,,36.7,1.648,36.643,9,37.0,14,0.581,Asia/Shanghai,C
-1.521,-1.193,-1.757,-1.35,-0.979,-0.786,-3.0,-2.114,,,-0.807,wuhan,2026-08-03,ZHHH,36.4,36.1,36.3,35.6,35.7,36.2,36.9,35.3,,,36.6,0.48,37.61,9,37.0,14,0.5,Asia/Shanghai,C
-1.514,-1.179,-1.736,-1.421,-1.043,-0.793,-2.843,-2.136,,,-0.779,wuhan,2026-08-04,ZHHH,35.6,36.0,35.6,36.9,36.6,36.5,38.2,36.1,,,37.4,0.808,37.842,9,38.0,14,0.5,Asia/Shanghai,C
-1.564,-1.171,-1.771,-1.321,-1.036,-0.736,-2.586,-1.979,,,-0.636,wuhan,2026-08-05,ZHHH,34.8,35.9,34.1,36.2,35.9,37.4,35.7,36.2,,,37.0,0.95,37.154,9,37.0,14,0.5,Asia/Shanghai,C
-1.643,-1.207,-1.893,-1.307,-1.0,-0.679,-2.629,-1.929,,,-0.579,wuhan,2026-08-06,ZHHH,33.6,34.6,33.4,35.3,35.7,34.0,35.1,33.5,,,34.2,0.794,35.718,9,36.0,14,0.5,Asia/Shanghai,C
-1.693,-1.143,-1.95,-1.314,-0.943,-0.729,-2.529,-2.043,,,-0.55,wuhan,2026-08-07,ZHHH,34.5,34.9,34.4,35.3,34.1,36.3,36.4,34.5,,,36.2,0.855,36.487,9,37.0,14,0.5,Asia/Shanghai,C
-1.771,-1.229,-2.036,-1.414,-1.157,-0.743,-2.321,-2.15,,,-0.579,wuhan,2026-08-08,ZHHH,34.8,35.5,34.8,35.5,34.8,36.5,36.2,35.5,,,36.2,0.618,36.921,9,37.0,14,0.5,Asia/Shanghai,C
-1.821,-1.25,-2.086,-1.429,-1.357,-0.779,-2.343,-2.121,,,-0.621,wuhan,2026-08-09,ZHHH,32.6,32.3,32.3,32.9,31.2,32.6,31.9,32.8,,,33.3,0.577,33.951,9,33.0,14,0.5,Asia/Shanghai,C
-1.75,-1.214,-2.014,-1.357,-1.471,-0.729,-2.236,-1.943,,,-0.536,wuhan,2026-08-10,ZHHH,28.3,28.2,28.1,29.6,27.6,28.6,29.5,30.1,,,30.0,0.867,30.207,9,29.0,14,0.5,Asia/Shanghai,C
-1.786,-1.321,-2.071,-1.179,-1.293,-0.721,-2.064,-1.757,,,-0.521,wuhan,2026-08-11,ZHHH,30.6,30.1,30.3,29.8,29.5,26.9,28.3,27.9,,,30.7,1.26,30.967,9,29.0,14,0.572,Asia/Shanghai,C
-1.507,-1.1,-1.8,-0.943,-1.157,-0.821,-1.757,-1.514,,,-0.307,wuhan,2026-08-12,ZHHH,29.5,28.2,29.2,28.9,29.9,27.9,28.3,29.4,,,30.0,0.715,30.31,9,28.0,14,0.723,Asia/Shanghai,C
-1.314,-1.014,-1.543,-0.786,-0.993,-0.75,-1.407,-1.2,,,-0.1,wuhan,2026-08-13,ZHHH,29.4,26.7,29.3,25.4,27.6,26.2,25.6,25.8,,,28.8,1.527,28.566,9,26.0,14,0.947,Asia/Shanghai,C
-0.929,-0.807,-1.143,-0.743,-0.814,-0.714,-1.25,-1.079,,,0.164,wuhan,2026-08-14,ZHHH,29.5,28.0,28.7,28.7,27.7,27.3,27.0,27.8,,,29.4,0.838,29.17,9,30.0,14,1.167,Asia/Shanghai,C
-0.857,-0.893,-1.121,-0.75,-0.9,-0.85,-1.179,-1.071,,,0.15,wuhan,2026-08-15,ZHHH,29.3,29.0,29.0,30.3,26.1,27.3,28.7,28.7,,,28.9,1.143,29.429,9,28.0,14,1.188,Asia/Shanghai,C
-0.6,-0.714,-0.879,-0.479,-0.979,-0.864,-0.943,-0.914,,,0.243,wuhan,2026-08-16,ZHHH,30.9,31.0,30.7,32.2,31.4,31.3,30.8,31.1,,,30.9,0.43,31.789,9,32.0,14,1.247,Asia/Shanghai,C
-0.514,-0.75,-0.771,-0.314,-0.943,-0.857,-0.6,-0.879,,,0.186,wuhan,2026-08-17,ZHHH,31.6,32.6,31.4,32.2,32.2,31.5,32.5,32.2,,,31.9,0.409,32.579,9,34.0,14,1.245,Asia/Shanghai,C
-0.643,-0.786,-0.907,-0.343,-0.979,-0.979,-0.7,-0.886,,,0.064,wuhan,2026-08-18,ZHHH,33.2,34.6,33.0,34.1,33.7,34.0,34.8,34.9,,,33.9,0.629,34.606,9,35.0,14,1.291,Asia/Shanghai,C
-0.6,-0.671,-0.879,-0.329,-0.971,-0.943,-0.729,-0.757,,,0.029,wuhan,2026-08-19,ZHHH,33.8,34.5,33.5,34.5,34.4,34.5,35.6,35.8,,,35.5,0.754,35.185,9,36.0,14,1.295,Asia/Shanghai,C
-0.6,-0.7,-0.85,-0.379,-1.007,-1.079,-0.664,-0.714,,,-0.007,wuhan,2026-08-20,ZHHH,33.4,34.0,32.9,34.3,33.7,33.2,32.4,35.3,,,35.5,0.983,34.449,9,36.0,14,1.312,Asia/Shanghai,C
-0.614,-0.743,-0.886,-0.45,-1.15,-1.136,-0.857,-0.586,,,0.086,wuhan,2026-08-21,ZHHH,33.8,34.8,33.8,34.5,35.0,35.2,33.0,36.6,,,36.5,1.138,35.409,9,35.0,14,1.374,Asia/Shanghai,C
-0.521,-0.607,-0.786,-0.364,-0.943,-1.071,-0.957,-0.293,,,0.25,wuhan,2026-08-22,ZHHH,33.6,34.0,33.6,34.1,33.8,35.0,32.8,35.9,,,33.9,0.842,34.62,9,36.0,14,1.372,Asia/Shanghai,C
-0.536,-0.643,-0.8,-0.393,-0.943,-1.107,-1.129,-0.193,,,0.157,wuhan,2026-08-23,ZHHH,33.6,33.2,33.6,32.7,32.7,33.4,32.0,34.6,,,32.9,0.695,33.874,9,35.0,14,1.42,Asia/Shanghai,C
-0.607,-0.721,-0.85,-0.55,-0.979,-1.193,-1.264,-0.207,,,-0.014,wuhan,2026-08-24,ZHHH,34.8,35.5,35.0,34.6,35.1,36.0,32.6,36.9,,,35.0,1.096,35.793,9,37.0,14,1.429,Asia/Shanghai,C
-0.714,-0.771,-0.929,-0.764,-1.014,-1.236,-1.614,-0.293,,,-0.229,wuhan,2026-08-25,ZHHH,35.8,36.3,35.7,35.1,36.0,36.8,37.0,38.2,,,36.1,0.851,37.081,9,37.0,14,1.429,Asia/Shanghai,C
-0.914,-0.9,-1.114,-0.957,-1.121,-1.1,-1.564,-0.129,,,-0.414,wuhan,2026-08-26,ZHHH,36.4,36.5,36.3,36.0,36.1,36.4,36.8,37.6,,,34.7,0.722,37.233,9,37.0,14,1.329,Asia/Shanghai,C
-1.064,-0.95,-1.25,-1.093,-1.321,-1.136,-1.6,-0.186,,,-0.721,wuhan,2026-08-27,ZHHH,36.2,36.7,36.2,37.3,37.0,37.1,37.5,38.1,,,36.3,0.613,37.866,9,39.0,14,1.179,Asia/Shanghai,C
-1.507,-1.164,-1.686,-1.171,-1.579,-1.286,-1.679,-0.236,,,-1.114,wuhan,2026-08-28,ZHHH,34.8,35.1,34.6,35.2,34.8,35.0,35.7,36.7,,,35.8,0.624,36.505,9,36.0,14,1.006,Asia/Shanghai,C
-1.557,-1.086,-1.693,-1.136,-1.5,-1.164,-1.486,-0.029,,,-1.086,wuhan,2026-08-29,ZHHH,30.0,28.8,29.8,30.8,28.8,28.0,28.6,30.1,,,29.8,0.846,30.67,9,30.0,14,0.99,Asia/Shanghai,C
-1.65,-1.243,-1.779,-1.243,-1.45,-1.257,-1.636,-0.071,,,-1.164,wuhan,2026-08-30,ZHHH,31.9,31.9,31.8,31.7,32.0,30.7,31.0,32.8,,,31.8,0.566,33.09,9,33.0,14,0.931,Asia/Shanghai,C
-1.65,-1.25,-1.771,-1.35,-1.479,-1.371,-1.693,-0.021,,,-1.171,wuhan,2026-08-31,ZHHH,31.0,31.2,30.9,30.1,30.3,31.1,30.1,31.8,,,32.0,0.648,32.321,9,34.0,14,0.93,Asia/Shanghai,C
-1.693,-1.35,-1.807,-1.5,-1.614,-1.4,-1.864,-0.05,,,-1.164,wuhan,2026-09-01,ZHHH,28.7,29.4,27.2,29.0,26.2,28.0,27.7,29.2,,,28.1,0.979,29.585,9,28.0,14,0.96,Asia/Shanghai,C
-1.514,-1.221,-1.721,-1.364,-1.65,-1.329,-1.871,0.043,,,-1.079,wuhan,2026-09-02,ZHHH,31.1,31.0,31.1,30.3,29.5,31.0,30.3,31.1,,,31.1,0.535,32.112,9,32.0,14,1.044,Asia/Shanghai,C
-1.421,-1.186,-1.607,-1.379,-1.714,-1.293,-1.964,-0.007,,,-1.107,wuhan,2026-09-03,ZHHH,28.9,26.7,27.2,29.9,24.5,27.4,27.5,26.6,,,29.0,1.51,28.836,9,27.0,14,1.021,Asia/Shanghai,C
-1.1,-1.064,-1.371,-1.05,-1.729,-1.064,-1.671,0.014,,,-0.929,wuhan,2026-09-04,ZHHH,28.8,29.6,28.5,28.6,30.0,29.2,30.8,30.2,,,30.3,0.778,30.58,9,31.0,14,1.055,Asia/Shanghai,C
-1.171,-1.15,-1.464,-1.186,-1.8,-1.207,-1.543,-0.157,,,-1.086,wuhan,2026-09-05,ZHHH,30.6,29.9,30.3,30.3,30.9,31.2,30.8,31.3,,,31.2,0.457,31.898,9,31.0,14,1.055,Asia/Shanghai,C
-1.029,-1.086,-1.343,-1.1,-1.65,-1.121,-1.329,-0.129,,,-0.921,wuhan,2026-09-06,ZHHH,31.3,31.5,31.3,32.8,31.6,32.9,32.9,33.2,,,30.0,1.003,32.923,9,32.0,14,1.017,Asia/Shanghai,C
-0.979,-0.993,-1.293,-0.879,-1.514,-0.943,-1.05,-0.014,,,-0.914,wuhan,2026-09-07,ZHHH,33.2,32.8,32.9,33.7,32.3,32.8,32.6,33.3,,,30.5,0.861,33.705,9,33.0,14,1.002,Asia/Shanghai,C
-0.807,-0.9,-1.157,-0.657,-1.429,-0.886,-0.764,0.014,,,-0.95,wuhan,2026-09-08,ZHHH,33.4,33.1,33.2,34.4,32.9,33.4,33.5,34.0,,,32.3,0.572,34.191,9,35.0,14,0.968,Asia/Shanghai,C
-0.836,-0.986,-1.193,-0.564,-1.507,-0.986,-0.871,-0.143,,,-1.079,wuhan,2026-09-09,ZHHH,25.2,24.8,25.9,25.8,25.3,24.8,27.2,28.6,,,25.4,1.179,26.669,9,24.0,14,0.991,Asia/Shanghai,C
-0.707,-0.893,-1.007,-0.364,-1.35,-0.886,-0.629,0.143,,,-0.814,wuhan,2026-09-10,ZHHH,24.5,24.6,24.3,25.9,24.3,22.9,25.9,24.1,,,25.3,0.893,25.337,9,25.0,14,1.22,Asia/Shanghai,C
-0.543,-0.757,-0.857,-0.179,-1.257,-0.9,-0.457,0.143,,,-0.6,wuhan,2026-09-11,ZHHH,27.4,27.8,27.2,28.7,27.2,29.4,28.0,28.6,,,27.3,0.743,28.5,9,28.0,14,1.185,Asia/Shanghai,C
-0.5,-0.707,-0.814,-0.071,-1.229,-0.729,-0.436,0.136,,,-0.636,wuhan,2026-09-12,ZHHH,29.7,30.3,29.8,31.3,29.5,31.4,29.7,31.8,,,29.6,0.853,30.837,9,31.0,14,1.185,Asia/Shanghai,C
-0.593,-0.671,-0.886,-0.107,-1.25,-0.557,-0.429,0.186,,,-0.721,wuhan,2026-09-13,ZHHH,31.7,32.5,31.7,32.9,31.7,33.4,32.7,33.1,,,31.9,0.629,32.904,9,32.0,14,1.172,Asia/Shanghai,C
-0.536,-0.557,-0.821,0.05,-1.2,-0.293,-0.236,0.279,,,-0.643,wuhan,2026-09-14,ZHHH,31.5,32.2,31.6,33.0,30.9,31.5,32.0,33.3,,,31.6,0.726,32.354,9,33.0,14,1.196,Asia/Shanghai,C
-0.429,-0.414,-0.7,0.329,-1.086,-0.193,-0.029,0.457,,,-0.6,wuhan,2026-09-15,ZHHH,29.5,29.8,29.5,29.9,23.9,29.8,29.2,29.9,,,29.5,1.817,29.325,9,29.0,14,1.122,Asia/Shanghai,C
-0.443,-0.457,-0.607,0.321,-1.321,-0.136,0.007,0.436,,,-0.571,wuhan,2026-09-16,ZHHH,27.1,26.8,27.3,29.0,23.3,26.9,26.8,27.6,,,27.8,1.448,27.242,9,27.0,14,1.043,Asia/Shanghai,C
-0.371,-0.4,-0.521,0.586,-1.407,-0.071,0.114,0.543,,,-0.45,wuhan,2026-09-17,ZHHH,22.1,21.1,21.9,23.8,20.8,21.8,21.3,23.4,,,21.9,0.943,22.223,9,21.0,14,1.044,Asia/Shanghai,C
-0.429,-0.371,-0.471,0.579,-1.243,-0.043,0.1,0.743,,,-0.529,wuhan,2026-09-18,ZHHH,25.2,23.5,24.8,23.7,25.7,23.0,25.3,22.8,,,24.2,0.997,24.623,9,24.0,14,0.978,Asia/Shanghai,C
-0.186,-0.307,-0.236,0.729,-1.05,0.014,0.207,0.714,,,-0.464,wuhan,2026-09-19,ZHHH,27.4,26.9,27.5,27.7,26.4,27.1,26.6,26.1,,,27.1,0.501,27.162,9,28.0,14,0.986,Asia/Shanghai,C
-0.2,-0.307,-0.221,0.757,-1.157,-0.064,0.121,0.557,,,-0.543,wuhan,2026-09-20,ZHHH,27.7,26.5,27.6,28.6,28.7,27.9,29.3,28.7,,,27.7,0.787,28.135,9,27.0,14,0.982,Asia/Shanghai,C
-0.1,-0.307,-0.129,0.814,-1.007,-0.064,0.221,0.593,,,-0.35,wuhan,2026-09-21,ZHHH,26.7,24.4,26.1,25.8,24.7,24.7,27.3,25.5,,,27.2,1.031,25.903,9,25.0,14,0.998,Asia/Shanghai,C
0.007,-0.336,-0.043,0.821,-0.979,-0.071,0.414,0.607,,,-0.014,wuhan,2026-09-22,ZHHH,26.0,24.0,25.7,24.3,22.6,24.6,26.3,25.0,,,24.7,1.071,24.864,9,24.0,14,1.009,Asia/Shanghai,C
0.264,-0.2,0.207,0.886,-0.929,0.086,0.686,0.75,,,0.229,wuhan,2026-09-23,ZHHH,26.9,25.6,26.6,26.6,23.5,25.7,27.0,25.1,,,26.6,1.064,25.82,9,25.0,14,1.012,Asia/Shanghai,C
-1.88,-0.74,-0.42,-1.88,0.74,-0.6,-2.44,-3.74,,,-0.2,mexico-city,2026-06-30,MMMX,22.1,21.1,21.7,20.6,24.1,23.6,21.0,19.6,,,23.7,1.471,23.172,9,24.0,0,1.2,America/Mexico_City,C
-1.883,-1.1,-0.733,-2.133,0.633,-0.567,-2.533,-3.85,,,-0.217,mexico-city,2026-07-01,MMMX,20.5,21.3,21.7,20.7,25.0,23.6,22.3,20.3,,,23.6,1.546,23.323,9,24.0,0,1.2,America/Mexico_City,C
-2.114,-1.329,-0.957,-2.3,0.686,-0.543,-2.414,-3.829,,,-0.243,mexico-city,2026-07-02,MMMX,21.7,21.1,23.3,20.5,25.6,24.3,22.3,21.5,,,21.9,1.545,23.893,9,22.0,0,1.2,America/Mexico_City,C
-1.888,-1.275,-0.675,-2.2,1.05,-0.187,-2.075,-3.413,,,-0.225,mexico-city,2026-07-03,MMMX,22.9,22.8,23.9,21.1,25.4,24.3,22.0,21.8,,,24.4,1.335,24.425,9,24.0,8,1.353,America/Mexico_City,C
-1.8,-1.267,-0.611,-2.278,1.089,-0.133,-2.067,-3.278,,,-0.156,mexico-city,2026-07-04,MMMX,24.0,23.2,24.2,23.2,26.5,26.2,23.4,22.4,,,26.6,1.512,25.528,9,25.0,9,1.283,America/Mexico_City,C
-1.72,-1.32,-0.63,-2.23,1.13,0.0,-2.02,-3.21,,,0.02,mexico-city,2026-07-05,MMMX,23.6,23.6,24.4,22.1,26.9,25.6,23.6,22.0,,,24.6,1.474,25.176,9,23.0,10,1.229,America/Mexico_City,C
-1.509,-1.145,-0.445,-2.109,1.382,0.236,-1.782,-3.009,,,0.164,mexico-city,2026-07-06,MMMX,23.1,22.8,24.2,23.6,26.3,24.7,23.1,21.5,,,24.9,1.322,24.665,9,24.0,11,1.343,America/Mexico_City,C
-1.458,-1.15,-0.392,-1.967,1.458,0.275,-1.708,-2.967,,,0.225,mexico-city,2026-07-07,MMMX,23.1,23.1,23.9,23.7,23.9,24.9,22.1,20.9,,,24.7,1.185,24.208,9,24.0,12,1.3,America/Mexico_City,C
-1.415,-1.131,-0.369,-1.838,1.338,0.323,-1.723,-2.977,,,0.262,mexico-city,2026-07-08,MMMX,22.7,22.4,24.2,23.1,24.7,23.4,20.7,20.2,,,24.1,1.454,23.735,9,23.0,13,1.25,America/Mexico_City,C
-1.336,-1.093,-0.257,-1.7,1.364,0.329,-1.764,-2.964,,,0.321,mexico-city,2026-07-09,MMMX,23.6,24.5,24.4,22.9,26.1,24.1,23.1,22.4,,,24.5,1.044,24.767,9,23.0,14,1.221,America/Mexico_City,C
-1.25,-0.993,-0.214,-1.621,1.493,0.45,-1.6,-2.843,,,0.421,mexico-city,2026-07-10,MMMX,24.9,24.6,25.7,24.9,26.3,24.7,23.0,22.5,,,25.6,1.164,25.439,9,25.0,14,1.306,America/Mexico_City,C
-1.079,-0.943,-0.107,-1.514,1.586,0.479,-1.579,-2.736,,,0.514,mexico-city,2026-07-11,MMMX,24.1,23.8,25.3,23.2,25.4,24.8,22.3,21.7,,,24.9,1.245,24.629,9,24.0,14,1.251,America/Mexico_City,C
-0.771,-0.857,0.15,-1.343,1.686,0.664,-1.393,-2.471,,,0.657,mexico-city,2026-07-12,MMMX,23.7,24.5,23.7,23.9,24.3,25.4,22.7,21.9,,,23.9,0.952,24.177,9,24.0,14,1.049,America/Mexico_City,C
-0.7,-0.786,0.071,-1.207,1.614,0.757,-1.343,-2.421,,,0.629,mexico-city,2026-07-13,MMMX,23.3,23.0,23.3,22.7,25.1,24.6,23.1,20.9,,,24.4,1.171,23.741,9,24.0,14,1.04,America/Mexico_City,C
-0.693,-0.8,0.064,-1.2,1.614,0.8,-1.307,-2.386,,,0.629,mexico-city,2026-07-14,MMMX,24.5,25.9,25.3,25.1,25.9,24.5,24.0,22.2,,,25.4,1.089,25.141,9,26.0,14,1.027,America/Mexico_City,C
-0.664,-0.6,0.179,-1.021,1.6,0.721,-1.236,-2.343,,,0.607,mexico-city,2026-07-15,MMMX,23.7,25.5,26.4,25.7,24.4,25.6,22.6,22.2,,,25.2,1.384,24.902,9,25.0,14,1.028,America/Mexico_City,C
-0.507,-0.371,0.443,-0.736,1.486,0.793,-1.286,-2.279,,,0.65,mexico-city,2026-07-16,MMMX,24.9,24.5,24.0,25.5,25.1,25.2,23.7,22.2,,,26.2,1.106,24.738,9,25.0,14,1.013,America/Mexico_City,C
-0.493,-0.343,0.279,-0.593,1.236,0.643,-1.4,-2.443,,,0.743,mexico-city,2026-07-17,MMMX,22.5,22.9,22.9,21.9,22.9,23.4,22.8,19.4,,,22.1,1.115,22.606,9,24.0,14,0.88,America/Mexico_City,C
-0.521,-0.336,0.207,-0.536,1.057,0.579,-1.343,-2.614,,,0.579,mexico-city,2026-07-18,MMMX,23.7,23.6,25.1,24.2,25.7,24.0,23.5,20.6,,,25.2,1.399,24.292,9,25.0,14,0.949,America/Mexico_City,C
-0.543,-0.307,0.271,-0.464,1.0,0.421,-1.336,-2.743,,,0.479,mexico-city,2026-07-19,MMMX,24.9,25.9,26.2,25.6,26.5,25.7,23.7,21.1,,,26.0,1.606,25.492,9,25.0,14,0.957,America/Mexico_City,C
-0.593,-0.286,0.257,-0.357,0.829,0.286,-1.471,-2.95,,,0.436,mexico-city,2026-07-20,MMMX,25.7,26.9,28.0,26.8,27.3,26.7,24.6,22.6,,,27.9,1.638,26.744,9,27.0,14,0.772,America/Mexico_City,C
-0.621,-0.207,0.314,-0.343,0.686,0.214,-1.579,-3.086,,,0.436,mexico-city,2026-07-21,MMMX,26.3,27.4,27.4,25.9,26.9,27.5,26.0,22.2,,,26.5,1.538,26.773,9,27.0,14,0.754,America/Mexico_City,C
-0.607,-0.114,0.35,-0.4,0.686,0.186,-1.514,-3.207,,,0.35,mexico-city,2026-07-22,MMMX,25.8,28.2,28.6,26.1,26.6,26.7,25.7,22.5,,,26.6,1.644,26.864,9,27.0,14,0.755,America/Mexico_City,C
-0.671,0.014,0.379,-0.471,0.536,0.136,-1.443,-3.329,,,0.243,mexico-city,2026-07-23,MMMX,27.4,27.0,29.1,26.7,27.1,27.7,26.2,23.6,,,27.0,1.382,27.472,9,26.0,14,0.729,America/Mexico_City,C
-0.614,-0.021,0.5,-0.414,0.393,0.179,-1.436,-3.457,,,0.207,mexico-city,2026-07-24,MMMX,28.7,26.8,28.7,26.8,26.6,27.2,26.1,24.1,,,28.1,1.354,27.648,9,27.0,14,0.681,America/Mexico_City,C
-0.486,-0.007,0.571,-0.421,0.271,0.214,-1.357,-3.486,,,0.243,mexico-city,2026-07-25,MMMX,27.3,25.7,28.0,26.2,26.5,26.9,26.1,23.6,,,25.1,1.213,26.723,9,26.0,14,0.693,America/Mexico_City,C
-0.4,-0.014,0.621,-0.35,0.207,0.221,-1.229,-3.493,,,0.114,mexico-city,2026-07-26,MMMX,24.6,24.4,25.8,24.6,24.9,25.3,23.2,21.9,,,25.8,1.186,24.968,9,24.0,14,0.699,America/Mexico_City,C
-0.336,-0.021,0.771,-0.3,0.25,0.214,-1.193,-3.493,,,0.25,mexico-city,2026-07-27,MMMX,23.5,24.5,24.0,23.0,25.2,24.3,22.8,21.8,,,24.5,0.996,24.121,9,23.0,14,0.744,America/Mexico_City,C
-0.25,0.157,0.893,-0.207,0.329,0.264,-1.143,-3.357,,,0.329,mexico-city,2026-07-28,MMMX,24.1,23.9,25.1,22.8,25.7,24.3,22.6,21.5,,,25.7,1.364,24.316,9,26.0,14,0.799,America/Mexico_City,C
-0.279,0.014,0.879,-0.371,0.314,0.25,-1.243,-3.407,,,0.35,mexico-city,2026-07-29,MMMX,23.5,25.2,23.6,25.3,24.6,25.7,23.9,21.2,,,24.7,1.283,24.431,9,26.0,14,0.888,America/Mexico_City,C
-0.364,-0.079,0.607,-0.471,0.257,0.186,-1.221,-3.55,,,0.243,mexico-city,2026-07-30,MMMX,25.8,26.1,27.3,24.8,25.9,26.4,24.4,22.0,,,26.5,1.476,26.026,9,27.0,14,0.982,America/Mexico_City,C
-0.443,-0.107,0.7,-0.664,0.171,0.129,-1.314,-3.707,,,0.121,mexico-city,2026-07-31,MMMX,25.5,26.5,26.5,22.9,26.1,26.8,24.6,21.4,,,26.1,1.755,25.822,9,25.0,14,1.013,America/Mexico_City,C
-0.3,0.079,0.886,-0.664,0.329,0.3,-1.257,-3.636,,,0.336,mexico-city,2026-08-01,MMMX,24.3,26.8,27.2,23.8,27.1,26.5,23.6,22.7,,,26.7,1.676,25.846,9,26.0,14,0.967,America/Mexico_City,C
-0.329,0.236,0.964,-0.764,0.357,0.407,-1.321,-3.557,,,0.371,mexico-city,2026-08-02,MMMX,27.6,28.5,28.3,27.4,28.1,28.3,24.9,23.3,,,27.4,1.685,27.573,9,27.0,14,0.95,America/Mexico_City,C
-0.279,0.279,0.971,-0.779,0.329,0.45,-1.379,-3.543,,,0.329,mexico-city,2026-08-03,MMMX,27.8,27.3,27.3,26.5,27.5,27.5,24.3,22.4,,,26.7,1.716,26.893,9,27.0,14,0.953,America/Mexico_City,C
-0.129,0.307,0.921,-0.8,0.343,0.507,-1.4,-3.557,,,0.243,mexico-city,2026-08-04,MMMX,26.8,26.9,27.7,25.1,27.0,27.3,23.9,22.6,,,26.3,1.629,26.459,9,26.0,14,0.951,America/Mexico_City,C
-0.021,0.343,1.014,-0.786,0.421,0.564,-1.479,-3.457,,,0.3,mexico-city,2026-08-05,MMMX,26.3,25.4,27.4,24.3,25.3,26.3,23.6,22.3,,,25.4,1.457,25.578,9,26.0,14,0.957,America/Mexico_City,C
0.086,0.214,1.0,-0.843,0.4,0.607,-1.557,-3.4,,,0.286,mexico-city,2026-08-06,MMMX,25.8,24.8,26.9,23.4,25.4,25.6,22.3,20.7,,,24.4,1.823,24.886,9,24.0,14,0.963,America/Mexico_City,C
0.114,0.2,0.986,-0.936,0.421,0.6,-1.693,-3.464,,,0.243,mexico-city,2026-08-07,MMMX,23.0,23.2,24.5,23.2,24.4,24.5,22.0,20.7,,,22.8,1.187,23.462,9,24.0,14,0.91,America/Mexico_City,C
-0.079,0.157,0.9,-0.979,0.479,0.621,-1.771,-3.493,,,0.079,mexico-city,2026-08-08,MMMX,23.7,23.7,23.7,21.9,24.1,24.3,21.7,20.6,,,25.0,1.363,23.617,9,24.0,14,0.905,America/Mexico_City,C
-0.193,0.157,0.736,-1.143,0.45,0.579,-1.943,-3.564,,,0.214,mexico-city,2026-08-09,MMMX,23.1,23.6,22.4,22.6,23.5,22.8,22.3,20.0,,,25.0,1.263,23.219,9,23.0,14,0.89,America/Mexico_City,C
-0.229,0.171,0.564,-1.214,0.421,0.471,-1.936,-3.629,,,0.229,mexico-city,2026-08-10,MMMX,23.6,23.9,23.1,22.6,24.6,24.2,22.4,20.4,,,23.3,1.175,23.652,9,22.0,14,0.854,America/Mexico_City,C
-0.15,0.2,0.571,-1.171,0.45,0.536,-1.893,-3.657,,,0.214,mexico-city,2026-08-11,MMMX,23.7,24.1,25.7,22.4,24.9,25.8,21.9,21.5,,,25.0,1.533,24.419,9,25.0,14,0.913,America/Mexico_City,C
-0.107,0.286,0.686,-1.129,0.464,0.714,-1.871,-3.586,,,0.236,mexico-city,2026-08-12,MMMX,23.9,26.3,25.8,23.3,25.2,24.1,22.2,22.2,,,25.3,1.417,24.721,9,25.0,14,0.809,America/Mexico_City,C
-0.007,0.436,0.914,-1.2,0.579,0.671,-1.921,-3.443,,,0.35,mexico-city,2026-08-13,MMMX,24.0,26.2,26.5,23.6,26.2,25.4,22.7,22.2,,,25.8,1.541,25.097,9,26.0,14,0.696,America/Mexico_City,C
-0.064,0.514,0.929,-1.214,0.671,0.671,-1.971,-3.357,,,0.371,mexico-city,2026-08-14,MMMX,25.0,24.9,26.2,24.2,26.1,26.8,22.3,21.6,,,26.9,1.792,25.252,9,26.0,14,0.689,America/Mexico_City,C
-0.171,0.329,0.836,-1.193,0.6,0.6,-2.207,-3.414,,,0.357,mexico-city,2026-08-15,MMMX,24.7,25.3,27.6,24.9,25.1,27.0,23.7,22.4,,,26.9,1.573,25.681,9,26.0,14,0.683,America/Mexico_City,C
-0.143,0.221,0.864,-1.114,0.457,0.636,-2.2,-3.436,,,0.371,mexico-city,2026-08-16,MMMX,25.7,26.3,28.3,26.2,25.9,27.4,24.6,23.5,,,25.7,1.323,26.384,9,27.0,14,0.688,America/Mexico_City,C
-0.279,0.064,0.864,-1.2,0.3,0.571,-2.221,-3.421,,,0.25,mexico-city,2026-08-17,MMMX,23.8,25.6,28.6,23.6,26.1,25.8,24.7,22.9,,,26.4,1.644,25.761,9,21.0,14,0.69,America/Mexico_City,C
-0.136,0.371,1.386,-0.979,0.629,0.879,-1.764,-2.957,,,0.657,mexico-city,2026-08-18,MMMX,24.8,25.7,26.6,25.7,25.9,26.1,23.9,22.2,,,26.4,1.334,25.388,9,26.0,14,1.447,America/Mexico_City,C
-0.279,0.286,1.307,-0.936,0.55,0.793,-1.764,-2.986,,,0.664,mexico-city,2026-08-19,MMMX,24.7,25.2,26.0,24.6,25.9,26.5,25.0,22.3,,,25.8,1.163,25.28,9,25.0,14,1.451,America/Mexico_City,C
-0.321,0.343,1.279,-0.843,0.664,0.879,-1.593,-2.914,,,0.764,mexico-city,2026-08-20,MMMX,24.9,22.8,24.4,23.2,24.7,24.0,23.0,21.0,,,24.4,1.167,23.816,9,25.0,14,1.449,America/Mexico_City,C
-0.457,0.129,1.029,-0.929,0.543,0.693,-1.614,-2.964,,,0.693,mexico-city,2026-08-21,MMMX,25.0,23.9,25.1,24.2,25.9,25.0,23.9,21.1,,,26.1,1.404,24.776,9,24.0,14,1.464,America/Mexico_City,C
-0.314,0.179,1.071,-0.857,0.65,0.729,-1.479,-2.936,,,0.929,mexico-city,2026-08-22,MMMX,23.2,24.1,23.4,23.0,24.3,24.4,23.0,20.9,,,25.7,1.246,23.683,9,23.0,14,1.472,America/Mexico_City,C
-0.279,0.279,1.121,-0.707,0.736,0.807,-1.314,-2.843,,,1.05,mexico-city,2026-08-23,MMMX,21.1,22.0,22.8,20.5,22.0,21.2,21.9,18.8,,,23.3,1.253,21.586,9,22.0,14,1.479,America/Mexico_City,C
-0.35,0.236,1.221,-0.786,0.7,0.764,-1.271,-2.857,,,1.0,mexico-city,2026-08-24,MMMX,20.4,19.4,20.9,18.1,20.2,18.7,18.1,18.9,,,21.4,1.143,19.743,9,20.0,14,1.482,America/Mexico_City,C
-0.436,0.057,1.207,-0.964,0.529,0.514,-1.436,-2.821,,,1.007,mexico-city,2026-08-25,MMMX,21.4,20.6,21.9,21.6,24.0,23.2,21.6,20.8,,,24.3,1.274,22.228,9,22.0,14,1.417,America/Mexico_City,C
-0.386,0.021,1.15,-0.807,0.679,0.543,-1.243,-2.657,,,1.171,mexico-city,2026-08-26,MMMX,23.9,23.8,24.7,24.8,25.4,25.9,22.4,22.1,,,25.7,1.291,24.397,9,26.0,14,1.41,America/Mexico_City,C
-0.457,-0.229,1.0,-0.771,0.621,0.6,-1.3,-2.736,,,1.129,mexico-city,2026-08-27,MMMX,23.3,23.5,23.8,24.2,24.6,24.4,22.9,20.2,,,24.9,1.327,23.72,9,24.0,14,1.471,America/Mexico_City,C
-0.364,-0.279,0.95,-0.586,0.65,0.671,-1.143,-2.736,,,1.207,mexico-city,2026-08-28,MMMX,24.0,23.5,25.0,23.9,24.3,24.9,23.1,21.4,,,25.4,1.138,24.114,9,25.0,14,1.453,America/Mexico_City,C
-0.364,-0.307,0.936,-0.536,0.593,0.607,-1.014,-2.679,,,1.171,mexico-city,2026-08-29,MMMX,20.8,23.1,22.6,21.7,21.7,22.6,21.5,20.6,,,23.0,0.866,22.032,9,23.0,14,1.459,America/Mexico_City,C
-0.429,-0.25,0.793,-0.55,0.564,0.507,-0.957,-2.593,,,1.107,mexico-city,2026-08-30,MMMX,23.8,25.9,26.5,25.8,25.1,25.5,23.4,21.9,,,24.4,1.379,24.914,9,26.0,14,1.479,America/Mexico_City,C
-0.493,-0.207,0.736,-0.507,0.579,0.443,-0.971,-2.636,,,1.086,mexico-city,2026-08-31,MMMX,21.3,26.0,25.7,23.6,25.0,25.9,23.7,22.0,,,25.1,1.621,24.35,9,24.0,14,1.498,America/Mexico_City,C
-0.886,-0.393,0.314,-0.721,0.286,0.236,-1.257,-2.914,,,0.779,mexico-city,2026-09-01,MMMX,22.3,24.0,24.1,22.3,25.4,24.4,23.0,20.5,,,22.3,1.393,23.688,9,23.0,14,0.797,America/Mexico_City,C
-0.85,-0.3,0.35,-0.75,0.464,0.329,-1.107,-2.821,,,0.7,mexico-city,2026-09-02,MMMX,24.0,24.9,25.8,22.7,26.1,24.8,23.5,21.0,,,25.9,1.593,24.845,9,26.0,14,0.801,America/Mexico_City,C
-0.971,-0.393,0.264,-0.957,0.407,0.136,-1.286,-2.986,,,0.636,mexico-city,2026-09-03,MMMX,24.3,24.7,26.6,24.5,26.3,25.7,23.2,21.7,,,26.0,1.5,25.412,9,26.0,14,0.855,America/Mexico_City,C
-1.086,-0.329,0.35,-0.936,0.45,0.186,-1.343,-3.007,,,0.679,mexico-city,2026-09-04,MMMX,24.9,27.3,26.6,25.0,26.4,26.8,24.3,23.7,,,26.0,1.166,26.259,9,26.0,14,0.81,America/Mexico_City,C
-1.236,-0.229,0.314,-1.021,0.343,0.171,-1.457,-2.964,,,0.529,mexico-city,2026-09-05,MMMX,24.1,25.2,27.4,22.7,25.5,25.8,23.7,20.9,,,25.9,1.841,25.339,9,26.0,14,0.786,America/Mexico_City,C
-1.386,-0.364,0.386,-1.257,0.214,0.057,-1.621,-3.179,,,0.329,mexico-city,2026-09-06,MMMX,20.7,24.0,23.1,21.7,24.5,22.3,22.3,21.3,,,24.2,1.274,23.318,9,24.0,14,0.785,America/Mexico_City,C
-1.557,-0.364,0.264,-1.314,0.25,-0.007,-1.736,-3.143,,,0.25,mexico-city,2026-09-07,MMMX,21.1,22.9,22.8,20.0,20.6,24.1,21.7,21.1,,,21.0,1.235,22.507,9,22.0,14,0.798,America/Mexico_City,C
-1.65,-0.257,0.257,-1.321,0.136,0.236,-1.621,-3.129,,,0.079,mexico-city,2026-09-08,MMMX,23.1,24.0,25.4,22.6,24.4,24.3,22.8,20.7,,,24.4,1.309,24.404,9,25.0,14,0.806,America/Mexico_City,C
-1.743,-0.229,0.293,-1.464,-0.05,0.1,-1.75,-3.35,,,-0.129,mexico-city,2026-09-09,MMMX,22.7,24.6,25.4,22.6,24.0,25.4,22.2,20.6,,,23.3,1.499,24.424,9,24.0,14,0.82,America/Mexico_City,C
-1.686,-0.029,0.486,-1.479,-0.007,0.207,-1.621,-3.314,,,-0.157,mexico-city,2026-09-10,MMMX,24.0,24.6,26.1,23.7,25.2,25.3,22.9,21.1,,,24.5,1.4,25.088,9,25.0,14,0.708,America/Mexico_City,C
-1.707,-0.021,0.579,-1.586,-0.036,0.2,-1.693,-3.321,,,-0.257,mexico-city,2026-09-11,MMMX,23.6,25.0,26.1,22.8,25.7,25.7,23.3,21.3,,,25.7,1.575,25.275,9,25.0,14,0.704,America/Mexico_City,C
-1.736,0.086,0.657,-1.664,0.064,0.257,-1.679,-3.329,,,-0.236,mexico-city,2026-09-12,MMMX,23.3,23.0,23.0,25.5,26.1,25.7,23.0,21.0,,,25.9,1.687,24.736,9,26.0,14,0.667,America/Mexico_City,C
-1.771,-0.136,0.471,-1.607,0.164,0.264,-1.786,-3.514,,,-0.243,mexico-city,2026-09-13,MMMX,22.9,23.3,22.2,23.5,26.3,25.9,23.2,21.3,,,26.1,1.708,24.602,9,25.0,14,0.702,America/Mexico_City,C
-1.764,-0.25,0.236,-1.7,0.321,0.364,-1.729,-3.486,,,-0.05,mexico-city,2026-09-14,MMMX,22.1,21.9,21.4,21.9,24.3,24.4,22.8,20.7,,,23.7,1.232,23.348,9,24.0,14,0.648,America/Mexico_City,C
-1.707,-0.543,-0.071,-1.821,0.271,0.257,-1.793,-3.579,,,-0.15,mexico-city,2026-09-15,MMMX,22.9,22.9,23.8,22.1,24.6,24.2,22.7,21.0,,,25.8,1.35,24.311,9,25.0,14,0.664,America/Mexico_City,C
-1.807,-0.764,-0.236,-1.979,0.071,0.1,-1.957,-3.686,,,-0.043,mexico-city,2026-09-16,MMMX,24.4,23.6,26.0,25.2,24.8,25.6,23.8,21.9,,,26.2,1.286,25.725,9,26.0,14,0.664,America/Mexico_City,C
-1.779,-0.857,-0.221,-1.8,-0.021,0.157,-1.936,-3.621,,,-0.021,mexico-city,2026-09-17,MMMX,24.0,23.5,24.6,21.9,24.7,25.0,22.7,22.6,,,24.2,1.018,24.871,9,24.0,14,0.593,America/Mexico_City,C
-1.657,-0.8,-0.221,-1.843,0.007,0.25,-1.829,-3.414,,,-0.007,mexico-city,2026-09-18,MMMX,22.7,23.9,24.8,23.0,23.7,24.7,22.8,22.0,,,25.0,1.004,24.634,9,24.0,14,0.617,America/Mexico_City,C
-1.671,-0.9,-0.207,-1.843,-0.043,0.243,-1.793,-3.393,,,0.064,mexico-city,2026-09-19,MMMX,23.3,25.0,25.9,25.3,24.6,24.6,23.5,22.3,,,25.3,1.092,25.432,9,25.0,14,0.636,America/Mexico_City,C
-1.657,-0.843,-0.243,-1.586,-0.036,0.229,-1.736,-3.221,,,0.093,mexico-city,2026-09-20,MMMX,24.4,25.3,27.0,26.0,26.7,26.3,24.2,23.8,,,27.0,1.179,26.586,9,26.0,14,0.622,America/Mexico_City,C
-1.536,-0.893,-0.107,-1.421,-0.021,0.371,-1.743,-3.186,,,0.15,mexico-city,2026-09-21,MMMX,25.2,26.4,26.6,25.2,26.4,25.4,23.6,23.5,,,26.3,1.115,26.407,9,26.0,14,0.615,America/Mexico_City,C
-1.529,-0.929,-0.121,-1.336,0.107,0.179,-1.893,-3.3,,,0.243,mexico-city,2026-09-22,MMMX,25.5,24.9,27.9,24.4,25.8,26.1,23.3,23.2,,,25.4,1.371,26.271,9,26.0,14,0.61,America/Mexico_City,C
-0.04,-4.64,0.02,-2.46,-0.88,-1.48,-2.34,-0.4,,,-1.34,taipei,2026-07-01,RCSS,33.4,30.4,33.8,33.0,32.9,33.7,32.3,34.1,,,34.5,1.149,34.485,9,35.0,0,1.2,Asia/Taipei,C
-0.3,-4.633,-0.183,-2.383,-1.083,-1.45,-2.4,-0.483,,,-1.2,taipei,2026-07-02,RCSS,34.1,31.0,34.3,33.2,35.2,33.3,32.8,34.5,,,34.6,1.189,35.164,9,35.0,0,1.2,Asia/Taipei,C
-0.386,-4.543,-0.257,-2.3,-0.9,-1.486,-2.371,-0.486,,,-1.086,taipei,2026-07-03,RCSS,34.1,30.1,33.8,33.2,34.2,33.7,33.6,34.6,,,33.5,1.238,34.852,9,36.0,0,1.2,Asia/Taipei,C
-0.575,-4.713,-0.5,-2.362,-1.012,-1.587,-2.375,-0.6,,,-1.263,taipei,2026-07-04,RCSS,34.2,30.0,34.7,32.4,35.1,34.9,33.6,34.6,,,34.8,1.562,35.412,9,36.0,8,1.703,Asia/Taipei,C
-0.711,-4.856,-0.589,-2.5,-1.0,-1.533,-2.378,-0.689,,,-1.256,taipei,2026-07-05,RCSS,33.9,31.6,34.6,33.0,35.1,34.5,32.8,34.2,,,34.1,1.03,35.46,9,36.0,9,1.617,Asia/Taipei,C
-0.85,-4.81,-0.67,-2.55,-0.99,-1.53,-2.46,-0.8,,,-1.32,taipei,2026-07-06,RCSS,33.2,29.2,34.1,31.9,33.1,33.1,32.4,33.4,,,33.1,1.337,34.356,9,35.0,10,1.544,Asia/Taipei,C
-0.936,-4.9,-0.691,-2.6,-1.073,-1.564,-2.473,-0.873,,,-1.373,taipei,2026-07-07,RCSS,33.2,29.3,33.1,31.9,34.6,33.2,32.0,34.0,,,31.6,1.477,34.349,9,35.0,11,1.485,Asia/Taipei,C
-1.008,-4.967,-0.792,-2.642,-1.017,-1.583,-2.517,-0.883,,,-1.542,taipei,2026-07-08,RCSS,33.3,29.9,34.0,32.9,35.7,33.6,32.7,34.2,,,34.7,1.528,35.236,9,35.0,12,1.434,Asia/Taipei,C
-1.062,-4.977,-0.808,-2.6,-0.885,-1.569,-2.5,-0.877,,,-1.446,taipei,2026-07-09,RCSS,34.1,31.7,34.6,33.1,35.6,34.4,32.4,34.4,,,34.1,1.137,35.696,9,35.0,13,1.379,Asia/Taipei,C
-1.05,-4.857,-0.779,-2.55,-0.779,-1.5,-2.507,-0.857,,,-1.407,taipei,2026-07-10,RCSS,32.0,26.8,31.8,31.6,32.1,31.1,29.7,32.1,,,31.3,1.627,32.721,9,33.0,14,1.342,Asia/Taipei,C
-1.286,-5.179,-1.057,-2.55,-0.821,-1.664,-2.679,-1.029,,,-1.493,taipei,2026-07-11,RCSS,27.7,24.8,28.5,27.6,28.7,29.7,28.2,30.2,,,28.4,1.445,30.019,9,28.0,14,1.338,Asia/Taipei,C
-1.493,-5.107,-1.107,-2.621,-0.786,-1.4,-2.614,-1.007,,,-1.429,taipei,2026-07-12,RCSS,34.9,31.7,35.0,33.6,34.9,35.3,34.4,33.9,,,36.0,1.174,36.368,9,36.0,14,1.443,Asia/Taipei,C
-1.379,-4.914,-1.0,-2.414,-0.664,-1.179,-2.371,-0.964,,,-1.171,taipei,2026-07-13,RCSS,31.7,27.9,32.4,28.8,32.4,32.1,31.2,34.0,,,32.5,1.813,33.206,9,33.0,14,1.022,Asia/Taipei,C
-1.386,-4.914,-1.0,-2.464,-0.6,-1.157,-2.264,-0.779,,,-1.136,taipei,2026-07-14,RCSS,33.3,30.0,33.7,32.1,35.3,34.0,33.2,34.0,,,34.5,1.449,35.057,9,35.0,14,0.869,Asia/Taipei,C
-1.421,-4.9,-1.043,-2.479,-0.579,-1.171,-2.264,-0.771,,,-1.093,taipei,2026-07-15,RCSS,33.6,29.8,34.3,32.2,34.4,33.7,32.4,33.4,,,33.1,1.33,34.801,9,35.0,14,0.754,Asia/Taipei,C
-1.407,-4.943,-1.007,-2.536,-0.471,-1.171,-2.257,-0.821,,,-1.193,taipei,2026-07-16,RCSS,33.7,31.0,34.0,32.6,35.3,34.5,33.4,34.1,,,35.2,1.259,35.488,9,36.0,14,0.743,Asia/Taipei,C
-1.507,-5.014,-1.1,-2.65,-0.536,-1.157,-2.286,-0.921,,,-1.221,taipei,2026-07-17,RCSS,33.6,32.3,34.1,33.2,36.1,34.4,34.5,33.9,,,35.9,1.14,35.988,9,36.0,14,0.755,Asia/Taipei,C
-1.543,-4.857,-1.079,-2.65,-0.4,-1.107,-2.221,-0.971,,,-1.05,taipei,2026-07-18,RCSS,33.1,30.9,33.4,33.5,36.4,34.3,33.5,33.7,,,35.3,1.434,35.465,9,36.0,14,0.689,Asia/Taipei,C
-1.621,-4.793,-1.171,-2.571,-0.307,-1.15,-2.229,-1.036,,,-1.014,taipei,2026-07-19,RCSS,32.9,29.6,33.7,32.7,37.0,34.8,32.2,33.5,,,35.2,1.966,35.239,9,36.0,14,0.686,Asia/Taipei,C
-1.693,-4.936,-1.236,-2.593,-0.171,-1.129,-2.271,-1.086,,,-0.936,taipei,2026-07-20,RCSS,32.9,29.0,33.5,31.8,37.0,34.1,33.0,32.6,,,34.8,2.055,34.967,9,34.0,14,0.701,Asia/Taipei,C
-1.643,-4.879,-1.207,-2.529,0.179,-0.986,-2.157,-1.071,,,-0.743,taipei,2026-07-21,RCSS,33.7,28.9,33.7,33.1,36.6,34.1,32.7,34.0,,,34.7,1.935,35.151,9,34.0,14,0.727,Asia/Taipei,C
-1.536,-4.836,-1.093,-2.371,0.393,-0.85,-2.036,-1.0,,,-0.45,taipei,2026-07-22,RCSS,33.1,30.0,33.2,32.7,35.7,33.8,31.9,33.2,,,33.8,1.451,34.6,9,36.0,14,0.77,Asia/Taipei,C
-1.621,-4.9,-1.221,-2.457,0.321,-0.907,-2.164,-1.143,,,-0.586,taipei,2026-07-23,RCSS,32.6,28.5,33.0,32.5,33.8,31.9,31.7,33.3,,,32.7,1.451,33.844,9,34.0,14,0.854,Asia/Taipei,C
-1.657,-5.057,-1.264,-2.429,0.264,-1.014,-2.143,-1.15,,,-0.614,taipei,2026-07-24,RCSS,33.4,30.6,33.6,33.9,34.5,35.9,32.3,33.8,,,34.1,1.382,35.219,9,36.0,14,0.834,Asia/Taipei,C
-1.771,-5.0,-1.35,-2.479,0.221,-0.886,-2.171,-1.243,,,-0.629,taipei,2026-07-25,RCSS,34.4,31.5,35.0,34.9,36.1,35.9,33.1,33.9,,,34.7,1.341,36.131,9,36.0,14,0.857,Asia/Taipei,C
-1.864,-5.093,-1.457,-2.529,0.179,-1.014,-2.393,-1.55,,,-0.75,taipei,2026-07-26,RCSS,34.3,32.0,34.4,33.8,35.3,35.0,32.5,34.6,,,34.2,1.034,35.899,9,36.0,14,0.667,Asia/Taipei,C
-1.907,-5.071,-1.5,-2.514,0.207,-1.036,-2.529,-1.5,,,-0.879,taipei,2026-07-27,RCSS,33.0,28.5,33.3,32.7,34.1,34.2,31.0,32.9,,,32.3,1.66,34.349,9,35.0,14,0.66,Asia/Taipei,C
-1.957,-5.171,-1.579,-2.379,0.186,-1.029,-2.686,-1.721,,,-1.036,taipei,2026-07-28,RCSS,34.1,32.1,34.7,33.2,33.2,35.7,32.7,34.2,,,33.7,1.025,35.732,9,36.0,14,0.68,Asia/Taipei,C
-1.971,-5.093,-1.579,-2.371,-0.036,-0.979,-2.793,-1.779,,,-1.164,taipei,2026-07-29,RCSS,35.4,31.8,34.6,34.1,36.3,34.9,32.2,34.2,,,33.4,1.367,36.226,9,36.0,14,0.684,Asia/Taipei,C
-1.914,-5.021,-1.629,-2.307,0.029,-0.964,-2.879,-1.793,,,-1.214,taipei,2026-07-30,RCSS,33.4,30.7,33.7,32.4,34.0,33.7,31.6,33.3,,,33.4,1.05,34.944,9,35.0,14,0.684,Asia/Taipei,C
-1.864,-4.971,-1.579,-2.25,0.007,-0.95,-2.936,-1.779,,,-1.271,taipei,2026-07-31,RCSS,36.1,31.1,32.9,33.8,34.9,33.6,32.4,34.5,,,34.0,1.376,35.764,9,37.0,14,0.671,Asia/Taipei,C
-1.757,-5.129,-1.736,-2.279,-0.15,-1.079,-3.157,-1.807,,,-1.479,taipei,2026-08-01,RCSS,34.6,30.5,34.4,34.1,36.3,34.6,32.3,34.5,,,35.2,1.598,36.127,9,36.0,14,0.748,Asia/Taipei,C
-1.65,-5.157,-1.664,-2.236,-0.157,-1.057,-3.243,-1.75,,,-1.486,taipei,2026-08-02,RCSS,35.6,31.7,36.3,35.6,36.4,35.8,33.1,35.4,,,34.4,1.49,37.017,9,36.0,14,0.735,Asia/Taipei,C
-1.457,-5.007,-1.479,-2.029,-0.2,-0.986,-3.179,-1.614,,,-1.543,taipei,2026-08-03,RCSS,36.3,31.9,36.7,35.9,36.4,35.5,33.8,35.1,,,35.5,1.431,37.239,9,37.0,14,0.756,Asia/Taipei,C
-1.429,-5.014,-1.464,-1.95,-0.457,-1.1,-3.336,-1.65,,,-1.707,taipei,2026-08-04,RCSS,35.6,31.4,36.4,35.3,36.1,35.1,33.9,35.1,,,34.0,1.427,36.814,9,35.0,14,0.714,Asia/Taipei,C
-1.364,-4.907,-1.343,-1.864,-0.564,-1.1,-3.321,-1.643,,,-1.829,taipei,2026-08-05,RCSS,36.4,30.4,36.3,34.4,36.3,35.9,33.3,35.4,,,34.2,1.848,36.813,9,36.0,14,0.806,Asia/Taipei,C
-1.129,-4.879,-1.121,-1.743,-0.521,-0.95,-3.221,-1.486,,,-1.8,taipei,2026-08-06,RCSS,33.9,30.0,34.6,34.3,35.9,33.8,31.9,35.2,,,32.7,1.704,35.415,9,36.0,14,0.746,Asia/Taipei,C
-1.179,-4.914,-1.15,-1.757,-0.514,-0.957,-3.35,-1.493,,,-1.943,taipei,2026-08-07,RCSS,32.0,29.3,32.7,32.4,34.2,32.2,31.4,33.3,,,32.7,1.283,34.056,9,33.0,14,0.762,Asia/Taipei,C
-1.064,-4.793,-1.0,-1.65,-0.321,-1.007,-3.2,-1.314,,,-1.829,taipei,2026-08-08,RCSS,29.8,24.9,31.7,28.3,32.1,32.0,28.3,31.5,,,31.7,2.316,31.76,9,35.0,14,0.785,Asia/Taipei,C
-1.321,-5.193,-1.164,-2.05,-0.536,-1.214,-3.471,-1.414,,,-1.971,taipei,2026-08-09,RCSS,27.1,25.6,27.8,27.0,26.6,29.3,26.3,30.5,,,30.6,1.732,29.701,9,29.0,14,1.168,Asia/Taipei,C
-1.336,-5.15,-1.136,-2.036,-0.657,-1.121,-3.414,-1.207,,,-1.729,taipei,2026-08-10,RCSS,31.7,28.5,31.2,32.4,33.8,32.1,31.4,31.2,,,33.4,1.444,33.604,9,35.0,14,1.183,Asia/Taipei,C
-1.429,-5.15,-1.286,-2.057,-0.679,-1.271,-3.386,-1.329,,,-1.65,taipei,2026-08-11,RCSS,32.9,29.4,33.1,31.8,35.0,33.6,33.2,34.3,,,33.1,1.508,34.869,9,35.0,14,1.228,Asia/Taipei,C
-1.443,-5.271,-1.329,-2.086,-0.479,-1.35,-3.279,-1.25,,,-1.621,taipei,2026-08-12,RCSS,32.9,29.8,32.9,32.7,36.0,34.2,33.7,34.2,,,33.8,1.571,35.236,9,36.0,14,1.226,Asia/Taipei,C
-1.621,-5.414,-1.45,-2.186,-0.5,-1.4,-3.171,-1.25,,,-1.593,taipei,2026-08-13,RCSS,33.8,30.7,34.6,32.6,35.7,34.8,33.8,34.4,,,34.6,1.384,35.935,9,36.0,14,1.242,Asia/Taipei,C
-1.664,-5.486,-1.457,-2.243,-0.45,-1.393,-3.086,-1.243,,,-1.579,taipei,2026-08-14,RCSS,34.1,30.4,34.8,32.9,34.9,33.9,33.8,35.1,,,35.4,1.445,35.952,9,37.0,14,1.242,Asia/Taipei,C
-1.807,-5.536,-1.321,-2.307,-0.45,-1.371,-2.986,-1.2,,,-1.479,taipei,2026-08-15,RCSS,33.0,28.3,33.3,32.8,34.5,34.6,32.8,34.9,,,34.6,1.911,35.123,9,36.0,14,1.229,Asia/Taipei,C
-1.921,-5.693,-1.4,-2.4,-0.579,-1.371,-2.95,-1.171,,,-1.521,taipei,2026-08-16,RCSS,32.9,29.1,33.4,32.0,35.7,32.3,31.4,33.9,,,34.2,1.779,34.895,9,36.0,14,1.251,Asia/Taipei,C
-2.114,-5.879,-1.607,-2.657,-0.629,-1.621,-3.071,-1.279,,,-1.536,taipei,2026-08-17,RCSS,34.0,31.9,35.1,33.0,35.3,34.6,32.0,34.8,,,34.3,1.215,36.249,9,36.0,14,1.256,Asia/Taipei,C
-2.207,-5.807,-1.65,-2.793,-0.636,-1.614,-3.129,-1.229,,,-1.55,taipei,2026-08-18,RCSS,32.9,30.4,33.4,32.1,32.6,32.2,31.8,32.6,,,32.2,0.792,34.625,9,34.0,14,1.257,Asia/Taipei,C
-2.329,-5.807,-1.793,-2.95,-0.814,-1.75,-3.207,-1.336,,,-1.607,taipei,2026-08-19,RCSS,30.6,27.9,30.8,30.6,33.6,30.6,28.5,31.4,,,30.4,1.539,32.943,9,32.0,14,1.171,Asia/Taipei,C
-2.457,-5.7,-1.9,-2.936,-0.721,-1.843,-3.264,-1.336,,,-1.593,taipei,2026-08-20,RCSS,31.2,26.1,31.9,31.1,31.4,31.3,28.8,32.3,,,30.1,1.823,32.924,9,33.0,14,1.178,Asia/Taipei,C
-2.436,-5.764,-1.879,-2.95,-0.829,-1.807,-3.271,-1.329,,,-1.564,taipei,2026-08-21,RCSS,31.8,27.4,31.7,30.9,32.2,30.4,30.6,31.9,,,30.6,1.365,33.319,9,34.0,14,1.168,Asia/Taipei,C
-2.521,-5.971,-2.021,-3.129,-1.043,-2.007,-3.4,-1.5,,,-1.786,taipei,2026-08-22,RCSS,32.8,27.3,33.4,30.5,31.1,32.1,30.8,32.6,,,31.1,1.698,34.021,9,35.0,14,1.148,Asia/Taipei,C
-2.307,-5.8,-1.9,-2.971,-1.114,-2.0,-3.221,-1.421,,,-1.829,taipei,2026-08-23,RCSS,31.2,28.1,31.2,29.9,30.5,32.5,27.9,32.0,,,32.5,1.63,33.208,9,32.0,14,0.798,Asia/Taipei,C
-2.229,-5.836,-1.871,-2.979,-1.05,-1.986,-3.321,-1.529,,,-1.907,taipei,2026-08-24,RCSS,27.8,24.7,28.4,28.3,27.4,29.3,27.7,30.1,,,28.4,1.41,30.414,9,31.0,14,0.84,Asia/Taipei,C
-2.221,-5.821,-1.786,-2.986,-1.221,-1.9,-3.3,-1.321,,,-1.979,taipei,2026-08-25,RCSS,29.7,25.6,29.8,27.0,28.0,28.6,27.0,29.3,,,28.9,1.348,30.856,9,30.0,14,0.768,Asia/Taipei,C
-2.093,-5.736,-1.664,-2.971,-1.364,-1.9,-3.386,-1.321,,,-1.921,taipei,2026-08-26,RCSS,30.8,28.9,30.8,29.6,30.2,30.2,28.9,30.4,,,31.6,0.846,32.706,9,32.0,14,0.801,Asia/Taipei,C
-1.957,-5.514,-1.529,-2.907,-1.493,-1.9,-3.443,-1.307,,,-1.793,taipei,2026-08-27,RCSS,33.0,31.4,33.7,31.9,33.8,34.2,31.9,33.9,,,34.2,1.038,35.54,9,35.0,14,0.797,Asia/Taipei,C
-1.943,-5.393,-1.521,-2.886,-1.557,-1.871,-3.507,-1.271,,,-1.75,taipei,2026-08-28,RCSS,33.8,31.0,33.6,33.4,33.9,35.2,31.8,34.9,,,35.5,1.413,36.029,9,37.0,14,0.81,Asia/Taipei,C
-1.964,-5.35,-1.607,-2.85,-1.629,-1.779,-3.65,-1.286,,,-1.743,taipei,2026-08-29,RCSS,32.9,28.4,33.4,32.3,34.0,33.0,31.5,33.5,,,33.9,1.642,34.934,9,35.0,14,0.803,Asia/Taipei,C
-1.9,-5.271,-1.529,-2.814,-1.593,-1.821,-3.671,-1.314,,,-1.721,taipei,2026-08-30,RCSS,34.3,31.2,34.2,31.9,34.6,34.7,31.9,34.4,,,34.4,1.325,35.983,9,35.0,14,0.768,Asia/Taipei,C
-1.729,-5.05,-1.4,-2.75,-1.6,-1.579,-3.564,-1.207,,,-1.636,taipei,2026-08-31,RCSS,32.2,30.1,32.9,32.3,33.3,34.0,30.8,33.5,,,32.3,1.19,34.613,9,34.0,14,0.756,Asia/Taipei,C
-1.714,-5.036,-1.414,-2.657,-1.6,-1.479,-3.507,-1.157,,,-1.636,taipei,2026-09-01,RCSS,31.3,26.7,32.2,31.5,33.0,31.0,29.1,32.2,,,30.7,1.802,33.087,9,32.0,14,0.771,Asia/Taipei,C
-1.686,-5.157,-1.357,-2.557,-1.429,-1.421,-3.557,-1.043,,,-1.6,taipei,2026-09-02,RCSS,32.4,30.1,32.7,30.3,33.2,32.5,31.2,31.7,,,31.9,1.008,34.068,9,33.0,14,0.807,Asia/Taipei,C
-1.629,-5.071,-1.293,-2.65,-1.529,-1.357,-3.436,-1.093,,,-1.564,taipei,2026-09-03,RCSS,27.9,25.7,29.1,29.1,29.8,29.0,27.3,29.6,,,27.9,1.235,30.472,9,30.0,14,0.818,Asia/Taipei,C
-1.65,-4.886,-1.279,-2.579,-1.429,-1.307,-3.329,-1.071,,,-1.507,taipei,2026-09-04,RCSS,27.6,25.1,28.0,26.0,29.0,26.9,26.3,29.0,,,26.6,1.264,29.313,9,27.0,14,0.827,Asia/Taipei,C
-1.45,-4.55,-1.043,-2.429,-1.157,-1.057,-3.136,-0.779,,,-1.293,taipei,2026-09-05,RCSS,30.4,26.8,30.5,27.7,28.7,29.3,29.7,30.2,,,30.0,1.214,31.173,9,31.0,14,1.017,Asia/Taipei,C
-1.336,-4.3,-0.964,-2.343,-1.043,-0.971,-2.929,-0.664,,,-1.086,taipei,2026-09-06,RCSS,25.8,23.7,25.7,24.8,24.8,26.3,26.4,27.5,,,26.4,1.065,27.34,9,25.0,14,0.983,Asia/Taipei,C
-1.221,-4.114,-0.857,-2.207,-0.95,-0.914,-2.536,-0.486,,,-1.021,taipei,2026-09-07,RCSS,30.3,26.7,30.6,29.0,30.7,28.9,29.5,29.6,,,30.1,1.16,31.121,9,31.0,14,1.12,Asia/Taipei,C
-1.043,-3.971,-0.7,-2.157,-0.714,-0.943,-2.407,-0.521,,,-0.9,taipei,2026-09-08,RCSS,29.5,26.3,29.9,28.4,31.3,29.4,28.1,30.3,,,29.4,1.355,30.665,9,32.0,14,1.109,Asia/Taipei,C
-1.2,-4.064,-0.836,-2.2,-0.621,-1.029,-2.471,-0.593,,,-1.007,taipei,2026-09-09,RCSS,29.0,25.4,29.4,28.8,30.3,29.3,28.8,30.0,,,28.2,1.344,30.3,9,31.0,14,1.143,Asia/Taipei,C
-1.257,-4.243,-0.864,-2.186,-0.543,-1.021,-2.407,-0.55,,,-1.179,taipei,2026-09-10,RCSS,28.9,25.5,29.2,27.8,28.9,28.9,27.8,29.7,,,28.3,1.163,29.918,9,31.0,14,1.142,Asia/Taipei,C
-1.264,-4.379,-0.9,-2.193,-0.607,-1.114,-2.414,-0.564,,,-1.314,taipei,2026-09-11,RCSS,28.2,24.8,28.9,26.4,27.2,27.8,27.9,28.1,,,28.0,1.15,29.144,9,29.0,14,1.169,Asia/Taipei,C
-1.093,-4.25,-0.664,-2.121,-0.514,-1.071,-2.121,-0.479,,,-1.279,taipei,2026-09-12,RCSS,30.6,28.9,32.2,30.6,32.0,31.2,29.6,31.1,,,30.5,0.991,32.283,9,32.0,14,1.141,Asia/Taipei,C
-1.043,-4.0,-0.536,-2.029,-0.443,-0.986,-2.043,-0.436,,,-1.307,taipei,2026-09-13,RCSS,33.3,30.6,33.8,32.1,33.8,33.6,32.2,33.2,,,33.6,1.015,34.358,9,34.0,14,1.143,Asia/Taipei,C
-1.043,-3.971,-0.493,-1.943,-0.429,-0.993,-1.95,-0.45,,,-1.293,taipei,2026-09-14,RCSS,30.7,29.1,32.0,31.0,32.4,32.0,30.2,32.4,,,31.3,1.047,32.575,9,33.0,14,1.117,Asia/Taipei,C
-1.079,-3.971,-0.486,-1.964,-0.421,-1.064,-1.921,-0.457,,,-1.293,taipei,2026-09-15,RCSS,28.2,24.7,27.2,28.5,28.2,28.4,27.1,28.3,,,28.2,1.146,28.975,9,29.0,14,1.111,Asia/Taipei,C
-1.086,-3.9,-0.629,-1.964,-0.55,-1.036,-1.85,-0.521,,,-1.257,taipei,2026-09-16,RCSS,28.4,26.0,29.0,28.1,29.1,28.8,27.7,29.3,,,28.9,0.966,29.756,9,30.0,14,1.072,Asia/Taipei,C
-1.157,-3.979,-0.679,-1.907,-0.629,-1.086,-1.886,-0.479,,,-1.257,taipei,2026-09-17,RCSS,30.5,28.9,31.7,30.2,30.8,30.8,28.6,31.4,,,30.3,0.974,31.861,9,32.0,14,1.035,Asia/Taipei,C
-1.114,-3.893,-0.636,-1.971,-0.7,-1.1,-1.936,-0.493,,,-1.229,taipei,2026-09-18,RCSS,30.4,27.6,31.6,29.6,29.7,30.4,28.7,31.5,,,30.1,1.194,31.436,9,32.0,14,1.028,Asia/Taipei,C
-1.271,-4.071,-0.736,-2.071,-1.007,-1.207,-2.121,-0.671,,,-1.336,taipei,2026-09-19,RCSS,31.2,28.8,31.8,30.8,32.3,31.6,29.3,31.6,,,31.0,1.096,32.582,9,34.0,14,0.835,Asia/Taipei,C
-1.429,-4.143,-0.857,-2.064,-0.964,-1.257,-2.364,-0.786,,,-1.479,taipei,2026-09-20,RCSS,31.5,27.8,32.2,30.8,32.0,30.8,28.9,31.5,,,30.5,1.371,32.452,9,33.0,14,0.916,Asia/Taipei,C
-1.593,-4.421,-0.964,-2.207,-1.021,-1.507,-2.757,-1.071,,,-1.757,taipei,2026-09-21,RCSS,30.7,28.1,31.7,30.5,31.0,30.2,28.5,31.0,,,29.7,1.126,32.135,9,32.0,14,0.685,Asia/Taipei,C
-1.636,-4.393,-0.957,-2.171,-1.071,-1.486,-2.9,-1.043,,,-1.857,taipei,2026-09-22,RCSS,30.2,28.8,31.4,30.8,30.7,30.4,28.8,31.8,,,30.7,0.97,32.31,9,33.0,14,0.686,Asia/Taipei,C
-1.657,-4.286,-0.921,-2.071,-1.186,-1.486,-2.921,-1.007,,,-1.836,taipei,2026-09-23,RCSS,30.9,28.7,32.4,31.8,31.7,31.3,29.1,32.3,,,30.3,1.258,32.866,9,32.0,14,0.614,Asia/Taipei,C
-0.36,-1.2,0.8,-1.5,-1.34,0.16,-1.72,1.06,,,-0.02,karachi,2026-07-01,OPKC,32.9,32.0,34.2,33.4,31.9,34.6,32.8,35.2,,,34.3,1.1,33.799,9,32.0,0,1.2,Asia/Karachi,C
-0.15,-1.0,1.033,-1.017,-1.133,0.567,-1.3,1.417,,,0.367,karachi,2026-07-02,OPKC,34.3,33.0,35.3,33.3,32.9,34.7,32.5,35.8,,,33.7,1.081,34.112,9,34.0,0,1.2,Asia/Karachi,C
-0.086,-1.0,1.071,-0.971,-1.129,0.586,-1.329,1.471,,,0.271,karachi,2026-07-03,OPKC,35.2,34.3,36.3,33.8,33.3,34.2,32.4,36.9,,,34.9,1.335,34.787,9,36.0,0,1.2,Asia/Karachi,C
-0.175,-1.088,0.975,-1.125,-1.325,0.287,-1.612,1.4,,,0.1,karachi,2026-07-04,OPKC,34.6,32.7,36.0,34.2,33.1,35.1,32.9,36.5,,,36.5,1.427,34.848,9,34.0,8,0.851,Asia/Karachi,C
-0.089,-1.111,1.089,-0.978,-1.278,0.378,-1.556,1.522,,,0.367,karachi,2026-07-05,OPKC,35.3,33.1,36.4,34.7,32.7,36.0,32.8,36.8,,,37.0,1.637,35.134,9,34.0,9,0.851,Asia/Karachi,C
0.05,-1.09,1.22,-0.81,-1.28,0.54,-1.52,1.65,,,0.63,karachi,2026-07-06,OPKC,36.3,34.0,37.7,34.9,33.4,35.9,33.1,38.4,,,37.1,1.801,35.743,9,36.0,10,0.883,Asia/Karachi,C
0.073,-1.173,1.264,-0.836,-1.4,0.482,-1.645,1.718,,,0.673,karachi,2026-07-07,OPKC,36.4,34.0,37.3,35.1,31.5,34.9,33.2,37.8,,,35.6,1.882,35.238,9,35.0,11,0.845,Asia/Karachi,C
0.183,-1.158,1.35,-0.758,-1.575,0.433,-1.658,1.808,,,0.667,karachi,2026-07-08,OPKC,34.2,33.1,35.0,34.4,32.6,34.6,33.2,36.5,,,36.2,1.267,34.388,9,34.0,12,0.812,Asia/Karachi,C
0.185,-1.138,1.323,-0.669,-1.562,0.446,-1.592,1.862,,,0.785,karachi,2026-07-09,OPKC,34.1,32.6,34.8,33.4,32.1,33.8,33.0,35.7,,,35.2,1.143,33.851,9,34.0,13,0.788,Asia/Karachi,C
0.179,-1.157,1.286,-0.664,-1.586,0.4,-1.55,1.85,,,0.814,karachi,2026-07-10,OPKC,33.4,32.0,33.8,32.6,32.2,33.4,31.9,35.3,,,33.6,1.025,33.157,9,33.0,14,0.76,Asia/Karachi,C
0.243,-1.179,1.279,-0.536,-1.486,0.4,-1.5,1.936,,,0.936,karachi,2026-07-11,OPKC,32.7,32.0,33.9,33.2,31.8,33.3,32.6,34.5,,,33.4,0.818,32.962,9,34.0,14,0.744,Asia/Karachi,C
0.193,-1.221,1.193,-0.457,-1.543,0.4,-1.479,1.864,,,0.871,karachi,2026-07-12,OPKC,34.4,32.9,35.4,34.4,31.8,33.5,32.7,34.9,,,33.4,1.09,33.779,9,33.0,14,0.782,Asia/Karachi,C
0.3,-1.136,1.293,-0.257,-1.564,0.379,-1.393,1.943,,,0.85,karachi,2026-07-13,OPKC,33.7,31.9,34.3,33.6,30.4,33.1,31.9,35.3,,,32.8,1.377,32.951,9,33.0,14,0.808,Asia/Karachi,C
0.35,-1.136,1.321,-0.15,-1.657,0.386,-1.343,2.029,,,0.771,karachi,2026-07-14,OPKC,32.6,31.6,33.4,32.3,31.5,32.7,31.6,34.8,,,32.2,0.994,32.439,9,33.0,14,0.806,Asia/Karachi,C
0.364,-1.129,1.343,-0.121,-1.7,0.343,-1.314,2.1,,,0.779,karachi,2026-07-15,OPKC,33.0,32.3,33.9,31.1,32.6,32.7,31.1,34.7,,,32.2,1.106,32.642,9,34.0,14,0.804,Asia/Karachi,C
0.229,-1.25,1.179,-0.429,-1.793,0.064,-1.579,1.921,,,0.486,karachi,2026-07-16,OPKC,33.0,31.7,33.8,32.4,32.2,34.3,31.6,35.2,,,33.1,1.146,33.133,9,33.0,14,0.739,Asia/Karachi,C
0.207,-1.271,1.143,-0.421,-1.771,0.107,-1.571,1.95,,,0.514,karachi,2026-07-17,OPKC,33.1,32.4,34.5,32.3,32.4,33.8,31.6,35.0,,,33.9,1.077,33.357,9,34.0,14,0.74,Asia/Karachi,C
0.2,-1.264,1.157,-0.386,-1.693,0.221,-1.486,1.957,,,0.586,karachi,2026-07-18,OPKC,32.9,32.1,33.7,32.0,32.0,33.6,31.1,33.7,,,33.7,0.926,32.875,9,33.0,14,0.687,Asia/Karachi,C
0.15,-1.236,1.064,-0.471,-1.7,0.186,-1.543,1.829,,,0.457,karachi,2026-07-19,OPKC,31.2,30.4,32.3,31.3,30.6,33.4,30.9,33.5,,,32.7,1.122,31.856,9,32.0,14,0.649,Asia/Karachi,C
0.0,-1.286,0.914,-0.571,-1.707,0.143,-1.536,1.736,,,0.293,karachi,2026-07-20,OPKC,32.6,30.9,33.2,31.7,31.4,32.7,31.3,32.2,,,32.9,0.76,32.377,9,32.0,14,0.575,Asia/Karachi,C
0.021,-1.221,0.879,-0.514,-1.564,0.2,-1.379,1.579,,,0.279,karachi,2026-07-21,OPKC,31.4,31.1,32.1,31.9,32.2,32.9,31.3,34.2,,,33.3,0.967,32.337,9,33.0,14,0.58,Asia/Karachi,C
-0.193,-1.286,0.65,-0.6,-1.371,0.2,-1.371,1.464,,,0.257,karachi,2026-07-22,OPKC,32.9,33.0,34.0,33.6,32.6,33.7,31.5,35.4,,,33.8,1.017,33.609,9,34.0,14,0.603,Asia/Karachi,C
-0.286,-1.293,0.579,-0.657,-1.371,0.136,-1.493,1.386,,,0.086,karachi,2026-07-23,OPKC,36.0,34.5,36.5,33.8,33.0,33.6,32.5,37.4,,,35.8,1.604,35.243,9,34.0,14,0.603,Asia/Karachi,C
-0.15,-1.157,0.7,-0.629,-1.307,0.121,-1.529,1.507,,,0.129,karachi,2026-07-24,OPKC,35.3,34.0,35.9,34.3,32.4,34.2,33.1,37.4,,,36.0,1.473,34.997,9,34.0,14,0.688,Asia/Karachi,C
-0.086,-1.086,0.779,-0.579,-1.364,0.107,-1.514,1.586,,,0.229,karachi,2026-07-25,OPKC,34.2,32.9,35.0,32.9,33.0,33.5,31.6,36.8,,,34.3,1.416,34.049,9,33.0,14,0.736,Asia/Karachi,C
0.093,-0.95,0.929,-0.529,-1.207,0.193,-1.514,1.821,,,0.364,karachi,2026-07-26,OPKC,35.0,33.1,35.5,35.4,34.1,35.0,31.6,36.7,,,36.5,1.529,34.836,9,35.0,14,0.737,Asia/Karachi,C
-0.007,-1.079,0.793,-0.6,-1.186,0.157,-1.736,1.807,,,0.443,karachi,2026-07-27,OPKC,34.7,32.8,34.9,33.9,32.8,34.3,31.8,36.4,,,35.6,1.386,34.295,9,34.0,14,0.709,Asia/Karachi,C
-0.007,-1.086,0.764,-0.65,-1.086,0.171,-1.814,1.814,,,0.571,karachi,2026-07-28,OPKC,33.2,31.8,33.9,33.7,32.6,34.7,31.6,35.6,,,35.0,1.319,33.621,9,33.0,14,0.713,Asia/Karachi,C
0.036,-1.071,0.8,-0.55,-1.007,0.314,-1.814,1.871,,,0.771,karachi,2026-07-29,OPKC,35.6,31.9,35.8,34.8,33.6,35.6,32.1,37.1,,,35.5,1.668,34.757,9,34.0,14,0.716,Asia/Karachi,C
0.221,-1.1,0.936,-0.286,-0.936,0.521,-1.743,2.043,,,1.007,karachi,2026-07-30,OPKC,35.6,33.5,36.5,34.7,33.6,34.8,32.8,38.1,,,37.0,1.671,35.104,9,35.0,14,0.65,Asia/Karachi,C
0.264,-1.114,0.986,-0.264,-0.979,0.414,-1.8,2.107,,,1.143,karachi,2026-07-31,OPKC,36.1,34.2,37.1,33.6,34.5,35.0,32.6,38.0,,,37.6,1.779,35.421,9,35.0,14,0.65,Asia/Karachi,C
0.407,-1.057,1.1,-0.243,-0.9,0.429,-1.8,2.25,,,1.336,karachi,2026-08-01,OPKC,35.1,33.7,35.9,34.4,31.4,35.0,32.7,35.4,,,33.9,1.343,34.082,9,35.0,14,0.636,Asia/Karachi,C
0.421,-1.086,1.114,-0.214,-1.086,0.386,-1.829,2.229,,,1.207,karachi,2026-08-02,OPKC,30.3,29.8,30.1,32.4,31.2,31.2,31.3,31.6,,,30.2,0.801,30.624,9,30.0,14,0.681,Asia/Karachi,C
0.5,-0.986,1.1,0.007,-0.9,0.371,-1.657,2.236,,,1.171,karachi,2026-08-03,OPKC,32.4,31.6,33.3,32.5,31.5,32.8,31.8,31.3,,,32.8,0.656,32.062,9,33.0,14,0.7,Asia/Karachi,C
0.414,-1.007,1.036,-0.007,-0.964,0.307,-1.693,2.1,,,1.093,karachi,2026-08-04,OPKC,33.7,32.4,34.3,33.0,31.7,33.7,31.5,35.1,,,33.6,1.12,33.111,9,33.0,14,0.737,Asia/Karachi,C
0.579,-0.914,1.193,0.071,-1.0,0.364,-1.679,2.164,,,1.114,karachi,2026-08-05,OPKC,33.4,31.4,34.0,32.5,31.4,33.6,31.0,35.0,,,32.4,1.276,32.564,9,32.0,14,0.716,Asia/Karachi,C
0.757,-0.886,1.336,0.136,-0.943,0.5,-1.571,2.279,,,1.157,karachi,2026-08-06,OPKC,33.1,31.2,34.0,32.3,30.6,33.1,31.1,35.1,,,34.2,1.468,32.405,9,33.0,14,0.724,Asia/Karachi,C
0.621,-1.05,1.229,0.1,-1.043,0.536,-1.6,2.186,,,1.114,karachi,2026-08-07,OPKC,33.7,31.7,34.4,32.1,31.7,33.5,30.9,34.8,,,34.1,1.323,32.817,9,33.0,14,0.663,Asia/Karachi,C
0.579,-1.143,1.193,0.014,-1.021,0.557,-1.686,2.071,,,1.05,karachi,2026-08-08,OPKC,33.5,31.7,34.2,32.1,32.4,33.7,31.1,35.5,,,34.7,1.39,33.035,9,34.0,14,0.609,Asia/Karachi,C
0.457,-1.3,1.064,-0.114,-1.136,0.5,-1.793,1.907,,,1.007,karachi,2026-08-09,OPKC,33.8,31.9,34.8,32.4,32.2,33.9,31.2,36.2,,,34.3,1.511,33.361,9,33.0,14,0.599,Asia/Karachi,C
0.514,-1.243,1.157,-0.186,-1.129,0.564,-1.679,2.014,,,0.993,karachi,2026-08-10,OPKC,33.2,31.1,33.6,32.8,31.4,33.0,31.3,35.2,,,34.6,1.367,32.738,9,32.0,14,0.605,Asia/Karachi,C
0.55,-1.221,1.207,-0.121,-1.086,0.614,-1.571,2.071,,,1.064,karachi,2026-08-11,OPKC,32.5,30.5,33.4,31.1,31.5,32.5,31.0,34.4,,,34.0,1.316,32.136,9,32.0,14,0.632,Asia/Karachi,C
0.571,-1.243,1.243,-0.236,-1.093,0.529,-1.543,2.057,,,1.064,karachi,2026-08-12,OPKC,32.9,30.6,33.7,32.3,31.6,32.8,30.7,34.5,,,34.3,1.356,32.424,9,33.0,14,0.61,Asia/Karachi,C
0.45,-1.264,1.164,-0.343,-1.164,0.4,-1.571,1.943,,,1.05,karachi,2026-08-13,OPKC,33.1,31.0,33.8,32.2,31.5,33.2,30.9,33.5,,,34.1,1.151,32.541,9,33.0,14,0.596,Asia/Karachi,C
0.414,-1.3,1.114,-0.379,-1.171,0.429,-1.564,1.757,,,0.986,karachi,2026-08-14,OPKC,31.9,30.6,32.4,31.3,30.8,32.5,30.2,33.2,,,32.6,0.981,31.675,9,32.0,14,0.608,Asia/Karachi,C
0.329,-1.343,0.993,-0.329,-1.221,0.464,-1.521,1.629,,,0.843,karachi,2026-08-15,OPKC,31.7,29.9,32.6,31.5,30.9,32.3,30.2,33.0,,,32.8,1.066,31.644,9,31.0,14,0.604,Asia/Karachi,C
0.371,-1.329,1.043,-0.25,-0.971,0.557,-1.414,1.743,,,1.05,karachi,2026-08-16,OPKC,31.6,29.8,32.3,31.6,31.2,32.9,31.1,32.8,,,32.2,0.913,31.58,9,32.0,14,0.578,Asia/Karachi,C
0.321,-1.471,1.057,-0.45,-1.114,0.536,-1.571,1.686,,,1.05,karachi,2026-08-17,OPKC,31.7,30.4,32.5,31.4,30.9,32.6,30.9,33.8,,,31.9,0.994,31.734,9,31.0,14,0.565,Asia/Karachi,C
0.414,-1.414,1.143,-0.386,-1.014,0.664,-1.493,2.007,,,1.129,karachi,2026-08-18,OPKC,32.6,30.5,32.6,31.8,31.2,32.3,29.8,33.8,,,33.7,1.278,31.926,9,32.0,14,0.543,Asia/Karachi,C
0.407,-1.479,1.093,-0.4,-0.979,0.636,-1.543,1.986,,,1.207,karachi,2026-08-19,OPKC,32.2,31.0,32.4,31.3,31.7,32.2,30.4,34.4,,,32.3,1.066,31.882,9,32.0,14,0.542,Asia/Karachi,C
0.321,-1.507,0.979,-0.486,-0.957,0.536,-1.586,1.943,,,1.2,karachi,2026-08-20,OPKC,31.7,30.7,32.4,30.7,31.8,32.2,30.3,34.1,,,32.4,1.098,31.753,9,32.0,14,0.522,Asia/Karachi,C
0.293,-1.471,0.936,-0.529,-0.8,0.543,-1.571,1.943,,,1.143,karachi,2026-08-21,OPKC,31.7,29.8,32.7,31.3,31.6,31.9,29.7,33.2,,,32.4,1.128,31.547,9,31.0,14,0.501,Asia/Karachi,C
0.293,-1.464,0.957,-0.443,-0.664,0.571,-1.514,1.971,,,1.164,karachi,2026-08-22,OPKC,31.8,29.2,32.4,29.8,31.3,30.6,29.8,33.0,,,33.3,1.403,31.19,9,30.0,14,0.52,Asia/Karachi,C
0.457,-1.357,1.114,-0.321,-0.457,0.636,-1.321,2.079,,,1.35,karachi,2026-08-23,OPKC,30.7,29.2,32.0,29.6,29.9,31.5,29.6,34.2,,,32.2,1.542,30.69,9,30.0,14,0.552,Asia/Karachi,C
0.45,-1.336,1.129,-0.307,-0.407,0.679,-1.221,2.15,,,1.414,karachi,2026-08-24,OPKC,33.2,31.2,33.7,30.4,32.5,33.3,30.8,36.6,,,34.7,1.871,32.665,9,33.0,14,0.574,Asia/Karachi,C
0.379,-1.4,1.064,-0.55,-0.4,0.629,-1.329,2.179,,,1.35,karachi,2026-08-25,OPKC,32.6,30.4,33.5,31.3,31.8,32.4,30.5,34.3,,,33.8,1.329,32.099,9,32.0,14,0.546,Asia/Karachi,C
0.386,-1.407,1.071,-0.536,-0.379,0.621,-1.364,2.171,,,1.336,karachi,2026-08-26,OPKC,32.5,30.9,33.2,30.4,31.4,31.6,29.9,34.6,,,33.8,1.505,31.876,9,33.0,14,0.546,Asia/Karachi,C
0.357,-1.386,1.036,-0.671,-0.393,0.536,-1.421,2.179,,,1.3,karachi,2026-08-27,OPKC,31.6,29.2,31.9,30.0,30.8,31.6,29.7,34.1,,,33.7,1.597,31.188,9,32.0,14,0.604,Asia/Karachi,C
0.321,-1.443,0.971,-0.757,-0.371,0.493,-1.436,2.293,,,1.343,karachi,2026-08-28,OPKC,32.1,29.3,32.7,30.4,31.7,31.8,29.6,34.2,,,33.1,1.536,31.521,9,31.0,14,0.63,Asia/Karachi,C
0.407,-1.464,1.064,-0.75,-0.236,0.514,-1.407,2.436,,,1.45,karachi,2026-08-29,OPKC,31.4,28.9,31.9,30.0,30.0,31.2,29.1,33.1,,,31.7,1.317,30.615,9,30.0,14,0.639,Asia/Karachi,C
0.457,-1.464,1.086,-0.786,-0.229,0.507,-1.414,2.514,,,1.443,karachi,2026-08-30,OPKC,30.1,28.7,30.8,29.1,30.9,30.9,28.8,32.6,,,32.1,1.317,30.167,9,30.0,14,0.637,Asia/Karachi,C
0.493,-1.4,1.121,-0.821,-0.107,0.507,-1.436,2.643,,,1.579,karachi,2026-08-31,OPKC,30.2,28.9,31.0,29.7,30.2,31.1,29.3,33.0,,,31.5,1.186,30.192,9,30.0,14,0.629,Asia/Karachi,C
0.457,-1.436,1.086,-0.871,-0.086,0.471,-1.479,2.657,,,1.621,karachi,2026-09-01,OPKC,31.1,29.0,31.7,29.4,30.8,30.9,29.7,32.9,,,30.8,1.137,30.463,9,30.0,14,0.599,Asia/Karachi,C
0.493,-1.4,1.164,-0.9,0.029,0.514,-1.343,2.736,,,1.557,karachi,2026-09-02,OPKC,31.7,30.2,32.3,29.4,31.1,31.9,30.3,32.8,,,32.8,1.145,31.122,9,33.0,14,0.612,Asia/Karachi,C
0.386,-1.529,1.086,-1.107,-0.086,0.421,-1.421,2.55,,,1.521,karachi,2026-09-03,OPKC,30.7,29.8,31.9,30.0,30.7,32.1,30.0,32.3,,,32.7,1.057,30.9,9,32.0,14,0.791,Asia/Karachi,C
0.314,-1.593,1.05,-1.157,-0.164,0.414,-1.443,2.421,,,1.543,karachi,2026-09-04,OPKC,31.0,29.7,32.0,30.7,31.0,30.9,30.3,32.9,,,33.7,1.204,31.136,9,31.0,14,0.841,Asia/Karachi,C
0.264,-1.6,1.0,-1.2,-0.207,0.343,-1.4,2.4,,,1.636,karachi,2026-09-05,OPKC,31.6,29.5,32.4,29.7,31.1,31.7,29.3,32.8,,,34.5,1.623,31.292,9,33.0,14,0.829,Asia/Karachi,C
0.036,-1.793,0.786,-1.421,-0.436,0.207,-1.65,2.171,,,1.507,karachi,2026-09-06,OPKC,31.8,29.7,33.2,29.2,31.0,31.3,29.8,33.4,,,33.4,1.558,31.562,9,31.0,14,0.891,Asia/Karachi,C
0.043,-1.829,0.8,-1.521,-0.429,0.121,-1.707,2.043,,,1.521,karachi,2026-09-07,OPKC,31.7,30.2,33.0,31.2,31.0,31.7,29.9,34.3,,,33.6,1.418,31.916,9,32.0,14,0.885,Asia/Karachi,C
0.007,-1.829,0.821,-1.393,-0.464,0.079,-1.7,1.95,,,1.514,karachi,2026-09-08,OPKC,31.6,30.7,32.3,31.2,31.5,32.1,29.8,34.5,,,33.5,1.338,31.973,9,32.0,14,0.88,Asia/Karachi,C
-0.064,-1.807,0.736,-1.4,-0.486,0.057,-1.75,1.964,,,1.493,karachi,2026-09-09,OPKC,32.5,30.2,33.3,31.1,30.5,32.4,30.2,34.5,,,35.6,1.834,32.372,9,33.0,14,0.88,Asia/Karachi,C
-0.064,-1.857,0.743,-1.35,-0.55,0.114,-1.729,1.957,,,1.621,karachi,2026-09-10,OPKC,32.6,30.4,33.1,31.7,30.0,32.5,30.1,34.1,,,35.1,1.694,32.291,9,32.0,14,0.844,Asia/Karachi,C
0.007,-1.771,0.829,-1.229,-0.607,0.179,-1.7,1.957,,,1.721,karachi,2026-09-11,OPKC,33.7,31.2,34.3,32.3,31.4,33.4,31.0,35.8,,,35.6,1.729,33.26,9,33.0,14,0.819,Asia/Karachi,C
-0.021,-1.779,0.8,-1.236,-0.771,0.15,-1.743,1.929,,,1.757,karachi,2026-09-12,OPKC,35.5,32.3,35.8,34.6,34.7,34.7,31.0,37.9,,,38.1,2.174,35.069,9,36.0,14,0.81,Asia/Karachi,C
-0.157,-1.964,0.65,-1.336,-0.864,-0.029,-2.036,1.843,,,1.786,karachi,2026-09-13,OPKC,40.0,35.5,39.5,37.6,38.2,39.2,34.6,42.4,,,41.1,2.37,38.974,9,39.0,14,0.832,Asia/Karachi,C
-0.093,-2.121,0.629,-1.371,-0.986,-0.079,-2.264,1.9,,,1.786,karachi,2026-09-14,OPKC,37.5,35.4,38.0,34.4,35.2,36.9,34.0,41.9,,,41.7,2.758,37.48,9,39.0,14,0.831,Asia/Karachi,C
-0.214,-2.3,0.486,-1.679,-1.271,-0.307,-2.571,1.893,,,1.871,karachi,2026-09-15,OPKC,34.6,35.0,34.3,32.1,34.0,37.0,34.2,39.7,,,40.3,2.595,35.962,9,34.0,14,0.923,Asia/Karachi,C
-0.25,-2.157,0.386,-1.771,-1.329,-0.157,-2.536,2.093,,,2.264,karachi,2026-09-16,OPKC,34.4,32.7,34.1,36.1,33.1,35.6,31.9,35.1,,,38.4,1.867,34.885,9,35.0,14,1.054,Asia/Karachi,C
-0.2,-2.121,0.371,-1.436,-1.329,-0.036,-2.564,2.114,,,2.521,karachi,2026-09-17,OPKC,34.0,32.0,34.8,33.4,32.9,33.9,32.0,34.9,,,35.6,1.197,34.059,9,34.0,14,0.928,Asia/Karachi,C
-0.107,-2.107,0.436,-1.336,-1.314,-0.05,-2.564,2.157,,,2.586,karachi,2026-09-18,OPKC,33.9,32.4,34.3,33.2,32.7,34.2,31.6,36.5,,,35.0,1.395,34.012,9,35.0,14,0.88,Asia/Karachi,C
-0.186,-2.2,0.314,-1.443,-1.479,-0.1,-2.757,2.129,,,2.393,karachi,2026-09-19,OPKC,34.0,31.8,34.4,33.2,32.2,34.1,32.0,36.6,,,34.9,1.475,34.041,9,33.0,14,0.918,Asia/Karachi,C
-0.014,-2.036,0.457,-1.193,-1.4,0.071,-2.564,2.4,,,2.421,karachi,2026-09-20,OPKC,37.3,35.0,36.8,36.0,35.1,36.8,32.8,39.5,,,39.2,1.979,36.751,9,37.0,14,0.844,Asia/Karachi,C
-0.05,-2.086,0.286,-1.136,-1.536,0.036,-2.779,2.407,,,2.407,karachi,2026-09-21,OPKC,40.7,36.5,39.1,38.8,39.1,40.8,34.5,42.0,,,41.0,2.247,39.548,9,40.0,14,0.833,Asia/Karachi,C
0.021,-2.207,0.15,-1.164,-1.529,0.114,-3.021,2.386,,,2.364,karachi,2026-09-22,OPKC,38.5,36.0,39.0,37.1,35.8,38.3,33.2,40.9,,,40.9,2.363,38.138,9,39.0,14,0.842,Asia/Karachi,C
0.014,-2.329,0.129,-1.243,-1.721,0.057,-3.279,2.343,,,2.393,karachi,2026-09-23,OPKC,37.4,34.2,36.9,35.1,34.4,37.1,31.7,38.2,,,39.5,2.264,36.576,9,36.0,14,0.872,Asia/Karachi,C
4.1,2.68,3.62,5.4,7.74,5.5,2.76,6.82,,,5.62,jinan,2026-07-08,ZSJN,31.6,32.0,30.6,34.8,36.4,32.5,29.6,35.4,,,34.1,2.168,28.023,9,24.0,0,1.2,Asia/Shanghai,C
4.683,3.567,4.117,6.3,8.517,6.0,3.233,7.583,,,6.367,jinan,2026-07-09,ZSJN,34.8,31.9,35.0,36.3,38.3,35.6,30.6,37.7,,,36.5,2.384,29.671,9,25.0,0,1.2,Asia/Shanghai,C
5.414,4.043,4.957,7.014,9.2,6.657,3.571,8.314,,,7.1,jinan,2026-07-15,ZSJN,30.0,28.0,30.0,27.7,32.1,29.0,28.4,29.2,,,29.9,1.261,23.373,9,26.0,0,1.2,Asia/Shanghai,C
5.237,3.787,4.838,6.35,8.812,6.2,3.425,7.675,,,6.7,jinan,2026-07-17,ZSJN,26.3,26.8,26.6,25.6,27.2,26.3,27.6,27.1,,,27.0,0.563,20.899,9,22.0,8,4.877,Asia/Shanghai,C
5.133,3.9,4.811,6.044,8.411,5.989,3.667,7.389,,,6.511,jinan,2026-07-20,ZSJN,31.5,31.7,31.5,33.9,35.7,33.0,33.8,34.2,,,32.8,1.345,27.226,9,30.0,9,4.612,Asia/Shanghai,C
4.77,3.68,4.48,5.83,8.14,5.69,3.68,7.07,,,6.14,jinan,2026-07-21,ZSJN,32.8,32.9,33.2,34.6,36.4,33.3,34.4,35.4,,,34.2,1.15,28.568,9,35.0,10,4.463,Asia/Shanghai,C
4.136,3.155,3.909,5.264,7.527,5.018,3.291,6.464,,,5.509,jinan,2026-07-22,ZSJN,33.4,32.5,33.4,34.7,36.9,34.7,36.1,36.1,,,34.5,1.375,29.67,9,29.0,11,4.676,Asia/Shanghai,C
4.158,3.183,3.95,5.3,7.558,5.075,3.608,6.517,,,5.508,jinan,2026-07-24,ZSJN,29.7,29.2,29.3,29.1,31.6,29.4,29.8,30.4,,,29.5,0.742,24.906,9,27.0,12,4.481,Asia/Shanghai,C
4.046,3.108,3.823,5.054,7.331,4.869,3.546,6.277,,,5.277,jinan,2026-07-25,ZSJN,30.1,30.1,30.3,31.2,32.1,30.9,29.0,31.5,,,30.8,0.86,25.923,9,22.0,13,4.344,Asia/Shanghai,C
4.336,3.464,4.143,5.35,7.529,5.157,3.793,6.507,,,5.529,jinan,2026-07-26,ZSJN,31.7,30.8,31.2,32.5,34.6,32.5,30.3,32.0,,,32.4,1.178,26.996,9,29.0,14,4.316,Asia/Shanghai,C
4.25,3.307,4.071,5.171,7.436,5.057,3.393,6.329,,,5.414,jinan,2026-07-27,ZSJN,32.2,32.6,32.4,28.5,34.2,31.8,32.5,32.7,,,33.6,1.502,27.522,9,28.0,14,4.146,Asia/Shanghai,C
4.236,3.507,4.114,4.757,7.371,4.821,3.521,6.164,,,5.407,jinan,2026-07-29,ZSJN,34.2,34.4,33.5,33.9,35.4,33.5,33.0,32.1,,,34.2,0.879,29.099,9,25.0,14,3.933,Asia/Shanghai,C
4.307,3.757,4.143,4.729,7.214,4.729,3.571,5.907,,,5.286,jinan,2026-07-30,ZSJN,33.9,34.2,33.6,33.9,36.0,33.0,31.0,34.6,,,34.2,1.262,29.104,9,28.0,14,3.291,Asia/Shanghai,C
4.686,4.171,4.55,5.007,7.407,4.936,4.036,6.1,,,5.571,jinan,2026-08-04,ZSJN,39.7,36.7,37.6,37.8,40.9,37.4,36.9,39.4,,,38.7,1.339,33.308,9,35.0,14,3.283,Asia/Shanghai,C
4.779,4.2,4.514,4.964,7.343,4.85,4.143,5.914,,,5.529,jinan,2026-08-10,ZSJN,35.7,33.5,34.1,34.2,37.2,33.2,30.6,35.5,,,33.3,1.77,29.232,9,24.0,14,3.168,Asia/Shanghai,C
5.071,4.307,4.764,4.921,7.4,4.9,4.214,5.921,,,5.471,jinan,2026-08-12,ZSJN,28.8,27.6,28.2,28.0,31.7,29.0,27.5,28.7,,,28.2,1.188,23.478,9,26.0,14,3.292,Asia/Shanghai,C
4.571,3.929,4.207,4.257,6.857,4.357,3.921,5.207,,,4.807,jinan,2026-08-24,ZSJN,33.0,32.2,32.5,32.8,35.1,31.9,30.1,32.5,,,33.6,1.263,28.043,9,30.0,14,3.12,Asia/Shanghai,C
