b_best_match,b_ecmwf_aifs025_single,b_ecmwf_ifs025,b_gem_seamless,b_gfs_seamless,b_icon_seamless,b_jma_seamless,b_meteofrance_seamless,b_ncep_hrrr_conus,b_ncep_nbm_conus,b_ukmo_seamless,city,date,icao,m_best_match,m_ecmwf_aifs025_single,m_ecmwf_ifs025,m_gem_seamless,m_gfs_seamless,m_icon_seamless,m_jma_seamless,m_meteofrance_seamless,m_ncep_hrrr_conus,m_ncep_nbm_conus,m_ukmo_seamless,model_spread_c,mu_c,n_models,obs_c,rmse_n,sigma_c,tz,unit
0.72,-3.48,0.12,-0.4,0.72,-0.4,-0.06,-1.4,0.72,-1.16,0.52,nyc,2026-07-15,KLGA,36.4,31.7,37.0,34.7,36.4,35.9,34.7,36.0,36.4,35.1,36.3,1.402,35.941,11,36.67,0,1.2,America/New_York,F
0.555,-3.728,0.155,-0.662,0.555,-0.462,-0.378,-1.278,0.555,-1.228,0.372,nyc,2026-07-16,KLGA,31.9,28.4,31.6,32.0,31.9,31.7,32.7,32.4,31.9,32.0,33.9,1.253,32.328,11,31.11,0,1.2,America/New_York,F
0.589,-3.583,0.203,-0.44,0.589,-0.311,-0.097,-0.911,0.589,-0.926,0.717,nyc,2026-07-17,KLGA,31.6,26.5,31.4,29.9,31.6,30.0,30.0,30.6,31.6,29.1,31.1,1.453,30.58,11,30.56,0,1.2,America/New_York,F
0.645,-3.643,0.282,-0.467,0.645,-0.343,-0.155,-0.793,0.645,-0.992,0.695,nyc,2026-07-18,KLGA,26.4,24.8,26.5,25.7,26.4,26.8,25.6,27.1,26.4,25.9,27.6,0.733,26.585,11,26.67,8,0.713,America/New_York,F
0.543,-3.446,0.232,-0.523,0.543,-0.29,-0.257,-0.657,0.543,-0.968,0.721,nyc,2026-07-19,KLGA,27.0,25.7,26.9,26.9,27.0,27.9,26.8,26.6,27.0,25.9,27.8,0.63,27.079,11,26.67,9,0.672,America/New_York,F
0.522,-3.198,0.232,-0.448,0.522,-0.138,-0.218,-0.598,0.522,-0.948,0.762,nyc,2026-07-20,KLGA,27.4,24.8,27.9,27.3,27.4,27.1,26.7,27.0,27.4,26.9,27.5,0.773,27.37,11,27.78,10,0.651,America/New_York,F
0.44,-3.178,0.222,-0.451,0.44,-0.187,-0.296,-0.615,0.44,-0.942,0.667,nyc,2026-07-21,KLGA,28.6,25.1,25.3,26.1,28.6,27.2,26.3,25.6,28.6,25.5,25.3,1.366,26.952,11,27.78,11,0.633,America/New_York,F
0.472,-3.137,-0.003,-0.553,0.472,-0.22,-0.395,-0.745,0.472,-1.053,0.405,nyc,2026-07-22,KLGA,31.5,27.8,32.1,29.9,31.5,31.4,30.0,29.2,31.5,28.4,30.3,1.351,30.607,11,31.11,12,0.651,America/New_York,F
0.465,-3.15,0.073,-0.604,0.465,-0.181,-0.45,-0.835,0.465,-1.181,0.312,nyc,2026-07-23,KLGA,28.7,24.9,27.6,26.5,28.7,27.2,25.8,26.6,28.7,26.2,27.5,1.208,27.627,11,27.22,13,0.641,America/New_York,F
0.538,-3.091,0.095,-0.612,0.538,-0.169,-0.519,-0.819,0.538,-1.169,0.309,nyc,2026-07-24,KLGA,28.7,25.3,28.7,27.7,28.7,28.2,27.3,27.8,28.7,27.2,28.5,0.985,28.299,11,27.78,14,0.627,America/New_York,F
0.547,-3.017,0.247,-0.553,0.547,-0.039,-0.496,-0.703,0.547,-1.067,0.39,nyc,2026-07-25,KLGA,27.6,24.9,28.4,26.8,27.6,27.8,27.1,27.1,27.6,26.5,27.9,0.891,27.511,11,26.11,14,0.593,America/New_York,F
0.552,-2.884,0.402,-0.462,0.552,0.131,-0.434,-0.441,0.552,-0.919,0.445,nyc,2026-07-26,KLGA,30.2,25.5,29.9,28.2,30.2,28.5,28.4,28.5,30.2,27.8,29.1,1.34,29.033,11,27.78,14,0.695,America/New_York,F
0.678,-2.751,0.528,-0.408,0.678,0.149,-0.322,-0.286,0.678,-0.779,0.521,nyc,2026-07-27,KLGA,28.4,25.9,29.8,29.0,28.4,28.6,27.5,28.1,28.4,27.7,27.5,0.95,28.251,11,28.89,14,0.751,America/New_York,F
0.603,-2.719,0.617,-0.376,0.603,0.181,-0.419,-0.219,0.603,-0.776,0.481,nyc,2026-07-28,KLGA,27.1,24.9,26.6,28.0,27.1,26.4,26.1,25.3,27.1,26.2,25.0,0.934,26.563,11,26.67,14,0.751,America/New_York,F
0.621,-2.614,0.493,-0.293,0.621,0.136,-0.557,-0.35,0.621,-0.886,0.179,nyc,2026-07-29,KLGA,27.2,25.4,26.9,27.0,27.2,27.9,28.0,25.2,27.2,24.9,27.7,1.05,26.73,11,27.22,14,0.741,America/New_York,F
0.639,-2.389,0.446,-0.168,0.639,0.239,-0.361,-0.446,0.639,-0.939,0.239,nyc,2026-07-30,KLGA,24.1,24.3,24.9,24.6,24.1,24.0,24.0,22.3,24.1,23.8,24.5,0.634,24.265,11,24.44,14,0.727,America/New_York,F
0.559,-2.206,0.444,-0.22,0.559,0.166,-0.506,-0.691,0.559,-1.049,0.044,nyc,2026-07-31,KLGA,28.8,25.6,27.4,28.7,28.8,29.5,28.9,27.3,28.8,28.0,29.6,1.111,28.512,11,28.89,14,0.651,America/New_York,F
0.478,-2.151,0.278,-0.186,0.478,0.249,-0.465,-0.808,0.478,-1.008,0.056,nyc,2026-08-01,KLGA,31.2,26.4,29.1,29.6,31.2,30.0,31.0,28.6,31.2,28.0,30.1,1.478,29.784,11,30.56,14,0.659,America/New_York,F
0.543,-2.314,0.186,-0.186,0.543,0.2,-0.357,-0.979,0.543,-1.136,-0.043,nyc,2026-08-02,KLGA,29.6,26.1,28.0,29.5,29.6,28.2,28.3,28.1,29.6,27.1,28.5,1.079,28.611,11,29.44,14,0.691,America/New_York,F
0.531,-2.484,0.066,-0.198,0.531,0.024,-0.448,-1.069,0.531,-1.248,-0.191,nyc,2026-08-03,KLGA,28.8,26.3,27.4,28.4,28.8,27.7,27.3,27.4,28.8,26.9,29.1,0.883,28.221,11,28.89,14,0.717,America/New_York,F
0.551,-2.456,-0.049,-0.199,0.551,-0.013,-0.484,-1.12,0.551,-1.327,-0.156,nyc,2026-08-04,KLGA,29.7,25.8,28.7,29.0,29.7,29.7,29.0,27.7,29.7,27.8,30.1,1.215,29.141,11,28.89,14,0.731,America/New_York,F
0.551,-2.485,0.115,-0.071,0.551,0.086,-0.371,-1.049,0.551,-1.242,0.108,nyc,2026-08-05,KLGA,30.4,26.5,28.1,28.6,30.4,29.2,27.8,27.6,30.4,27.5,29.8,1.306,29.075,11,28.89,14,0.7,America/New_York,F
0.631,-2.419,-0.012,-0.005,0.631,0.088,-0.369,-1.005,0.631,-1.148,0.231,nyc,2026-08-06,KLGA,31.9,28.5,31.9,31.4,31.9,31.9,31.4,29.5,31.9,30.8,32.6,1.16,31.552,11,32.22,14,0.688,America/New_York,F
0.502,-2.519,-0.062,-0.012,0.502,0.066,-0.326,-1.155,0.502,-1.176,0.238,nyc,2026-08-07,KLGA,33.5,29.1,35.5,32.6,33.5,33.2,31.4,31.3,33.5,31.6,34.1,1.646,33.011,11,33.89,14,0.703,America/New_York,F
0.409,-2.684,-0.013,-0.099,0.409,-0.013,-0.47,-1.341,0.409,-1.299,0.201,nyc,2026-08-08,KLGA,31.9,29.2,30.8,31.9,31.9,31.8,31.2,29.9,31.9,31.6,32.6,0.958,31.885,11,32.78,14,0.728,America/New_York,F
0.239,-2.854,-0.318,-0.211,0.239,-0.204,-0.654,-1.618,0.239,-1.411,0.061,nyc,2026-08-09,KLGA,33.4,30.3,34.1,32.6,33.4,32.9,31.7,31.0,33.4,32.6,33.5,1.117,33.392,11,32.78,14,0.669,America/New_York,F
0.111,-2.868,-0.375,-0.254,0.111,-0.246,-0.775,-1.796,0.111,-1.425,0.018,nyc,2026-08-10,KLGA,31.5,28.0,31.9,31.0,31.5,31.8,31.1,30.9,31.5,31.8,32.3,1.09,32.035,11,32.78,14,0.601,America/New_York,F
0.054,-2.996,-0.503,-0.389,0.054,-0.296,-0.796,-1.874,0.054,-1.41,0.083,nyc,2026-08-11,KLGA,30.5,28.1,31.8,30.2,30.5,30.3,30.9,30.7,30.5,30.3,30.9,0.849,31.181,11,30.0,14,0.61,America/New_York,F
0.059,-3.005,-0.369,-0.469,0.059,-0.255,-0.691,-1.726,0.059,-1.355,0.266,nyc,2026-08-12,KLGA,30.8,27.6,31.5,30.2,30.8,31.0,29.8,30.0,30.8,30.6,31.0,0.993,31.181,11,30.0,14,0.686,America/New_York,F
0.118,-3.046,-0.239,-0.439,0.118,-0.232,-0.761,-1.582,0.118,-1.146,0.304,nyc,2026-08-13,KLGA,30.9,27.4,30.1,30.2,30.9,30.5,29.4,28.3,30.9,29.7,30.5,1.085,30.6,11,30.0,14,0.744,America/New_York,F
0.206,-3.222,-0.265,-0.436,0.206,-0.165,-0.772,-1.551,0.206,-1.122,0.335,nyc,2026-08-14,KLGA,30.2,27.0,29.3,30.0,30.2,30.7,29.7,29.5,30.2,29.4,29.6,0.922,30.216,11,30.0,14,0.76,America/New_York,F
0.227,-3.201,-0.209,-0.423,0.227,-0.159,-0.794,-1.473,0.227,-1.101,0.256,nyc,2026-08-15,KLGA,29.5,25.6,29.7,28.0,29.5,28.7,27.7,28.0,29.5,28.1,29.2,1.155,29.15,11,28.89,14,0.755,America/New_York,F
0.225,-3.139,-0.046,-0.418,0.225,-0.132,-0.911,-1.396,0.225,-0.975,0.311,nyc,2026-08-16,KLGA,27.7,25.3,27.4,27.6,27.7,26.4,27.8,26.7,27.7,26.7,27.1,0.736,27.621,11,27.22,14,0.729,America/New_York,F
0.248,-3.038,0.069,-0.395,0.248,-0.102,-0.788,-1.338,0.248,-0.845,0.369,nyc,2026-08-17,KLGA,26.8,25.6,26.2,25.8,26.8,27.3,26.6,24.6,26.8,28.1,27.3,0.91,27.311,11,26.11,14,0.703,America/New_York,F
0.304,-2.889,0.182,-0.382,0.304,0.068,-0.639,-1.339,0.304,-0.561,0.439,nyc,2026-08-18,KLGA,30.4,26.3,29.0,29.0,30.4,29.8,28.1,28.6,30.4,27.3,29.4,1.273,29.178,11,29.44,14,0.752,America/New_York,F
0.314,-2.893,0.164,-0.421,0.314,0.036,-0.743,-1.314,0.314,-0.636,0.35,nyc,2026-08-19,KLGA,32.0,26.9,29.6,30.6,32.0,30.8,30.1,30.6,32.0,29.4,31.3,1.435,30.766,11,30.56,14,0.752,America/New_York,F
0.309,-2.984,0.152,-0.398,0.309,0.031,-0.698,-1.219,0.309,-0.619,0.338,nyc,2026-08-20,KLGA,30.2,26.4,28.9,30.2,30.2,28.2,28.0,29.2,30.2,28.5,28.6,1.152,29.351,11,29.44,14,0.753,America/New_York,F
0.386,-2.935,0.136,-0.285,0.386,-0.035,-0.742,-1.042,0.386,-0.585,0.251,nyc,2026-08-21,KLGA,25.2,24.5,24.6,26.1,25.2,25.2,25.1,24.0,25.2,25.5,25.0,0.523,25.469,11,25.56,14,0.731,America/New_York,F
0.389,-2.669,-0.047,-0.154,0.389,-0.011,-0.597,-0.969,0.389,-0.426,0.196,nyc,2026-08-22,KLGA,24.9,23.1,24.0,25.9,24.9,26.0,25.0,23.1,24.9,24.6,25.9,0.971,24.985,11,25.0,14,0.693,America/New_York,F
0.444,-2.549,0.023,-0.027,0.444,0.13,-0.484,-0.899,0.444,-0.37,0.273,nyc,2026-08-23,KLGA,28.4,25.7,26.1,27.1,28.4,28.4,27.8,25.3,28.4,27.0,28.3,1.136,27.579,11,28.33,14,0.651,America/New_York,F
0.405,-2.559,-0.231,-0.102,0.405,0.126,-0.445,-0.988,0.405,-0.452,0.219,nyc,2026-08-24,KLGA,28.2,25.1,25.6,27.6,28.2,27.1,26.2,26.6,28.2,26.0,28.1,1.098,27.167,11,27.22,14,0.661,America/New_York,F
0.566,-2.369,-0.284,0.052,0.566,0.188,-0.398,-0.898,0.566,-0.469,0.316,nyc,2026-08-25,KLGA,27.1,24.5,25.3,26.6,27.1,25.6,25.0,25.9,27.1,26.3,27.0,0.894,26.415,11,26.11,14,0.63,America/New_York,F
0.601,-2.349,-0.47,0.073,0.601,0.13,-0.541,-0.963,0.601,-0.477,0.316,nyc,2026-08-26,KLGA,28.9,24.0,25.9,27.7,28.9,27.8,26.7,27.2,28.9,27.2,27.8,1.399,27.623,11,27.78,14,0.552,America/New_York,F
0.624,-2.447,-0.711,0.053,0.624,0.06,-0.604,-1.004,0.624,-0.561,0.246,nyc,2026-08-27,KLGA,26.0,24.6,26.3,24.9,26.0,27.0,26.1,26.2,26.0,26.1,26.6,0.652,26.268,11,25.0,14,0.5,America/New_York,F
0.631,-2.29,-0.626,0.031,0.631,0.167,-0.483,-0.797,0.631,-0.461,0.324,nyc,2026-08-28,KLGA,29.2,26.4,28.4,29.0,29.2,29.2,28.1,26.4,29.2,27.8,28.3,1.011,28.495,11,28.89,14,0.544,America/New_York,F
0.639,-2.254,-0.611,0.039,0.639,0.139,-0.518,-0.939,0.639,-0.496,0.311,nyc,2026-08-29,KLGA,26.5,24.2,25.3,26.5,26.5,25.9,24.9,25.1,26.5,25.6,26.1,0.749,25.976,11,25.56,14,0.551,America/New_York,F
0.663,-2.116,-0.687,0.17,0.663,0.177,-0.48,-0.909,0.663,-0.437,0.327,nyc,2026-08-30,KLGA,27.0,25.2,26.2,27.8,27.0,27.1,26.2,26.2,27.0,27.2,26.2,0.681,26.908,11,27.22,14,0.557,America/New_York,F
0.613,-2.123,-0.773,0.184,0.613,0.227,-0.594,-0.944,0.613,-0.401,0.263,nyc,2026-08-31,KLGA,25.7,23.8,25.7,26.5,25.7,25.6,25.0,25.0,25.7,25.0,26.1,0.683,25.56,11,25.0,14,0.553,America/New_York,F
0.614,-2.172,-0.729,0.314,0.614,0.185,-0.629,-0.836,0.614,-0.544,0.256,nyc,2026-09-01,KLGA,26.9,24.4,25.9,26.6,26.9,26.3,28.1,25.3,26.9,26.7,26.0,0.924,26.639,11,26.67,14,0.5,America/New_York,F
0.561,-2.11,-0.753,0.34,0.561,0.133,-0.431,-0.874,0.561,-0.389,0.211,nyc,2026-09-02,KLGA,23.4,22.0,21.3,23.8,23.4,22.3,23.9,23.0,23.4,22.8,23.6,0.781,23.109,11,23.33,14,0.5,America/New_York,F
0.464,-1.944,-0.829,0.371,0.464,0.042,-0.358,-0.901,0.464,-0.344,0.178,nyc,2026-09-03,KLGA,31.5,27.1,29.3,29.6,31.5,30.0,29.4,28.0,31.5,28.7,31.3,1.451,29.982,11,30.56,14,0.5,America/New_York,F
0.476,-1.974,-0.881,0.248,0.476,0.091,-0.338,-1.066,0.476,-0.409,0.291,nyc,2026-09-04,KLGA,30.8,27.7,28.8,29.9,30.8,29.7,29.9,28.0,30.8,28.3,29.9,1.087,29.64,11,28.89,14,0.5,America/New_York,F
0.639,-1.983,-0.819,0.281,0.639,0.174,-0.233,-1.019,0.639,-0.447,0.403,nyc,2026-09-05,KLGA,27.0,25.0,25.9,27.3,27.0,26.5,26.1,26.6,27.0,26.2,26.3,0.623,26.582,11,26.11,14,0.533,America/New_York,F
0.709,-1.926,-0.762,0.302,0.709,0.131,-0.234,-0.848,0.709,-0.412,0.352,nyc,2026-09-06,KLGA,24.2,22.6,23.2,24.7,24.2,24.1,22.6,23.7,24.2,23.2,23.2,0.676,23.712,11,23.89,14,0.548,America/New_York,F
0.726,-1.831,-0.652,0.448,0.726,0.141,-0.288,-0.645,0.726,-0.366,0.305,nyc,2026-09-07,KLGA,27.4,25.3,25.9,26.9,27.4,26.6,26.4,25.9,27.4,26.5,26.7,0.656,26.695,11,26.11,14,0.512,America/New_York,F
0.749,-1.737,-0.551,0.477,0.749,0.184,-0.194,-0.616,0.749,-0.251,0.284,nyc,2026-09-08,KLGA,28.3,26.0,27.3,27.6,28.3,27.8,27.1,27.3,28.3,27.4,27.4,0.641,27.578,11,26.67,14,0.535,America/New_York,F
0.794,-1.67,-0.449,0.509,0.794,0.301,-0.084,-0.556,0.794,-0.213,0.273,nyc,2026-09-09,KLGA,28.3,26.2,27.5,28.9,28.3,28.3,29.3,27.6,28.3,28.5,28.9,0.807,28.138,11,28.33,14,0.582,America/New_York,F
0.712,-1.552,-0.374,0.555,0.712,0.298,0.062,-0.566,0.712,-0.159,0.312,nyc,2026-09-10,KLGA,31.5,28.2,30.8,30.2,31.5,30.1,31.2,30.6,31.5,30.4,31.4,0.935,30.612,11,30.56,14,0.583,America/New_York,F
0.708,-1.692,-0.449,0.536,0.708,0.122,0.029,-0.649,0.708,-0.249,0.258,nyc,2026-09-11,KLGA,28.1,25.2,27.3,27.2,28.1,26.8,26.4,26.8,28.1,26.6,27.0,0.829,27.079,11,26.67,14,0.5,America/New_York,F
0.788,-1.619,-0.369,0.566,0.788,0.109,0.066,-0.462,0.788,-0.176,0.324,nyc,2026-09-12,KLGA,26.3,23.9,24.9,26.1,26.3,25.6,25.9,25.7,26.3,25.7,25.2,0.698,25.587,11,25.56,14,0.5,America/New_York,F
0.774,-1.641,-0.398,0.538,0.774,0.088,0.138,-0.419,0.774,-0.169,0.259,nyc,2026-09-13,KLGA,26.6,24.7,26.2,25.1,26.6,26.3,24.3,24.6,26.6,25.8,25.3,0.837,25.752,11,27.22,14,0.5,America/New_York,F
0.745,-1.676,-0.398,0.345,0.745,0.031,0.002,-0.534,0.745,-0.269,0.195,nyc,2026-09-14,KLGA,25.1,23.7,23.1,24.1,25.1,24.4,24.0,22.7,25.1,23.7,23.9,0.764,24.124,11,25.0,14,0.6,America/New_York,F
0.702,-1.684,-0.584,0.174,0.702,-0.055,-0.069,-0.698,0.702,-0.362,0.038,nyc,2026-09-15,KLGA,23.5,20.1,21.6,23.3,23.5,23.3,21.1,21.9,23.5,22.2,22.6,1.095,22.546,11,22.22,14,0.627,America/New_York,F
0.777,-1.673,-0.573,0.256,0.777,0.049,-0.251,-0.623,0.777,-0.366,0.113,nyc,2026-09-16,KLGA,26.4,23.4,24.8,26.6,26.4,26.2,25.3,24.8,26.4,25.7,25.8,0.931,25.719,11,25.56,14,0.633,America/New_York,F
0.832,-1.732,-0.482,0.296,0.832,0.168,-0.311,-0.654,0.832,-0.318,0.111,nyc,2026-09-17,KLGA,29.1,25.3,27.5,28.3,29.1,26.9,27.8,26.7,29.1,27.4,27.4,1.123,27.775,11,28.89,14,0.631,America/New_York,F
0.78,-1.741,-0.491,0.323,0.78,0.066,-0.306,-0.627,0.78,-0.291,-0.049,nyc,2026-09-18,KLGA,28.3,26.1,27.5,27.4,28.3,27.5,27.1,26.7,28.3,26.8,27.5,0.68,27.448,11,27.22,14,0.681,America/New_York,F
0.721,-1.736,-0.465,0.264,0.721,0.028,-0.386,-0.601,0.721,-0.279,-0.101,nyc,2026-09-19,KLGA,22.1,21.1,21.9,22.3,22.1,21.8,21.2,21.7,22.1,21.6,22.7,0.445,21.916,11,21.11,14,0.653,America/New_York,F
0.728,-1.658,-0.394,0.264,0.728,0.049,-0.379,-0.594,0.728,-0.251,-0.001,nyc,2026-09-20,KLGA,21.2,22.0,20.9,21.7,21.2,21.3,20.9,20.5,21.2,21.7,20.8,0.424,21.355,11,21.67,14,0.676,America/New_York,F
0.672,-1.542,-0.399,0.208,0.672,0.008,-0.342,-0.664,0.672,-0.199,-0.014,nyc,2026-09-21,KLGA,22.3,20.6,20.8,21.9,22.3,21.7,22.0,19.9,22.3,20.8,22.1,0.802,21.507,11,21.11,14,0.68,America/New_York,F
0.665,-1.521,-0.406,0.208,0.665,0.015,-0.299,-0.735,0.665,-0.249,0.015,nyc,2026-09-22,KLGA,20.2,18.9,18.8,20.5,20.2,19.7,18.7,17.7,20.2,18.7,19.8,0.845,19.424,11,20.56,14,0.67,America/New_York,F
0.78,-0.1,0.9,-0.36,1.16,-0.08,-1.72,1.02,,,0.78,london,2026-07-15,EGLC,27.9,27.1,28.0,26.7,28.2,27.4,25.8,28.1,,,27.9,0.753,27.18,9,28.0,0,1.2,Europe/London,C
0.633,-0.233,0.75,-0.517,1.0,-0.167,-1.8,0.867,,,0.633,london,2026-07-16,EGLC,27.8,27.7,28.1,27.1,28.4,27.8,26.0,28.8,,,27.8,0.755,27.552,9,27.0,0,1.2,Europe/London,C
0.657,-0.1,0.8,-0.429,1.057,-0.029,-1.686,1.0,,,0.657,london,2026-07-17,EGLC,28.9,27.9,28.0,27.4,29.1,27.9,27.0,28.6,,,28.9,0.687,27.96,9,27.0,0,1.2,Europe/London,C
0.812,0.025,0.825,-0.325,1.188,0.087,-1.475,1.075,,,0.812,london,2026-07-18,EGLC,22.2,21.6,22.5,21.8,24.0,21.8,22.3,24.3,,,22.2,0.913,22.055,9,21.0,8,0.651,Europe/London,C
0.856,0.089,0.9,-0.2,1.389,0.167,-1.167,1.322,,,0.856,london,2026-07-19,EGLC,22.2,21.5,22.2,21.7,23.2,22.6,21.6,22.8,,,22.2,0.539,21.687,9,21.0,9,0.708,Europe/London,C
0.89,0.13,0.93,-0.11,1.47,0.31,-0.99,1.37,,,0.89,london,2026-07-20,EGLC,25.3,25.1,25.5,24.3,25.7,24.7,23.7,25.3,,,25.3,0.605,24.465,9,25.0,10,0.706,Europe/London,C
0.836,0.127,0.891,-0.164,1.4,0.255,-1.018,1.273,,,0.836,london,2026-07-21,EGLC,22.4,22.5,22.3,22.8,24.3,22.1,22.8,23.9,,,22.4,0.715,22.214,9,22.0,11,0.692,Europe/London,C
0.8,0.158,0.842,-0.083,1.475,0.242,-0.867,1.325,,,0.8,london,2026-07-22,EGLC,25.8,25.4,26.1,25.3,26.0,25.0,24.7,25.9,,,25.8,0.455,25.029,9,25.0,12,0.665,Europe/London,C
0.8,0.177,0.862,-0.054,1.438,0.223,-0.823,1.292,,,0.8,london,2026-07-23,EGLC,26.4,26.3,26.5,25.8,26.7,26.0,25.4,26.9,,,26.4,0.437,25.723,9,26.0,13,0.639,Europe/London,C
0.771,0.186,0.836,-0.064,1.386,0.207,-0.807,1.264,,,0.771,london,2026-07-24,EGLC,27.9,28.5,28.7,27.7,28.3,28.1,27.2,28.7,,,27.9,0.468,27.586,9,28.0,14,0.621,Europe/London,C
0.8,0.193,0.821,-0.007,1.364,0.279,-0.836,1.336,,,0.8,london,2026-07-25,EGLC,28.6,27.3,28.1,28.0,29.4,28.2,27.0,29.6,,,28.6,0.81,27.736,9,29.0,14,0.629,Europe/London,C
0.664,0.021,0.65,-0.129,1.243,0.171,-0.829,1.214,,,0.664,london,2026-07-26,EGLC,26.1,25.3,25.4,25.3,27.1,25.6,23.6,25.6,,,26.1,0.879,25.2,9,26.0,14,0.652,Europe/London,C
0.6,-0.05,0.536,-0.136,1.271,0.136,-0.871,1.121,,,0.6,london,2026-07-27,EGLC,26.8,26.9,27.3,25.7,27.1,26.5,25.2,27.1,,,26.8,0.662,26.291,9,27.0,14,0.677,Europe/London,C
0.536,0.014,0.536,-0.257,1.164,0.121,-0.893,0.986,,,0.536,london,2026-07-28,EGLC,29.3,28.3,30.1,28.7,30.4,29.0,26.9,30.7,,,29.3,1.101,28.895,9,29.0,14,0.698,Europe/London,C
0.471,0.029,0.557,-0.193,1.207,0.121,-0.843,1.093,,,0.471,london,2026-07-29,EGLC,33.9,33.3,33.7,33.0,34.2,33.4,32.2,34.2,,,33.9,0.607,33.225,9,34.0,14,0.698,Europe/London,C
0.471,0.043,0.536,-0.171,1.207,0.121,-0.814,1.1,,,0.471,london,2026-07-30,EGLC,28.1,25.6,27.7,27.7,27.2,27.9,25.9,28.5,,,28.1,0.952,27.051,9,28.0,14,0.694,Europe/London,C
0.421,-0.179,0.436,-0.2,1.05,0.057,-0.893,1.007,,,0.421,london,2026-07-31,EGLC,25.4,25.2,25.6,24.2,25.8,25.0,24.4,26.4,,,25.4,0.639,25.038,9,25.0,14,0.724,Europe/London,C
0.314,-0.229,0.407,-0.286,0.957,-0.007,-0.936,0.993,,,0.314,london,2026-08-01,EGLC,26.0,26.6,26.4,25.2,26.1,25.4,25.2,27.0,,,26.0,0.593,25.829,9,26.0,14,0.677,Europe/London,C
0.229,-0.229,0.329,-0.4,0.75,-0.107,-1.086,0.829,,,0.229,london,2026-08-02,EGLC,26.8,27.2,27.2,26.3,26.8,26.4,26.4,26.8,,,26.8,0.31,26.692,9,27.0,14,0.617,Europe/London,C
0.129,-0.25,0.257,-0.5,0.579,-0.264,-1.171,0.686,,,0.129,london,2026-08-03,EGLC,29.7,30.1,30.4,29.2,29.9,29.6,28.9,30.6,,,29.7,0.509,29.831,9,29.0,14,0.595,Europe/London,C
0.157,-0.179,0.321,-0.436,0.593,-0.2,-1.086,0.779,,,0.157,london,2026-08-04,EGLC,29.8,28.6,29.7,30.0,30.2,30.0,28.2,30.3,,,29.8,0.684,29.575,9,30.0,14,0.619,Europe/London,C
0.114,-0.314,0.279,-0.493,0.443,-0.207,-1.271,0.664,,,0.114,london,2026-08-05,EGLC,24.9,24.7,25.3,25.4,26.0,24.6,23.5,25.2,,,24.9,0.648,25.008,9,26.0,14,0.627,Europe/London,C
-0.021,-0.436,0.15,-0.557,0.371,-0.307,-1.429,0.543,,,-0.021,london,2026-08-06,EGLC,22.6,21.9,22.6,22.0,23.4,22.0,21.8,23.7,,,22.6,0.635,22.663,9,22.0,14,0.68,Europe/London,C
-0.007,-0.464,0.157,-0.543,0.421,-0.307,-1.4,0.6,,,-0.007,london,2026-08-07,EGLC,25.5,25.8,26.0,25.4,26.5,25.2,24.5,27.1,,,25.5,0.711,25.866,9,26.0,14,0.699,Europe/London,C
-0.036,-0.514,0.107,-0.564,0.436,-0.371,-1.45,0.629,,,-0.036,london,2026-08-08,EGLC,28.1,27.3,27.6,27.4,28.3,27.6,27.3,28.8,,,28.1,0.49,27.995,9,28.0,14,0.691,Europe/London,C
0.0,-0.443,0.143,-0.536,0.429,-0.343,-1.357,0.643,,,0.0,london,2026-08-09,EGLC,31.4,30.6,31.7,31.4,31.7,31.1,29.5,31.9,,,31.4,0.697,31.354,9,30.0,14,0.603,Europe/London,C
0.093,-0.35,0.307,-0.386,0.471,-0.236,-1.221,0.807,,,0.093,london,2026-08-10,EGLC,26.2,25.0,26.3,25.2,26.7,25.6,24.6,27.5,,,26.2,0.857,25.962,9,26.0,14,0.67,Europe/London,C
0.121,-0.414,0.307,-0.35,0.514,-0.229,-1.193,0.907,,,0.121,london,2026-08-11,EGLC,24.4,24.4,24.7,24.0,24.3,24.0,24.7,24.5,,,24.4,0.239,24.382,9,24.0,14,0.643,Europe/London,C
0.129,-0.336,0.279,-0.329,0.436,-0.229,-0.993,0.821,,,0.129,london,2026-08-12,EGLC,31.0,30.8,32.1,30.3,30.5,30.9,30.8,31.6,,,31.0,0.516,31.019,9,30.0,14,0.65,Europe/London,C
0.207,-0.229,0.45,-0.236,0.457,-0.121,-0.807,0.921,,,0.207,london,2026-08-13,EGLC,34.3,35.8,35.9,35.2,35.5,34.6,35.5,35.4,,,34.3,0.581,35.027,9,34.0,14,0.674,Europe/London,C
0.221,0.071,0.607,-0.129,0.621,-0.071,-0.55,0.986,,,0.221,london,2026-08-14,EGLC,33.9,33.4,34.2,33.6,33.5,33.2,32.3,35.2,,,33.9,0.74,33.466,9,34.0,14,0.682,Europe/London,C
0.186,0.014,0.579,-0.1,0.529,-0.129,-0.629,0.971,,,0.186,london,2026-08-15,EGLC,26.8,25.8,27.0,27.5,27.3,27.3,24.1,27.4,,,26.8,1.028,26.497,9,26.0,14,0.697,Europe/London,C
0.243,-0.043,0.621,0.064,0.614,0.007,-0.707,1.0,,,0.243,london,2026-08-16,EGLC,26.6,24.0,25.8,26.9,25.3,26.3,24.4,26.4,,,26.6,0.975,25.555,9,26.0,14,0.708,Europe/London,C
0.3,-0.2,0.593,0.179,0.579,0.071,-0.779,1.043,,,0.3,london,2026-08-17,EGLC,27.2,26.6,26.1,26.8,26.6,26.7,24.9,25.9,,,27.2,0.682,26.274,9,27.0,14,0.713,Europe/London,C
0.264,-0.307,0.429,0.15,0.486,0.007,-0.921,0.85,,,0.264,london,2026-08-18,EGLC,25.8,23.8,23.7,25.5,26.9,25.4,25.3,26.4,,,25.8,1.002,25.166,9,26.0,14,0.705,Europe/London,C
0.264,-0.364,0.286,0.114,0.536,-0.036,-0.843,0.857,,,0.264,london,2026-08-19,EGLC,25.0,23.6,23.9,24.3,24.4,24.5,23.1,23.8,,,25.0,0.6,24.103,9,25.0,14,0.73,Europe/London,C
0.343,-0.371,0.257,0.107,0.493,0.029,-0.8,0.829,,,0.343,london,2026-08-20,EGLC,23.2,21.0,22.3,22.4,22.8,22.7,21.0,22.5,,,23.2,0.778,22.242,9,24.0,14,0.721,Europe/London,C
0.243,-0.579,0.093,-0.007,0.307,-0.064,-1.0,0.6,,,0.243,london,2026-08-21,EGLC,21.4,20.2,20.9,21.5,21.9,21.6,21.0,21.5,,,21.4,0.471,21.24,9,21.0,14,0.843,Europe/London,C
0.307,-0.621,0.086,0.071,0.336,0.036,-0.893,0.557,,,0.307,london,2026-08-22,EGLC,21.7,21.0,21.8,22.2,22.4,21.8,21.0,22.6,,,21.7,0.523,21.737,9,21.0,14,0.844,Europe/London,C
0.35,-0.571,0.171,0.2,0.414,0.121,-0.843,0.614,,,0.35,london,2026-08-23,EGLC,24.0,23.6,24.2,23.6,24.7,23.6,22.4,25.0,,,24.0,0.706,23.832,9,24.0,14,0.867,Europe/London,C
0.25,-0.643,0.064,0.071,0.343,0.014,-0.921,0.55,,,0.25,london,2026-08-24,EGLC,21.6,21.7,21.7,21.6,21.2,20.9,20.4,21.5,,,21.6,0.419,21.391,9,22.0,14,0.789,Europe/London,C
0.207,-0.593,0.021,0.1,0.236,-0.036,-0.936,0.407,,,0.207,london,2026-08-25,EGLC,24.5,24.8,25.1,24.2,24.1,23.9,23.9,24.5,,,24.5,0.381,24.468,9,24.0,14,0.806,Europe/London,C
0.214,-0.564,0.05,0.114,0.221,-0.043,-0.993,0.407,,,0.214,london,2026-08-26,EGLC,26.0,26.0,26.7,26.5,27.2,25.0,24.3,25.3,,,26.0,0.846,26.003,9,26.0,14,0.809,Europe/London,C
0.143,-0.621,-0.05,0.129,0.271,-0.179,-1.171,0.243,,,0.143,london,2026-08-27,EGLC,24.9,21.6,23.0,25.2,24.2,24.8,22.6,25.1,,,24.9,1.232,24.075,9,25.0,14,0.762,Europe/London,C
0.114,-0.993,-0.329,0.057,0.107,-0.236,-1.45,0.15,,,0.114,london,2026-08-28,EGLC,24.6,22.4,22.5,24.8,24.7,23.9,22.2,24.4,,,24.6,1.036,24.024,9,25.0,14,0.752,Europe/London,C
0.093,-1.136,-0.521,0.071,0.121,-0.257,-1.529,0.021,,,0.093,london,2026-08-29,EGLC,21.0,19.8,19.7,20.7,20.9,20.6,20.3,20.5,,,21.0,0.457,20.812,9,20.0,14,0.783,Europe/London,C
0.107,-1.136,-0.614,0.014,0.093,-0.307,-1.371,-0.043,,,0.107,london,2026-08-30,EGLC,22.4,21.2,21.8,22.3,23.2,22.4,22.2,22.2,,,22.4,0.503,22.553,9,23.0,14,0.802,Europe/London,C
0.021,-1.121,-0.686,-0.1,0.157,-0.371,-1.314,-0.129,,,0.021,london,2026-08-31,EGLC,22.7,21.4,22.3,22.9,22.2,22.4,21.5,21.4,,,22.7,0.558,22.581,9,22.0,14,0.802,Europe/London,C
0.057,-1.136,-0.6,-0.021,0.2,-0.321,-1.2,-0.093,,,0.057,london,2026-09-01,EGLC,22.9,21.1,20.7,22.5,22.8,22.8,21.0,22.5,,,22.9,0.865,22.452,9,22.0,14,0.794,Europe/London,C
0.136,-1.043,-0.529,0.05,0.193,-0.221,-1.221,-0.086,,,0.136,london,2026-09-02,EGLC,21.3,20.0,20.4,21.6,20.6,20.5,19.5,19.4,,,21.3,0.743,20.84,9,21.0,14,0.771,Europe/London,C
0.157,-1.014,-0.493,0.143,0.207,-0.221,-1.193,-0.114,,,0.157,london,2026-09-03,EGLC,25.8,24.0,25.0,26.1,24.7,25.5,24.1,25.7,,,25.8,0.731,25.427,9,26.0,14,0.734,Europe/London,C
0.2,-0.943,-0.443,0.264,0.2,-0.164,-1.114,-0.029,,,0.2,london,2026-09-04,EGLC,21.1,20.3,20.2,22.0,22.0,21.3,21.4,21.7,,,21.1,0.615,21.339,9,21.0,14,0.585,Europe/London,C
0.179,-0.936,-0.493,0.3,0.207,-0.186,-1.086,-0.014,,,0.179,london,2026-09-05,EGLC,23.0,22.3,21.7,22.6,22.4,22.5,21.2,23.3,,,23.0,0.624,22.653,9,23.0,14,0.588,Europe/London,C
0.129,-0.986,-0.643,0.186,0.064,-0.279,-1.214,-0.107,,,0.129,london,2026-09-06,EGLC,26.5,25.2,26.2,26.6,26.5,26.7,22.6,27.3,,,26.5,1.314,26.364,9,27.0,14,0.562,Europe/London,C
0.093,-1.086,-0.714,0.186,-0.021,-0.271,-1.414,-0.157,,,0.093,london,2026-09-07,EGLC,24.3,23.4,24.2,24.8,24.2,24.4,23.0,23.6,,,24.3,0.535,24.405,9,25.0,14,0.585,Europe/London,C
0.071,-1.179,-0.75,0.2,-0.021,-0.236,-1.443,-0.221,,,0.071,london,2026-09-08,EGLC,18.7,18.6,18.2,18.2,18.3,18.3,18.2,18.6,,,18.7,0.21,18.822,9,18.0,14,0.584,Europe/London,C
0.086,-1.193,-0.814,0.2,-0.007,-0.207,-1.421,-0.214,,,0.086,london,2026-09-09,EGLC,19.2,18.0,18.8,18.3,18.9,19.7,18.3,20.2,,,19.2,0.669,19.326,9,19.0,14,0.611,Europe/London,C
0.1,-1.264,-0.879,0.114,-0.1,-0.086,-1.35,-0.079,,,0.1,london,2026-09-10,EGLC,20.4,19.3,19.0,20.7,20.9,20.8,18.9,20.9,,,20.4,0.788,20.492,9,21.0,14,0.617,Europe/London,C
0.064,-1.143,-0.879,0.079,-0.05,-0.086,-1.329,-0.093,,,0.064,london,2026-09-11,EGLC,21.5,20.3,21.0,21.9,21.6,21.0,21.3,22.3,,,21.5,0.543,21.693,9,21.0,14,0.582,Europe/London,C
0.129,-1.007,-0.7,0.157,0.014,-0.007,-1.107,0.043,,,0.129,london,2026-09-12,EGLC,23.7,20.9,22.9,23.6,23.8,23.1,20.9,24.4,,,23.7,1.192,23.265,9,23.0,14,0.552,Europe/London,C
0.107,-1.143,-0.686,0.15,0.007,-0.043,-1.279,0.107,,,0.107,london,2026-09-13,EGLC,23.1,21.7,22.3,24.3,22.0,22.9,21.3,21.7,,,23.1,0.89,22.798,9,23.0,14,0.513,Europe/London,C
0.157,-1.107,-0.65,0.293,-0.079,-0.007,-1.343,0.071,,,0.157,london,2026-09-14,EGLC,25.1,22.3,23.8,24.9,24.9,24.8,22.4,24.2,,,25.1,1.052,24.476,9,25.0,14,0.501,Europe/London,C
0.114,-1.257,-0.757,0.221,-0.1,-0.05,-1.493,0.057,,,0.114,london,2026-09-15,EGLC,22.4,20.3,21.9,22.0,23.4,22.5,20.7,23.0,,,22.4,0.948,22.418,9,23.0,14,0.5,Europe/London,C
0.007,-1.386,-0.743,0.114,-0.129,-0.143,-1.586,0.021,,,0.007,london,2026-09-16,EGLC,19.9,18.5,18.9,20.2,18.6,19.9,18.7,20.3,,,19.9,0.698,19.816,9,20.0,14,0.506,Europe/London,C
-0.021,-1.421,-0.779,0.086,-0.2,-0.114,-1.571,0.157,,,-0.021,london,2026-09-17,EGLC,20.9,19.4,20.3,20.4,20.4,20.6,19.8,20.3,,,20.9,0.457,20.795,9,21.0,14,0.507,Europe/London,C
-0.014,-1.393,-0.757,0.036,-0.15,-0.107,-1.521,0.129,,,-0.014,london,2026-09-18,EGLC,19.9,19.6,20.2,20.6,21.1,20.1,18.7,20.7,,,19.9,0.659,20.515,9,20.0,14,0.5,Europe/London,C
-0.029,-1.371,-0.686,0.007,-0.143,-0.121,-1.643,0.129,,,-0.029,london,2026-09-19,EGLC,22.2,21.7,21.9,22.6,21.3,22.1,21.3,21.9,,,22.2,0.404,22.345,9,22.0,14,0.5,Europe/London,C
-0.014,-1.343,-0.6,0.079,-0.15,-0.079,-1.564,0.1,,,-0.014,london,2026-09-20,EGLC,20.3,19.1,19.9,20.2,20.5,20.3,19.0,20.4,,,20.3,0.531,20.406,9,20.0,14,0.5,Europe/London,C
0.043,-1.279,-0.55,0.121,-0.079,-0.036,-1.321,0.107,,,0.043,london,2026-09-21,EGLC,23.1,21.9,22.3,22.5,22.4,22.4,20.5,23.6,,,23.1,0.836,22.791,9,23.0,14,0.5,Europe/London,C
0.1,-1.243,-0.543,0.1,-0.064,-0.036,-1.357,0.25,,,0.1,london,2026-09-22,EGLC,24.9,24.1,24.7,25.4,24.8,24.4,21.5,25.8,,,24.9,1.16,24.844,9,25.0,14,0.5,Europe/London,C
-0.12,-1.26,0.78,-0.48,-1.78,-0.34,-1.42,1.44,,,-0.6,karachi,2026-07-16,OPKC,33.0,31.7,33.8,32.4,32.2,34.3,31.6,35.2,,,33.1,1.146,33.423,9,33.0,0,1.2,Asia/Karachi,C
-0.1,-1.267,0.783,-0.5,-1.617,-0.067,-1.417,1.567,,,-0.483,karachi,2026-07-17,OPKC,33.1,32.4,34.5,32.3,32.4,33.8,31.6,35.0,,,33.9,1.077,33.578,9,34.0,0,1.2,Asia/Karachi,C
-0.214,-1.314,0.743,-0.671,-1.614,-0.086,-1.557,1.486,,,-0.429,karachi,2026-07-18,OPKC,32.9,32.1,33.7,32.0,32.0,33.6,31.1,33.7,,,33.7,0.926,33.197,9,33.0,0,1.2,Asia/Karachi,C
-0.2,-1.263,0.737,-0.713,-1.537,0.0,-1.6,1.388,,,-0.287,karachi,2026-07-19,OPKC,31.2,30.4,32.3,31.3,30.6,33.4,30.9,33.5,,,32.7,1.122,32.096,9,32.0,8,0.7,Asia/Karachi,C
-0.267,-1.3,0.689,-0.711,-1.522,0.156,-1.544,1.4,,,-0.178,karachi,2026-07-20,OPKC,32.6,30.9,33.2,31.7,31.4,32.7,31.3,32.2,,,32.9,0.76,32.517,9,32.0,9,0.661,Asia/Karachi,C
-0.18,-1.28,0.74,-0.67,-1.43,0.21,-1.46,1.28,,,-0.07,karachi,2026-07-21,OPKC,31.4,31.1,32.1,31.9,32.2,32.9,31.3,34.2,,,33.3,0.967,32.458,9,33.0,10,0.648,Asia/Karachi,C
-0.309,-1.336,0.591,-0.709,-1.373,0.182,-1.482,1.273,,,-0.036,karachi,2026-07-22,OPKC,32.9,33.0,34.0,33.6,32.6,33.7,31.5,35.4,,,33.8,1.017,33.706,9,34.0,11,0.639,Asia/Karachi,C
-0.375,-1.308,0.542,-0.683,-1.375,0.142,-1.567,1.283,,,-0.05,karachi,2026-07-23,OPKC,36.0,34.5,36.5,33.8,33.0,33.6,32.5,37.4,,,35.8,1.604,35.295,9,34.0,12,0.617,Asia/Karachi,C
-0.192,-1.169,0.692,-0.646,-1.346,0.1,-1.562,1.446,,,0.092,karachi,2026-07-24,OPKC,35.3,34.0,35.9,34.3,32.4,34.2,33.1,37.4,,,36.0,1.473,35.027,9,34.0,13,0.693,Asia/Karachi,C
-0.086,-1.086,0.779,-0.579,-1.364,0.107,-1.514,1.586,,,0.229,karachi,2026-07-25,OPKC,34.2,32.9,35.0,32.9,33.0,33.5,31.6,36.8,,,34.3,1.416,34.049,9,33.0,14,0.722,Asia/Karachi,C
0.093,-0.95,0.929,-0.529,-1.207,0.193,-1.514,1.821,,,0.364,karachi,2026-07-26,OPKC,35.0,33.1,35.5,35.4,34.1,35.0,31.6,36.7,,,36.5,1.529,34.836,9,35.0,14,0.725,Asia/Karachi,C
-0.007,-1.079,0.793,-0.6,-1.186,0.157,-1.736,1.807,,,0.443,karachi,2026-07-27,OPKC,34.7,32.8,34.9,33.9,32.8,34.3,31.8,36.4,,,35.6,1.386,34.295,9,34.0,14,0.698,Asia/Karachi,C
-0.007,-1.086,0.764,-0.65,-1.086,0.171,-1.814,1.814,,,0.571,karachi,2026-07-28,OPKC,33.2,31.8,33.9,33.7,32.6,34.7,31.6,35.6,,,35.0,1.319,33.621,9,33.0,14,0.702,Asia/Karachi,C
0.036,-1.071,0.8,-0.55,-1.007,0.314,-1.814,1.871,,,0.771,karachi,2026-07-29,OPKC,35.6,31.9,35.8,34.8,33.6,35.6,32.1,37.1,,,35.5,1.668,34.757,9,34.0,14,0.709,Asia/Karachi,C
0.221,-1.1,0.936,-0.286,-0.936,0.521,-1.743,2.043,,,1.007,karachi,2026-07-30,OPKC,35.6,33.5,36.5,34.7,33.6,34.8,32.8,38.1,,,37.0,1.671,35.104,9,35.0,14,0.652,Asia/Karachi,C
0.264,-1.114,0.986,-0.264,-0.979,0.414,-1.8,2.107,,,1.143,karachi,2026-07-31,OPKC,36.1,34.2,37.1,33.6,34.5,35.0,32.6,38.0,,,37.6,1.779,35.421,9,35.0,14,0.643,Asia/Karachi,C
0.407,-1.057,1.1,-0.243,-0.9,0.429,-1.8,2.25,,,1.336,karachi,2026-08-01,OPKC,35.1,33.7,35.9,34.4,31.4,35.0,32.7,35.4,,,33.9,1.343,34.082,9,35.0,14,0.643,Asia/Karachi,C
0.421,-1.086,1.114,-0.214,-1.086,0.386,-1.829,2.229,,,1.207,karachi,2026-08-02,OPKC,30.3,29.8,30.1,32.4,31.2,31.2,31.3,31.6,,,30.2,0.801,30.624,9,30.0,14,0.686,Asia/Karachi,C
0.5,-0.986,1.1,0.007,-0.9,0.371,-1.657,2.236,,,1.171,karachi,2026-08-03,OPKC,32.4,31.6,33.3,32.5,31.5,32.8,31.8,31.3,,,32.8,0.656,32.062,9,33.0,14,0.706,Asia/Karachi,C
0.414,-1.007,1.036,-0.007,-0.964,0.307,-1.693,2.1,,,1.093,karachi,2026-08-04,OPKC,33.7,32.4,34.3,33.0,31.7,33.7,31.5,35.1,,,33.6,1.12,33.111,9,33.0,14,0.736,Asia/Karachi,C
0.579,-0.914,1.193,0.071,-1.0,0.364,-1.679,2.164,,,1.114,karachi,2026-08-05,OPKC,33.4,31.4,34.0,32.5,31.4,33.6,31.0,35.0,,,32.4,1.276,32.564,9,32.0,14,0.722,Asia/Karachi,C
0.757,-0.886,1.336,0.136,-0.943,0.5,-1.571,2.279,,,1.157,karachi,2026-08-06,OPKC,33.1,31.2,34.0,32.3,30.6,33.1,31.1,35.1,,,34.2,1.468,32.405,9,33.0,14,0.734,Asia/Karachi,C
0.621,-1.05,1.229,0.1,-1.043,0.536,-1.6,2.186,,,1.114,karachi,2026-08-07,OPKC,33.7,31.7,34.4,32.1,31.7,33.5,30.9,34.8,,,34.1,1.323,32.817,9,33.0,14,0.666,Asia/Karachi,C
0.579,-1.143,1.193,0.014,-1.021,0.557,-1.686,2.071,,,1.05,karachi,2026-08-08,OPKC,33.5,31.7,34.2,32.1,32.4,33.7,31.1,35.5,,,34.7,1.39,33.035,9,34.0,14,0.609,Asia/Karachi,C
0.457,-1.3,1.064,-0.114,-1.136,0.5,-1.793,1.907,,,1.007,karachi,2026-08-09,OPKC,33.8,31.9,34.8,32.4,32.2,33.9,31.2,36.2,,,34.3,1.511,33.361,9,33.0,14,0.599,Asia/Karachi,C
0.514,-1.243,1.157,-0.186,-1.129,0.564,-1.679,2.014,,,0.993,karachi,2026-08-10,OPKC,33.2,31.1,33.6,32.8,31.4,33.0,31.3,35.2,,,34.6,1.367,32.738,9,32.0,14,0.605,Asia/Karachi,C
0.55,-1.221,1.207,-0.121,-1.086,0.614,-1.571,2.071,,,1.064,karachi,2026-08-11,OPKC,32.5,30.5,33.4,31.1,31.5,32.5,31.0,34.4,,,34.0,1.316,32.136,9,32.0,14,0.632,Asia/Karachi,C
0.571,-1.243,1.243,-0.236,-1.093,0.529,-1.543,2.057,,,1.064,karachi,2026-08-12,OPKC,32.9,30.6,33.7,32.3,31.6,32.8,30.7,34.5,,,34.3,1.356,32.424,9,33.0,14,0.61,Asia/Karachi,C
0.45,-1.264,1.164,-0.343,-1.164,0.4,-1.571,1.943,,,1.05,karachi,2026-08-13,OPKC,33.1,31.0,33.8,32.2,31.5,33.2,30.9,33.5,,,34.1,1.151,32.541,9,33.0,14,0.596,Asia/Karachi,C
0.414,-1.3,1.114,-0.379,-1.171,0.429,-1.564,1.757,,,0.986,karachi,2026-08-14,OPKC,31.9,30.6,32.4,31.3,30.8,32.5,30.2,33.2,,,32.6,0.981,31.675,9,32.0,14,0.608,Asia/Karachi,C
0.329,-1.343,0.993,-0.329,-1.221,0.464,-1.521,1.629,,,0.843,karachi,2026-08-15,OPKC,31.7,29.9,32.6,31.5,30.9,32.3,30.2,33.0,,,32.8,1.066,31.644,9,31.0,14,0.604,Asia/Karachi,C
0.371,-1.329,1.043,-0.25,-0.971,0.557,-1.414,1.743,,,1.05,karachi,2026-08-16,OPKC,31.6,29.8,32.3,31.6,31.2,32.9,31.1,32.8,,,32.2,0.913,31.58,9,32.0,14,0.578,Asia/Karachi,C
0.321,-1.471,1.057,-0.45,-1.114,0.536,-1.571,1.686,,,1.05,karachi,2026-08-17,OPKC,31.7,30.4,32.5,31.4,30.9,32.6,30.9,33.8,,,31.9,0.994,31.734,9,31.0,14,0.565,Asia/Karachi,C
0.414,-1.414,1.143,-0.386,-1.014,0.664,-1.493,2.007,,,1.129,karachi,2026-08-18,OPKC,32.6,30.5,32.6,31.8,31.2,32.3,29.8,33.8,,,33.7,1.278,31.926,9,32.0,14,0.543,Asia/Karachi,C
0.407,-1.479,1.093,-0.4,-0.979,0.636,-1.543,1.986,,,1.207,karachi,2026-08-19,OPKC,32.2,31.0,32.4,31.3,31.7,32.2,30.4,34.4,,,32.3,1.066,31.882,9,32.0,14,0.542,Asia/Karachi,C
0.321,-1.507,0.979,-0.486,-0.957,0.536,-1.586,1.943,,,1.2,karachi,2026-08-20,OPKC,31.7,30.7,32.4,30.7,31.8,32.2,30.3,34.1,,,32.4,1.098,31.753,9,32.0,14,0.522,Asia/Karachi,C
0.293,-1.471,0.936,-0.529,-0.8,0.543,-1.571,1.943,,,1.143,karachi,2026-08-21,OPKC,31.7,29.8,32.7,31.3,31.6,31.9,29.7,33.2,,,32.4,1.128,31.547,9,31.0,14,0.501,Asia/Karachi,C
0.293,-1.464,0.957,-0.443,-0.664,0.571,-1.514,1.971,,,1.164,karachi,2026-08-22,OPKC,31.8,29.2,32.4,29.8,31.3,30.6,29.8,33.0,,,33.3,1.403,31.19,9,30.0,14,0.52,Asia/Karachi,C
0.457,-1.357,1.114,-0.321,-0.457,0.636,-1.321,2.079,,,1.35,karachi,2026-08-23,OPKC,30.7,29.2,32.0,29.6,29.9,31.5,29.6,34.2,,,32.2,1.542,30.69,9,30.0,14,0.552,Asia/Karachi,C
0.45,-1.336,1.129,-0.307,-0.407,0.679,-1.221,2.15,,,1.414,karachi,2026-08-24,OPKC,33.2,31.2,33.7,30.4,32.5,33.3,30.8,36.6,,,34.7,1.871,32.665,9,33.0,14,0.574,Asia/Karachi,C
0.379,-1.4,1.064,-0.55,-0.4,0.629,-1.329,2.179,,,1.35,karachi,2026-08-25,OPKC,32.6,30.4,33.5,31.3,31.8,32.4,30.5,34.3,,,33.8,1.329,32.099,9,32.0,14,0.546,Asia/Karachi,C
0.386,-1.407,1.071,-0.536,-0.379,0.621,-1.364,2.171,,,1.336,karachi,2026-08-26,OPKC,32.5,30.9,33.2,30.4,31.4,31.6,29.9,34.6,,,33.8,1.505,31.876,9,33.0,14,0.546,Asia/Karachi,C
0.357,-1.386,1.036,-0.671,-0.393,0.536,-1.421,2.179,,,1.3,karachi,2026-08-27,OPKC,31.6,29.2,31.9,30.0,30.8,31.6,29.7,34.1,,,33.7,1.597,31.188,9,32.0,14,0.604,Asia/Karachi,C
0.321,-1.443,0.971,-0.757,-0.371,0.493,-1.436,2.293,,,1.343,karachi,2026-08-28,OPKC,32.1,29.3,32.7,30.4,31.7,31.8,29.6,34.2,,,33.1,1.536,31.521,9,31.0,14,0.63,Asia/Karachi,C
0.407,-1.464,1.064,-0.75,-0.236,0.514,-1.407,2.436,,,1.45,karachi,2026-08-29,OPKC,31.4,28.9,31.9,30.0,30.0,31.2,29.1,33.1,,,31.7,1.317,30.615,9,30.0,14,0.639,Asia/Karachi,C
0.457,-1.464,1.086,-0.786,-0.229,0.507,-1.414,2.514,,,1.443,karachi,2026-08-30,OPKC,30.1,28.7,30.8,29.1,30.9,30.9,28.8,32.6,,,32.1,1.317,30.167,9,30.0,14,0.637,Asia/Karachi,C
0.493,-1.4,1.121,-0.821,-0.107,0.507,-1.436,2.643,,,1.579,karachi,2026-08-31,OPKC,30.2,28.9,31.0,29.7,30.2,31.1,29.3,33.0,,,31.5,1.186,30.192,9,30.0,14,0.629,Asia/Karachi,C
0.457,-1.436,1.086,-0.871,-0.086,0.471,-1.479,2.657,,,1.621,karachi,2026-09-01,OPKC,31.1,29.0,31.7,29.4,30.8,30.9,29.7,32.9,,,30.8,1.137,30.463,9,30.0,14,0.599,Asia/Karachi,C
0.493,-1.4,1.164,-0.9,0.029,0.514,-1.343,2.736,,,1.557,karachi,2026-09-02,OPKC,31.7,30.2,32.3,29.4,31.1,31.9,30.3,32.8,,,32.8,1.145,31.122,9,33.0,14,0.612,Asia/Karachi,C
0.386,-1.529,1.086,-1.107,-0.086,0.421,-1.421,2.55,,,1.521,karachi,2026-09-03,OPKC,30.7,29.8,31.9,30.0,30.7,32.1,30.0,32.3,,,32.7,1.057,30.9,9,32.0,14,0.791,Asia/Karachi,C
0.314,-1.593,1.05,-1.157,-0.164,0.414,-1.443,2.421,,,1.543,karachi,2026-09-04,OPKC,31.0,29.7,32.0,30.7,31.0,30.9,30.3,32.9,,,33.7,1.204,31.136,9,31.0,14,0.841,Asia/Karachi,C
0.264,-1.6,1.0,-1.2,-0.207,0.343,-1.4,2.4,,,1.636,karachi,2026-09-05,OPKC,31.6,29.5,32.4,29.7,31.1,31.7,29.3,32.8,,,34.5,1.623,31.292,9,33.0,14,0.829,Asia/Karachi,C
0.036,-1.793,0.786,-1.421,-0.436,0.207,-1.65,2.171,,,1.507,karachi,2026-09-06,OPKC,31.8,29.7,33.2,29.2,31.0,31.3,29.8,33.4,,,33.4,1.558,31.562,9,31.0,14,0.891,Asia/Karachi,C
0.043,-1.829,0.8,-1.521,-0.429,0.121,-1.707,2.043,,,1.521,karachi,2026-09-07,OPKC,31.7,30.2,33.0,31.2,31.0,31.7,29.9,34.3,,,33.6,1.418,31.916,9,32.0,14,0.885,Asia/Karachi,C
0.007,-1.829,0.821,-1.393,-0.464,0.079,-1.7,1.95,,,1.514,karachi,2026-09-08,OPKC,31.6,30.7,32.3,31.2,31.5,32.1,29.8,34.5,,,33.5,1.338,31.973,9,32.0,14,0.88,Asia/Karachi,C
-0.064,-1.807,0.736,-1.4,-0.486,0.057,-1.75,1.964,,,1.493,karachi,2026-09-09,OPKC,32.5,30.2,33.3,31.1,30.5,32.4,30.2,34.5,,,35.6,1.834,32.372,9,33.0,14,0.88,Asia/Karachi,C
-0.064,-1.857,0.743,-1.35,-0.55,0.114,-1.729,1.957,,,1.621,karachi,2026-09-10,OPKC,32.6,30.4,33.1,31.7,30.0,32.5,30.1,34.1,,,35.1,1.694,32.291,9,32.0,14,0.844,Asia/Karachi,C
0.007,-1.771,0.829,-1.229,-0.607,0.179,-1.7,1.957,,,1.721,karachi,2026-09-11,OPKC,33.7,31.2,34.3,32.3,31.4,33.4,31.0,35.8,,,35.6,1.729,33.26,9,33.0,14,0.819,Asia/Karachi,C
-0.021,-1.779,0.8,-1.236,-0.771,0.15,-1.743,1.929,,,1.757,karachi,2026-09-12,OPKC,35.5,32.3,35.8,34.6,34.7,34.7,31.0,37.9,,,38.1,2.174,35.069,9,36.0,14,0.81,Asia/Karachi,C
-0.157,-1.964,0.65,-1.336,-0.864,-0.029,-2.036,1.843,,,1.786,karachi,2026-09-13,OPKC,40.0,35.5,39.5,37.6,38.2,39.2,34.6,42.4,,,41.1,2.37,38.974,9,39.0,14,0.832,Asia/Karachi,C
-0.093,-2.121,0.629,-1.371,-0.986,-0.079,-2.264,1.9,,,1.786,karachi,2026-09-14,OPKC,37.5,35.4,38.0,34.4,35.2,36.9,34.0,41.9,,,41.7,2.758,37.48,9,39.0,14,0.831,Asia/Karachi,C
-0.214,-2.3,0.486,-1.679,-1.271,-0.307,-2.571,1.893,,,1.871,karachi,2026-09-15,OPKC,34.6,35.0,34.3,32.1,34.0,37.0,34.2,39.7,,,40.3,2.595,35.962,9,34.0,14,0.923,Asia/Karachi,C
-0.25,-2.157,0.386,-1.771,-1.329,-0.157,-2.536,2.093,,,2.264,karachi,2026-09-16,OPKC,34.4,32.7,34.1,36.1,33.1,35.6,31.9,35.1,,,38.4,1.867,34.885,9,35.0,14,1.054,Asia/Karachi,C
-0.2,-2.121,0.371,-1.436,-1.329,-0.036,-2.564,2.114,,,2.521,karachi,2026-09-17,OPKC,34.0,32.0,34.8,33.4,32.9,33.9,32.0,34.9,,,35.6,1.197,34.059,9,34.0,14,0.928,Asia/Karachi,C
-0.107,-2.107,0.436,-1.336,-1.314,-0.05,-2.564,2.157,,,2.586,karachi,2026-09-18,OPKC,33.9,32.4,34.3,33.2,32.7,34.2,31.6,36.5,,,35.0,1.395,34.012,9,35.0,14,0.88,Asia/Karachi,C
-0.186,-2.2,0.314,-1.443,-1.479,-0.1,-2.757,2.129,,,2.393,karachi,2026-09-19,OPKC,34.0,31.8,34.4,33.2,32.2,34.1,32.0,36.6,,,34.9,1.475,34.041,9,33.0,14,0.918,Asia/Karachi,C
-0.014,-2.036,0.457,-1.193,-1.4,0.071,-2.564,2.4,,,2.421,karachi,2026-09-20,OPKC,37.3,35.0,36.8,36.0,35.1,36.8,32.8,39.5,,,39.2,1.979,36.751,9,37.0,14,0.844,Asia/Karachi,C
-0.05,-2.086,0.286,-1.136,-1.536,0.036,-2.779,2.407,,,2.407,karachi,2026-09-21,OPKC,40.7,36.5,39.1,38.8,39.1,40.8,34.5,42.0,,,41.0,2.247,39.548,9,40.0,14,0.833,Asia/Karachi,C
0.021,-2.207,0.15,-1.164,-1.529,0.114,-3.021,2.386,,,2.364,karachi,2026-09-22,OPKC,38.5,36.0,39.0,37.1,35.8,38.3,33.2,40.9,,,40.9,2.363,38.138,9,39.0,14,0.842,Asia/Karachi,C
0.014,-2.329,0.129,-1.243,-1.721,0.057,-3.279,2.343,,,2.393,karachi,2026-09-23,OPKC,37.4,34.2,36.9,35.1,34.4,37.1,31.7,38.2,,,39.5,2.264,36.576,9,36.0,14,0.872,Asia/Karachi,C
0.128,-2.552,-1.712,0.508,0.128,-1.452,-1.372,0.448,0.128,0.068,0.128,miami,2026-07-15,KMIA,34.8,31.6,33.5,34.7,34.8,32.5,34.4,34.5,34.8,34.2,33.8,1.007,34.444,11,33.89,0,1.2,America/New_York,F
0.258,-2.508,-1.492,0.558,0.258,-1.442,-1.058,0.475,0.258,0.108,0.092,miami,2026-07-16,KMIA,35.7,31.6,33.0,34.2,35.7,34.6,32.7,32.9,35.7,34.2,34.6,1.316,34.57,11,35.56,0,1.2,America/New_York,F
0.241,-2.716,-1.644,0.284,0.241,-1.373,-1.316,0.027,0.241,-0.101,-0.059,miami,2026-07-17,KMIA,34.0,29.3,32.9,33.9,34.0,32.9,34.0,32.8,34.0,33.3,34.3,1.342,33.697,11,33.33,0,1.2,America/New_York,F
0.295,-2.88,-1.492,0.32,0.295,-1.255,-1.067,-0.042,0.295,-0.092,0.07,miami,2026-07-18,KMIA,32.4,30.1,31.6,31.2,32.4,30.8,30.0,32.9,32.4,32.3,31.8,0.941,32.232,11,32.78,8,0.604,America/New_York,F
0.22,-2.858,-1.458,0.109,0.22,-1.336,-1.258,-0.024,0.22,-0.136,-0.047,miami,2026-07-19,KMIA,33.3,30.6,32.5,33.5,33.3,32.3,33.3,33.7,33.3,32.5,32.7,0.83,33.238,11,32.78,9,0.598,America/New_York,F
0.25,-2.79,-1.34,0.17,0.25,-1.25,-1.08,0.07,0.25,-0.15,-0.05,miami,2026-07-20,KMIA,33.9,31.2,32.6,34.6,33.9,32.3,33.2,34.6,33.9,33.0,33.3,0.975,33.688,11,33.89,10,0.585,America/New_York,F
0.228,-2.781,-1.335,0.219,0.228,-1.281,-1.045,0.128,0.228,-0.217,-0.099,miami,2026-07-21,KMIA,33.8,31.3,31.9,34.5,33.8,32.2,34.4,33.8,33.8,33.2,33.2,0.992,33.669,11,32.78,11,0.561,America/New_York,F
0.294,-2.672,-1.297,0.344,0.294,-1.223,-0.823,0.202,0.294,-0.164,-0.056,miami,2026-07-22,KMIA,33.2,31.3,32.0,33.5,33.2,32.2,33.0,33.3,33.2,32.8,33.3,0.658,33.18,11,33.33,12,0.595,America/New_York,F
0.262,-2.623,-1.3,0.331,0.262,-1.215,-0.785,0.185,0.262,-0.192,-0.054,miami,2026-07-23,KMIA,33.1,31.5,32.5,33.2,33.1,32.0,32.3,33.2,33.1,32.8,33.1,0.546,33.139,11,33.33,13,0.574,America/New_York,F
0.226,-2.566,-1.266,0.298,0.226,-1.224,-0.802,0.162,0.226,-0.216,-0.066,miami,2026-07-24,KMIA,32.9,30.9,32.1,33.4,32.9,32.6,31.1,34.0,32.9,32.4,32.5,0.865,32.907,11,33.33,14,0.555,America/New_York,F
0.205,-2.602,-1.181,0.276,0.205,-1.159,-0.845,0.191,0.205,-0.266,-0.131,miami,2026-07-25,KMIA,32.7,29.9,29.1,30.6,32.7,31.7,29.9,32.1,32.7,32.4,31.3,1.246,32.051,11,32.22,14,0.54,America/New_York,F
0.269,-2.609,-1.374,0.098,0.269,-1.138,-0.824,0.112,0.269,-0.309,-0.266,miami,2026-07-26,KMIA,33.0,30.1,32.4,30.3,33.0,32.5,31.2,30.5,33.0,31.8,33.0,1.116,32.479,11,34.44,14,0.539,America/New_York,F
0.184,-2.666,-1.381,-0.195,0.184,-1.124,-1.009,-0.181,0.184,-0.474,-0.316,miami,2026-07-27,KMIA,33.2,30.3,31.1,32.0,33.2,31.5,30.6,28.7,33.2,30.5,31.5,1.353,32.055,11,32.22,14,0.717,America/New_York,F
0.22,-2.673,-1.351,-0.309,0.22,-1.13,-1.087,-0.501,0.22,-0.644,-0.423,miami,2026-07-28,KMIA,30.9,30.3,32.1,32.7,30.9,31.9,32.2,28.9,30.9,32.1,32.5,1.086,32.093,11,31.67,14,0.718,America/New_York,F
0.096,-2.539,-1.161,-0.232,0.096,-0.968,-0.946,-0.689,0.096,-0.575,-0.332,miami,2026-07-29,KMIA,32.7,31.9,32.5,33.3,32.7,33.8,33.0,32.4,32.7,33.0,34.7,0.72,33.521,11,34.44,14,0.711,America/New_York,F
-0.093,-2.557,-1.271,-0.371,-0.093,-0.914,-1.086,-0.879,-0.093,-0.7,-0.307,miami,2026-07-30,KMIA,35.7,32.5,35.2,34.2,35.7,35.4,33.7,36.1,35.7,34.3,36.0,1.084,35.623,11,35.56,14,0.738,America/New_York,F
-0.093,-2.493,-1.114,-0.371,-0.093,-0.857,-1.014,-0.65,-0.093,-0.693,-0.207,miami,2026-07-31,KMIA,34.8,32.2,34.2,32.1,34.8,34.6,32.7,35.5,34.8,33.8,35.6,1.191,34.792,11,35.56,14,0.689,America/New_York,F
-0.195,-2.445,-1.181,-0.659,-0.195,-0.895,-1.266,-0.616,-0.195,-0.816,-0.274,miami,2026-08-01,KMIA,33.0,31.5,34.1,34.1,33.0,32.6,32.2,34.0,33.0,33.1,34.5,0.87,33.905,11,33.89,14,0.712,America/New_York,F
-0.231,-2.424,-1.081,-0.531,-0.231,-0.846,-1.189,-0.617,-0.231,-0.839,-0.16,miami,2026-08-02,KMIA,30.4,29.7,31.3,30.4,30.4,30.5,29.8,32.1,30.4,31.9,32.0,0.827,31.689,11,32.22,14,0.697,America/New_York,F
-0.399,-2.449,-1.127,-0.713,-0.399,-0.934,-1.399,-0.691,-0.399,-0.841,-0.17,miami,2026-08-03,KMIA,32.3,29.9,30.7,32.7,32.3,32.1,30.9,31.4,32.3,32.3,32.7,0.879,32.709,11,32.78,14,0.7,America/New_York,F
-0.434,-2.462,-1.184,-0.769,-0.434,-0.869,-1.484,-0.841,-0.434,-0.812,-0.134,miami,2026-08-04,KMIA,31.9,30.0,30.4,32.3,31.9,31.4,30.3,32.1,31.9,31.8,33.7,1.009,32.469,11,32.22,14,0.699,America/New_York,F
-0.529,-2.515,-1.251,-0.886,-0.529,-0.886,-1.736,-0.922,-0.529,-0.872,-0.058,miami,2026-08-05,KMIA,31.0,28.2,29.0,31.0,31.0,30.2,29.6,29.7,31.0,30.9,30.2,0.909,31.252,11,31.67,14,0.66,America/New_York,F
-0.568,-2.618,-1.346,-0.946,-0.568,-0.911,-1.861,-1.061,-0.568,-0.889,-0.161,miami,2026-08-06,KMIA,30.7,29.8,30.2,31.8,30.7,29.4,30.0,30.6,30.7,30.7,31.8,0.708,31.572,11,31.11,14,0.669,America/New_York,F
-0.581,-2.581,-1.352,-0.888,-0.581,-0.938,-1.866,-1.088,-0.581,-0.881,-0.095,miami,2026-08-07,KMIA,31.0,31.2,30.6,33.1,31.0,31.4,31.6,33.8,31.0,31.9,33.0,1.003,32.625,11,32.22,14,0.678,America/New_York,F
-0.637,-2.48,-1.38,-0.83,-0.637,-0.944,-1.751,-1.023,-0.637,-0.837,0.02,miami,2026-08-08,KMIA,33.2,31.4,31.8,33.4,33.2,32.4,33.4,34.1,33.2,32.1,33.2,0.776,33.66,11,32.78,14,0.677,America/New_York,F
-0.641,-2.413,-1.227,-0.67,-0.641,-0.934,-1.541,-0.92,-0.641,-0.899,0.116,miami,2026-08-09,KMIA,33.5,31.2,31.7,33.7,33.5,31.8,32.9,31.3,33.5,32.1,32.9,0.912,33.47,11,33.33,14,0.715,America/New_York,F
-0.526,-2.255,-1.198,-0.348,-0.526,-0.905,-1.341,-0.784,-0.526,-0.798,0.188,miami,2026-08-10,KMIA,33.0,31.4,32.0,33.8,33.0,32.8,33.3,34.6,33.0,32.8,33.0,0.793,33.684,11,33.33,14,0.5,America/New_York,F
-0.62,-2.256,-1.213,-0.299,-0.62,-0.891,-1.227,-0.441,-0.62,-0.713,0.216,miami,2026-08-11,KMIA,33.0,31.1,32.6,34.6,33.0,32.5,33.8,35.0,33.0,33.0,33.8,1.015,33.86,11,33.89,14,0.5,America/New_York,F
-0.629,-2.357,-1.336,-0.321,-0.629,-1.007,-1.271,-0.164,-0.629,-0.807,0.15,miami,2026-08-12,KMIA,34.3,31.6,33.5,33.8,34.3,32.6,33.7,34.6,34.3,33.1,34.3,0.866,34.417,11,33.89,14,0.5,America/New_York,F
-0.475,-2.339,-1.225,-0.246,-0.475,-1.054,-1.182,0.032,-0.475,-0.761,0.161,miami,2026-08-13,KMIA,32.7,31.1,32.8,33.5,32.7,32.8,32.7,33.5,32.7,32.8,34.2,0.728,33.547,11,34.44,14,0.5,America/New_York,F
-0.609,-2.359,-1.316,-0.216,-0.609,-1.159,-1.174,-0.074,-0.609,-0.788,0.112,miami,2026-08-14,KMIA,34.0,31.8,32.6,34.0,34.0,33.9,33.3,35.4,34.0,32.8,34.8,0.967,34.328,11,34.44,14,0.5,America/New_York,F
-0.586,-2.308,-1.351,-0.001,-0.586,-1.129,-1.051,-0.001,-0.586,-0.779,0.135,miami,2026-08-15,KMIA,32.8,31.6,33.3,34.1,32.8,32.9,34.7,35.7,32.8,33.0,34.3,1.087,34.016,11,33.89,14,0.5,America/New_York,F
-0.601,-2.301,-1.408,-0.001,-0.601,-1.108,-0.872,0.121,-0.601,-0.786,0.121,miami,2026-08-16,KMIA,34.0,31.4,33.2,33.8,34.0,33.0,34.5,35.3,34.0,33.8,34.0,0.934,34.474,11,33.89,14,0.5,America/New_York,F
-0.463,-2.299,-1.391,0.123,-0.463,-1.049,-0.656,0.23,-0.463,-0.77,0.144,miami,2026-08-17,KMIA,33.7,31.3,34.5,35.5,33.7,33.0,36.0,36.4,33.7,35.4,35.5,1.447,35.104,11,35.0,14,0.5,America/New_York,F
-0.521,-2.357,-1.279,0.164,-0.521,-1.143,-0.45,0.429,-0.521,-0.707,0.186,miami,2026-08-18,KMIA,36.2,32.2,36.0,36.9,36.2,37.0,36.3,37.1,36.2,35.9,37.2,1.314,36.68,11,37.22,14,0.5,America/New_York,F
-0.571,-2.557,-1.236,0.136,-0.571,-1.1,-0.379,0.429,-0.571,-0.771,0.079,miami,2026-08-19,KMIA,34.3,29.6,34.0,35.4,34.3,34.5,35.1,35.7,34.3,34.7,34.6,1.544,34.918,11,35.0,14,0.5,America/New_York,F
-0.574,-2.695,-1.116,0.212,-0.574,-1.031,-0.224,0.619,-0.574,-0.738,0.155,miami,2026-08-20,KMIA,32.9,31.7,32.6,34.2,32.9,32.2,33.9,31.0,32.9,33.3,34.3,0.974,33.624,11,33.89,14,0.5,America/New_York,F
-0.615,-2.758,-1.144,0.185,-0.615,-1.029,-0.144,0.449,-0.615,-0.751,0.135,miami,2026-08-21,KMIA,33.0,29.4,33.4,34.6,33.0,32.2,32.5,32.2,33.0,32.9,34.4,1.302,33.49,11,33.33,14,0.5,America/New_York,F
-0.551,-2.966,-1.023,0.213,-0.551,-1.051,-0.159,0.256,-0.551,-0.759,0.156,miami,2026-08-22,KMIA,33.1,31.6,33.1,33.6,33.1,33.2,33.8,35.0,33.1,33.1,34.5,0.836,33.963,11,34.44,14,0.5,America/New_York,F
-0.677,-3.07,-1.049,0.109,-0.677,-1.113,-0.249,0.201,-0.677,-0.806,0.13,miami,2026-08-23,KMIA,32.8,31.3,32.2,33.3,32.8,31.9,31.4,31.2,32.8,32.8,32.8,0.703,33.234,11,33.33,14,0.5,America/New_York,F
-0.727,-3.063,-1.013,0.08,-0.727,-1.106,-0.356,0.194,-0.727,-0.756,0.123,miami,2026-08-24,KMIA,32.2,30.2,31.5,30.9,32.2,31.6,32.8,30.2,32.2,32.0,33.7,1.008,32.646,11,32.78,14,0.5,America/New_York,F
-0.745,-3.109,-1.009,-0.088,-0.745,-1.152,-0.352,-0.081,-0.745,-0.774,0.212,miami,2026-08-25,KMIA,30.9,30.8,32.6,33.4,30.9,31.8,32.2,32.6,30.9,32.6,33.5,0.974,32.803,11,33.33,14,0.5,America/New_York,F
-0.855,-3.091,-0.969,-0.134,-0.855,-1.162,-0.426,-0.212,-0.855,-0.762,0.231,miami,2026-08-26,KMIA,32.5,28.9,30.6,33.4,32.5,31.5,30.6,30.7,32.5,31.8,32.6,1.237,32.542,11,33.33,14,0.5,America/New_York,F
-0.944,-3.244,-1.136,-0.122,-0.944,-1.201,-0.608,-0.451,-0.944,-0.815,0.149,miami,2026-08-27,KMIA,33.2,31.1,32.8,33.7,33.2,32.3,31.5,33.1,33.2,32.3,32.6,0.751,33.601,11,33.33,14,0.5,America/New_York,F
-0.829,-3.164,-1.057,-0.029,-0.829,-1.157,-0.614,-0.4,-0.829,-0.771,0.114,miami,2026-08-28,KMIA,32.7,30.9,32.1,33.4,32.7,32.7,31.6,33.4,32.7,32.4,34.0,0.824,33.441,11,33.89,14,0.5,America/New_York,F
-0.882,-3.189,-1.054,-0.032,-0.882,-1.204,-0.696,-0.504,-0.882,-0.761,0.096,miami,2026-08-29,KMIA,27.8,29.4,29.5,31.9,27.8,29.3,29.8,29.6,27.8,31.1,30.2,1.266,30.468,11,29.44,14,0.5,America/New_York,F
-0.921,-3.029,-1.007,0.129,-0.921,-1.143,-0.729,-0.621,-0.921,-0.579,0.121,miami,2026-08-30,KMIA,32.4,30.2,31.2,33.0,32.4,31.2,30.9,31.5,32.4,31.7,30.0,0.914,32.517,11,32.78,14,0.5,America/New_York,F
-0.956,-3.035,-1.071,0.151,-0.956,-1.192,-0.906,-0.814,-0.956,-0.649,-0.085,miami,2026-08-31,KMIA,32.1,30.1,30.6,31.8,32.1,31.8,30.3,31.6,32.1,30.7,31.7,0.734,32.255,11,32.78,14,0.5,America/New_York,F
-0.912,-2.962,-1.191,0.045,-0.912,-1.119,-1.155,-0.998,-0.912,-0.826,-0.198,miami,2026-09-01,KMIA,30.5,29.5,30.1,31.8,30.5,32.6,30.6,29.7,30.5,30.8,32.2,0.949,31.755,11,31.67,14,0.5,America/New_York,F
-0.923,-2.759,-1.216,0.077,-0.923,-1.037,-1.166,-1.13,-0.923,-0.794,-0.159,miami,2026-09-02,KMIA,30.9,29.3,30.8,30.7,30.9,31.5,30.9,30.1,30.9,31.1,31.0,0.553,31.802,11,31.67,14,0.5,America/New_York,F
-0.928,-2.542,-1.206,-0.021,-0.928,-1.014,-1.228,-1.292,-0.928,-0.814,-0.178,miami,2026-09-03,KMIA,31.8,31.5,31.5,32.6,31.8,32.1,31.2,32.2,31.8,31.5,32.3,0.399,32.772,11,33.89,14,0.5,America/New_York,F
-1.006,-2.556,-1.285,-0.135,-1.006,-1.021,-1.421,-1.206,-1.006,-0.942,-0.321,miami,2026-09-04,KMIA,31.2,29.7,28.8,29.7,31.2,30.8,30.7,30.9,31.2,30.7,31.4,0.782,31.694,11,32.22,14,0.543,America/New_York,F
-1.056,-2.456,-1.534,-0.406,-1.056,-1.041,-1.47,-1.22,-1.056,-1.02,-0.456,miami,2026-09-05,KMIA,30.9,29.7,31.3,31.4,30.9,31.2,30.6,32.2,30.9,31.3,32.3,0.683,32.281,11,32.22,14,0.559,America/New_York,F
-1.054,-2.433,-1.504,-0.404,-1.054,-1.026,-1.54,-1.261,-1.054,-0.99,-0.454,miami,2026-09-06,KMIA,32.2,29.7,29.0,31.1,32.2,30.9,31.8,28.9,32.2,30.8,31.5,1.18,32.148,11,32.22,14,0.545,America/New_York,F
-1.018,-2.468,-1.654,-0.482,-1.018,-1.018,-1.432,-1.346,-1.018,-1.054,-0.468,miami,2026-09-07,KMIA,32.4,28.4,30.2,30.0,32.4,30.8,31.0,31.5,32.4,31.1,31.7,1.168,32.345,11,32.78,14,0.545,America/New_York,F
-1.004,-2.596,-1.746,-0.546,-1.004,-1.075,-1.561,-1.254,-1.004,-1.118,-0.611,miami,2026-09-08,KMIA,32.5,30.1,32.1,32.0,32.5,32.0,32.8,31.8,32.5,31.1,32.5,0.745,33.09,11,32.22,14,0.556,America/New_York,F
-0.81,-2.567,-1.703,-0.567,-0.81,-0.981,-1.439,-1.231,-0.81,-1.146,-0.603,miami,2026-09-09,KMIA,31.9,29.6,30.1,31.6,31.9,30.5,31.7,29.8,31.9,30.7,31.8,0.876,32.184,11,32.22,14,0.586,America/New_York,F
-0.774,-2.438,-1.659,-0.616,-0.774,-0.974,-1.281,-1.216,-0.774,-1.145,-0.581,miami,2026-09-10,KMIA,31.5,28.7,29.5,30.5,31.5,29.6,29.5,30.3,31.5,31.0,30.9,0.925,31.699,11,32.22,14,0.547,America/New_York,F
-0.816,-2.53,-1.816,-0.766,-0.816,-1.087,-1.344,-1.337,-0.816,-1.159,-0.623,miami,2026-09-11,KMIA,30.9,28.6,30.3,30.5,30.9,30.5,29.5,30.5,30.9,31.3,32.7,0.977,31.898,11,31.11,14,0.56,America/New_York,F
-0.746,-2.496,-1.746,-0.774,-0.746,-1.046,-1.296,-1.346,-0.746,-1.039,-0.517,miami,2026-09-12,KMIA,32.3,30.2,31.4,30.6,32.3,31.7,30.6,31.3,32.3,31.1,32.9,0.822,32.648,11,33.89,14,0.586,America/New_York,F
-0.742,-2.756,-1.928,-1.185,-0.742,-1.192,-1.556,-1.542,-0.742,-1.356,-0.642,miami,2026-09-13,KMIA,32.0,29.6,31.1,31.3,32.0,32.0,30.5,30.1,32.0,30.7,32.4,0.879,32.519,11,32.22,14,0.615,America/New_York,F
-0.731,-2.759,-1.895,-1.266,-0.731,-1.095,-1.545,-1.602,-0.731,-1.388,-0.431,miami,2026-09-14,KMIA,30.8,30.6,31.8,31.6,30.8,32.1,32.7,31.4,30.8,30.9,32.6,0.723,32.557,11,31.67,14,0.616,America/New_York,F
-0.744,-2.644,-1.73,-1.201,-0.744,-0.994,-1.294,-1.537,-0.744,-1.294,-0.287,miami,2026-09-15,KMIA,31.7,31.7,32.8,32.4,31.7,32.3,31.6,33.5,31.7,31.6,33.1,0.649,33.238,11,33.33,14,0.645,America/New_York,F
-0.777,-2.606,-1.656,-1.277,-0.777,-1.134,-1.341,-1.384,-0.777,-1.356,-0.341,miami,2026-09-16,KMIA,32.2,30.4,31.0,32.4,32.2,31.2,30.7,31.2,32.2,30.7,32.9,0.805,32.677,11,32.78,14,0.645,America/New_York,F
-0.764,-2.606,-1.721,-1.235,-0.764,-1.235,-1.435,-1.385,-0.764,-1.464,-0.285,miami,2026-09-17,KMIA,28.4,27.8,28.3,29.5,28.4,29.2,28.7,31.6,28.4,30.5,28.1,1.096,30.368,11,28.89,14,0.644,America/New_York,F
-0.649,-2.514,-1.592,-1.099,-0.649,-1.085,-1.256,-1.071,-0.649,-1.178,-0.228,miami,2026-09-18,KMIA,30.0,27.5,26.4,29.6,30.0,29.7,30.4,29.2,30.0,29.9,30.6,1.227,30.507,11,31.11,14,0.694,America/New_York,F
-0.656,-2.591,-1.684,-1.027,-0.656,-1.084,-1.199,-1.113,-0.656,-1.156,-0.206,miami,2026-09-19,KMIA,29.4,29.1,30.0,30.1,29.4,29.5,30.6,28.2,29.4,29.0,30.1,0.625,30.527,11,31.67,14,0.699,America/New_York,F
-0.724,-2.595,-1.738,-1.081,-0.724,-1.166,-1.159,-1.359,-0.724,-1.281,-0.324,miami,2026-09-20,KMIA,30.1,27.5,30.3,29.9,30.1,30.0,30.3,30.7,30.1,29.7,28.8,0.849,30.938,11,31.67,14,0.762,America/New_York,F
-0.834,-2.713,-1.606,-1.127,-0.834,-1.191,-1.227,-1.191,-0.834,-1.32,-0.477,miami,2026-09-21,KMIA,29.6,28.3,28.6,28.9,29.6,29.0,30.8,28.6,29.6,28.7,30.0,0.711,30.382,11,31.11,14,0.787,America/New_York,F
-0.915,-2.601,-1.601,-1.086,-0.915,-1.201,-1.122,-1.279,-0.915,-1.372,-0.479,miami,2026-09-22,KMIA,30.3,29.4,31.6,30.0,30.3,29.8,29.4,29.0,30.3,28.9,29.7,0.722,31.075,11,31.11,14,0.802,America/New_York,F
-0.192,-1.392,-1.652,-0.072,-0.192,-1.272,-2.852,-0.192,-0.192,-0.812,-0.632,austin,2026-07-15,KAUS,25.6,25.1,25.1,26.7,25.6,26.3,26.3,26.1,25.6,27.2,24.8,0.702,26.806,11,26.67,0,1.2,America/Chicago,F
-0.338,-1.422,-1.638,-0.055,-0.338,-1.122,-2.438,-0.255,-0.338,-0.588,-0.838,austin,2026-07-16,KAUS,31.5,29.5,29.3,31.6,31.5,29.6,28.3,29.1,31.5,30.3,30.1,1.109,31.128,11,31.67,0,1.2,America/Chicago,F
-0.314,-1.529,-1.743,-0.057,-0.314,-1.257,-2.571,-0.586,-0.314,-0.7,-0.943,austin,2026-07-17,KAUS,34.3,32.2,31.9,34.2,34.3,34.2,30.7,32.8,34.3,32.7,33.8,1.181,34.082,11,34.44,0,1.2,America/Chicago,F
-0.292,-1.617,-1.843,-0.08,-0.292,-1.13,-2.717,-0.717,-0.292,-0.83,-0.905,austin,2026-07-18,KAUS,35.0,33.4,32.8,35.4,35.0,34.8,31.4,35.6,35.0,33.9,34.6,1.218,35.14,11,34.44,8,0.886,America/Chicago,F
-0.198,-1.553,-1.82,0.036,-0.198,-0.964,-2.753,-0.509,-0.198,-0.798,-0.787,austin,2026-07-19,KAUS,34.9,34.4,33.4,35.1,34.9,34.4,32.1,36.4,34.9,34.3,35.4,1.055,35.348,11,35.0,9,0.867,America/Chicago,F
-0.188,-1.458,-1.798,0.042,-0.188,-0.928,-2.768,-0.318,-0.188,-0.788,-0.668,austin,2026-07-20,KAUS,36.1,35.3,34.8,36.7,36.1,36.3,33.8,36.6,36.1,35.5,36.9,0.879,36.567,11,36.11,10,0.83,America/Chicago,F
-0.172,-1.399,-1.754,0.092,-0.172,-0.826,-2.726,-0.245,-0.172,-0.772,-0.535,austin,2026-07-21,KAUS,37.6,36.7,36.6,37.3,37.6,38.0,36.5,38.9,37.6,37.4,38.1,0.681,38.19,11,37.78,11,0.803,America/Chicago,F
-0.172,-1.372,-1.706,0.044,-0.172,-0.739,-2.606,-0.131,-0.172,-0.739,-0.464,austin,2026-07-22,KAUS,39.3,39.1,38.6,39.5,39.3,39.9,39.0,41.0,39.3,39.1,39.4,0.59,40.023,11,39.44,12,0.778,America/Chicago,F
-0.17,-1.293,-1.639,0.045,-0.17,-0.647,-2.439,-0.001,-0.17,-0.708,-0.432,austin,2026-07-23,KAUS,36.7,36.2,37.9,37.2,36.7,37.0,33.9,38.3,36.7,37.4,37.6,1.104,37.638,11,36.67,13,0.765,America/Chicago,F
-0.156,-1.234,-1.434,0.08,-0.156,-0.577,-2.463,0.116,-0.156,-0.606,-0.334,austin,2026-07-24,KAUS,35.2,34.3,34.5,35.2,35.2,35.4,32.1,36.3,35.2,35.0,35.0,0.997,35.512,11,35.0,14,0.781,America/Chicago,F
-0.124,-1.203,-1.431,0.033,-0.124,-0.553,-2.524,0.083,-0.124,-0.531,-0.36,austin,2026-07-25,KAUS,35.2,34.3,35.0,34.8,35.2,35.4,33.7,36.6,35.2,35.6,35.3,0.698,35.771,11,35.56,14,0.786,America/Chicago,F
-0.07,-1.106,-1.149,-0.006,-0.07,-0.334,-2.427,0.109,-0.07,-0.491,-0.213,austin,2026-07-26,KAUS,35.8,34.9,35.5,35.5,35.8,36.3,33.7,36.6,35.8,35.9,35.8,0.73,36.161,11,35.56,14,0.661,America/Chicago,F
-0.024,-1.089,-0.974,0.133,-0.024,-0.153,-2.281,0.426,-0.024,-0.296,-0.131,austin,2026-07-27,KAUS,36.0,35.5,35.7,35.5,36.0,36.8,35.5,37.4,36.0,36.6,35.9,0.583,36.505,11,36.67,14,0.517,America/Chicago,F
-0.151,-0.98,-1.037,0.027,-0.151,-0.044,-2.009,0.441,-0.151,-0.18,-0.216,austin,2026-07-28,KAUS,36.1,35.1,35.9,36.2,36.1,37.4,32.7,37.4,36.1,36.9,36.0,1.225,36.521,11,36.11,14,0.5,America/Chicago,F
-0.13,-1.08,-1.009,-0.016,-0.13,0.049,-2.244,0.57,-0.13,-0.237,-0.173,austin,2026-07-29,KAUS,36.0,34.9,35.5,36.2,36.0,36.8,34.1,36.5,36.0,36.5,36.2,0.747,36.354,11,36.67,14,0.505,America/Chicago,F
-0.101,-1.094,-0.98,-0.051,-0.101,0.084,-2.401,0.599,-0.101,-0.287,-0.073,austin,2026-07-30,KAUS,37.4,36.4,37.2,36.6,37.4,37.1,35.9,37.5,37.4,37.2,37.0,0.481,37.465,11,37.78,14,0.511,America/Chicago,F
-0.116,-1.038,-0.852,-0.131,-0.116,0.184,-2.295,0.762,-0.116,-0.231,-0.016,austin,2026-07-31,KAUS,36.9,35.2,36.9,36.5,36.9,37.7,36.2,36.9,36.9,37.5,37.1,0.636,37.234,11,37.78,14,0.5,America/Chicago,F
-0.169,-1.062,-0.734,-0.205,-0.169,0.195,-2.141,0.816,-0.169,-0.126,-0.019,austin,2026-08-01,KAUS,35.2,34.8,36.2,35.1,35.2,36.3,34.0,34.4,35.2,36.1,34.7,0.708,35.703,11,35.0,14,0.509,America/Chicago,F
-0.195,-1.002,-0.531,-0.266,-0.195,0.262,-1.995,0.691,-0.195,-0.009,-0.052,austin,2026-08-02,KAUS,37.1,35.7,35.4,37.1,37.1,38.7,36.1,35.5,37.1,36.2,37.3,0.94,36.867,11,37.78,14,0.509,America/Chicago,F
-0.236,-1.108,-0.586,-0.322,-0.236,0.371,-1.908,0.428,-0.236,-0.072,-0.115,austin,2026-08-03,KAUS,37.9,36.6,36.5,38.0,37.9,38.5,37.1,39.4,37.9,37.2,37.7,0.798,37.887,11,38.89,14,0.557,America/Chicago,F
-0.306,-1.214,-0.664,-0.428,-0.306,0.329,-1.871,0.429,-0.306,-0.149,-0.256,austin,2026-08-04,KAUS,37.4,35.1,35.5,37.2,37.4,37.6,35.3,39.1,37.4,36.9,36.7,1.127,37.241,11,38.33,14,0.606,America/Chicago,F
-0.36,-1.367,-0.781,-0.474,-0.36,0.261,-1.996,0.404,-0.36,-0.224,-0.396,austin,2026-08-05,KAUS,36.9,36.3,36.0,36.9,36.9,37.4,35.4,37.8,36.9,36.5,36.6,0.622,37.124,11,37.22,14,0.663,America/Chicago,F
-0.373,-1.409,-0.809,-0.501,-0.373,0.241,-2.094,0.334,-0.373,-0.251,-0.437,austin,2026-08-06,KAUS,37.4,35.2,36.3,36.7,37.4,37.5,35.7,38.3,37.4,36.3,36.5,0.863,37.229,11,37.78,14,0.645,America/Chicago,F
-0.402,-1.559,-1.002,-0.616,-0.402,0.198,-2.045,0.255,-0.402,-0.409,-0.595,austin,2026-08-07,KAUS,37.2,35.6,36.5,36.5,37.2,37.4,34.5,36.8,37.2,36.1,36.7,0.819,37.12,11,37.22,14,0.609,America/Chicago,F
-0.418,-1.625,-1.018,-0.682,-0.418,0.182,-2.032,0.132,-0.418,-0.489,-0.632,austin,2026-08-08,KAUS,35.9,35.5,36.2,36.2,35.9,37.3,35.3,37.6,35.9,36.5,36.2,0.662,36.854,11,36.67,14,0.594,America/Chicago,F
-0.447,-1.619,-1.011,-0.661,-0.447,0.239,-1.997,0.124,-0.447,-0.504,-0.647,austin,2026-08-09,KAUS,36.2,35.2,36.3,36.2,36.2,36.4,34.2,38.1,36.2,35.9,36.4,0.89,36.716,11,37.22,14,0.593,America/Chicago,F
-0.537,-1.716,-1.073,-0.73,-0.537,0.127,-2.08,0.113,-0.537,-0.623,-0.723,austin,2026-08-10,KAUS,35.0,34.2,35.7,36.3,35.0,36.2,33.9,38.1,35.0,35.2,35.0,1.095,36.03,11,36.11,14,0.587,America/Chicago,F
-0.569,-1.769,-1.033,-0.633,-0.569,0.124,-2.154,0.203,-0.569,-0.683,-0.747,austin,2026-08-11,KAUS,36.9,36.6,36.7,37.1,36.9,38.2,34.5,38.9,36.9,37.0,37.3,1.03,37.731,11,37.78,14,0.586,America/Chicago,F
-0.631,-1.781,-1.095,-0.688,-0.631,0.062,-2.145,0.191,-0.631,-0.795,-0.774,austin,2026-08-12,KAUS,37.3,37.0,37.0,37.7,37.3,38.7,35.7,39.0,37.3,38.2,38.0,0.868,38.428,11,38.33,14,0.575,America/Chicago,F
-0.656,-1.749,-1.106,-0.699,-0.656,0.079,-2.149,0.251,-0.656,-0.792,-0.764,austin,2026-08-13,KAUS,37.8,37.2,37.8,38.2,37.8,39.1,35.5,39.6,37.8,38.5,38.4,1.012,38.841,11,38.89,14,0.57,America/Chicago,F
-0.707,-1.771,-1.143,-0.664,-0.707,0.143,-2.257,0.321,-0.707,-0.779,-0.743,austin,2026-08-14,KAUS,36.0,34.0,36.0,35.8,36.0,36.4,32.6,35.2,36.0,35.2,35.2,1.063,36.215,11,36.11,14,0.564,America/Chicago,F
-0.652,-1.738,-1.088,-0.595,-0.652,0.169,-2.395,0.319,-0.652,-0.824,-0.759,austin,2026-08-15,KAUS,38.1,37.3,37.1,37.4,38.1,38.9,36.4,38.2,38.1,37.6,38.3,0.659,38.582,11,38.89,14,0.545,America/Chicago,F
-0.723,-1.837,-1.301,-0.709,-0.723,0.077,-2.501,0.313,-0.723,-0.994,-0.78,austin,2026-08-16,KAUS,37.8,37.2,37.6,37.0,37.8,39.1,36.7,38.2,37.8,38.0,38.0,0.614,38.718,11,38.89,14,0.518,America/Chicago,F
-0.752,-1.809,-1.224,-0.795,-0.752,0.026,-2.538,0.426,-0.752,-0.945,-0.809,austin,2026-08-17,KAUS,38.8,38.4,38.8,38.2,38.8,40.0,36.8,40.2,38.8,39.1,38.5,0.857,39.748,11,39.44,14,0.5,America/Chicago,F
-0.727,-1.72,-1.099,-0.82,-0.727,0.094,-2.599,0.444,-0.727,-0.849,-0.791,austin,2026-08-18,KAUS,37.2,37.4,37.3,37.5,37.2,38.9,36.4,39.1,37.2,38.3,37.5,0.768,38.55,11,38.33,14,0.5,America/Chicago,F
-0.741,-1.556,-0.97,-0.799,-0.741,0.187,-2.52,0.444,-0.741,-0.749,-0.734,austin,2026-08-19,KAUS,38.1,37.6,38.2,38.0,38.1,39.5,37.0,38.7,38.1,38.9,37.8,0.636,39.099,11,38.89,14,0.5,America/Chicago,F
-0.775,-1.582,-0.932,-0.839,-0.775,0.218,-2.525,0.389,-0.775,-0.696,-0.768,austin,2026-08-20,KAUS,38.8,38.5,38.9,38.8,38.8,39.8,37.4,39.5,38.8,39.3,38.8,0.585,39.735,11,39.44,14,0.5,America/Chicago,F
-0.794,-1.465,-0.865,-0.808,-0.794,0.264,-2.522,0.356,-0.794,-0.601,-0.722,austin,2026-08-21,KAUS,39.1,39.1,39.3,39.0,39.1,40.3,37.6,40.0,39.1,39.7,39.4,0.658,40.086,11,40.0,14,0.5,America/Chicago,F
-0.856,-1.414,-0.864,-0.828,-0.856,0.272,-2.499,0.386,-0.856,-0.542,-0.728,austin,2026-08-22,KAUS,40.3,39.9,40.6,40.0,40.3,41.5,38.5,41.5,40.3,40.5,40.0,0.774,41.122,11,40.56,14,0.5,America/Chicago,F
-0.82,-1.377,-0.827,-0.834,-0.82,0.294,-2.549,0.387,-0.82,-0.534,-0.734,austin,2026-08-23,KAUS,39.4,39.8,40.3,39.6,39.4,40.7,37.9,41.2,39.4,40.6,40.2,0.848,40.705,11,40.0,14,0.5,America/Chicago,F
-0.79,-1.247,-0.74,-0.79,-0.79,0.403,-2.483,0.41,-0.79,-0.397,-0.661,austin,2026-08-24,KAUS,39.0,39.1,39.3,38.6,39.0,39.5,37.3,40.3,39.0,40.1,39.2,0.748,39.962,11,40.0,14,0.5,America/Chicago,F
-0.782,-1.175,-0.761,-0.904,-0.782,0.361,-2.518,0.289,-0.782,-0.325,-0.639,austin,2026-08-25,KAUS,38.0,37.1,38.6,38.1,38.0,38.9,36.8,39.7,38.0,39.2,38.6,0.815,39.048,11,38.89,14,0.5,America/Chicago,F
-0.783,-1.219,-0.704,-0.911,-0.783,0.331,-2.433,0.267,-0.783,-0.247,-0.626,austin,2026-08-26,KAUS,38.4,39.1,39.6,39.1,38.4,39.9,36.9,39.8,38.4,39.7,39.5,0.856,39.711,11,38.89,14,0.5,America/Chicago,F
-0.744,-1.109,-0.559,-0.851,-0.744,0.377,-2.387,0.284,-0.744,-0.18,-0.559,austin,2026-08-27,KAUS,38.8,38.0,38.5,39.9,38.8,40.0,37.6,40.5,38.8,38.9,38.5,0.832,39.457,11,39.44,14,0.5,America/Chicago,F
-0.712,-1.091,-0.548,-0.769,-0.712,0.402,-2.276,0.309,-0.712,-0.191,-0.591,austin,2026-08-28,KAUS,37.8,34.8,33.5,37.0,37.8,36.2,34.7,31.5,37.8,35.9,36.2,1.9,36.524,11,38.33,14,0.5,America/Chicago,F
-0.742,-1.192,-0.885,-0.842,-0.742,0.229,-2.285,-0.114,-0.742,-0.299,-0.678,austin,2026-08-29,KAUS,36.6,35.9,35.7,36.6,36.6,37.4,35.1,35.7,36.6,36.7,35.7,0.63,37.029,11,37.22,14,0.608,America/Chicago,F
-0.73,-1.173,-0.866,-0.78,-0.73,0.241,-2.259,-0.173,-0.73,-0.244,-0.744,austin,2026-08-30,KAUS,37.0,35.5,36.3,36.3,37.0,37.5,34.8,38.2,37.0,37.0,35.3,0.967,37.307,11,37.22,14,0.605,America/Chicago,F
-0.668,-1.175,-0.839,-0.711,-0.668,0.246,-2.275,-0.054,-0.668,-0.196,-0.818,austin,2026-08-31,KAUS,36.7,35.4,36.1,36.3,36.7,37.2,35.4,38.7,36.7,37.1,36.2,0.875,37.267,11,37.22,14,0.604,America/Chicago,F
-0.659,-1.231,-0.874,-0.688,-0.659,0.205,-2.216,-0.002,-0.659,-0.181,-0.824,austin,2026-09-01,KAUS,37.3,35.7,36.7,36.8,37.3,36.8,34.2,38.5,37.3,36.7,37.3,1.039,37.428,11,37.78,14,0.598,America/Chicago,F
-0.613,-1.313,-0.877,-0.699,-0.613,0.094,-2.334,-0.006,-0.613,-0.256,-0.799,austin,2026-09-02,KAUS,37.8,37.4,38.5,37.8,37.8,38.0,33.7,39.0,37.8,37.7,37.7,1.291,38.301,11,37.78,14,0.603,America/Chicago,F
-0.555,-1.248,-0.776,-0.634,-0.555,0.066,-2.491,0.095,-0.555,-0.262,-0.726,austin,2026-09-03,KAUS,37.3,33.5,35.4,37.7,37.3,35.2,30.6,35.0,37.3,36.6,36.6,2.022,36.607,11,37.22,14,0.616,America/Chicago,F
-0.504,-1.446,-0.868,-0.554,-0.504,-0.104,-2.818,-0.068,-0.504,-0.296,-0.725,austin,2026-09-04,KAUS,34.1,32.6,32.3,34.0,34.1,32.2,29.2,33.1,34.1,33.5,34.7,1.46,33.915,11,35.0,14,0.632,America/Chicago,F
-0.504,-1.554,-1.011,-0.554,-0.504,-0.325,-3.061,-0.204,-0.504,-0.382,-0.704,austin,2026-09-05,KAUS,36.3,35.7,35.9,36.4,36.3,35.6,31.9,38.6,36.3,36.2,35.8,1.485,36.738,11,37.78,14,0.695,America/Chicago,F
-0.591,-1.655,-1.148,-0.612,-0.591,-0.548,-3.334,-0.212,-0.591,-0.491,-0.805,austin,2026-09-06,KAUS,34.2,33.2,35.2,35.6,34.2,35.6,31.4,36.0,34.2,35.0,33.8,1.256,35.33,11,35.56,14,0.734,America/Chicago,F
-0.645,-1.809,-1.195,-0.581,-0.645,-0.595,-3.481,-0.266,-0.645,-0.574,-0.945,austin,2026-09-07,KAUS,36.8,35.7,36.0,36.5,36.8,36.7,32.9,38.1,36.8,36.4,35.8,1.221,37.239,11,38.33,14,0.712,America/Chicago,F
-0.683,-1.933,-1.311,-0.611,-0.683,-0.676,-3.676,-0.304,-0.683,-0.719,-1.069,austin,2026-09-08,KAUS,37.3,36.4,37.8,37.4,37.3,37.5,32.7,39.2,37.3,37.2,37.1,1.509,38.122,11,37.78,14,0.769,America/Chicago,F
-0.654,-1.904,-1.289,-0.582,-0.654,-0.696,-3.889,-0.261,-0.654,-0.782,-1.096,austin,2026-09-09,KAUS,35.8,34.9,34.9,36.3,35.8,35.7,32.2,36.6,35.8,35.7,36.4,1.152,36.55,11,37.22,14,0.773,America/Chicago,F
-0.72,-2.084,-1.506,-0.663,-0.72,-0.877,-4.106,-0.37,-0.72,-0.949,-1.199,austin,2026-09-10,KAUS,37.2,34.2,36.3,36.4,37.2,36.3,32.7,38.6,37.2,35.7,36.5,1.52,37.367,11,37.78,14,0.763,America/Chicago,F
-0.716,-2.237,-1.544,-0.794,-0.716,-1.023,-4.337,-0.387,-0.716,-1.059,-1.223,austin,2026-09-11,KAUS,38.6,36.8,36.8,37.9,38.6,37.8,33.9,37.6,38.6,36.5,37.1,1.297,38.545,11,38.89,14,0.771,America/Chicago,F
-0.699,-2.134,-1.349,-0.77,-0.699,-0.949,-4.434,0.009,-0.699,-1.056,-1.199,austin,2026-09-12,KAUS,37.5,36.7,35.0,37.1,37.5,36.4,31.2,38.6,37.5,37.5,37.0,1.892,37.972,11,37.78,14,0.608,America/Chicago,F
-0.674,-2.117,-1.439,-0.774,-0.674,-1.06,-4.753,0.176,-0.674,-1.039,-1.146,austin,2026-09-13,KAUS,37.5,36.0,37.3,36.8,37.5,36.2,30.9,38.4,37.5,36.7,36.5,1.885,37.862,11,37.78,14,0.608,America/Chicago,F
-0.679,-2.121,-1.407,-0.779,-0.679,-1.193,-5.071,0.15,-0.679,-1.1,-1.1,austin,2026-09-14,KAUS,37.8,35.9,36.7,37.0,37.8,35.7,31.3,38.9,37.8,36.8,37.1,1.894,38.012,11,38.33,14,0.608,America/Chicago,F
-0.679,-2.165,-1.444,-0.808,-0.679,-1.379,-5.444,0.085,-0.679,-1.201,-1.115,austin,2026-09-15,KAUS,38.3,37.3,38.5,37.7,38.3,38.0,32.5,39.2,38.3,38.2,37.7,1.691,39.149,11,38.89,14,0.614,America/Chicago,F
-0.687,-2.13,-1.394,-0.823,-0.687,-1.373,-5.644,0.056,-0.687,-1.173,-1.166,austin,2026-09-16,KAUS,36.5,35.5,35.6,36.5,36.5,36.0,32.7,38.1,36.5,37.0,36.0,1.266,37.559,11,37.22,14,0.611,America/Chicago,F
-0.74,-2.226,-1.561,-0.876,-0.74,-1.476,-5.676,0.031,-0.74,-1.183,-1.247,austin,2026-09-17,KAUS,35.8,33.3,35.8,34.9,35.8,34.3,31.1,36.5,35.8,35.5,35.5,1.473,36.491,11,35.56,14,0.601,America/Chicago,F
-0.729,-2.121,-1.414,-0.957,-0.729,-1.421,-5.521,0.257,-0.729,-1.143,-1.207,austin,2026-09-18,KAUS,35.2,33.9,35.7,35.6,35.2,35.0,31.8,36.7,35.2,36.1,35.3,1.227,36.551,11,36.11,14,0.63,America/Chicago,F
-0.729,-2.108,-1.251,-0.922,-0.729,-1.301,-5.415,0.435,-0.729,-1.036,-1.244,austin,2026-09-19,KAUS,35.2,34.9,34.5,35.3,35.2,35.2,32.8,36.4,35.2,36.2,35.0,0.888,36.501,11,36.11,14,0.571,America/Chicago,F
-0.689,-2.046,-1.231,-0.881,-0.689,-1.21,-5.231,0.397,-0.689,-0.917,-1.181,austin,2026-09-20,KAUS,36.0,35.3,35.9,36.0,36.0,36.7,33.6,37.7,36.0,36.5,35.8,0.949,37.211,11,35.56,14,0.51,America/Chicago,F
-0.56,-1.896,-1.181,-0.853,-0.56,-1.131,-5.074,0.519,-0.56,-0.81,-1.039,austin,2026-09-21,KAUS,37.3,34.8,37.4,36.5,37.3,37.3,33.9,32.9,37.3,36.3,36.3,1.491,37.404,11,37.22,14,0.671,America/Chicago,F
-0.445,-1.881,-1.002,-0.774,-0.445,-1.009,-4.924,0.226,-0.445,-0.738,-0.924,austin,2026-09-22,KAUS,36.8,35.8,36.9,36.5,36.8,37.5,33.0,37.6,36.8,37.0,36.6,1.192,37.603,11,37.22,14,0.607,America/Chicago,F
-1.24,-1.96,-1.18,-1.82,-1.84,-1.56,-1.36,-2.74,,,0.16,hong-kong,2026-07-16,HKO,27.4,27.9,27.6,29.0,29.9,27.7,28.5,27.8,,,29.7,0.885,29.756,9,27.8,0,1.2,Asia/Hong_Kong,C
-1.1,-1.617,-1.017,-1.317,-1.183,-1.317,-1.017,-2.283,,,0.45,hong-kong,2026-07-17,HKO,29.8,29.2,29.3,29.7,29.9,28.0,29.9,28.0,,,29.8,0.728,30.48,9,30.3,0,1.2,Asia/Hong_Kong,C
-1.014,-1.543,-1.014,-1.214,-1.071,-1.457,-0.929,-2.286,,,0.314,hong-kong,2026-07-18,HKO,29.6,29.4,29.2,30.6,30.6,29.0,29.0,28.8,,,31.9,0.973,30.878,9,30.5,0,1.2,Asia/Hong_Kong,C
-1.0,-1.488,-1.05,-1.05,-0.925,-1.463,-1.0,-2.213,,,0.45,hong-kong,2026-07-19,HKO,29.6,29.3,29.9,31.1,30.0,29.0,30.2,28.5,,,31.9,0.986,30.959,9,30.6,8,1.499,Asia/Hong_Kong,C
-1.0,-1.467,-1.011,-0.878,-0.889,-1.478,-0.933,-2.2,,,0.544,hong-kong,2026-07-20,HKO,28.7,29.2,28.9,29.2,29.0,28.1,28.7,27.9,,,29.8,0.546,29.879,9,29.7,9,1.419,Asia/Hong_Kong,C
-1.0,-1.37,-0.99,-0.84,-0.87,-1.49,-0.94,-2.16,,,0.5,hong-kong,2026-07-21,HKO,29.8,29.0,29.9,30.2,30.1,30.4,29.9,29.0,,,30.6,0.527,30.878,9,30.9,10,1.347,Asia/Hong_Kong,C
-1.009,-1.418,-0.991,-0.827,-0.864,-1.4,-0.945,-2.136,,,0.427,hong-kong,2026-07-22,HKO,30.3,30.2,30.3,30.6,30.3,30.6,31.1,29.5,,,31.5,0.536,31.476,9,33.4,11,1.284,Asia/Hong_Kong,C
-1.183,-1.567,-1.167,-0.992,-1.05,-1.517,-1.058,-2.283,,,0.233,hong-kong,2026-07-23,HKO,31.2,30.4,31.5,30.9,31.0,30.9,31.7,29.7,,,32.7,0.791,32.3,9,33.4,12,1.349,Asia/Hong_Kong,C
-1.262,-1.677,-1.223,-1.108,-1.154,-1.592,-1.108,-2.392,,,0.162,hong-kong,2026-07-24,HKO,32.4,31.0,32.7,31.5,31.8,32.6,32.5,29.7,,,33.9,1.128,33.335,9,33.7,13,1.332,Asia/Hong_Kong,C
-1.264,-1.75,-1.207,-1.186,-1.207,-1.557,-1.114,-2.507,,,0.164,hong-kong,2026-07-25,HKO,33.1,30.3,31.6,32.3,30.5,33.4,29.8,30.6,,,35.0,1.638,33.193,9,34.5,14,1.287,Asia/Hong_Kong,C
-1.343,-1.829,-1.357,-1.193,-1.393,-1.571,-1.4,-2.543,,,0.129,hong-kong,2026-07-26,HKO,26.9,27.5,26.8,26.6,27.2,28.8,28.3,29.4,,,27.1,0.926,28.898,9,28.3,14,1.292,Asia/Hong_Kong,C
-1.307,-1.657,-1.357,-1.143,-1.25,-1.343,-1.3,-2.143,,,0.064,hong-kong,2026-07-27,HKO,26.7,27.5,28.0,29.9,28.2,28.8,28.8,27.3,,,29.9,1.049,29.438,9,28.7,14,1.149,Asia/Hong_Kong,C
-1.264,-1.514,-1.293,-0.857,-1.114,-1.207,-1.036,-1.936,,,0.214,hong-kong,2026-07-28,HKO,29.1,28.1,29.6,29.1,28.0,28.0,29.6,26.9,,,28.8,0.843,29.775,9,29.5,14,0.953,Asia/Hong_Kong,C
-1.236,-1.629,-1.2,-0.786,-1.164,-1.229,-0.957,-2.079,,,0.121,hong-kong,2026-07-29,HKO,27.0,27.7,27.3,28.7,26.4,27.6,28.3,26.9,,,27.4,0.666,28.553,9,27.9,14,0.938,Asia/Hong_Kong,C
-1.257,-1.607,-1.186,-0.7,-1.164,-1.164,-0.921,-2.086,,,0.057,hong-kong,2026-07-30,HKO,27.1,27.5,27.7,29.2,28.5,27.6,28.1,27.0,,,27.3,0.671,28.857,9,28.8,14,0.938,Asia/Hong_Kong,C
-1.35,-1.707,-1.25,-0.757,-1.336,-1.243,-1.021,-2.214,,,-0.186,hong-kong,2026-08-01,HKO,28.5,27.5,26.9,27.9,27.0,27.1,27.2,26.4,,,28.1,0.624,28.721,9,28.9,14,0.779,Asia/Hong_Kong,C
-1.343,-1.729,-1.321,-0.786,-1.443,-1.207,-1.114,-2.229,,,-0.207,hong-kong,2026-08-02,HKO,25.9,26.6,26.9,27.9,25.6,26.8,26.1,26.7,,,25.8,0.673,27.712,9,26.8,14,0.779,Asia/Hong_Kong,C
-1.343,-1.664,-1.221,-0.714,-1.536,-1.1,-1.057,-2.114,,,-0.379,hong-kong,2026-08-03,HKO,28.2,27.6,27.8,27.3,26.7,26.7,28.3,27.4,,,28.4,0.604,28.887,9,28.4,14,0.81,Asia/Hong_Kong,C
-1.286,-1.629,-1.214,-0.829,-1.614,-1.107,-1.036,-2.036,,,-0.471,hong-kong,2026-08-04,HKO,30.4,28.7,30.5,29.9,28.6,30.3,28.5,28.8,,,32.3,1.188,31.095,9,32.5,14,0.815,Asia/Hong_Kong,C
-1.364,-1.864,-1.3,-0.979,-1.843,-1.15,-1.25,-2.171,,,-0.493,hong-kong,2026-08-05,HKO,30.8,29.6,31.0,30.1,30.4,31.1,31.0,30.0,,,31.7,0.62,32.034,9,33.1,14,0.896,Asia/Hong_Kong,C
-1.45,-1.979,-1.379,-1.143,-1.979,-1.257,-1.329,-2.257,,,-0.571,hong-kong,2026-08-06,HKO,31.6,29.8,31.6,30.7,30.9,31.3,32.3,29.1,,,32.8,1.093,32.647,9,34.4,14,0.94,Asia/Hong_Kong,C
-1.429,-2.079,-1.357,-1.207,-2.007,-1.279,-1.314,-2.357,,,-0.55,hong-kong,2026-08-07,HKO,33.1,30.9,32.7,31.9,31.9,32.7,32.9,29.8,,,34.3,1.239,33.83,9,33.8,14,0.916,Asia/Hong_Kong,C
-1.321,-2.071,-1.3,-1.164,-1.971,-1.179,-1.257,-2.379,,,-0.464,hong-kong,2026-08-08,HKO,36.0,31.8,34.4,33.0,34.9,33.9,34.2,32.2,,,36.6,1.518,35.711,9,34.7,14,0.868,Asia/Hong_Kong,C
-1.136,-2.086,-1.25,-1.129,-1.821,-1.157,-1.207,-2.271,,,-0.343,hong-kong,2026-08-09,HKO,36.2,32.6,34.3,34.0,35.4,36.0,36.5,33.4,,,37.2,1.47,36.45,9,36.9,14,0.903,Asia/Hong_Kong,C
-1.086,-2.093,-1.229,-1.179,-1.643,-1.143,-0.9,-2.243,,,-0.357,hong-kong,2026-08-10,HKO,36.6,32.1,34.1,33.5,34.8,35.0,34.9,31.4,,,36.4,1.658,35.79,9,35.4,14,0.842,Asia/Hong_Kong,C
-0.9,-2.271,-1.214,-1.193,-1.607,-1.207,-0.936,-2.607,,,-0.2,hong-kong,2026-08-11,HKO,35.7,32.1,34.4,32.6,33.9,34.0,33.2,30.0,,,35.4,1.659,35.057,9,35.1,14,0.833,Asia/Hong_Kong,C
-0.714,-2.4,-1.214,-1.457,-1.657,-1.293,-1.079,-2.871,,,-0.264,hong-kong,2026-08-12,HKO,34.4,31.9,34.0,32.9,32.4,32.8,32.9,29.9,,,35.5,1.507,34.51,9,34.5,14,0.809,Asia/Hong_Kong,C
-0.693,-2.486,-1.257,-1.543,-1.7,-1.307,-1.2,-3.014,,,-0.143,hong-kong,2026-08-13,HKO,32.7,31.0,32.8,32.3,31.8,32.0,32.1,29.9,,,33.1,0.936,33.477,9,33.8,14,0.806,Asia/Hong_Kong,C
-0.707,-2.671,-1.286,-1.707,-1.736,-1.414,-1.35,-3.221,,,-0.157,hong-kong,2026-08-14,HKO,28.4,29.0,28.7,31.1,30.2,29.0,29.7,28.9,,,29.3,0.794,30.761,9,30.7,14,0.792,Asia/Hong_Kong,C
-0.75,-2.7,-1.35,-1.707,-1.75,-1.45,-1.371,-3.221,,,-0.15,hong-kong,2026-08-15,HKO,31.8,30.3,31.8,29.3,31.4,30.1,30.8,28.5,,,30.8,1.054,32.284,9,31.8,14,0.792,Asia/Hong_Kong,C
-0.721,-2.707,-1.207,-1.814,-1.643,-1.443,-1.321,-3.279,,,-0.164,hong-kong,2026-08-16,HKO,33.6,31.6,33.2,31.6,32.1,32.1,32.4,29.5,,,34.0,1.259,33.92,9,33.6,14,0.801,Asia/Hong_Kong,C
-0.657,-2.836,-1.243,-2.036,-1.664,-1.55,-1.357,-3.564,,,-0.064,hong-kong,2026-08-17,HKO,32.4,29.7,34.2,32.5,32.4,32.8,30.7,30.1,,,32.7,1.378,33.637,9,32.3,14,0.767,Asia/Hong_Kong,C
-0.636,-2.964,-1.064,-1.943,-1.536,-1.393,-1.464,-3.65,,,-0.036,hong-kong,2026-08-18,HKO,30.7,30.7,30.9,30.5,29.9,30.8,31.6,28.6,,,31.9,0.903,32.184,9,32.2,14,0.837,Asia/Hong_Kong,C
-0.593,-2.8,-1.014,-1.879,-1.421,-1.336,-1.221,-3.643,,,-0.043,hong-kong,2026-08-19,HKO,30.9,31.0,31.1,31.3,30.2,31.3,31.9,29.6,,,32.1,0.73,32.482,9,32.8,14,0.747,Asia/Hong_Kong,C
-0.564,-2.679,-0.986,-1.771,-1.414,-1.3,-1.136,-3.65,,,0.007,hong-kong,2026-08-20,HKO,29.3,29.0,29.3,29.8,30.0,28.6,28.4,28.2,,,29.7,0.604,30.597,9,29.7,14,0.696,Asia/Hong_Kong,C
-0.393,-2.4,-0.814,-1.5,-1.143,-1.157,-1.079,-3.379,,,0.121,hong-kong,2026-08-21,HKO,30.8,29.7,30.6,30.1,31.1,28.9,30.5,28.8,,,29.3,0.796,31.3,9,31.5,14,0.568,Asia/Hong_Kong,C
-0.393,-2.321,-0.8,-1.464,-1.036,-1.264,-1.086,-3.286,,,-0.071,hong-kong,2026-08-22,HKO,31.6,30.9,32.2,30.5,30.8,30.6,31.1,28.8,,,29.1,1.024,32.017,9,31.8,14,0.57,Asia/Hong_Kong,C
-0.5,-2.179,-0.75,-1.436,-1.121,-1.293,-1.1,-3.321,,,-0.4,hong-kong,2026-08-23,HKO,31.3,29.9,31.5,31.0,31.5,30.9,29.6,29.3,,,30.8,0.786,32.008,9,32.0,14,0.506,Asia/Hong_Kong,C
-0.5,-2.021,-0.6,-1.3,-1.05,-1.307,-1.243,-3.264,,,-0.507,hong-kong,2026-08-24,HKO,30.7,30.2,31.6,31.2,31.0,30.8,30.4,29.6,,,31.6,0.619,32.026,9,33.0,14,0.5,Asia/Hong_Kong,C
-0.75,-1.986,-0.607,-1.293,-1.15,-1.436,-1.393,-3.221,,,-0.679,hong-kong,2026-08-25,HKO,31.0,30.4,31.1,31.3,30.7,29.7,30.3,29.5,,,31.1,0.606,31.918,9,31.1,14,0.546,Asia/Hong_Kong,C
-0.8,-1.821,-0.557,-1.1,-1.093,-1.457,-1.314,-2.971,,,-0.7,hong-kong,2026-08-26,HKO,29.9,30.0,29.3,31.1,30.7,29.2,30.4,29.1,,,31.4,0.791,31.295,9,29.9,14,0.588,Asia/Hong_Kong,C
-0.793,-1.629,-0.564,-0.9,-0.886,-1.386,-1.164,-2.7,,,-0.664,hong-kong,2026-08-27,HKO,28.4,29.1,29.0,29.7,29.9,28.7,28.7,28.0,,,28.5,0.576,30.009,9,29.6,14,0.696,Asia/Hong_Kong,C
-0.8,-1.464,-0.536,-0.786,-0.721,-1.321,-1.107,-2.536,,,-0.693,hong-kong,2026-08-28,HKO,31.6,30.3,30.6,31.1,31.4,30.6,30.5,28.7,,,31.3,0.819,31.821,9,32.2,14,0.7,Asia/Hong_Kong,C
-0.679,-1.479,-0.507,-0.893,-0.743,-1.314,-1.157,-2.657,,,-0.657,hong-kong,2026-08-29,HKO,32.3,31.0,31.7,31.9,30.8,31.1,30.3,28.9,,,33.6,1.245,32.445,9,32.8,14,0.707,Asia/Hong_Kong,C
-0.714,-1.5,-0.586,-0.779,-0.857,-1.314,-1.264,-2.7,,,-0.529,hong-kong,2026-08-30,HKO,29.4,29.3,29.5,30.0,29.6,29.7,30.0,28.1,,,31.2,0.765,30.686,9,30.1,14,0.701,Asia/Hong_Kong,C
-0.764,-1.414,-0.6,-0.643,-0.786,-1.236,-1.186,-2.55,,,-0.479,hong-kong,2026-08-31,HKO,30.3,28.1,28.8,28.8,29.3,29.6,27.3,28.3,,,29.0,0.827,29.989,9,29.5,14,0.713,Asia/Hong_Kong,C
-0.714,-1.329,-0.786,-0.707,-0.807,-1.264,-1.229,-2.479,,,-0.543,hong-kong,2026-09-01,HKO,27.1,28.3,26.9,28.5,27.9,27.4,27.5,28.1,,,26.7,0.6,28.581,9,28.7,14,0.631,Asia/Hong_Kong,C
-0.721,-1.25,-0.821,-0.6,-0.7,-1.257,-1.271,-2.264,,,-0.664,hong-kong,2026-09-02,HKO,31.1,28.9,28.8,29.7,29.1,30.2,29.0,27.9,,,30.9,0.993,30.619,9,31.8,14,0.632,Asia/Hong_Kong,C
-0.636,-1.329,-0.914,-0.643,-0.707,-1.264,-1.407,-2.314,,,-0.679,hong-kong,2026-09-03,HKO,29.7,29.3,28.9,30.0,30.3,30.6,28.9,28.6,,,31.0,0.789,30.733,9,30.1,14,0.701,Asia/Hong_Kong,C
-0.636,-1.336,-0.971,-0.657,-0.714,-1.15,-1.4,-2.314,,,-0.614,hong-kong,2026-09-04,HKO,30.1,28.6,30.2,29.2,29.7,29.4,28.4,27.5,,,29.7,0.833,30.375,9,31.0,14,0.68,Asia/Hong_Kong,C
-0.65,-1.379,-0.964,-0.686,-0.779,-1.079,-1.514,-2.371,,,-0.55,hong-kong,2026-09-05,HKO,29.6,29.1,30.4,29.7,30.2,30.3,30.7,28.3,,,30.1,0.704,30.88,9,32.2,14,0.699,Asia/Hong_Kong,C
-0.821,-1.536,-1.121,-0.771,-0.85,-1.129,-1.571,-2.436,,,-0.507,hong-kong,2026-09-06,HKO,30.3,28.8,30.3,28.5,29.7,29.9,28.3,27.9,,,30.7,0.959,30.678,9,30.7,14,0.78,Asia/Hong_Kong,C
-0.8,-1.521,-1.114,-0.857,-0.886,-1.107,-1.571,-2.443,,,-0.421,hong-kong,2026-09-07,HKO,30.9,29.6,31.6,30.8,31.2,31.0,30.1,29.1,,,30.3,0.758,31.745,9,30.3,14,0.78,Asia/Hong_Kong,C
-0.593,-1.371,-0.921,-0.693,-0.679,-0.9,-1.4,-2.286,,,-0.321,hong-kong,2026-09-08,HKO,32.0,29.9,31.5,31.9,31.6,32.1,32.3,29.2,,,32.2,1.038,32.399,9,32.7,14,0.831,Asia/Hong_Kong,C
-0.636,-1.521,-1.007,-0.764,-0.729,-0.843,-1.371,-2.421,,,-0.357,hong-kong,2026-09-09,HKO,29.7,29.0,30.0,30.1,29.2,30.1,30.5,28.7,,,30.8,0.661,30.778,9,32.2,14,0.806,Asia/Hong_Kong,C
-0.814,-1.757,-1.121,-1.0,-1.0,-0.943,-1.529,-2.614,,,-0.564,hong-kong,2026-09-10,HKO,29.6,29.5,30.1,30.3,29.3,30.0,30.7,28.9,,,31.2,0.677,31.112,9,31.9,14,0.809,Asia/Hong_Kong,C
-0.893,-1.893,-1.207,-1.121,-1.207,-1.014,-1.55,-2.714,,,-0.536,hong-kong,2026-09-11,HKO,31.2,30.4,31.3,30.7,30.2,31.2,29.8,29.3,,,31.2,0.676,31.987,9,32.6,14,0.829,Asia/Hong_Kong,C
-0.95,-1.914,-1.186,-1.179,-1.321,-1.0,-1.629,-2.7,,,-0.571,hong-kong,2026-09-12,HKO,32.3,30.4,32.2,31.3,30.9,30.8,30.6,30.0,,,32.2,0.81,32.643,9,33.1,14,0.839,Asia/Hong_Kong,C
-0.971,-1.979,-1.171,-1.243,-1.336,-1.043,-1.629,-2.643,,,-0.693,hong-kong,2026-09-13,HKO,29.1,28.6,29.5,28.2,28.8,29.0,29.4,27.2,,,30.7,0.904,30.356,9,31.7,14,0.842,Asia/Hong_Kong,C
-1.107,-2.143,-1.286,-1.486,-1.507,-1.207,-1.786,-2.821,,,-0.843,hong-kong,2026-09-14,HKO,29.5,28.4,29.2,29.5,29.2,29.6,27.9,28.2,,,28.7,0.593,30.505,9,28.7,14,0.902,Asia/Hong_Kong,C
-1.107,-2.064,-1.2,-1.379,-1.457,-1.15,-1.686,-2.771,,,-0.807,hong-kong,2026-09-15,HKO,30.7,28.3,30.5,29.4,29.0,30.5,29.1,28.4,,,31.7,1.098,31.281,9,31.4,14,1.015,Asia/Hong_Kong,C
-1.043,-2.257,-1.136,-1.507,-1.571,-1.121,-1.764,-2.943,,,-0.643,hong-kong,2026-09-16,HKO,29.3,29.1,29.6,29.2,28.6,29.7,29.8,28.3,,,30.2,0.563,30.806,9,31.5,14,1.015,Asia/Hong_Kong,C
-1.15,-2.221,-1.057,-1.521,-1.586,-1.136,-1.686,-2.893,,,-0.671,hong-kong,2026-09-17,HKO,29.4,28.9,29.8,29.6,28.3,29.5,30.9,28.0,,,30.1,0.841,30.858,9,31.4,14,0.982,Asia/Hong_Kong,C
-1.264,-2.343,-1.086,-1.643,-1.821,-1.307,-1.636,-3.029,,,-0.829,hong-kong,2026-09-18,HKO,29.5,29.0,29.8,29.6,28.6,30.0,31.2,28.5,,,30.4,0.815,31.185,9,31.7,14,0.978,Asia/Hong_Kong,C
-1.357,-2.364,-1.164,-1.664,-1.95,-1.314,-1.486,-3.007,,,-0.829,hong-kong,2026-09-19,HKO,31.1,30.0,30.6,30.8,29.3,30.9,31.6,28.8,,,31.5,0.907,32.17,9,33.2,14,0.974,Asia/Hong_Kong,C
-1.321,-2.371,-1.221,-1.657,-2.086,-1.343,-1.493,-3.043,,,-0.8,hong-kong,2026-09-20,HKO,32.3,30.2,31.7,31.4,30.8,31.4,31.5,29.9,,,32.2,0.777,33.002,9,33.1,14,0.948,Asia/Hong_Kong,C
-1.35,-2.443,-1.293,-1.621,-2.179,-1.407,-1.436,-3.071,,,-0.864,hong-kong,2026-09-21,HKO,31.0,29.6,31.0,30.7,30.5,30.6,29.9,30.2,,,31.7,0.596,32.315,9,33.0,14,0.949,Asia/Hong_Kong,C
-1.536,-2.636,-1.529,-1.821,-2.421,-1.629,-1.643,-3.186,,,-0.957,hong-kong,2026-09-22,HKO,29.3,28.9,29.9,29.9,29.4,29.4,29.2,28.3,,,29.8,0.488,31.261,9,30.2,14,0.886,Asia/Hong_Kong,C
-0.04,-0.46,-1.06,-0.56,0.98,-0.04,-1.12,0.32,,,-0.06,paris,2026-07-15,LFPB,31.4,31.0,31.2,31.2,32.6,31.4,30.1,31.7,,,31.4,0.616,31.583,9,31.0,0,1.2,Europe/Paris,C
0.033,-0.383,-0.85,-0.433,1.083,0.033,-1.083,0.383,,,0.017,paris,2026-07-16,LFPB,32.7,32.2,31.7,32.0,33.6,32.7,31.4,33.1,,,33.3,0.705,32.65,9,33.0,0,1.2,Europe/Paris,C
-0.014,-0.443,-0.914,-0.514,1.014,-0.014,-1.157,0.343,,,0.057,paris,2026-07-17,LFPB,26.1,25.9,23.7,27.4,29.2,26.1,25.3,27.6,,,26.6,1.462,26.482,9,26.0,0,1.2,Europe/Paris,C
0.0,-0.4,-1.087,-0.275,1.288,0.0,-1.1,0.5,,,0.125,paris,2026-07-18,LFPB,28.9,27.7,27.2,28.7,28.7,28.9,27.0,29.8,,,29.8,0.964,28.585,9,29.0,8,0.5,Europe/Paris,C
-0.011,-0.5,-1.167,-0.278,1.111,-0.011,-1.2,0.533,,,0.2,paris,2026-07-19,LFPB,23.6,23.4,23.0,23.0,24.8,23.6,22.5,24.4,,,24.2,0.7,23.772,9,24.0,9,0.5,Europe/Paris,C
-0.05,-0.51,-1.15,-0.35,1.08,-0.05,-1.23,0.52,,,0.2,paris,2026-07-20,LFPB,23.5,23.0,23.0,22.9,24.5,23.5,22.3,24.4,,,23.8,0.68,23.619,9,24.0,10,0.5,Europe/Paris,C
-0.091,-0.555,-1.136,-0.418,1.027,-0.091,-1.273,0.509,,,0.164,paris,2026-07-21,LFPB,25.5,25.2,24.6,24.8,26.5,25.5,24.7,26.0,,,25.7,0.597,25.606,9,26.0,11,0.5,Europe/Paris,C
-0.125,-0.575,-1.158,-0.483,0.983,-0.125,-1.275,0.467,,,0.125,paris,2026-07-22,LFPB,25.4,24.4,24.2,24.3,26.8,25.4,23.8,26.0,,,25.7,0.935,25.374,9,25.0,12,0.5,Europe/Paris,C
-0.085,-0.577,-1.131,-0.5,1.046,-0.085,-1.269,0.508,,,0.169,paris,2026-07-23,LFPB,24.5,24.5,23.6,23.9,25.9,24.5,24.0,25.3,,,24.6,0.668,24.743,9,25.0,13,0.5,Europe/Paris,C
-0.114,-0.571,-1.15,-0.543,1.036,-0.114,-1.25,0.493,,,0.129,paris,2026-07-24,LFPB,27.5,27.7,27.0,27.5,28.2,27.5,27.1,28.1,,,27.6,0.374,27.802,9,28.0,14,0.5,Europe/Paris,C
-0.143,-0.55,-1.093,-0.543,1.029,-0.143,-1.221,0.479,,,0.121,paris,2026-07-25,LFPB,29.2,29.5,29.9,29.0,30.6,29.2,29.1,30.0,,,29.7,0.494,29.823,9,30.0,14,0.5,Europe/Paris,C
-0.229,-0.586,-1.05,-0.593,0.964,-0.229,-1.271,0.429,,,0.086,paris,2026-07-26,LFPB,26.0,25.4,24.8,25.8,22.6,26.0,23.2,25.1,,,25.0,1.141,25.232,9,26.0,14,0.5,Europe/Paris,C
-0.243,-0.629,-1.079,-0.557,0.65,-0.243,-1.443,0.329,,,0.0,paris,2026-07-27,LFPB,26.7,27.1,26.3,26.1,27.9,26.7,25.1,27.7,,,27.1,0.804,27.134,9,27.0,14,0.5,Europe/Paris,C
-0.2,-0.536,-1.036,-0.536,0.636,-0.2,-1.529,0.4,,,0.029,paris,2026-07-28,LFPB,31.8,32.1,31.3,31.5,32.3,31.8,30.8,32.4,,,32.3,0.504,32.144,9,32.0,14,0.5,Europe/Paris,C
-0.229,-0.493,-1.036,-0.564,0.586,-0.229,-1.4,0.4,,,0.057,paris,2026-07-29,LFPB,38.1,38.1,37.2,36.6,38.3,38.1,37.2,38.4,,,38.0,0.585,38.143,9,38.0,14,0.5,Europe/Paris,C
-0.25,-0.486,-1.107,-0.679,0.493,-0.25,-1.393,0.379,,,0.029,paris,2026-07-30,LFPB,29.9,28.7,28.3,31.7,32.3,29.9,28.1,30.0,,,29.6,1.346,30.147,9,30.0,14,0.5,Europe/Paris,C
-0.236,-0.521,-1.136,-0.486,0.614,-0.236,-1.414,0.371,,,-0.021,paris,2026-07-31,LFPB,28.9,27.8,27.4,27.9,30.0,28.9,26.5,29.4,,,28.9,1.029,28.788,9,28.0,14,0.5,Europe/Paris,C
-0.179,-0.529,-1.014,-0.593,0.529,-0.179,-1.471,0.357,,,0.0,paris,2026-08-01,LFPB,28.7,28.0,27.6,28.3,29.1,28.7,27.1,28.7,,,28.4,0.592,28.649,9,28.0,14,0.5,Europe/Paris,C
-0.121,-0.436,-0.914,-0.55,0.629,-0.121,-1.393,0.35,,,-0.029,paris,2026-08-02,LFPB,31.9,31.4,30.9,31.6,32.6,31.9,31.4,32.4,,,31.6,0.495,32.002,9,32.0,14,0.5,Europe/Paris,C
-0.1,-0.436,-0.921,-0.507,0.614,-0.1,-1.329,0.35,,,-0.071,paris,2026-08-03,LFPB,35.4,36.5,34.2,36.2,35.7,35.4,34.9,36.4,,,35.9,0.702,35.829,9,35.0,14,0.5,Europe/Paris,C
-0.036,-0.257,-0.907,-0.343,0.629,-0.036,-1.214,0.421,,,0.007,paris,2026-08-04,LFPB,32.4,31.3,30.9,30.9,33.2,32.4,29.8,32.6,,,32.5,1.037,32.023,9,32.0,14,0.5,Europe/Paris,C
0.029,-0.25,-0.886,-0.336,0.679,0.029,-1.279,0.464,,,0.064,paris,2026-08-05,LFPB,28.3,27.2,26.7,27.9,29.2,28.3,27.1,27.5,,,27.2,0.739,27.899,9,28.0,14,0.5,Europe/Paris,C
0.021,-0.264,-0.921,-0.293,0.636,0.021,-1.257,0.357,,,-0.043,paris,2026-08-06,LFPB,25.3,25.6,24.9,24.8,26.3,25.3,23.6,26.0,,,25.2,0.733,25.451,9,25.0,14,0.5,Europe/Paris,C
0.079,-0.186,-0.829,-0.229,0.664,0.079,-1.286,0.407,,,-0.0,paris,2026-08-07,LFPB,26.5,26.7,26.2,26.3,26.7,26.5,26.1,27.2,,,26.7,0.313,26.664,9,27.0,14,0.5,Europe/Paris,C
0.079,-0.186,-0.814,-0.243,0.629,0.079,-1.286,0.414,,,0.007,paris,2026-08-08,LFPB,31.2,31.1,30.3,30.3,31.1,31.2,30.1,31.6,,,30.5,0.496,30.987,9,31.0,14,0.5,Europe/Paris,C
0.15,-0.143,-0.857,-0.221,0.593,0.15,-1.286,0.457,,,-0.007,paris,2026-08-09,LFPB,32.5,32.2,32.5,30.2,33.0,32.5,32.8,33.4,,,32.3,0.846,32.525,9,33.0,14,0.5,Europe/Paris,C
0.114,-0.157,-0.807,-0.407,0.836,0.114,-1.1,0.55,,,0.014,paris,2026-08-10,LFPB,31.7,31.6,31.0,31.2,32.3,31.7,30.0,32.2,,,31.8,0.658,31.61,9,32.0,14,0.5,Europe/Paris,C
0.114,-0.193,-0.829,-0.4,0.793,0.114,-1.107,0.514,,,-0.007,paris,2026-08-11,LFPB,32.0,31.6,31.5,31.6,32.8,32.0,30.7,32.3,,,31.9,0.549,31.947,9,32.0,14,0.5,Europe/Paris,C
0.129,-0.229,-0.814,-0.393,0.829,0.129,-1.114,0.507,,,-0.036,paris,2026-08-12,LFPB,34.9,34.5,34.3,34.3,35.7,34.9,34.8,35.5,,,34.8,0.457,34.936,9,35.0,14,0.5,Europe/Paris,C
0.114,-0.271,-0.807,-0.343,0.857,0.114,-1.071,0.514,,,-0.05,paris,2026-08-13,LFPB,37.6,37.4,36.9,36.6,38.2,37.6,37.1,38.0,,,37.0,0.496,37.495,9,38.0,14,0.5,Europe/Paris,C
0.093,-0.221,-0.764,-0.564,0.707,0.093,-1.0,0.514,,,-0.093,paris,2026-08-14,LFPB,38.8,39.1,38.1,38.0,38.5,38.8,38.5,39.3,,,38.3,0.414,38.731,9,39.0,14,0.5,Europe/Paris,C
0.014,-0.2,-0.786,-0.629,0.529,0.014,-0.929,0.436,,,-0.207,paris,2026-08-15,LFPB,31.1,30.5,30.5,32.6,33.0,31.1,31.0,31.6,,,30.9,0.833,31.477,9,31.0,14,0.5,Europe/Paris,C
-0.029,-0.236,-0.793,-0.536,0.593,-0.029,-0.864,0.429,,,-0.243,paris,2026-08-16,LFPB,30.6,30.0,30.1,30.1,31.4,30.6,27.4,31.1,,,31.0,1.11,30.505,9,30.0,14,0.5,Europe/Paris,C
0.021,-0.193,-0.707,-0.5,0.65,0.021,-1.007,0.479,,,-0.143,paris,2026-08-17,LFPB,28.9,28.9,28.6,29.5,30.0,28.9,25.9,29.8,,,28.8,1.126,28.993,9,29.0,14,0.5,Europe/Paris,C
-0.014,-0.307,-0.679,-0.55,0.671,-0.014,-1.221,0.436,,,-0.221,paris,2026-08-18,LFPB,26.6,26.7,27.0,27.7,28.0,26.6,25.5,27.1,,,26.8,0.674,27.08,9,27.0,14,0.5,Europe/Paris,C
-0.071,-0.279,-0.6,-0.421,0.657,-0.071,-1.171,0.4,,,-0.271,paris,2026-08-19,LFPB,29.4,27.6,28.5,28.6,28.8,29.4,25.6,28.6,,,27.6,1.112,28.553,9,29.0,14,0.5,Europe/Paris,C
-0.064,-0.321,-0.543,-0.443,0.557,-0.064,-1.35,0.407,,,-0.314,paris,2026-08-20,LFPB,25.1,23.7,23.9,24.4,24.2,25.1,23.4,25.0,,,24.7,0.597,24.62,9,25.0,14,0.5,Europe/Paris,C
-0.079,-0.457,-0.614,-0.471,0.407,-0.079,-1.364,0.336,,,-0.35,paris,2026-08-21,LFPB,22.8,22.7,21.9,23.1,24.8,22.8,20.9,23.4,,,23.2,1.001,23.123,9,24.0,14,0.5,Europe/Paris,C
-0.129,-0.529,-0.707,-0.486,0.486,-0.129,-1.521,0.279,,,-0.386,paris,2026-08-22,LFPB,22.4,22.3,21.9,22.6,23.6,22.4,21.5,23.0,,,22.7,0.57,22.799,9,23.0,14,0.5,Europe/Paris,C
-0.186,-0.586,-0.736,-0.464,0.521,-0.186,-1.564,0.236,,,-0.371,paris,2026-08-23,LFPB,23.6,23.1,22.8,23.5,24.5,23.6,22.7,24.1,,,23.9,0.56,23.866,9,24.0,14,0.5,Europe/Paris,C
-0.179,-0.593,-0.786,-0.3,0.557,-0.179,-1.643,0.214,,,-0.329,paris,2026-08-24,LFPB,26.5,24.6,25.5,26.0,27.1,26.5,24.7,27.0,,,26.7,0.886,26.401,9,27.0,14,0.5,Europe/Paris,C
-0.193,-0.736,-0.821,-0.314,0.543,-0.193,-1.664,0.2,,,-0.336,paris,2026-08-25,LFPB,28.6,26.4,28.4,28.2,29.0,28.6,25.3,29.1,,,28.6,1.217,28.452,9,29.0,14,0.5,Europe/Paris,C
-0.221,-0.893,-0.829,-0.343,0.486,-0.221,-1.836,0.186,,,-0.357,paris,2026-08-26,LFPB,29.4,28.7,29.6,29.0,29.4,29.4,27.3,29.5,,,29.3,0.677,29.564,9,29.0,14,0.5,Europe/Paris,C
-0.186,-0.879,-0.736,-0.293,0.464,-0.186,-1.943,0.186,,,-0.321,paris,2026-08-27,LFPB,26.9,25.8,26.1,26.9,28.2,26.9,26.8,27.9,,,27.0,0.71,27.291,9,27.0,14,0.5,Europe/Paris,C
-0.164,-0.921,-0.721,-0.2,0.536,-0.164,-1.893,0.25,,,-0.25,paris,2026-08-28,LFPB,23.0,21.6,20.9,21.1,23.8,23.0,21.4,22.8,,,23.5,1.033,22.742,9,24.0,14,0.5,Europe/Paris,C
-0.221,-1.1,-0.879,-0.336,0.557,-0.221,-2.043,0.143,,,-0.236,paris,2026-08-29,LFPB,21.9,21.9,21.3,21.7,21.5,21.9,21.9,21.6,,,22.2,0.254,22.221,9,22.0,14,0.555,Europe/Paris,C
-0.236,-1.071,-0.893,-0.471,0.379,-0.236,-2.05,0.071,,,-0.214,paris,2026-08-30,LFPB,24.4,23.0,23.1,23.3,23.3,24.4,23.4,23.9,,,24.4,0.555,24.203,9,24.0,14,0.543,Europe/Paris,C
-0.25,-1.143,-0.964,-0.529,0.229,-0.25,-1.907,-0.014,,,-0.257,paris,2026-08-31,LFPB,22.7,22.2,22.1,22.8,22.5,22.7,21.5,23.3,,,22.6,0.479,23.026,9,23.0,14,0.529,Europe/Paris,C
-0.264,-1.193,-1.0,-0.579,0.121,-0.264,-1.793,-0.05,,,-0.271,paris,2026-09-01,LFPB,23.8,23.1,23.0,23.3,24.3,23.8,21.8,24.5,,,24.1,0.783,24.112,9,24.0,14,0.529,Europe/Paris,C
-0.25,-1.236,-1.071,-0.679,0.071,-0.25,-1.843,-0.021,,,-0.25,paris,2026-09-02,LFPB,25.1,24.5,23.9,25.1,25.0,25.1,22.7,25.9,,,25.4,0.892,25.341,9,26.0,14,0.529,Europe/Paris,C
-0.343,-1.243,-1.186,-0.714,0.014,-0.343,-1.836,0.0,,,-0.193,paris,2026-09-03,LFPB,27.4,26.0,26.2,27.6,25.9,27.4,24.8,27.1,,,27.5,0.917,27.313,9,27.0,14,0.545,Europe/Paris,C
-0.321,-1.221,-1.164,-0.629,-0.007,-0.321,-1.879,0.007,,,-0.136,paris,2026-09-04,LFPB,28.2,27.9,27.8,28.5,29.0,28.2,24.9,27.7,,,27.6,1.09,28.483,9,28.0,14,0.542,Europe/Paris,C
-0.221,-1.136,-1.029,-0.529,0.007,-0.221,-1.879,0.029,,,-0.107,paris,2026-09-05,LFPB,24.5,23.0,23.5,23.6,24.9,24.5,22.3,25.0,,,24.6,0.88,24.566,9,25.0,14,0.505,Europe/Paris,C
-0.214,-1.229,-1.057,-0.6,-0.043,-0.214,-1.964,0.029,,,-0.114,paris,2026-09-06,LFPB,27.9,26.2,27.3,27.9,28.0,27.9,27.1,28.7,,,28.5,0.716,28.253,9,28.0,14,0.516,Europe/Paris,C
-0.193,-1.293,-1.021,-0.571,-0.079,-0.193,-1.936,0.071,,,-0.071,paris,2026-09-07,LFPB,28.6,27.5,27.8,27.9,29.0,28.6,25.0,28.7,,,28.3,1.133,28.6,9,29.0,14,0.519,Europe/Paris,C
-0.186,-1.229,-1.0,-0.579,-0.086,-0.186,-2.057,0.05,,,-0.1,paris,2026-09-08,LFPB,26.0,24.8,25.2,26.2,27.2,26.0,24.3,25.9,,,26.1,0.808,26.332,9,26.0,14,0.505,Europe/Paris,C
-0.157,-1.129,-1.014,-0.507,-0.0,-0.157,-1.914,0.036,,,-0.064,paris,2026-09-09,LFPB,21.3,20.4,20.7,20.7,20.7,21.3,18.6,21.5,,,21.3,0.831,21.309,9,22.0,14,0.5,Europe/Paris,C
-0.236,-1.221,-1.15,-0.6,-0.121,-0.236,-2.036,-0.036,,,-0.136,paris,2026-09-10,LFPB,21.3,20.1,20.4,20.8,21.3,21.3,20.3,21.8,,,21.2,0.54,21.557,9,21.0,14,0.503,Europe/Paris,C
-0.207,-1.2,-1.129,-0.607,-0.186,-0.207,-2.071,-0.043,,,-0.121,paris,2026-09-11,LFPB,24.9,24.6,23.6,24.7,25.0,24.9,21.8,24.7,,,24.2,0.964,24.965,9,25.0,14,0.518,Europe/Paris,C
-0.143,-1.057,-1.007,-0.421,-0.171,-0.143,-2.114,0.021,,,-0.143,paris,2026-09-12,LFPB,25.2,24.3,24.7,24.3,25.6,25.2,22.9,25.8,,,25.4,0.846,25.422,9,26.0,14,0.5,Europe/Paris,C
-0.193,-1.171,-1.05,-0.521,-0.164,-0.193,-2.329,0.036,,,-0.2,paris,2026-09-13,LFPB,26.2,24.5,23.9,24.2,25.1,26.2,23.2,27.4,,,26.5,1.321,25.869,9,27.0,14,0.5,Europe/Paris,C
-0.279,-1.279,-1.207,-0.671,-0.25,-0.279,-2.557,0.071,,,-0.264,paris,2026-09-14,LFPB,28.4,26.7,27.5,27.9,27.9,28.4,25.7,28.8,,,28.2,0.916,28.473,9,29.0,14,0.514,Europe/Paris,C
-0.3,-1.386,-1.25,-0.736,-0.293,-0.3,-2.686,0.036,,,-0.293,paris,2026-09-15,LFPB,32.6,31.3,32.4,32.3,32.1,32.6,30.1,32.9,,,32.3,0.812,32.889,9,33.0,14,0.533,Europe/Paris,C
-0.314,-1.443,-1.221,-0.736,-0.379,-0.314,-2.736,-0.007,,,-0.35,paris,2026-09-16,LFPB,22.1,21.3,21.3,22.2,22.4,22.1,20.7,22.4,,,22.1,0.562,22.642,9,22.0,14,0.533,Europe/Paris,C
-0.243,-1.386,-1.121,-0.657,-0.279,-0.243,-2.593,0.029,,,-0.3,paris,2026-09-17,LFPB,21.8,21.1,21.8,22.2,22.7,21.8,20.3,22.0,,,21.8,0.641,22.466,9,22.0,14,0.532,Europe/Paris,C
-0.286,-1.379,-1.079,-0.686,-0.15,-0.286,-2.557,0.021,,,-0.35,paris,2026-09-18,LFPB,21.6,21.1,21.6,21.3,21.9,21.6,20.4,22.5,,,21.7,0.541,22.25,9,22.0,14,0.54,Europe/Paris,C
-0.329,-1.436,-1.093,-0.771,-0.229,-0.329,-2.45,0.079,,,-0.343,paris,2026-09-19,LFPB,24.8,23.6,24.3,24.1,24.6,24.8,22.3,25.3,,,24.8,0.841,25.076,9,25.0,14,0.528,Europe/Paris,C
-0.307,-1.393,-1.036,-0.736,-0.25,-0.307,-2.45,0.1,,,-0.329,paris,2026-09-20,LFPB,23.5,22.7,22.1,24.0,22.9,23.5,22.0,23.3,,,22.6,0.636,23.67,9,23.0,14,0.516,Europe/Paris,C
-0.264,-1.286,-1.05,-0.657,-0.257,-0.264,-2.457,0.071,,,-0.393,paris,2026-09-21,LFPB,22.1,21.5,21.5,21.8,22.3,22.1,20.8,22.7,,,22.3,0.535,22.599,9,22.0,14,0.542,Europe/Paris,C
-0.229,-1.214,-1.0,-0.593,-0.236,-0.229,-2.257,0.143,,,-0.321,paris,2026-09-22,LFPB,24.1,23.0,23.2,24.1,24.2,24.1,22.7,24.5,,,24.0,0.593,24.391,9,24.0,14,0.555,Europe/Paris,C
-1.24,-1.66,-1.1,-0.96,0.06,-0.72,0.48,-2.04,,,-0.02,beijing,2026-07-16,ZBAA,32.6,32.3,32.4,32.7,34.6,32.9,37.1,30.8,,,34.5,1.72,34.06,9,34.0,0,1.2,Asia/Shanghai,C
-1.267,-1.667,-1.183,-1.017,0.15,-0.783,0.917,-2.233,,,0.067,beijing,2026-07-17,ZBAA,30.3,30.3,30.3,31.2,32.0,30.3,31.2,28.7,,,32.6,1.075,31.575,9,31.0,0,1.2,Asia/Shanghai,C
-1.186,-1.529,-1.114,-0.843,0.271,-0.771,0.814,-2.243,,,0.286,beijing,2026-07-18,ZBAA,29.8,30.1,30.0,30.6,32.5,29.4,28.9,28.9,,,29.7,1.029,30.813,9,31.0,0,1.2,Asia/Shanghai,C
-1.187,-1.45,-1.1,-0.788,0.425,-0.875,0.45,-2.225,,,0.087,beijing,2026-07-19,ZBAA,31.6,31.7,32.2,33.3,34.4,32.2,32.9,31.2,,,32.7,0.929,33.188,9,33.0,8,0.995,Asia/Shanghai,C
-1.211,-1.433,-1.067,-0.667,0.533,-0.867,0.389,-2.178,,,0.044,beijing,2026-07-20,ZBAA,29.2,26.8,29.1,31.5,34.0,29.2,29.0,28.7,,,29.2,1.906,30.335,9,29.0,9,0.94,Asia/Shanghai,C
-1.07,-1.51,-0.95,-0.35,0.98,-0.76,0.35,-1.99,,,0.06,beijing,2026-07-21,ZBAA,30.2,29.9,30.4,31.5,32.4,30.6,32.5,29.5,,,30.7,0.999,31.404,9,32.0,10,0.987,Asia/Shanghai,C
-1.136,-1.564,-1.009,-0.364,0.927,-0.818,0.364,-2.036,,,-0.064,beijing,2026-07-22,ZBAA,28.4,26.2,27.0,24.8,27.7,26.4,28.1,27.6,,,28.4,1.132,27.938,9,27.0,11,0.958,Asia/Shanghai,C
-0.925,-1.5,-0.925,-0.517,0.908,-0.8,0.425,-1.817,,,0.058,beijing,2026-07-23,ZBAA,27.2,26.3,27.2,29.3,29.8,28.7,29.4,26.9,,,27.5,1.202,28.508,9,28.0,12,0.957,Asia/Shanghai,C
-0.915,-1.515,-0.915,-0.377,0.977,-0.685,0.5,-1.762,,,0.015,beijing,2026-07-24,ZBAA,29.9,30.6,29.9,28.6,29.5,29.7,30.5,29.2,,,29.3,0.595,30.324,9,32.0,13,0.93,Asia/Shanghai,C
-1.0,-1.507,-1.0,-0.593,0.729,-0.8,0.357,-1.836,,,-0.179,beijing,2026-07-25,ZBAA,30.9,31.9,30.4,32.8,33.1,31.8,31.6,29.2,,,29.4,1.297,31.933,9,31.0,14,1.002,Asia/Shanghai,C
-1.007,-1.379,-1.071,-0.493,1.086,-0.743,0.414,-1.986,,,-0.343,beijing,2026-07-26,ZBAA,31.3,30.3,31.3,31.9,33.6,31.5,32.8,30.0,,,32.1,1.065,32.253,9,33.0,14,1.029,Asia/Shanghai,C
-0.993,-1.407,-1.086,-0.486,1.279,-0.686,0.529,-1.986,,,-0.321,beijing,2026-07-27,ZBAA,32.3,33.0,32.3,33.7,34.9,32.5,33.8,31.0,,,32.3,1.07,33.459,9,34.0,14,0.914,Asia/Shanghai,C
-1.057,-1.4,-1.136,-0.464,1.243,-0.779,0.436,-2.079,,,-0.486,beijing,2026-07-28,ZBAA,34.1,34.2,35.0,34.8,36.9,33.5,35.3,32.5,,,34.0,1.166,35.192,9,35.0,14,0.922,Asia/Shanghai,C
-1.086,-1.364,-1.093,-0.429,1.207,-0.936,0.264,-2.164,,,-0.621,beijing,2026-07-29,ZBAA,34.0,34.6,34.7,34.4,36.8,33.5,33.8,32.5,,,33.6,1.113,35.026,9,35.0,14,0.922,Asia/Shanghai,C
-0.943,-1.2,-0.914,-0.279,1.229,-0.914,0.136,-2.021,,,-0.643,beijing,2026-07-30,ZBAA,34.1,34.0,35.0,34.7,36.2,33.3,32.1,32.5,,,33.6,1.194,34.717,9,35.0,14,0.768,Asia/Shanghai,C
-0.907,-1.15,-0.8,-0.207,1.271,-0.957,-0.293,-1.971,,,-0.779,beijing,2026-07-31,ZBAA,34.4,34.8,34.1,34.8,36.1,33.4,34.0,32.1,,,34.5,1.03,34.967,9,36.0,14,0.771,Asia/Shanghai,C
-0.971,-1.186,-0.886,-0.307,1.207,-1.093,-0.45,-2.086,,,-1.0,beijing,2026-08-01,ZBAA,34.3,35.2,36.2,35.1,38.7,34.7,35.0,33.0,,,35.0,1.461,36.058,9,36.0,14,0.805,Asia/Shanghai,C
-1.007,-1.179,-0.8,-0.343,1.293,-1.071,-0.371,-2.15,,,-0.979,beijing,2026-08-02,ZBAA,34.3,34.5,33.7,32.9,36.4,31.0,33.4,32.2,,,30.3,1.757,34.134,9,35.0,14,0.803,Asia/Shanghai,C
-0.957,-1.121,-0.836,-0.514,1.293,-1.3,-0.479,-2.221,,,-1.293,beijing,2026-08-03,ZBAA,35.5,35.3,34.1,32.5,32.3,30.4,31.1,32.7,,,35.0,1.75,34.291,9,36.0,14,0.834,Asia/Shanghai,C
-1.007,-1.014,-0.979,-0.943,0.671,-1.714,-0.829,-2.436,,,-1.379,beijing,2026-08-04,ZBAA,33.7,33.7,34.4,34.5,35.3,34.1,32.5,32.1,,,33.5,0.935,34.858,9,35.0,14,0.882,Asia/Shanghai,C
-0.971,-0.957,-0.907,-0.943,0.664,-1.679,-1.043,-2.464,,,-1.393,beijing,2026-08-05,ZBAA,35.7,36.8,36.3,36.7,37.1,36.5,34.9,33.3,,,35.7,1.118,37.0,9,37.0,14,0.868,Asia/Shanghai,C
-1.164,-0.914,-0.957,-0.807,0.621,-1.671,-1.271,-2.771,,,-1.586,beijing,2026-08-06,ZBAA,35.3,35.5,35.6,36.4,38.3,36.8,35.4,33.6,,,35.6,1.203,36.959,9,36.0,14,0.831,Asia/Shanghai,C
-1.157,-0.829,-0.929,-0.871,0.657,-1.664,-1.414,-2.864,,,-1.579,beijing,2026-08-07,ZBAA,35.4,35.5,35.6,37.0,34.6,34.4,34.4,32.7,,,36.4,1.192,36.266,9,36.0,14,0.859,Asia/Shanghai,C
-1.05,-0.764,-0.807,-0.557,0.736,-1.614,-1.421,-2.9,,,-1.357,beijing,2026-08-08,ZBAA,30.5,30.8,31.3,30.8,32.2,29.9,30.8,28.3,,,30.4,0.999,31.646,9,31.0,14,0.736,Asia/Shanghai,C
-1.079,-0.843,-0.743,-0.7,0.671,-1.75,-1.479,-2.964,,,-1.286,beijing,2026-08-09,ZBAA,30.2,30.8,31.3,31.0,31.8,29.8,30.6,27.6,,,29.9,1.144,31.475,9,30.0,14,0.714,Asia/Shanghai,C
-0.943,-0.593,-0.529,-0.55,0.757,-1.657,-1.421,-2.921,,,-1.229,beijing,2026-08-10,ZBAA,33.4,32.7,33.5,34.3,32.1,31.1,32.8,29.9,,,32.1,1.255,33.463,9,32.0,14,0.791,Asia/Shanghai,C
-0.721,-0.471,-0.3,-0.364,0.7,-1.614,-1.35,-2.857,,,-1.1,beijing,2026-08-11,ZBAA,33.2,33.3,32.6,33.0,34.9,32.0,32.7,30.5,,,31.4,1.179,33.547,9,32.0,14,0.87,Asia/Shanghai,C
-0.571,-0.321,-0.257,-0.279,0.771,-1.507,-1.321,-2.786,,,-1.071,beijing,2026-08-12,ZBAA,25.2,26.1,25.3,25.8,24.7,25.6,26.7,26.4,,,26.1,0.596,26.366,9,27.0,14,0.962,Asia/Shanghai,C
-0.629,-0.357,-0.357,-0.321,0.479,-1.5,-1.257,-2.65,,,-1.036,beijing,2026-08-13,ZBAA,28.6,26.5,28.6,28.5,29.1,29.5,28.3,28.2,,,28.9,0.793,29.194,9,30.0,14,0.977,Asia/Shanghai,C
-0.664,-0.536,-0.457,-0.407,0.329,-1.414,-1.171,-2.6,,,-1.014,beijing,2026-08-14,ZBAA,29.7,30.1,29.7,32.7,31.1,31.0,32.6,29.6,,,30.7,1.122,31.408,9,32.0,14,0.997,Asia/Shanghai,C
-0.714,-0.586,-0.486,-0.271,0.257,-1.3,-0.986,-2.493,,,-1.0,beijing,2026-08-15,ZBAA,29.3,29.3,29.5,29.8,30.0,28.6,29.0,27.1,,,29.0,0.803,29.917,9,29.0,14,0.972,Asia/Shanghai,C
-0.571,-0.507,-0.464,-0.15,0.136,-1.236,-0.914,-2.414,,,-0.929,beijing,2026-08-16,ZBAA,26.8,25.5,27.1,29.3,25.7,26.7,26.9,26.7,,,27.2,1.021,27.49,9,28.0,14,1.002,Asia/Shanghai,C
-0.607,-0.65,-0.436,0.093,-0.129,-1.043,-0.879,-2.307,,,-0.65,beijing,2026-08-17,ZBAA,30.5,31.1,30.6,32.2,31.2,30.9,32.0,29.7,,,30.7,0.722,31.614,9,32.0,14,0.984,Asia/Shanghai,C
-0.679,-0.664,-0.4,0.357,0.079,-0.721,-0.529,-2.236,,,-0.671,beijing,2026-08-18,ZBAA,30.2,31.1,31.3,32.7,31.5,31.0,31.0,28.7,,,31.2,1.011,31.527,9,32.0,14,0.878,Asia/Shanghai,C
-0.714,-0.636,-0.407,0.443,0.021,-0.729,-0.421,-2.264,,,-0.621,beijing,2026-08-19,ZBAA,31.1,31.7,32.1,33.5,31.6,30.9,30.2,29.4,,,31.0,1.097,31.905,9,32.0,14,0.886,Asia/Shanghai,C
-0.686,-0.643,-0.35,0.571,-0.014,-0.771,-0.4,-2.186,,,-0.6,beijing,2026-08-20,ZBAA,31.2,31.1,32.0,33.2,32.5,31.0,30.0,29.5,,,30.3,1.131,31.825,9,32.0,14,0.887,Asia/Shanghai,C
-0.693,-0.671,-0.321,0.629,-0.143,-0.9,-0.5,-2.193,,,-0.693,beijing,2026-08-21,ZBAA,31.4,32.8,33.5,34.7,34.2,32.1,30.9,30.6,,,32.5,1.348,33.131,9,34.0,14,0.85,Asia/Shanghai,C
-0.836,-0.721,-0.329,0.607,-0.029,-0.921,-0.607,-2.2,,,-0.829,beijing,2026-08-22,ZBAA,29.6,30.4,30.3,33.2,31.9,29.1,30.2,29.7,,,30.7,1.193,31.107,9,30.0,14,0.878,Asia/Shanghai,C
-0.829,-0.679,-0.329,0.85,0.021,-0.907,-0.579,-2.029,,,-0.736,beijing,2026-08-23,ZBAA,30.7,30.5,30.2,32.8,31.9,30.5,29.3,30.2,,,31.5,0.991,31.395,9,33.0,14,0.911,Asia/Shanghai,C
-1.007,-0.914,-0.621,0.764,-0.186,-1.071,-0.886,-2.057,,,-0.836,beijing,2026-08-24,ZBAA,31.1,30.7,31.4,32.0,32.1,32.6,32.4,30.7,,,31.8,0.665,32.344,9,33.0,14,0.926,Asia/Shanghai,C
-1.243,-1.129,-0.843,0.529,-0.257,-1.036,-0.986,-2.071,,,-0.929,beijing,2026-08-25,ZBAA,30.2,27.5,30.6,30.2,30.3,30.3,31.2,30.8,,,30.3,0.99,30.981,9,30.0,14,0.858,Asia/Shanghai,C
-1.314,-1.4,-0.843,0.471,-0.443,-1.014,-0.95,-1.907,,,-0.864,beijing,2026-08-26,ZBAA,28.0,27.4,27.6,27.4,24.1,28.3,26.1,24.7,,,28.0,1.44,27.931,9,28.0,14,0.796,Asia/Shanghai,C
-1.186,-1.379,-0.75,0.514,-0.557,-0.893,-1.064,-2.1,,,-0.8,beijing,2026-08-27,ZBAA,29.1,29.7,29.1,28.9,26.6,27.9,26.4,26.6,,,29.1,1.229,29.257,9,29.0,14,0.778,Asia/Shanghai,C
-1.079,-1.079,-0.643,0.614,-0.664,-0.936,-1.129,-2.143,,,-0.714,beijing,2026-08-28,ZBAA,21.7,22.3,22.3,23.0,23.7,23.3,24.5,21.9,,,24.5,0.998,23.745,9,24.0,14,0.751,Asia/Shanghai,C
-1.079,-1.064,-0.6,0.493,-0.621,-0.914,-1.136,-2.121,,,-0.586,beijing,2026-08-29,ZBAA,29.1,28.3,29.1,31.6,32.3,28.6,28.8,25.9,,,27.8,1.807,29.971,9,31.0,14,0.737,Asia/Shanghai,C
-1.236,-1.279,-0.771,0.479,-0.6,-1.057,-1.293,-2.35,,,-0.814,beijing,2026-08-30,ZBAA,31.0,32.6,31.2,32.8,31.5,31.4,32.8,30.8,,,31.9,0.738,32.693,9,34.0,14,0.747,Asia/Shanghai,C
-1.364,-1.2,-0.907,0.3,-0.614,-1.15,-1.3,-2.486,,,-0.907,beijing,2026-08-31,ZBAA,28.9,30.1,28.8,31.5,30.4,29.6,30.3,28.5,,,30.3,0.905,30.788,9,31.0,14,0.814,Asia/Shanghai,C
-1.407,-1.2,-0.964,0.321,-0.6,-1.171,-1.35,-2.5,,,-0.864,beijing,2026-09-01,ZBAA,28.1,29.4,28.3,30.8,29.5,29.0,29.4,27.6,,,29.3,0.891,30.041,9,30.0,14,0.809,Asia/Shanghai,C
-1.414,-1.179,-1.036,0.329,-0.6,-1.171,-1.321,-2.436,,,-0.857,beijing,2026-09-02,ZBAA,28.8,29.9,29.4,32.2,31.2,29.6,30.7,27.8,,,28.9,1.271,30.84,9,30.0,14,0.799,Asia/Shanghai,C
-1.436,-1.164,-1.086,0.379,-0.486,-1.121,-1.143,-2.407,,,-0.864,beijing,2026-09-03,ZBAA,29.9,31.8,31.2,33.2,32.6,30.7,31.7,29.6,,,30.9,1.11,32.269,9,32.0,14,0.83,Asia/Shanghai,C
-1.529,-1.114,-1.143,0.379,-0.479,-1.143,-1.021,-2.4,,,-0.821,beijing,2026-09-04,ZBAA,30.4,31.9,32.2,33.5,33.3,29.9,32.9,30.3,,,30.9,1.294,32.69,9,33.0,14,0.831,Asia/Shanghai,C
-1.529,-1.107,-1.164,0.364,-0.471,-1.229,-0.807,-2.35,,,-0.864,beijing,2026-09-05,ZBAA,31.7,32.6,32.8,33.9,34.2,31.4,33.4,31.4,,,31.9,1.006,33.601,9,33.0,14,0.803,Asia/Shanghai,C
-1.593,-1.164,-1.2,0.2,-0.521,-1.279,-0.793,-2.443,,,-0.993,beijing,2026-09-06,ZBAA,30.6,31.2,31.2,33.4,31.7,29.7,31.9,30.5,,,30.3,1.026,32.22,9,31.0,14,0.763,Asia/Shanghai,C
-1.457,-0.971,-0.986,0.386,-0.393,-1.193,-0.464,-2.279,,,-0.936,beijing,2026-09-07,ZBAA,29.7,29.4,30.1,31.3,28.5,28.2,30.3,28.4,,,30.3,0.987,30.515,9,29.0,14,0.71,Asia/Shanghai,C
-1.271,-0.779,-0.793,0.621,-0.364,-1.221,-0.329,-2.157,,,-0.757,beijing,2026-09-08,ZBAA,23.5,22.8,23.3,23.9,24.2,23.2,23.8,23.7,,,24.5,0.492,24.423,9,25.0,14,0.799,Asia/Shanghai,C
-1.393,-0.757,-0.957,0.529,-0.443,-1.371,-0.5,-2.307,,,-0.814,beijing,2026-09-09,ZBAA,24.8,25.2,25.0,25.8,25.6,24.4,25.5,24.9,,,25.2,0.411,26.044,9,27.0,14,0.77,Asia/Shanghai,C
-1.55,-0.843,-1.071,0.486,-0.264,-1.579,-0.471,-2.221,,,-0.943,beijing,2026-09-10,ZBAA,28.7,29.2,29.1,30.4,29.0,28.2,29.5,29.0,,,28.7,0.578,30.021,9,31.0,14,0.811,Asia/Shanghai,C
-1.721,-1.021,-1.214,0.45,-0.236,-1.7,-0.393,-2.193,,,-1.114,beijing,2026-09-11,ZBAA,30.9,31.1,31.5,31.9,31.0,30.3,31.4,30.7,,,30.4,0.492,32.101,9,32.0,14,0.85,Asia/Shanghai,C
-1.636,-0.964,-1.129,0.514,-0.286,-1.771,-0.471,-2.136,,,-1.264,beijing,2026-09-12,ZBAA,28.8,28.9,28.8,30.0,28.6,27.7,29.1,27.8,,,27.9,0.692,29.704,9,28.0,14,0.847,Asia/Shanghai,C
-1.443,-0.707,-0.936,0.614,-0.336,-1.621,-0.236,-1.786,,,-1.043,beijing,2026-09-13,ZBAA,29.9,30.1,30.5,30.5,29.7,29.5,29.2,30.5,,,30.0,0.441,30.887,9,30.0,14,0.922,Asia/Shanghai,C
-1.236,-0.6,-0.7,0.736,-0.179,-1.471,-0.207,-1.521,,,-0.893,beijing,2026-09-14,ZBAA,26.5,26.9,26.9,28.0,26.6,25.9,26.4,26.1,,,25.7,0.643,27.291,9,26.0,14,0.885,Asia/Shanghai,C
-1.05,-0.471,-0.479,0.843,-0.093,-1.379,-0.129,-1.336,,,-0.864,beijing,2026-09-15,ZBAA,28.5,28.7,28.7,30.9,29.2,27.3,28.3,27.7,,,27.3,1.048,29.108,9,28.0,14,0.949,Asia/Shanghai,C
-0.879,-0.379,-0.307,0.993,0.029,-1.357,-0.064,-1.186,,,-0.864,beijing,2026-09-16,ZBAA,31.2,30.9,31.3,33.3,31.9,29.8,30.8,30.4,,,30.1,0.991,31.566,9,30.0,14,0.994,Asia/Shanghai,C
-0.707,-0.307,-0.171,1.071,0.079,-1.343,-0.057,-1.0,,,-0.779,beijing,2026-09-17,ZBAA,31.4,31.2,31.5,32.2,31.0,29.7,31.3,30.8,,,30.3,0.682,31.459,9,31.0,14,1.055,Asia/Shanghai,C
-0.529,-0.279,-0.079,1.071,0.036,-1.343,-0.014,-0.843,,,-0.75,beijing,2026-09-18,ZBAA,28.1,28.5,28.3,30.4,28.8,27.2,27.9,29.6,,,27.7,0.931,28.75,9,28.0,14,1.059,Asia/Shanghai,C
-0.336,-0.164,0.0,1.207,0.071,-1.179,-0.014,-0.536,,,-0.621,beijing,2026-09-19,ZBAA,29.2,28.8,28.9,30.4,29.0,27.0,28.1,28.4,,,27.7,0.916,28.856,9,28.0,14,1.075,Asia/Shanghai,C
-0.157,-0.079,0.079,1.314,0.057,-1.136,-0.036,-0.393,,,-0.564,beijing,2026-09-20,ZBAA,29.1,28.6,28.8,29.3,30.1,27.5,26.1,28.1,,,27.3,1.142,28.585,9,29.0,14,1.087,Asia/Shanghai,C
-0.121,-0.121,0.05,1.164,0.086,-1.15,-0.307,-0.421,,,-0.636,beijing,2026-09-21,ZBAA,30.0,30.4,30.2,30.6,30.9,29.6,29.7,30.8,,,29.8,0.454,30.377,9,30.0,14,1.043,Asia/Shanghai,C
-0.171,-0.121,-0.014,1.043,0.186,-1.121,-0.421,-0.321,,,-0.743,beijing,2026-09-22,ZBAA,30.5,30.8,30.4,31.5,31.2,29.7,30.0,31.3,,,30.0,0.604,30.769,9,30.0,14,0.966,Asia/Shanghai,C
-0.029,0.093,0.136,1.229,0.329,-1.014,-0.336,-0.136,,,-0.707,beijing,2026-09-23,ZBAA,31.6,31.7,31.9,33.5,31.9,30.8,30.2,32.2,,,30.8,0.906,31.667,9,31.0,14,0.976,Asia/Shanghai,C
