city,date,winner,unit,lo,hi,slug
amsterdam,2026-07-01,23°C,C,23,23,highest-temperature-in-amsterdam-on-july-1-2026
amsterdam,2026-07-02,21°C,C,21,21,highest-temperature-in-amsterdam-on-july-2-2026
amsterdam,2026-07-03,20°C,C,20,20,highest-temperature-in-amsterdam-on-july-3-2026
amsterdam,2026-07-04,23°C,C,23,23,highest-temperature-in-amsterdam-on-july-4-2026
amsterdam,2026-07-05,20°C,C,20,20,highest-temperature-in-amsterdam-on-july-5-2026
amsterdam,2026-07-06,26°C or higher,C,26,inf,highest-temperature-in-amsterdam-on-july-6-2026
amsterdam,2026-07-07,23°C,C,23,23,highest-temperature-in-amsterdam-on-july-7-2026
amsterdam,2026-07-08,22°C,C,22,22,highest-temperature-in-amsterdam-on-july-8-2026
amsterdam,2026-07-09,24°C,C,24,24,highest-temperature-in-amsterdam-on-july-9-2026
amsterdam,2026-07-10,26°C,C,26,26,highest-temperature-in-amsterdam-on-july-10-2026
amsterdam,2026-07-11,25°C,C,25,25,highest-temperature-in-amsterdam-on-july-11-2026
amsterdam,2026-07-12,26°C,C,26,26,highest-temperature-in-amsterdam-on-july-12-2026
amsterdam,2026-07-13,25°C,C,25,25,highest-temperature-in-amsterdam-on-july-13-2026
amsterdam,2026-07-14,28°C,C,28,28,highest-temperature-in-amsterdam-on-july-14-2026
amsterdam,2026-07-15,27°C,C,27,27,highest-temperature-in-amsterdam-on-july-15-2026
amsterdam,2026-07-16,24°C,C,24,24,highest-temperature-in-amsterdam-on-july-16-2026
amsterdam,2026-07-17,22°C,C,22,22,highest-temperature-in-amsterdam-on-july-17-2026
amsterdam,2026-07-18,19°C,C,19,19,highest-temperature-in-amsterdam-on-july-18-2026
amsterdam,2026-07-19,20°C,C,20,20,highest-temperature-in-amsterdam-on-july-19-2026
amsterdam,2026-07-20,20°C,C,20,20,highest-temperature-in-amsterdam-on-july-20-2026
amsterdam,2026-07-21,22°C,C,22,22,highest-temperature-in-amsterdam-on-july-21-2026
amsterdam,2026-07-22,20°C,C,20,20,highest-temperature-in-amsterdam-on-july-22-2026
amsterdam,2026-07-23,21°C,C,21,21,highest-temperature-in-amsterdam-on-july-23-2026
amsterdam,2026-07-24,24°C,C,24,24,highest-temperature-in-amsterdam-on-july-24-2026
amsterdam,2026-07-25,25°C,C,25,25,highest-temperature-in-amsterdam-on-july-25-2026
amsterdam,2026-07-26,22°C,C,22,22,highest-temperature-in-amsterdam-on-july-26-2026
amsterdam,2026-07-27,21°C,C,21,21,highest-temperature-in-amsterdam-on-july-27-2026
amsterdam,2026-07-28,27°C,C,27,27,highest-temperature-in-amsterdam-on-july-28-2026
amsterdam,2026-07-29,32°C,C,32,32,highest-temperature-in-amsterdam-on-july-29-2026
amsterdam,2026-07-30,26°C,C,26,26,highest-temperature-in-amsterdam-on-july-30-2026
amsterdam,2026-07-31,24°C,C,24,24,highest-temperature-in-amsterdam-on-july-31-2026
amsterdam,2026-08-01,24°C,C,24,24,highest-temperature-in-amsterdam-on-august-1-2026
amsterdam,2026-08-02,26°C,C,26,26,highest-temperature-in-amsterdam-on-august-2-2026
amsterdam,2026-08-03,31°C,C,31,31,highest-temperature-in-amsterdam-on-august-3-2026
amsterdam,2026-08-04,33°C,C,33,33,highest-temperature-in-amsterdam-on-august-4-2026
amsterdam,2026-08-05,25°C,C,25,25,highest-temperature-in-amsterdam-on-august-5-2026
amsterdam,2026-08-06,21°C,C,21,21,highest-temperature-in-amsterdam-on-august-6-2026
amsterdam,2026-08-07,22°C,C,22,22,highest-temperature-in-amsterdam-on-august-7-2026
amsterdam,2026-08-08,25°C,C,25,25,highest-temperature-in-amsterdam-on-august-8-2026
amsterdam,2026-08-09,30°C,C,30,30,highest-temperature-in-amsterdam-on-august-9-2026
amsterdam,2026-08-10,23°C,C,23,23,highest-temperature-in-amsterdam-on-august-10-2026
amsterdam,2026-08-11,22°C,C,22,22,highest-temperature-in-amsterdam-on-august-11-2026
amsterdam,2026-08-12,28°C,C,28,28,highest-temperature-in-amsterdam-on-august-12-2026
amsterdam,2026-08-13,33°C,C,33,33,highest-temperature-in-amsterdam-on-august-13-2026
amsterdam,2026-08-14,34°C,C,34,34,highest-temperature-in-amsterdam-on-august-14-2026
amsterdam,2026-08-15,23°C,C,23,23,highest-temperature-in-amsterdam-on-august-15-2026
amsterdam,2026-08-16,23°C,C,23,23,highest-temperature-in-amsterdam-on-august-16-2026
amsterdam,2026-08-17,21°C,C,21,21,highest-temperature-in-amsterdam-on-august-17-2026
amsterdam,2026-08-18,21°C,C,21,21,highest-temperature-in-amsterdam-on-august-18-2026
amsterdam,2026-08-19,21°C,C,21,21,highest-temperature-in-amsterdam-on-august-19-2026
amsterdam,2026-08-20,22°C,C,22,22,highest-temperature-in-amsterdam-on-august-20-2026
amsterdam,2026-08-21,20°C,C,20,20,highest-temperature-in-amsterdam-on-august-21-2026
amsterdam,2026-08-22,20°C,C,20,20,highest-temperature-in-amsterdam-on-august-22-2026
amsterdam,2026-08-23,20°C,C,20,20,highest-temperature-in-amsterdam-on-august-23-2026
amsterdam,2026-08-24,21°C,C,21,21,highest-temperature-in-amsterdam-on-august-24-2026
amsterdam,2026-08-25,25°C,C,25,25,highest-temperature-in-amsterdam-on-august-25-2026
amsterdam,2026-08-26,26°C,C,26,26,highest-temperature-in-amsterdam-on-august-26-2026
amsterdam,2026-08-27,27°C,C,27,27,highest-temperature-in-amsterdam-on-august-27-2026
amsterdam,2026-08-28,23°C,C,23,23,highest-temperature-in-amsterdam-on-august-28-2026
amsterdam,2026-08-29,22°C,C,22,22,highest-temperature-in-amsterdam-on-august-29-2026
amsterdam,2026-08-30,21°C,C,21,21,highest-temperature-in-amsterdam-on-august-30-2026
amsterdam,2026-08-31,20°C,C,20,20,highest-temperature-in-amsterdam-on-august-31-2026
amsterdam,2026-09-01,20°C,C,20,20,highest-temperature-in-amsterdam-on-september-1-2026
amsterdam,2026-09-02,22°C,C,22,22,highest-temperature-in-amsterdam-on-september-2-2026
amsterdam,2026-09-04,22°C,C,22,22,highest-temperature-in-amsterdam-on-september-4-2026
amsterdam,2026-09-05,20°C,C,20,20,highest-temperature-in-amsterdam-on-september-5-2026
amsterdam,2026-09-06,22°C,C,22,22,highest-temperature-in-amsterdam-on-september-6-2026
amsterdam,2026-09-07,26°C,C,26,26,highest-temperature-in-amsterdam-on-september-7-2026
amsterdam,2026-09-08,19°C,C,19,19,highest-temperature-in-amsterdam-on-september-8-2026
amsterdam,2026-09-09,18°C,C,18,18,highest-temperature-in-amsterdam-on-september-9-2026
amsterdam,2026-09-10,20°C,C,20,20,highest-temperature-in-amsterdam-on-september-10-2026
amsterdam,2026-09-11,21°C,C,21,21,highest-temperature-in-amsterdam-on-september-11-2026
amsterdam,2026-09-12,22°C,C,22,22,highest-temperature-in-amsterdam-on-september-12-2026
amsterdam,2026-09-13,21°C,C,21,21,highest-temperature-in-amsterdam-on-september-13-2026
amsterdam,2026-09-14,23°C,C,23,23,highest-temperature-in-amsterdam-on-september-14-2026
amsterdam,2026-09-15,25°C,C,25,25,highest-temperature-in-amsterdam-on-september-15-2026
amsterdam,2026-09-16,19°C,C,19,19,highest-temperature-in-amsterdam-on-september-16-2026
amsterdam,2026-09-17,17°C,C,17,17,highest-temperature-in-amsterdam-on-september-17-2026
amsterdam,2026-09-18,18°C,C,18,18,highest-temperature-in-amsterdam-on-september-18-2026
amsterdam,2026-09-19,20°C,C,20,20,highest-temperature-in-amsterdam-on-september-19-2026
amsterdam,2026-09-20,19°C,C,19,19,highest-temperature-in-amsterdam-on-september-20-2026
amsterdam,2026-09-21,19°C,C,19,19,highest-temperature-in-amsterdam-on-september-21-2026
amsterdam,2026-09-22,19°C,C,19,19,highest-temperature-in-amsterdam-on-september-22-2026
ankara,2026-07-01,31°C,C,31,31,highest-temperature-in-ankara-on-july-1-2026
ankara,2026-07-02,34°C,C,34,34,highest-temperature-in-ankara-on-july-2-2026
ankara,2026-07-03,31°C,C,31,31,highest-temperature-in-ankara-on-july-3-2026
ankara,2026-07-04,30°C,C,30,30,highest-temperature-in-ankara-on-july-4-2026
ankara,2026-07-05,25°C,C,25,25,highest-temperature-in-ankara-on-july-5-2026
ankara,2026-07-06,27°C,C,27,27,highest-temperature-in-ankara-on-july-6-2026
ankara,2026-07-07,28°C,C,28,28,highest-temperature-in-ankara-on-july-7-2026
ankara,2026-07-08,29°C,C,29,29,highest-temperature-in-ankara-on-july-8-2026
ankara,2026-07-09,31°C,C,31,31,highest-temperature-in-ankara-on-july-9-2026
ankara,2026-07-10,29°C,C,29,29,highest-temperature-in-ankara-on-july-10-2026
ankara,2026-07-11,30°C,C,30,30,highest-temperature-in-ankara-on-july-11-2026
ankara,2026-07-12,32°C,C,32,32,highest-temperature-in-ankara-on-july-12-2026
ankara,2026-07-13,32°C,C,32,32,highest-temperature-in-ankara-on-july-13-2026
ankara,2026-07-14,29°C,C,29,29,highest-temperature-in-ankara-on-july-14-2026
ankara,2026-07-15,29°C,C,29,29,highest-temperature-in-ankara-on-july-15-2026
ankara,2026-07-16,30°C,C,30,30,highest-temperature-in-ankara-on-july-16-2026
ankara,2026-07-17,30°C,C,30,30,highest-temperature-in-ankara-on-july-17-2026
ankara,2026-07-18,29°C,C,29,29,highest-temperature-in-ankara-on-july-18-2026
ankara,2026-07-19,32°C,C,32,32,highest-temperature-in-ankara-on-july-19-2026
ankara,2026-07-20,33°C,C,33,33,highest-temperature-in-ankara-on-july-20-2026
ankara,2026-07-21,33°C,C,33,33,highest-temperature-in-ankara-on-july-21-2026
ankara,2026-07-22,31°C,C,31,31,highest-temperature-in-ankara-on-july-22-2026
ankara,2026-07-23,30°C,C,30,30,highest-temperature-in-ankara-on-july-23-2026
ankara,2026-07-24,26°C,C,26,26,highest-temperature-in-ankara-on-july-24-2026
ankara,2026-07-25,17°C,C,17,17,highest-temperature-in-ankara-on-july-25-2026
ankara,2026-07-26,24°C,C,24,24,highest-temperature-in-ankara-on-july-26-2026
ankara,2026-07-27,28°C,C,28,28,highest-temperature-in-ankara-on-july-27-2026
ankara,2026-07-28,30°C,C,30,30,highest-temperature-in-ankara-on-july-28-2026
ankara,2026-07-29,28°C,C,28,28,highest-temperature-in-ankara-on-july-29-2026
ankara,2026-07-30,27°C,C,27,27,highest-temperature-in-ankara-on-july-30-2026
ankara,2026-07-31,26°C,C,26,26,highest-temperature-in-ankara-on-july-31-2026
ankara,2026-08-01,28°C,C,28,28,highest-temperature-in-ankara-on-august-1-2026
ankara,2026-08-02,32°C,C,32,32,highest-temperature-in-ankara-on-august-2-2026
ankara,2026-08-03,33°C,C,33,33,highest-temperature-in-ankara-on-august-3-2026
ankara,2026-08-04,33°C,C,33,33,highest-temperature-in-ankara-on-august-4-2026
ankara,2026-08-05,32°C,C,32,32,highest-temperature-in-ankara-on-august-5-2026
ankara,2026-08-06,32°C,C,32,32,highest-temperature-in-ankara-on-august-6-2026
ankara,2026-08-07,33°C,C,33,33,highest-temperature-in-ankara-on-august-7-2026
ankara,2026-08-08,33°C,C,33,33,highest-temperature-in-ankara-on-august-8-2026
ankara,2026-08-09,31°C,C,31,31,highest-temperature-in-ankara-on-august-9-2026
ankara,2026-08-10,31°C,C,31,31,highest-temperature-in-ankara-on-august-10-2026
ankara,2026-08-11,32°C,C,32,32,highest-temperature-in-ankara-on-august-11-2026
ankara,2026-08-12,32°C,C,32,32,highest-temperature-in-ankara-on-august-12-2026
ankara,2026-08-13,30°C,C,30,30,highest-temperature-in-ankara-on-august-13-2026
ankara,2026-08-14,27°C,C,27,27,highest-temperature-in-ankara-on-august-14-2026
ankara,2026-08-15,26°C,C,26,26,highest-temperature-in-ankara-on-august-15-2026
ankara,2026-08-16,27°C,C,27,27,highest-temperature-in-ankara-on-august-16-2026
ankara,2026-08-17,27°C,C,27,27,highest-temperature-in-ankara-on-august-17-2026
ankara,2026-08-18,30°C,C,30,30,highest-temperature-in-ankara-on-august-18-2026
ankara,2026-08-19,32°C,C,32,32,highest-temperature-in-ankara-on-august-19-2026
ankara,2026-08-20,31°C,C,31,31,highest-temperature-in-ankara-on-august-20-2026
ankara,2026-08-21,33°C,C,33,33,highest-temperature-in-ankara-on-august-21-2026
ankara,2026-08-22,35°C,C,35,35,highest-temperature-in-ankara-on-august-22-2026
ankara,2026-08-23,35°C,C,35,35,highest-temperature-in-ankara-on-august-23-2026
ankara,2026-08-24,33°C,C,33,33,highest-temperature-in-ankara-on-august-24-2026
ankara,2026-08-25,30°C,C,30,30,highest-temperature-in-ankara-on-august-25-2026
ankara,2026-08-26,33°C,C,33,33,highest-temperature-in-ankara-on-august-26-2026
ankara,2026-08-27,33°C,C,33,33,highest-temperature-in-ankara-on-august-27-2026
ankara,2026-08-28,27°C,C,27,27,highest-temperature-in-ankara-on-august-28-2026
ankara,2026-08-29,23°C,C,23,23,highest-temperature-in-ankara-on-august-29-2026
ankara,2026-08-30,26°C,C,26,26,highest-temperature-in-ankara-on-august-30-2026
ankara,2026-08-31,29°C,C,29,29,highest-temperature-in-ankara-on-august-31-2026
ankara,2026-09-01,30°C,C,30,30,highest-temperature-in-ankara-on-september-1-2026
ankara,2026-09-02,31°C,C,31,31,highest-temperature-in-ankara-on-september-2-2026
ankara,2026-09-04,29°C,C,29,29,highest-temperature-in-ankara-on-september-4-2026
ankara,2026-09-05,29°C,C,29,29,highest-temperature-in-ankara-on-september-5-2026
ankara,2026-09-06,32°C,C,32,32,highest-temperature-in-ankara-on-september-6-2026
ankara,2026-09-07,24°C,C,24,24,highest-temperature-in-ankara-on-september-7-2026
ankara,2026-09-08,23°C,C,23,23,highest-temperature-in-ankara-on-september-8-2026
ankara,2026-09-09,27°C,C,27,27,highest-temperature-in-ankara-on-september-9-2026
ankara,2026-09-10,30°C,C,30,30,highest-temperature-in-ankara-on-september-10-2026
ankara,2026-09-11,31°C,C,31,31,highest-temperature-in-ankara-on-september-11-2026
ankara,2026-09-12,32°C,C,32,32,highest-temperature-in-ankara-on-september-12-2026
ankara,2026-09-13,33°C,C,33,33,highest-temperature-in-ankara-on-september-13-2026
ankara,2026-09-14,26°C,C,26,26,highest-temperature-in-ankara-on-september-14-2026
ankara,2026-09-15,25°C,C,25,25,highest-temperature-in-ankara-on-september-15-2026
ankara,2026-09-16,23°C,C,23,23,highest-temperature-in-ankara-on-september-16-2026
ankara,2026-09-17,18°C,C,18,18,highest-temperature-in-ankara-on-september-17-2026
ankara,2026-09-18,24°C,C,24,24,highest-temperature-in-ankara-on-september-18-2026
ankara,2026-09-19,24°C,C,24,24,highest-temperature-in-ankara-on-september-19-2026
ankara,2026-09-20,25°C,C,25,25,highest-temperature-in-ankara-on-september-20-2026
ankara,2026-09-21,26°C,C,26,26,highest-temperature-in-ankara-on-september-21-2026
ankara,2026-09-22,26°C,C,26,26,highest-temperature-in-ankara-on-september-22-2026
ankara,2026-09-23,19°C,C,19,19,highest-temperature-in-ankara-on-september-23-2026
atlanta,2026-07-01,94-95°F,F,94,95,highest-temperature-in-atlanta-on-july-1-2026
atlanta,2026-07-02,98-99°F,F,98,99,highest-temperature-in-atlanta-on-july-2-2026
atlanta,2026-07-03,92-93°F,F,92,93,highest-temperature-in-atlanta-on-july-3-2026
atlanta,2026-07-04,92-93°F,F,92,93,highest-temperature-in-atlanta-on-july-4-2026
atlanta,2026-07-05,92-93°F,F,92,93,highest-temperature-in-atlanta-on-july-5-2026
atlanta,2026-07-06,90-91°F,F,90,91,highest-temperature-in-atlanta-on-july-6-2026
atlanta,2026-07-07,92-93°F,F,92,93,highest-temperature-in-atlanta-on-july-7-2026
atlanta,2026-07-08,92-93°F,F,92,93,highest-temperature-in-atlanta-on-july-8-2026
atlanta,2026-07-09,94-95°F,F,94,95,highest-temperature-in-atlanta-on-july-9-2026
atlanta,2026-07-10,92-93°F,F,92,93,highest-temperature-in-atlanta-on-july-10-2026
atlanta,2026-07-11,94-95°F,F,94,95,highest-temperature-in-atlanta-on-july-11-2026
atlanta,2026-07-12,92-93°F,F,92,93,highest-temperature-in-atlanta-on-july-12-2026
atlanta,2026-07-13,82-83°F,F,82,83,highest-temperature-in-atlanta-on-july-13-2026
atlanta,2026-07-14,84-85°F,F,84,85,highest-temperature-in-atlanta-on-july-14-2026
atlanta,2026-07-15,88-89°F,F,88,89,highest-temperature-in-atlanta-on-july-15-2026
atlanta,2026-07-16,92-93°F,F,92,93,highest-temperature-in-atlanta-on-july-16-2026
atlanta,2026-07-17,88-89°F,F,88,89,highest-temperature-in-atlanta-on-july-17-2026
atlanta,2026-07-18,92-93°F,F,92,93,highest-temperature-in-atlanta-on-july-18-2026
atlanta,2026-07-19,90-91°F,F,90,91,highest-temperature-in-atlanta-on-july-19-2026
atlanta,2026-07-20,92-93°F,F,92,93,highest-temperature-in-atlanta-on-july-20-2026
atlanta,2026-07-21,90-91°F,F,90,91,highest-temperature-in-atlanta-on-july-21-2026
atlanta,2026-07-22,88-89°F,F,88,89,highest-temperature-in-atlanta-on-july-22-2026
atlanta,2026-07-23,88-89°F,F,88,89,highest-temperature-in-atlanta-on-july-23-2026
atlanta,2026-07-24,88-89°F,F,88,89,highest-temperature-in-atlanta-on-july-24-2026
atlanta,2026-07-25,88-89°F,F,88,89,highest-temperature-in-atlanta-on-july-25-2026
atlanta,2026-07-26,90-91°F,F,90,91,highest-temperature-in-atlanta-on-july-26-2026
atlanta,2026-07-27,90-91°F,F,90,91,highest-temperature-in-atlanta-on-july-27-2026
atlanta,2026-07-28,94-95°F,F,94,95,highest-temperature-in-atlanta-on-july-28-2026
atlanta,2026-07-29,88-89°F,F,88,89,highest-temperature-in-atlanta-on-july-29-2026
atlanta,2026-07-30,88-89°F,F,88,89,highest-temperature-in-atlanta-on-july-30-2026
atlanta,2026-07-31,90-91°F,F,90,91,highest-temperature-in-atlanta-on-july-31-2026
atlanta,2026-08-01,86-87°F,F,86,87,highest-temperature-in-atlanta-on-august-1-2026
atlanta,2026-08-02,90-91°F,F,90,91,highest-temperature-in-atlanta-on-august-2-2026
atlanta,2026-08-03,86-87°F,F,86,87,highest-temperature-in-atlanta-on-august-3-2026
atlanta,2026-08-04,84-85°F,F,84,85,highest-temperature-in-atlanta-on-august-4-2026
atlanta,2026-08-05,88-89°F,F,88,89,highest-temperature-in-atlanta-on-august-5-2026
atlanta,2026-08-06,88-89°F,F,88,89,highest-temperature-in-atlanta-on-august-6-2026
atlanta,2026-08-07,86-87°F,F,86,87,highest-temperature-in-atlanta-on-august-7-2026
atlanta,2026-08-08,90-91°F,F,90,91,highest-temperature-in-atlanta-on-august-8-2026
atlanta,2026-08-09,90-91°F,F,90,91,highest-temperature-in-atlanta-on-august-9-2026
atlanta,2026-08-10,94-95°F,F,94,95,highest-temperature-in-atlanta-on-august-10-2026
atlanta,2026-08-11,92-93°F,F,92,93,highest-temperature-in-atlanta-on-august-11-2026
atlanta,2026-08-12,92-93°F,F,92,93,highest-temperature-in-atlanta-on-august-12-2026
atlanta,2026-08-13,94-95°F,F,94,95,highest-temperature-in-atlanta-on-august-13-2026
atlanta,2026-08-14,94-95°F,F,94,95,highest-temperature-in-atlanta-on-august-14-2026
atlanta,2026-08-15,94-95°F,F,94,95,highest-temperature-in-atlanta-on-august-15-2026
atlanta,2026-08-16,94-95°F,F,94,95,highest-temperature-in-atlanta-on-august-16-2026
atlanta,2026-08-17,98-99°F,F,98,99,highest-temperature-in-atlanta-on-august-17-2026
atlanta,2026-08-18,92-93°F,F,92,93,highest-temperature-in-atlanta-on-august-18-2026
atlanta,2026-08-19,94-95°F,F,94,95,highest-temperature-in-atlanta-on-august-19-2026
atlanta,2026-08-20,96-97°F,F,96,97,highest-temperature-in-atlanta-on-august-20-2026
atlanta,2026-08-21,94-95°F,F,94,95,highest-temperature-in-atlanta-on-august-21-2026
atlanta,2026-08-22,92-93°F,F,92,93,highest-temperature-in-atlanta-on-august-22-2026
atlanta,2026-08-23,92-93°F,F,92,93,highest-temperature-in-atlanta-on-august-23-2026
atlanta,2026-08-24,90-91°F,F,90,91,highest-temperature-in-atlanta-on-august-24-2026
atlanta,2026-08-25,92-93°F,F,92,93,highest-temperature-in-atlanta-on-august-25-2026
atlanta,2026-08-26,90-91°F,F,90,91,highest-temperature-in-atlanta-on-august-26-2026
atlanta,2026-08-27,88-89°F,F,88,89,highest-temperature-in-atlanta-on-august-27-2026
atlanta,2026-08-28,90-91°F,F,90,91,highest-temperature-in-atlanta-on-august-28-2026
atlanta,2026-08-29,88-89°F,F,88,89,highest-temperature-in-atlanta-on-august-29-2026
atlanta,2026-08-30,90-91°F,F,90,91,highest-temperature-in-atlanta-on-august-30-2026
atlanta,2026-08-31,92-93°F,F,92,93,highest-temperature-in-atlanta-on-august-31-2026
atlanta,2026-09-01,92-93°F,F,92,93,highest-temperature-in-atlanta-on-september-1-2026
atlanta,2026-09-02,94-95°F,F,94,95,highest-temperature-in-atlanta-on-september-2-2026
atlanta,2026-09-04,94-95°F,F,94,95,highest-temperature-in-atlanta-on-september-4-2026
atlanta,2026-09-05,96-97°F,F,96,97,highest-temperature-in-atlanta-on-september-5-2026
atlanta,2026-09-06,94-95°F,F,94,95,highest-temperature-in-atlanta-on-september-6-2026
atlanta,2026-09-07,82-83°F,F,82,83,highest-temperature-in-atlanta-on-september-7-2026
atlanta,2026-09-08,88-89°F,F,88,89,highest-temperature-in-atlanta-on-september-8-2026
atlanta,2026-09-09,88-89°F,F,88,89,highest-temperature-in-atlanta-on-september-9-2026
atlanta,2026-09-10,90-91°F,F,90,91,highest-temperature-in-atlanta-on-september-10-2026
atlanta,2026-09-11,88-89°F,F,88,89,highest-temperature-in-atlanta-on-september-11-2026
atlanta,2026-09-12,84-85°F,F,84,85,highest-temperature-in-atlanta-on-september-12-2026
atlanta,2026-09-13,90-91°F,F,90,91,highest-temperature-in-atlanta-on-september-13-2026
atlanta,2026-09-14,92-93°F,F,92,93,highest-temperature-in-atlanta-on-september-14-2026
atlanta,2026-09-15,90-91°F,F,90,91,highest-temperature-in-atlanta-on-september-15-2026
atlanta,2026-09-16,88-89°F,F,88,89,highest-temperature-in-atlanta-on-september-16-2026
atlanta,2026-09-17,88-89°F,F,88,89,highest-temperature-in-atlanta-on-september-17-2026
atlanta,2026-09-18,92-93°F,F,92,93,highest-temperature-in-atlanta-on-september-18-2026
atlanta,2026-09-19,90-91°F,F,90,91,highest-temperature-in-atlanta-on-september-19-2026
atlanta,2026-09-20,88-89°F,F,88,89,highest-temperature-in-atlanta-on-september-20-2026
atlanta,2026-09-21,90-91°F,F,90,91,highest-temperature-in-atlanta-on-september-21-2026
atlanta,2026-09-22,86-87°F,F,86,87,highest-temperature-in-atlanta-on-september-22-2026
austin,2026-07-01,96-97°F,F,96,97,highest-temperature-in-austin-on-july-1-2026
austin,2026-07-02,94-95°F,F,94,95,highest-temperature-in-austin-on-july-2-2026
austin,2026-07-03,96-97°F,F,96,97,highest-temperature-in-austin-on-july-3-2026
austin,2026-07-04,96-97°F,F,96,97,highest-temperature-in-austin-on-july-4-2026
austin,2026-07-05,94-95°F,F,94,95,highest-temperature-in-austin-on-july-5-2026
austin,2026-07-06,98-99°F,F,98,99,highest-temperature-in-austin-on-july-6-2026
austin,2026-07-07,96-97°F,F,96,97,highest-temperature-in-austin-on-july-7-2026
austin,2026-07-08,98-99°F,F,98,99,highest-temperature-in-austin-on-july-8-2026
austin,2026-07-10,94-95°F,F,94,95,highest-temperature-in-austin-on-july-10-2026
austin,2026-07-11,90-91°F,F,90,91,highest-temperature-in-austin-on-july-11-2026
austin,2026-07-12,94-95°F,F,94,95,highest-temperature-in-austin-on-july-12-2026
austin,2026-07-13,92-93°F,F,92,93,highest-temperature-in-austin-on-july-13-2026
austin,2026-07-14,78-79°F,F,78,79,highest-temperature-in-austin-on-july-14-2026
austin,2026-07-15,80-81°F,F,80,81,highest-temperature-in-austin-on-july-15-2026
austin,2026-07-16,88-89°F,F,88,89,highest-temperature-in-austin-on-july-16-2026
austin,2026-07-17,94-95°F,F,94,95,highest-temperature-in-austin-on-july-17-2026
austin,2026-07-18,94-95°F,F,94,95,highest-temperature-in-austin-on-july-18-2026
austin,2026-07-19,94-95°F,F,94,95,highest-temperature-in-austin-on-july-19-2026
austin,2026-07-20,96-97°F,F,96,97,highest-temperature-in-austin-on-july-20-2026
austin,2026-07-21,100-101°F,F,100,101,highest-temperature-in-austin-on-july-21-2026
austin,2026-07-22,102-103°F,F,102,103,highest-temperature-in-austin-on-july-22-2026
austin,2026-07-23,98-99°F,F,98,99,highest-temperature-in-austin-on-july-23-2026
austin,2026-07-24,94-95°F,F,94,95,highest-temperature-in-austin-on-july-24-2026
austin,2026-07-25,96-97°F,F,96,97,highest-temperature-in-austin-on-july-25-2026
austin,2026-07-26,96-97°F,F,96,97,highest-temperature-in-austin-on-july-26-2026
austin,2026-07-27,98-99°F,F,98,99,highest-temperature-in-austin-on-july-27-2026
austin,2026-07-28,96-97°F,F,96,97,highest-temperature-in-austin-on-july-28-2026
austin,2026-07-29,98-99°F,F,98,99,highest-temperature-in-austin-on-july-29-2026
austin,2026-07-30,100-101°F,F,100,101,highest-temperature-in-austin-on-july-30-2026
austin,2026-07-31,100-101°F,F,100,101,highest-temperature-in-austin-on-july-31-2026
austin,2026-08-01,94-95°F,F,94,95,highest-temperature-in-austin-on-august-1-2026
austin,2026-08-02,100-101°F,F,100,101,highest-temperature-in-austin-on-august-2-2026
austin,2026-08-03,102-103°F,F,102,103,highest-temperature-in-austin-on-august-3-2026
austin,2026-08-04,100-101°F,F,100,101,highest-temperature-in-austin-on-august-4-2026
austin,2026-08-05,98-99°F,F,98,99,highest-temperature-in-austin-on-august-5-2026
austin,2026-08-06,100-101°F,F,100,101,highest-temperature-in-austin-on-august-6-2026
austin,2026-08-07,98-99°F,F,98,99,highest-temperature-in-austin-on-august-7-2026
austin,2026-08-08,98-99°F,F,98,99,highest-temperature-in-austin-on-august-8-2026
austin,2026-08-09,98-99°F,F,98,99,highest-temperature-in-austin-on-august-9-2026
austin,2026-08-10,96-97°F,F,96,97,highest-temperature-in-austin-on-august-10-2026
austin,2026-08-11,100-101°F,F,100,101,highest-temperature-in-austin-on-august-11-2026
austin,2026-08-12,100-101°F,F,100,101,highest-temperature-in-austin-on-august-12-2026
austin,2026-08-13,102-103°F,F,102,103,highest-temperature-in-austin-on-august-13-2026
austin,2026-08-14,96-97°F,F,96,97,highest-temperature-in-austin-on-august-14-2026
austin,2026-08-15,102-103°F,F,102,103,highest-temperature-in-austin-on-august-15-2026
austin,2026-08-16,102-103°F,F,102,103,highest-temperature-in-austin-on-august-16-2026
austin,2026-08-17,102-103°F,F,102,103,highest-temperature-in-austin-on-august-17-2026
austin,2026-08-18,100-101°F,F,100,101,highest-temperature-in-austin-on-august-18-2026
austin,2026-08-19,102-103°F,F,102,103,highest-temperature-in-austin-on-august-19-2026
austin,2026-08-20,102-103°F,F,102,103,highest-temperature-in-austin-on-august-20-2026
austin,2026-08-21,104-105°F,F,104,105,highest-temperature-in-austin-on-august-21-2026
austin,2026-08-22,104-105°F,F,104,105,highest-temperature-in-austin-on-august-22-2026
austin,2026-08-23,104-105°F,F,104,105,highest-temperature-in-austin-on-august-23-2026
austin,2026-08-24,104-105°F,F,104,105,highest-temperature-in-austin-on-august-24-2026
austin,2026-08-25,102-103°F,F,102,103,highest-temperature-in-austin-on-august-25-2026
austin,2026-08-26,102-103°F,F,102,103,highest-temperature-in-austin-on-august-26-2026
austin,2026-08-27,102-103°F,F,102,103,highest-temperature-in-austin-on-august-27-2026
austin,2026-08-28,100-101°F,F,100,101,highest-temperature-in-austin-on-august-28-2026
austin,2026-08-29,98-99°F,F,98,99,highest-temperature-in-austin-on-august-29-2026
austin,2026-08-30,98-99°F,F,98,99,highest-temperature-in-austin-on-august-30-2026
austin,2026-08-31,98-99°F,F,98,99,highest-temperature-in-austin-on-august-31-2026
austin,2026-09-01,100-101°F,F,100,101,highest-temperature-in-austin-on-september-1-2026
austin,2026-09-02,100-101°F,F,100,101,highest-temperature-in-austin-on-september-2-2026
austin,2026-09-04,94-95°F,F,94,95,highest-temperature-in-austin-on-september-4-2026
austin,2026-09-05,100-101°F,F,100,101,highest-temperature-in-austin-on-september-5-2026
austin,2026-09-06,96-97°F,F,96,97,highest-temperature-in-austin-on-september-6-2026
austin,2026-09-07,100-101°F,F,100,101,highest-temperature-in-austin-on-september-7-2026
austin,2026-09-08,100-101°F,F,100,101,highest-temperature-in-austin-on-september-8-2026
austin,2026-09-09,98-99°F,F,98,99,highest-temperature-in-austin-on-september-9-2026
austin,2026-09-10,100-101°F,F,100,101,highest-temperature-in-austin-on-september-10-2026
austin,2026-09-11,102-103°F,F,102,103,highest-temperature-in-austin-on-september-11-2026
austin,2026-09-12,100-101°F,F,100,101,highest-temperature-in-austin-on-september-12-2026
austin,2026-09-13,100-101°F,F,100,101,highest-temperature-in-austin-on-september-13-2026
austin,2026-09-14,100-101°F,F,100,101,highest-temperature-in-austin-on-september-14-2026
austin,2026-09-15,102-103°F,F,102,103,highest-temperature-in-austin-on-september-15-2026
austin,2026-09-16,98-99°F,F,98,99,highest-temperature-in-austin-on-september-16-2026
austin,2026-09-17,96-97°F,F,96,97,highest-temperature-in-austin-on-september-17-2026
austin,2026-09-18,96-97°F,F,96,97,highest-temperature-in-austin-on-september-18-2026
austin,2026-09-19,96-97°F,F,96,97,highest-temperature-in-austin-on-september-19-2026
austin,2026-09-20,96-97°F,F,96,97,highest-temperature-in-austin-on-september-20-2026
austin,2026-09-21,98-99°F,F,98,99,highest-temperature-in-austin-on-september-21-2026
austin,2026-09-22,98-99°F,F,98,99,highest-temperature-in-austin-on-september-22-2026
beijing,2026-07-01,31°C,C,31,31,highest-temperature-in-beijing-on-july-1-2026
beijing,2026-07-02,34°C,C,34,34,highest-temperature-in-beijing-on-july-2-2026
beijing,2026-07-03,35°C,C,35,35,highest-temperature-in-beijing-on-july-3-2026
beijing,2026-07-04,33°C,C,33,33,highest-temperature-in-beijing-on-july-4-2026
beijing,2026-07-05,34°C,C,34,34,highest-temperature-in-beijing-on-july-5-2026
beijing,2026-07-06,33°C,C,33,33,highest-temperature-in-beijing-on-july-6-2026
beijing,2026-07-07,33°C,C,33,33,highest-temperature-in-beijing-on-july-7-2026
beijing,2026-07-08,32°C,C,32,32,highest-temperature-in-beijing-on-july-8-2026
beijing,2026-07-09,35°C,C,35,35,highest-temperature-in-beijing-on-july-9-2026
beijing,2026-07-10,27°C or below,C,-inf,27,highest-temperature-in-beijing-on-july-10-2026
beijing,2026-07-11,29°C,C,29,29,highest-temperature-in-beijing-on-july-11-2026
beijing,2026-07-12,31°C,C,31,31,highest-temperature-in-beijing-on-july-12-2026
beijing,2026-07-13,34°C,C,34,34,highest-temperature-in-beijing-on-july-13-2026
beijing,2026-07-14,33°C,C,33,33,highest-temperature-in-beijing-on-july-14-2026
beijing,2026-07-15,38°C,C,38,38,highest-temperature-in-beijing-on-july-15-2026
beijing,2026-07-16,34°C,C,34,34,highest-temperature-in-beijing-on-july-16-2026
beijing,2026-07-17,31°C,C,31,31,highest-temperature-in-beijing-on-july-17-2026
beijing,2026-07-18,31°C,C,31,31,highest-temperature-in-beijing-on-july-18-2026
beijing,2026-07-19,33°C,C,33,33,highest-temperature-in-beijing-on-july-19-2026
beijing,2026-07-20,30°C,C,30,30,highest-temperature-in-beijing-on-july-20-2026
beijing,2026-07-21,32°C,C,32,32,highest-temperature-in-beijing-on-july-21-2026
beijing,2026-07-22,28°C,C,28,28,highest-temperature-in-beijing-on-july-22-2026
beijing,2026-07-23,28°C,C,28,28,highest-temperature-in-beijing-on-july-23-2026
beijing,2026-07-24,32°C,C,32,32,highest-temperature-in-beijing-on-july-24-2026
beijing,2026-07-25,31°C,C,31,31,highest-temperature-in-beijing-on-july-25-2026
beijing,2026-07-26,34°C,C,34,34,highest-temperature-in-beijing-on-july-26-2026
beijing,2026-07-27,34°C,C,34,34,highest-temperature-in-beijing-on-july-27-2026
beijing,2026-07-28,35°C,C,35,35,highest-temperature-in-beijing-on-july-28-2026
beijing,2026-07-29,35°C,C,35,35,highest-temperature-in-beijing-on-july-29-2026
beijing,2026-07-30,35°C,C,35,35,highest-temperature-in-beijing-on-july-30-2026
beijing,2026-07-31,36°C,C,36,36,highest-temperature-in-beijing-on-july-31-2026
beijing,2026-08-01,36°C,C,36,36,highest-temperature-in-beijing-on-august-1-2026
beijing,2026-08-02,35°C,C,35,35,highest-temperature-in-beijing-on-august-2-2026
beijing,2026-08-03,36°C,C,36,36,highest-temperature-in-beijing-on-august-3-2026
beijing,2026-08-04,35°C,C,35,35,highest-temperature-in-beijing-on-august-4-2026
beijing,2026-08-05,37°C,C,37,37,highest-temperature-in-beijing-on-august-5-2026
beijing,2026-08-06,36°C,C,36,36,highest-temperature-in-beijing-on-august-6-2026
beijing,2026-08-07,36°C,C,36,36,highest-temperature-in-beijing-on-august-7-2026
beijing,2026-08-08,32°C,C,32,32,highest-temperature-in-beijing-on-august-8-2026
beijing,2026-08-09,30°C,C,30,30,highest-temperature-in-beijing-on-august-9-2026
beijing,2026-08-10,32°C,C,32,32,highest-temperature-in-beijing-on-august-10-2026
beijing,2026-08-11,33°C,C,33,33,highest-temperature-in-beijing-on-august-11-2026
beijing,2026-08-12,27°C,C,27,27,highest-temperature-in-beijing-on-august-12-2026
beijing,2026-08-13,30°C,C,30,30,highest-temperature-in-beijing-on-august-13-2026
beijing,2026-08-14,32°C,C,32,32,highest-temperature-in-beijing-on-august-14-2026
beijing,2026-08-15,29°C,C,29,29,highest-temperature-in-beijing-on-august-15-2026
beijing,2026-08-16,28°C,C,28,28,highest-temperature-in-beijing-on-august-16-2026
beijing,2026-08-17,33°C,C,33,33,highest-temperature-in-beijing-on-august-17-2026
beijing,2026-08-18,32°C,C,32,32,highest-temperature-in-beijing-on-august-18-2026
beijing,2026-08-19,32°C,C,32,32,highest-temperature-in-beijing-on-august-19-2026
beijing,2026-08-20,32°C,C,32,32,highest-temperature-in-beijing-on-august-20-2026
beijing,2026-08-21,34°C,C,34,34,highest-temperature-in-beijing-on-august-21-2026
beijing,2026-08-22,30°C,C,30,30,highest-temperature-in-beijing-on-august-22-2026
beijing,2026-08-23,33°C,C,33,33,highest-temperature-in-beijing-on-august-23-2026
beijing,2026-08-24,33°C,C,33,33,highest-temperature-in-beijing-on-august-24-2026
beijing,2026-08-25,31°C,C,31,31,highest-temperature-in-beijing-on-august-25-2026
beijing,2026-08-26,28°C,C,28,28,highest-temperature-in-beijing-on-august-26-2026
beijing,2026-08-27,29°C,C,29,29,highest-temperature-in-beijing-on-august-27-2026
beijing,2026-08-28,24°C,C,24,24,highest-temperature-in-beijing-on-august-28-2026
beijing,2026-08-29,31°C,C,31,31,highest-temperature-in-beijing-on-august-29-2026
beijing,2026-08-30,34°C,C,34,34,highest-temperature-in-beijing-on-august-30-2026
beijing,2026-08-31,31°C,C,31,31,highest-temperature-in-beijing-on-august-31-2026
beijing,2026-09-01,30°C,C,30,30,highest-temperature-in-beijing-on-september-1-2026
beijing,2026-09-02,31°C,C,31,31,highest-temperature-in-beijing-on-september-2-2026
beijing,2026-09-04,33°C,C,33,33,highest-temperature-in-beijing-on-september-4-2026
beijing,2026-09-05,33°C,C,33,33,highest-temperature-in-beijing-on-september-5-2026
beijing,2026-09-06,31°C,C,31,31,highest-temperature-in-beijing-on-september-6-2026
beijing,2026-09-07,29°C,C,29,29,highest-temperature-in-beijing-on-september-7-2026
beijing,2026-09-08,25°C,C,25,25,highest-temperature-in-beijing-on-september-8-2026
beijing,2026-09-09,27°C,C,27,27,highest-temperature-in-beijing-on-september-9-2026
beijing,2026-09-10,31°C,C,31,31,highest-temperature-in-beijing-on-september-10-2026
beijing,2026-09-11,32°C,C,32,32,highest-temperature-in-beijing-on-september-11-2026
beijing,2026-09-12,28°C,C,28,28,highest-temperature-in-beijing-on-september-12-2026
beijing,2026-09-13,31°C,C,31,31,highest-temperature-in-beijing-on-september-13-2026
beijing,2026-09-14,26°C,C,26,26,highest-temperature-in-beijing-on-september-14-2026
beijing,2026-09-15,28°C,C,28,28,highest-temperature-in-beijing-on-september-15-2026
beijing,2026-09-16,31°C,C,31,31,highest-temperature-in-beijing-on-september-16-2026
beijing,2026-09-17,31°C,C,31,31,highest-temperature-in-beijing-on-september-17-2026
beijing,2026-09-18,28°C,C,28,28,highest-temperature-in-beijing-on-september-18-2026
beijing,2026-09-19,28°C,C,28,28,highest-temperature-in-beijing-on-september-19-2026
beijing,2026-09-20,28°C,C,28,28,highest-temperature-in-beijing-on-september-20-2026
beijing,2026-09-21,31°C,C,31,31,highest-temperature-in-beijing-on-september-21-2026
beijing,2026-09-22,30°C,C,30,30,highest-temperature-in-beijing-on-september-22-2026
beijing,2026-09-23,31°C,C,31,31,highest-temperature-in-beijing-on-september-23-2026
buenos-aires,2026-07-01,15°C,C,15,15,highest-temperature-in-buenos-aires-on-july-1-2026
buenos-aires,2026-07-02,9°C,C,9,9,highest-temperature-in-buenos-aires-on-july-2-2026
buenos-aires,2026-07-03,10°C,C,10,10,highest-temperature-in-buenos-aires-on-july-3-2026
buenos-aires,2026-07-04,10°C,C,10,10,highest-temperature-in-buenos-aires-on-july-4-2026
buenos-aires,2026-07-05,9°C,C,9,9,highest-temperature-in-buenos-aires-on-july-5-2026
buenos-aires,2026-07-06,11°C,C,11,11,highest-temperature-in-buenos-aires-on-july-6-2026
buenos-aires,2026-07-07,18°C,C,18,18,highest-temperature-in-buenos-aires-on-july-7-2026
buenos-aires,2026-07-08,18°C,C,18,18,highest-temperature-in-buenos-aires-on-july-8-2026
buenos-aires,2026-07-10,14°C,C,14,14,highest-temperature-in-buenos-aires-on-july-10-2026
buenos-aires,2026-07-11,12°C,C,12,12,highest-temperature-in-buenos-aires-on-july-11-2026
buenos-aires,2026-07-12,12°C,C,12,12,highest-temperature-in-buenos-aires-on-july-12-2026
buenos-aires,2026-07-13,9°C,C,9,9,highest-temperature-in-buenos-aires-on-july-13-2026
buenos-aires,2026-07-14,16°C,C,16,16,highest-temperature-in-buenos-aires-on-july-14-2026
buenos-aires,2026-07-15,18°C,C,18,18,highest-temperature-in-buenos-aires-on-july-15-2026
buenos-aires,2026-07-16,24°C,C,24,24,highest-temperature-in-buenos-aires-on-july-16-2026
buenos-aires,2026-07-17,24°C,C,24,24,highest-temperature-in-buenos-aires-on-july-17-2026
buenos-aires,2026-07-18,19°C,C,19,19,highest-temperature-in-buenos-aires-on-july-18-2026
buenos-aires,2026-07-19,13°C,C,13,13,highest-temperature-in-buenos-aires-on-july-19-2026
buenos-aires,2026-07-20,15°C,C,15,15,highest-temperature-in-buenos-aires-on-july-20-2026
buenos-aires,2026-07-21,13°C,C,13,13,highest-temperature-in-buenos-aires-on-july-21-2026
buenos-aires,2026-07-22,15°C,C,15,15,highest-temperature-in-buenos-aires-on-july-22-2026
buenos-aires,2026-07-23,16°C,C,16,16,highest-temperature-in-buenos-aires-on-july-23-2026
buenos-aires,2026-07-24,17°C,C,17,17,highest-temperature-in-buenos-aires-on-july-24-2026
buenos-aires,2026-07-25,18°C,C,18,18,highest-temperature-in-buenos-aires-on-july-25-2026
buenos-aires,2026-07-26,20°C,C,20,20,highest-temperature-in-buenos-aires-on-july-26-2026
buenos-aires,2026-07-27,18°C,C,18,18,highest-temperature-in-buenos-aires-on-july-27-2026
buenos-aires,2026-07-28,17°C,C,17,17,highest-temperature-in-buenos-aires-on-july-28-2026
buenos-aires,2026-07-29,17°C,C,17,17,highest-temperature-in-buenos-aires-on-july-29-2026
buenos-aires,2026-07-30,17°C,C,17,17,highest-temperature-in-buenos-aires-on-july-30-2026
buenos-aires,2026-07-31,25°C,C,25,25,highest-temperature-in-buenos-aires-on-july-31-2026
buenos-aires,2026-08-01,19°C,C,19,19,highest-temperature-in-buenos-aires-on-august-1-2026
buenos-aires,2026-08-02,18°C,C,18,18,highest-temperature-in-buenos-aires-on-august-2-2026
buenos-aires,2026-08-03,17°C,C,17,17,highest-temperature-in-buenos-aires-on-august-3-2026
buenos-aires,2026-08-04,16°C,C,16,16,highest-temperature-in-buenos-aires-on-august-4-2026
buenos-aires,2026-08-05,16°C,C,16,16,highest-temperature-in-buenos-aires-on-august-5-2026
buenos-aires,2026-08-06,14°C,C,14,14,highest-temperature-in-buenos-aires-on-august-6-2026
buenos-aires,2026-08-07,14°C,C,14,14,highest-temperature-in-buenos-aires-on-august-7-2026
buenos-aires,2026-08-08,13°C,C,13,13,highest-temperature-in-buenos-aires-on-august-8-2026
buenos-aires,2026-08-09,13°C,C,13,13,highest-temperature-in-buenos-aires-on-august-9-2026
buenos-aires,2026-08-10,13°C,C,13,13,highest-temperature-in-buenos-aires-on-august-10-2026
buenos-aires,2026-08-11,12°C,C,12,12,highest-temperature-in-buenos-aires-on-august-11-2026
buenos-aires,2026-08-12,12°C,C,12,12,highest-temperature-in-buenos-aires-on-august-12-2026
buenos-aires,2026-08-13,10°C,C,10,10,highest-temperature-in-buenos-aires-on-august-13-2026
buenos-aires,2026-08-14,14°C,C,14,14,highest-temperature-in-buenos-aires-on-august-14-2026
buenos-aires,2026-08-15,16°C,C,16,16,highest-temperature-in-buenos-aires-on-august-15-2026
buenos-aires,2026-08-16,18°C,C,18,18,highest-temperature-in-buenos-aires-on-august-16-2026
buenos-aires,2026-08-17,15°C,C,15,15,highest-temperature-in-buenos-aires-on-august-17-2026
buenos-aires,2026-08-18,11°C,C,11,11,highest-temperature-in-buenos-aires-on-august-18-2026
buenos-aires,2026-08-19,17°C,C,17,17,highest-temperature-in-buenos-aires-on-august-19-2026
buenos-aires,2026-08-20,19°C,C,19,19,highest-temperature-in-buenos-aires-on-august-20-2026
buenos-aires,2026-08-21,13°C,C,13,13,highest-temperature-in-buenos-aires-on-august-21-2026
buenos-aires,2026-08-22,14°C,C,14,14,highest-temperature-in-buenos-aires-on-august-22-2026
buenos-aires,2026-08-23,12°C,C,12,12,highest-temperature-in-buenos-aires-on-august-23-2026
buenos-aires,2026-08-24,13°C,C,13,13,highest-temperature-in-buenos-aires-on-august-24-2026
buenos-aires,2026-08-25,14°C,C,14,14,highest-temperature-in-buenos-aires-on-august-25-2026
buenos-aires,2026-08-26,17°C,C,17,17,highest-temperature-in-buenos-aires-on-august-26-2026
buenos-aires,2026-08-27,16°C,C,16,16,highest-temperature-in-buenos-aires-on-august-27-2026
buenos-aires,2026-08-28,21°C,C,21,21,highest-temperature-in-buenos-aires-on-august-28-2026
buenos-aires,2026-08-29,21°C,C,21,21,highest-temperature-in-buenos-aires-on-august-29-2026
buenos-aires,2026-08-30,22°C,C,22,22,highest-temperature-in-buenos-aires-on-august-30-2026
buenos-aires,2026-08-31,19°C,C,19,19,highest-temperature-in-buenos-aires-on-august-31-2026
buenos-aires,2026-09-01,21°C,C,21,21,highest-temperature-in-buenos-aires-on-september-1-2026
buenos-aires,2026-09-02,24°C,C,24,24,highest-temperature-in-buenos-aires-on-september-2-2026
buenos-aires,2026-09-03,18°C,C,18,18,highest-temperature-in-buenos-aires-on-september-3-2026
buenos-aires,2026-09-04,18°C,C,18,18,highest-temperature-in-buenos-aires-on-september-4-2026
buenos-aires,2026-09-05,13°C,C,13,13,highest-temperature-in-buenos-aires-on-september-5-2026
buenos-aires,2026-09-06,12°C,C,12,12,highest-temperature-in-buenos-aires-on-september-6-2026
buenos-aires,2026-09-07,13°C,C,13,13,highest-temperature-in-buenos-aires-on-september-7-2026
buenos-aires,2026-09-08,19°C,C,19,19,highest-temperature-in-buenos-aires-on-september-8-2026
buenos-aires,2026-09-09,20°C,C,20,20,highest-temperature-in-buenos-aires-on-september-9-2026
buenos-aires,2026-09-10,21°C,C,21,21,highest-temperature-in-buenos-aires-on-september-10-2026
buenos-aires,2026-09-11,19°C,C,19,19,highest-temperature-in-buenos-aires-on-september-11-2026
buenos-aires,2026-09-12,12°C,C,12,12,highest-temperature-in-buenos-aires-on-september-12-2026
buenos-aires,2026-09-13,13°C,C,13,13,highest-temperature-in-buenos-aires-on-september-13-2026
buenos-aires,2026-09-14,16°C,C,16,16,highest-temperature-in-buenos-aires-on-september-14-2026
buenos-aires,2026-09-15,19°C,C,19,19,highest-temperature-in-buenos-aires-on-september-15-2026
buenos-aires,2026-09-16,14°C,C,14,14,highest-temperature-in-buenos-aires-on-september-16-2026
buenos-aires,2026-09-17,26°C or higher,C,26,inf,highest-temperature-in-buenos-aires-on-september-17-2026
buenos-aires,2026-09-18,24°C,C,24,24,highest-temperature-in-buenos-aires-on-september-18-2026
buenos-aires,2026-09-19,25°C,C,25,25,highest-temperature-in-buenos-aires-on-september-19-2026
buenos-aires,2026-09-20,25°C,C,25,25,highest-temperature-in-buenos-aires-on-september-20-2026
buenos-aires,2026-09-21,16°C,C,16,16,highest-temperature-in-buenos-aires-on-september-21-2026
buenos-aires,2026-09-22,14°C,C,14,14,highest-temperature-in-buenos-aires-on-september-22-2026
busan,2026-07-01,23°C or below,C,-inf,23,highest-temperature-in-busan-on-july-1-2026
busan,2026-07-02,27°C,C,27,27,highest-temperature-in-busan-on-july-2-2026
busan,2026-07-03,28°C,C,28,28,highest-temperature-in-busan-on-july-3-2026
busan,2026-07-04,28°C,C,28,28,highest-temperature-in-busan-on-july-4-2026
busan,2026-07-05,26°C,C,26,26,highest-temperature-in-busan-on-july-5-2026
busan,2026-07-06,30°C,C,30,30,highest-temperature-in-busan-on-july-6-2026
busan,2026-07-07,29°C,C,29,29,highest-temperature-in-busan-on-july-7-2026
busan,2026-07-08,29°C,C,29,29,highest-temperature-in-busan-on-july-8-2026
busan,2026-07-09,30°C,C,30,30,highest-temperature-in-busan-on-july-9-2026
busan,2026-07-10,32°C,C,32,32,highest-temperature-in-busan-on-july-10-2026
busan,2026-07-11,34°C,C,34,34,highest-temperature-in-busan-on-july-11-2026
busan,2026-07-12,33°C,C,33,33,highest-temperature-in-busan-on-july-12-2026
busan,2026-07-13,31°C,C,31,31,highest-temperature-in-busan-on-july-13-2026
busan,2026-07-14,30°C,C,30,30,highest-temperature-in-busan-on-july-14-2026
busan,2026-07-15,33°C,C,33,33,highest-temperature-in-busan-on-july-15-2026
busan,2026-07-16,35°C,C,35,35,highest-temperature-in-busan-on-july-16-2026
busan,2026-07-17,31°C,C,31,31,highest-temperature-in-busan-on-july-17-2026
busan,2026-07-18,30°C,C,30,30,highest-temperature-in-busan-on-july-18-2026
busan,2026-07-19,29°C,C,29,29,highest-temperature-in-busan-on-july-19-2026
busan,2026-07-20,32°C,C,32,32,highest-temperature-in-busan-on-july-20-2026
busan,2026-07-21,32°C,C,32,32,highest-temperature-in-busan-on-july-21-2026
busan,2026-07-22,34°C,C,34,34,highest-temperature-in-busan-on-july-22-2026
busan,2026-07-23,34°C,C,34,34,highest-temperature-in-busan-on-july-23-2026
busan,2026-07-24,35°C,C,35,35,highest-temperature-in-busan-on-july-24-2026
busan,2026-07-25,35°C,C,35,35,highest-temperature-in-busan-on-july-25-2026
busan,2026-07-26,37°C,C,37,37,highest-temperature-in-busan-on-july-26-2026
busan,2026-07-27,35°C,C,35,35,highest-temperature-in-busan-on-july-27-2026
busan,2026-07-28,35°C,C,35,35,highest-temperature-in-busan-on-july-28-2026
busan,2026-07-29,39°C,C,39,39,highest-temperature-in-busan-on-july-29-2026
busan,2026-07-30,38°C,C,38,38,highest-temperature-in-busan-on-july-30-2026
busan,2026-07-31,37°C,C,37,37,highest-temperature-in-busan-on-july-31-2026
busan,2026-08-01,39°C,C,39,39,highest-temperature-in-busan-on-august-1-2026
busan,2026-08-02,39°C,C,39,39,highest-temperature-in-busan-on-august-2-2026
busan,2026-08-03,38°C,C,38,38,highest-temperature-in-busan-on-august-3-2026
busan,2026-08-04,35°C,C,35,35,highest-temperature-in-busan-on-august-4-2026
busan,2026-08-05,35°C,C,35,35,highest-temperature-in-busan-on-august-5-2026
busan,2026-08-06,36°C,C,36,36,highest-temperature-in-busan-on-august-6-2026
busan,2026-08-07,37°C,C,37,37,highest-temperature-in-busan-on-august-7-2026
busan,2026-08-08,36°C,C,36,36,highest-temperature-in-busan-on-august-8-2026
busan,2026-08-09,32°C,C,32,32,highest-temperature-in-busan-on-august-9-2026
busan,2026-08-10,32°C,C,32,32,highest-temperature-in-busan-on-august-10-2026
busan,2026-08-11,31°C,C,31,31,highest-temperature-in-busan-on-august-11-2026
busan,2026-08-12,31°C,C,31,31,highest-temperature-in-busan-on-august-12-2026
busan,2026-08-13,32°C,C,32,32,highest-temperature-in-busan-on-august-13-2026
busan,2026-08-14,32°C,C,32,32,highest-temperature-in-busan-on-august-14-2026
busan,2026-08-15,32°C,C,32,32,highest-temperature-in-busan-on-august-15-2026
busan,2026-08-16,26°C,C,26,26,highest-temperature-in-busan-on-august-16-2026
busan,2026-08-17,26°C,C,26,26,highest-temperature-in-busan-on-august-17-2026
busan,2026-08-18,31°C,C,31,31,highest-temperature-in-busan-on-august-18-2026
busan,2026-08-19,32°C,C,32,32,highest-temperature-in-busan-on-august-19-2026
busan,2026-08-20,33°C,C,33,33,highest-temperature-in-busan-on-august-20-2026
busan,2026-08-21,34°C,C,34,34,highest-temperature-in-busan-on-august-21-2026
busan,2026-08-22,35°C,C,35,35,highest-temperature-in-busan-on-august-22-2026
busan,2026-08-23,35°C,C,35,35,highest-temperature-in-busan-on-august-23-2026
busan,2026-08-24,34°C,C,34,34,highest-temperature-in-busan-on-august-24-2026
busan,2026-08-25,35°C,C,35,35,highest-temperature-in-busan-on-august-25-2026
busan,2026-08-26,34°C,C,34,34,highest-temperature-in-busan-on-august-26-2026
busan,2026-08-27,33°C,C,33,33,highest-temperature-in-busan-on-august-27-2026
busan,2026-08-28,27°C,C,27,27,highest-temperature-in-busan-on-august-28-2026
busan,2026-08-29,32°C,C,32,32,highest-temperature-in-busan-on-august-29-2026
busan,2026-08-30,33°C,C,33,33,highest-temperature-in-busan-on-august-30-2026
busan,2026-08-31,32°C,C,32,32,highest-temperature-in-busan-on-august-31-2026
busan,2026-09-01,32°C,C,32,32,highest-temperature-in-busan-on-september-1-2026
busan,2026-09-02,32°C,C,32,32,highest-temperature-in-busan-on-september-2-2026
busan,2026-09-04,29°C,C,29,29,highest-temperature-in-busan-on-september-4-2026
busan,2026-09-05,29°C,C,29,29,highest-temperature-in-busan-on-september-5-2026
busan,2026-09-06,29°C,C,29,29,highest-temperature-in-busan-on-september-6-2026
busan,2026-09-07,29°C,C,29,29,highest-temperature-in-busan-on-september-7-2026
busan,2026-09-08,30°C,C,30,30,highest-temperature-in-busan-on-september-8-2026
busan,2026-09-09,26°C,C,26,26,highest-temperature-in-busan-on-september-9-2026
busan,2026-09-10,27°C,C,27,27,highest-temperature-in-busan-on-september-10-2026
busan,2026-09-11,29°C,C,29,29,highest-temperature-in-busan-on-september-11-2026
busan,2026-09-12,30°C,C,30,30,highest-temperature-in-busan-on-september-12-2026
busan,2026-09-13,30°C,C,30,30,highest-temperature-in-busan-on-september-13-2026
busan,2026-09-14,31°C,C,31,31,highest-temperature-in-busan-on-september-14-2026
busan,2026-09-15,29°C,C,29,29,highest-temperature-in-busan-on-september-15-2026
busan,2026-09-16,29°C,C,29,29,highest-temperature-in-busan-on-september-16-2026
busan,2026-09-17,28°C,C,28,28,highest-temperature-in-busan-on-september-17-2026
busan,2026-09-18,27°C,C,27,27,highest-temperature-in-busan-on-september-18-2026
busan,2026-09-19,28°C,C,28,28,highest-temperature-in-busan-on-september-19-2026
busan,2026-09-20,28°C,C,28,28,highest-temperature-in-busan-on-september-20-2026
busan,2026-09-21,28°C,C,28,28,highest-temperature-in-busan-on-september-21-2026
busan,2026-09-22,28°C,C,28,28,highest-temperature-in-busan-on-september-22-2026
busan,2026-09-23,28°C,C,28,28,highest-temperature-in-busan-on-september-23-2026
cape-town,2026-07-01,15°C,C,15,15,highest-temperature-in-cape-town-on-july-1-2026
cape-town,2026-07-02,15°C,C,15,15,highest-temperature-in-cape-town-on-july-2-2026
cape-town,2026-07-03,17°C,C,17,17,highest-temperature-in-cape-town-on-july-3-2026
cape-town,2026-07-04,18°C,C,18,18,highest-temperature-in-cape-town-on-july-4-2026
cape-town,2026-07-05,18°C,C,18,18,highest-temperature-in-cape-town-on-july-5-2026
cape-town,2026-07-06,19°C,C,19,19,highest-temperature-in-cape-town-on-july-6-2026
cape-town,2026-07-07,19°C,C,19,19,highest-temperature-in-cape-town-on-july-7-2026
cape-town,2026-07-08,19°C,C,19,19,highest-temperature-in-cape-town-on-july-8-2026
cape-town,2026-07-09,16°C,C,16,16,highest-temperature-in-cape-town-on-july-9-2026
cape-town,2026-07-10,18°C,C,18,18,highest-temperature-in-cape-town-on-july-10-2026
cape-town,2026-07-11,20°C,C,20,20,highest-temperature-in-cape-town-on-july-11-2026
cape-town,2026-07-12,20°C,C,20,20,highest-temperature-in-cape-town-on-july-12-2026
cape-town,2026-07-13,13°C,C,13,13,highest-temperature-in-cape-town-on-july-13-2026
cape-town,2026-07-14,16°C,C,16,16,highest-temperature-in-cape-town-on-july-14-2026
cape-town,2026-07-15,17°C,C,17,17,highest-temperature-in-cape-town-on-july-15-2026
cape-town,2026-07-16,19°C,C,19,19,highest-temperature-in-cape-town-on-july-16-2026
cape-town,2026-07-17,20°C,C,20,20,highest-temperature-in-cape-town-on-july-17-2026
cape-town,2026-07-18,16°C,C,16,16,highest-temperature-in-cape-town-on-july-18-2026
cape-town,2026-07-19,14°C,C,14,14,highest-temperature-in-cape-town-on-july-19-2026
cape-town,2026-07-20,16°C,C,16,16,highest-temperature-in-cape-town-on-july-20-2026
cape-town,2026-07-21,18°C,C,18,18,highest-temperature-in-cape-town-on-july-21-2026
cape-town,2026-07-22,16°C,C,16,16,highest-temperature-in-cape-town-on-july-22-2026
cape-town,2026-07-23,15°C,C,15,15,highest-temperature-in-cape-town-on-july-23-2026
cape-town,2026-07-24,18°C,C,18,18,highest-temperature-in-cape-town-on-july-24-2026
cape-town,2026-07-25,21°C,C,21,21,highest-temperature-in-cape-town-on-july-25-2026
cape-town,2026-07-26,24°C or higher,C,24,inf,highest-temperature-in-cape-town-on-july-26-2026
cape-town,2026-07-27,17°C,C,17,17,highest-temperature-in-cape-town-on-july-27-2026
cape-town,2026-07-28,20°C,C,20,20,highest-temperature-in-cape-town-on-july-28-2026
cape-town,2026-07-29,21°C,C,21,21,highest-temperature-in-cape-town-on-july-29-2026
cape-town,2026-07-30,21°C,C,21,21,highest-temperature-in-cape-town-on-july-30-2026
cape-town,2026-07-31,24°C,C,24,24,highest-temperature-in-cape-town-on-july-31-2026
cape-town,2026-08-01,27°C,C,27,27,highest-temperature-in-cape-town-on-august-1-2026
cape-town,2026-08-02,23°C,C,23,23,highest-temperature-in-cape-town-on-august-2-2026
cape-town,2026-08-03,23°C,C,23,23,highest-temperature-in-cape-town-on-august-3-2026
cape-town,2026-08-04,18°C or below,C,-inf,18,highest-temperature-in-cape-town-on-august-4-2026
cape-town,2026-08-05,16°C,C,16,16,highest-temperature-in-cape-town-on-august-5-2026
cape-town,2026-08-06,16°C,C,16,16,highest-temperature-in-cape-town-on-august-6-2026
cape-town,2026-08-07,20°C,C,20,20,highest-temperature-in-cape-town-on-august-7-2026
cape-town,2026-08-08,17°C,C,17,17,highest-temperature-in-cape-town-on-august-8-2026
cape-town,2026-08-09,15°C,C,15,15,highest-temperature-in-cape-town-on-august-9-2026
cape-town,2026-08-10,15°C,C,15,15,highest-temperature-in-cape-town-on-august-10-2026
cape-town,2026-08-11,20°C,C,20,20,highest-temperature-in-cape-town-on-august-11-2026
cape-town,2026-08-12,23°C,C,23,23,highest-temperature-in-cape-town-on-august-12-2026
cape-town,2026-08-13,28°C,C,28,28,highest-temperature-in-cape-town-on-august-13-2026
cape-town,2026-08-14,17°C,C,17,17,highest-temperature-in-cape-town-on-august-14-2026
cape-town,2026-08-15,17°C,C,17,17,highest-temperature-in-cape-town-on-august-15-2026
cape-town,2026-08-16,17°C,C,17,17,highest-temperature-in-cape-town-on-august-16-2026
cape-town,2026-08-17,17°C,C,17,17,highest-temperature-in-cape-town-on-august-17-2026
cape-town,2026-08-18,19°C,C,19,19,highest-temperature-in-cape-town-on-august-18-2026
cape-town,2026-08-19,19°C,C,19,19,highest-temperature-in-cape-town-on-august-19-2026
cape-town,2026-08-20,18°C,C,18,18,highest-temperature-in-cape-town-on-august-20-2026
cape-town,2026-08-21,22°C,C,22,22,highest-temperature-in-cape-town-on-august-21-2026
cape-town,2026-08-22,17°C,C,17,17,highest-temperature-in-cape-town-on-august-22-2026
cape-town,2026-08-23,19°C,C,19,19,highest-temperature-in-cape-town-on-august-23-2026
cape-town,2026-08-24,18°C,C,18,18,highest-temperature-in-cape-town-on-august-24-2026
cape-town,2026-08-25,22°C,C,22,22,highest-temperature-in-cape-town-on-august-25-2026
cape-town,2026-08-26,25°C,C,25,25,highest-temperature-in-cape-town-on-august-26-2026
cape-town,2026-08-27,25°C or higher,C,25,inf,highest-temperature-in-cape-town-on-august-27-2026
cape-town,2026-08-28,22°C,C,22,22,highest-temperature-in-cape-town-on-august-28-2026
cape-town,2026-08-29,16°C,C,16,16,highest-temperature-in-cape-town-on-august-29-2026
cape-town,2026-08-30,18°C,C,18,18,highest-temperature-in-cape-town-on-august-30-2026
cape-town,2026-08-31,18°C,C,18,18,highest-temperature-in-cape-town-on-august-31-2026
cape-town,2026-09-01,20°C,C,20,20,highest-temperature-in-cape-town-on-september-1-2026
cape-town,2026-09-02,19°C,C,19,19,highest-temperature-in-cape-town-on-september-2-2026
cape-town,2026-09-04,20°C,C,20,20,highest-temperature-in-cape-town-on-september-4-2026
cape-town,2026-09-05,25°C,C,25,25,highest-temperature-in-cape-town-on-september-5-2026
cape-town,2026-09-06,27°C,C,27,27,highest-temperature-in-cape-town-on-september-6-2026
cape-town,2026-09-07,29°C,C,29,29,highest-temperature-in-cape-town-on-september-7-2026
cape-town,2026-09-08,29°C,C,29,29,highest-temperature-in-cape-town-on-september-8-2026
cape-town,2026-09-09,17°C or below,C,-inf,17,highest-temperature-in-cape-town-on-september-9-2026
cape-town,2026-09-10,19°C,C,19,19,highest-temperature-in-cape-town-on-september-10-2026
cape-town,2026-09-11,24°C,C,24,24,highest-temperature-in-cape-town-on-september-11-2026
cape-town,2026-09-12,19°C,C,19,19,highest-temperature-in-cape-town-on-september-12-2026
cape-town,2026-09-13,25°C,C,25,25,highest-temperature-in-cape-town-on-september-13-2026
cape-town,2026-09-14,18°C,C,18,18,highest-temperature-in-cape-town-on-september-14-2026
cape-town,2026-09-15,18°C,C,18,18,highest-temperature-in-cape-town-on-september-15-2026
cape-town,2026-09-16,18°C,C,18,18,highest-temperature-in-cape-town-on-september-16-2026
cape-town,2026-09-17,20°C,C,20,20,highest-temperature-in-cape-town-on-september-17-2026
cape-town,2026-09-18,22°C,C,22,22,highest-temperature-in-cape-town-on-september-18-2026
cape-town,2026-09-19,23°C,C,23,23,highest-temperature-in-cape-town-on-september-19-2026
cape-town,2026-09-20,26°C,C,26,26,highest-temperature-in-cape-town-on-september-20-2026
cape-town,2026-09-21,27°C,C,27,27,highest-temperature-in-cape-town-on-september-21-2026
cape-town,2026-09-22,32°C,C,32,32,highest-temperature-in-cape-town-on-september-22-2026
chengdu,2026-07-01,32°C,C,32,32,highest-temperature-in-chengdu-on-july-1-2026
chengdu,2026-07-02,34°C,C,34,34,highest-temperature-in-chengdu-on-july-2-2026
chengdu,2026-07-03,31°C,C,31,31,highest-temperature-in-chengdu-on-july-3-2026
chengdu,2026-07-04,34°C,C,34,34,highest-temperature-in-chengdu-on-july-4-2026
chengdu,2026-07-05,37°C,C,37,37,highest-temperature-in-chengdu-on-july-5-2026
chengdu,2026-07-06,37°C,C,37,37,highest-temperature-in-chengdu-on-july-6-2026
chengdu,2026-07-07,37°C,C,37,37,highest-temperature-in-chengdu-on-july-7-2026
chengdu,2026-07-08,39°C,C,39,39,highest-temperature-in-chengdu-on-july-8-2026
chengdu,2026-07-09,39°C,C,39,39,highest-temperature-in-chengdu-on-july-9-2026
chengdu,2026-07-10,36°C,C,36,36,highest-temperature-in-chengdu-on-july-10-2026
chengdu,2026-07-11,31°C,C,31,31,highest-temperature-in-chengdu-on-july-11-2026
chengdu,2026-07-12,33°C,C,33,33,highest-temperature-in-chengdu-on-july-12-2026
chengdu,2026-07-13,38°C,C,38,38,highest-temperature-in-chengdu-on-july-13-2026
chengdu,2026-07-14,38°C,C,38,38,highest-temperature-in-chengdu-on-july-14-2026
chengdu,2026-07-15,38°C,C,38,38,highest-temperature-in-chengdu-on-july-15-2026
chengdu,2026-07-16,38°C,C,38,38,highest-temperature-in-chengdu-on-july-16-2026
chengdu,2026-07-17,29°C or below,C,-inf,29,highest-temperature-in-chengdu-on-july-17-2026
chengdu,2026-07-18,34°C,C,34,34,highest-temperature-in-chengdu-on-july-18-2026
chengdu,2026-07-19,37°C,C,37,37,highest-temperature-in-chengdu-on-july-19-2026
chengdu,2026-07-20,38°C,C,38,38,highest-temperature-in-chengdu-on-july-20-2026
chengdu,2026-07-21,38°C,C,38,38,highest-temperature-in-chengdu-on-july-21-2026
chengdu,2026-07-22,39°C,C,39,39,highest-temperature-in-chengdu-on-july-22-2026
chengdu,2026-07-23,37°C,C,37,37,highest-temperature-in-chengdu-on-july-23-2026
chengdu,2026-07-24,39°C,C,39,39,highest-temperature-in-chengdu-on-july-24-2026
chengdu,2026-07-25,41°C,C,41,41,highest-temperature-in-chengdu-on-july-25-2026
chengdu,2026-07-26,37°C,C,37,37,highest-temperature-in-chengdu-on-july-26-2026
chengdu,2026-07-27,30°C,C,30,30,highest-temperature-in-chengdu-on-july-27-2026
chengdu,2026-07-28,32°C,C,32,32,highest-temperature-in-chengdu-on-july-28-2026
chengdu,2026-07-29,34°C or higher,C,34,inf,highest-temperature-in-chengdu-on-july-29-2026
chengdu,2026-07-30,28°C,C,28,28,highest-temperature-in-chengdu-on-july-30-2026
chengdu,2026-07-31,27°C,C,27,27,highest-temperature-in-chengdu-on-july-31-2026
chengdu,2026-08-01,27°C,C,27,27,highest-temperature-in-chengdu-on-august-1-2026
chengdu,2026-08-02,29°C or higher,C,29,inf,highest-temperature-in-chengdu-on-august-2-2026
chengdu,2026-08-03,34°C,C,34,34,highest-temperature-in-chengdu-on-august-3-2026
chengdu,2026-08-04,34°C,C,34,34,highest-temperature-in-chengdu-on-august-4-2026
chengdu,2026-08-05,35°C or higher,C,35,inf,highest-temperature-in-chengdu-on-august-5-2026
chengdu,2026-08-06,29°C,C,29,29,highest-temperature-in-chengdu-on-august-6-2026
chengdu,2026-08-07,33°C,C,33,33,highest-temperature-in-chengdu-on-august-7-2026
chengdu,2026-08-08,35°C,C,35,35,highest-temperature-in-chengdu-on-august-8-2026
chengdu,2026-08-09,34°C,C,34,34,highest-temperature-in-chengdu-on-august-9-2026
chengdu,2026-08-10,36°C,C,36,36,highest-temperature-in-chengdu-on-august-10-2026
chengdu,2026-08-11,35°C,C,35,35,highest-temperature-in-chengdu-on-august-11-2026
chengdu,2026-08-12,38°C,C,38,38,highest-temperature-in-chengdu-on-august-12-2026
chengdu,2026-08-13,36°C,C,36,36,highest-temperature-in-chengdu-on-august-13-2026
chengdu,2026-08-14,37°C,C,37,37,highest-temperature-in-chengdu-on-august-14-2026
chengdu,2026-08-15,37°C,C,37,37,highest-temperature-in-chengdu-on-august-15-2026
chengdu,2026-08-16,30°C,C,30,30,highest-temperature-in-chengdu-on-august-16-2026
chengdu,2026-08-17,27°C,C,27,27,highest-temperature-in-chengdu-on-august-17-2026
chengdu,2026-08-18,23°C,C,23,23,highest-temperature-in-chengdu-on-august-18-2026
chengdu,2026-08-19,29°C,C,29,29,highest-temperature-in-chengdu-on-august-19-2026
chengdu,2026-08-20,31°C,C,31,31,highest-temperature-in-chengdu-on-august-20-2026
chengdu,2026-08-21,32°C,C,32,32,highest-temperature-in-chengdu-on-august-21-2026
chengdu,2026-08-22,32°C,C,32,32,highest-temperature-in-chengdu-on-august-22-2026
chengdu,2026-08-23,32°C,C,32,32,highest-temperature-in-chengdu-on-august-23-2026
chengdu,2026-08-24,37°C,C,37,37,highest-temperature-in-chengdu-on-august-24-2026
chengdu,2026-08-25,36°C,C,36,36,highest-temperature-in-chengdu-on-august-25-2026
chengdu,2026-08-26,36°C,C,36,36,highest-temperature-in-chengdu-on-august-26-2026
chengdu,2026-08-27,36°C,C,36,36,highest-temperature-in-chengdu-on-august-27-2026
chengdu,2026-08-28,35°C or higher,C,35,inf,highest-temperature-in-chengdu-on-august-28-2026
chengdu,2026-08-29,31°C,C,31,31,highest-temperature-in-chengdu-on-august-29-2026
chengdu,2026-08-30,33°C,C,33,33,highest-temperature-in-chengdu-on-august-30-2026
chengdu,2026-08-31,35°C,C,35,35,highest-temperature-in-chengdu-on-august-31-2026
chengdu,2026-09-01,34°C,C,34,34,highest-temperature-in-chengdu-on-september-1-2026
chengdu,2026-09-02,33°C,C,33,33,highest-temperature-in-chengdu-on-september-2-2026
chengdu,2026-09-04,34°C,C,34,34,highest-temperature-in-chengdu-on-september-4-2026
chengdu,2026-09-05,34°C,C,34,34,highest-temperature-in-chengdu-on-september-5-2026
chengdu,2026-09-06,35°C,C,35,35,highest-temperature-in-chengdu-on-september-6-2026
chengdu,2026-09-07,32°C,C,32,32,highest-temperature-in-chengdu-on-september-7-2026
chengdu,2026-09-08,29°C,C,29,29,highest-temperature-in-chengdu-on-september-8-2026
chengdu,2026-09-09,27°C,C,27,27,highest-temperature-in-chengdu-on-september-9-2026
chengdu,2026-09-10,23°C,C,23,23,highest-temperature-in-chengdu-on-september-10-2026
chengdu,2026-09-11,23°C,C,23,23,highest-temperature-in-chengdu-on-september-11-2026
chengdu,2026-09-12,22°C,C,22,22,highest-temperature-in-chengdu-on-september-12-2026
chengdu,2026-09-13,26°C,C,26,26,highest-temperature-in-chengdu-on-september-13-2026
chengdu,2026-09-14,22°C or below,C,-inf,22,highest-temperature-in-chengdu-on-september-14-2026
chengdu,2026-09-15,21°C,C,21,21,highest-temperature-in-chengdu-on-september-15-2026
chengdu,2026-09-16,26°C,C,26,26,highest-temperature-in-chengdu-on-september-16-2026
chengdu,2026-09-17,26°C,C,26,26,highest-temperature-in-chengdu-on-september-17-2026
chengdu,2026-09-18,24°C,C,24,24,highest-temperature-in-chengdu-on-september-18-2026
chengdu,2026-09-19,23°C,C,23,23,highest-temperature-in-chengdu-on-september-19-2026
chengdu,2026-09-20,27°C,C,27,27,highest-temperature-in-chengdu-on-september-20-2026
chengdu,2026-09-21,29°C,C,29,29,highest-temperature-in-chengdu-on-september-21-2026
chengdu,2026-09-22,26°C,C,26,26,highest-temperature-in-chengdu-on-september-22-2026
chengdu,2026-09-23,28°C,C,28,28,highest-temperature-in-chengdu-on-september-23-2026
chicago,2026-07-01,94-95°F,F,94,95,highest-temperature-in-chicago-on-july-1-2026
chicago,2026-07-02,94-95°F,F,94,95,highest-temperature-in-chicago-on-july-2-2026
chicago,2026-07-03,86-87°F,F,86,87,highest-temperature-in-chicago-on-july-3-2026
chicago,2026-07-04,82-83°F,F,82,83,highest-temperature-in-chicago-on-july-4-2026
chicago,2026-07-05,76-77°F,F,76,77,highest-temperature-in-chicago-on-july-5-2026
chicago,2026-07-06,78-79°F,F,78,79,highest-temperature-in-chicago-on-july-6-2026
chicago,2026-07-07,84-85°F,F,84,85,highest-temperature-in-chicago-on-july-7-2026
chicago,2026-07-08,88-89°F,F,88,89,highest-temperature-in-chicago-on-july-8-2026
chicago,2026-07-09,86-87°F,F,86,87,highest-temperature-in-chicago-on-july-9-2026
chicago,2026-07-10,80-81°F,F,80,81,highest-temperature-in-chicago-on-july-10-2026
chicago,2026-07-11,82-83°F,F,82,83,highest-temperature-in-chicago-on-july-11-2026
chicago,2026-07-12,86-87°F,F,86,87,highest-temperature-in-chicago-on-july-12-2026
chicago,2026-07-13,92-93°F,F,92,93,highest-temperature-in-chicago-on-july-13-2026
chicago,2026-07-14,96-97°F,F,96,97,highest-temperature-in-chicago-on-july-14-2026
chicago,2026-07-15,94-95°F,F,94,95,highest-temperature-in-chicago-on-july-15-2026
chicago,2026-07-16,90-91°F,F,90,91,highest-temperature-in-chicago-on-july-16-2026
chicago,2026-07-17,92-93°F,F,92,93,highest-temperature-in-chicago-on-july-17-2026
chicago,2026-07-18,90-91°F,F,90,91,highest-temperature-in-chicago-on-july-18-2026
chicago,2026-07-19,78-79°F,F,78,79,highest-temperature-in-chicago-on-july-19-2026
chicago,2026-07-20,82-83°F,F,82,83,highest-temperature-in-chicago-on-july-20-2026
chicago,2026-07-21,86-87°F,F,86,87,highest-temperature-in-chicago-on-july-21-2026
chicago,2026-07-22,74-75°F,F,74,75,highest-temperature-in-chicago-on-july-22-2026
chicago,2026-07-23,76-77°F,F,76,77,highest-temperature-in-chicago-on-july-23-2026
chicago,2026-07-24,78-79°F,F,78,79,highest-temperature-in-chicago-on-july-24-2026
chicago,2026-07-25,80-81°F,F,80,81,highest-temperature-in-chicago-on-july-25-2026
chicago,2026-07-26,90-91°F,F,90,91,highest-temperature-in-chicago-on-july-26-2026
chicago,2026-07-27,84-85°F,F,84,85,highest-temperature-in-chicago-on-july-27-2026
chicago,2026-07-28,78-79°F,F,78,79,highest-temperature-in-chicago-on-july-28-2026
chicago,2026-07-29,80-81°F,F,80,81,highest-temperature-in-chicago-on-july-29-2026
chicago,2026-07-30,86-87°F,F,86,87,highest-temperature-in-chicago-on-july-30-2026
chicago,2026-07-31,80-81°F,F,80,81,highest-temperature-in-chicago-on-july-31-2026
chicago,2026-08-01,72-73°F,F,72,73,highest-temperature-in-chicago-on-august-1-2026
chicago,2026-08-02,76-77°F,F,76,77,highest-temperature-in-chicago-on-august-2-2026
chicago,2026-08-03,82-83°F,F,82,83,highest-temperature-in-chicago-on-august-3-2026
chicago,2026-08-04,84-85°F,F,84,85,highest-temperature-in-chicago-on-august-4-2026
chicago,2026-08-05,80-81°F,F,80,81,highest-temperature-in-chicago-on-august-5-2026
chicago,2026-08-06,80-81°F,F,80,81,highest-temperature-in-chicago-on-august-6-2026
chicago,2026-08-07,86-87°F,F,86,87,highest-temperature-in-chicago-on-august-7-2026
chicago,2026-08-08,84-85°F,F,84,85,highest-temperature-in-chicago-on-august-8-2026
chicago,2026-08-09,84-85°F,F,84,85,highest-temperature-in-chicago-on-august-9-2026
chicago,2026-08-10,86-87°F,F,86,87,highest-temperature-in-chicago-on-august-10-2026
chicago,2026-08-11,80-81°F,F,80,81,highest-temperature-in-chicago-on-august-11-2026
chicago,2026-08-12,82-83°F,F,82,83,highest-temperature-in-chicago-on-august-12-2026
chicago,2026-08-13,78-79°F,F,78,79,highest-temperature-in-chicago-on-august-13-2026
chicago,2026-08-14,80-81°F,F,80,81,highest-temperature-in-chicago-on-august-14-2026
chicago,2026-08-15,78-79°F,F,78,79,highest-temperature-in-chicago-on-august-15-2026
chicago,2026-08-16,84-85°F,F,84,85,highest-temperature-in-chicago-on-august-16-2026
chicago,2026-08-17,78-79°F,F,78,79,highest-temperature-in-chicago-on-august-17-2026
chicago,2026-08-18,78-79°F,F,78,79,highest-temperature-in-chicago-on-august-18-2026
chicago,2026-08-19,78-79°F,F,78,79,highest-temperature-in-chicago-on-august-19-2026
chicago,2026-08-20,76-77°F,F,76,77,highest-temperature-in-chicago-on-august-20-2026
chicago,2026-08-21,80-81°F,F,80,81,highest-temperature-in-chicago-on-august-21-2026
chicago,2026-08-22,80-81°F,F,80,81,highest-temperature-in-chicago-on-august-22-2026
chicago,2026-08-23,76-77°F,F,76,77,highest-temperature-in-chicago-on-august-23-2026
chicago,2026-08-24,78-79°F,F,78,79,highest-temperature-in-chicago-on-august-24-2026
chicago,2026-08-25,80-81°F,F,80,81,highest-temperature-in-chicago-on-august-25-2026
chicago,2026-08-26,84-85°F,F,84,85,highest-temperature-in-chicago-on-august-26-2026
chicago,2026-08-27,82-83°F,F,82,83,highest-temperature-in-chicago-on-august-27-2026
chicago,2026-08-28,82-83°F,F,82,83,highest-temperature-in-chicago-on-august-28-2026
chicago,2026-08-29,80-81°F,F,80,81,highest-temperature-in-chicago-on-august-29-2026
chicago,2026-08-30,82-83°F,F,82,83,highest-temperature-in-chicago-on-august-30-2026
chicago,2026-08-31,86-87°F,F,86,87,highest-temperature-in-chicago-on-august-31-2026
chicago,2026-09-01,94-95°F,F,94,95,highest-temperature-in-chicago-on-september-1-2026
chicago,2026-09-02,94-95°F,F,94,95,highest-temperature-in-chicago-on-september-2-2026
chicago,2026-09-04,92-93°F,F,92,93,highest-temperature-in-chicago-on-september-4-2026
chicago,2026-09-05,80-81°F,F,80,81,highest-temperature-in-chicago-on-september-5-2026
chicago,2026-09-06,78-79°F,F,78,79,highest-temperature-in-chicago-on-september-6-2026
chicago,2026-09-07,80-81°F,F,80,81,highest-temperature-in-chicago-on-september-7-2026
chicago,2026-09-08,84-85°F,F,84,85,highest-temperature-in-chicago-on-september-8-2026
chicago,2026-09-09,78-79°F,F,78,79,highest-temperature-in-chicago-on-september-9-2026
chicago,2026-09-10,76-77°F,F,76,77,highest-temperature-in-chicago-on-september-10-2026
chicago,2026-09-11,82-83°F,F,82,83,highest-temperature-in-chicago-on-september-11-2026
chicago,2026-09-12,86-87°F,F,86,87,highest-temperature-in-chicago-on-september-12-2026
chicago,2026-09-13,74-75°F,F,74,75,highest-temperature-in-chicago-on-september-13-2026
chicago,2026-09-14,70-71°F,F,70,71,highest-temperature-in-chicago-on-september-14-2026
chicago,2026-09-15,84-85°F,F,84,85,highest-temperature-in-chicago-on-september-15-2026
chicago,2026-09-16,76-77°F,F,76,77,highest-temperature-in-chicago-on-september-16-2026
chicago,2026-09-17,78-79°F,F,78,79,highest-temperature-in-chicago-on-september-17-2026
chicago,2026-09-18,70-71°F,F,70,71,highest-temperature-in-chicago-on-september-18-2026
chicago,2026-09-19,70-71°F,F,70,71,highest-temperature-in-chicago-on-september-19-2026
chicago,2026-09-20,70-71°F,F,70,71,highest-temperature-in-chicago-on-september-20-2026
chicago,2026-09-21,66-67°F,F,66,67,highest-temperature-in-chicago-on-september-21-2026
chicago,2026-09-22,62-63°F,F,62,63,highest-temperature-in-chicago-on-september-22-2026
chongqing,2026-07-01,30°C or higher,C,30,inf,highest-temperature-in-chongqing-on-july-1-2026
chongqing,2026-07-02,28°C,C,28,28,highest-temperature-in-chongqing-on-july-2-2026
chongqing,2026-07-03,29°C,C,29,29,highest-temperature-in-chongqing-on-july-3-2026
chongqing,2026-07-04,34°C,C,34,34,highest-temperature-in-chongqing-on-july-4-2026
chongqing,2026-07-05,36°C,C,36,36,highest-temperature-in-chongqing-on-july-5-2026
chongqing,2026-07-06,37°C,C,37,37,highest-temperature-in-chongqing-on-july-6-2026
chongqing,2026-07-07,37°C,C,37,37,highest-temperature-in-chongqing-on-july-7-2026
chongqing,2026-07-08,37°C,C,37,37,highest-temperature-in-chongqing-on-july-8-2026
chongqing,2026-07-09,38°C,C,38,38,highest-temperature-in-chongqing-on-july-9-2026
chongqing,2026-07-10,38°C,C,38,38,highest-temperature-in-chongqing-on-july-10-2026
chongqing,2026-07-11,38°C,C,38,38,highest-temperature-in-chongqing-on-july-11-2026
chongqing,2026-07-12,35°C,C,35,35,highest-temperature-in-chongqing-on-july-12-2026
chongqing,2026-07-13,38°C,C,38,38,highest-temperature-in-chongqing-on-july-13-2026
chongqing,2026-07-14,41°C,C,41,41,highest-temperature-in-chongqing-on-july-14-2026
chongqing,2026-07-15,40°C,C,40,40,highest-temperature-in-chongqing-on-july-15-2026
chongqing,2026-07-16,40°C,C,40,40,highest-temperature-in-chongqing-on-july-16-2026
chongqing,2026-07-17,34°C,C,34,34,highest-temperature-in-chongqing-on-july-17-2026
chongqing,2026-07-18,34°C,C,34,34,highest-temperature-in-chongqing-on-july-18-2026
chongqing,2026-07-19,35°C,C,35,35,highest-temperature-in-chongqing-on-july-19-2026
chongqing,2026-07-20,38°C,C,38,38,highest-temperature-in-chongqing-on-july-20-2026
chongqing,2026-07-21,39°C,C,39,39,highest-temperature-in-chongqing-on-july-21-2026
chongqing,2026-07-22,40°C,C,40,40,highest-temperature-in-chongqing-on-july-22-2026
chongqing,2026-07-23,40°C,C,40,40,highest-temperature-in-chongqing-on-july-23-2026
chongqing,2026-07-24,40°C,C,40,40,highest-temperature-in-chongqing-on-july-24-2026
chongqing,2026-07-25,39°C,C,39,39,highest-temperature-in-chongqing-on-july-25-2026
chongqing,2026-07-26,41°C,C,41,41,highest-temperature-in-chongqing-on-july-26-2026
chongqing,2026-07-27,40°C,C,40,40,highest-temperature-in-chongqing-on-july-27-2026
chongqing,2026-07-28,36°C,C,36,36,highest-temperature-in-chongqing-on-july-28-2026
chongqing,2026-07-29,39°C,C,39,39,highest-temperature-in-chongqing-on-july-29-2026
chongqing,2026-07-30,39°C,C,39,39,highest-temperature-in-chongqing-on-july-30-2026
chongqing,2026-07-31,38°C,C,38,38,highest-temperature-in-chongqing-on-july-31-2026
chongqing,2026-08-01,38°C,C,38,38,highest-temperature-in-chongqing-on-august-1-2026
chongqing,2026-08-02,33°C or below,C,-inf,33,highest-temperature-in-chongqing-on-august-2-2026
chongqing,2026-08-03,24°C,C,24,24,highest-temperature-in-chongqing-on-august-3-2026
chongqing,2026-08-04,32°C,C,32,32,highest-temperature-in-chongqing-on-august-4-2026
chongqing,2026-08-05,35°C,C,35,35,highest-temperature-in-chongqing-on-august-5-2026
chongqing,2026-08-06,35°C,C,35,35,highest-temperature-in-chongqing-on-august-6-2026
chongqing,2026-08-07,30°C,C,30,30,highest-temperature-in-chongqing-on-august-7-2026
chongqing,2026-08-08,30°C,C,30,30,highest-temperature-in-chongqing-on-august-8-2026
chongqing,2026-08-09,31°C,C,31,31,highest-temperature-in-chongqing-on-august-9-2026
chongqing,2026-08-10,34°C,C,34,34,highest-temperature-in-chongqing-on-august-10-2026
chongqing,2026-08-11,35°C,C,35,35,highest-temperature-in-chongqing-on-august-11-2026
chongqing,2026-08-12,36°C,C,36,36,highest-temperature-in-chongqing-on-august-12-2026
chongqing,2026-08-13,36°C,C,36,36,highest-temperature-in-chongqing-on-august-13-2026
chongqing,2026-08-14,36°C,C,36,36,highest-temperature-in-chongqing-on-august-14-2026
chongqing,2026-08-15,36°C,C,36,36,highest-temperature-in-chongqing-on-august-15-2026
chongqing,2026-08-16,37°C,C,37,37,highest-temperature-in-chongqing-on-august-16-2026
chongqing,2026-08-17,36°C,C,36,36,highest-temperature-in-chongqing-on-august-17-2026
chongqing,2026-08-18,34°C,C,34,34,highest-temperature-in-chongqing-on-august-18-2026
chongqing,2026-08-19,29°C,C,29,29,highest-temperature-in-chongqing-on-august-19-2026
chongqing,2026-08-20,33°C,C,33,33,highest-temperature-in-chongqing-on-august-20-2026
chongqing,2026-08-21,34°C,C,34,34,highest-temperature-in-chongqing-on-august-21-2026
chongqing,2026-08-22,38°C or higher,C,38,inf,highest-temperature-in-chongqing-on-august-22-2026
chongqing,2026-08-23,37°C,C,37,37,highest-temperature-in-chongqing-on-august-23-2026
chongqing,2026-08-24,37°C,C,37,37,highest-temperature-in-chongqing-on-august-24-2026
chongqing,2026-08-25,38°C,C,38,38,highest-temperature-in-chongqing-on-august-25-2026
chongqing,2026-08-26,38°C,C,38,38,highest-temperature-in-chongqing-on-august-26-2026
chongqing,2026-08-27,38°C,C,38,38,highest-temperature-in-chongqing-on-august-27-2026
chongqing,2026-08-28,37°C,C,37,37,highest-temperature-in-chongqing-on-august-28-2026
chongqing,2026-08-29,27°C,C,27,27,highest-temperature-in-chongqing-on-august-29-2026
chongqing,2026-08-30,31°C,C,31,31,highest-temperature-in-chongqing-on-august-30-2026
chongqing,2026-08-31,34°C,C,34,34,highest-temperature-in-chongqing-on-august-31-2026
chongqing,2026-09-01,34°C,C,34,34,highest-temperature-in-chongqing-on-september-1-2026
chongqing,2026-09-02,33°C,C,33,33,highest-temperature-in-chongqing-on-september-2-2026
chongqing,2026-09-04,34°C,C,34,34,highest-temperature-in-chongqing-on-september-4-2026
chongqing,2026-09-05,35°C,C,35,35,highest-temperature-in-chongqing-on-september-5-2026
chongqing,2026-09-06,36°C,C,36,36,highest-temperature-in-chongqing-on-september-6-2026
chongqing,2026-09-07,37°C,C,37,37,highest-temperature-in-chongqing-on-september-7-2026
chongqing,2026-09-08,37°C,C,37,37,highest-temperature-in-chongqing-on-september-8-2026
chongqing,2026-09-09,36°C,C,36,36,highest-temperature-in-chongqing-on-september-9-2026
chongqing,2026-09-10,30°C,C,30,30,highest-temperature-in-chongqing-on-september-10-2026
chongqing,2026-09-11,24°C,C,24,24,highest-temperature-in-chongqing-on-september-11-2026
chongqing,2026-09-12,29°C,C,29,29,highest-temperature-in-chongqing-on-september-12-2026
chongqing,2026-09-13,27°C,C,27,27,highest-temperature-in-chongqing-on-september-13-2026
chongqing,2026-09-14,23°C or below,C,-inf,23,highest-temperature-in-chongqing-on-september-14-2026
chongqing,2026-09-15,21°C,C,21,21,highest-temperature-in-chongqing-on-september-15-2026
chongqing,2026-09-16,20°C,C,20,20,highest-temperature-in-chongqing-on-september-16-2026
chongqing,2026-09-17,21°C or below,C,-inf,21,highest-temperature-in-chongqing-on-september-17-2026
chongqing,2026-09-18,22°C or below,C,-inf,22,highest-temperature-in-chongqing-on-september-18-2026
chongqing,2026-09-19,26°C,C,26,26,highest-temperature-in-chongqing-on-september-19-2026
chongqing,2026-09-20,25°C,C,25,25,highest-temperature-in-chongqing-on-september-20-2026
chongqing,2026-09-21,24°C,C,24,24,highest-temperature-in-chongqing-on-september-21-2026
chongqing,2026-09-22,22°C,C,22,22,highest-temperature-in-chongqing-on-september-22-2026
chongqing,2026-09-23,26°C,C,26,26,highest-temperature-in-chongqing-on-september-23-2026
dallas,2026-07-01,94-95°F,F,94,95,highest-temperature-in-dallas-on-july-1-2026
dallas,2026-07-02,94-95°F,F,94,95,highest-temperature-in-dallas-on-july-2-2026
dallas,2026-07-03,96-97°F,F,96,97,highest-temperature-in-dallas-on-july-3-2026
dallas,2026-07-04,98-99°F,F,98,99,highest-temperature-in-dallas-on-july-4-2026
dallas,2026-07-05,96-97°F,F,96,97,highest-temperature-in-dallas-on-july-5-2026
dallas,2026-07-06,98-99°F,F,98,99,highest-temperature-in-dallas-on-july-6-2026
dallas,2026-07-07,100-101°F,F,100,101,highest-temperature-in-dallas-on-july-7-2026
dallas,2026-07-08,100-101°F,F,100,101,highest-temperature-in-dallas-on-july-8-2026
dallas,2026-07-09,100-101°F,F,100,101,highest-temperature-in-dallas-on-july-9-2026
dallas,2026-07-10,98-99°F,F,98,99,highest-temperature-in-dallas-on-july-10-2026
dallas,2026-07-11,98-99°F,F,98,99,highest-temperature-in-dallas-on-july-11-2026
dallas,2026-07-12,98-99°F,F,98,99,highest-temperature-in-dallas-on-july-12-2026
dallas,2026-07-13,92-93°F,F,92,93,highest-temperature-in-dallas-on-july-13-2026
dallas,2026-07-14,90-91°F,F,90,91,highest-temperature-in-dallas-on-july-14-2026
dallas,2026-07-15,90-91°F,F,90,91,highest-temperature-in-dallas-on-july-15-2026
dallas,2026-07-16,88-89°F,F,88,89,highest-temperature-in-dallas-on-july-16-2026
dallas,2026-07-17,94-95°F,F,94,95,highest-temperature-in-dallas-on-july-17-2026
dallas,2026-07-18,96-97°F,F,96,97,highest-temperature-in-dallas-on-july-18-2026
dallas,2026-07-19,98-99°F,F,98,99,highest-temperature-in-dallas-on-july-19-2026
dallas,2026-07-20,102-103°F,F,102,103,highest-temperature-in-dallas-on-july-20-2026
dallas,2026-07-21,106-107°F,F,106,107,highest-temperature-in-dallas-on-july-21-2026
dallas,2026-07-22,108-109°F,F,108,109,highest-temperature-in-dallas-on-july-22-2026
dallas,2026-07-23,96-97°F,F,96,97,highest-temperature-in-dallas-on-july-23-2026
dallas,2026-07-24,94-95°F,F,94,95,highest-temperature-in-dallas-on-july-24-2026
dallas,2026-07-25,98-99°F,F,98,99,highest-temperature-in-dallas-on-july-25-2026
dallas,2026-07-26,98-99°F,F,98,99,highest-temperature-in-dallas-on-july-26-2026
dallas,2026-07-27,98-99°F,F,98,99,highest-temperature-in-dallas-on-july-27-2026
dallas,2026-07-28,98-99°F,F,98,99,highest-temperature-in-dallas-on-july-28-2026
dallas,2026-07-29,98-99°F,F,98,99,highest-temperature-in-dallas-on-july-29-2026
dallas,2026-07-30,98-99°F,F,98,99,highest-temperature-in-dallas-on-july-30-2026
dallas,2026-07-31,102-103°F,F,102,103,highest-temperature-in-dallas-on-july-31-2026
dallas,2026-08-01,96-97°F,F,96,97,highest-temperature-in-dallas-on-august-1-2026
dallas,2026-08-02,94-95°F,F,94,95,highest-temperature-in-dallas-on-august-2-2026
dallas,2026-08-03,98-99°F,F,98,99,highest-temperature-in-dallas-on-august-3-2026
dallas,2026-08-04,100-101°F,F,100,101,highest-temperature-in-dallas-on-august-4-2026
dallas,2026-08-05,100-101°F,F,100,101,highest-temperature-in-dallas-on-august-5-2026
dallas,2026-08-06,100-101°F,F,100,101,highest-temperature-in-dallas-on-august-6-2026
dallas,2026-08-07,100-101°F,F,100,101,highest-temperature-in-dallas-on-august-7-2026
dallas,2026-08-08,100-101°F,F,100,101,highest-temperature-in-dallas-on-august-8-2026
dallas,2026-08-09,98-99°F,F,98,99,highest-temperature-in-dallas-on-august-9-2026
dallas,2026-08-10,98-99°F,F,98,99,highest-temperature-in-dallas-on-august-10-2026
dallas,2026-08-11,98-99°F,F,98,99,highest-temperature-in-dallas-on-august-11-2026
dallas,2026-08-12,100-101°F,F,100,101,highest-temperature-in-dallas-on-august-12-2026
dallas,2026-08-13,100-101°F,F,100,101,highest-temperature-in-dallas-on-august-13-2026
dallas,2026-08-14,100-101°F,F,100,101,highest-temperature-in-dallas-on-august-14-2026
dallas,2026-08-15,100-101°F,F,100,101,highest-temperature-in-dallas-on-august-15-2026
dallas,2026-08-16,102-103°F,F,102,103,highest-temperature-in-dallas-on-august-16-2026
dallas,2026-08-17,104-105°F,F,104,105,highest-temperature-in-dallas-on-august-17-2026
dallas,2026-08-18,104-105°F,F,104,105,highest-temperature-in-dallas-on-august-18-2026
dallas,2026-08-19,104-105°F,F,104,105,highest-temperature-in-dallas-on-august-19-2026
dallas,2026-08-20,104-105°F,F,104,105,highest-temperature-in-dallas-on-august-20-2026
dallas,2026-08-21,99°F or below,F,-inf,99,highest-temperature-in-dallas-on-august-21-2026
dallas,2026-08-22,104-105°F,F,104,105,highest-temperature-in-dallas-on-august-22-2026
dallas,2026-08-23,108-109°F,F,108,109,highest-temperature-in-dallas-on-august-23-2026
dallas,2026-08-24,106-107°F,F,106,107,highest-temperature-in-dallas-on-august-24-2026
dallas,2026-08-25,100-101°F,F,100,101,highest-temperature-in-dallas-on-august-25-2026
dallas,2026-08-26,100-101°F,F,100,101,highest-temperature-in-dallas-on-august-26-2026
dallas,2026-08-27,100-101°F,F,100,101,highest-temperature-in-dallas-on-august-27-2026
dallas,2026-08-28,100-101°F,F,100,101,highest-temperature-in-dallas-on-august-28-2026
dallas,2026-08-29,100-101°F,F,100,101,highest-temperature-in-dallas-on-august-29-2026
dallas,2026-08-30,100-101°F,F,100,101,highest-temperature-in-dallas-on-august-30-2026
dallas,2026-08-31,100-101°F,F,100,101,highest-temperature-in-dallas-on-august-31-2026
dallas,2026-09-01,98-99°F,F,98,99,highest-temperature-in-dallas-on-september-1-2026
dallas,2026-09-02,100-101°F,F,100,101,highest-temperature-in-dallas-on-september-2-2026
dallas,2026-09-04,98-99°F,F,98,99,highest-temperature-in-dallas-on-september-4-2026
dallas,2026-09-05,98-99°F,F,98,99,highest-temperature-in-dallas-on-september-5-2026
dallas,2026-09-06,98-99°F,F,98,99,highest-temperature-in-dallas-on-september-6-2026
dallas,2026-09-07,100-101°F,F,100,101,highest-temperature-in-dallas-on-september-7-2026
dallas,2026-09-08,100-101°F,F,100,101,highest-temperature-in-dallas-on-september-8-2026
dallas,2026-09-09,100-101°F,F,100,101,highest-temperature-in-dallas-on-september-9-2026
dallas,2026-09-10,98-99°F,F,98,99,highest-temperature-in-dallas-on-september-10-2026
dallas,2026-09-11,98-99°F,F,98,99,highest-temperature-in-dallas-on-september-11-2026
dallas,2026-09-12,100-101°F,F,100,101,highest-temperature-in-dallas-on-september-12-2026
dallas,2026-09-13,98-99°F,F,98,99,highest-temperature-in-dallas-on-september-13-2026
dallas,2026-09-14,98-99°F,F,98,99,highest-temperature-in-dallas-on-september-14-2026
dallas,2026-09-15,98-99°F,F,98,99,highest-temperature-in-dallas-on-september-15-2026
dallas,2026-09-16,98-99°F,F,98,99,highest-temperature-in-dallas-on-september-16-2026
dallas,2026-09-17,96-97°F,F,96,97,highest-temperature-in-dallas-on-september-17-2026
dallas,2026-09-18,96-97°F,F,96,97,highest-temperature-in-dallas-on-september-18-2026
dallas,2026-09-19,96-97°F,F,96,97,highest-temperature-in-dallas-on-september-19-2026
dallas,2026-09-20,96-97°F,F,96,97,highest-temperature-in-dallas-on-september-20-2026
dallas,2026-09-21,96-97°F,F,96,97,highest-temperature-in-dallas-on-september-21-2026
dallas,2026-09-22,96-97°F,F,96,97,highest-temperature-in-dallas-on-september-22-2026
denver,2026-07-01,90-91°F,F,90,91,highest-temperature-in-denver-on-july-1-2026
denver,2026-07-02,90-91°F,F,90,91,highest-temperature-in-denver-on-july-2-2026
denver,2026-07-03,92-93°F,F,92,93,highest-temperature-in-denver-on-july-3-2026
denver,2026-07-04,88-89°F,F,88,89,highest-temperature-in-denver-on-july-4-2026
denver,2026-07-05,94-95°F,F,94,95,highest-temperature-in-denver-on-july-5-2026
denver,2026-07-06,96-97°F,F,96,97,highest-temperature-in-denver-on-july-6-2026
denver,2026-07-07,96-97°F,F,96,97,highest-temperature-in-denver-on-july-7-2026
denver,2026-07-08,92-93°F,F,92,93,highest-temperature-in-denver-on-july-8-2026
denver,2026-07-09,90-91°F,F,90,91,highest-temperature-in-denver-on-july-9-2026
denver,2026-07-10,90-91°F,F,90,91,highest-temperature-in-denver-on-july-10-2026
denver,2026-07-11,96-97°F,F,96,97,highest-temperature-in-denver-on-july-11-2026
denver,2026-07-12,96-97°F,F,96,97,highest-temperature-in-denver-on-july-12-2026
denver,2026-07-13,96-97°F,F,96,97,highest-temperature-in-denver-on-july-13-2026
denver,2026-07-14,94-95°F,F,94,95,highest-temperature-in-denver-on-july-14-2026
denver,2026-07-15,94-95°F,F,94,95,highest-temperature-in-denver-on-july-15-2026
denver,2026-07-16,92-93°F,F,92,93,highest-temperature-in-denver-on-july-16-2026
denver,2026-07-17,92-93°F,F,92,93,highest-temperature-in-denver-on-july-17-2026
denver,2026-07-18,94-95°F,F,94,95,highest-temperature-in-denver-on-july-18-2026
denver,2026-07-19,98-99°F,F,98,99,highest-temperature-in-denver-on-july-19-2026
denver,2026-07-20,100-101°F,F,100,101,highest-temperature-in-denver-on-july-20-2026
denver,2026-07-21,96-97°F,F,96,97,highest-temperature-in-denver-on-july-21-2026
denver,2026-07-22,94°F or higher,F,94,inf,highest-temperature-in-denver-on-july-22-2026
denver,2026-07-23,84-85°F,F,84,85,highest-temperature-in-denver-on-july-23-2026
denver,2026-07-24,96-97°F,F,96,97,highest-temperature-in-denver-on-july-24-2026
denver,2026-07-25,100-101°F,F,100,101,highest-temperature-in-denver-on-july-25-2026
denver,2026-07-26,100-101°F,F,100,101,highest-temperature-in-denver-on-july-26-2026
denver,2026-07-27,92-93°F,F,92,93,highest-temperature-in-denver-on-july-27-2026
denver,2026-07-28,92-93°F,F,92,93,highest-temperature-in-denver-on-july-28-2026
denver,2026-07-29,90-91°F,F,90,91,highest-temperature-in-denver-on-july-29-2026
denver,2026-07-30,94-95°F,F,94,95,highest-temperature-in-denver-on-july-30-2026
denver,2026-07-31,90-91°F,F,90,91,highest-temperature-in-denver-on-july-31-2026
denver,2026-08-01,92-93°F,F,92,93,highest-temperature-in-denver-on-august-1-2026
denver,2026-08-02,100-101°F,F,100,101,highest-temperature-in-denver-on-august-2-2026
denver,2026-08-03,100-101°F,F,100,101,highest-temperature-in-denver-on-august-3-2026
denver,2026-08-04,74-75°F,F,74,75,highest-temperature-in-denver-on-august-4-2026
denver,2026-08-05,84-85°F,F,84,85,highest-temperature-in-denver-on-august-5-2026
denver,2026-08-06,96-97°F,F,96,97,highest-temperature-in-denver-on-august-6-2026
denver,2026-08-07,96-97°F,F,96,97,highest-temperature-in-denver-on-august-7-2026
denver,2026-08-08,98-99°F,F,98,99,highest-temperature-in-denver-on-august-8-2026
denver,2026-08-09,98-99°F,F,98,99,highest-temperature-in-denver-on-august-9-2026
denver,2026-08-10,96-97°F,F,96,97,highest-temperature-in-denver-on-august-10-2026
denver,2026-08-11,94-95°F,F,94,95,highest-temperature-in-denver-on-august-11-2026
denver,2026-08-12,92-93°F,F,92,93,highest-temperature-in-denver-on-august-12-2026
denver,2026-08-13,80-81°F,F,80,81,highest-temperature-in-denver-on-august-13-2026
denver,2026-08-14,86-87°F,F,86,87,highest-temperature-in-denver-on-august-14-2026
denver,2026-08-15,82-83°F,F,82,83,highest-temperature-in-denver-on-august-15-2026
denver,2026-08-16,82-83°F,F,82,83,highest-temperature-in-denver-on-august-16-2026
denver,2026-08-17,92-93°F,F,92,93,highest-temperature-in-denver-on-august-17-2026
denver,2026-08-18,88-89°F,F,88,89,highest-temperature-in-denver-on-august-18-2026
denver,2026-08-19,90-91°F,F,90,91,highest-temperature-in-denver-on-august-19-2026
denver,2026-08-20,92-93°F,F,92,93,highest-temperature-in-denver-on-august-20-2026
denver,2026-08-21,100-101°F,F,100,101,highest-temperature-in-denver-on-august-21-2026
denver,2026-08-22,92-93°F,F,92,93,highest-temperature-in-denver-on-august-22-2026
denver,2026-08-23,92-93°F,F,92,93,highest-temperature-in-denver-on-august-23-2026
denver,2026-08-24,92-93°F,F,92,93,highest-temperature-in-denver-on-august-24-2026
denver,2026-08-25,82-83°F,F,82,83,highest-temperature-in-denver-on-august-25-2026
denver,2026-08-26,86-87°F,F,86,87,highest-temperature-in-denver-on-august-26-2026
denver,2026-08-27,90-91°F,F,90,91,highest-temperature-in-denver-on-august-27-2026
denver,2026-08-28,92-93°F,F,92,93,highest-temperature-in-denver-on-august-28-2026
denver,2026-08-29,92-93°F,F,92,93,highest-temperature-in-denver-on-august-29-2026
denver,2026-08-30,82-83°F,F,82,83,highest-temperature-in-denver-on-august-30-2026
denver,2026-08-31,86-87°F,F,86,87,highest-temperature-in-denver-on-august-31-2026
denver,2026-09-01,86-87°F,F,86,87,highest-temperature-in-denver-on-september-1-2026
denver,2026-09-02,88-89°F,F,88,89,highest-temperature-in-denver-on-september-2-2026
denver,2026-09-04,92-93°F,F,92,93,highest-temperature-in-denver-on-september-4-2026
denver,2026-09-05,94-95°F,F,94,95,highest-temperature-in-denver-on-september-5-2026
denver,2026-09-06,92-93°F,F,92,93,highest-temperature-in-denver-on-september-6-2026
denver,2026-09-07,90-91°F,F,90,91,highest-temperature-in-denver-on-september-7-2026
denver,2026-09-08,86-87°F,F,86,87,highest-temperature-in-denver-on-september-8-2026
denver,2026-09-09,82-83°F,F,82,83,highest-temperature-in-denver-on-september-9-2026
denver,2026-09-10,88-89°F,F,88,89,highest-temperature-in-denver-on-september-10-2026
denver,2026-09-11,88-89°F,F,88,89,highest-temperature-in-denver-on-september-11-2026
denver,2026-09-12,80-81°F,F,80,81,highest-temperature-in-denver-on-september-12-2026
denver,2026-09-13,94-95°F,F,94,95,highest-temperature-in-denver-on-september-13-2026
denver,2026-09-14,86-87°F,F,86,87,highest-temperature-in-denver-on-september-14-2026
denver,2026-09-15,72-73°F,F,72,73,highest-temperature-in-denver-on-september-15-2026
denver,2026-09-16,88-89°F,F,88,89,highest-temperature-in-denver-on-september-16-2026
denver,2026-09-17,80-81°F,F,80,81,highest-temperature-in-denver-on-september-17-2026
denver,2026-09-18,86-87°F,F,86,87,highest-temperature-in-denver-on-september-18-2026
denver,2026-09-19,76-77°F,F,76,77,highest-temperature-in-denver-on-september-19-2026
denver,2026-09-20,74-75°F,F,74,75,highest-temperature-in-denver-on-september-20-2026
denver,2026-09-21,76-77°F,F,76,77,highest-temperature-in-denver-on-september-21-2026
denver,2026-09-22,84-85°F,F,84,85,highest-temperature-in-denver-on-september-22-2026
guangzhou,2026-07-01,34°C,C,34,34,highest-temperature-in-guangzhou-on-july-1-2026
guangzhou,2026-07-02,36°C,C,36,36,highest-temperature-in-guangzhou-on-july-2-2026
guangzhou,2026-07-03,34°C,C,34,34,highest-temperature-in-guangzhou-on-july-3-2026
guangzhou,2026-07-04,30°C,C,30,30,highest-temperature-in-guangzhou-on-july-4-2026
guangzhou,2026-07-05,32°C,C,32,32,highest-temperature-in-guangzhou-on-july-5-2026
guangzhou,2026-07-06,32°C,C,32,32,highest-temperature-in-guangzhou-on-july-6-2026
guangzhou,2026-07-07,31°C,C,31,31,highest-temperature-in-guangzhou-on-july-7-2026
guangzhou,2026-07-08,31°C,C,31,31,highest-temperature-in-guangzhou-on-july-8-2026
guangzhou,2026-07-09,32°C,C,32,32,highest-temperature-in-guangzhou-on-july-9-2026
guangzhou,2026-07-10,35°C,C,35,35,highest-temperature-in-guangzhou-on-july-10-2026
guangzhou,2026-07-11,37°C,C,37,37,highest-temperature-in-guangzhou-on-july-11-2026
guangzhou,2026-07-12,39°C,C,39,39,highest-temperature-in-guangzhou-on-july-12-2026
guangzhou,2026-07-13,38°C,C,38,38,highest-temperature-in-guangzhou-on-july-13-2026
guangzhou,2026-07-14,34°C or higher,C,34,inf,highest-temperature-in-guangzhou-on-july-14-2026
guangzhou,2026-07-15,30°C,C,30,30,highest-temperature-in-guangzhou-on-july-15-2026
guangzhou,2026-07-16,32°C,C,32,32,highest-temperature-in-guangzhou-on-july-16-2026
guangzhou,2026-07-17,34°C,C,34,34,highest-temperature-in-guangzhou-on-july-17-2026
guangzhou,2026-07-18,31°C,C,31,31,highest-temperature-in-guangzhou-on-july-18-2026
guangzhou,2026-07-19,32°C,C,32,32,highest-temperature-in-guangzhou-on-july-19-2026
guangzhou,2026-07-20,33°C,C,33,33,highest-temperature-in-guangzhou-on-july-20-2026
guangzhou,2026-07-21,31°C,C,31,31,highest-temperature-in-guangzhou-on-july-21-2026
guangzhou,2026-07-22,34°C,C,34,34,highest-temperature-in-guangzhou-on-july-22-2026
guangzhou,2026-07-23,36°C,C,36,36,highest-temperature-in-guangzhou-on-july-23-2026
guangzhou,2026-07-24,36°C,C,36,36,highest-temperature-in-guangzhou-on-july-24-2026
guangzhou,2026-07-25,37°C,C,37,37,highest-temperature-in-guangzhou-on-july-25-2026
guangzhou,2026-07-26,29°C,C,29,29,highest-temperature-in-guangzhou-on-july-26-2026
guangzhou,2026-07-27,32°C,C,32,32,highest-temperature-in-guangzhou-on-july-27-2026
guangzhou,2026-07-28,31°C,C,31,31,highest-temperature-in-guangzhou-on-july-28-2026
guangzhou,2026-07-29,31°C,C,31,31,highest-temperature-in-guangzhou-on-july-29-2026
guangzhou,2026-07-30,32°C,C,32,32,highest-temperature-in-guangzhou-on-july-30-2026
guangzhou,2026-07-31,33°C,C,33,33,highest-temperature-in-guangzhou-on-july-31-2026
guangzhou,2026-08-01,31°C,C,31,31,highest-temperature-in-guangzhou-on-august-1-2026
guangzhou,2026-08-02,30°C,C,30,30,highest-temperature-in-guangzhou-on-august-2-2026
guangzhou,2026-08-03,31°C,C,31,31,highest-temperature-in-guangzhou-on-august-3-2026
guangzhou,2026-08-04,32°C,C,32,32,highest-temperature-in-guangzhou-on-august-4-2026
guangzhou,2026-08-05,35°C,C,35,35,highest-temperature-in-guangzhou-on-august-5-2026
guangzhou,2026-08-06,37°C,C,37,37,highest-temperature-in-guangzhou-on-august-6-2026
guangzhou,2026-08-07,37°C,C,37,37,highest-temperature-in-guangzhou-on-august-7-2026
guangzhou,2026-08-08,37°C,C,37,37,highest-temperature-in-guangzhou-on-august-8-2026
guangzhou,2026-08-09,38°C,C,38,38,highest-temperature-in-guangzhou-on-august-9-2026
guangzhou,2026-08-10,37°C,C,37,37,highest-temperature-in-guangzhou-on-august-10-2026
guangzhou,2026-08-11,37°C,C,37,37,highest-temperature-in-guangzhou-on-august-11-2026
guangzhou,2026-08-12,39°C,C,39,39,highest-temperature-in-guangzhou-on-august-12-2026
guangzhou,2026-08-13,35°C,C,35,35,highest-temperature-in-guangzhou-on-august-13-2026
guangzhou,2026-08-14,34°C,C,34,34,highest-temperature-in-guangzhou-on-august-14-2026
guangzhou,2026-08-15,35°C,C,35,35,highest-temperature-in-guangzhou-on-august-15-2026
guangzhou,2026-08-16,37°C,C,37,37,highest-temperature-in-guangzhou-on-august-16-2026
guangzhou,2026-08-17,34°C,C,34,34,highest-temperature-in-guangzhou-on-august-17-2026
guangzhou,2026-08-18,34°C,C,34,34,highest-temperature-in-guangzhou-on-august-18-2026
guangzhou,2026-08-19,35°C,C,35,35,highest-temperature-in-guangzhou-on-august-19-2026
guangzhou,2026-08-20,35°C,C,35,35,highest-temperature-in-guangzhou-on-august-20-2026
guangzhou,2026-08-21,34°C,C,34,34,highest-temperature-in-guangzhou-on-august-21-2026
guangzhou,2026-08-22,36°C,C,36,36,highest-temperature-in-guangzhou-on-august-22-2026
guangzhou,2026-08-23,33°C,C,33,33,highest-temperature-in-guangzhou-on-august-23-2026
guangzhou,2026-08-24,34°C,C,34,34,highest-temperature-in-guangzhou-on-august-24-2026
guangzhou,2026-08-25,33°C,C,33,33,highest-temperature-in-guangzhou-on-august-25-2026
guangzhou,2026-08-26,31°C,C,31,31,highest-temperature-in-guangzhou-on-august-26-2026
guangzhou,2026-08-27,31°C,C,31,31,highest-temperature-in-guangzhou-on-august-27-2026
guangzhou,2026-08-28,33°C,C,33,33,highest-temperature-in-guangzhou-on-august-28-2026
guangzhou,2026-08-29,36°C,C,36,36,highest-temperature-in-guangzhou-on-august-29-2026
guangzhou,2026-08-30,27°C or below,C,-inf,27,highest-temperature-in-guangzhou-on-august-30-2026
guangzhou,2026-08-31,33°C,C,33,33,highest-temperature-in-guangzhou-on-august-31-2026
guangzhou,2026-09-01,31°C,C,31,31,highest-temperature-in-guangzhou-on-september-1-2026
guangzhou,2026-09-02,30°C,C,30,30,highest-temperature-in-guangzhou-on-september-2-2026
guangzhou,2026-09-04,28°C,C,28,28,highest-temperature-in-guangzhou-on-september-4-2026
guangzhou,2026-09-05,35°C,C,35,35,highest-temperature-in-guangzhou-on-september-5-2026
guangzhou,2026-09-06,30°C,C,30,30,highest-temperature-in-guangzhou-on-september-6-2026
guangzhou,2026-09-07,35°C,C,35,35,highest-temperature-in-guangzhou-on-september-7-2026
guangzhou,2026-09-08,35°C,C,35,35,highest-temperature-in-guangzhou-on-september-8-2026
guangzhou,2026-09-09,35°C,C,35,35,highest-temperature-in-guangzhou-on-september-9-2026
guangzhou,2026-09-10,32°C,C,32,32,highest-temperature-in-guangzhou-on-september-10-2026
guangzhou,2026-09-11,32°C,C,32,32,highest-temperature-in-guangzhou-on-september-11-2026
guangzhou,2026-09-12,32°C,C,32,32,highest-temperature-in-guangzhou-on-september-12-2026
guangzhou,2026-09-13,34°C,C,34,34,highest-temperature-in-guangzhou-on-september-13-2026
guangzhou,2026-09-14,34°C,C,34,34,highest-temperature-in-guangzhou-on-september-14-2026
guangzhou,2026-09-15,35°C,C,35,35,highest-temperature-in-guangzhou-on-september-15-2026
guangzhou,2026-09-16,31°C,C,31,31,highest-temperature-in-guangzhou-on-september-16-2026
guangzhou,2026-09-17,36°C,C,36,36,highest-temperature-in-guangzhou-on-september-17-2026
guangzhou,2026-09-18,36°C,C,36,36,highest-temperature-in-guangzhou-on-september-18-2026
guangzhou,2026-09-19,36°C,C,36,36,highest-temperature-in-guangzhou-on-september-19-2026
guangzhou,2026-09-20,36°C,C,36,36,highest-temperature-in-guangzhou-on-september-20-2026
guangzhou,2026-09-21,36°C,C,36,36,highest-temperature-in-guangzhou-on-september-21-2026
guangzhou,2026-09-22,34°C,C,34,34,highest-temperature-in-guangzhou-on-september-22-2026
guangzhou,2026-09-23,35°C,C,35,35,highest-temperature-in-guangzhou-on-september-23-2026
helsinki,2026-07-01,24°C,C,24,24,highest-temperature-in-helsinki-on-july-1-2026
helsinki,2026-07-02,20°C,C,20,20,highest-temperature-in-helsinki-on-july-2-2026
helsinki,2026-07-03,19°C,C,19,19,highest-temperature-in-helsinki-on-july-3-2026
helsinki,2026-07-04,20°C,C,20,20,highest-temperature-in-helsinki-on-july-4-2026
helsinki,2026-07-05,17°C,C,17,17,highest-temperature-in-helsinki-on-july-5-2026
helsinki,2026-07-06,17°C,C,17,17,highest-temperature-in-helsinki-on-july-6-2026
helsinki,2026-07-07,17°C,C,17,17,highest-temperature-in-helsinki-on-july-7-2026
helsinki,2026-07-08,19°C,C,19,19,highest-temperature-in-helsinki-on-july-8-2026
helsinki,2026-07-09,19°C,C,19,19,highest-temperature-in-helsinki-on-july-9-2026
helsinki,2026-07-10,22°C,C,22,22,highest-temperature-in-helsinki-on-july-10-2026
helsinki,2026-07-11,28°C,C,28,28,highest-temperature-in-helsinki-on-july-11-2026
helsinki,2026-07-12,27°C,C,27,27,highest-temperature-in-helsinki-on-july-12-2026
helsinki,2026-07-13,20°C,C,20,20,highest-temperature-in-helsinki-on-july-13-2026
helsinki,2026-07-14,23°C,C,23,23,highest-temperature-in-helsinki-on-july-14-2026
helsinki,2026-07-15,26°C,C,26,26,highest-temperature-in-helsinki-on-july-15-2026
helsinki,2026-07-16,22°C,C,22,22,highest-temperature-in-helsinki-on-july-16-2026
helsinki,2026-07-17,24°C,C,24,24,highest-temperature-in-helsinki-on-july-17-2026
helsinki,2026-07-18,26°C,C,26,26,highest-temperature-in-helsinki-on-july-18-2026
helsinki,2026-07-19,20°C,C,20,20,highest-temperature-in-helsinki-on-july-19-2026
helsinki,2026-07-20,21°C,C,21,21,highest-temperature-in-helsinki-on-july-20-2026
helsinki,2026-07-21,14°C,C,14,14,highest-temperature-in-helsinki-on-july-21-2026
helsinki,2026-07-22,19°C,C,19,19,highest-temperature-in-helsinki-on-july-22-2026
helsinki,2026-07-23,20°C,C,20,20,highest-temperature-in-helsinki-on-july-23-2026
helsinki,2026-07-24,21°C,C,21,21,highest-temperature-in-helsinki-on-july-24-2026
helsinki,2026-07-25,20°C,C,20,20,highest-temperature-in-helsinki-on-july-25-2026
helsinki,2026-07-26,19°C,C,19,19,highest-temperature-in-helsinki-on-july-26-2026
helsinki,2026-07-27,21°C,C,21,21,highest-temperature-in-helsinki-on-july-27-2026
helsinki,2026-07-28,20°C,C,20,20,highest-temperature-in-helsinki-on-july-28-2026
helsinki,2026-07-29,24°C,C,24,24,highest-temperature-in-helsinki-on-july-29-2026
helsinki,2026-07-30,24°C,C,24,24,highest-temperature-in-helsinki-on-july-30-2026
helsinki,2026-07-31,26°C,C,26,26,highest-temperature-in-helsinki-on-july-31-2026
helsinki,2026-08-01,23°C,C,23,23,highest-temperature-in-helsinki-on-august-1-2026
helsinki,2026-08-02,22°C,C,22,22,highest-temperature-in-helsinki-on-august-2-2026
helsinki,2026-08-03,21°C,C,21,21,highest-temperature-in-helsinki-on-august-3-2026
helsinki,2026-08-04,21°C,C,21,21,highest-temperature-in-helsinki-on-august-4-2026
helsinki,2026-08-05,21°C,C,21,21,highest-temperature-in-helsinki-on-august-5-2026
helsinki,2026-08-06,25°C,C,25,25,highest-temperature-in-helsinki-on-august-6-2026
helsinki,2026-08-07,22°C,C,22,22,highest-temperature-in-helsinki-on-august-7-2026
helsinki,2026-08-08,20°C,C,20,20,highest-temperature-in-helsinki-on-august-8-2026
helsinki,2026-08-09,22°C,C,22,22,highest-temperature-in-helsinki-on-august-9-2026
helsinki,2026-08-10,23°C,C,23,23,highest-temperature-in-helsinki-on-august-10-2026
helsinki,2026-08-11,18°C,C,18,18,highest-temperature-in-helsinki-on-august-11-2026
helsinki,2026-08-12,17°C,C,17,17,highest-temperature-in-helsinki-on-august-12-2026
helsinki,2026-08-13,19°C,C,19,19,highest-temperature-in-helsinki-on-august-13-2026
helsinki,2026-08-14,20°C,C,20,20,highest-temperature-in-helsinki-on-august-14-2026
helsinki,2026-08-15,23°C,C,23,23,highest-temperature-in-helsinki-on-august-15-2026
helsinki,2026-08-16,21°C,C,21,21,highest-temperature-in-helsinki-on-august-16-2026
helsinki,2026-08-17,22°C,C,22,22,highest-temperature-in-helsinki-on-august-17-2026
helsinki,2026-08-18,20°C,C,20,20,highest-temperature-in-helsinki-on-august-18-2026
helsinki,2026-08-19,20°C,C,20,20,highest-temperature-in-helsinki-on-august-19-2026
helsinki,2026-08-20,18°C,C,18,18,highest-temperature-in-helsinki-on-august-20-2026
helsinki,2026-08-21,21°C,C,21,21,highest-temperature-in-helsinki-on-august-21-2026
helsinki,2026-08-22,18°C,C,18,18,highest-temperature-in-helsinki-on-august-22-2026
helsinki,2026-08-23,15°C,C,15,15,highest-temperature-in-helsinki-on-august-23-2026
helsinki,2026-08-24,18°C,C,18,18,highest-temperature-in-helsinki-on-august-24-2026
helsinki,2026-08-25,19°C,C,19,19,highest-temperature-in-helsinki-on-august-25-2026
helsinki,2026-08-26,21°C,C,21,21,highest-temperature-in-helsinki-on-august-26-2026
helsinki,2026-08-27,22°C,C,22,22,highest-temperature-in-helsinki-on-august-27-2026
helsinki,2026-08-28,20°C,C,20,20,highest-temperature-in-helsinki-on-august-28-2026
helsinki,2026-08-29,19°C,C,19,19,highest-temperature-in-helsinki-on-august-29-2026
helsinki,2026-08-30,20°C,C,20,20,highest-temperature-in-helsinki-on-august-30-2026
helsinki,2026-08-31,19°C,C,19,19,highest-temperature-in-helsinki-on-august-31-2026
helsinki,2026-09-01,20°C,C,20,20,highest-temperature-in-helsinki-on-september-1-2026
helsinki,2026-09-02,20°C,C,20,20,highest-temperature-in-helsinki-on-september-2-2026
helsinki,2026-09-04,18°C,C,18,18,highest-temperature-in-helsinki-on-september-4-2026
helsinki,2026-09-05,18°C,C,18,18,highest-temperature-in-helsinki-on-september-5-2026
helsinki,2026-09-06,15°C,C,15,15,highest-temperature-in-helsinki-on-september-6-2026
helsinki,2026-09-07,17°C,C,17,17,highest-temperature-in-helsinki-on-september-7-2026
helsinki,2026-09-08,17°C,C,17,17,highest-temperature-in-helsinki-on-september-8-2026
helsinki,2026-09-09,18°C,C,18,18,highest-temperature-in-helsinki-on-september-9-2026
helsinki,2026-09-10,17°C,C,17,17,highest-temperature-in-helsinki-on-september-10-2026
helsinki,2026-09-11,17°C,C,17,17,highest-temperature-in-helsinki-on-september-11-2026
helsinki,2026-09-12,17°C,C,17,17,highest-temperature-in-helsinki-on-september-12-2026
helsinki,2026-09-13,16°C,C,16,16,highest-temperature-in-helsinki-on-september-13-2026
helsinki,2026-09-14,17°C,C,17,17,highest-temperature-in-helsinki-on-september-14-2026
helsinki,2026-09-15,17°C,C,17,17,highest-temperature-in-helsinki-on-september-15-2026
helsinki,2026-09-16,16°C,C,16,16,highest-temperature-in-helsinki-on-september-16-2026
helsinki,2026-09-17,17°C,C,17,17,highest-temperature-in-helsinki-on-september-17-2026
helsinki,2026-09-18,17°C,C,17,17,highest-temperature-in-helsinki-on-september-18-2026
helsinki,2026-09-19,16°C,C,16,16,highest-temperature-in-helsinki-on-september-19-2026
helsinki,2026-09-20,17°C,C,17,17,highest-temperature-in-helsinki-on-september-20-2026
helsinki,2026-09-21,16°C,C,16,16,highest-temperature-in-helsinki-on-september-21-2026
helsinki,2026-09-22,15°C,C,15,15,highest-temperature-in-helsinki-on-september-22-2026
helsinki,2026-09-23,11°C,C,11,11,highest-temperature-in-helsinki-on-september-23-2026
hong-kong,2026-07-01,33°C,C,33,33,highest-temperature-in-hong-kong-on-july-1-2026
hong-kong,2026-07-02,32°C,C,32,32,highest-temperature-in-hong-kong-on-july-2-2026
hong-kong,2026-07-03,31°C,C,31,31,highest-temperature-in-hong-kong-on-july-3-2026
hong-kong,2026-07-04,32°C,C,32,32,highest-temperature-in-hong-kong-on-july-4-2026
hong-kong,2026-07-05,33°C,C,33,33,highest-temperature-in-hong-kong-on-july-5-2026
hong-kong,2026-07-06,31°C,C,31,31,highest-temperature-in-hong-kong-on-july-6-2026
hong-kong,2026-07-07,28°C,C,28,28,highest-temperature-in-hong-kong-on-july-7-2026
hong-kong,2026-07-08,31°C,C,31,31,highest-temperature-in-hong-kong-on-july-8-2026
hong-kong,2026-07-09,31°C,C,31,31,highest-temperature-in-hong-kong-on-july-9-2026
hong-kong,2026-07-10,33°C,C,33,33,highest-temperature-in-hong-kong-on-july-10-2026
hong-kong,2026-07-11,34°C,C,34,34,highest-temperature-in-hong-kong-on-july-11-2026
hong-kong,2026-07-12,34°C,C,34,34,highest-temperature-in-hong-kong-on-july-12-2026
hong-kong,2026-07-13,33°C,C,33,33,highest-temperature-in-hong-kong-on-july-13-2026
hong-kong,2026-07-14,28°C,C,28,28,highest-temperature-in-hong-kong-on-july-14-2026
hong-kong,2026-07-15,28°C,C,28,28,highest-temperature-in-hong-kong-on-july-15-2026
hong-kong,2026-07-16,27°C,C,27,27,highest-temperature-in-hong-kong-on-july-16-2026
hong-kong,2026-07-17,30°C,C,30,30,highest-temperature-in-hong-kong-on-july-17-2026
hong-kong,2026-07-18,30°C,C,30,30,highest-temperature-in-hong-kong-on-july-18-2026
hong-kong,2026-07-19,30°C,C,30,30,highest-temperature-in-hong-kong-on-july-19-2026
hong-kong,2026-07-20,29°C,C,29,29,highest-temperature-in-hong-kong-on-july-20-2026
hong-kong,2026-07-21,30°C,C,30,30,highest-temperature-in-hong-kong-on-july-21-2026
hong-kong,2026-07-22,33°C,C,33,33,highest-temperature-in-hong-kong-on-july-22-2026
hong-kong,2026-07-23,33°C,C,33,33,highest-temperature-in-hong-kong-on-july-23-2026
hong-kong,2026-07-24,33°C,C,33,33,highest-temperature-in-hong-kong-on-july-24-2026
hong-kong,2026-07-25,34°C,C,34,34,highest-temperature-in-hong-kong-on-july-25-2026
hong-kong,2026-07-26,28°C,C,28,28,highest-temperature-in-hong-kong-on-july-26-2026
hong-kong,2026-07-27,28°C,C,28,28,highest-temperature-in-hong-kong-on-july-27-2026
hong-kong,2026-07-28,29°C,C,29,29,highest-temperature-in-hong-kong-on-july-28-2026
hong-kong,2026-07-29,27°C,C,27,27,highest-temperature-in-hong-kong-on-july-29-2026
hong-kong,2026-07-30,28°C,C,28,28,highest-temperature-in-hong-kong-on-july-30-2026
hong-kong,2026-07-31,27°C,C,27,27,highest-temperature-in-hong-kong-on-july-31-2026
hong-kong,2026-08-01,28°C,C,28,28,highest-temperature-in-hong-kong-on-august-1-2026
hong-kong,2026-08-02,26°C,C,26,26,highest-temperature-in-hong-kong-on-august-2-2026
hong-kong,2026-08-03,28°C,C,28,28,highest-temperature-in-hong-kong-on-august-3-2026
hong-kong,2026-08-04,32°C,C,32,32,highest-temperature-in-hong-kong-on-august-4-2026
hong-kong,2026-08-05,33°C,C,33,33,highest-temperature-in-hong-kong-on-august-5-2026
hong-kong,2026-08-06,34°C,C,34,34,highest-temperature-in-hong-kong-on-august-6-2026
hong-kong,2026-08-07,33°C,C,33,33,highest-temperature-in-hong-kong-on-august-7-2026
hong-kong,2026-08-08,34°C,C,34,34,highest-temperature-in-hong-kong-on-august-8-2026
hong-kong,2026-08-09,36°C,C,36,36,highest-temperature-in-hong-kong-on-august-9-2026
hong-kong,2026-08-10,35°C,C,35,35,highest-temperature-in-hong-kong-on-august-10-2026
hong-kong,2026-08-11,35°C,C,35,35,highest-temperature-in-hong-kong-on-august-11-2026
hong-kong,2026-08-12,34°C,C,34,34,highest-temperature-in-hong-kong-on-august-12-2026
hong-kong,2026-08-13,33°C,C,33,33,highest-temperature-in-hong-kong-on-august-13-2026
hong-kong,2026-08-14,30°C,C,30,30,highest-temperature-in-hong-kong-on-august-14-2026
hong-kong,2026-08-15,31°C,C,31,31,highest-temperature-in-hong-kong-on-august-15-2026
hong-kong,2026-08-16,33°C,C,33,33,highest-temperature-in-hong-kong-on-august-16-2026
hong-kong,2026-08-17,32°C,C,32,32,highest-temperature-in-hong-kong-on-august-17-2026
hong-kong,2026-08-18,32°C,C,32,32,highest-temperature-in-hong-kong-on-august-18-2026
hong-kong,2026-08-19,32°C,C,32,32,highest-temperature-in-hong-kong-on-august-19-2026
hong-kong,2026-08-20,29°C,C,29,29,highest-temperature-in-hong-kong-on-august-20-2026
hong-kong,2026-08-21,31°C,C,31,31,highest-temperature-in-hong-kong-on-august-21-2026
hong-kong,2026-08-22,31°C,C,31,31,highest-temperature-in-hong-kong-on-august-22-2026
hong-kong,2026-08-23,32°C,C,32,32,highest-temperature-in-hong-kong-on-august-23-2026
hong-kong,2026-08-24,33°C,C,33,33,highest-temperature-in-hong-kong-on-august-24-2026
hong-kong,2026-08-25,31°C,C,31,31,highest-temperature-in-hong-kong-on-august-25-2026
hong-kong,2026-08-26,29°C,C,29,29,highest-temperature-in-hong-kong-on-august-26-2026
hong-kong,2026-08-27,29°C,C,29,29,highest-temperature-in-hong-kong-on-august-27-2026
hong-kong,2026-08-28,32°C,C,32,32,highest-temperature-in-hong-kong-on-august-28-2026
hong-kong,2026-08-29,32°C,C,32,32,highest-temperature-in-hong-kong-on-august-29-2026
hong-kong,2026-08-30,30°C,C,30,30,highest-temperature-in-hong-kong-on-august-30-2026
hong-kong,2026-08-31,29°C,C,29,29,highest-temperature-in-hong-kong-on-august-31-2026
hong-kong,2026-09-01,28°C,C,28,28,highest-temperature-in-hong-kong-on-september-1-2026
hong-kong,2026-09-02,31°C,C,31,31,highest-temperature-in-hong-kong-on-september-2-2026
hong-kong,2026-09-04,31°C,C,31,31,highest-temperature-in-hong-kong-on-september-4-2026
hong-kong,2026-09-05,32°C,C,32,32,highest-temperature-in-hong-kong-on-september-5-2026
hong-kong,2026-09-06,30°C,C,30,30,highest-temperature-in-hong-kong-on-september-6-2026
hong-kong,2026-09-07,30°C,C,30,30,highest-temperature-in-hong-kong-on-september-7-2026
hong-kong,2026-09-08,32°C,C,32,32,highest-temperature-in-hong-kong-on-september-8-2026
hong-kong,2026-09-09,32°C,C,32,32,highest-temperature-in-hong-kong-on-september-9-2026
hong-kong,2026-09-10,31°C,C,31,31,highest-temperature-in-hong-kong-on-september-10-2026
hong-kong,2026-09-11,32°C,C,32,32,highest-temperature-in-hong-kong-on-september-11-2026
hong-kong,2026-09-12,33°C,C,33,33,highest-temperature-in-hong-kong-on-september-12-2026
hong-kong,2026-09-13,31°C,C,31,31,highest-temperature-in-hong-kong-on-september-13-2026
hong-kong,2026-09-14,28°C,C,28,28,highest-temperature-in-hong-kong-on-september-14-2026
hong-kong,2026-09-15,31°C,C,31,31,highest-temperature-in-hong-kong-on-september-15-2026
hong-kong,2026-09-16,31°C,C,31,31,highest-temperature-in-hong-kong-on-september-16-2026
hong-kong,2026-09-17,31°C,C,31,31,highest-temperature-in-hong-kong-on-september-17-2026
hong-kong,2026-09-18,31°C,C,31,31,highest-temperature-in-hong-kong-on-september-18-2026
hong-kong,2026-09-19,33°C,C,33,33,highest-temperature-in-hong-kong-on-september-19-2026
hong-kong,2026-09-20,33°C,C,33,33,highest-temperature-in-hong-kong-on-september-20-2026
hong-kong,2026-09-21,33°C,C,33,33,highest-temperature-in-hong-kong-on-september-21-2026
hong-kong,2026-09-22,30°C,C,30,30,highest-temperature-in-hong-kong-on-september-22-2026
houston,2026-07-01,94-95°F,F,94,95,highest-temperature-in-houston-on-july-1-2026
houston,2026-07-02,94-95°F,F,94,95,highest-temperature-in-houston-on-july-2-2026
houston,2026-07-03,96-97°F,F,96,97,highest-temperature-in-houston-on-july-3-2026
houston,2026-07-04,98-99°F,F,98,99,highest-temperature-in-houston-on-july-4-2026
houston,2026-07-05,98-99°F,F,98,99,highest-temperature-in-houston-on-july-5-2026
houston,2026-07-06,96-97°F,F,96,97,highest-temperature-in-houston-on-july-6-2026
houston,2026-07-07,92-93°F,F,92,93,highest-temperature-in-houston-on-july-7-2026
houston,2026-07-08,92-93°F,F,92,93,highest-temperature-in-houston-on-july-8-2026
houston,2026-07-09,92-93°F,F,92,93,highest-temperature-in-houston-on-july-9-2026
houston,2026-07-10,92-93°F,F,92,93,highest-temperature-in-houston-on-july-10-2026
houston,2026-07-11,88-89°F,F,88,89,highest-temperature-in-houston-on-july-11-2026
houston,2026-07-12,92-93°F,F,92,93,highest-temperature-in-houston-on-july-12-2026
houston,2026-07-13,84-85°F,F,84,85,highest-temperature-in-houston-on-july-13-2026
houston,2026-07-14,80-81°F,F,80,81,highest-temperature-in-houston-on-july-14-2026
houston,2026-07-15,86-87°F,F,86,87,highest-temperature-in-houston-on-july-15-2026
houston,2026-07-16,90-91°F,F,90,91,highest-temperature-in-houston-on-july-16-2026
houston,2026-07-17,92-93°F,F,92,93,highest-temperature-in-houston-on-july-17-2026
houston,2026-07-18,92-93°F,F,92,93,highest-temperature-in-houston-on-july-18-2026
houston,2026-07-19,94-95°F,F,94,95,highest-temperature-in-houston-on-july-19-2026
houston,2026-07-20,94-95°F,F,94,95,highest-temperature-in-houston-on-july-20-2026
houston,2026-07-21,96-97°F,F,96,97,highest-temperature-in-houston-on-july-21-2026
houston,2026-07-22,102-103°F,F,102,103,highest-temperature-in-houston-on-july-22-2026
houston,2026-07-23,90-91°F,F,90,91,highest-temperature-in-houston-on-july-23-2026
houston,2026-07-24,92-93°F,F,92,93,highest-temperature-in-houston-on-july-24-2026
houston,2026-07-25,92-93°F,F,92,93,highest-temperature-in-houston-on-july-25-2026
houston,2026-07-26,94-95°F,F,94,95,highest-temperature-in-houston-on-july-26-2026
houston,2026-07-27,94-95°F,F,94,95,highest-temperature-in-houston-on-july-27-2026
houston,2026-07-28,94-95°F,F,94,95,highest-temperature-in-houston-on-july-28-2026
houston,2026-07-29,94-95°F,F,94,95,highest-temperature-in-houston-on-july-29-2026
houston,2026-07-30,96-97°F,F,96,97,highest-temperature-in-houston-on-july-30-2026
houston,2026-07-31,96-97°F,F,96,97,highest-temperature-in-houston-on-july-31-2026
houston,2026-08-01,94-95°F,F,94,95,highest-temperature-in-houston-on-august-1-2026
houston,2026-08-02,98-99°F,F,98,99,highest-temperature-in-houston-on-august-2-2026
houston,2026-08-03,96-97°F,F,96,97,highest-temperature-in-houston-on-august-3-2026
houston,2026-08-04,94-95°F,F,94,95,highest-temperature-in-houston-on-august-4-2026
houston,2026-08-05,96-97°F,F,96,97,highest-temperature-in-houston-on-august-5-2026
houston,2026-08-06,92-93°F,F,92,93,highest-temperature-in-houston-on-august-6-2026
houston,2026-08-07,92-93°F,F,92,93,highest-temperature-in-houston-on-august-7-2026
houston,2026-08-08,92-93°F,F,92,93,highest-temperature-in-houston-on-august-8-2026
houston,2026-08-09,92-93°F,F,92,93,highest-temperature-in-houston-on-august-9-2026
houston,2026-08-10,86-87°F,F,86,87,highest-temperature-in-houston-on-august-10-2026
houston,2026-08-11,92-93°F,F,92,93,highest-temperature-in-houston-on-august-11-2026
houston,2026-08-12,94-95°F,F,94,95,highest-temperature-in-houston-on-august-12-2026
houston,2026-08-13,94-95°F,F,94,95,highest-temperature-in-houston-on-august-13-2026
houston,2026-08-14,92-93°F,F,92,93,highest-temperature-in-houston-on-august-14-2026
houston,2026-08-15,96-97°F,F,96,97,highest-temperature-in-houston-on-august-15-2026
houston,2026-08-16,94-95°F,F,94,95,highest-temperature-in-houston-on-august-16-2026
houston,2026-08-17,96-97°F,F,96,97,highest-temperature-in-houston-on-august-17-2026
houston,2026-08-18,94-95°F,F,94,95,highest-temperature-in-houston-on-august-18-2026
houston,2026-08-19,96-97°F,F,96,97,highest-temperature-in-houston-on-august-19-2026
houston,2026-08-20,96-97°F,F,96,97,highest-temperature-in-houston-on-august-20-2026
houston,2026-08-21,98-99°F,F,98,99,highest-temperature-in-houston-on-august-21-2026
houston,2026-08-22,100-101°F,F,100,101,highest-temperature-in-houston-on-august-22-2026
houston,2026-08-23,98-99°F,F,98,99,highest-temperature-in-houston-on-august-23-2026
houston,2026-08-24,98-99°F,F,98,99,highest-temperature-in-houston-on-august-24-2026
houston,2026-08-25,96-97°F,F,96,97,highest-temperature-in-houston-on-august-25-2026
houston,2026-08-26,98-99°F,F,98,99,highest-temperature-in-houston-on-august-26-2026
houston,2026-08-27,96-97°F,F,96,97,highest-temperature-in-houston-on-august-27-2026
houston,2026-08-28,94-95°F,F,94,95,highest-temperature-in-houston-on-august-28-2026
houston,2026-08-29,94-95°F,F,94,95,highest-temperature-in-houston-on-august-29-2026
houston,2026-08-30,96-97°F,F,96,97,highest-temperature-in-houston-on-august-30-2026
houston,2026-08-31,90-91°F,F,90,91,highest-temperature-in-houston-on-august-31-2026
houston,2026-09-01,86-87°F,F,86,87,highest-temperature-in-houston-on-september-1-2026
houston,2026-09-02,94-95°F,F,94,95,highest-temperature-in-houston-on-september-2-2026
houston,2026-09-04,90-91°F,F,90,91,highest-temperature-in-houston-on-september-4-2026
houston,2026-09-05,90-91°F,F,90,91,highest-temperature-in-houston-on-september-5-2026
houston,2026-09-06,88-89°F,F,88,89,highest-temperature-in-houston-on-september-6-2026
houston,2026-09-07,94-95°F,F,94,95,highest-temperature-in-houston-on-september-7-2026
houston,2026-09-08,92-93°F,F,92,93,highest-temperature-in-houston-on-september-8-2026
houston,2026-09-09,90-91°F,F,90,91,highest-temperature-in-houston-on-september-9-2026
houston,2026-09-10,88-89°F,F,88,89,highest-temperature-in-houston-on-september-10-2026
houston,2026-09-11,94-95°F,F,94,95,highest-temperature-in-houston-on-september-11-2026
houston,2026-09-12,96-97°F,F,96,97,highest-temperature-in-houston-on-september-12-2026
houston,2026-09-13,92-93°F,F,92,93,highest-temperature-in-houston-on-september-13-2026
houston,2026-09-14,94-95°F,F,94,95,highest-temperature-in-houston-on-september-14-2026
houston,2026-09-15,94-95°F,F,94,95,highest-temperature-in-houston-on-september-15-2026
houston,2026-09-16,92-93°F,F,92,93,highest-temperature-in-houston-on-september-16-2026
houston,2026-09-17,86-87°F,F,86,87,highest-temperature-in-houston-on-september-17-2026
houston,2026-09-18,92-93°F,F,92,93,highest-temperature-in-houston-on-september-18-2026
houston,2026-09-19,92-93°F,F,92,93,highest-temperature-in-houston-on-september-19-2026
houston,2026-09-20,92-93°F,F,92,93,highest-temperature-in-houston-on-september-20-2026
houston,2026-09-21,92-93°F,F,92,93,highest-temperature-in-houston-on-september-21-2026
houston,2026-09-22,96-97°F,F,96,97,highest-temperature-in-houston-on-september-22-2026
istanbul,2026-07-01,28°C,C,28,28,highest-temperature-in-istanbul-on-july-1-2026
istanbul,2026-07-02,28°C,C,28,28,highest-temperature-in-istanbul-on-july-2-2026
istanbul,2026-07-03,29°C,C,29,29,highest-temperature-in-istanbul-on-july-3-2026
istanbul,2026-07-04,26°C,C,26,26,highest-temperature-in-istanbul-on-july-4-2026
istanbul,2026-07-05,27°C,C,27,27,highest-temperature-in-istanbul-on-july-5-2026
istanbul,2026-07-06,27°C,C,27,27,highest-temperature-in-istanbul-on-july-6-2026
istanbul,2026-07-07,27°C,C,27,27,highest-temperature-in-istanbul-on-july-7-2026
istanbul,2026-07-08,30°C,C,30,30,highest-temperature-in-istanbul-on-july-8-2026
istanbul,2026-07-09,24°C,C,24,24,highest-temperature-in-istanbul-on-july-9-2026
istanbul,2026-07-10,26°C,C,26,26,highest-temperature-in-istanbul-on-july-10-2026
istanbul,2026-07-11,28°C,C,28,28,highest-temperature-in-istanbul-on-july-11-2026
istanbul,2026-07-12,27°C,C,27,27,highest-temperature-in-istanbul-on-july-12-2026
istanbul,2026-07-13,27°C,C,27,27,highest-temperature-in-istanbul-on-july-13-2026
istanbul,2026-07-14,25°C,C,25,25,highest-temperature-in-istanbul-on-july-14-2026
istanbul,2026-07-15,27°C,C,27,27,highest-temperature-in-istanbul-on-july-15-2026
istanbul,2026-07-16,28°C,C,28,28,highest-temperature-in-istanbul-on-july-16-2026
istanbul,2026-07-17,28°C,C,28,28,highest-temperature-in-istanbul-on-july-17-2026
istanbul,2026-07-18,28°C,C,28,28,highest-temperature-in-istanbul-on-july-18-2026
istanbul,2026-07-19,28°C,C,28,28,highest-temperature-in-istanbul-on-july-19-2026
istanbul,2026-07-20,28°C,C,28,28,highest-temperature-in-istanbul-on-july-20-2026
istanbul,2026-07-21,28°C,C,28,28,highest-temperature-in-istanbul-on-july-21-2026
istanbul,2026-07-22,34°C or higher,C,34,inf,highest-temperature-in-istanbul-on-july-22-2026
istanbul,2026-07-23,24°C,C,24,24,highest-temperature-in-istanbul-on-july-23-2026
istanbul,2026-07-24,25°C,C,25,25,highest-temperature-in-istanbul-on-july-24-2026
istanbul,2026-07-25,23°C,C,23,23,highest-temperature-in-istanbul-on-july-25-2026
istanbul,2026-07-26,28°C,C,28,28,highest-temperature-in-istanbul-on-july-26-2026
istanbul,2026-07-27,32°C,C,32,32,highest-temperature-in-istanbul-on-july-27-2026
istanbul,2026-07-28,29°C,C,29,29,highest-temperature-in-istanbul-on-july-28-2026
istanbul,2026-07-29,27°C,C,27,27,highest-temperature-in-istanbul-on-july-29-2026
istanbul,2026-07-30,26°C,C,26,26,highest-temperature-in-istanbul-on-july-30-2026
istanbul,2026-07-31,26°C,C,26,26,highest-temperature-in-istanbul-on-july-31-2026
istanbul,2026-08-01,27°C,C,27,27,highest-temperature-in-istanbul-on-august-1-2026
istanbul,2026-08-02,27°C,C,27,27,highest-temperature-in-istanbul-on-august-2-2026
istanbul,2026-08-03,28°C,C,28,28,highest-temperature-in-istanbul-on-august-3-2026
istanbul,2026-08-04,31°C,C,31,31,highest-temperature-in-istanbul-on-august-4-2026
istanbul,2026-08-05,28°C,C,28,28,highest-temperature-in-istanbul-on-august-5-2026
istanbul,2026-08-06,28°C,C,28,28,highest-temperature-in-istanbul-on-august-6-2026
istanbul,2026-08-07,28°C,C,28,28,highest-temperature-in-istanbul-on-august-7-2026
istanbul,2026-08-08,29°C,C,29,29,highest-temperature-in-istanbul-on-august-8-2026
istanbul,2026-08-09,27°C,C,27,27,highest-temperature-in-istanbul-on-august-9-2026
istanbul,2026-08-10,28°C,C,28,28,highest-temperature-in-istanbul-on-august-10-2026
istanbul,2026-08-11,27°C,C,27,27,highest-temperature-in-istanbul-on-august-11-2026
istanbul,2026-08-12,28°C,C,28,28,highest-temperature-in-istanbul-on-august-12-2026
istanbul,2026-08-13,27°C,C,27,27,highest-temperature-in-istanbul-on-august-13-2026
istanbul,2026-08-14,27°C,C,27,27,highest-temperature-in-istanbul-on-august-14-2026
istanbul,2026-08-15,27°C,C,27,27,highest-temperature-in-istanbul-on-august-15-2026
istanbul,2026-08-16,26°C,C,26,26,highest-temperature-in-istanbul-on-august-16-2026
istanbul,2026-08-17,25°C,C,25,25,highest-temperature-in-istanbul-on-august-17-2026
istanbul,2026-08-18,32°C,C,32,32,highest-temperature-in-istanbul-on-august-18-2026
istanbul,2026-08-19,27°C,C,27,27,highest-temperature-in-istanbul-on-august-19-2026
istanbul,2026-08-20,27°C,C,27,27,highest-temperature-in-istanbul-on-august-20-2026
istanbul,2026-08-21,26°C,C,26,26,highest-temperature-in-istanbul-on-august-21-2026
istanbul,2026-08-22,27°C,C,27,27,highest-temperature-in-istanbul-on-august-22-2026
istanbul,2026-08-23,28°C,C,28,28,highest-temperature-in-istanbul-on-august-23-2026
istanbul,2026-08-24,28°C,C,28,28,highest-temperature-in-istanbul-on-august-24-2026
istanbul,2026-08-25,28°C,C,28,28,highest-temperature-in-istanbul-on-august-25-2026
istanbul,2026-08-26,28°C,C,28,28,highest-temperature-in-istanbul-on-august-26-2026
istanbul,2026-08-27,27°C,C,27,27,highest-temperature-in-istanbul-on-august-27-2026
istanbul,2026-08-28,24°C,C,24,24,highest-temperature-in-istanbul-on-august-28-2026
istanbul,2026-08-29,24°C,C,24,24,highest-temperature-in-istanbul-on-august-29-2026
istanbul,2026-08-30,26°C,C,26,26,highest-temperature-in-istanbul-on-august-30-2026
istanbul,2026-08-31,26°C,C,26,26,highest-temperature-in-istanbul-on-august-31-2026
istanbul,2026-09-01,26°C,C,26,26,highest-temperature-in-istanbul-on-september-1-2026
istanbul,2026-09-02,26°C,C,26,26,highest-temperature-in-istanbul-on-september-2-2026
istanbul,2026-09-04,26°C,C,26,26,highest-temperature-in-istanbul-on-september-4-2026
istanbul,2026-09-05,26°C,C,26,26,highest-temperature-in-istanbul-on-september-5-2026
istanbul,2026-09-06,29°C,C,29,29,highest-temperature-in-istanbul-on-september-6-2026
istanbul,2026-09-07,26°C,C,26,26,highest-temperature-in-istanbul-on-september-7-2026
istanbul,2026-09-08,24°C,C,24,24,highest-temperature-in-istanbul-on-september-8-2026
istanbul,2026-09-09,25°C,C,25,25,highest-temperature-in-istanbul-on-september-9-2026
istanbul,2026-09-10,25°C,C,25,25,highest-temperature-in-istanbul-on-september-10-2026
istanbul,2026-09-11,25°C,C,25,25,highest-temperature-in-istanbul-on-september-11-2026
istanbul,2026-09-12,25°C,C,25,25,highest-temperature-in-istanbul-on-september-12-2026
istanbul,2026-09-13,22°C,C,22,22,highest-temperature-in-istanbul-on-september-13-2026
istanbul,2026-09-14,22°C,C,22,22,highest-temperature-in-istanbul-on-september-14-2026
istanbul,2026-09-15,23°C,C,23,23,highest-temperature-in-istanbul-on-september-15-2026
istanbul,2026-09-16,22°C,C,22,22,highest-temperature-in-istanbul-on-september-16-2026
istanbul,2026-09-17,23°C,C,23,23,highest-temperature-in-istanbul-on-september-17-2026
istanbul,2026-09-18,24°C,C,24,24,highest-temperature-in-istanbul-on-september-18-2026
istanbul,2026-09-19,24°C,C,24,24,highest-temperature-in-istanbul-on-september-19-2026
istanbul,2026-09-20,24°C,C,24,24,highest-temperature-in-istanbul-on-september-20-2026
istanbul,2026-09-21,26°C,C,26,26,highest-temperature-in-istanbul-on-september-21-2026
istanbul,2026-09-22,23°C,C,23,23,highest-temperature-in-istanbul-on-september-22-2026
istanbul,2026-09-23,17°C,C,17,17,highest-temperature-in-istanbul-on-september-23-2026
jeddah,2026-07-01,39°C or higher,C,39,inf,highest-temperature-in-jeddah-on-july-1-2026
jeddah,2026-07-02,36°C,C,36,36,highest-temperature-in-jeddah-on-july-2-2026
jeddah,2026-07-03,36°C,C,36,36,highest-temperature-in-jeddah-on-july-3-2026
jeddah,2026-07-04,36°C,C,36,36,highest-temperature-in-jeddah-on-july-4-2026
jeddah,2026-07-05,39°C or higher,C,39,inf,highest-temperature-in-jeddah-on-july-5-2026
jeddah,2026-07-06,39°C,C,39,39,highest-temperature-in-jeddah-on-july-6-2026
jeddah,2026-07-07,38°C,C,38,38,highest-temperature-in-jeddah-on-july-7-2026
jeddah,2026-07-08,38°C or higher,C,38,inf,highest-temperature-in-jeddah-on-july-8-2026
jeddah,2026-07-09,38°C,C,38,38,highest-temperature-in-jeddah-on-july-9-2026
jeddah,2026-07-10,38°C,C,38,38,highest-temperature-in-jeddah-on-july-10-2026
jeddah,2026-07-11,37°C,C,37,37,highest-temperature-in-jeddah-on-july-11-2026
jeddah,2026-07-12,36°C,C,36,36,highest-temperature-in-jeddah-on-july-12-2026
jeddah,2026-07-13,37°C,C,37,37,highest-temperature-in-jeddah-on-july-13-2026
jeddah,2026-07-14,36°C,C,36,36,highest-temperature-in-jeddah-on-july-14-2026
jeddah,2026-07-15,38°C or higher,C,38,inf,highest-temperature-in-jeddah-on-july-15-2026
jeddah,2026-07-16,38°C or higher,C,38,inf,highest-temperature-in-jeddah-on-july-16-2026
jeddah,2026-07-17,38°C,C,38,38,highest-temperature-in-jeddah-on-july-17-2026
jeddah,2026-07-18,39°C,C,39,39,highest-temperature-in-jeddah-on-july-18-2026
jeddah,2026-07-19,38°C,C,38,38,highest-temperature-in-jeddah-on-july-19-2026
jeddah,2026-07-20,40°C or higher,C,40,inf,highest-temperature-in-jeddah-on-july-20-2026
jeddah,2026-07-21,44°C or higher,C,44,inf,highest-temperature-in-jeddah-on-july-21-2026
jeddah,2026-07-22,38°C,C,38,38,highest-temperature-in-jeddah-on-july-22-2026
jeddah,2026-07-23,39°C or higher,C,39,inf,highest-temperature-in-jeddah-on-july-23-2026
jeddah,2026-07-24,40°C,C,40,40,highest-temperature-in-jeddah-on-july-24-2026
jeddah,2026-07-25,40°C,C,40,40,highest-temperature-in-jeddah-on-july-25-2026
jeddah,2026-07-26,40°C,C,40,40,highest-temperature-in-jeddah-on-july-26-2026
jeddah,2026-07-27,40°C or higher,C,40,inf,highest-temperature-in-jeddah-on-july-27-2026
jeddah,2026-07-28,37°C,C,37,37,highest-temperature-in-jeddah-on-july-28-2026
jeddah,2026-07-29,40°C,C,40,40,highest-temperature-in-jeddah-on-july-29-2026
jeddah,2026-07-30,42°C or higher,C,42,inf,highest-temperature-in-jeddah-on-july-30-2026
jeddah,2026-07-31,41°C,C,41,41,highest-temperature-in-jeddah-on-july-31-2026
jeddah,2026-08-01,43°C,C,43,43,highest-temperature-in-jeddah-on-august-1-2026
jeddah,2026-08-02,43°C,C,43,43,highest-temperature-in-jeddah-on-august-2-2026
jeddah,2026-08-03,41°C or higher,C,41,inf,highest-temperature-in-jeddah-on-august-3-2026
jeddah,2026-08-04,37°C,C,37,37,highest-temperature-in-jeddah-on-august-4-2026
jeddah,2026-08-05,38°C,C,38,38,highest-temperature-in-jeddah-on-august-5-2026
jeddah,2026-08-06,40°C,C,40,40,highest-temperature-in-jeddah-on-august-6-2026
jeddah,2026-08-07,38°C,C,38,38,highest-temperature-in-jeddah-on-august-7-2026
jeddah,2026-08-08,39°C or higher,C,39,inf,highest-temperature-in-jeddah-on-august-8-2026
jeddah,2026-08-09,37°C,C,37,37,highest-temperature-in-jeddah-on-august-9-2026
jeddah,2026-08-10,41°C or higher,C,41,inf,highest-temperature-in-jeddah-on-august-10-2026
jeddah,2026-08-11,40°C,C,40,40,highest-temperature-in-jeddah-on-august-11-2026
jeddah,2026-08-12,39°C,C,39,39,highest-temperature-in-jeddah-on-august-12-2026
jeddah,2026-08-13,39°C,C,39,39,highest-temperature-in-jeddah-on-august-13-2026
jeddah,2026-08-14,39°C,C,39,39,highest-temperature-in-jeddah-on-august-14-2026
jeddah,2026-08-15,40°C or higher,C,40,inf,highest-temperature-in-jeddah-on-august-15-2026
jeddah,2026-08-16,38°C,C,38,38,highest-temperature-in-jeddah-on-august-16-2026
jeddah,2026-08-17,41°C,C,41,41,highest-temperature-in-jeddah-on-august-17-2026
jeddah,2026-08-18,38°C,C,38,38,highest-temperature-in-jeddah-on-august-18-2026
jeddah,2026-08-19,37°C,C,37,37,highest-temperature-in-jeddah-on-august-19-2026
jeddah,2026-08-20,39°C,C,39,39,highest-temperature-in-jeddah-on-august-20-2026
jeddah,2026-08-21,37°C,C,37,37,highest-temperature-in-jeddah-on-august-21-2026
jeddah,2026-08-22,38°C or higher,C,38,inf,highest-temperature-in-jeddah-on-august-22-2026
jeddah,2026-08-23,40°C,C,40,40,highest-temperature-in-jeddah-on-august-23-2026
jeddah,2026-08-24,38°C,C,38,38,highest-temperature-in-jeddah-on-august-24-2026
jeddah,2026-08-25,36°C,C,36,36,highest-temperature-in-jeddah-on-august-25-2026
jeddah,2026-08-26,37°C,C,37,37,highest-temperature-in-jeddah-on-august-26-2026
jeddah,2026-08-27,38°C,C,38,38,highest-temperature-in-jeddah-on-august-27-2026
jeddah,2026-08-28,38°C or higher,C,38,inf,highest-temperature-in-jeddah-on-august-28-2026
jeddah,2026-08-29,38°C,C,38,38,highest-temperature-in-jeddah-on-august-29-2026
jeddah,2026-08-30,38°C,C,38,38,highest-temperature-in-jeddah-on-august-30-2026
jeddah,2026-08-31,38°C,C,38,38,highest-temperature-in-jeddah-on-august-31-2026
jeddah,2026-09-01,37°C,C,37,37,highest-temperature-in-jeddah-on-september-1-2026
jeddah,2026-09-02,37°C,C,37,37,highest-temperature-in-jeddah-on-september-2-2026
jeddah,2026-09-04,37°C,C,37,37,highest-temperature-in-jeddah-on-september-4-2026
jeddah,2026-09-05,37°C,C,37,37,highest-temperature-in-jeddah-on-september-5-2026
jeddah,2026-09-06,38°C,C,38,38,highest-temperature-in-jeddah-on-september-6-2026
jeddah,2026-09-07,36°C,C,36,36,highest-temperature-in-jeddah-on-september-7-2026
jeddah,2026-09-08,38°C,C,38,38,highest-temperature-in-jeddah-on-september-8-2026
jeddah,2026-09-09,38°C,C,38,38,highest-temperature-in-jeddah-on-september-9-2026
jeddah,2026-09-10,37°C,C,37,37,highest-temperature-in-jeddah-on-september-10-2026
jeddah,2026-09-11,37°C,C,37,37,highest-temperature-in-jeddah-on-september-11-2026
jeddah,2026-09-12,37°C,C,37,37,highest-temperature-in-jeddah-on-september-12-2026
jeddah,2026-09-13,37°C,C,37,37,highest-temperature-in-jeddah-on-september-13-2026
jeddah,2026-09-14,37°C,C,37,37,highest-temperature-in-jeddah-on-september-14-2026
jeddah,2026-09-15,40°C,C,40,40,highest-temperature-in-jeddah-on-september-15-2026
jeddah,2026-09-16,39°C,C,39,39,highest-temperature-in-jeddah-on-september-16-2026
jeddah,2026-09-17,36°C,C,36,36,highest-temperature-in-jeddah-on-september-17-2026
jeddah,2026-09-18,38°C,C,38,38,highest-temperature-in-jeddah-on-september-18-2026
jeddah,2026-09-19,37°C,C,37,37,highest-temperature-in-jeddah-on-september-19-2026
jeddah,2026-09-20,36°C,C,36,36,highest-temperature-in-jeddah-on-september-20-2026
jeddah,2026-09-21,36°C,C,36,36,highest-temperature-in-jeddah-on-september-21-2026
jeddah,2026-09-22,36°C,C,36,36,highest-temperature-in-jeddah-on-september-22-2026
jeddah,2026-09-23,36°C,C,36,36,highest-temperature-in-jeddah-on-september-23-2026
jinan,2026-08-07,26°C or higher,C,26,inf,highest-temperature-in-jinan-on-august-7-2026
jinan,2026-08-08,26°C or higher,C,26,inf,highest-temperature-in-jinan-on-august-8-2026
jinan,2026-08-09,26°C or higher,C,26,inf,highest-temperature-in-jinan-on-august-9-2026
jinan,2026-08-10,26°C or higher,C,26,inf,highest-temperature-in-jinan-on-august-10-2026
jinan,2026-08-11,26°C or higher,C,26,inf,highest-temperature-in-jinan-on-august-11-2026
jinan,2026-08-12,26°C or higher,C,26,inf,highest-temperature-in-jinan-on-august-12-2026
jinan,2026-08-13,26°C or higher,C,26,inf,highest-temperature-in-jinan-on-august-13-2026
jinan,2026-08-14,26°C or higher,C,26,inf,highest-temperature-in-jinan-on-august-14-2026
jinan,2026-08-15,26°C or higher,C,26,inf,highest-temperature-in-jinan-on-august-15-2026
jinan,2026-08-16,26°C or higher,C,26,inf,highest-temperature-in-jinan-on-august-16-2026
jinan,2026-08-17,26°C or higher,C,26,inf,highest-temperature-in-jinan-on-august-17-2026
jinan,2026-08-18,26°C or higher,C,26,inf,highest-temperature-in-jinan-on-august-18-2026
jinan,2026-08-19,26°C or higher,C,26,inf,highest-temperature-in-jinan-on-august-19-2026
jinan,2026-08-20,26°C or higher,C,26,inf,highest-temperature-in-jinan-on-august-20-2026
jinan,2026-08-21,26°C or higher,C,26,inf,highest-temperature-in-jinan-on-august-21-2026
jinan,2026-08-22,26°C or higher,C,26,inf,highest-temperature-in-jinan-on-august-22-2026
jinan,2026-08-23,26°C or higher,C,26,inf,highest-temperature-in-jinan-on-august-23-2026
jinan,2026-08-24,26°C or higher,C,26,inf,highest-temperature-in-jinan-on-august-24-2026
jinan,2026-08-25,26°C or higher,C,26,inf,highest-temperature-in-jinan-on-august-25-2026
jinan,2026-08-26,26°C or higher,C,26,inf,highest-temperature-in-jinan-on-august-26-2026
jinan,2026-08-27,26°C or higher,C,26,inf,highest-temperature-in-jinan-on-august-27-2026
jinan,2026-08-28,25°C,C,25,25,highest-temperature-in-jinan-on-august-28-2026
jinan,2026-08-29,26°C or higher,C,26,inf,highest-temperature-in-jinan-on-august-29-2026
jinan,2026-08-30,26°C or higher,C,26,inf,highest-temperature-in-jinan-on-august-30-2026
jinan,2026-08-31,26°C or higher,C,26,inf,highest-temperature-in-jinan-on-august-31-2026
jinan,2026-09-01,26°C or higher,C,26,inf,highest-temperature-in-jinan-on-september-1-2026
jinan,2026-09-02,26°C or higher,C,26,inf,highest-temperature-in-jinan-on-september-2-2026
jinan,2026-09-03,26°C or higher,C,26,inf,highest-temperature-in-jinan-on-september-3-2026
jinan,2026-09-04,26°C or higher,C,26,inf,highest-temperature-in-jinan-on-september-4-2026
jinan,2026-09-05,26°C or higher,C,26,inf,highest-temperature-in-jinan-on-september-5-2026
jinan,2026-09-06,26°C or higher,C,26,inf,highest-temperature-in-jinan-on-september-6-2026
jinan,2026-09-07,26°C or higher,C,26,inf,highest-temperature-in-jinan-on-september-7-2026
jinan,2026-09-08,23°C,C,23,23,highest-temperature-in-jinan-on-september-8-2026
jinan,2026-09-09,24°C,C,24,24,highest-temperature-in-jinan-on-september-9-2026
jinan,2026-09-10,26°C or higher,C,26,inf,highest-temperature-in-jinan-on-september-10-2026
jinan,2026-09-11,26°C or higher,C,26,inf,highest-temperature-in-jinan-on-september-11-2026
jinan,2026-09-12,26°C or higher,C,26,inf,highest-temperature-in-jinan-on-september-12-2026
jinan,2026-09-13,26°C or higher,C,26,inf,highest-temperature-in-jinan-on-september-13-2026
jinan,2026-09-14,30°C,C,30,30,highest-temperature-in-jinan-on-september-14-2026
jinan,2026-09-15,26°C or higher,C,26,inf,highest-temperature-in-jinan-on-september-15-2026
jinan,2026-09-16,26°C or higher,C,26,inf,highest-temperature-in-jinan-on-september-16-2026
jinan,2026-09-17,26°C or higher,C,26,inf,highest-temperature-in-jinan-on-september-17-2026
jinan,2026-09-18,26°C or higher,C,26,inf,highest-temperature-in-jinan-on-september-18-2026
jinan,2026-09-19,26°C or higher,C,26,inf,highest-temperature-in-jinan-on-september-19-2026
jinan,2026-09-20,26°C or higher,C,26,inf,highest-temperature-in-jinan-on-september-20-2026
jinan,2026-09-21,26°C or higher,C,26,inf,highest-temperature-in-jinan-on-september-21-2026
jinan,2026-09-22,26°C or higher,C,26,inf,highest-temperature-in-jinan-on-september-22-2026
jinan,2026-09-23,26°C or higher,C,26,inf,highest-temperature-in-jinan-on-september-23-2026
karachi,2026-07-01,33°C,C,33,33,highest-temperature-in-karachi-on-july-1-2026
karachi,2026-07-02,34°C,C,34,34,highest-temperature-in-karachi-on-july-2-2026
karachi,2026-07-03,36°C,C,36,36,highest-temperature-in-karachi-on-july-3-2026
karachi,2026-07-04,34°C,C,34,34,highest-temperature-in-karachi-on-july-4-2026
karachi,2026-07-05,34°C,C,34,34,highest-temperature-in-karachi-on-july-5-2026
karachi,2026-07-06,36°C,C,36,36,highest-temperature-in-karachi-on-july-6-2026
karachi,2026-07-07,35°C,C,35,35,highest-temperature-in-karachi-on-july-7-2026
karachi,2026-07-08,34°C,C,34,34,highest-temperature-in-karachi-on-july-8-2026
karachi,2026-07-09,34°C,C,34,34,highest-temperature-in-karachi-on-july-9-2026
karachi,2026-07-10,33°C,C,33,33,highest-temperature-in-karachi-on-july-10-2026
karachi,2026-07-11,34°C,C,34,34,highest-temperature-in-karachi-on-july-11-2026
karachi,2026-07-12,33°C,C,33,33,highest-temperature-in-karachi-on-july-12-2026
karachi,2026-07-13,33°C,C,33,33,highest-temperature-in-karachi-on-july-13-2026
karachi,2026-07-14,33°C,C,33,33,highest-temperature-in-karachi-on-july-14-2026
karachi,2026-07-15,34°C,C,34,34,highest-temperature-in-karachi-on-july-15-2026
karachi,2026-07-16,33°C,C,33,33,highest-temperature-in-karachi-on-july-16-2026
karachi,2026-07-17,34°C,C,34,34,highest-temperature-in-karachi-on-july-17-2026
karachi,2026-07-18,33°C,C,33,33,highest-temperature-in-karachi-on-july-18-2026
karachi,2026-07-19,32°C,C,32,32,highest-temperature-in-karachi-on-july-19-2026
karachi,2026-07-20,33°C,C,33,33,highest-temperature-in-karachi-on-july-20-2026
karachi,2026-07-21,33°C,C,33,33,highest-temperature-in-karachi-on-july-21-2026
karachi,2026-07-22,34°C,C,34,34,highest-temperature-in-karachi-on-july-22-2026
karachi,2026-07-23,35°C,C,35,35,highest-temperature-in-karachi-on-july-23-2026
karachi,2026-07-24,35°C,C,35,35,highest-temperature-in-karachi-on-july-24-2026
karachi,2026-07-25,33°C,C,33,33,highest-temperature-in-karachi-on-july-25-2026
karachi,2026-07-26,35°C,C,35,35,highest-temperature-in-karachi-on-july-26-2026
karachi,2026-07-27,34°C,C,34,34,highest-temperature-in-karachi-on-july-27-2026
karachi,2026-07-28,33°C,C,33,33,highest-temperature-in-karachi-on-july-28-2026
karachi,2026-07-29,34°C,C,34,34,highest-temperature-in-karachi-on-july-29-2026
karachi,2026-07-30,35°C,C,35,35,highest-temperature-in-karachi-on-july-30-2026
karachi,2026-07-31,36°C,C,36,36,highest-temperature-in-karachi-on-july-31-2026
karachi,2026-08-01,35°C,C,35,35,highest-temperature-in-karachi-on-august-1-2026
karachi,2026-08-02,30°C,C,30,30,highest-temperature-in-karachi-on-august-2-2026
karachi,2026-08-03,33°C,C,33,33,highest-temperature-in-karachi-on-august-3-2026
karachi,2026-08-04,33°C,C,33,33,highest-temperature-in-karachi-on-august-4-2026
karachi,2026-08-05,32°C,C,32,32,highest-temperature-in-karachi-on-august-5-2026
karachi,2026-08-06,33°C,C,33,33,highest-temperature-in-karachi-on-august-6-2026
karachi,2026-08-07,33°C,C,33,33,highest-temperature-in-karachi-on-august-7-2026
karachi,2026-08-08,34°C,C,34,34,highest-temperature-in-karachi-on-august-8-2026
karachi,2026-08-09,33°C,C,33,33,highest-temperature-in-karachi-on-august-9-2026
karachi,2026-08-10,33°C,C,33,33,highest-temperature-in-karachi-on-august-10-2026
karachi,2026-08-11,32°C,C,32,32,highest-temperature-in-karachi-on-august-11-2026
karachi,2026-08-12,33°C,C,33,33,highest-temperature-in-karachi-on-august-12-2026
karachi,2026-08-13,33°C,C,33,33,highest-temperature-in-karachi-on-august-13-2026
karachi,2026-08-14,32°C,C,32,32,highest-temperature-in-karachi-on-august-14-2026
karachi,2026-08-15,32°C,C,32,32,highest-temperature-in-karachi-on-august-15-2026
karachi,2026-08-16,32°C,C,32,32,highest-temperature-in-karachi-on-august-16-2026
karachi,2026-08-17,31°C,C,31,31,highest-temperature-in-karachi-on-august-17-2026
karachi,2026-08-18,32°C,C,32,32,highest-temperature-in-karachi-on-august-18-2026
karachi,2026-08-19,32°C,C,32,32,highest-temperature-in-karachi-on-august-19-2026
karachi,2026-08-20,32°C,C,32,32,highest-temperature-in-karachi-on-august-20-2026
karachi,2026-08-21,32°C,C,32,32,highest-temperature-in-karachi-on-august-21-2026
karachi,2026-08-22,30°C,C,30,30,highest-temperature-in-karachi-on-august-22-2026
karachi,2026-08-23,30°C,C,30,30,highest-temperature-in-karachi-on-august-23-2026
karachi,2026-08-24,33°C,C,33,33,highest-temperature-in-karachi-on-august-24-2026
karachi,2026-08-25,33°C,C,33,33,highest-temperature-in-karachi-on-august-25-2026
karachi,2026-08-26,33°C,C,33,33,highest-temperature-in-karachi-on-august-26-2026
karachi,2026-08-27,32°C,C,32,32,highest-temperature-in-karachi-on-august-27-2026
karachi,2026-08-28,31°C,C,31,31,highest-temperature-in-karachi-on-august-28-2026
karachi,2026-08-29,30°C,C,30,30,highest-temperature-in-karachi-on-august-29-2026
karachi,2026-08-30,30°C,C,30,30,highest-temperature-in-karachi-on-august-30-2026
karachi,2026-08-31,30°C,C,30,30,highest-temperature-in-karachi-on-august-31-2026
karachi,2026-09-01,30°C,C,30,30,highest-temperature-in-karachi-on-september-1-2026
karachi,2026-09-02,33°C,C,33,33,highest-temperature-in-karachi-on-september-2-2026
karachi,2026-09-04,31°C,C,31,31,highest-temperature-in-karachi-on-september-4-2026
karachi,2026-09-05,33°C,C,33,33,highest-temperature-in-karachi-on-september-5-2026
karachi,2026-09-06,31°C,C,31,31,highest-temperature-in-karachi-on-september-6-2026
karachi,2026-09-07,32°C,C,32,32,highest-temperature-in-karachi-on-september-7-2026
karachi,2026-09-08,32°C,C,32,32,highest-temperature-in-karachi-on-september-8-2026
karachi,2026-09-09,33°C,C,33,33,highest-temperature-in-karachi-on-september-9-2026
karachi,2026-09-10,32°C,C,32,32,highest-temperature-in-karachi-on-september-10-2026
karachi,2026-09-11,33°C,C,33,33,highest-temperature-in-karachi-on-september-11-2026
karachi,2026-09-12,36°C or higher,C,36,inf,highest-temperature-in-karachi-on-september-12-2026
karachi,2026-09-13,40°C,C,40,40,highest-temperature-in-karachi-on-september-13-2026
karachi,2026-09-14,39°C or higher,C,39,inf,highest-temperature-in-karachi-on-september-14-2026
karachi,2026-09-15,34°C,C,34,34,highest-temperature-in-karachi-on-september-15-2026
karachi,2026-09-16,36°C,C,36,36,highest-temperature-in-karachi-on-september-16-2026
karachi,2026-09-17,34°C,C,34,34,highest-temperature-in-karachi-on-september-17-2026
karachi,2026-09-18,35°C,C,35,35,highest-temperature-in-karachi-on-september-18-2026
karachi,2026-09-19,33°C,C,33,33,highest-temperature-in-karachi-on-september-19-2026
karachi,2026-09-20,37°C,C,37,37,highest-temperature-in-karachi-on-september-20-2026
karachi,2026-09-21,41°C,C,41,41,highest-temperature-in-karachi-on-september-21-2026
karachi,2026-09-22,39°C,C,39,39,highest-temperature-in-karachi-on-september-22-2026
karachi,2026-09-23,36°C,C,36,36,highest-temperature-in-karachi-on-september-23-2026
kuala-lumpur,2026-07-01,33°C,C,33,33,highest-temperature-in-kuala-lumpur-on-july-1-2026
kuala-lumpur,2026-07-02,32°C,C,32,32,highest-temperature-in-kuala-lumpur-on-july-2-2026
kuala-lumpur,2026-07-03,32°C,C,32,32,highest-temperature-in-kuala-lumpur-on-july-3-2026
kuala-lumpur,2026-07-04,33°C,C,33,33,highest-temperature-in-kuala-lumpur-on-july-4-2026
kuala-lumpur,2026-07-05,33°C,C,33,33,highest-temperature-in-kuala-lumpur-on-july-5-2026
kuala-lumpur,2026-07-06,33°C,C,33,33,highest-temperature-in-kuala-lumpur-on-july-6-2026
kuala-lumpur,2026-07-07,32°C,C,32,32,highest-temperature-in-kuala-lumpur-on-july-7-2026
kuala-lumpur,2026-07-08,33°C,C,33,33,highest-temperature-in-kuala-lumpur-on-july-8-2026
kuala-lumpur,2026-07-09,34°C,C,34,34,highest-temperature-in-kuala-lumpur-on-july-9-2026
kuala-lumpur,2026-07-10,33°C,C,33,33,highest-temperature-in-kuala-lumpur-on-july-10-2026
kuala-lumpur,2026-07-11,29°C,C,29,29,highest-temperature-in-kuala-lumpur-on-july-11-2026
kuala-lumpur,2026-07-12,33°C,C,33,33,highest-temperature-in-kuala-lumpur-on-july-12-2026
kuala-lumpur,2026-07-13,32°C,C,32,32,highest-temperature-in-kuala-lumpur-on-july-13-2026
kuala-lumpur,2026-07-14,33°C,C,33,33,highest-temperature-in-kuala-lumpur-on-july-14-2026
kuala-lumpur,2026-07-15,33°C,C,33,33,highest-temperature-in-kuala-lumpur-on-july-15-2026
kuala-lumpur,2026-07-16,34°C,C,34,34,highest-temperature-in-kuala-lumpur-on-july-16-2026
kuala-lumpur,2026-07-17,34°C,C,34,34,highest-temperature-in-kuala-lumpur-on-july-17-2026
kuala-lumpur,2026-07-18,32°C,C,32,32,highest-temperature-in-kuala-lumpur-on-july-18-2026
kuala-lumpur,2026-07-19,32°C,C,32,32,highest-temperature-in-kuala-lumpur-on-july-19-2026
kuala-lumpur,2026-07-20,29°C,C,29,29,highest-temperature-in-kuala-lumpur-on-july-20-2026
kuala-lumpur,2026-07-21,34°C,C,34,34,highest-temperature-in-kuala-lumpur-on-july-21-2026
kuala-lumpur,2026-07-22,31°C,C,31,31,highest-temperature-in-kuala-lumpur-on-july-22-2026
kuala-lumpur,2026-07-23,32°C,C,32,32,highest-temperature-in-kuala-lumpur-on-july-23-2026
kuala-lumpur,2026-07-24,32°C,C,32,32,highest-temperature-in-kuala-lumpur-on-july-24-2026
kuala-lumpur,2026-07-25,30°C,C,30,30,highest-temperature-in-kuala-lumpur-on-july-25-2026
kuala-lumpur,2026-07-26,33°C,C,33,33,highest-temperature-in-kuala-lumpur-on-july-26-2026
kuala-lumpur,2026-07-27,33°C,C,33,33,highest-temperature-in-kuala-lumpur-on-july-27-2026
kuala-lumpur,2026-07-28,31°C,C,31,31,highest-temperature-in-kuala-lumpur-on-july-28-2026
kuala-lumpur,2026-07-29,31°C,C,31,31,highest-temperature-in-kuala-lumpur-on-july-29-2026
kuala-lumpur,2026-07-30,33°C,C,33,33,highest-temperature-in-kuala-lumpur-on-july-30-2026
kuala-lumpur,2026-07-31,32°C,C,32,32,highest-temperature-in-kuala-lumpur-on-july-31-2026
kuala-lumpur,2026-08-01,34°C,C,34,34,highest-temperature-in-kuala-lumpur-on-august-1-2026
kuala-lumpur,2026-08-02,34°C,C,34,34,highest-temperature-in-kuala-lumpur-on-august-2-2026
kuala-lumpur,2026-08-03,34°C,C,34,34,highest-temperature-in-kuala-lumpur-on-august-3-2026
kuala-lumpur,2026-08-04,34°C,C,34,34,highest-temperature-in-kuala-lumpur-on-august-4-2026
kuala-lumpur,2026-08-05,33°C,C,33,33,highest-temperature-in-kuala-lumpur-on-august-5-2026
kuala-lumpur,2026-08-06,34°C,C,34,34,highest-temperature-in-kuala-lumpur-on-august-6-2026
kuala-lumpur,2026-08-07,35°C,C,35,35,highest-temperature-in-kuala-lumpur-on-august-7-2026
kuala-lumpur,2026-08-08,33°C,C,33,33,highest-temperature-in-kuala-lumpur-on-august-8-2026
kuala-lumpur,2026-08-09,33°C,C,33,33,highest-temperature-in-kuala-lumpur-on-august-9-2026
kuala-lumpur,2026-08-10,34°C,C,34,34,highest-temperature-in-kuala-lumpur-on-august-10-2026
kuala-lumpur,2026-08-11,32°C,C,32,32,highest-temperature-in-kuala-lumpur-on-august-11-2026
kuala-lumpur,2026-08-12,34°C,C,34,34,highest-temperature-in-kuala-lumpur-on-august-12-2026
kuala-lumpur,2026-08-13,33°C,C,33,33,highest-temperature-in-kuala-lumpur-on-august-13-2026
kuala-lumpur,2026-08-14,33°C,C,33,33,highest-temperature-in-kuala-lumpur-on-august-14-2026
kuala-lumpur,2026-08-15,34°C,C,34,34,highest-temperature-in-kuala-lumpur-on-august-15-2026
kuala-lumpur,2026-08-16,33°C,C,33,33,highest-temperature-in-kuala-lumpur-on-august-16-2026
kuala-lumpur,2026-08-17,34°C,C,34,34,highest-temperature-in-kuala-lumpur-on-august-17-2026
kuala-lumpur,2026-08-18,33°C,C,33,33,highest-temperature-in-kuala-lumpur-on-august-18-2026
kuala-lumpur,2026-08-19,34°C,C,34,34,highest-temperature-in-kuala-lumpur-on-august-19-2026
kuala-lumpur,2026-08-20,34°C,C,34,34,highest-temperature-in-kuala-lumpur-on-august-20-2026
kuala-lumpur,2026-08-21,33°C,C,33,33,highest-temperature-in-kuala-lumpur-on-august-21-2026
kuala-lumpur,2026-08-22,34°C,C,34,34,highest-temperature-in-kuala-lumpur-on-august-22-2026
kuala-lumpur,2026-08-23,34°C,C,34,34,highest-temperature-in-kuala-lumpur-on-august-23-2026
kuala-lumpur,2026-08-24,34°C,C,34,34,highest-temperature-in-kuala-lumpur-on-august-24-2026
kuala-lumpur,2026-08-25,32°C,C,32,32,highest-temperature-in-kuala-lumpur-on-august-25-2026
kuala-lumpur,2026-08-26,32°C,C,32,32,highest-temperature-in-kuala-lumpur-on-august-26-2026
kuala-lumpur,2026-08-27,33°C,C,33,33,highest-temperature-in-kuala-lumpur-on-august-27-2026
kuala-lumpur,2026-08-28,33°C,C,33,33,highest-temperature-in-kuala-lumpur-on-august-28-2026
kuala-lumpur,2026-08-29,34°C,C,34,34,highest-temperature-in-kuala-lumpur-on-august-29-2026
kuala-lumpur,2026-08-30,34°C,C,34,34,highest-temperature-in-kuala-lumpur-on-august-30-2026
kuala-lumpur,2026-08-31,33°C,C,33,33,highest-temperature-in-kuala-lumpur-on-august-31-2026
kuala-lumpur,2026-09-01,33°C,C,33,33,highest-temperature-in-kuala-lumpur-on-september-1-2026
kuala-lumpur,2026-09-02,34°C,C,34,34,highest-temperature-in-kuala-lumpur-on-september-2-2026
kuala-lumpur,2026-09-04,34°C,C,34,34,highest-temperature-in-kuala-lumpur-on-september-4-2026
kuala-lumpur,2026-09-05,32°C,C,32,32,highest-temperature-in-kuala-lumpur-on-september-5-2026
kuala-lumpur,2026-09-06,33°C,C,33,33,highest-temperature-in-kuala-lumpur-on-september-6-2026
kuala-lumpur,2026-09-07,34°C,C,34,34,highest-temperature-in-kuala-lumpur-on-september-7-2026
kuala-lumpur,2026-09-08,33°C,C,33,33,highest-temperature-in-kuala-lumpur-on-september-8-2026
kuala-lumpur,2026-09-09,33°C,C,33,33,highest-temperature-in-kuala-lumpur-on-september-9-2026
kuala-lumpur,2026-09-10,33°C,C,33,33,highest-temperature-in-kuala-lumpur-on-september-10-2026
kuala-lumpur,2026-09-11,29°C,C,29,29,highest-temperature-in-kuala-lumpur-on-september-11-2026
kuala-lumpur,2026-09-12,32°C,C,32,32,highest-temperature-in-kuala-lumpur-on-september-12-2026
kuala-lumpur,2026-09-13,33°C,C,33,33,highest-temperature-in-kuala-lumpur-on-september-13-2026
kuala-lumpur,2026-09-14,33°C,C,33,33,highest-temperature-in-kuala-lumpur-on-september-14-2026
kuala-lumpur,2026-09-15,33°C,C,33,33,highest-temperature-in-kuala-lumpur-on-september-15-2026
kuala-lumpur,2026-09-16,33°C,C,33,33,highest-temperature-in-kuala-lumpur-on-september-16-2026
kuala-lumpur,2026-09-17,33°C,C,33,33,highest-temperature-in-kuala-lumpur-on-september-17-2026
kuala-lumpur,2026-09-18,33°C,C,33,33,highest-temperature-in-kuala-lumpur-on-september-18-2026
kuala-lumpur,2026-09-19,32°C,C,32,32,highest-temperature-in-kuala-lumpur-on-september-19-2026
kuala-lumpur,2026-09-20,33°C,C,33,33,highest-temperature-in-kuala-lumpur-on-september-20-2026
kuala-lumpur,2026-09-21,33°C,C,33,33,highest-temperature-in-kuala-lumpur-on-september-21-2026
kuala-lumpur,2026-09-22,31°C,C,31,31,highest-temperature-in-kuala-lumpur-on-september-22-2026
kuala-lumpur,2026-09-23,31°C,C,31,31,highest-temperature-in-kuala-lumpur-on-september-23-2026
london,2026-07-01,26°C,C,26,26,highest-temperature-in-london-on-july-1-2026
london,2026-07-02,25°C,C,25,25,highest-temperature-in-london-on-july-2-2026
london,2026-07-03,27°C,C,27,27,highest-temperature-in-london-on-july-3-2026
london,2026-07-04,29°C,C,29,29,highest-temperature-in-london-on-july-4-2026
london,2026-07-05,28°C,C,28,28,highest-temperature-in-london-on-july-5-2026
london,2026-07-06,32°C,C,32,32,highest-temperature-in-london-on-july-6-2026
london,2026-07-07,32°C,C,32,32,highest-temperature-in-london-on-july-7-2026
london,2026-07-08,33°C,C,33,33,highest-temperature-in-london-on-july-8-2026
london,2026-07-09,34°C,C,34,34,highest-temperature-in-london-on-july-9-2026
london,2026-07-10,29°C,C,29,29,highest-temperature-in-london-on-july-10-2026
london,2026-07-11,27°C,C,27,27,highest-temperature-in-london-on-july-11-2026
london,2026-07-12,28°C,C,28,28,highest-temperature-in-london-on-july-12-2026
london,2026-07-13,26°C,C,26,26,highest-temperature-in-london-on-july-13-2026
london,2026-07-14,29°C,C,29,29,highest-temperature-in-london-on-july-14-2026
london,2026-07-15,28°C,C,28,28,highest-temperature-in-london-on-july-15-2026
london,2026-07-16,27°C,C,27,27,highest-temperature-in-london-on-july-16-2026
london,2026-07-17,27°C,C,27,27,highest-temperature-in-london-on-july-17-2026
london,2026-07-18,21°C,C,21,21,highest-temperature-in-london-on-july-18-2026
london,2026-07-19,21°C,C,21,21,highest-temperature-in-london-on-july-19-2026
london,2026-07-20,25°C,C,25,25,highest-temperature-in-london-on-july-20-2026
london,2026-07-21,22°C,C,22,22,highest-temperature-in-london-on-july-21-2026
london,2026-07-22,25°C,C,25,25,highest-temperature-in-london-on-july-22-2026
london,2026-07-23,26°C,C,26,26,highest-temperature-in-london-on-july-23-2026
london,2026-07-24,28°C,C,28,28,highest-temperature-in-london-on-july-24-2026
london,2026-07-25,29°C,C,29,29,highest-temperature-in-london-on-july-25-2026
london,2026-07-26,27°C,C,27,27,highest-temperature-in-london-on-july-26-2026
london,2026-07-27,27°C,C,27,27,highest-temperature-in-london-on-july-27-2026
london,2026-07-28,29°C,C,29,29,highest-temperature-in-london-on-july-28-2026
london,2026-07-29,34°C,C,34,34,highest-temperature-in-london-on-july-29-2026
london,2026-07-30,28°C,C,28,28,highest-temperature-in-london-on-july-30-2026
london,2026-07-31,25°C,C,25,25,highest-temperature-in-london-on-july-31-2026
london,2026-08-01,26°C,C,26,26,highest-temperature-in-london-on-august-1-2026
london,2026-08-02,27°C,C,27,27,highest-temperature-in-london-on-august-2-2026
london,2026-08-03,29°C,C,29,29,highest-temperature-in-london-on-august-3-2026
london,2026-08-04,30°C,C,30,30,highest-temperature-in-london-on-august-4-2026
london,2026-08-05,26°C,C,26,26,highest-temperature-in-london-on-august-5-2026
london,2026-08-06,23°C,C,23,23,highest-temperature-in-london-on-august-6-2026
london,2026-08-07,26°C,C,26,26,highest-temperature-in-london-on-august-7-2026
london,2026-08-08,28°C,C,28,28,highest-temperature-in-london-on-august-8-2026
london,2026-08-09,31°C,C,31,31,highest-temperature-in-london-on-august-9-2026
london,2026-08-10,26°C,C,26,26,highest-temperature-in-london-on-august-10-2026
london,2026-08-11,24°C,C,24,24,highest-temperature-in-london-on-august-11-2026
london,2026-08-12,30°C,C,30,30,highest-temperature-in-london-on-august-12-2026
london,2026-08-13,34°C,C,34,34,highest-temperature-in-london-on-august-13-2026
london,2026-08-14,34°C,C,34,34,highest-temperature-in-london-on-august-14-2026
london,2026-08-15,26°C,C,26,26,highest-temperature-in-london-on-august-15-2026
london,2026-08-16,26°C,C,26,26,highest-temperature-in-london-on-august-16-2026
london,2026-08-17,27°C,C,27,27,highest-temperature-in-london-on-august-17-2026
london,2026-08-18,26°C,C,26,26,highest-temperature-in-london-on-august-18-2026
london,2026-08-19,25°C,C,25,25,highest-temperature-in-london-on-august-19-2026
london,2026-08-20,24°C,C,24,24,highest-temperature-in-london-on-august-20-2026
london,2026-08-21,21°C,C,21,21,highest-temperature-in-london-on-august-21-2026
london,2026-08-22,22°C,C,22,22,highest-temperature-in-london-on-august-22-2026
london,2026-08-23,24°C,C,24,24,highest-temperature-in-london-on-august-23-2026
london,2026-08-24,22°C,C,22,22,highest-temperature-in-london-on-august-24-2026
london,2026-08-25,24°C,C,24,24,highest-temperature-in-london-on-august-25-2026
london,2026-08-26,26°C,C,26,26,highest-temperature-in-london-on-august-26-2026
london,2026-08-27,25°C,C,25,25,highest-temperature-in-london-on-august-27-2026
london,2026-08-28,25°C or higher,C,25,inf,highest-temperature-in-london-on-august-28-2026
london,2026-08-29,20°C,C,20,20,highest-temperature-in-london-on-august-29-2026
london,2026-08-30,23°C,C,23,23,highest-temperature-in-london-on-august-30-2026
london,2026-08-31,24°C,C,24,24,highest-temperature-in-london-on-august-31-2026
london,2026-09-01,23°C,C,23,23,highest-temperature-in-london-on-september-1-2026
london,2026-09-02,21°C,C,21,21,highest-temperature-in-london-on-september-2-2026
london,2026-09-04,22°C,C,22,22,highest-temperature-in-london-on-september-4-2026
london,2026-09-05,23°C,C,23,23,highest-temperature-in-london-on-september-5-2026
london,2026-09-06,27°C,C,27,27,highest-temperature-in-london-on-september-6-2026
london,2026-09-07,25°C,C,25,25,highest-temperature-in-london-on-september-7-2026
london,2026-09-08,19°C,C,19,19,highest-temperature-in-london-on-september-8-2026
london,2026-09-09,19°C,C,19,19,highest-temperature-in-london-on-september-9-2026
london,2026-09-10,21°C,C,21,21,highest-temperature-in-london-on-september-10-2026
london,2026-09-11,21°C,C,21,21,highest-temperature-in-london-on-september-11-2026
london,2026-09-12,23°C,C,23,23,highest-temperature-in-london-on-september-12-2026
london,2026-09-13,23°C,C,23,23,highest-temperature-in-london-on-september-13-2026
london,2026-09-14,25°C,C,25,25,highest-temperature-in-london-on-september-14-2026
london,2026-09-15,23°C,C,23,23,highest-temperature-in-london-on-september-15-2026
london,2026-09-16,20°C,C,20,20,highest-temperature-in-london-on-september-16-2026
london,2026-09-17,22°C,C,22,22,highest-temperature-in-london-on-september-17-2026
london,2026-09-18,21°C,C,21,21,highest-temperature-in-london-on-september-18-2026
london,2026-09-19,22°C,C,22,22,highest-temperature-in-london-on-september-19-2026
london,2026-09-20,20°C,C,20,20,highest-temperature-in-london-on-september-20-2026
london,2026-09-21,23°C,C,23,23,highest-temperature-in-london-on-september-21-2026
london,2026-09-22,25°C,C,25,25,highest-temperature-in-london-on-september-22-2026
los-angeles,2026-07-01,70-71°F,F,70,71,highest-temperature-in-los-angeles-on-july-1-2026
los-angeles,2026-07-02,72-73°F,F,72,73,highest-temperature-in-los-angeles-on-july-2-2026
los-angeles,2026-07-03,72-73°F,F,72,73,highest-temperature-in-los-angeles-on-july-3-2026
los-angeles,2026-07-04,74-75°F,F,74,75,highest-temperature-in-los-angeles-on-july-4-2026
los-angeles,2026-07-05,74-75°F,F,74,75,highest-temperature-in-los-angeles-on-july-5-2026
los-angeles,2026-07-06,74-75°F,F,74,75,highest-temperature-in-los-angeles-on-july-6-2026
los-angeles,2026-07-07,74-75°F,F,74,75,highest-temperature-in-los-angeles-on-july-7-2026
los-angeles,2026-07-08,74-75°F,F,74,75,highest-temperature-in-los-angeles-on-july-8-2026
los-angeles,2026-07-09,74-75°F,F,74,75,highest-temperature-in-los-angeles-on-july-9-2026
los-angeles,2026-07-10,74-75°F,F,74,75,highest-temperature-in-los-angeles-on-july-10-2026
los-angeles,2026-07-11,74-75°F,F,74,75,highest-temperature-in-los-angeles-on-july-11-2026
los-angeles,2026-07-12,74-75°F,F,74,75,highest-temperature-in-los-angeles-on-july-12-2026
los-angeles,2026-07-13,74-75°F,F,74,75,highest-temperature-in-los-angeles-on-july-13-2026
los-angeles,2026-07-14,76-77°F,F,76,77,highest-temperature-in-los-angeles-on-july-14-2026
los-angeles,2026-07-15,80-81°F,F,80,81,highest-temperature-in-los-angeles-on-july-15-2026
los-angeles,2026-07-16,82-83°F,F,82,83,highest-temperature-in-los-angeles-on-july-16-2026
los-angeles,2026-07-17,86-87°F,F,86,87,highest-temperature-in-los-angeles-on-july-17-2026
los-angeles,2026-07-18,78-79°F,F,78,79,highest-temperature-in-los-angeles-on-july-18-2026
los-angeles,2026-07-19,76-77°F,F,76,77,highest-temperature-in-los-angeles-on-july-19-2026
los-angeles,2026-07-20,80-81°F,F,80,81,highest-temperature-in-los-angeles-on-july-20-2026
los-angeles,2026-07-21,80-81°F,F,80,81,highest-temperature-in-los-angeles-on-july-21-2026
los-angeles,2026-07-22,76-77°F,F,76,77,highest-temperature-in-los-angeles-on-july-22-2026
los-angeles,2026-07-23,80-81°F,F,80,81,highest-temperature-in-los-angeles-on-july-23-2026
los-angeles,2026-07-24,78-79°F,F,78,79,highest-temperature-in-los-angeles-on-july-24-2026
los-angeles,2026-07-25,78-79°F,F,78,79,highest-temperature-in-los-angeles-on-july-25-2026
los-angeles,2026-07-26,78-79°F,F,78,79,highest-temperature-in-los-angeles-on-july-26-2026
los-angeles,2026-07-27,78-79°F,F,78,79,highest-temperature-in-los-angeles-on-july-27-2026
los-angeles,2026-07-28,78-79°F,F,78,79,highest-temperature-in-los-angeles-on-july-28-2026
los-angeles,2026-07-29,78-79°F,F,78,79,highest-temperature-in-los-angeles-on-july-29-2026
los-angeles,2026-07-30,76-77°F,F,76,77,highest-temperature-in-los-angeles-on-july-30-2026
los-angeles,2026-07-31,78-79°F,F,78,79,highest-temperature-in-los-angeles-on-july-31-2026
los-angeles,2026-08-01,78-79°F,F,78,79,highest-temperature-in-los-angeles-on-august-1-2026
los-angeles,2026-08-02,78-79°F,F,78,79,highest-temperature-in-los-angeles-on-august-2-2026
los-angeles,2026-08-03,78-79°F,F,78,79,highest-temperature-in-los-angeles-on-august-3-2026
los-angeles,2026-08-04,76-77°F,F,76,77,highest-temperature-in-los-angeles-on-august-4-2026
los-angeles,2026-08-05,76-77°F,F,76,77,highest-temperature-in-los-angeles-on-august-5-2026
los-angeles,2026-08-06,76-77°F,F,76,77,highest-temperature-in-los-angeles-on-august-6-2026
los-angeles,2026-08-07,78-79°F,F,78,79,highest-temperature-in-los-angeles-on-august-7-2026
los-angeles,2026-08-08,78-79°F,F,78,79,highest-temperature-in-los-angeles-on-august-8-2026
los-angeles,2026-08-09,80-81°F,F,80,81,highest-temperature-in-los-angeles-on-august-9-2026
los-angeles,2026-08-10,78-79°F,F,78,79,highest-temperature-in-los-angeles-on-august-10-2026
los-angeles,2026-08-11,80-81°F,F,80,81,highest-temperature-in-los-angeles-on-august-11-2026
los-angeles,2026-08-12,76-77°F,F,76,77,highest-temperature-in-los-angeles-on-august-12-2026
los-angeles,2026-08-13,76-77°F,F,76,77,highest-temperature-in-los-angeles-on-august-13-2026
los-angeles,2026-08-14,78-79°F,F,78,79,highest-temperature-in-los-angeles-on-august-14-2026
los-angeles,2026-08-15,76-77°F,F,76,77,highest-temperature-in-los-angeles-on-august-15-2026
los-angeles,2026-08-16,76-77°F,F,76,77,highest-temperature-in-los-angeles-on-august-16-2026
los-angeles,2026-08-17,76-77°F,F,76,77,highest-temperature-in-los-angeles-on-august-17-2026
los-angeles,2026-08-18,80-81°F,F,80,81,highest-temperature-in-los-angeles-on-august-18-2026
los-angeles,2026-08-19,80-81°F,F,80,81,highest-temperature-in-los-angeles-on-august-19-2026
los-angeles,2026-08-20,76-77°F,F,76,77,highest-temperature-in-los-angeles-on-august-20-2026
los-angeles,2026-08-21,80-81°F,F,80,81,highest-temperature-in-los-angeles-on-august-21-2026
los-angeles,2026-08-22,82-83°F,F,82,83,highest-temperature-in-los-angeles-on-august-22-2026
los-angeles,2026-08-23,91°F or below,F,-inf,91,highest-temperature-in-los-angeles-on-august-23-2026
los-angeles,2026-08-24,82-83°F,F,82,83,highest-temperature-in-los-angeles-on-august-24-2026
los-angeles,2026-08-25,84-85°F,F,84,85,highest-temperature-in-los-angeles-on-august-25-2026
los-angeles,2026-08-26,86-87°F,F,86,87,highest-temperature-in-los-angeles-on-august-26-2026
los-angeles,2026-08-27,88-89°F,F,88,89,highest-temperature-in-los-angeles-on-august-27-2026
los-angeles,2026-08-28,84-85°F,F,84,85,highest-temperature-in-los-angeles-on-august-28-2026
los-angeles,2026-08-29,84-85°F,F,84,85,highest-temperature-in-los-angeles-on-august-29-2026
los-angeles,2026-08-30,82-83°F,F,82,83,highest-temperature-in-los-angeles-on-august-30-2026
los-angeles,2026-08-31,78-79°F,F,78,79,highest-temperature-in-los-angeles-on-august-31-2026
los-angeles,2026-09-01,74-75°F,F,74,75,highest-temperature-in-los-angeles-on-september-1-2026
los-angeles,2026-09-02,76-77°F,F,76,77,highest-temperature-in-los-angeles-on-september-2-2026
los-angeles,2026-09-04,76-77°F,F,76,77,highest-temperature-in-los-angeles-on-september-4-2026
los-angeles,2026-09-05,80-81°F,F,80,81,highest-temperature-in-los-angeles-on-september-5-2026
los-angeles,2026-09-06,76-77°F,F,76,77,highest-temperature-in-los-angeles-on-september-6-2026
los-angeles,2026-09-07,84-85°F,F,84,85,highest-temperature-in-los-angeles-on-september-7-2026
los-angeles,2026-09-08,90-91°F,F,90,91,highest-temperature-in-los-angeles-on-september-8-2026
los-angeles,2026-09-09,96°F or higher,F,96,inf,highest-temperature-in-los-angeles-on-september-9-2026
los-angeles,2026-09-10,90-91°F,F,90,91,highest-temperature-in-los-angeles-on-september-10-2026
los-angeles,2026-09-11,84-85°F,F,84,85,highest-temperature-in-los-angeles-on-september-11-2026
los-angeles,2026-09-12,80-81°F,F,80,81,highest-temperature-in-los-angeles-on-september-12-2026
los-angeles,2026-09-13,78-79°F,F,78,79,highest-temperature-in-los-angeles-on-september-13-2026
los-angeles,2026-09-14,78-79°F,F,78,79,highest-temperature-in-los-angeles-on-september-14-2026
los-angeles,2026-09-15,80-81°F,F,80,81,highest-temperature-in-los-angeles-on-september-15-2026
los-angeles,2026-09-16,78-79°F,F,78,79,highest-temperature-in-los-angeles-on-september-16-2026
los-angeles,2026-09-17,76-77°F,F,76,77,highest-temperature-in-los-angeles-on-september-17-2026
los-angeles,2026-09-18,76-77°F,F,76,77,highest-temperature-in-los-angeles-on-september-18-2026
los-angeles,2026-09-19,76-77°F,F,76,77,highest-temperature-in-los-angeles-on-september-19-2026
los-angeles,2026-09-20,76-77°F,F,76,77,highest-temperature-in-los-angeles-on-september-20-2026
los-angeles,2026-09-21,76-77°F,F,76,77,highest-temperature-in-los-angeles-on-september-21-2026
los-angeles,2026-09-22,76-77°F,F,76,77,highest-temperature-in-los-angeles-on-september-22-2026
lucknow,2026-07-01,33°C,C,33,33,highest-temperature-in-lucknow-on-july-1-2026
lucknow,2026-07-02,34°C,C,34,34,highest-temperature-in-lucknow-on-july-2-2026
lucknow,2026-07-03,36°C,C,36,36,highest-temperature-in-lucknow-on-july-3-2026
lucknow,2026-07-04,36°C,C,36,36,highest-temperature-in-lucknow-on-july-4-2026
lucknow,2026-07-05,38°C,C,38,38,highest-temperature-in-lucknow-on-july-5-2026
lucknow,2026-07-06,36°C,C,36,36,highest-temperature-in-lucknow-on-july-6-2026
lucknow,2026-07-07,34°C,C,34,34,highest-temperature-in-lucknow-on-july-7-2026
lucknow,2026-07-08,33°C,C,33,33,highest-temperature-in-lucknow-on-july-8-2026
lucknow,2026-07-09,31°C,C,31,31,highest-temperature-in-lucknow-on-july-9-2026
lucknow,2026-07-10,32°C,C,32,32,highest-temperature-in-lucknow-on-july-10-2026
lucknow,2026-07-11,34°C,C,34,34,highest-temperature-in-lucknow-on-july-11-2026
lucknow,2026-07-12,35°C,C,35,35,highest-temperature-in-lucknow-on-july-12-2026
lucknow,2026-07-13,36°C,C,36,36,highest-temperature-in-lucknow-on-july-13-2026
lucknow,2026-07-14,37°C,C,37,37,highest-temperature-in-lucknow-on-july-14-2026
lucknow,2026-07-15,35°C,C,35,35,highest-temperature-in-lucknow-on-july-15-2026
lucknow,2026-07-16,33°C,C,33,33,highest-temperature-in-lucknow-on-july-16-2026
lucknow,2026-07-17,35°C or higher,C,35,inf,highest-temperature-in-lucknow-on-july-17-2026
lucknow,2026-07-18,31°C,C,31,31,highest-temperature-in-lucknow-on-july-18-2026
lucknow,2026-07-19,29°C,C,29,29,highest-temperature-in-lucknow-on-july-19-2026
lucknow,2026-07-20,27°C,C,27,27,highest-temperature-in-lucknow-on-july-20-2026
lucknow,2026-07-21,31°C,C,31,31,highest-temperature-in-lucknow-on-july-21-2026
lucknow,2026-07-22,33°C,C,33,33,highest-temperature-in-lucknow-on-july-22-2026
lucknow,2026-07-23,31°C,C,31,31,highest-temperature-in-lucknow-on-july-23-2026
lucknow,2026-07-24,32°C,C,32,32,highest-temperature-in-lucknow-on-july-24-2026
lucknow,2026-07-25,34°C,C,34,34,highest-temperature-in-lucknow-on-july-25-2026
lucknow,2026-07-26,36°C,C,36,36,highest-temperature-in-lucknow-on-july-26-2026
lucknow,2026-07-27,33°C,C,33,33,highest-temperature-in-lucknow-on-july-27-2026
lucknow,2026-07-28,34°C,C,34,34,highest-temperature-in-lucknow-on-july-28-2026
lucknow,2026-07-29,34°C,C,34,34,highest-temperature-in-lucknow-on-july-29-2026
lucknow,2026-07-30,34°C,C,34,34,highest-temperature-in-lucknow-on-july-30-2026
lucknow,2026-07-31,33°C,C,33,33,highest-temperature-in-lucknow-on-july-31-2026
lucknow,2026-08-01,34°C,C,34,34,highest-temperature-in-lucknow-on-august-1-2026
lucknow,2026-08-02,34°C or higher,C,34,inf,highest-temperature-in-lucknow-on-august-2-2026
lucknow,2026-08-03,33°C,C,33,33,highest-temperature-in-lucknow-on-august-3-2026
lucknow,2026-08-04,29°C,C,29,29,highest-temperature-in-lucknow-on-august-4-2026
lucknow,2026-08-05,31°C,C,31,31,highest-temperature-in-lucknow-on-august-5-2026
lucknow,2026-08-06,29°C,C,29,29,highest-temperature-in-lucknow-on-august-6-2026
lucknow,2026-08-07,32°C,C,32,32,highest-temperature-in-lucknow-on-august-7-2026
lucknow,2026-08-08,32°C,C,32,32,highest-temperature-in-lucknow-on-august-8-2026
lucknow,2026-08-09,33°C,C,33,33,highest-temperature-in-lucknow-on-august-9-2026
lucknow,2026-08-10,32°C,C,32,32,highest-temperature-in-lucknow-on-august-10-2026
lucknow,2026-08-11,34°C,C,34,34,highest-temperature-in-lucknow-on-august-11-2026
lucknow,2026-08-12,35°C,C,35,35,highest-temperature-in-lucknow-on-august-12-2026
lucknow,2026-08-13,35°C,C,35,35,highest-temperature-in-lucknow-on-august-13-2026
lucknow,2026-08-14,34°C,C,34,34,highest-temperature-in-lucknow-on-august-14-2026
lucknow,2026-08-15,35°C,C,35,35,highest-temperature-in-lucknow-on-august-15-2026
lucknow,2026-08-16,31°C,C,31,31,highest-temperature-in-lucknow-on-august-16-2026
lucknow,2026-08-17,28°C,C,28,28,highest-temperature-in-lucknow-on-august-17-2026
lucknow,2026-08-18,31°C,C,31,31,highest-temperature-in-lucknow-on-august-18-2026
lucknow,2026-08-19,32°C,C,32,32,highest-temperature-in-lucknow-on-august-19-2026
lucknow,2026-08-20,33°C,C,33,33,highest-temperature-in-lucknow-on-august-20-2026
lucknow,2026-08-21,35°C,C,35,35,highest-temperature-in-lucknow-on-august-21-2026
lucknow,2026-08-22,31°C,C,31,31,highest-temperature-in-lucknow-on-august-22-2026
lucknow,2026-08-23,33°C,C,33,33,highest-temperature-in-lucknow-on-august-23-2026
lucknow,2026-08-24,33°C,C,33,33,highest-temperature-in-lucknow-on-august-24-2026
lucknow,2026-08-25,30°C,C,30,30,highest-temperature-in-lucknow-on-august-25-2026
lucknow,2026-08-26,32°C,C,32,32,highest-temperature-in-lucknow-on-august-26-2026
lucknow,2026-08-27,32°C,C,32,32,highest-temperature-in-lucknow-on-august-27-2026
lucknow,2026-08-28,32°C,C,32,32,highest-temperature-in-lucknow-on-august-28-2026
lucknow,2026-08-29,33°C,C,33,33,highest-temperature-in-lucknow-on-august-29-2026
lucknow,2026-08-30,32°C,C,32,32,highest-temperature-in-lucknow-on-august-30-2026
lucknow,2026-08-31,31°C,C,31,31,highest-temperature-in-lucknow-on-august-31-2026
lucknow,2026-09-01,30°C,C,30,30,highest-temperature-in-lucknow-on-september-1-2026
lucknow,2026-09-02,30°C,C,30,30,highest-temperature-in-lucknow-on-september-2-2026
lucknow,2026-09-04,31°C,C,31,31,highest-temperature-in-lucknow-on-september-4-2026
lucknow,2026-09-05,32°C,C,32,32,highest-temperature-in-lucknow-on-september-5-2026
lucknow,2026-09-06,31°C,C,31,31,highest-temperature-in-lucknow-on-september-6-2026
lucknow,2026-09-07,31°C,C,31,31,highest-temperature-in-lucknow-on-september-7-2026
lucknow,2026-09-08,32°C,C,32,32,highest-temperature-in-lucknow-on-september-8-2026
lucknow,2026-09-09,34°C,C,34,34,highest-temperature-in-lucknow-on-september-9-2026
lucknow,2026-09-10,34°C,C,34,34,highest-temperature-in-lucknow-on-september-10-2026
lucknow,2026-09-11,31°C,C,31,31,highest-temperature-in-lucknow-on-september-11-2026
lucknow,2026-09-12,33°C,C,33,33,highest-temperature-in-lucknow-on-september-12-2026
lucknow,2026-09-13,33°C,C,33,33,highest-temperature-in-lucknow-on-september-13-2026
lucknow,2026-09-14,32°C,C,32,32,highest-temperature-in-lucknow-on-september-14-2026
lucknow,2026-09-15,33°C,C,33,33,highest-temperature-in-lucknow-on-september-15-2026
lucknow,2026-09-16,33°C or higher,C,33,inf,highest-temperature-in-lucknow-on-september-16-2026
lucknow,2026-09-17,34°C,C,34,34,highest-temperature-in-lucknow-on-september-17-2026
lucknow,2026-09-18,31°C,C,31,31,highest-temperature-in-lucknow-on-september-18-2026
lucknow,2026-09-19,32°C,C,32,32,highest-temperature-in-lucknow-on-september-19-2026
lucknow,2026-09-20,33°C,C,33,33,highest-temperature-in-lucknow-on-september-20-2026
lucknow,2026-09-21,33°C,C,33,33,highest-temperature-in-lucknow-on-september-21-2026
lucknow,2026-09-22,33°C,C,33,33,highest-temperature-in-lucknow-on-september-22-2026
lucknow,2026-09-23,33°C,C,33,33,highest-temperature-in-lucknow-on-september-23-2026
madrid,2026-07-01,38°C,C,38,38,highest-temperature-in-madrid-on-july-1-2026
madrid,2026-07-02,35°C,C,35,35,highest-temperature-in-madrid-on-july-2-2026
madrid,2026-07-03,37°C,C,37,37,highest-temperature-in-madrid-on-july-3-2026
madrid,2026-07-04,39°C,C,39,39,highest-temperature-in-madrid-on-july-4-2026
madrid,2026-07-05,38°C,C,38,38,highest-temperature-in-madrid-on-july-5-2026
madrid,2026-07-06,39°C,C,39,39,highest-temperature-in-madrid-on-july-6-2026
madrid,2026-07-07,40°C,C,40,40,highest-temperature-in-madrid-on-july-7-2026
madrid,2026-07-08,39°C,C,39,39,highest-temperature-in-madrid-on-july-8-2026
madrid,2026-07-09,38°C,C,38,38,highest-temperature-in-madrid-on-july-9-2026
madrid,2026-07-10,36°C,C,36,36,highest-temperature-in-madrid-on-july-10-2026
madrid,2026-07-11,38°C,C,38,38,highest-temperature-in-madrid-on-july-11-2026
madrid,2026-07-12,34°C,C,34,34,highest-temperature-in-madrid-on-july-12-2026
madrid,2026-07-13,33°C,C,33,33,highest-temperature-in-madrid-on-july-13-2026
madrid,2026-07-14,37°C,C,37,37,highest-temperature-in-madrid-on-july-14-2026
madrid,2026-07-15,36°C,C,36,36,highest-temperature-in-madrid-on-july-15-2026
madrid,2026-07-16,35°C,C,35,35,highest-temperature-in-madrid-on-july-16-2026
madrid,2026-07-17,34°C,C,34,34,highest-temperature-in-madrid-on-july-17-2026
madrid,2026-07-18,36°C,C,36,36,highest-temperature-in-madrid-on-july-18-2026
madrid,2026-07-19,36°C,C,36,36,highest-temperature-in-madrid-on-july-19-2026
madrid,2026-07-20,36°C,C,36,36,highest-temperature-in-madrid-on-july-20-2026
madrid,2026-07-21,37°C,C,37,37,highest-temperature-in-madrid-on-july-21-2026
madrid,2026-07-22,39°C,C,39,39,highest-temperature-in-madrid-on-july-22-2026
madrid,2026-07-23,38°C,C,38,38,highest-temperature-in-madrid-on-july-23-2026
madrid,2026-07-24,33°C,C,33,33,highest-temperature-in-madrid-on-july-24-2026
madrid,2026-07-25,29°C,C,29,29,highest-temperature-in-madrid-on-july-25-2026
madrid,2026-07-26,31°C,C,31,31,highest-temperature-in-madrid-on-july-26-2026
madrid,2026-07-27,35°C,C,35,35,highest-temperature-in-madrid-on-july-27-2026
madrid,2026-07-28,38°C,C,38,38,highest-temperature-in-madrid-on-july-28-2026
madrid,2026-07-29,39°C,C,39,39,highest-temperature-in-madrid-on-july-29-2026
madrid,2026-07-30,40°C,C,40,40,highest-temperature-in-madrid-on-july-30-2026
madrid,2026-07-31,38°C,C,38,38,highest-temperature-in-madrid-on-july-31-2026
madrid,2026-08-01,39°C,C,39,39,highest-temperature-in-madrid-on-august-1-2026
madrid,2026-08-02,37°C,C,37,37,highest-temperature-in-madrid-on-august-2-2026
madrid,2026-08-03,33°C,C,33,33,highest-temperature-in-madrid-on-august-3-2026
madrid,2026-08-04,34°C,C,34,34,highest-temperature-in-madrid-on-august-4-2026
madrid,2026-08-05,36°C,C,36,36,highest-temperature-in-madrid-on-august-5-2026
madrid,2026-08-06,38°C,C,38,38,highest-temperature-in-madrid-on-august-6-2026
madrid,2026-08-07,39°C,C,39,39,highest-temperature-in-madrid-on-august-7-2026
madrid,2026-08-08,38°C,C,38,38,highest-temperature-in-madrid-on-august-8-2026
madrid,2026-08-09,37°C,C,37,37,highest-temperature-in-madrid-on-august-9-2026
madrid,2026-08-10,37°C,C,37,37,highest-temperature-in-madrid-on-august-10-2026
madrid,2026-08-11,36°C,C,36,36,highest-temperature-in-madrid-on-august-11-2026
madrid,2026-08-12,38°C,C,38,38,highest-temperature-in-madrid-on-august-12-2026
madrid,2026-08-13,40°C,C,40,40,highest-temperature-in-madrid-on-august-13-2026
madrid,2026-08-14,39°C,C,39,39,highest-temperature-in-madrid-on-august-14-2026
madrid,2026-08-15,30°C or below,C,-inf,30,highest-temperature-in-madrid-on-august-15-2026
madrid,2026-08-16,35°C,C,35,35,highest-temperature-in-madrid-on-august-16-2026
madrid,2026-08-17,38°C,C,38,38,highest-temperature-in-madrid-on-august-17-2026
madrid,2026-08-18,39°C,C,39,39,highest-temperature-in-madrid-on-august-18-2026
madrid,2026-08-19,36°C,C,36,36,highest-temperature-in-madrid-on-august-19-2026
madrid,2026-08-20,32°C,C,32,32,highest-temperature-in-madrid-on-august-20-2026
madrid,2026-08-21,32°C,C,32,32,highest-temperature-in-madrid-on-august-21-2026
madrid,2026-08-22,33°C,C,33,33,highest-temperature-in-madrid-on-august-22-2026
madrid,2026-08-23,34°C,C,34,34,highest-temperature-in-madrid-on-august-23-2026
madrid,2026-08-24,29°C,C,29,29,highest-temperature-in-madrid-on-august-24-2026
madrid,2026-08-25,28°C,C,28,28,highest-temperature-in-madrid-on-august-25-2026
madrid,2026-08-26,30°C,C,30,30,highest-temperature-in-madrid-on-august-26-2026
madrid,2026-08-27,23°C,C,23,23,highest-temperature-in-madrid-on-august-27-2026
madrid,2026-08-28,26°C,C,26,26,highest-temperature-in-madrid-on-august-28-2026
madrid,2026-08-29,30°C,C,30,30,highest-temperature-in-madrid-on-august-29-2026
madrid,2026-08-30,33°C,C,33,33,highest-temperature-in-madrid-on-august-30-2026
madrid,2026-08-31,33°C,C,33,33,highest-temperature-in-madrid-on-august-31-2026
madrid,2026-09-01,34°C,C,34,34,highest-temperature-in-madrid-on-september-1-2026
madrid,2026-09-02,36°C,C,36,36,highest-temperature-in-madrid-on-september-2-2026
madrid,2026-09-04,38°C,C,38,38,highest-temperature-in-madrid-on-september-4-2026
madrid,2026-09-05,36°C,C,36,36,highest-temperature-in-madrid-on-september-5-2026
madrid,2026-09-06,37°C,C,37,37,highest-temperature-in-madrid-on-september-6-2026
madrid,2026-09-07,38°C,C,38,38,highest-temperature-in-madrid-on-september-7-2026
madrid,2026-09-08,36°C,C,36,36,highest-temperature-in-madrid-on-september-8-2026
madrid,2026-09-09,27°C,C,27,27,highest-temperature-in-madrid-on-september-9-2026
madrid,2026-09-10,28°C,C,28,28,highest-temperature-in-madrid-on-september-10-2026
madrid,2026-09-11,32°C,C,32,32,highest-temperature-in-madrid-on-september-11-2026
madrid,2026-09-12,33°C,C,33,33,highest-temperature-in-madrid-on-september-12-2026
madrid,2026-09-13,33°C,C,33,33,highest-temperature-in-madrid-on-september-13-2026
madrid,2026-09-14,35°C,C,35,35,highest-temperature-in-madrid-on-september-14-2026
madrid,2026-09-15,36°C,C,36,36,highest-temperature-in-madrid-on-september-15-2026
madrid,2026-09-16,28°C,C,28,28,highest-temperature-in-madrid-on-september-16-2026
madrid,2026-09-17,27°C,C,27,27,highest-temperature-in-madrid-on-september-17-2026
madrid,2026-09-18,28°C,C,28,28,highest-temperature-in-madrid-on-september-18-2026
madrid,2026-09-19,29°C,C,29,29,highest-temperature-in-madrid-on-september-19-2026
madrid,2026-09-20,31°C,C,31,31,highest-temperature-in-madrid-on-september-20-2026
madrid,2026-09-21,33°C,C,33,33,highest-temperature-in-madrid-on-september-21-2026
madrid,2026-09-22,34°C,C,34,34,highest-temperature-in-madrid-on-september-22-2026
manila,2026-07-01,34°C,C,34,34,highest-temperature-in-manila-on-july-1-2026
manila,2026-07-02,35°C,C,35,35,highest-temperature-in-manila-on-july-2-2026
manila,2026-07-03,35°C,C,35,35,highest-temperature-in-manila-on-july-3-2026
manila,2026-07-04,34°C,C,34,34,highest-temperature-in-manila-on-july-4-2026
manila,2026-07-05,34°C,C,34,34,highest-temperature-in-manila-on-july-5-2026
manila,2026-07-06,34°C,C,34,34,highest-temperature-in-manila-on-july-6-2026
manila,2026-07-07,33°C,C,33,33,highest-temperature-in-manila-on-july-7-2026
manila,2026-07-08,33°C,C,33,33,highest-temperature-in-manila-on-july-8-2026
manila,2026-07-09,33°C,C,33,33,highest-temperature-in-manila-on-july-9-2026
manila,2026-07-10,32°C,C,32,32,highest-temperature-in-manila-on-july-10-2026
manila,2026-07-11,30°C,C,30,30,highest-temperature-in-manila-on-july-11-2026
manila,2026-07-12,31°C,C,31,31,highest-temperature-in-manila-on-july-12-2026
manila,2026-07-13,31°C,C,31,31,highest-temperature-in-manila-on-july-13-2026
manila,2026-07-14,32°C,C,32,32,highest-temperature-in-manila-on-july-14-2026
manila,2026-07-15,33°C,C,33,33,highest-temperature-in-manila-on-july-15-2026
manila,2026-07-16,33°C,C,33,33,highest-temperature-in-manila-on-july-16-2026
manila,2026-07-17,32°C,C,32,32,highest-temperature-in-manila-on-july-17-2026
manila,2026-07-18,32°C,C,32,32,highest-temperature-in-manila-on-july-18-2026
manila,2026-07-19,33°C,C,33,33,highest-temperature-in-manila-on-july-19-2026
manila,2026-07-20,33°C,C,33,33,highest-temperature-in-manila-on-july-20-2026
manila,2026-07-21,33°C,C,33,33,highest-temperature-in-manila-on-july-21-2026
manila,2026-07-22,33°C,C,33,33,highest-temperature-in-manila-on-july-22-2026
manila,2026-07-23,32°C,C,32,32,highest-temperature-in-manila-on-july-23-2026
manila,2026-07-24,30°C,C,30,30,highest-temperature-in-manila-on-july-24-2026
manila,2026-07-25,32°C,C,32,32,highest-temperature-in-manila-on-july-25-2026
manila,2026-07-26,31°C,C,31,31,highest-temperature-in-manila-on-july-26-2026
manila,2026-07-27,33°C,C,33,33,highest-temperature-in-manila-on-july-27-2026
manila,2026-07-28,32°C,C,32,32,highest-temperature-in-manila-on-july-28-2026
manila,2026-07-29,27°C or below,C,-inf,27,highest-temperature-in-manila-on-july-29-2026
manila,2026-07-30,33°C,C,33,33,highest-temperature-in-manila-on-july-30-2026
manila,2026-07-31,33°C,C,33,33,highest-temperature-in-manila-on-july-31-2026
manila,2026-08-01,32°C,C,32,32,highest-temperature-in-manila-on-august-1-2026
manila,2026-08-02,30°C,C,30,30,highest-temperature-in-manila-on-august-2-2026
manila,2026-08-03,30°C,C,30,30,highest-temperature-in-manila-on-august-3-2026
manila,2026-08-04,30°C,C,30,30,highest-temperature-in-manila-on-august-4-2026
manila,2026-08-05,28°C,C,28,28,highest-temperature-in-manila-on-august-5-2026
manila,2026-08-06,29°C,C,29,29,highest-temperature-in-manila-on-august-6-2026
manila,2026-08-07,29°C,C,29,29,highest-temperature-in-manila-on-august-7-2026
manila,2026-08-08,28°C,C,28,28,highest-temperature-in-manila-on-august-8-2026
manila,2026-08-09,31°C,C,31,31,highest-temperature-in-manila-on-august-9-2026
manila,2026-08-10,32°C,C,32,32,highest-temperature-in-manila-on-august-10-2026
manila,2026-08-11,31°C,C,31,31,highest-temperature-in-manila-on-august-11-2026
manila,2026-08-12,30°C,C,30,30,highest-temperature-in-manila-on-august-12-2026
manila,2026-08-13,28°C,C,28,28,highest-temperature-in-manila-on-august-13-2026
manila,2026-08-14,28°C,C,28,28,highest-temperature-in-manila-on-august-14-2026
manila,2026-08-15,31°C,C,31,31,highest-temperature-in-manila-on-august-15-2026
manila,2026-08-16,32°C,C,32,32,highest-temperature-in-manila-on-august-16-2026
manila,2026-08-17,30°C,C,30,30,highest-temperature-in-manila-on-august-17-2026
manila,2026-08-18,29°C,C,29,29,highest-temperature-in-manila-on-august-18-2026
manila,2026-08-19,30°C,C,30,30,highest-temperature-in-manila-on-august-19-2026
manila,2026-08-20,32°C,C,32,32,highest-temperature-in-manila-on-august-20-2026
manila,2026-08-21,32°C,C,32,32,highest-temperature-in-manila-on-august-21-2026
manila,2026-08-22,32°C,C,32,32,highest-temperature-in-manila-on-august-22-2026
manila,2026-08-23,32°C,C,32,32,highest-temperature-in-manila-on-august-23-2026
manila,2026-08-24,32°C,C,32,32,highest-temperature-in-manila-on-august-24-2026
manila,2026-08-25,31°C,C,31,31,highest-temperature-in-manila-on-august-25-2026
manila,2026-08-26,32°C,C,32,32,highest-temperature-in-manila-on-august-26-2026
manila,2026-08-27,32°C,C,32,32,highest-temperature-in-manila-on-august-27-2026
manila,2026-08-28,28°C,C,28,28,highest-temperature-in-manila-on-august-28-2026
manila,2026-08-29,27°C,C,27,27,highest-temperature-in-manila-on-august-29-2026
manila,2026-08-30,30°C,C,30,30,highest-temperature-in-manila-on-august-30-2026
manila,2026-08-31,33°C,C,33,33,highest-temperature-in-manila-on-august-31-2026
manila,2026-09-01,32°C,C,32,32,highest-temperature-in-manila-on-september-1-2026
manila,2026-09-02,33°C,C,33,33,highest-temperature-in-manila-on-september-2-2026
manila,2026-09-04,29°C,C,29,29,highest-temperature-in-manila-on-september-4-2026
manila,2026-09-05,29°C,C,29,29,highest-temperature-in-manila-on-september-5-2026
manila,2026-09-06,30°C,C,30,30,highest-temperature-in-manila-on-september-6-2026
manila,2026-09-07,27°C,C,27,27,highest-temperature-in-manila-on-september-7-2026
manila,2026-09-08,28°C,C,28,28,highest-temperature-in-manila-on-september-8-2026
manila,2026-09-09,30°C,C,30,30,highest-temperature-in-manila-on-september-9-2026
manila,2026-09-10,30°C,C,30,30,highest-temperature-in-manila-on-september-10-2026
manila,2026-09-11,30°C,C,30,30,highest-temperature-in-manila-on-september-11-2026
manila,2026-09-12,31°C,C,31,31,highest-temperature-in-manila-on-september-12-2026
manila,2026-09-13,32°C,C,32,32,highest-temperature-in-manila-on-september-13-2026
manila,2026-09-14,32°C,C,32,32,highest-temperature-in-manila-on-september-14-2026
manila,2026-09-15,31°C,C,31,31,highest-temperature-in-manila-on-september-15-2026
manila,2026-09-16,32°C,C,32,32,highest-temperature-in-manila-on-september-16-2026
manila,2026-09-17,31°C,C,31,31,highest-temperature-in-manila-on-september-17-2026
manila,2026-09-18,33°C,C,33,33,highest-temperature-in-manila-on-september-18-2026
manila,2026-09-19,34°C,C,34,34,highest-temperature-in-manila-on-september-19-2026
manila,2026-09-20,32°C,C,32,32,highest-temperature-in-manila-on-september-20-2026
manila,2026-09-21,32°C,C,32,32,highest-temperature-in-manila-on-september-21-2026
manila,2026-09-22,32°C,C,32,32,highest-temperature-in-manila-on-september-22-2026
manila,2026-09-23,32°C,C,32,32,highest-temperature-in-manila-on-september-23-2026
mexico-city,2026-07-01,24°C,C,24,24,highest-temperature-in-mexico-city-on-july-1-2026
mexico-city,2026-07-02,22°C,C,22,22,highest-temperature-in-mexico-city-on-july-2-2026
mexico-city,2026-07-03,24°C,C,24,24,highest-temperature-in-mexico-city-on-july-3-2026
mexico-city,2026-07-04,25°C,C,25,25,highest-temperature-in-mexico-city-on-july-4-2026
mexico-city,2026-07-05,23°C,C,23,23,highest-temperature-in-mexico-city-on-july-5-2026
mexico-city,2026-07-06,24°C,C,24,24,highest-temperature-in-mexico-city-on-july-6-2026
mexico-city,2026-07-07,24°C,C,24,24,highest-temperature-in-mexico-city-on-july-7-2026
mexico-city,2026-07-08,23°C,C,23,23,highest-temperature-in-mexico-city-on-july-8-2026
mexico-city,2026-07-09,23°C,C,23,23,highest-temperature-in-mexico-city-on-july-9-2026
mexico-city,2026-07-10,25°C,C,25,25,highest-temperature-in-mexico-city-on-july-10-2026
mexico-city,2026-07-11,25°C,C,25,25,highest-temperature-in-mexico-city-on-july-11-2026
mexico-city,2026-07-12,24°C,C,24,24,highest-temperature-in-mexico-city-on-july-12-2026
mexico-city,2026-07-13,24°C,C,24,24,highest-temperature-in-mexico-city-on-july-13-2026
mexico-city,2026-07-14,26°C,C,26,26,highest-temperature-in-mexico-city-on-july-14-2026
mexico-city,2026-07-15,25°C,C,25,25,highest-temperature-in-mexico-city-on-july-15-2026
mexico-city,2026-07-16,25°C,C,25,25,highest-temperature-in-mexico-city-on-july-16-2026
mexico-city,2026-07-17,24°C,C,24,24,highest-temperature-in-mexico-city-on-july-17-2026
mexico-city,2026-07-18,25°C,C,25,25,highest-temperature-in-mexico-city-on-july-18-2026
mexico-city,2026-07-19,25°C,C,25,25,highest-temperature-in-mexico-city-on-july-19-2026
mexico-city,2026-07-20,27°C,C,27,27,highest-temperature-in-mexico-city-on-july-20-2026
mexico-city,2026-07-21,27°C,C,27,27,highest-temperature-in-mexico-city-on-july-21-2026
mexico-city,2026-07-22,27°C,C,27,27,highest-temperature-in-mexico-city-on-july-22-2026
mexico-city,2026-07-23,26°C,C,26,26,highest-temperature-in-mexico-city-on-july-23-2026
mexico-city,2026-07-24,27°C,C,27,27,highest-temperature-in-mexico-city-on-july-24-2026
mexico-city,2026-07-25,27°C,C,27,27,highest-temperature-in-mexico-city-on-july-25-2026
mexico-city,2026-07-26,24°C,C,24,24,highest-temperature-in-mexico-city-on-july-26-2026
mexico-city,2026-07-27,23°C,C,23,23,highest-temperature-in-mexico-city-on-july-27-2026
mexico-city,2026-07-28,26°C,C,26,26,highest-temperature-in-mexico-city-on-july-28-2026
mexico-city,2026-07-29,26°C,C,26,26,highest-temperature-in-mexico-city-on-july-29-2026
mexico-city,2026-07-30,27°C,C,27,27,highest-temperature-in-mexico-city-on-july-30-2026
mexico-city,2026-07-31,26°C,C,26,26,highest-temperature-in-mexico-city-on-july-31-2026
mexico-city,2026-08-01,27°C,C,27,27,highest-temperature-in-mexico-city-on-august-1-2026
mexico-city,2026-08-02,27°C,C,27,27,highest-temperature-in-mexico-city-on-august-2-2026
mexico-city,2026-08-03,27°C,C,27,27,highest-temperature-in-mexico-city-on-august-3-2026
mexico-city,2026-08-04,26°C,C,26,26,highest-temperature-in-mexico-city-on-august-4-2026
mexico-city,2026-08-05,26°C,C,26,26,highest-temperature-in-mexico-city-on-august-5-2026
mexico-city,2026-08-06,24°C,C,24,24,highest-temperature-in-mexico-city-on-august-6-2026
mexico-city,2026-08-07,24°C,C,24,24,highest-temperature-in-mexico-city-on-august-7-2026
mexico-city,2026-08-08,24°C,C,24,24,highest-temperature-in-mexico-city-on-august-8-2026
mexico-city,2026-08-09,23°C,C,23,23,highest-temperature-in-mexico-city-on-august-9-2026
mexico-city,2026-08-10,25°C,C,25,25,highest-temperature-in-mexico-city-on-august-10-2026
mexico-city,2026-08-11,25°C,C,25,25,highest-temperature-in-mexico-city-on-august-11-2026
mexico-city,2026-08-12,25°C,C,25,25,highest-temperature-in-mexico-city-on-august-12-2026
mexico-city,2026-08-13,26°C,C,26,26,highest-temperature-in-mexico-city-on-august-13-2026
mexico-city,2026-08-14,26°C,C,26,26,highest-temperature-in-mexico-city-on-august-14-2026
mexico-city,2026-08-15,26°C,C,26,26,highest-temperature-in-mexico-city-on-august-15-2026
mexico-city,2026-08-16,27°C,C,27,27,highest-temperature-in-mexico-city-on-august-16-2026
mexico-city,2026-08-17,26°C,C,26,26,highest-temperature-in-mexico-city-on-august-17-2026
mexico-city,2026-08-18,26°C,C,26,26,highest-temperature-in-mexico-city-on-august-18-2026
mexico-city,2026-08-19,25°C,C,25,25,highest-temperature-in-mexico-city-on-august-19-2026
mexico-city,2026-08-20,25°C,C,25,25,highest-temperature-in-mexico-city-on-august-20-2026
mexico-city,2026-08-21,24°C,C,24,24,highest-temperature-in-mexico-city-on-august-21-2026
mexico-city,2026-08-22,23°C,C,23,23,highest-temperature-in-mexico-city-on-august-22-2026
mexico-city,2026-08-23,22°C,C,22,22,highest-temperature-in-mexico-city-on-august-23-2026
mexico-city,2026-08-24,20°C,C,20,20,highest-temperature-in-mexico-city-on-august-24-2026
mexico-city,2026-08-25,22°C,C,22,22,highest-temperature-in-mexico-city-on-august-25-2026
mexico-city,2026-08-26,26°C,C,26,26,highest-temperature-in-mexico-city-on-august-26-2026
mexico-city,2026-08-27,24°C,C,24,24,highest-temperature-in-mexico-city-on-august-27-2026
mexico-city,2026-08-28,25°C,C,25,25,highest-temperature-in-mexico-city-on-august-28-2026
mexico-city,2026-08-29,23°C,C,23,23,highest-temperature-in-mexico-city-on-august-29-2026
mexico-city,2026-08-30,26°C or higher,C,26,inf,highest-temperature-in-mexico-city-on-august-30-2026
mexico-city,2026-08-31,24°C,C,24,24,highest-temperature-in-mexico-city-on-august-31-2026
mexico-city,2026-09-01,23°C,C,23,23,highest-temperature-in-mexico-city-on-september-1-2026
mexico-city,2026-09-02,26°C or higher,C,26,inf,highest-temperature-in-mexico-city-on-september-2-2026
mexico-city,2026-09-03,26°C,C,26,26,highest-temperature-in-mexico-city-on-september-3-2026
mexico-city,2026-09-04,26°C,C,26,26,highest-temperature-in-mexico-city-on-september-4-2026
mexico-city,2026-09-05,26°C,C,26,26,highest-temperature-in-mexico-city-on-september-5-2026
mexico-city,2026-09-06,24°C,C,24,24,highest-temperature-in-mexico-city-on-september-6-2026
mexico-city,2026-09-07,22°C,C,22,22,highest-temperature-in-mexico-city-on-september-7-2026
mexico-city,2026-09-08,25°C or higher,C,25,inf,highest-temperature-in-mexico-city-on-september-8-2026
mexico-city,2026-09-09,24°C,C,24,24,highest-temperature-in-mexico-city-on-september-9-2026
mexico-city,2026-09-10,25°C,C,25,25,highest-temperature-in-mexico-city-on-september-10-2026
mexico-city,2026-09-11,25°C,C,25,25,highest-temperature-in-mexico-city-on-september-11-2026
mexico-city,2026-09-12,26°C or higher,C,26,inf,highest-temperature-in-mexico-city-on-september-12-2026
mexico-city,2026-09-13,25°C,C,25,25,highest-temperature-in-mexico-city-on-september-13-2026
mexico-city,2026-09-14,24°C,C,24,24,highest-temperature-in-mexico-city-on-september-14-2026
mexico-city,2026-09-15,25°C,C,25,25,highest-temperature-in-mexico-city-on-september-15-2026
mexico-city,2026-09-16,26°C,C,26,26,highest-temperature-in-mexico-city-on-september-16-2026
mexico-city,2026-09-17,24°C,C,24,24,highest-temperature-in-mexico-city-on-september-17-2026
mexico-city,2026-09-18,24°C,C,24,24,highest-temperature-in-mexico-city-on-september-18-2026
mexico-city,2026-09-19,25°C,C,25,25,highest-temperature-in-mexico-city-on-september-19-2026
mexico-city,2026-09-20,26°C,C,26,26,highest-temperature-in-mexico-city-on-september-20-2026
mexico-city,2026-09-21,26°C,C,26,26,highest-temperature-in-mexico-city-on-september-21-2026
mexico-city,2026-09-22,26°C,C,26,26,highest-temperature-in-mexico-city-on-september-22-2026
miami,2026-07-01,92-93°F,F,92,93,highest-temperature-in-miami-on-july-1-2026
miami,2026-07-02,92-93°F,F,92,93,highest-temperature-in-miami-on-july-2-2026
miami,2026-07-03,90-91°F,F,90,91,highest-temperature-in-miami-on-july-3-2026
miami,2026-07-04,90-91°F,F,90,91,highest-temperature-in-miami-on-july-4-2026
miami,2026-07-05,94-95°F,F,94,95,highest-temperature-in-miami-on-july-5-2026
miami,2026-07-06,90-91°F,F,90,91,highest-temperature-in-miami-on-july-6-2026
miami,2026-07-07,92-93°F,F,92,93,highest-temperature-in-miami-on-july-7-2026
miami,2026-07-08,92-93°F,F,92,93,highest-temperature-in-miami-on-july-8-2026
miami,2026-07-09,90-91°F,F,90,91,highest-temperature-in-miami-on-july-9-2026
miami,2026-07-10,92-93°F,F,92,93,highest-temperature-in-miami-on-july-10-2026
miami,2026-07-11,90-91°F,F,90,91,highest-temperature-in-miami-on-july-11-2026
miami,2026-07-12,94-95°F,F,94,95,highest-temperature-in-miami-on-july-12-2026
miami,2026-07-13,92-93°F,F,92,93,highest-temperature-in-miami-on-july-13-2026
miami,2026-07-14,94-95°F,F,94,95,highest-temperature-in-miami-on-july-14-2026
miami,2026-07-15,92-93°F,F,92,93,highest-temperature-in-miami-on-july-15-2026
miami,2026-07-16,96-97°F,F,96,97,highest-temperature-in-miami-on-july-16-2026
miami,2026-07-17,92-93°F,F,92,93,highest-temperature-in-miami-on-july-17-2026
miami,2026-07-18,90-91°F,F,90,91,highest-temperature-in-miami-on-july-18-2026
miami,2026-07-19,90-91°F,F,90,91,highest-temperature-in-miami-on-july-19-2026
miami,2026-07-20,92-93°F,F,92,93,highest-temperature-in-miami-on-july-20-2026
miami,2026-07-21,90-91°F,F,90,91,highest-temperature-in-miami-on-july-21-2026
miami,2026-07-22,92-93°F,F,92,93,highest-temperature-in-miami-on-july-22-2026
miami,2026-07-23,92-93°F,F,92,93,highest-temperature-in-miami-on-july-23-2026
miami,2026-07-24,92-93°F,F,92,93,highest-temperature-in-miami-on-july-24-2026
miami,2026-07-25,92-93°F,F,92,93,highest-temperature-in-miami-on-july-25-2026
miami,2026-07-26,94-95°F,F,94,95,highest-temperature-in-miami-on-july-26-2026
miami,2026-07-27,90-91°F,F,90,91,highest-temperature-in-miami-on-july-27-2026
miami,2026-07-28,88-89°F,F,88,89,highest-temperature-in-miami-on-july-28-2026
miami,2026-07-29,94-95°F,F,94,95,highest-temperature-in-miami-on-july-29-2026
miami,2026-07-30,96-97°F,F,96,97,highest-temperature-in-miami-on-july-30-2026
miami,2026-07-31,96-97°F,F,96,97,highest-temperature-in-miami-on-july-31-2026
miami,2026-08-01,92-93°F,F,92,93,highest-temperature-in-miami-on-august-1-2026
miami,2026-08-02,90-91°F,F,90,91,highest-temperature-in-miami-on-august-2-2026
miami,2026-08-03,90-91°F,F,90,91,highest-temperature-in-miami-on-august-3-2026
miami,2026-08-04,90-91°F,F,90,91,highest-temperature-in-miami-on-august-4-2026
miami,2026-08-05,88-89°F,F,88,89,highest-temperature-in-miami-on-august-5-2026
miami,2026-08-06,88-89°F,F,88,89,highest-temperature-in-miami-on-august-6-2026
miami,2026-08-07,90-91°F,F,90,91,highest-temperature-in-miami-on-august-7-2026
miami,2026-08-08,90-91°F,F,90,91,highest-temperature-in-miami-on-august-8-2026
miami,2026-08-09,92-93°F,F,92,93,highest-temperature-in-miami-on-august-9-2026
miami,2026-08-10,92-93°F,F,92,93,highest-temperature-in-miami-on-august-10-2026
miami,2026-08-11,92-93°F,F,92,93,highest-temperature-in-miami-on-august-11-2026
miami,2026-08-12,92-93°F,F,92,93,highest-temperature-in-miami-on-august-12-2026
miami,2026-08-13,94-95°F,F,94,95,highest-temperature-in-miami-on-august-13-2026
miami,2026-08-14,94-95°F,F,94,95,highest-temperature-in-miami-on-august-14-2026
miami,2026-08-15,92-93°F,F,92,93,highest-temperature-in-miami-on-august-15-2026
miami,2026-08-16,92-93°F,F,92,93,highest-temperature-in-miami-on-august-16-2026
miami,2026-08-17,94-95°F,F,94,95,highest-temperature-in-miami-on-august-17-2026
miami,2026-08-18,98-99°F,F,98,99,highest-temperature-in-miami-on-august-18-2026
miami,2026-08-19,94-95°F,F,94,95,highest-temperature-in-miami-on-august-19-2026
miami,2026-08-20,92-93°F,F,92,93,highest-temperature-in-miami-on-august-20-2026
miami,2026-08-21,92-93°F,F,92,93,highest-temperature-in-miami-on-august-21-2026
miami,2026-08-22,94-95°F,F,94,95,highest-temperature-in-miami-on-august-22-2026
miami,2026-08-23,92-93°F,F,92,93,highest-temperature-in-miami-on-august-23-2026
miami,2026-08-24,90-91°F,F,90,91,highest-temperature-in-miami-on-august-24-2026
miami,2026-08-25,92-93°F,F,92,93,highest-temperature-in-miami-on-august-25-2026
miami,2026-08-26,92-93°F,F,92,93,highest-temperature-in-miami-on-august-26-2026
miami,2026-08-27,92-93°F,F,92,93,highest-temperature-in-miami-on-august-27-2026
miami,2026-08-28,92-93°F,F,92,93,highest-temperature-in-miami-on-august-28-2026
miami,2026-08-29,84-85°F,F,84,85,highest-temperature-in-miami-on-august-29-2026
miami,2026-08-30,90-91°F,F,90,91,highest-temperature-in-miami-on-august-30-2026
miami,2026-08-31,90-91°F,F,90,91,highest-temperature-in-miami-on-august-31-2026
miami,2026-09-01,88-89°F,F,88,89,highest-temperature-in-miami-on-september-1-2026
miami,2026-09-02,90-91°F,F,90,91,highest-temperature-in-miami-on-september-2-2026
miami,2026-09-04,90-91°F,F,90,91,highest-temperature-in-miami-on-september-4-2026
miami,2026-09-05,90-91°F,F,90,91,highest-temperature-in-miami-on-september-5-2026
miami,2026-09-06,90-91°F,F,90,91,highest-temperature-in-miami-on-september-6-2026
miami,2026-09-07,90-91°F,F,90,91,highest-temperature-in-miami-on-september-7-2026
miami,2026-09-08,90-91°F,F,90,91,highest-temperature-in-miami-on-september-8-2026
miami,2026-09-09,90-91°F,F,90,91,highest-temperature-in-miami-on-september-9-2026
miami,2026-09-10,90-91°F,F,90,91,highest-temperature-in-miami-on-september-10-2026
miami,2026-09-11,88-89°F,F,88,89,highest-temperature-in-miami-on-september-11-2026
miami,2026-09-12,92-93°F,F,92,93,highest-temperature-in-miami-on-september-12-2026
miami,2026-09-13,90-91°F,F,90,91,highest-temperature-in-miami-on-september-13-2026
miami,2026-09-14,88-89°F,F,88,89,highest-temperature-in-miami-on-september-14-2026
miami,2026-09-15,92-93°F,F,92,93,highest-temperature-in-miami-on-september-15-2026
miami,2026-09-16,90-91°F,F,90,91,highest-temperature-in-miami-on-september-16-2026
miami,2026-09-17,84-85°F,F,84,85,highest-temperature-in-miami-on-september-17-2026
miami,2026-09-18,88-89°F,F,88,89,highest-temperature-in-miami-on-september-18-2026
miami,2026-09-19,88-89°F,F,88,89,highest-temperature-in-miami-on-september-19-2026
miami,2026-09-20,88-89°F,F,88,89,highest-temperature-in-miami-on-september-20-2026
miami,2026-09-21,88-89°F,F,88,89,highest-temperature-in-miami-on-september-21-2026
miami,2026-09-22,88-89°F,F,88,89,highest-temperature-in-miami-on-september-22-2026
milan,2026-07-01,30°C or below,C,-inf,30,highest-temperature-in-milan-on-july-1-2026
milan,2026-07-02,32°C,C,32,32,highest-temperature-in-milan-on-july-2-2026
milan,2026-07-03,32°C,C,32,32,highest-temperature-in-milan-on-july-3-2026
milan,2026-07-04,32°C,C,32,32,highest-temperature-in-milan-on-july-4-2026
milan,2026-07-05,33°C,C,33,33,highest-temperature-in-milan-on-july-5-2026
milan,2026-07-06,33°C,C,33,33,highest-temperature-in-milan-on-july-6-2026
milan,2026-07-07,33°C,C,33,33,highest-temperature-in-milan-on-july-7-2026
milan,2026-07-08,36°C,C,36,36,highest-temperature-in-milan-on-july-8-2026
milan,2026-07-09,34°C,C,34,34,highest-temperature-in-milan-on-july-9-2026
milan,2026-07-10,34°C,C,34,34,highest-temperature-in-milan-on-july-10-2026
milan,2026-07-11,33°C,C,33,33,highest-temperature-in-milan-on-july-11-2026
milan,2026-07-12,33°C,C,33,33,highest-temperature-in-milan-on-july-12-2026
milan,2026-07-13,32°C,C,32,32,highest-temperature-in-milan-on-july-13-2026
milan,2026-07-14,34°C,C,34,34,highest-temperature-in-milan-on-july-14-2026
milan,2026-07-15,32°C or below,C,-inf,32,highest-temperature-in-milan-on-july-15-2026
milan,2026-07-16,33°C,C,33,33,highest-temperature-in-milan-on-july-16-2026
milan,2026-07-17,33°C,C,33,33,highest-temperature-in-milan-on-july-17-2026
milan,2026-07-18,34°C,C,34,34,highest-temperature-in-milan-on-july-18-2026
milan,2026-07-19,32°C,C,32,32,highest-temperature-in-milan-on-july-19-2026
milan,2026-07-20,31°C,C,31,31,highest-temperature-in-milan-on-july-20-2026
milan,2026-07-21,30°C,C,30,30,highest-temperature-in-milan-on-july-21-2026
milan,2026-07-22,29°C,C,29,29,highest-temperature-in-milan-on-july-22-2026
milan,2026-07-23,30°C,C,30,30,highest-temperature-in-milan-on-july-23-2026
milan,2026-07-24,30°C,C,30,30,highest-temperature-in-milan-on-july-24-2026
milan,2026-07-25,30°C,C,30,30,highest-temperature-in-milan-on-july-25-2026
milan,2026-07-26,31°C,C,31,31,highest-temperature-in-milan-on-july-26-2026
milan,2026-07-27,33°C,C,33,33,highest-temperature-in-milan-on-july-27-2026
milan,2026-07-28,33°C,C,33,33,highest-temperature-in-milan-on-july-28-2026
milan,2026-07-29,34°C,C,34,34,highest-temperature-in-milan-on-july-29-2026
milan,2026-07-30,36°C,C,36,36,highest-temperature-in-milan-on-july-30-2026
milan,2026-07-31,35°C,C,35,35,highest-temperature-in-milan-on-july-31-2026
milan,2026-08-01,36°C,C,36,36,highest-temperature-in-milan-on-august-1-2026
milan,2026-08-02,34°C,C,34,34,highest-temperature-in-milan-on-august-2-2026
milan,2026-08-03,36°C,C,36,36,highest-temperature-in-milan-on-august-3-2026
milan,2026-08-04,36°C,C,36,36,highest-temperature-in-milan-on-august-4-2026
milan,2026-08-05,36°C,C,36,36,highest-temperature-in-milan-on-august-5-2026
milan,2026-08-06,36°C,C,36,36,highest-temperature-in-milan-on-august-6-2026
milan,2026-08-07,33°C,C,33,33,highest-temperature-in-milan-on-august-7-2026
milan,2026-08-08,34°C,C,34,34,highest-temperature-in-milan-on-august-8-2026
milan,2026-08-09,34°C,C,34,34,highest-temperature-in-milan-on-august-9-2026
milan,2026-08-10,34°C,C,34,34,highest-temperature-in-milan-on-august-10-2026
milan,2026-08-11,36°C,C,36,36,highest-temperature-in-milan-on-august-11-2026
milan,2026-08-12,36°C,C,36,36,highest-temperature-in-milan-on-august-12-2026
milan,2026-08-13,35°C,C,35,35,highest-temperature-in-milan-on-august-13-2026
milan,2026-08-14,34°C,C,34,34,highest-temperature-in-milan-on-august-14-2026
milan,2026-08-15,34°C,C,34,34,highest-temperature-in-milan-on-august-15-2026
milan,2026-08-16,35°C,C,35,35,highest-temperature-in-milan-on-august-16-2026
milan,2026-08-17,31°C,C,31,31,highest-temperature-in-milan-on-august-17-2026
milan,2026-08-18,32°C,C,32,32,highest-temperature-in-milan-on-august-18-2026
milan,2026-08-19,32°C,C,32,32,highest-temperature-in-milan-on-august-19-2026
milan,2026-08-20,30°C or higher,C,30,inf,highest-temperature-in-milan-on-august-20-2026
milan,2026-08-21,24°C,C,24,24,highest-temperature-in-milan-on-august-21-2026
milan,2026-08-22,29°C,C,29,29,highest-temperature-in-milan-on-august-22-2026
milan,2026-08-23,28°C,C,28,28,highest-temperature-in-milan-on-august-23-2026
milan,2026-08-24,29°C,C,29,29,highest-temperature-in-milan-on-august-24-2026
milan,2026-08-25,28°C,C,28,28,highest-temperature-in-milan-on-august-25-2026
milan,2026-08-26,29°C,C,29,29,highest-temperature-in-milan-on-august-26-2026
milan,2026-08-27,30°C,C,30,30,highest-temperature-in-milan-on-august-27-2026
milan,2026-08-28,30°C,C,30,30,highest-temperature-in-milan-on-august-28-2026
milan,2026-08-29,30°C,C,30,30,highest-temperature-in-milan-on-august-29-2026
milan,2026-08-30,31°C,C,31,31,highest-temperature-in-milan-on-august-30-2026
milan,2026-08-31,31°C,C,31,31,highest-temperature-in-milan-on-august-31-2026
milan,2026-09-01,29°C,C,29,29,highest-temperature-in-milan-on-september-1-2026
milan,2026-09-02,30°C,C,30,30,highest-temperature-in-milan-on-september-2-2026
milan,2026-09-04,33°C,C,33,33,highest-temperature-in-milan-on-september-4-2026
milan,2026-09-05,32°C,C,32,32,highest-temperature-in-milan-on-september-5-2026
milan,2026-09-06,32°C,C,32,32,highest-temperature-in-milan-on-september-6-2026
milan,2026-09-07,31°C,C,31,31,highest-temperature-in-milan-on-september-7-2026
milan,2026-09-08,32°C,C,32,32,highest-temperature-in-milan-on-september-8-2026
milan,2026-09-09,24°C,C,24,24,highest-temperature-in-milan-on-september-9-2026
milan,2026-09-10,22°C,C,22,22,highest-temperature-in-milan-on-september-10-2026
milan,2026-09-11,25°C,C,25,25,highest-temperature-in-milan-on-september-11-2026
milan,2026-09-12,26°C,C,26,26,highest-temperature-in-milan-on-september-12-2026
milan,2026-09-13,26°C,C,26,26,highest-temperature-in-milan-on-september-13-2026
milan,2026-09-14,29°C,C,29,29,highest-temperature-in-milan-on-september-14-2026
milan,2026-09-15,27°C,C,27,27,highest-temperature-in-milan-on-september-15-2026
milan,2026-09-16,28°C,C,28,28,highest-temperature-in-milan-on-september-16-2026
milan,2026-09-17,24°C,C,24,24,highest-temperature-in-milan-on-september-17-2026
milan,2026-09-18,23°C,C,23,23,highest-temperature-in-milan-on-september-18-2026
milan,2026-09-19,26°C,C,26,26,highest-temperature-in-milan-on-september-19-2026
milan,2026-09-20,27°C,C,27,27,highest-temperature-in-milan-on-september-20-2026
milan,2026-09-21,30°C,C,30,30,highest-temperature-in-milan-on-september-21-2026
milan,2026-09-22,25°C,C,25,25,highest-temperature-in-milan-on-september-22-2026
moscow,2026-07-01,29°C,C,29,29,highest-temperature-in-moscow-on-july-1-2026
moscow,2026-07-02,30°C,C,30,30,highest-temperature-in-moscow-on-july-2-2026
moscow,2026-07-03,27°C,C,27,27,highest-temperature-in-moscow-on-july-3-2026
moscow,2026-07-04,22°C,C,22,22,highest-temperature-in-moscow-on-july-4-2026
moscow,2026-07-05,22°C,C,22,22,highest-temperature-in-moscow-on-july-5-2026
moscow,2026-07-06,22°C,C,22,22,highest-temperature-in-moscow-on-july-6-2026
moscow,2026-07-07,20°C,C,20,20,highest-temperature-in-moscow-on-july-7-2026
moscow,2026-07-08,22°C,C,22,22,highest-temperature-in-moscow-on-july-8-2026
moscow,2026-07-09,20°C,C,20,20,highest-temperature-in-moscow-on-july-9-2026
moscow,2026-07-10,28°C,C,28,28,highest-temperature-in-moscow-on-july-10-2026
moscow,2026-07-11,25°C,C,25,25,highest-temperature-in-moscow-on-july-11-2026
moscow,2026-07-12,19°C,C,19,19,highest-temperature-in-moscow-on-july-12-2026
moscow,2026-07-13,22°C,C,22,22,highest-temperature-in-moscow-on-july-13-2026
moscow,2026-07-14,25°C,C,25,25,highest-temperature-in-moscow-on-july-14-2026
moscow,2026-07-15,23°C,C,23,23,highest-temperature-in-moscow-on-july-15-2026
moscow,2026-07-16,19°C,C,19,19,highest-temperature-in-moscow-on-july-16-2026
moscow,2026-07-17,21°C,C,21,21,highest-temperature-in-moscow-on-july-17-2026
moscow,2026-07-18,24°C,C,24,24,highest-temperature-in-moscow-on-july-18-2026
moscow,2026-07-19,27°C,C,27,27,highest-temperature-in-moscow-on-july-19-2026
moscow,2026-07-20,26°C,C,26,26,highest-temperature-in-moscow-on-july-20-2026
moscow,2026-07-21,24°C,C,24,24,highest-temperature-in-moscow-on-july-21-2026
moscow,2026-07-22,24°C,C,24,24,highest-temperature-in-moscow-on-july-22-2026
moscow,2026-07-23,22°C,C,22,22,highest-temperature-in-moscow-on-july-23-2026
moscow,2026-07-24,22°C,C,22,22,highest-temperature-in-moscow-on-july-24-2026
moscow,2026-07-25,23°C,C,23,23,highest-temperature-in-moscow-on-july-25-2026
moscow,2026-07-26,20°C,C,20,20,highest-temperature-in-moscow-on-july-26-2026
moscow,2026-07-27,22°C or higher,C,22,inf,highest-temperature-in-moscow-on-july-27-2026
moscow,2026-07-28,28°C,C,28,28,highest-temperature-in-moscow-on-july-28-2026
moscow,2026-07-29,17°C,C,17,17,highest-temperature-in-moscow-on-july-29-2026
moscow,2026-07-30,21°C,C,21,21,highest-temperature-in-moscow-on-july-30-2026
moscow,2026-07-31,24°C,C,24,24,highest-temperature-in-moscow-on-july-31-2026
moscow,2026-08-01,27°C,C,27,27,highest-temperature-in-moscow-on-august-1-2026
moscow,2026-08-02,30°C,C,30,30,highest-temperature-in-moscow-on-august-2-2026
moscow,2026-08-03,25°C,C,25,25,highest-temperature-in-moscow-on-august-3-2026
moscow,2026-08-04,25°C,C,25,25,highest-temperature-in-moscow-on-august-4-2026
moscow,2026-08-05,27°C,C,27,27,highest-temperature-in-moscow-on-august-5-2026
moscow,2026-08-06,30°C,C,30,30,highest-temperature-in-moscow-on-august-6-2026
moscow,2026-08-07,29°C,C,29,29,highest-temperature-in-moscow-on-august-7-2026
moscow,2026-08-08,24°C,C,24,24,highest-temperature-in-moscow-on-august-8-2026
moscow,2026-08-09,22°C,C,22,22,highest-temperature-in-moscow-on-august-9-2026
moscow,2026-08-10,24°C,C,24,24,highest-temperature-in-moscow-on-august-10-2026
moscow,2026-08-11,26°C,C,26,26,highest-temperature-in-moscow-on-august-11-2026
moscow,2026-08-12,18°C,C,18,18,highest-temperature-in-moscow-on-august-12-2026
moscow,2026-08-13,14°C,C,14,14,highest-temperature-in-moscow-on-august-13-2026
moscow,2026-08-14,18°C,C,18,18,highest-temperature-in-moscow-on-august-14-2026
moscow,2026-08-15,20°C,C,20,20,highest-temperature-in-moscow-on-august-15-2026
moscow,2026-08-16,24°C,C,24,24,highest-temperature-in-moscow-on-august-16-2026
moscow,2026-08-17,23°C,C,23,23,highest-temperature-in-moscow-on-august-17-2026
moscow,2026-08-18,22°C,C,22,22,highest-temperature-in-moscow-on-august-18-2026
moscow,2026-08-19,19°C,C,19,19,highest-temperature-in-moscow-on-august-19-2026
moscow,2026-08-20,22°C,C,22,22,highest-temperature-in-moscow-on-august-20-2026
moscow,2026-08-21,21°C,C,21,21,highest-temperature-in-moscow-on-august-21-2026
moscow,2026-08-22,22°C,C,22,22,highest-temperature-in-moscow-on-august-22-2026
moscow,2026-08-23,23°C,C,23,23,highest-temperature-in-moscow-on-august-23-2026
moscow,2026-08-24,20°C,C,20,20,highest-temperature-in-moscow-on-august-24-2026
moscow,2026-08-25,17°C,C,17,17,highest-temperature-in-moscow-on-august-25-2026
moscow,2026-08-26,17°C,C,17,17,highest-temperature-in-moscow-on-august-26-2026
moscow,2026-08-27,17°C,C,17,17,highest-temperature-in-moscow-on-august-27-2026
moscow,2026-08-28,21°C,C,21,21,highest-temperature-in-moscow-on-august-28-2026
moscow,2026-08-29,21°C,C,21,21,highest-temperature-in-moscow-on-august-29-2026
moscow,2026-08-30,22°C,C,22,22,highest-temperature-in-moscow-on-august-30-2026
moscow,2026-08-31,19°C,C,19,19,highest-temperature-in-moscow-on-august-31-2026
moscow,2026-09-01,25°C,C,25,25,highest-temperature-in-moscow-on-september-1-2026
moscow,2026-09-02,20°C,C,20,20,highest-temperature-in-moscow-on-september-2-2026
moscow,2026-09-04,21°C,C,21,21,highest-temperature-in-moscow-on-september-4-2026
moscow,2026-09-05,18°C,C,18,18,highest-temperature-in-moscow-on-september-5-2026
moscow,2026-09-06,16°C,C,16,16,highest-temperature-in-moscow-on-september-6-2026
moscow,2026-09-07,13°C,C,13,13,highest-temperature-in-moscow-on-september-7-2026
moscow,2026-09-08,15°C,C,15,15,highest-temperature-in-moscow-on-september-8-2026
moscow,2026-09-09,21°C,C,21,21,highest-temperature-in-moscow-on-september-9-2026
moscow,2026-09-10,25°C,C,25,25,highest-temperature-in-moscow-on-september-10-2026
moscow,2026-09-11,18°C,C,18,18,highest-temperature-in-moscow-on-september-11-2026
moscow,2026-09-12,17°C,C,17,17,highest-temperature-in-moscow-on-september-12-2026
moscow,2026-09-13,18°C,C,18,18,highest-temperature-in-moscow-on-september-13-2026
moscow,2026-09-14,18°C,C,18,18,highest-temperature-in-moscow-on-september-14-2026
moscow,2026-09-15,18°C,C,18,18,highest-temperature-in-moscow-on-september-15-2026
moscow,2026-09-16,18°C,C,18,18,highest-temperature-in-moscow-on-september-16-2026
moscow,2026-09-17,22°C,C,22,22,highest-temperature-in-moscow-on-september-17-2026
moscow,2026-09-18,16°C,C,16,16,highest-temperature-in-moscow-on-september-18-2026
moscow,2026-09-19,18°C,C,18,18,highest-temperature-in-moscow-on-september-19-2026
moscow,2026-09-20,19°C,C,19,19,highest-temperature-in-moscow-on-september-20-2026
moscow,2026-09-21,21°C,C,21,21,highest-temperature-in-moscow-on-september-21-2026
moscow,2026-09-22,16°C,C,16,16,highest-temperature-in-moscow-on-september-22-2026
moscow,2026-09-23,18°C,C,18,18,highest-temperature-in-moscow-on-september-23-2026
munich,2026-07-01,22°C,C,22,22,highest-temperature-in-munich-on-july-1-2026
munich,2026-07-02,27°C,C,27,27,highest-temperature-in-munich-on-july-2-2026
munich,2026-07-03,25°C,C,25,25,highest-temperature-in-munich-on-july-3-2026
munich,2026-07-04,27°C,C,27,27,highest-temperature-in-munich-on-july-4-2026
munich,2026-07-05,26°C,C,26,26,highest-temperature-in-munich-on-july-5-2026
munich,2026-07-06,25°C,C,25,25,highest-temperature-in-munich-on-july-6-2026
munich,2026-07-07,30°C,C,30,30,highest-temperature-in-munich-on-july-7-2026
munich,2026-07-08,23°C,C,23,23,highest-temperature-in-munich-on-july-8-2026
munich,2026-07-09,26°C,C,26,26,highest-temperature-in-munich-on-july-9-2026
munich,2026-07-10,29°C,C,29,29,highest-temperature-in-munich-on-july-10-2026
munich,2026-07-11,30°C,C,30,30,highest-temperature-in-munich-on-july-11-2026
munich,2026-07-12,28°C,C,28,28,highest-temperature-in-munich-on-july-12-2026
munich,2026-07-13,31°C,C,31,31,highest-temperature-in-munich-on-july-13-2026
munich,2026-07-14,29°C,C,29,29,highest-temperature-in-munich-on-july-14-2026
munich,2026-07-15,27°C,C,27,27,highest-temperature-in-munich-on-july-15-2026
munich,2026-07-16,31°C,C,31,31,highest-temperature-in-munich-on-july-16-2026
munich,2026-07-17,29°C,C,29,29,highest-temperature-in-munich-on-july-17-2026
munich,2026-07-18,26°C,C,26,26,highest-temperature-in-munich-on-july-18-2026
munich,2026-07-19,23°C,C,23,23,highest-temperature-in-munich-on-july-19-2026
munich,2026-07-20,23°C,C,23,23,highest-temperature-in-munich-on-july-20-2026
munich,2026-07-21,23°C,C,23,23,highest-temperature-in-munich-on-july-21-2026
munich,2026-07-22,25°C,C,25,25,highest-temperature-in-munich-on-july-22-2026
munich,2026-07-23,22°C,C,22,22,highest-temperature-in-munich-on-july-23-2026
munich,2026-07-24,25°C,C,25,25,highest-temperature-in-munich-on-july-24-2026
munich,2026-07-25,31°C,C,31,31,highest-temperature-in-munich-on-july-25-2026
munich,2026-07-26,27°C,C,27,27,highest-temperature-in-munich-on-july-26-2026
munich,2026-07-27,25°C,C,25,25,highest-temperature-in-munich-on-july-27-2026
munich,2026-07-28,29°C,C,29,29,highest-temperature-in-munich-on-july-28-2026
munich,2026-07-29,34°C,C,34,34,highest-temperature-in-munich-on-july-29-2026
munich,2026-07-30,37°C,C,37,37,highest-temperature-in-munich-on-july-30-2026
munich,2026-07-31,36°C,C,36,36,highest-temperature-in-munich-on-july-31-2026
munich,2026-08-01,30°C,C,30,30,highest-temperature-in-munich-on-august-1-2026
munich,2026-08-02,31°C,C,31,31,highest-temperature-in-munich-on-august-2-2026
munich,2026-08-03,36°C,C,36,36,highest-temperature-in-munich-on-august-3-2026
munich,2026-08-04,37°C,C,37,37,highest-temperature-in-munich-on-august-4-2026
munich,2026-08-05,34°C,C,34,34,highest-temperature-in-munich-on-august-5-2026
munich,2026-08-06,24°C,C,24,24,highest-temperature-in-munich-on-august-6-2026
munich,2026-08-07,28°C,C,28,28,highest-temperature-in-munich-on-august-7-2026
munich,2026-08-08,30°C,C,30,30,highest-temperature-in-munich-on-august-8-2026
munich,2026-08-09,34°C,C,34,34,highest-temperature-in-munich-on-august-9-2026
munich,2026-08-10,34°C,C,34,34,highest-temperature-in-munich-on-august-10-2026
munich,2026-08-11,31°C,C,31,31,highest-temperature-in-munich-on-august-11-2026
munich,2026-08-12,30°C,C,30,30,highest-temperature-in-munich-on-august-12-2026
munich,2026-08-13,31°C,C,31,31,highest-temperature-in-munich-on-august-13-2026
munich,2026-08-14,33°C,C,33,33,highest-temperature-in-munich-on-august-14-2026
munich,2026-08-15,35°C,C,35,35,highest-temperature-in-munich-on-august-15-2026
munich,2026-08-16,32°C,C,32,32,highest-temperature-in-munich-on-august-16-2026
munich,2026-08-17,27°C,C,27,27,highest-temperature-in-munich-on-august-17-2026
munich,2026-08-18,20°C,C,20,20,highest-temperature-in-munich-on-august-18-2026
munich,2026-08-19,31°C,C,31,31,highest-temperature-in-munich-on-august-19-2026
munich,2026-08-20,25°C,C,25,25,highest-temperature-in-munich-on-august-20-2026
munich,2026-08-21,22°C,C,22,22,highest-temperature-in-munich-on-august-21-2026
munich,2026-08-22,21°C,C,21,21,highest-temperature-in-munich-on-august-22-2026
munich,2026-08-23,23°C,C,23,23,highest-temperature-in-munich-on-august-23-2026
munich,2026-08-24,24°C,C,24,24,highest-temperature-in-munich-on-august-24-2026
munich,2026-08-25,17°C,C,17,17,highest-temperature-in-munich-on-august-25-2026
munich,2026-08-26,28°C,C,28,28,highest-temperature-in-munich-on-august-26-2026
munich,2026-08-27,30°C,C,30,30,highest-temperature-in-munich-on-august-27-2026
munich,2026-08-28,29°C,C,29,29,highest-temperature-in-munich-on-august-28-2026
munich,2026-08-29,25°C,C,25,25,highest-temperature-in-munich-on-august-29-2026
munich,2026-08-30,27°C,C,27,27,highest-temperature-in-munich-on-august-30-2026
munich,2026-08-31,25°C,C,25,25,highest-temperature-in-munich-on-august-31-2026
munich,2026-09-01,24°C,C,24,24,highest-temperature-in-munich-on-september-1-2026
munich,2026-09-02,25°C,C,25,25,highest-temperature-in-munich-on-september-2-2026
munich,2026-09-04,30°C,C,30,30,highest-temperature-in-munich-on-september-4-2026
munich,2026-09-05,24°C,C,24,24,highest-temperature-in-munich-on-september-5-2026
munich,2026-09-06,24°C,C,24,24,highest-temperature-in-munich-on-september-6-2026
munich,2026-09-07,28°C,C,28,28,highest-temperature-in-munich-on-september-7-2026
munich,2026-09-08,32°C,C,32,32,highest-temperature-in-munich-on-september-8-2026
munich,2026-09-09,22°C,C,22,22,highest-temperature-in-munich-on-september-9-2026
munich,2026-09-10,18°C,C,18,18,highest-temperature-in-munich-on-september-10-2026
munich,2026-09-11,20°C,C,20,20,highest-temperature-in-munich-on-september-11-2026
munich,2026-09-12,23°C,C,23,23,highest-temperature-in-munich-on-september-12-2026
munich,2026-09-13,23°C,C,23,23,highest-temperature-in-munich-on-september-13-2026
munich,2026-09-14,22°C,C,22,22,highest-temperature-in-munich-on-september-14-2026
munich,2026-09-15,24°C,C,24,24,highest-temperature-in-munich-on-september-15-2026
munich,2026-09-16,27°C,C,27,27,highest-temperature-in-munich-on-september-16-2026
munich,2026-09-17,20°C,C,20,20,highest-temperature-in-munich-on-september-17-2026
munich,2026-09-18,21°C,C,21,21,highest-temperature-in-munich-on-september-18-2026
munich,2026-09-19,22°C,C,22,22,highest-temperature-in-munich-on-september-19-2026
munich,2026-09-20,24°C,C,24,24,highest-temperature-in-munich-on-september-20-2026
munich,2026-09-21,17°C,C,17,17,highest-temperature-in-munich-on-september-21-2026
munich,2026-09-22,17°C,C,17,17,highest-temperature-in-munich-on-september-22-2026
nyc,2026-07-01,92-93°F,F,92,93,highest-temperature-in-nyc-on-july-1-2026
nyc,2026-07-02,102-103°F,F,102,103,highest-temperature-in-nyc-on-july-2-2026
nyc,2026-07-03,100-101°F,F,100,101,highest-temperature-in-nyc-on-july-3-2026
nyc,2026-07-04,96-97°F,F,96,97,highest-temperature-in-nyc-on-july-4-2026
nyc,2026-07-05,78-79°F,F,78,79,highest-temperature-in-nyc-on-july-5-2026
nyc,2026-07-06,70-71°F,F,70,71,highest-temperature-in-nyc-on-july-6-2026
nyc,2026-07-07,72-73°F,F,72,73,highest-temperature-in-nyc-on-july-7-2026
nyc,2026-07-08,86-87°F,F,86,87,highest-temperature-in-nyc-on-july-8-2026
nyc,2026-07-09,86-87°F,F,86,87,highest-temperature-in-nyc-on-july-9-2026
nyc,2026-07-10,88-89°F,F,88,89,highest-temperature-in-nyc-on-july-10-2026
nyc,2026-07-11,82-83°F,F,82,83,highest-temperature-in-nyc-on-july-11-2026
nyc,2026-07-12,84-85°F,F,84,85,highest-temperature-in-nyc-on-july-12-2026
nyc,2026-07-13,84-85°F,F,84,85,highest-temperature-in-nyc-on-july-13-2026
nyc,2026-07-14,92-93°F,F,92,93,highest-temperature-in-nyc-on-july-14-2026
nyc,2026-07-15,98-99°F,F,98,99,highest-temperature-in-nyc-on-july-15-2026
nyc,2026-07-16,88-89°F,F,88,89,highest-temperature-in-nyc-on-july-16-2026
nyc,2026-07-17,86-87°F,F,86,87,highest-temperature-in-nyc-on-july-17-2026
nyc,2026-07-18,80-81°F,F,80,81,highest-temperature-in-nyc-on-july-18-2026
nyc,2026-07-19,80-81°F,F,80,81,highest-temperature-in-nyc-on-july-19-2026
nyc,2026-07-20,82-83°F,F,82,83,highest-temperature-in-nyc-on-july-20-2026
nyc,2026-07-21,82-83°F,F,82,83,highest-temperature-in-nyc-on-july-21-2026
nyc,2026-07-22,88-89°F,F,88,89,highest-temperature-in-nyc-on-july-22-2026
nyc,2026-07-23,80-81°F,F,80,81,highest-temperature-in-nyc-on-july-23-2026
nyc,2026-07-24,82-83°F,F,82,83,highest-temperature-in-nyc-on-july-24-2026
nyc,2026-07-25,78-79°F,F,78,79,highest-temperature-in-nyc-on-july-25-2026
nyc,2026-07-26,82-83°F,F,82,83,highest-temperature-in-nyc-on-july-26-2026
nyc,2026-07-27,84-85°F,F,84,85,highest-temperature-in-nyc-on-july-27-2026
nyc,2026-07-28,80-81°F,F,80,81,highest-temperature-in-nyc-on-july-28-2026
nyc,2026-07-29,80-81°F,F,80,81,highest-temperature-in-nyc-on-july-29-2026
nyc,2026-07-30,76-77°F,F,76,77,highest-temperature-in-nyc-on-july-30-2026
nyc,2026-07-31,84-85°F,F,84,85,highest-temperature-in-nyc-on-july-31-2026
nyc,2026-08-01,86-87°F,F,86,87,highest-temperature-in-nyc-on-august-1-2026
nyc,2026-08-02,84-85°F,F,84,85,highest-temperature-in-nyc-on-august-2-2026
nyc,2026-08-03,84-85°F,F,84,85,highest-temperature-in-nyc-on-august-3-2026
nyc,2026-08-04,84-85°F,F,84,85,highest-temperature-in-nyc-on-august-4-2026
nyc,2026-08-05,84-85°F,F,84,85,highest-temperature-in-nyc-on-august-5-2026
nyc,2026-08-06,90-91°F,F,90,91,highest-temperature-in-nyc-on-august-6-2026
nyc,2026-08-07,92-93°F,F,92,93,highest-temperature-in-nyc-on-august-7-2026
nyc,2026-08-08,90-91°F,F,90,91,highest-temperature-in-nyc-on-august-8-2026
nyc,2026-08-09,90-91°F,F,90,91,highest-temperature-in-nyc-on-august-9-2026
nyc,2026-08-10,90-91°F,F,90,91,highest-temperature-in-nyc-on-august-10-2026
nyc,2026-08-11,86-87°F,F,86,87,highest-temperature-in-nyc-on-august-11-2026
nyc,2026-08-12,86-87°F,F,86,87,highest-temperature-in-nyc-on-august-12-2026
nyc,2026-08-13,86-87°F,F,86,87,highest-temperature-in-nyc-on-august-13-2026
nyc,2026-08-14,86-87°F,F,86,87,highest-temperature-in-nyc-on-august-14-2026
nyc,2026-08-15,84-85°F,F,84,85,highest-temperature-in-nyc-on-august-15-2026
nyc,2026-08-16,80-81°F,F,80,81,highest-temperature-in-nyc-on-august-16-2026
nyc,2026-08-17,80-81°F,F,80,81,highest-temperature-in-nyc-on-august-17-2026
nyc,2026-08-18,84-85°F,F,84,85,highest-temperature-in-nyc-on-august-18-2026
nyc,2026-08-19,86-87°F,F,86,87,highest-temperature-in-nyc-on-august-19-2026
nyc,2026-08-20,84-85°F,F,84,85,highest-temperature-in-nyc-on-august-20-2026
nyc,2026-08-21,78-79°F,F,78,79,highest-temperature-in-nyc-on-august-21-2026
nyc,2026-08-22,76-77°F,F,76,77,highest-temperature-in-nyc-on-august-22-2026
nyc,2026-08-23,82-83°F,F,82,83,highest-temperature-in-nyc-on-august-23-2026
nyc,2026-08-24,80-81°F,F,80,81,highest-temperature-in-nyc-on-august-24-2026
nyc,2026-08-25,78-79°F,F,78,79,highest-temperature-in-nyc-on-august-25-2026
nyc,2026-08-26,82-83°F,F,82,83,highest-temperature-in-nyc-on-august-26-2026
nyc,2026-08-27,76-77°F,F,76,77,highest-temperature-in-nyc-on-august-27-2026
nyc,2026-08-28,84-85°F,F,84,85,highest-temperature-in-nyc-on-august-28-2026
nyc,2026-08-29,78-79°F,F,78,79,highest-temperature-in-nyc-on-august-29-2026
nyc,2026-08-30,80-81°F,F,80,81,highest-temperature-in-nyc-on-august-30-2026
nyc,2026-08-31,76-77°F,F,76,77,highest-temperature-in-nyc-on-august-31-2026
nyc,2026-09-01,80-81°F,F,80,81,highest-temperature-in-nyc-on-september-1-2026
nyc,2026-09-02,74-75°F,F,74,75,highest-temperature-in-nyc-on-september-2-2026
nyc,2026-09-04,84-85°F,F,84,85,highest-temperature-in-nyc-on-september-4-2026
nyc,2026-09-05,78-79°F,F,78,79,highest-temperature-in-nyc-on-september-5-2026
nyc,2026-09-06,74-75°F,F,74,75,highest-temperature-in-nyc-on-september-6-2026
nyc,2026-09-07,78-79°F,F,78,79,highest-temperature-in-nyc-on-september-7-2026
nyc,2026-09-08,80-81°F,F,80,81,highest-temperature-in-nyc-on-september-8-2026
nyc,2026-09-09,82-83°F,F,82,83,highest-temperature-in-nyc-on-september-9-2026
nyc,2026-09-10,86-87°F,F,86,87,highest-temperature-in-nyc-on-september-10-2026
nyc,2026-09-11,80-81°F,F,80,81,highest-temperature-in-nyc-on-september-11-2026
nyc,2026-09-12,78-79°F,F,78,79,highest-temperature-in-nyc-on-september-12-2026
nyc,2026-09-13,80-81°F,F,80,81,highest-temperature-in-nyc-on-september-13-2026
nyc,2026-09-14,76-77°F,F,76,77,highest-temperature-in-nyc-on-september-14-2026
nyc,2026-09-15,72-73°F,F,72,73,highest-temperature-in-nyc-on-september-15-2026
nyc,2026-09-16,78-79°F,F,78,79,highest-temperature-in-nyc-on-september-16-2026
nyc,2026-09-17,84-85°F,F,84,85,highest-temperature-in-nyc-on-september-17-2026
nyc,2026-09-18,80-81°F,F,80,81,highest-temperature-in-nyc-on-september-18-2026
nyc,2026-09-19,70-71°F,F,70,71,highest-temperature-in-nyc-on-september-19-2026
nyc,2026-09-20,72-73°F,F,72,73,highest-temperature-in-nyc-on-september-20-2026
nyc,2026-09-21,70-71°F,F,70,71,highest-temperature-in-nyc-on-september-21-2026
nyc,2026-09-22,68-69°F,F,68,69,highest-temperature-in-nyc-on-september-22-2026
panama-city,2026-07-01,34°C,C,34,34,highest-temperature-in-panama-city-on-july-1-2026
panama-city,2026-07-02,34°C,C,34,34,highest-temperature-in-panama-city-on-july-2-2026
panama-city,2026-07-03,32°C,C,32,32,highest-temperature-in-panama-city-on-july-3-2026
panama-city,2026-07-04,27°C,C,27,27,highest-temperature-in-panama-city-on-july-4-2026
panama-city,2026-07-05,32°C,C,32,32,highest-temperature-in-panama-city-on-july-5-2026
panama-city,2026-07-06,33°C,C,33,33,highest-temperature-in-panama-city-on-july-6-2026
panama-city,2026-07-07,34°C,C,34,34,highest-temperature-in-panama-city-on-july-7-2026
panama-city,2026-07-08,35°C,C,35,35,highest-temperature-in-panama-city-on-july-8-2026
panama-city,2026-07-09,33°C,C,33,33,highest-temperature-in-panama-city-on-july-9-2026
panama-city,2026-07-10,30°C,C,30,30,highest-temperature-in-panama-city-on-july-10-2026
panama-city,2026-07-11,32°C,C,32,32,highest-temperature-in-panama-city-on-july-11-2026
panama-city,2026-07-12,31°C,C,31,31,highest-temperature-in-panama-city-on-july-12-2026
panama-city,2026-07-13,29°C,C,29,29,highest-temperature-in-panama-city-on-july-13-2026
panama-city,2026-07-14,33°C,C,33,33,highest-temperature-in-panama-city-on-july-14-2026
panama-city,2026-07-15,34°C,C,34,34,highest-temperature-in-panama-city-on-july-15-2026
panama-city,2026-07-16,34°C,C,34,34,highest-temperature-in-panama-city-on-july-16-2026
panama-city,2026-07-17,34°C,C,34,34,highest-temperature-in-panama-city-on-july-17-2026
panama-city,2026-07-18,33°C,C,33,33,highest-temperature-in-panama-city-on-july-18-2026
panama-city,2026-07-19,32°C,C,32,32,highest-temperature-in-panama-city-on-july-19-2026
panama-city,2026-07-20,29°C,C,29,29,highest-temperature-in-panama-city-on-july-20-2026
panama-city,2026-07-21,32°C,C,32,32,highest-temperature-in-panama-city-on-july-21-2026
panama-city,2026-07-22,30°C,C,30,30,highest-temperature-in-panama-city-on-july-22-2026
panama-city,2026-07-23,29°C,C,29,29,highest-temperature-in-panama-city-on-july-23-2026
panama-city,2026-07-24,30°C,C,30,30,highest-temperature-in-panama-city-on-july-24-2026
panama-city,2026-07-25,33°C,C,33,33,highest-temperature-in-panama-city-on-july-25-2026
panama-city,2026-07-26,32°C,C,32,32,highest-temperature-in-panama-city-on-july-26-2026
panama-city,2026-07-27,32°C,C,32,32,highest-temperature-in-panama-city-on-july-27-2026
panama-city,2026-07-28,32°C,C,32,32,highest-temperature-in-panama-city-on-july-28-2026
panama-city,2026-07-29,33°C,C,33,33,highest-temperature-in-panama-city-on-july-29-2026
panama-city,2026-07-30,33°C,C,33,33,highest-temperature-in-panama-city-on-july-30-2026
panama-city,2026-07-31,34°C,C,34,34,highest-temperature-in-panama-city-on-july-31-2026
panama-city,2026-08-01,33°C,C,33,33,highest-temperature-in-panama-city-on-august-1-2026
panama-city,2026-08-02,33°C,C,33,33,highest-temperature-in-panama-city-on-august-2-2026
panama-city,2026-08-03,31°C,C,31,31,highest-temperature-in-panama-city-on-august-3-2026
panama-city,2026-08-04,33°C,C,33,33,highest-temperature-in-panama-city-on-august-4-2026
panama-city,2026-08-05,31°C,C,31,31,highest-temperature-in-panama-city-on-august-5-2026
panama-city,2026-08-06,29°C,C,29,29,highest-temperature-in-panama-city-on-august-6-2026
panama-city,2026-08-07,34°C,C,34,34,highest-temperature-in-panama-city-on-august-7-2026
panama-city,2026-08-08,33°C,C,33,33,highest-temperature-in-panama-city-on-august-8-2026
panama-city,2026-08-09,32°C,C,32,32,highest-temperature-in-panama-city-on-august-9-2026
panama-city,2026-08-10,33°C,C,33,33,highest-temperature-in-panama-city-on-august-10-2026
panama-city,2026-08-11,33°C,C,33,33,highest-temperature-in-panama-city-on-august-11-2026
panama-city,2026-08-12,33°C,C,33,33,highest-temperature-in-panama-city-on-august-12-2026
panama-city,2026-08-13,34°C,C,34,34,highest-temperature-in-panama-city-on-august-13-2026
panama-city,2026-08-14,33°C,C,33,33,highest-temperature-in-panama-city-on-august-14-2026
panama-city,2026-08-15,32°C,C,32,32,highest-temperature-in-panama-city-on-august-15-2026
panama-city,2026-08-16,31°C,C,31,31,highest-temperature-in-panama-city-on-august-16-2026
panama-city,2026-08-17,26°C,C,26,26,highest-temperature-in-panama-city-on-august-17-2026
panama-city,2026-08-18,31°C,C,31,31,highest-temperature-in-panama-city-on-august-18-2026
panama-city,2026-08-19,33°C,C,33,33,highest-temperature-in-panama-city-on-august-19-2026
panama-city,2026-08-20,34°C,C,34,34,highest-temperature-in-panama-city-on-august-20-2026
panama-city,2026-08-21,33°C,C,33,33,highest-temperature-in-panama-city-on-august-21-2026
panama-city,2026-08-22,33°C,C,33,33,highest-temperature-in-panama-city-on-august-22-2026
panama-city,2026-08-23,31°C,C,31,31,highest-temperature-in-panama-city-on-august-23-2026
panama-city,2026-08-24,32°C,C,32,32,highest-temperature-in-panama-city-on-august-24-2026
panama-city,2026-08-25,33°C,C,33,33,highest-temperature-in-panama-city-on-august-25-2026
panama-city,2026-08-26,32°C,C,32,32,highest-temperature-in-panama-city-on-august-26-2026
panama-city,2026-08-27,33°C,C,33,33,highest-temperature-in-panama-city-on-august-27-2026
panama-city,2026-08-28,31°C,C,31,31,highest-temperature-in-panama-city-on-august-28-2026
panama-city,2026-08-29,32°C,C,32,32,highest-temperature-in-panama-city-on-august-29-2026
panama-city,2026-08-30,24°C or below,C,-inf,24,highest-temperature-in-panama-city-on-august-30-2026
panama-city,2026-08-31,23°C or below,C,-inf,23,highest-temperature-in-panama-city-on-august-31-2026
panama-city,2026-09-01,23°C or below,C,-inf,23,highest-temperature-in-panama-city-on-september-1-2026
panama-city,2026-09-02,32°C,C,32,32,highest-temperature-in-panama-city-on-september-2-2026
panama-city,2026-09-03,33°C or higher,C,33,inf,highest-temperature-in-panama-city-on-september-3-2026
panama-city,2026-09-04,32°C,C,32,32,highest-temperature-in-panama-city-on-september-4-2026
panama-city,2026-09-05,33°C,C,33,33,highest-temperature-in-panama-city-on-september-5-2026
panama-city,2026-09-06,31°C,C,31,31,highest-temperature-in-panama-city-on-september-6-2026
panama-city,2026-09-07,32°C,C,32,32,highest-temperature-in-panama-city-on-september-7-2026
panama-city,2026-09-08,34°C,C,34,34,highest-temperature-in-panama-city-on-september-8-2026
panama-city,2026-09-09,31°C,C,31,31,highest-temperature-in-panama-city-on-september-9-2026
panama-city,2026-09-10,31°C,C,31,31,highest-temperature-in-panama-city-on-september-10-2026
panama-city,2026-09-11,32°C,C,32,32,highest-temperature-in-panama-city-on-september-11-2026
panama-city,2026-09-12,32°C,C,32,32,highest-temperature-in-panama-city-on-september-12-2026
panama-city,2026-09-13,32°C,C,32,32,highest-temperature-in-panama-city-on-september-13-2026
panama-city,2026-09-14,31°C,C,31,31,highest-temperature-in-panama-city-on-september-14-2026
panama-city,2026-09-15,28°C,C,28,28,highest-temperature-in-panama-city-on-september-15-2026
panama-city,2026-09-16,31°C,C,31,31,highest-temperature-in-panama-city-on-september-16-2026
panama-city,2026-09-17,32°C,C,32,32,highest-temperature-in-panama-city-on-september-17-2026
panama-city,2026-09-18,33°C,C,33,33,highest-temperature-in-panama-city-on-september-18-2026
panama-city,2026-09-19,31°C,C,31,31,highest-temperature-in-panama-city-on-september-19-2026
panama-city,2026-09-20,32°C,C,32,32,highest-temperature-in-panama-city-on-september-20-2026
panama-city,2026-09-21,31°C,C,31,31,highest-temperature-in-panama-city-on-september-21-2026
panama-city,2026-09-22,31°C,C,31,31,highest-temperature-in-panama-city-on-september-22-2026
paris,2026-07-01,25°C,C,25,25,highest-temperature-in-paris-on-july-1-2026
paris,2026-07-02,26°C,C,26,26,highest-temperature-in-paris-on-july-2-2026
paris,2026-07-03,28°C,C,28,28,highest-temperature-in-paris-on-july-3-2026
paris,2026-07-04,30°C,C,30,30,highest-temperature-in-paris-on-july-4-2026
paris,2026-07-05,29°C,C,29,29,highest-temperature-in-paris-on-july-5-2026
paris,2026-07-06,34°C,C,34,34,highest-temperature-in-paris-on-july-6-2026
paris,2026-07-07,33°C,C,33,33,highest-temperature-in-paris-on-july-7-2026
paris,2026-07-08,34°C,C,34,34,highest-temperature-in-paris-on-july-8-2026
paris,2026-07-09,33°C,C,33,33,highest-temperature-in-paris-on-july-9-2026
paris,2026-07-10,35°C,C,35,35,highest-temperature-in-paris-on-july-10-2026
paris,2026-07-11,35°C,C,35,35,highest-temperature-in-paris-on-july-11-2026
paris,2026-07-12,35°C,C,35,35,highest-temperature-in-paris-on-july-12-2026
paris,2026-07-13,35°C,C,35,35,highest-temperature-in-paris-on-july-13-2026
paris,2026-07-14,35°C,C,35,35,highest-temperature-in-paris-on-july-14-2026
paris,2026-07-15,31°C,C,31,31,highest-temperature-in-paris-on-july-15-2026
paris,2026-07-16,33°C,C,33,33,highest-temperature-in-paris-on-july-16-2026
paris,2026-07-17,26°C,C,26,26,highest-temperature-in-paris-on-july-17-2026
paris,2026-07-18,29°C,C,29,29,highest-temperature-in-paris-on-july-18-2026
paris,2026-07-19,24°C,C,24,24,highest-temperature-in-paris-on-july-19-2026
paris,2026-07-20,24°C,C,24,24,highest-temperature-in-paris-on-july-20-2026
paris,2026-07-21,26°C,C,26,26,highest-temperature-in-paris-on-july-21-2026
paris,2026-07-22,26°C,C,26,26,highest-temperature-in-paris-on-july-22-2026
paris,2026-07-23,25°C,C,25,25,highest-temperature-in-paris-on-july-23-2026
paris,2026-07-24,28°C,C,28,28,highest-temperature-in-paris-on-july-24-2026
paris,2026-07-25,30°C,C,30,30,highest-temperature-in-paris-on-july-25-2026
paris,2026-07-26,26°C,C,26,26,highest-temperature-in-paris-on-july-26-2026
paris,2026-07-27,27°C,C,27,27,highest-temperature-in-paris-on-july-27-2026
paris,2026-07-28,32°C,C,32,32,highest-temperature-in-paris-on-july-28-2026
paris,2026-07-29,38°C,C,38,38,highest-temperature-in-paris-on-july-29-2026
paris,2026-07-30,30°C,C,30,30,highest-temperature-in-paris-on-july-30-2026
paris,2026-07-31,29°C,C,29,29,highest-temperature-in-paris-on-july-31-2026
paris,2026-08-01,29°C,C,29,29,highest-temperature-in-paris-on-august-1-2026
paris,2026-08-02,32°C,C,32,32,highest-temperature-in-paris-on-august-2-2026
paris,2026-08-03,36°C,C,36,36,highest-temperature-in-paris-on-august-3-2026
paris,2026-08-04,33°C,C,33,33,highest-temperature-in-paris-on-august-4-2026
paris,2026-08-05,28°C,C,28,28,highest-temperature-in-paris-on-august-5-2026
paris,2026-08-06,25°C,C,25,25,highest-temperature-in-paris-on-august-6-2026
paris,2026-08-07,27°C,C,27,27,highest-temperature-in-paris-on-august-7-2026
paris,2026-08-08,31°C,C,31,31,highest-temperature-in-paris-on-august-8-2026
paris,2026-08-09,33°C,C,33,33,highest-temperature-in-paris-on-august-9-2026
paris,2026-08-10,32°C,C,32,32,highest-temperature-in-paris-on-august-10-2026
paris,2026-08-11,32°C,C,32,32,highest-temperature-in-paris-on-august-11-2026
paris,2026-08-12,35°C,C,35,35,highest-temperature-in-paris-on-august-12-2026
paris,2026-08-13,38°C,C,38,38,highest-temperature-in-paris-on-august-13-2026
paris,2026-08-14,39°C,C,39,39,highest-temperature-in-paris-on-august-14-2026
paris,2026-08-15,31°C,C,31,31,highest-temperature-in-paris-on-august-15-2026
paris,2026-08-16,31°C,C,31,31,highest-temperature-in-paris-on-august-16-2026
paris,2026-08-17,29°C,C,29,29,highest-temperature-in-paris-on-august-17-2026
paris,2026-08-18,27°C,C,27,27,highest-temperature-in-paris-on-august-18-2026
paris,2026-08-19,29°C or higher,C,29,inf,highest-temperature-in-paris-on-august-19-2026
paris,2026-08-20,26°C,C,26,26,highest-temperature-in-paris-on-august-20-2026
paris,2026-08-21,24°C,C,24,24,highest-temperature-in-paris-on-august-21-2026
paris,2026-08-22,24°C,C,24,24,highest-temperature-in-paris-on-august-22-2026
paris,2026-08-23,24°C,C,24,24,highest-temperature-in-paris-on-august-23-2026
paris,2026-08-24,27°C,C,27,27,highest-temperature-in-paris-on-august-24-2026
paris,2026-08-25,29°C,C,29,29,highest-temperature-in-paris-on-august-25-2026
paris,2026-08-26,29°C,C,29,29,highest-temperature-in-paris-on-august-26-2026
paris,2026-08-27,27°C,C,27,27,highest-temperature-in-paris-on-august-27-2026
paris,2026-08-28,24°C,C,24,24,highest-temperature-in-paris-on-august-28-2026
paris,2026-08-29,22°C,C,22,22,highest-temperature-in-paris-on-august-29-2026
paris,2026-08-30,24°C,C,24,24,highest-temperature-in-paris-on-august-30-2026
paris,2026-08-31,23°C,C,23,23,highest-temperature-in-paris-on-august-31-2026
paris,2026-09-01,25°C,C,25,25,highest-temperature-in-paris-on-september-1-2026
paris,2026-09-02,26°C,C,26,26,highest-temperature-in-paris-on-september-2-2026
paris,2026-09-04,28°C,C,28,28,highest-temperature-in-paris-on-september-4-2026
paris,2026-09-05,25°C,C,25,25,highest-temperature-in-paris-on-september-5-2026
paris,2026-09-06,28°C,C,28,28,highest-temperature-in-paris-on-september-6-2026
paris,2026-09-07,29°C,C,29,29,highest-temperature-in-paris-on-september-7-2026
paris,2026-09-08,27°C,C,27,27,highest-temperature-in-paris-on-september-8-2026
paris,2026-09-09,22°C,C,22,22,highest-temperature-in-paris-on-september-9-2026
paris,2026-09-10,21°C,C,21,21,highest-temperature-in-paris-on-september-10-2026
paris,2026-09-11,25°C,C,25,25,highest-temperature-in-paris-on-september-11-2026
paris,2026-09-12,26°C,C,26,26,highest-temperature-in-paris-on-september-12-2026
paris,2026-09-13,27°C,C,27,27,highest-temperature-in-paris-on-september-13-2026
paris,2026-09-14,29°C,C,29,29,highest-temperature-in-paris-on-september-14-2026
paris,2026-09-15,33°C,C,33,33,highest-temperature-in-paris-on-september-15-2026
paris,2026-09-16,23°C,C,23,23,highest-temperature-in-paris-on-september-16-2026
paris,2026-09-17,22°C,C,22,22,highest-temperature-in-paris-on-september-17-2026
paris,2026-09-18,22°C,C,22,22,highest-temperature-in-paris-on-september-18-2026
paris,2026-09-19,25°C,C,25,25,highest-temperature-in-paris-on-september-19-2026
paris,2026-09-20,24°C,C,24,24,highest-temperature-in-paris-on-september-20-2026
paris,2026-09-21,22°C,C,22,22,highest-temperature-in-paris-on-september-21-2026
paris,2026-09-22,24°C,C,24,24,highest-temperature-in-paris-on-september-22-2026
qingdao,2026-07-01,29°C,C,29,29,highest-temperature-in-qingdao-on-july-1-2026
qingdao,2026-07-02,31°C,C,31,31,highest-temperature-in-qingdao-on-july-2-2026
qingdao,2026-07-03,31°C,C,31,31,highest-temperature-in-qingdao-on-july-3-2026
qingdao,2026-07-04,30°C,C,30,30,highest-temperature-in-qingdao-on-july-4-2026
qingdao,2026-07-05,33°C,C,33,33,highest-temperature-in-qingdao-on-july-5-2026
qingdao,2026-07-06,33°C,C,33,33,highest-temperature-in-qingdao-on-july-6-2026
qingdao,2026-07-07,23°C,C,23,23,highest-temperature-in-qingdao-on-july-7-2026
qingdao,2026-07-08,32°C,C,32,32,highest-temperature-in-qingdao-on-july-8-2026
qingdao,2026-07-09,28°C,C,28,28,highest-temperature-in-qingdao-on-july-9-2026
qingdao,2026-07-10,30°C,C,30,30,highest-temperature-in-qingdao-on-july-10-2026
qingdao,2026-07-11,30°C,C,30,30,highest-temperature-in-qingdao-on-july-11-2026
qingdao,2026-07-12,31°C,C,31,31,highest-temperature-in-qingdao-on-july-12-2026
qingdao,2026-07-13,26°C,C,26,26,highest-temperature-in-qingdao-on-july-13-2026
qingdao,2026-07-14,29°C,C,29,29,highest-temperature-in-qingdao-on-july-14-2026
qingdao,2026-07-15,30°C,C,30,30,highest-temperature-in-qingdao-on-july-15-2026
qingdao,2026-07-16,29°C,C,29,29,highest-temperature-in-qingdao-on-july-16-2026
qingdao,2026-07-17,26°C,C,26,26,highest-temperature-in-qingdao-on-july-17-2026
qingdao,2026-07-18,31°C,C,31,31,highest-temperature-in-qingdao-on-july-18-2026
qingdao,2026-07-19,29°C,C,29,29,highest-temperature-in-qingdao-on-july-19-2026
qingdao,2026-07-20,29°C,C,29,29,highest-temperature-in-qingdao-on-july-20-2026
qingdao,2026-07-21,32°C,C,32,32,highest-temperature-in-qingdao-on-july-21-2026
qingdao,2026-07-22,29°C,C,29,29,highest-temperature-in-qingdao-on-july-22-2026
qingdao,2026-07-23,33°C or higher,C,33,inf,highest-temperature-in-qingdao-on-july-23-2026
qingdao,2026-07-24,30°C,C,30,30,highest-temperature-in-qingdao-on-july-24-2026
qingdao,2026-07-25,31°C,C,31,31,highest-temperature-in-qingdao-on-july-25-2026
qingdao,2026-07-26,31°C,C,31,31,highest-temperature-in-qingdao-on-july-26-2026
qingdao,2026-07-27,32°C,C,32,32,highest-temperature-in-qingdao-on-july-27-2026
qingdao,2026-07-28,33°C,C,33,33,highest-temperature-in-qingdao-on-july-28-2026
qingdao,2026-07-29,33°C,C,33,33,highest-temperature-in-qingdao-on-july-29-2026
qingdao,2026-07-30,34°C,C,34,34,highest-temperature-in-qingdao-on-july-30-2026
qingdao,2026-07-31,36°C,C,36,36,highest-temperature-in-qingdao-on-july-31-2026
qingdao,2026-08-01,35°C,C,35,35,highest-temperature-in-qingdao-on-august-1-2026
qingdao,2026-08-02,36°C,C,36,36,highest-temperature-in-qingdao-on-august-2-2026
qingdao,2026-08-03,35°C,C,35,35,highest-temperature-in-qingdao-on-august-3-2026
qingdao,2026-08-04,36°C or higher,C,36,inf,highest-temperature-in-qingdao-on-august-4-2026
qingdao,2026-08-05,36°C or higher,C,36,inf,highest-temperature-in-qingdao-on-august-5-2026
qingdao,2026-08-06,37°C,C,37,37,highest-temperature-in-qingdao-on-august-6-2026
qingdao,2026-08-07,37°C,C,37,37,highest-temperature-in-qingdao-on-august-7-2026
qingdao,2026-08-08,33°C,C,33,33,highest-temperature-in-qingdao-on-august-8-2026
qingdao,2026-08-09,32°C,C,32,32,highest-temperature-in-qingdao-on-august-9-2026
qingdao,2026-08-10,31°C,C,31,31,highest-temperature-in-qingdao-on-august-10-2026
qingdao,2026-08-11,31°C,C,31,31,highest-temperature-in-qingdao-on-august-11-2026
qingdao,2026-08-12,32°C,C,32,32,highest-temperature-in-qingdao-on-august-12-2026
qingdao,2026-08-13,29°C,C,29,29,highest-temperature-in-qingdao-on-august-13-2026
qingdao,2026-08-14,33°C,C,33,33,highest-temperature-in-qingdao-on-august-14-2026
qingdao,2026-08-15,31°C,C,31,31,highest-temperature-in-qingdao-on-august-15-2026
qingdao,2026-08-16,33°C,C,33,33,highest-temperature-in-qingdao-on-august-16-2026
qingdao,2026-08-17,32°C,C,32,32,highest-temperature-in-qingdao-on-august-17-2026
qingdao,2026-08-18,33°C,C,33,33,highest-temperature-in-qingdao-on-august-18-2026
qingdao,2026-08-19,33°C,C,33,33,highest-temperature-in-qingdao-on-august-19-2026
qingdao,2026-08-20,30°C,C,30,30,highest-temperature-in-qingdao-on-august-20-2026
qingdao,2026-08-21,30°C,C,30,30,highest-temperature-in-qingdao-on-august-21-2026
qingdao,2026-08-22,31°C,C,31,31,highest-temperature-in-qingdao-on-august-22-2026
qingdao,2026-08-23,31°C,C,31,31,highest-temperature-in-qingdao-on-august-23-2026
qingdao,2026-08-24,31°C,C,31,31,highest-temperature-in-qingdao-on-august-24-2026
qingdao,2026-08-25,32°C,C,32,32,highest-temperature-in-qingdao-on-august-25-2026
qingdao,2026-08-26,32°C,C,32,32,highest-temperature-in-qingdao-on-august-26-2026
qingdao,2026-08-27,31°C,C,31,31,highest-temperature-in-qingdao-on-august-27-2026
qingdao,2026-08-28,27°C,C,27,27,highest-temperature-in-qingdao-on-august-28-2026
qingdao,2026-08-29,28°C,C,28,28,highest-temperature-in-qingdao-on-august-29-2026
qingdao,2026-08-30,27°C,C,27,27,highest-temperature-in-qingdao-on-august-30-2026
qingdao,2026-08-31,31°C,C,31,31,highest-temperature-in-qingdao-on-august-31-2026
qingdao,2026-09-01,30°C,C,30,30,highest-temperature-in-qingdao-on-september-1-2026
qingdao,2026-09-02,29°C,C,29,29,highest-temperature-in-qingdao-on-september-2-2026
qingdao,2026-09-04,32°C,C,32,32,highest-temperature-in-qingdao-on-september-4-2026
qingdao,2026-09-05,31°C,C,31,31,highest-temperature-in-qingdao-on-september-5-2026
qingdao,2026-09-06,30°C,C,30,30,highest-temperature-in-qingdao-on-september-6-2026
qingdao,2026-09-07,30°C,C,30,30,highest-temperature-in-qingdao-on-september-7-2026
qingdao,2026-09-08,27°C,C,27,27,highest-temperature-in-qingdao-on-september-8-2026
qingdao,2026-09-09,26°C,C,26,26,highest-temperature-in-qingdao-on-september-9-2026
qingdao,2026-09-10,27°C,C,27,27,highest-temperature-in-qingdao-on-september-10-2026
qingdao,2026-09-11,28°C,C,28,28,highest-temperature-in-qingdao-on-september-11-2026
qingdao,2026-09-12,27°C,C,27,27,highest-temperature-in-qingdao-on-september-12-2026
qingdao,2026-09-13,28°C,C,28,28,highest-temperature-in-qingdao-on-september-13-2026
qingdao,2026-09-14,29°C,C,29,29,highest-temperature-in-qingdao-on-september-14-2026
qingdao,2026-09-15,31°C,C,31,31,highest-temperature-in-qingdao-on-september-15-2026
qingdao,2026-09-16,32°C,C,32,32,highest-temperature-in-qingdao-on-september-16-2026
qingdao,2026-09-17,28°C,C,28,28,highest-temperature-in-qingdao-on-september-17-2026
qingdao,2026-09-18,28°C,C,28,28,highest-temperature-in-qingdao-on-september-18-2026
qingdao,2026-09-19,29°C,C,29,29,highest-temperature-in-qingdao-on-september-19-2026
qingdao,2026-09-20,29°C,C,29,29,highest-temperature-in-qingdao-on-september-20-2026
qingdao,2026-09-21,29°C,C,29,29,highest-temperature-in-qingdao-on-september-21-2026
qingdao,2026-09-22,31°C,C,31,31,highest-temperature-in-qingdao-on-september-22-2026
qingdao,2026-09-23,30°C,C,30,30,highest-temperature-in-qingdao-on-september-23-2026
san-francisco,2026-07-01,70-71°F,F,70,71,highest-temperature-in-san-francisco-on-july-1-2026
san-francisco,2026-07-02,70-71°F,F,70,71,highest-temperature-in-san-francisco-on-july-2-2026
san-francisco,2026-07-03,68-69°F,F,68,69,highest-temperature-in-san-francisco-on-july-3-2026
san-francisco,2026-07-04,68-69°F,F,68,69,highest-temperature-in-san-francisco-on-july-4-2026
san-francisco,2026-07-05,68-69°F,F,68,69,highest-temperature-in-san-francisco-on-july-5-2026
san-francisco,2026-07-06,66-67°F,F,66,67,highest-temperature-in-san-francisco-on-july-6-2026
san-francisco,2026-07-07,62-63°F,F,62,63,highest-temperature-in-san-francisco-on-july-7-2026
san-francisco,2026-07-08,64-65°F,F,64,65,highest-temperature-in-san-francisco-on-july-8-2026
san-francisco,2026-07-09,66-67°F,F,66,67,highest-temperature-in-san-francisco-on-july-9-2026
san-francisco,2026-07-10,64-65°F,F,64,65,highest-temperature-in-san-francisco-on-july-10-2026
san-francisco,2026-07-11,66-67°F,F,66,67,highest-temperature-in-san-francisco-on-july-11-2026
san-francisco,2026-07-12,74-75°F,F,74,75,highest-temperature-in-san-francisco-on-july-12-2026
san-francisco,2026-07-13,76-77°F,F,76,77,highest-temperature-in-san-francisco-on-july-13-2026
san-francisco,2026-07-14,80-81°F,F,80,81,highest-temperature-in-san-francisco-on-july-14-2026
san-francisco,2026-07-15,72-73°F,F,72,73,highest-temperature-in-san-francisco-on-july-15-2026
san-francisco,2026-07-16,68-69°F,F,68,69,highest-temperature-in-san-francisco-on-july-16-2026
san-francisco,2026-07-17,66-67°F,F,66,67,highest-temperature-in-san-francisco-on-july-17-2026
san-francisco,2026-07-18,70-71°F,F,70,71,highest-temperature-in-san-francisco-on-july-18-2026
san-francisco,2026-07-19,64-65°F,F,64,65,highest-temperature-in-san-francisco-on-july-19-2026
san-francisco,2026-07-20,70-71°F,F,70,71,highest-temperature-in-san-francisco-on-july-20-2026
san-francisco,2026-07-21,90-91°F,F,90,91,highest-temperature-in-san-francisco-on-july-21-2026
san-francisco,2026-07-22,72-73°F,F,72,73,highest-temperature-in-san-francisco-on-july-22-2026
san-francisco,2026-07-23,68-69°F,F,68,69,highest-temperature-in-san-francisco-on-july-23-2026
san-francisco,2026-07-24,70-71°F,F,70,71,highest-temperature-in-san-francisco-on-july-24-2026
san-francisco,2026-07-25,70-71°F,F,70,71,highest-temperature-in-san-francisco-on-july-25-2026
san-francisco,2026-07-26,68-69°F,F,68,69,highest-temperature-in-san-francisco-on-july-26-2026
san-francisco,2026-07-27,68-69°F,F,68,69,highest-temperature-in-san-francisco-on-july-27-2026
san-francisco,2026-07-28,70-71°F,F,70,71,highest-temperature-in-san-francisco-on-july-28-2026
san-francisco,2026-07-29,68-69°F,F,68,69,highest-temperature-in-san-francisco-on-july-29-2026
san-francisco,2026-07-30,72-73°F,F,72,73,highest-temperature-in-san-francisco-on-july-30-2026
san-francisco,2026-07-31,72-73°F,F,72,73,highest-temperature-in-san-francisco-on-july-31-2026
san-francisco,2026-08-01,72-73°F,F,72,73,highest-temperature-in-san-francisco-on-august-1-2026
san-francisco,2026-08-02,78-79°F,F,78,79,highest-temperature-in-san-francisco-on-august-2-2026
san-francisco,2026-08-03,76-77°F,F,76,77,highest-temperature-in-san-francisco-on-august-3-2026
san-francisco,2026-08-04,72-73°F,F,72,73,highest-temperature-in-san-francisco-on-august-4-2026
san-francisco,2026-08-05,70-71°F,F,70,71,highest-temperature-in-san-francisco-on-august-5-2026
san-francisco,2026-08-06,72-73°F,F,72,73,highest-temperature-in-san-francisco-on-august-6-2026
san-francisco,2026-08-07,66-67°F,F,66,67,highest-temperature-in-san-francisco-on-august-7-2026
san-francisco,2026-08-08,67°F or below,F,-inf,67,highest-temperature-in-san-francisco-on-august-8-2026
san-francisco,2026-08-09,75°F or below,F,-inf,75,highest-temperature-in-san-francisco-on-august-9-2026
san-francisco,2026-08-10,72-73°F,F,72,73,highest-temperature-in-san-francisco-on-august-10-2026
san-francisco,2026-08-11,76-77°F,F,76,77,highest-temperature-in-san-francisco-on-august-11-2026
san-francisco,2026-08-12,72-73°F,F,72,73,highest-temperature-in-san-francisco-on-august-12-2026
san-francisco,2026-08-13,70-71°F,F,70,71,highest-temperature-in-san-francisco-on-august-13-2026
san-francisco,2026-08-14,70-71°F,F,70,71,highest-temperature-in-san-francisco-on-august-14-2026
san-francisco,2026-08-15,68-69°F,F,68,69,highest-temperature-in-san-francisco-on-august-15-2026
san-francisco,2026-08-16,68-69°F,F,68,69,highest-temperature-in-san-francisco-on-august-16-2026
san-francisco,2026-08-17,70-71°F,F,70,71,highest-temperature-in-san-francisco-on-august-17-2026
san-francisco,2026-08-18,68-69°F,F,68,69,highest-temperature-in-san-francisco-on-august-18-2026
san-francisco,2026-08-19,66-67°F,F,66,67,highest-temperature-in-san-francisco-on-august-19-2026
san-francisco,2026-08-20,68-69°F,F,68,69,highest-temperature-in-san-francisco-on-august-20-2026
san-francisco,2026-08-21,66-67°F,F,66,67,highest-temperature-in-san-francisco-on-august-21-2026
san-francisco,2026-08-22,68-69°F,F,68,69,highest-temperature-in-san-francisco-on-august-22-2026
san-francisco,2026-08-23,76-77°F,F,76,77,highest-temperature-in-san-francisco-on-august-23-2026
san-francisco,2026-08-24,70-71°F,F,70,71,highest-temperature-in-san-francisco-on-august-24-2026
san-francisco,2026-08-25,66-67°F,F,66,67,highest-temperature-in-san-francisco-on-august-25-2026
san-francisco,2026-08-26,76-77°F,F,76,77,highest-temperature-in-san-francisco-on-august-26-2026
san-francisco,2026-08-27,72-73°F,F,72,73,highest-temperature-in-san-francisco-on-august-27-2026
san-francisco,2026-08-28,64-65°F,F,64,65,highest-temperature-in-san-francisco-on-august-28-2026
san-francisco,2026-08-29,70-71°F,F,70,71,highest-temperature-in-san-francisco-on-august-29-2026
san-francisco,2026-08-30,70-71°F,F,70,71,highest-temperature-in-san-francisco-on-august-30-2026
san-francisco,2026-08-31,66-67°F,F,66,67,highest-temperature-in-san-francisco-on-august-31-2026
san-francisco,2026-09-01,70-71°F,F,70,71,highest-temperature-in-san-francisco-on-september-1-2026
san-francisco,2026-09-02,72-73°F,F,72,73,highest-temperature-in-san-francisco-on-september-2-2026
san-francisco,2026-09-04,70-71°F,F,70,71,highest-temperature-in-san-francisco-on-september-4-2026
san-francisco,2026-09-05,72-73°F,F,72,73,highest-temperature-in-san-francisco-on-september-5-2026
san-francisco,2026-09-06,70-71°F,F,70,71,highest-temperature-in-san-francisco-on-september-6-2026
san-francisco,2026-09-07,80-81°F,F,80,81,highest-temperature-in-san-francisco-on-september-7-2026
san-francisco,2026-09-08,86-87°F,F,86,87,highest-temperature-in-san-francisco-on-september-8-2026
san-francisco,2026-09-09,92-93°F,F,92,93,highest-temperature-in-san-francisco-on-september-9-2026
san-francisco,2026-09-10,84-85°F,F,84,85,highest-temperature-in-san-francisco-on-september-10-2026
san-francisco,2026-09-11,72-73°F,F,72,73,highest-temperature-in-san-francisco-on-september-11-2026
san-francisco,2026-09-12,70-71°F,F,70,71,highest-temperature-in-san-francisco-on-september-12-2026
san-francisco,2026-09-13,70-71°F,F,70,71,highest-temperature-in-san-francisco-on-september-13-2026
san-francisco,2026-09-14,74-75°F,F,74,75,highest-temperature-in-san-francisco-on-september-14-2026
san-francisco,2026-09-15,72-73°F,F,72,73,highest-temperature-in-san-francisco-on-september-15-2026
san-francisco,2026-09-16,64-65°F,F,64,65,highest-temperature-in-san-francisco-on-september-16-2026
san-francisco,2026-09-17,70-71°F,F,70,71,highest-temperature-in-san-francisco-on-september-17-2026
san-francisco,2026-09-18,68-69°F,F,68,69,highest-temperature-in-san-francisco-on-september-18-2026
san-francisco,2026-09-19,66-67°F,F,66,67,highest-temperature-in-san-francisco-on-september-19-2026
san-francisco,2026-09-20,64-65°F,F,64,65,highest-temperature-in-san-francisco-on-september-20-2026
san-francisco,2026-09-21,68-69°F,F,68,69,highest-temperature-in-san-francisco-on-september-21-2026
san-francisco,2026-09-22,66-67°F,F,66,67,highest-temperature-in-san-francisco-on-september-22-2026
sao-paulo,2026-07-01,27°C,C,27,27,highest-temperature-in-sao-paulo-on-july-1-2026
sao-paulo,2026-07-02,26°C,C,26,26,highest-temperature-in-sao-paulo-on-july-2-2026
sao-paulo,2026-07-03,27°C,C,27,27,highest-temperature-in-sao-paulo-on-july-3-2026
sao-paulo,2026-07-04,20°C,C,20,20,highest-temperature-in-sao-paulo-on-july-4-2026
sao-paulo,2026-07-05,21°C,C,21,21,highest-temperature-in-sao-paulo-on-july-5-2026
sao-paulo,2026-07-06,24°C,C,24,24,highest-temperature-in-sao-paulo-on-july-6-2026
sao-paulo,2026-07-07,21°C,C,21,21,highest-temperature-in-sao-paulo-on-july-7-2026
sao-paulo,2026-07-08,22°C,C,22,22,highest-temperature-in-sao-paulo-on-july-8-2026
sao-paulo,2026-07-09,22°C,C,22,22,highest-temperature-in-sao-paulo-on-july-9-2026
sao-paulo,2026-07-10,26°C,C,26,26,highest-temperature-in-sao-paulo-on-july-10-2026
sao-paulo,2026-07-11,28°C,C,28,28,highest-temperature-in-sao-paulo-on-july-11-2026
sao-paulo,2026-07-12,23°C,C,23,23,highest-temperature-in-sao-paulo-on-july-12-2026
sao-paulo,2026-07-13,17°C,C,17,17,highest-temperature-in-sao-paulo-on-july-13-2026
sao-paulo,2026-07-14,19°C,C,19,19,highest-temperature-in-sao-paulo-on-july-14-2026
sao-paulo,2026-07-15,21°C,C,21,21,highest-temperature-in-sao-paulo-on-july-15-2026
sao-paulo,2026-07-16,26°C,C,26,26,highest-temperature-in-sao-paulo-on-july-16-2026
sao-paulo,2026-07-17,24°C,C,24,24,highest-temperature-in-sao-paulo-on-july-17-2026
sao-paulo,2026-07-18,24°C,C,24,24,highest-temperature-in-sao-paulo-on-july-18-2026
sao-paulo,2026-07-19,26°C,C,26,26,highest-temperature-in-sao-paulo-on-july-19-2026
sao-paulo,2026-07-20,27°C,C,27,27,highest-temperature-in-sao-paulo-on-july-20-2026
sao-paulo,2026-07-21,28°C,C,28,28,highest-temperature-in-sao-paulo-on-july-21-2026
sao-paulo,2026-07-22,23°C,C,23,23,highest-temperature-in-sao-paulo-on-july-22-2026
sao-paulo,2026-07-23,24°C,C,24,24,highest-temperature-in-sao-paulo-on-july-23-2026
sao-paulo,2026-07-24,17°C,C,17,17,highest-temperature-in-sao-paulo-on-july-24-2026
sao-paulo,2026-07-25,21°C,C,21,21,highest-temperature-in-sao-paulo-on-july-25-2026
sao-paulo,2026-07-26,25°C,C,25,25,highest-temperature-in-sao-paulo-on-july-26-2026
sao-paulo,2026-07-27,28°C,C,28,28,highest-temperature-in-sao-paulo-on-july-27-2026
sao-paulo,2026-07-28,29°C,C,29,29,highest-temperature-in-sao-paulo-on-july-28-2026
sao-paulo,2026-07-29,30°C,C,30,30,highest-temperature-in-sao-paulo-on-july-29-2026
sao-paulo,2026-07-30,22°C,C,22,22,highest-temperature-in-sao-paulo-on-july-30-2026
sao-paulo,2026-07-31,23°C,C,23,23,highest-temperature-in-sao-paulo-on-july-31-2026
sao-paulo,2026-08-01,27°C,C,27,27,highest-temperature-in-sao-paulo-on-august-1-2026
sao-paulo,2026-08-02,29°C,C,29,29,highest-temperature-in-sao-paulo-on-august-2-2026
sao-paulo,2026-08-03,27°C,C,27,27,highest-temperature-in-sao-paulo-on-august-3-2026
sao-paulo,2026-08-04,26°C,C,26,26,highest-temperature-in-sao-paulo-on-august-4-2026
sao-paulo,2026-08-05,28°C,C,28,28,highest-temperature-in-sao-paulo-on-august-5-2026
sao-paulo,2026-08-06,28°C,C,28,28,highest-temperature-in-sao-paulo-on-august-6-2026
sao-paulo,2026-08-07,25°C,C,25,25,highest-temperature-in-sao-paulo-on-august-7-2026
sao-paulo,2026-08-08,29°C,C,29,29,highest-temperature-in-sao-paulo-on-august-8-2026
sao-paulo,2026-08-09,26°C,C,26,26,highest-temperature-in-sao-paulo-on-august-9-2026
sao-paulo,2026-08-10,18°C,C,18,18,highest-temperature-in-sao-paulo-on-august-10-2026
sao-paulo,2026-08-11,18°C,C,18,18,highest-temperature-in-sao-paulo-on-august-11-2026
sao-paulo,2026-08-12,24°C,C,24,24,highest-temperature-in-sao-paulo-on-august-12-2026
sao-paulo,2026-08-13,30°C,C,30,30,highest-temperature-in-sao-paulo-on-august-13-2026
sao-paulo,2026-08-14,26°C,C,26,26,highest-temperature-in-sao-paulo-on-august-14-2026
sao-paulo,2026-08-15,22°C,C,22,22,highest-temperature-in-sao-paulo-on-august-15-2026
sao-paulo,2026-08-16,27°C,C,27,27,highest-temperature-in-sao-paulo-on-august-16-2026
sao-paulo,2026-08-17,29°C,C,29,29,highest-temperature-in-sao-paulo-on-august-17-2026
sao-paulo,2026-08-18,31°C,C,31,31,highest-temperature-in-sao-paulo-on-august-18-2026
sao-paulo,2026-08-19,32°C,C,32,32,highest-temperature-in-sao-paulo-on-august-19-2026
sao-paulo,2026-08-20,32°C,C,32,32,highest-temperature-in-sao-paulo-on-august-20-2026
sao-paulo,2026-08-21,25°C,C,25,25,highest-temperature-in-sao-paulo-on-august-21-2026
sao-paulo,2026-08-22,23°C,C,23,23,highest-temperature-in-sao-paulo-on-august-22-2026
sao-paulo,2026-08-23,24°C,C,24,24,highest-temperature-in-sao-paulo-on-august-23-2026
sao-paulo,2026-08-24,18°C,C,18,18,highest-temperature-in-sao-paulo-on-august-24-2026
sao-paulo,2026-08-25,19°C,C,19,19,highest-temperature-in-sao-paulo-on-august-25-2026
sao-paulo,2026-08-26,25°C,C,25,25,highest-temperature-in-sao-paulo-on-august-26-2026
sao-paulo,2026-08-27,27°C,C,27,27,highest-temperature-in-sao-paulo-on-august-27-2026
sao-paulo,2026-08-28,32°C,C,32,32,highest-temperature-in-sao-paulo-on-august-28-2026
sao-paulo,2026-08-29,33°C,C,33,33,highest-temperature-in-sao-paulo-on-august-29-2026
sao-paulo,2026-08-30,31°C,C,31,31,highest-temperature-in-sao-paulo-on-august-30-2026
sao-paulo,2026-08-31,29°C or below,C,-inf,29,highest-temperature-in-sao-paulo-on-august-31-2026
sao-paulo,2026-09-01,21°C,C,21,21,highest-temperature-in-sao-paulo-on-september-1-2026
sao-paulo,2026-09-02,21°C,C,21,21,highest-temperature-in-sao-paulo-on-september-2-2026
sao-paulo,2026-09-03,29°C,C,29,29,highest-temperature-in-sao-paulo-on-september-3-2026
sao-paulo,2026-09-04,31°C,C,31,31,highest-temperature-in-sao-paulo-on-september-4-2026
sao-paulo,2026-09-05,20°C,C,20,20,highest-temperature-in-sao-paulo-on-september-5-2026
sao-paulo,2026-09-06,15°C,C,15,15,highest-temperature-in-sao-paulo-on-september-6-2026
sao-paulo,2026-09-07,14°C,C,14,14,highest-temperature-in-sao-paulo-on-september-7-2026
sao-paulo,2026-09-08,19°C,C,19,19,highest-temperature-in-sao-paulo-on-september-8-2026
sao-paulo,2026-09-09,22°C,C,22,22,highest-temperature-in-sao-paulo-on-september-9-2026
sao-paulo,2026-09-10,22°C,C,22,22,highest-temperature-in-sao-paulo-on-september-10-2026
sao-paulo,2026-09-11,28°C,C,28,28,highest-temperature-in-sao-paulo-on-september-11-2026
sao-paulo,2026-09-12,20°C,C,20,20,highest-temperature-in-sao-paulo-on-september-12-2026
sao-paulo,2026-09-13,16°C,C,16,16,highest-temperature-in-sao-paulo-on-september-13-2026
sao-paulo,2026-09-14,16°C,C,16,16,highest-temperature-in-sao-paulo-on-september-14-2026
sao-paulo,2026-09-15,20°C,C,20,20,highest-temperature-in-sao-paulo-on-september-15-2026
sao-paulo,2026-09-16,19°C,C,19,19,highest-temperature-in-sao-paulo-on-september-16-2026
sao-paulo,2026-09-17,17°C,C,17,17,highest-temperature-in-sao-paulo-on-september-17-2026
sao-paulo,2026-09-18,23°C,C,23,23,highest-temperature-in-sao-paulo-on-september-18-2026
sao-paulo,2026-09-19,27°C,C,27,27,highest-temperature-in-sao-paulo-on-september-19-2026
sao-paulo,2026-09-20,21°C or below,C,-inf,21,highest-temperature-in-sao-paulo-on-september-20-2026
sao-paulo,2026-09-21,31°C,C,31,31,highest-temperature-in-sao-paulo-on-september-21-2026
sao-paulo,2026-09-22,25°C,C,25,25,highest-temperature-in-sao-paulo-on-september-22-2026
seattle,2026-07-01,62-63°F,F,62,63,highest-temperature-in-seattle-on-july-1-2026
seattle,2026-07-02,64-65°F,F,64,65,highest-temperature-in-seattle-on-july-2-2026
seattle,2026-07-03,72-73°F,F,72,73,highest-temperature-in-seattle-on-july-3-2026
seattle,2026-07-04,70-71°F,F,70,71,highest-temperature-in-seattle-on-july-4-2026
seattle,2026-07-05,76-77°F,F,76,77,highest-temperature-in-seattle-on-july-5-2026
seattle,2026-07-06,84-85°F,F,84,85,highest-temperature-in-seattle-on-july-6-2026
seattle,2026-07-07,74-75°F,F,74,75,highest-temperature-in-seattle-on-july-7-2026
seattle,2026-07-08,68-69°F,F,68,69,highest-temperature-in-seattle-on-july-8-2026
seattle,2026-07-09,78-79°F,F,78,79,highest-temperature-in-seattle-on-july-9-2026
seattle,2026-07-10,76-77°F,F,76,77,highest-temperature-in-seattle-on-july-10-2026
seattle,2026-07-11,74-75°F,F,74,75,highest-temperature-in-seattle-on-july-11-2026
seattle,2026-07-12,72-73°F,F,72,73,highest-temperature-in-seattle-on-july-12-2026
seattle,2026-07-13,78-79°F,F,78,79,highest-temperature-in-seattle-on-july-13-2026
seattle,2026-07-14,84-85°F,F,84,85,highest-temperature-in-seattle-on-july-14-2026
seattle,2026-07-15,82-83°F,F,82,83,highest-temperature-in-seattle-on-july-15-2026
seattle,2026-07-16,64-65°F,F,64,65,highest-temperature-in-seattle-on-july-16-2026
seattle,2026-07-17,70-71°F,F,70,71,highest-temperature-in-seattle-on-july-17-2026
seattle,2026-07-18,74-75°F,F,74,75,highest-temperature-in-seattle-on-july-18-2026
seattle,2026-07-19,78-79°F,F,78,79,highest-temperature-in-seattle-on-july-19-2026
seattle,2026-07-20,82-83°F,F,82,83,highest-temperature-in-seattle-on-july-20-2026
seattle,2026-07-21,92-93°F,F,92,93,highest-temperature-in-seattle-on-july-21-2026
seattle,2026-07-22,94-95°F,F,94,95,highest-temperature-in-seattle-on-july-22-2026
seattle,2026-07-23,74-75°F,F,74,75,highest-temperature-in-seattle-on-july-23-2026
seattle,2026-07-24,82-83°F,F,82,83,highest-temperature-in-seattle-on-july-24-2026
seattle,2026-07-25,72-73°F,F,72,73,highest-temperature-in-seattle-on-july-25-2026
seattle,2026-07-26,72-73°F,F,72,73,highest-temperature-in-seattle-on-july-26-2026
seattle,2026-07-27,78-79°F,F,78,79,highest-temperature-in-seattle-on-july-27-2026
seattle,2026-07-28,72-73°F,F,72,73,highest-temperature-in-seattle-on-july-28-2026
seattle,2026-07-29,74-75°F,F,74,75,highest-temperature-in-seattle-on-july-29-2026
seattle,2026-07-30,78-79°F,F,78,79,highest-temperature-in-seattle-on-july-30-2026
seattle,2026-07-31,82-83°F,F,82,83,highest-temperature-in-seattle-on-july-31-2026
seattle,2026-08-01,70-71°F,F,70,71,highest-temperature-in-seattle-on-august-1-2026
seattle,2026-08-02,68-69°F,F,68,69,highest-temperature-in-seattle-on-august-2-2026
seattle,2026-08-03,74-75°F,F,74,75,highest-temperature-in-seattle-on-august-3-2026
seattle,2026-08-04,80-81°F,F,80,81,highest-temperature-in-seattle-on-august-4-2026
seattle,2026-08-05,86-87°F,F,86,87,highest-temperature-in-seattle-on-august-5-2026
seattle,2026-08-06,86-87°F,F,86,87,highest-temperature-in-seattle-on-august-6-2026
seattle,2026-08-07,84-85°F,F,84,85,highest-temperature-in-seattle-on-august-7-2026
seattle,2026-08-08,82-83°F,F,82,83,highest-temperature-in-seattle-on-august-8-2026
seattle,2026-08-09,76-77°F,F,76,77,highest-temperature-in-seattle-on-august-9-2026
seattle,2026-08-10,74-75°F,F,74,75,highest-temperature-in-seattle-on-august-10-2026
seattle,2026-08-11,78-79°F,F,78,79,highest-temperature-in-seattle-on-august-11-2026
seattle,2026-08-12,78-79°F,F,78,79,highest-temperature-in-seattle-on-august-12-2026
seattle,2026-08-13,80-81°F,F,80,81,highest-temperature-in-seattle-on-august-13-2026
seattle,2026-08-14,76-77°F,F,76,77,highest-temperature-in-seattle-on-august-14-2026
seattle,2026-08-15,74-75°F,F,74,75,highest-temperature-in-seattle-on-august-15-2026
seattle,2026-08-16,74-75°F,F,74,75,highest-temperature-in-seattle-on-august-16-2026
seattle,2026-08-17,78-79°F,F,78,79,highest-temperature-in-seattle-on-august-17-2026
seattle,2026-08-18,78-79°F,F,78,79,highest-temperature-in-seattle-on-august-18-2026
seattle,2026-08-19,82-83°F,F,82,83,highest-temperature-in-seattle-on-august-19-2026
seattle,2026-08-20,84-85°F,F,84,85,highest-temperature-in-seattle-on-august-20-2026
seattle,2026-08-21,80-81°F,F,80,81,highest-temperature-in-seattle-on-august-21-2026
seattle,2026-08-22,74-75°F,F,74,75,highest-temperature-in-seattle-on-august-22-2026
seattle,2026-08-23,74-75°F,F,74,75,highest-temperature-in-seattle-on-august-23-2026
seattle,2026-08-24,80-81°F,F,80,81,highest-temperature-in-seattle-on-august-24-2026
seattle,2026-08-25,84-85°F,F,84,85,highest-temperature-in-seattle-on-august-25-2026
seattle,2026-08-26,76-77°F,F,76,77,highest-temperature-in-seattle-on-august-26-2026
seattle,2026-08-27,72-73°F,F,72,73,highest-temperature-in-seattle-on-august-27-2026
seattle,2026-08-28,72-73°F,F,72,73,highest-temperature-in-seattle-on-august-28-2026
seattle,2026-08-29,70-71°F,F,70,71,highest-temperature-in-seattle-on-august-29-2026
seattle,2026-08-30,70-71°F,F,70,71,highest-temperature-in-seattle-on-august-30-2026
seattle,2026-08-31,76-77°F,F,76,77,highest-temperature-in-seattle-on-august-31-2026
seattle,2026-09-01,66-67°F,F,66,67,highest-temperature-in-seattle-on-september-1-2026
seattle,2026-09-02,68-69°F,F,68,69,highest-temperature-in-seattle-on-september-2-2026
seattle,2026-09-04,68-69°F,F,68,69,highest-temperature-in-seattle-on-september-4-2026
seattle,2026-09-05,68-69°F,F,68,69,highest-temperature-in-seattle-on-september-5-2026
seattle,2026-09-06,72-73°F,F,72,73,highest-temperature-in-seattle-on-september-6-2026
seattle,2026-09-07,70-71°F,F,70,71,highest-temperature-in-seattle-on-september-7-2026
seattle,2026-09-08,74-75°F,F,74,75,highest-temperature-in-seattle-on-september-8-2026
seattle,2026-09-09,76-77°F,F,76,77,highest-temperature-in-seattle-on-september-9-2026
seattle,2026-09-10,70-71°F,F,70,71,highest-temperature-in-seattle-on-september-10-2026
seattle,2026-09-11,66-67°F,F,66,67,highest-temperature-in-seattle-on-september-11-2026
seattle,2026-09-12,66-67°F,F,66,67,highest-temperature-in-seattle-on-september-12-2026
seattle,2026-09-13,60-61°F,F,60,61,highest-temperature-in-seattle-on-september-13-2026
seattle,2026-09-14,66-67°F,F,66,67,highest-temperature-in-seattle-on-september-14-2026
seattle,2026-09-15,66-67°F,F,66,67,highest-temperature-in-seattle-on-september-15-2026
seattle,2026-09-16,74-75°F,F,74,75,highest-temperature-in-seattle-on-september-16-2026
seattle,2026-09-17,76-77°F,F,76,77,highest-temperature-in-seattle-on-september-17-2026
seattle,2026-09-18,68-69°F,F,68,69,highest-temperature-in-seattle-on-september-18-2026
seattle,2026-09-19,63°F or below,F,-inf,63,highest-temperature-in-seattle-on-september-19-2026
seattle,2026-09-20,70-71°F,F,70,71,highest-temperature-in-seattle-on-september-20-2026
seattle,2026-09-21,66-67°F,F,66,67,highest-temperature-in-seattle-on-september-21-2026
seattle,2026-09-22,68-69°F,F,68,69,highest-temperature-in-seattle-on-september-22-2026
seoul,2026-07-01,30°C,C,30,30,highest-temperature-in-seoul-on-july-1-2026
seoul,2026-07-02,28°C,C,28,28,highest-temperature-in-seoul-on-july-2-2026
seoul,2026-07-03,28°C,C,28,28,highest-temperature-in-seoul-on-july-3-2026
seoul,2026-07-04,28°C,C,28,28,highest-temperature-in-seoul-on-july-4-2026
seoul,2026-07-05,27°C,C,27,27,highest-temperature-in-seoul-on-july-5-2026
seoul,2026-07-06,28°C,C,28,28,highest-temperature-in-seoul-on-july-6-2026
seoul,2026-07-07,30°C or higher,C,30,inf,highest-temperature-in-seoul-on-july-7-2026
seoul,2026-07-08,28°C,C,28,28,highest-temperature-in-seoul-on-july-8-2026
seoul,2026-07-09,27°C,C,27,27,highest-temperature-in-seoul-on-july-9-2026
seoul,2026-07-10,28°C,C,28,28,highest-temperature-in-seoul-on-july-10-2026
seoul,2026-07-11,32°C,C,32,32,highest-temperature-in-seoul-on-july-11-2026
seoul,2026-07-12,34°C or higher,C,34,inf,highest-temperature-in-seoul-on-july-12-2026
seoul,2026-07-13,32°C,C,32,32,highest-temperature-in-seoul-on-july-13-2026
seoul,2026-07-14,32°C,C,32,32,highest-temperature-in-seoul-on-july-14-2026
seoul,2026-07-15,28°C,C,28,28,highest-temperature-in-seoul-on-july-15-2026
seoul,2026-07-16,28°C,C,28,28,highest-temperature-in-seoul-on-july-16-2026
seoul,2026-07-17,31°C,C,31,31,highest-temperature-in-seoul-on-july-17-2026
seoul,2026-07-18,26°C,C,26,26,highest-temperature-in-seoul-on-july-18-2026
seoul,2026-07-19,26°C,C,26,26,highest-temperature-in-seoul-on-july-19-2026
seoul,2026-07-20,27°C,C,27,27,highest-temperature-in-seoul-on-july-20-2026
seoul,2026-07-21,27°C,C,27,27,highest-temperature-in-seoul-on-july-21-2026
seoul,2026-07-22,27°C,C,27,27,highest-temperature-in-seoul-on-july-22-2026
seoul,2026-07-23,30°C or higher,C,30,inf,highest-temperature-in-seoul-on-july-23-2026
seoul,2026-07-24,31°C,C,31,31,highest-temperature-in-seoul-on-july-24-2026
seoul,2026-07-25,31°C,C,31,31,highest-temperature-in-seoul-on-july-25-2026
seoul,2026-07-26,31°C,C,31,31,highest-temperature-in-seoul-on-july-26-2026
seoul,2026-07-27,31°C,C,31,31,highest-temperature-in-seoul-on-july-27-2026
seoul,2026-07-28,30°C,C,30,30,highest-temperature-in-seoul-on-july-28-2026
seoul,2026-07-29,30°C,C,30,30,highest-temperature-in-seoul-on-july-29-2026
seoul,2026-07-30,30°C,C,30,30,highest-temperature-in-seoul-on-july-30-2026
seoul,2026-07-31,31°C,C,31,31,highest-temperature-in-seoul-on-july-31-2026
seoul,2026-08-01,32°C,C,32,32,highest-temperature-in-seoul-on-august-1-2026
seoul,2026-08-02,33°C,C,33,33,highest-temperature-in-seoul-on-august-2-2026
seoul,2026-08-03,33°C,C,33,33,highest-temperature-in-seoul-on-august-3-2026
seoul,2026-08-04,34°C,C,34,34,highest-temperature-in-seoul-on-august-4-2026
seoul,2026-08-05,34°C,C,34,34,highest-temperature-in-seoul-on-august-5-2026
seoul,2026-08-06,35°C,C,35,35,highest-temperature-in-seoul-on-august-6-2026
seoul,2026-08-07,35°C,C,35,35,highest-temperature-in-seoul-on-august-7-2026
seoul,2026-08-08,36°C,C,36,36,highest-temperature-in-seoul-on-august-8-2026
seoul,2026-08-09,33°C,C,33,33,highest-temperature-in-seoul-on-august-9-2026
seoul,2026-08-10,33°C,C,33,33,highest-temperature-in-seoul-on-august-10-2026
seoul,2026-08-11,32°C,C,32,32,highest-temperature-in-seoul-on-august-11-2026
seoul,2026-08-12,32°C,C,32,32,highest-temperature-in-seoul-on-august-12-2026
seoul,2026-08-13,31°C,C,31,31,highest-temperature-in-seoul-on-august-13-2026
seoul,2026-08-14,30°C,C,30,30,highest-temperature-in-seoul-on-august-14-2026
seoul,2026-08-15,28°C,C,28,28,highest-temperature-in-seoul-on-august-15-2026
seoul,2026-08-16,27°C,C,27,27,highest-temperature-in-seoul-on-august-16-2026
seoul,2026-08-17,28°C,C,28,28,highest-temperature-in-seoul-on-august-17-2026
seoul,2026-08-18,31°C,C,31,31,highest-temperature-in-seoul-on-august-18-2026
seoul,2026-08-19,29°C,C,29,29,highest-temperature-in-seoul-on-august-19-2026
seoul,2026-08-20,28°C,C,28,28,highest-temperature-in-seoul-on-august-20-2026
seoul,2026-08-21,27°C,C,27,27,highest-temperature-in-seoul-on-august-21-2026
seoul,2026-08-22,27°C,C,27,27,highest-temperature-in-seoul-on-august-22-2026
seoul,2026-08-23,32°C,C,32,32,highest-temperature-in-seoul-on-august-23-2026
seoul,2026-08-24,31°C,C,31,31,highest-temperature-in-seoul-on-august-24-2026
seoul,2026-08-25,31°C,C,31,31,highest-temperature-in-seoul-on-august-25-2026
seoul,2026-08-26,30°C,C,30,30,highest-temperature-in-seoul-on-august-26-2026
seoul,2026-08-27,30°C,C,30,30,highest-temperature-in-seoul-on-august-27-2026
seoul,2026-08-28,31°C,C,31,31,highest-temperature-in-seoul-on-august-28-2026
seoul,2026-08-29,29°C,C,29,29,highest-temperature-in-seoul-on-august-29-2026
seoul,2026-08-30,27°C,C,27,27,highest-temperature-in-seoul-on-august-30-2026
seoul,2026-08-31,25°C,C,25,25,highest-temperature-in-seoul-on-august-31-2026
seoul,2026-09-01,25°C,C,25,25,highest-temperature-in-seoul-on-september-1-2026
seoul,2026-09-02,28°C,C,28,28,highest-temperature-in-seoul-on-september-2-2026
seoul,2026-09-04,30°C,C,30,30,highest-temperature-in-seoul-on-september-4-2026
seoul,2026-09-05,29°C,C,29,29,highest-temperature-in-seoul-on-september-5-2026
seoul,2026-09-06,29°C,C,29,29,highest-temperature-in-seoul-on-september-6-2026
seoul,2026-09-07,28°C,C,28,28,highest-temperature-in-seoul-on-september-7-2026
seoul,2026-09-08,27°C,C,27,27,highest-temperature-in-seoul-on-september-8-2026
seoul,2026-09-09,26°C,C,26,26,highest-temperature-in-seoul-on-september-9-2026
seoul,2026-09-10,22°C,C,22,22,highest-temperature-in-seoul-on-september-10-2026
seoul,2026-09-11,25°C,C,25,25,highest-temperature-in-seoul-on-september-11-2026
seoul,2026-09-12,23°C,C,23,23,highest-temperature-in-seoul-on-september-12-2026
seoul,2026-09-13,24°C,C,24,24,highest-temperature-in-seoul-on-september-13-2026
seoul,2026-09-14,26°C,C,26,26,highest-temperature-in-seoul-on-september-14-2026
seoul,2026-09-15,24°C,C,24,24,highest-temperature-in-seoul-on-september-15-2026
seoul,2026-09-16,27°C,C,27,27,highest-temperature-in-seoul-on-september-16-2026
seoul,2026-09-17,27°C,C,27,27,highest-temperature-in-seoul-on-september-17-2026
seoul,2026-09-18,28°C,C,28,28,highest-temperature-in-seoul-on-september-18-2026
seoul,2026-09-19,28°C,C,28,28,highest-temperature-in-seoul-on-september-19-2026
seoul,2026-09-20,26°C,C,26,26,highest-temperature-in-seoul-on-september-20-2026
seoul,2026-09-21,27°C,C,27,27,highest-temperature-in-seoul-on-september-21-2026
seoul,2026-09-22,28°C,C,28,28,highest-temperature-in-seoul-on-september-22-2026
seoul,2026-09-23,27°C,C,27,27,highest-temperature-in-seoul-on-september-23-2026
shanghai,2026-07-01,26°C,C,26,26,highest-temperature-in-shanghai-on-july-1-2026
shanghai,2026-07-02,30°C or higher,C,30,inf,highest-temperature-in-shanghai-on-july-2-2026
shanghai,2026-07-03,33°C,C,33,33,highest-temperature-in-shanghai-on-july-3-2026
shanghai,2026-07-04,33°C,C,33,33,highest-temperature-in-shanghai-on-july-4-2026
shanghai,2026-07-05,31°C,C,31,31,highest-temperature-in-shanghai-on-july-5-2026
shanghai,2026-07-06,36°C,C,36,36,highest-temperature-in-shanghai-on-july-6-2026
shanghai,2026-07-07,34°C,C,34,34,highest-temperature-in-shanghai-on-july-7-2026
shanghai,2026-07-08,36°C,C,36,36,highest-temperature-in-shanghai-on-july-8-2026
shanghai,2026-07-09,29°C,C,29,29,highest-temperature-in-shanghai-on-july-9-2026
shanghai,2026-07-10,32°C,C,32,32,highest-temperature-in-shanghai-on-july-10-2026
shanghai,2026-07-11,31°C,C,31,31,highest-temperature-in-shanghai-on-july-11-2026
shanghai,2026-07-12,31°C,C,31,31,highest-temperature-in-shanghai-on-july-12-2026
shanghai,2026-07-13,33°C,C,33,33,highest-temperature-in-shanghai-on-july-13-2026
shanghai,2026-07-14,36°C,C,36,36,highest-temperature-in-shanghai-on-july-14-2026
shanghai,2026-07-15,39°C,C,39,39,highest-temperature-in-shanghai-on-july-15-2026
shanghai,2026-07-16,38°C,C,38,38,highest-temperature-in-shanghai-on-july-16-2026
shanghai,2026-07-17,39°C,C,39,39,highest-temperature-in-shanghai-on-july-17-2026
shanghai,2026-07-18,37°C,C,37,37,highest-temperature-in-shanghai-on-july-18-2026
shanghai,2026-07-19,33°C,C,33,33,highest-temperature-in-shanghai-on-july-19-2026
shanghai,2026-07-20,35°C,C,35,35,highest-temperature-in-shanghai-on-july-20-2026
shanghai,2026-07-21,33°C,C,33,33,highest-temperature-in-shanghai-on-july-21-2026
shanghai,2026-07-22,35°C,C,35,35,highest-temperature-in-shanghai-on-july-22-2026
shanghai,2026-07-23,35°C,C,35,35,highest-temperature-in-shanghai-on-july-23-2026
shanghai,2026-07-24,36°C,C,36,36,highest-temperature-in-shanghai-on-july-24-2026
shanghai,2026-07-25,35°C,C,35,35,highest-temperature-in-shanghai-on-july-25-2026
shanghai,2026-07-26,35°C,C,35,35,highest-temperature-in-shanghai-on-july-26-2026
shanghai,2026-07-27,34°C,C,34,34,highest-temperature-in-shanghai-on-july-27-2026
shanghai,2026-07-28,33°C,C,33,33,highest-temperature-in-shanghai-on-july-28-2026
shanghai,2026-07-29,35°C,C,35,35,highest-temperature-in-shanghai-on-july-29-2026
shanghai,2026-07-30,36°C,C,36,36,highest-temperature-in-shanghai-on-july-30-2026
shanghai,2026-07-31,37°C,C,37,37,highest-temperature-in-shanghai-on-july-31-2026
shanghai,2026-08-01,37°C,C,37,37,highest-temperature-in-shanghai-on-august-1-2026
shanghai,2026-08-02,36°C,C,36,36,highest-temperature-in-shanghai-on-august-2-2026
shanghai,2026-08-03,34°C,C,34,34,highest-temperature-in-shanghai-on-august-3-2026
shanghai,2026-08-04,33°C,C,33,33,highest-temperature-in-shanghai-on-august-4-2026
shanghai,2026-08-05,33°C,C,33,33,highest-temperature-in-shanghai-on-august-5-2026
shanghai,2026-08-06,33°C,C,33,33,highest-temperature-in-shanghai-on-august-6-2026
shanghai,2026-08-07,34°C,C,34,34,highest-temperature-in-shanghai-on-august-7-2026
shanghai,2026-08-08,33°C,C,33,33,highest-temperature-in-shanghai-on-august-8-2026
shanghai,2026-08-09,28°C,C,28,28,highest-temperature-in-shanghai-on-august-9-2026
shanghai,2026-08-10,28°C,C,28,28,highest-temperature-in-shanghai-on-august-10-2026
shanghai,2026-08-11,29°C,C,29,29,highest-temperature-in-shanghai-on-august-11-2026
shanghai,2026-08-12,27°C,C,27,27,highest-temperature-in-shanghai-on-august-12-2026
shanghai,2026-08-13,29°C,C,29,29,highest-temperature-in-shanghai-on-august-13-2026
shanghai,2026-08-14,28°C,C,28,28,highest-temperature-in-shanghai-on-august-14-2026
shanghai,2026-08-15,31°C,C,31,31,highest-temperature-in-shanghai-on-august-15-2026
shanghai,2026-08-16,29°C,C,29,29,highest-temperature-in-shanghai-on-august-16-2026
shanghai,2026-08-17,31°C,C,31,31,highest-temperature-in-shanghai-on-august-17-2026
shanghai,2026-08-18,31°C,C,31,31,highest-temperature-in-shanghai-on-august-18-2026
shanghai,2026-08-19,31°C,C,31,31,highest-temperature-in-shanghai-on-august-19-2026
shanghai,2026-08-20,32°C,C,32,32,highest-temperature-in-shanghai-on-august-20-2026
shanghai,2026-08-21,31°C,C,31,31,highest-temperature-in-shanghai-on-august-21-2026
shanghai,2026-08-22,31°C,C,31,31,highest-temperature-in-shanghai-on-august-22-2026
shanghai,2026-08-23,31°C,C,31,31,highest-temperature-in-shanghai-on-august-23-2026
shanghai,2026-08-24,32°C,C,32,32,highest-temperature-in-shanghai-on-august-24-2026
shanghai,2026-08-25,31°C,C,31,31,highest-temperature-in-shanghai-on-august-25-2026
shanghai,2026-08-26,32°C,C,32,32,highest-temperature-in-shanghai-on-august-26-2026
shanghai,2026-08-27,32°C,C,32,32,highest-temperature-in-shanghai-on-august-27-2026
shanghai,2026-08-28,30°C,C,30,30,highest-temperature-in-shanghai-on-august-28-2026
shanghai,2026-08-29,31°C,C,31,31,highest-temperature-in-shanghai-on-august-29-2026
shanghai,2026-08-30,31°C,C,31,31,highest-temperature-in-shanghai-on-august-30-2026
shanghai,2026-08-31,33°C,C,33,33,highest-temperature-in-shanghai-on-august-31-2026
shanghai,2026-09-01,30°C,C,30,30,highest-temperature-in-shanghai-on-september-1-2026
shanghai,2026-09-02,30°C,C,30,30,highest-temperature-in-shanghai-on-september-2-2026
shanghai,2026-09-04,31°C,C,31,31,highest-temperature-in-shanghai-on-september-4-2026
shanghai,2026-09-05,30°C,C,30,30,highest-temperature-in-shanghai-on-september-5-2026
shanghai,2026-09-06,30°C,C,30,30,highest-temperature-in-shanghai-on-september-6-2026
shanghai,2026-09-07,30°C,C,30,30,highest-temperature-in-shanghai-on-september-7-2026
shanghai,2026-09-08,30°C,C,30,30,highest-temperature-in-shanghai-on-september-8-2026
shanghai,2026-09-09,28°C,C,28,28,highest-temperature-in-shanghai-on-september-9-2026
shanghai,2026-09-10,30°C,C,30,30,highest-temperature-in-shanghai-on-september-10-2026
shanghai,2026-09-11,27°C,C,27,27,highest-temperature-in-shanghai-on-september-11-2026
shanghai,2026-09-12,28°C,C,28,28,highest-temperature-in-shanghai-on-september-12-2026
shanghai,2026-09-13,29°C,C,29,29,highest-temperature-in-shanghai-on-september-13-2026
shanghai,2026-09-14,29°C,C,29,29,highest-temperature-in-shanghai-on-september-14-2026
shanghai,2026-09-15,28°C,C,28,28,highest-temperature-in-shanghai-on-september-15-2026
shanghai,2026-09-16,28°C,C,28,28,highest-temperature-in-shanghai-on-september-16-2026
shanghai,2026-09-17,29°C,C,29,29,highest-temperature-in-shanghai-on-september-17-2026
shanghai,2026-09-18,29°C,C,29,29,highest-temperature-in-shanghai-on-september-18-2026
shanghai,2026-09-19,27°C,C,27,27,highest-temperature-in-shanghai-on-september-19-2026
shanghai,2026-09-20,28°C,C,28,28,highest-temperature-in-shanghai-on-september-20-2026
shanghai,2026-09-21,29°C,C,29,29,highest-temperature-in-shanghai-on-september-21-2026
shanghai,2026-09-22,28°C,C,28,28,highest-temperature-in-shanghai-on-september-22-2026
shanghai,2026-09-23,29°C,C,29,29,highest-temperature-in-shanghai-on-september-23-2026
shenzhen,2026-07-01,33°C,C,33,33,highest-temperature-in-shenzhen-on-july-1-2026
shenzhen,2026-07-02,33°C,C,33,33,highest-temperature-in-shenzhen-on-july-2-2026
shenzhen,2026-07-03,32°C,C,32,32,highest-temperature-in-shenzhen-on-july-3-2026
shenzhen,2026-07-04,31°C,C,31,31,highest-temperature-in-shenzhen-on-july-4-2026
shenzhen,2026-07-05,32°C,C,32,32,highest-temperature-in-shenzhen-on-july-5-2026
shenzhen,2026-07-06,29°C,C,29,29,highest-temperature-in-shenzhen-on-july-6-2026
shenzhen,2026-07-07,28°C,C,28,28,highest-temperature-in-shenzhen-on-july-7-2026
shenzhen,2026-07-08,31°C,C,31,31,highest-temperature-in-shenzhen-on-july-8-2026
shenzhen,2026-07-09,30°C,C,30,30,highest-temperature-in-shenzhen-on-july-9-2026
shenzhen,2026-07-10,33°C,C,33,33,highest-temperature-in-shenzhen-on-july-10-2026
shenzhen,2026-07-11,34°C,C,34,34,highest-temperature-in-shenzhen-on-july-11-2026
shenzhen,2026-07-12,34°C,C,34,34,highest-temperature-in-shenzhen-on-july-12-2026
shenzhen,2026-07-13,34°C,C,34,34,highest-temperature-in-shenzhen-on-july-13-2026
shenzhen,2026-07-14,29°C,C,29,29,highest-temperature-in-shenzhen-on-july-14-2026
shenzhen,2026-07-15,29°C,C,29,29,highest-temperature-in-shenzhen-on-july-15-2026
shenzhen,2026-07-16,27°C,C,27,27,highest-temperature-in-shenzhen-on-july-16-2026
shenzhen,2026-07-17,29°C,C,29,29,highest-temperature-in-shenzhen-on-july-17-2026
shenzhen,2026-07-18,31°C,C,31,31,highest-temperature-in-shenzhen-on-july-18-2026
shenzhen,2026-07-19,31°C,C,31,31,highest-temperature-in-shenzhen-on-july-19-2026
shenzhen,2026-07-20,29°C,C,29,29,highest-temperature-in-shenzhen-on-july-20-2026
shenzhen,2026-07-21,31°C,C,31,31,highest-temperature-in-shenzhen-on-july-21-2026
shenzhen,2026-07-22,33°C,C,33,33,highest-temperature-in-shenzhen-on-july-22-2026
shenzhen,2026-07-23,33°C,C,33,33,highest-temperature-in-shenzhen-on-july-23-2026
shenzhen,2026-07-24,35°C,C,35,35,highest-temperature-in-shenzhen-on-july-24-2026
shenzhen,2026-07-25,35°C,C,35,35,highest-temperature-in-shenzhen-on-july-25-2026
shenzhen,2026-07-26,29°C,C,29,29,highest-temperature-in-shenzhen-on-july-26-2026
shenzhen,2026-07-27,31°C,C,31,31,highest-temperature-in-shenzhen-on-july-27-2026
shenzhen,2026-07-28,30°C,C,30,30,highest-temperature-in-shenzhen-on-july-28-2026
shenzhen,2026-07-29,28°C,C,28,28,highest-temperature-in-shenzhen-on-july-29-2026
shenzhen,2026-07-30,32°C,C,32,32,highest-temperature-in-shenzhen-on-july-30-2026
shenzhen,2026-07-31,27°C,C,27,27,highest-temperature-in-shenzhen-on-july-31-2026
shenzhen,2026-08-01,31°C,C,31,31,highest-temperature-in-shenzhen-on-august-1-2026
shenzhen,2026-08-02,30°C,C,30,30,highest-temperature-in-shenzhen-on-august-2-2026
shenzhen,2026-08-03,31°C,C,31,31,highest-temperature-in-shenzhen-on-august-3-2026
shenzhen,2026-08-04,31°C,C,31,31,highest-temperature-in-shenzhen-on-august-4-2026
shenzhen,2026-08-05,32°C,C,32,32,highest-temperature-in-shenzhen-on-august-5-2026
shenzhen,2026-08-06,32°C,C,32,32,highest-temperature-in-shenzhen-on-august-6-2026
shenzhen,2026-08-07,35°C,C,35,35,highest-temperature-in-shenzhen-on-august-7-2026
shenzhen,2026-08-08,36°C,C,36,36,highest-temperature-in-shenzhen-on-august-8-2026
shenzhen,2026-08-09,36°C,C,36,36,highest-temperature-in-shenzhen-on-august-9-2026
shenzhen,2026-08-10,36°C,C,36,36,highest-temperature-in-shenzhen-on-august-10-2026
shenzhen,2026-08-11,37°C,C,37,37,highest-temperature-in-shenzhen-on-august-11-2026
shenzhen,2026-08-12,36°C,C,36,36,highest-temperature-in-shenzhen-on-august-12-2026
shenzhen,2026-08-13,36°C,C,36,36,highest-temperature-in-shenzhen-on-august-13-2026
shenzhen,2026-08-14,30°C,C,30,30,highest-temperature-in-shenzhen-on-august-14-2026
shenzhen,2026-08-15,32°C,C,32,32,highest-temperature-in-shenzhen-on-august-15-2026
shenzhen,2026-08-16,35°C,C,35,35,highest-temperature-in-shenzhen-on-august-16-2026
shenzhen,2026-08-17,34°C,C,34,34,highest-temperature-in-shenzhen-on-august-17-2026
shenzhen,2026-08-18,34°C,C,34,34,highest-temperature-in-shenzhen-on-august-18-2026
shenzhen,2026-08-19,35°C,C,35,35,highest-temperature-in-shenzhen-on-august-19-2026
shenzhen,2026-08-20,30°C,C,30,30,highest-temperature-in-shenzhen-on-august-20-2026
shenzhen,2026-08-21,31°C,C,31,31,highest-temperature-in-shenzhen-on-august-21-2026
shenzhen,2026-08-22,32°C,C,32,32,highest-temperature-in-shenzhen-on-august-22-2026
shenzhen,2026-08-23,33°C,C,33,33,highest-temperature-in-shenzhen-on-august-23-2026
shenzhen,2026-08-24,31°C,C,31,31,highest-temperature-in-shenzhen-on-august-24-2026
shenzhen,2026-08-25,32°C,C,32,32,highest-temperature-in-shenzhen-on-august-25-2026
shenzhen,2026-08-26,31°C,C,31,31,highest-temperature-in-shenzhen-on-august-26-2026
shenzhen,2026-08-27,30°C,C,30,30,highest-temperature-in-shenzhen-on-august-27-2026
shenzhen,2026-08-28,31°C,C,31,31,highest-temperature-in-shenzhen-on-august-28-2026
shenzhen,2026-08-29,32°C,C,32,32,highest-temperature-in-shenzhen-on-august-29-2026
shenzhen,2026-08-30,31°C,C,31,31,highest-temperature-in-shenzhen-on-august-30-2026
shenzhen,2026-08-31,30°C,C,30,30,highest-temperature-in-shenzhen-on-august-31-2026
shenzhen,2026-09-01,31°C,C,31,31,highest-temperature-in-shenzhen-on-september-1-2026
shenzhen,2026-09-02,30°C,C,30,30,highest-temperature-in-shenzhen-on-september-2-2026
shenzhen,2026-09-04,30°C,C,30,30,highest-temperature-in-shenzhen-on-september-4-2026
shenzhen,2026-09-05,31°C,C,31,31,highest-temperature-in-shenzhen-on-september-5-2026
shenzhen,2026-09-06,28°C,C,28,28,highest-temperature-in-shenzhen-on-september-6-2026
shenzhen,2026-09-07,31°C,C,31,31,highest-temperature-in-shenzhen-on-september-7-2026
shenzhen,2026-09-08,32°C,C,32,32,highest-temperature-in-shenzhen-on-september-8-2026
shenzhen,2026-09-09,32°C,C,32,32,highest-temperature-in-shenzhen-on-september-9-2026
shenzhen,2026-09-10,33°C,C,33,33,highest-temperature-in-shenzhen-on-september-10-2026
shenzhen,2026-09-11,33°C,C,33,33,highest-temperature-in-shenzhen-on-september-11-2026
shenzhen,2026-09-12,34°C,C,34,34,highest-temperature-in-shenzhen-on-september-12-2026
shenzhen,2026-09-13,32°C,C,32,32,highest-temperature-in-shenzhen-on-september-13-2026
shenzhen,2026-09-14,30°C,C,30,30,highest-temperature-in-shenzhen-on-september-14-2026
shenzhen,2026-09-15,30°C,C,30,30,highest-temperature-in-shenzhen-on-september-15-2026
shenzhen,2026-09-16,30°C,C,30,30,highest-temperature-in-shenzhen-on-september-16-2026
shenzhen,2026-09-17,30°C,C,30,30,highest-temperature-in-shenzhen-on-september-17-2026
shenzhen,2026-09-18,32°C,C,32,32,highest-temperature-in-shenzhen-on-september-18-2026
shenzhen,2026-09-19,32°C,C,32,32,highest-temperature-in-shenzhen-on-september-19-2026
shenzhen,2026-09-20,32°C,C,32,32,highest-temperature-in-shenzhen-on-september-20-2026
shenzhen,2026-09-21,32°C,C,32,32,highest-temperature-in-shenzhen-on-september-21-2026
shenzhen,2026-09-22,31°C,C,31,31,highest-temperature-in-shenzhen-on-september-22-2026
shenzhen,2026-09-23,31°C,C,31,31,highest-temperature-in-shenzhen-on-september-23-2026
singapore,2026-07-01,32°C,C,32,32,highest-temperature-in-singapore-on-july-1-2026
singapore,2026-07-02,30°C,C,30,30,highest-temperature-in-singapore-on-july-2-2026
singapore,2026-07-03,31°C,C,31,31,highest-temperature-in-singapore-on-july-3-2026
singapore,2026-07-04,33°C,C,33,33,highest-temperature-in-singapore-on-july-4-2026
singapore,2026-07-05,33°C,C,33,33,highest-temperature-in-singapore-on-july-5-2026
singapore,2026-07-06,32°C,C,32,32,highest-temperature-in-singapore-on-july-6-2026
singapore,2026-07-07,32°C,C,32,32,highest-temperature-in-singapore-on-july-7-2026
singapore,2026-07-08,31°C,C,31,31,highest-temperature-in-singapore-on-july-8-2026
singapore,2026-07-09,31°C,C,31,31,highest-temperature-in-singapore-on-july-9-2026
singapore,2026-07-10,32°C,C,32,32,highest-temperature-in-singapore-on-july-10-2026
singapore,2026-07-11,31°C,C,31,31,highest-temperature-in-singapore-on-july-11-2026
singapore,2026-07-12,30°C,C,30,30,highest-temperature-in-singapore-on-july-12-2026
singapore,2026-07-13,32°C,C,32,32,highest-temperature-in-singapore-on-july-13-2026
singapore,2026-07-14,32°C,C,32,32,highest-temperature-in-singapore-on-july-14-2026
singapore,2026-07-15,32°C,C,32,32,highest-temperature-in-singapore-on-july-15-2026
singapore,2026-07-16,32°C,C,32,32,highest-temperature-in-singapore-on-july-16-2026
singapore,2026-07-17,30°C,C,30,30,highest-temperature-in-singapore-on-july-17-2026
singapore,2026-07-18,32°C,C,32,32,highest-temperature-in-singapore-on-july-18-2026
singapore,2026-07-19,32°C,C,32,32,highest-temperature-in-singapore-on-july-19-2026
singapore,2026-07-20,32°C,C,32,32,highest-temperature-in-singapore-on-july-20-2026
singapore,2026-07-21,31°C,C,31,31,highest-temperature-in-singapore-on-july-21-2026
singapore,2026-07-22,30°C,C,30,30,highest-temperature-in-singapore-on-july-22-2026
singapore,2026-07-23,30°C,C,30,30,highest-temperature-in-singapore-on-july-23-2026
singapore,2026-07-24,32°C,C,32,32,highest-temperature-in-singapore-on-july-24-2026
singapore,2026-07-25,30°C,C,30,30,highest-temperature-in-singapore-on-july-25-2026
singapore,2026-07-26,30°C,C,30,30,highest-temperature-in-singapore-on-july-26-2026
singapore,2026-07-27,32°C,C,32,32,highest-temperature-in-singapore-on-july-27-2026
singapore,2026-07-28,31°C,C,31,31,highest-temperature-in-singapore-on-july-28-2026
singapore,2026-07-29,32°C,C,32,32,highest-temperature-in-singapore-on-july-29-2026
singapore,2026-07-30,31°C,C,31,31,highest-temperature-in-singapore-on-july-30-2026
singapore,2026-07-31,32°C,C,32,32,highest-temperature-in-singapore-on-july-31-2026
singapore,2026-08-01,33°C,C,33,33,highest-temperature-in-singapore-on-august-1-2026
singapore,2026-08-02,32°C,C,32,32,highest-temperature-in-singapore-on-august-2-2026
singapore,2026-08-03,33°C,C,33,33,highest-temperature-in-singapore-on-august-3-2026
singapore,2026-08-04,32°C,C,32,32,highest-temperature-in-singapore-on-august-4-2026
singapore,2026-08-05,32°C,C,32,32,highest-temperature-in-singapore-on-august-5-2026
singapore,2026-08-06,32°C,C,32,32,highest-temperature-in-singapore-on-august-6-2026
singapore,2026-08-07,33°C,C,33,33,highest-temperature-in-singapore-on-august-7-2026
singapore,2026-08-08,32°C,C,32,32,highest-temperature-in-singapore-on-august-8-2026
singapore,2026-08-09,32°C,C,32,32,highest-temperature-in-singapore-on-august-9-2026
singapore,2026-08-10,32°C,C,32,32,highest-temperature-in-singapore-on-august-10-2026
singapore,2026-08-11,33°C,C,33,33,highest-temperature-in-singapore-on-august-11-2026
singapore,2026-08-12,32°C,C,32,32,highest-temperature-in-singapore-on-august-12-2026
singapore,2026-08-13,32°C,C,32,32,highest-temperature-in-singapore-on-august-13-2026
singapore,2026-08-14,33°C,C,33,33,highest-temperature-in-singapore-on-august-14-2026
singapore,2026-08-15,33°C,C,33,33,highest-temperature-in-singapore-on-august-15-2026
singapore,2026-08-16,32°C,C,32,32,highest-temperature-in-singapore-on-august-16-2026
singapore,2026-08-17,33°C,C,33,33,highest-temperature-in-singapore-on-august-17-2026
singapore,2026-08-18,33°C,C,33,33,highest-temperature-in-singapore-on-august-18-2026
singapore,2026-08-19,33°C,C,33,33,highest-temperature-in-singapore-on-august-19-2026
singapore,2026-08-20,33°C,C,33,33,highest-temperature-in-singapore-on-august-20-2026
singapore,2026-08-21,33°C,C,33,33,highest-temperature-in-singapore-on-august-21-2026
singapore,2026-08-22,33°C,C,33,33,highest-temperature-in-singapore-on-august-22-2026
singapore,2026-08-23,33°C,C,33,33,highest-temperature-in-singapore-on-august-23-2026
singapore,2026-08-24,33°C,C,33,33,highest-temperature-in-singapore-on-august-24-2026
singapore,2026-08-25,33°C,C,33,33,highest-temperature-in-singapore-on-august-25-2026
singapore,2026-08-26,31°C,C,31,31,highest-temperature-in-singapore-on-august-26-2026
singapore,2026-08-27,33°C,C,33,33,highest-temperature-in-singapore-on-august-27-2026
singapore,2026-08-28,33°C,C,33,33,highest-temperature-in-singapore-on-august-28-2026
singapore,2026-08-29,33°C,C,33,33,highest-temperature-in-singapore-on-august-29-2026
singapore,2026-08-30,32°C,C,32,32,highest-temperature-in-singapore-on-august-30-2026
singapore,2026-08-31,30°C,C,30,30,highest-temperature-in-singapore-on-august-31-2026
singapore,2026-09-01,32°C,C,32,32,highest-temperature-in-singapore-on-september-1-2026
singapore,2026-09-02,33°C,C,33,33,highest-temperature-in-singapore-on-september-2-2026
singapore,2026-09-04,33°C,C,33,33,highest-temperature-in-singapore-on-september-4-2026
singapore,2026-09-05,33°C,C,33,33,highest-temperature-in-singapore-on-september-5-2026
singapore,2026-09-06,33°C,C,33,33,highest-temperature-in-singapore-on-september-6-2026
singapore,2026-09-07,33°C,C,33,33,highest-temperature-in-singapore-on-september-7-2026
singapore,2026-09-08,33°C,C,33,33,highest-temperature-in-singapore-on-september-8-2026
singapore,2026-09-09,33°C,C,33,33,highest-temperature-in-singapore-on-september-9-2026
singapore,2026-09-10,32°C,C,32,32,highest-temperature-in-singapore-on-september-10-2026
singapore,2026-09-11,32°C,C,32,32,highest-temperature-in-singapore-on-september-11-2026
singapore,2026-09-12,32°C,C,32,32,highest-temperature-in-singapore-on-september-12-2026
singapore,2026-09-13,33°C,C,33,33,highest-temperature-in-singapore-on-september-13-2026
singapore,2026-09-14,33°C,C,33,33,highest-temperature-in-singapore-on-september-14-2026
singapore,2026-09-15,33°C,C,33,33,highest-temperature-in-singapore-on-september-15-2026
singapore,2026-09-16,34°C,C,34,34,highest-temperature-in-singapore-on-september-16-2026
singapore,2026-09-17,33°C,C,33,33,highest-temperature-in-singapore-on-september-17-2026
singapore,2026-09-18,33°C,C,33,33,highest-temperature-in-singapore-on-september-18-2026
singapore,2026-09-19,34°C,C,34,34,highest-temperature-in-singapore-on-september-19-2026
singapore,2026-09-20,31°C,C,31,31,highest-temperature-in-singapore-on-september-20-2026
singapore,2026-09-21,33°C,C,33,33,highest-temperature-in-singapore-on-september-21-2026
singapore,2026-09-22,31°C,C,31,31,highest-temperature-in-singapore-on-september-22-2026
singapore,2026-09-23,32°C,C,32,32,highest-temperature-in-singapore-on-september-23-2026
taipei,2026-07-01,36°C,C,36,36,highest-temperature-in-taipei-on-july-1-2026
taipei,2026-07-02,35°C,C,35,35,highest-temperature-in-taipei-on-july-2-2026
taipei,2026-07-03,36°C,C,36,36,highest-temperature-in-taipei-on-july-3-2026
taipei,2026-07-04,36°C,C,36,36,highest-temperature-in-taipei-on-july-4-2026
taipei,2026-07-05,36°C,C,36,36,highest-temperature-in-taipei-on-july-5-2026
taipei,2026-07-06,35°C,C,35,35,highest-temperature-in-taipei-on-july-6-2026
taipei,2026-07-07,35°C,C,35,35,highest-temperature-in-taipei-on-july-7-2026
taipei,2026-07-08,35°C,C,35,35,highest-temperature-in-taipei-on-july-8-2026
taipei,2026-07-09,35°C,C,35,35,highest-temperature-in-taipei-on-july-9-2026
taipei,2026-07-10,33°C,C,33,33,highest-temperature-in-taipei-on-july-10-2026
taipei,2026-07-11,28°C,C,28,28,highest-temperature-in-taipei-on-july-11-2026
taipei,2026-07-12,37°C,C,37,37,highest-temperature-in-taipei-on-july-12-2026
taipei,2026-07-13,34°C,C,34,34,highest-temperature-in-taipei-on-july-13-2026
taipei,2026-07-14,35°C,C,35,35,highest-temperature-in-taipei-on-july-14-2026
taipei,2026-07-15,36°C,C,36,36,highest-temperature-in-taipei-on-july-15-2026
taipei,2026-07-16,36°C,C,36,36,highest-temperature-in-taipei-on-july-16-2026
taipei,2026-07-17,37°C,C,37,37,highest-temperature-in-taipei-on-july-17-2026
taipei,2026-07-18,36°C,C,36,36,highest-temperature-in-taipei-on-july-18-2026
taipei,2026-07-19,36°C,C,36,36,highest-temperature-in-taipei-on-july-19-2026
taipei,2026-07-20,35°C,C,35,35,highest-temperature-in-taipei-on-july-20-2026
taipei,2026-07-21,34°C,C,34,34,highest-temperature-in-taipei-on-july-21-2026
taipei,2026-07-22,36°C,C,36,36,highest-temperature-in-taipei-on-july-22-2026
taipei,2026-07-23,34°C,C,34,34,highest-temperature-in-taipei-on-july-23-2026
taipei,2026-07-24,36°C,C,36,36,highest-temperature-in-taipei-on-july-24-2026
taipei,2026-07-25,36°C,C,36,36,highest-temperature-in-taipei-on-july-25-2026
taipei,2026-07-26,37°C,C,37,37,highest-temperature-in-taipei-on-july-26-2026
taipei,2026-07-27,35°C,C,35,35,highest-temperature-in-taipei-on-july-27-2026
taipei,2026-07-28,36°C,C,36,36,highest-temperature-in-taipei-on-july-28-2026
taipei,2026-07-29,36°C,C,36,36,highest-temperature-in-taipei-on-july-29-2026
taipei,2026-07-30,35°C,C,35,35,highest-temperature-in-taipei-on-july-30-2026
taipei,2026-07-31,37°C,C,37,37,highest-temperature-in-taipei-on-july-31-2026
taipei,2026-08-01,36°C,C,36,36,highest-temperature-in-taipei-on-august-1-2026
taipei,2026-08-02,36°C,C,36,36,highest-temperature-in-taipei-on-august-2-2026
taipei,2026-08-03,37°C,C,37,37,highest-temperature-in-taipei-on-august-3-2026
taipei,2026-08-04,35°C,C,35,35,highest-temperature-in-taipei-on-august-4-2026
taipei,2026-08-05,37°C,C,37,37,highest-temperature-in-taipei-on-august-5-2026
taipei,2026-08-06,36°C,C,36,36,highest-temperature-in-taipei-on-august-6-2026
taipei,2026-08-07,33°C,C,33,33,highest-temperature-in-taipei-on-august-7-2026
taipei,2026-08-08,32°C or higher,C,32,inf,highest-temperature-in-taipei-on-august-8-2026
taipei,2026-08-09,29°C,C,29,29,highest-temperature-in-taipei-on-august-9-2026
taipei,2026-08-10,36°C,C,36,36,highest-temperature-in-taipei-on-august-10-2026
taipei,2026-08-11,35°C,C,35,35,highest-temperature-in-taipei-on-august-11-2026
taipei,2026-08-12,36°C,C,36,36,highest-temperature-in-taipei-on-august-12-2026
taipei,2026-08-13,36°C,C,36,36,highest-temperature-in-taipei-on-august-13-2026
taipei,2026-08-14,37°C,C,37,37,highest-temperature-in-taipei-on-august-14-2026
taipei,2026-08-15,36°C,C,36,36,highest-temperature-in-taipei-on-august-15-2026
taipei,2026-08-16,36°C,C,36,36,highest-temperature-in-taipei-on-august-16-2026
taipei,2026-08-17,36°C,C,36,36,highest-temperature-in-taipei-on-august-17-2026
taipei,2026-08-18,34°C,C,34,34,highest-temperature-in-taipei-on-august-18-2026
taipei,2026-08-19,32°C,C,32,32,highest-temperature-in-taipei-on-august-19-2026
taipei,2026-08-20,33°C,C,33,33,highest-temperature-in-taipei-on-august-20-2026
taipei,2026-08-21,35°C,C,35,35,highest-temperature-in-taipei-on-august-21-2026
taipei,2026-08-22,35°C,C,35,35,highest-temperature-in-taipei-on-august-22-2026
taipei,2026-08-23,32°C,C,32,32,highest-temperature-in-taipei-on-august-23-2026
taipei,2026-08-24,31°C,C,31,31,highest-temperature-in-taipei-on-august-24-2026
taipei,2026-08-25,30°C,C,30,30,highest-temperature-in-taipei-on-august-25-2026
taipei,2026-08-26,32°C,C,32,32,highest-temperature-in-taipei-on-august-26-2026
taipei,2026-08-27,35°C,C,35,35,highest-temperature-in-taipei-on-august-27-2026
taipei,2026-08-28,37°C,C,37,37,highest-temperature-in-taipei-on-august-28-2026
taipei,2026-08-29,35°C,C,35,35,highest-temperature-in-taipei-on-august-29-2026
taipei,2026-08-30,35°C,C,35,35,highest-temperature-in-taipei-on-august-30-2026
taipei,2026-08-31,34°C,C,34,34,highest-temperature-in-taipei-on-august-31-2026
taipei,2026-09-01,32°C,C,32,32,highest-temperature-in-taipei-on-september-1-2026
taipei,2026-09-02,33°C,C,33,33,highest-temperature-in-taipei-on-september-2-2026
taipei,2026-09-04,27°C,C,27,27,highest-temperature-in-taipei-on-september-4-2026
taipei,2026-09-05,31°C,C,31,31,highest-temperature-in-taipei-on-september-5-2026
taipei,2026-09-06,25°C,C,25,25,highest-temperature-in-taipei-on-september-6-2026
taipei,2026-09-07,31°C,C,31,31,highest-temperature-in-taipei-on-september-7-2026
taipei,2026-09-08,32°C,C,32,32,highest-temperature-in-taipei-on-september-8-2026
taipei,2026-09-09,31°C,C,31,31,highest-temperature-in-taipei-on-september-9-2026
taipei,2026-09-10,31°C,C,31,31,highest-temperature-in-taipei-on-september-10-2026
taipei,2026-09-11,29°C,C,29,29,highest-temperature-in-taipei-on-september-11-2026
taipei,2026-09-12,32°C,C,32,32,highest-temperature-in-taipei-on-september-12-2026
taipei,2026-09-13,34°C,C,34,34,highest-temperature-in-taipei-on-september-13-2026
taipei,2026-09-14,33°C,C,33,33,highest-temperature-in-taipei-on-september-14-2026
taipei,2026-09-15,29°C,C,29,29,highest-temperature-in-taipei-on-september-15-2026
taipei,2026-09-16,30°C,C,30,30,highest-temperature-in-taipei-on-september-16-2026
taipei,2026-09-17,32°C,C,32,32,highest-temperature-in-taipei-on-september-17-2026
taipei,2026-09-18,32°C,C,32,32,highest-temperature-in-taipei-on-september-18-2026
taipei,2026-09-19,34°C,C,34,34,highest-temperature-in-taipei-on-september-19-2026
taipei,2026-09-20,33°C,C,33,33,highest-temperature-in-taipei-on-september-20-2026
taipei,2026-09-21,32°C,C,32,32,highest-temperature-in-taipei-on-september-21-2026
taipei,2026-09-22,33°C,C,33,33,highest-temperature-in-taipei-on-september-22-2026
taipei,2026-09-23,32°C,C,32,32,highest-temperature-in-taipei-on-september-23-2026
tel-aviv,2026-07-01,31°C,C,31,31,highest-temperature-in-tel-aviv-on-july-1-2026
tel-aviv,2026-07-02,31°C,C,31,31,highest-temperature-in-tel-aviv-on-july-2-2026
tel-aviv,2026-07-03,31°C,C,31,31,highest-temperature-in-tel-aviv-on-july-3-2026
tel-aviv,2026-07-04,31°C,C,31,31,highest-temperature-in-tel-aviv-on-july-4-2026
tel-aviv,2026-07-05,31°C,C,31,31,highest-temperature-in-tel-aviv-on-july-5-2026
tel-aviv,2026-07-06,33°C,C,33,33,highest-temperature-in-tel-aviv-on-july-6-2026
tel-aviv,2026-07-07,31°C,C,31,31,highest-temperature-in-tel-aviv-on-july-7-2026
tel-aviv,2026-07-08,30°C,C,30,30,highest-temperature-in-tel-aviv-on-july-8-2026
tel-aviv,2026-07-09,31°C,C,31,31,highest-temperature-in-tel-aviv-on-july-9-2026
tel-aviv,2026-07-10,31°C,C,31,31,highest-temperature-in-tel-aviv-on-july-10-2026
tel-aviv,2026-07-11,32°C,C,32,32,highest-temperature-in-tel-aviv-on-july-11-2026
tel-aviv,2026-07-12,31°C,C,31,31,highest-temperature-in-tel-aviv-on-july-12-2026
tel-aviv,2026-07-13,31°C,C,31,31,highest-temperature-in-tel-aviv-on-july-13-2026
tel-aviv,2026-07-14,32°C,C,32,32,highest-temperature-in-tel-aviv-on-july-14-2026
tel-aviv,2026-07-15,32°C,C,32,32,highest-temperature-in-tel-aviv-on-july-15-2026
tel-aviv,2026-07-16,32°C,C,32,32,highest-temperature-in-tel-aviv-on-july-16-2026
tel-aviv,2026-07-17,32°C,C,32,32,highest-temperature-in-tel-aviv-on-july-17-2026
tel-aviv,2026-07-18,35°C,C,35,35,highest-temperature-in-tel-aviv-on-july-18-2026
tel-aviv,2026-07-19,34°C,C,34,34,highest-temperature-in-tel-aviv-on-july-19-2026
tel-aviv,2026-07-20,33°C,C,33,33,highest-temperature-in-tel-aviv-on-july-20-2026
tel-aviv,2026-07-21,33°C,C,33,33,highest-temperature-in-tel-aviv-on-july-21-2026
tel-aviv,2026-07-22,33°C,C,33,33,highest-temperature-in-tel-aviv-on-july-22-2026
tel-aviv,2026-07-23,33°C,C,33,33,highest-temperature-in-tel-aviv-on-july-23-2026
tel-aviv,2026-07-24,32°C,C,32,32,highest-temperature-in-tel-aviv-on-july-24-2026
tel-aviv,2026-07-25,33°C,C,33,33,highest-temperature-in-tel-aviv-on-july-25-2026
tel-aviv,2026-07-26,31°C,C,31,31,highest-temperature-in-tel-aviv-on-july-26-2026
tel-aviv,2026-07-27,32°C,C,32,32,highest-temperature-in-tel-aviv-on-july-27-2026
tel-aviv,2026-07-28,32°C,C,32,32,highest-temperature-in-tel-aviv-on-july-28-2026
tel-aviv,2026-07-29,33°C,C,33,33,highest-temperature-in-tel-aviv-on-july-29-2026
tel-aviv,2026-07-30,34°C,C,34,34,highest-temperature-in-tel-aviv-on-july-30-2026
tel-aviv,2026-07-31,34°C,C,34,34,highest-temperature-in-tel-aviv-on-july-31-2026
tel-aviv,2026-08-01,34°C,C,34,34,highest-temperature-in-tel-aviv-on-august-1-2026
tel-aviv,2026-08-02,35°C,C,35,35,highest-temperature-in-tel-aviv-on-august-2-2026
tel-aviv,2026-08-03,34°C,C,34,34,highest-temperature-in-tel-aviv-on-august-3-2026
tel-aviv,2026-08-04,32°C,C,32,32,highest-temperature-in-tel-aviv-on-august-4-2026
tel-aviv,2026-08-05,33°C,C,33,33,highest-temperature-in-tel-aviv-on-august-5-2026
tel-aviv,2026-08-06,33°C,C,33,33,highest-temperature-in-tel-aviv-on-august-6-2026
tel-aviv,2026-08-07,32°C,C,32,32,highest-temperature-in-tel-aviv-on-august-7-2026
tel-aviv,2026-08-08,32°C,C,32,32,highest-temperature-in-tel-aviv-on-august-8-2026
tel-aviv,2026-08-09,33°C,C,33,33,highest-temperature-in-tel-aviv-on-august-9-2026
tel-aviv,2026-08-10,34°C,C,34,34,highest-temperature-in-tel-aviv-on-august-10-2026
tel-aviv,2026-08-11,35°C,C,35,35,highest-temperature-in-tel-aviv-on-august-11-2026
tel-aviv,2026-08-12,35°C,C,35,35,highest-temperature-in-tel-aviv-on-august-12-2026
tel-aviv,2026-08-13,34°C,C,34,34,highest-temperature-in-tel-aviv-on-august-13-2026
tel-aviv,2026-08-14,32°C,C,32,32,highest-temperature-in-tel-aviv-on-august-14-2026
tel-aviv,2026-08-15,33°C,C,33,33,highest-temperature-in-tel-aviv-on-august-15-2026
tel-aviv,2026-08-16,33°C,C,33,33,highest-temperature-in-tel-aviv-on-august-16-2026
tel-aviv,2026-08-17,31°C,C,31,31,highest-temperature-in-tel-aviv-on-august-17-2026
tel-aviv,2026-08-18,32°C,C,32,32,highest-temperature-in-tel-aviv-on-august-18-2026
tel-aviv,2026-08-19,32°C,C,32,32,highest-temperature-in-tel-aviv-on-august-19-2026
tel-aviv,2026-08-20,32°C,C,32,32,highest-temperature-in-tel-aviv-on-august-20-2026
tel-aviv,2026-08-21,33°C,C,33,33,highest-temperature-in-tel-aviv-on-august-21-2026
tel-aviv,2026-08-22,33°C,C,33,33,highest-temperature-in-tel-aviv-on-august-22-2026
tel-aviv,2026-08-23,32°C,C,32,32,highest-temperature-in-tel-aviv-on-august-23-2026
tel-aviv,2026-08-24,33°C,C,33,33,highest-temperature-in-tel-aviv-on-august-24-2026
tel-aviv,2026-08-25,33°C,C,33,33,highest-temperature-in-tel-aviv-on-august-25-2026
tel-aviv,2026-08-26,33°C,C,33,33,highest-temperature-in-tel-aviv-on-august-26-2026
tel-aviv,2026-08-27,33°C,C,33,33,highest-temperature-in-tel-aviv-on-august-27-2026
tel-aviv,2026-08-28,33°C,C,33,33,highest-temperature-in-tel-aviv-on-august-28-2026
tel-aviv,2026-08-29,33°C,C,33,33,highest-temperature-in-tel-aviv-on-august-29-2026
tel-aviv,2026-08-30,32°C,C,32,32,highest-temperature-in-tel-aviv-on-august-30-2026
tel-aviv,2026-08-31,32°C,C,32,32,highest-temperature-in-tel-aviv-on-august-31-2026
tel-aviv,2026-09-01,32°C,C,32,32,highest-temperature-in-tel-aviv-on-september-1-2026
tel-aviv,2026-09-02,33°C,C,33,33,highest-temperature-in-tel-aviv-on-september-2-2026
tel-aviv,2026-09-04,32°C,C,32,32,highest-temperature-in-tel-aviv-on-september-4-2026
tel-aviv,2026-09-05,32°C,C,32,32,highest-temperature-in-tel-aviv-on-september-5-2026
tel-aviv,2026-09-06,32°C,C,32,32,highest-temperature-in-tel-aviv-on-september-6-2026
tel-aviv,2026-09-07,32°C,C,32,32,highest-temperature-in-tel-aviv-on-september-7-2026
tel-aviv,2026-09-08,34°C,C,34,34,highest-temperature-in-tel-aviv-on-september-8-2026
tel-aviv,2026-09-09,34°C,C,34,34,highest-temperature-in-tel-aviv-on-september-9-2026
tel-aviv,2026-09-10,33°C,C,33,33,highest-temperature-in-tel-aviv-on-september-10-2026
tel-aviv,2026-09-11,31°C,C,31,31,highest-temperature-in-tel-aviv-on-september-11-2026
tel-aviv,2026-09-12,32°C,C,32,32,highest-temperature-in-tel-aviv-on-september-12-2026
tel-aviv,2026-09-13,32°C,C,32,32,highest-temperature-in-tel-aviv-on-september-13-2026
tel-aviv,2026-09-14,33°C,C,33,33,highest-temperature-in-tel-aviv-on-september-14-2026
tel-aviv,2026-09-15,34°C,C,34,34,highest-temperature-in-tel-aviv-on-september-15-2026
tel-aviv,2026-09-16,33°C,C,33,33,highest-temperature-in-tel-aviv-on-september-16-2026
tel-aviv,2026-09-17,34°C,C,34,34,highest-temperature-in-tel-aviv-on-september-17-2026
tel-aviv,2026-09-18,30°C,C,30,30,highest-temperature-in-tel-aviv-on-september-18-2026
tel-aviv,2026-09-19,30°C,C,30,30,highest-temperature-in-tel-aviv-on-september-19-2026
tel-aviv,2026-09-20,31°C,C,31,31,highest-temperature-in-tel-aviv-on-september-20-2026
tel-aviv,2026-09-21,30°C,C,30,30,highest-temperature-in-tel-aviv-on-september-21-2026
tel-aviv,2026-09-22,30°C,C,30,30,highest-temperature-in-tel-aviv-on-september-22-2026
tel-aviv,2026-09-23,30°C,C,30,30,highest-temperature-in-tel-aviv-on-september-23-2026
tokyo,2026-07-01,27°C,C,27,27,highest-temperature-in-tokyo-on-july-1-2026
tokyo,2026-07-02,24°C,C,24,24,highest-temperature-in-tokyo-on-july-2-2026
tokyo,2026-07-03,26°C,C,26,26,highest-temperature-in-tokyo-on-july-3-2026
tokyo,2026-07-04,28°C,C,28,28,highest-temperature-in-tokyo-on-july-4-2026
tokyo,2026-07-05,26°C,C,26,26,highest-temperature-in-tokyo-on-july-5-2026
tokyo,2026-07-06,26°C,C,26,26,highest-temperature-in-tokyo-on-july-6-2026
tokyo,2026-07-07,24°C,C,24,24,highest-temperature-in-tokyo-on-july-7-2026
tokyo,2026-07-08,28°C,C,28,28,highest-temperature-in-tokyo-on-july-8-2026
tokyo,2026-07-09,30°C,C,30,30,highest-temperature-in-tokyo-on-july-9-2026
tokyo,2026-07-10,30°C,C,30,30,highest-temperature-in-tokyo-on-july-10-2026
tokyo,2026-07-11,30°C,C,30,30,highest-temperature-in-tokyo-on-july-11-2026
tokyo,2026-07-12,29°C,C,29,29,highest-temperature-in-tokyo-on-july-12-2026
tokyo,2026-07-13,28°C,C,28,28,highest-temperature-in-tokyo-on-july-13-2026
tokyo,2026-07-14,34°C,C,34,34,highest-temperature-in-tokyo-on-july-14-2026
tokyo,2026-07-15,33°C,C,33,33,highest-temperature-in-tokyo-on-july-15-2026
tokyo,2026-07-16,33°C,C,33,33,highest-temperature-in-tokyo-on-july-16-2026
tokyo,2026-07-17,32°C,C,32,32,highest-temperature-in-tokyo-on-july-17-2026
tokyo,2026-07-18,29°C,C,29,29,highest-temperature-in-tokyo-on-july-18-2026
tokyo,2026-07-19,32°C,C,32,32,highest-temperature-in-tokyo-on-july-19-2026
tokyo,2026-07-20,35°C,C,35,35,highest-temperature-in-tokyo-on-july-20-2026
tokyo,2026-07-21,34°C,C,34,34,highest-temperature-in-tokyo-on-july-21-2026
tokyo,2026-07-22,34°C,C,34,34,highest-temperature-in-tokyo-on-july-22-2026
tokyo,2026-07-23,35°C,C,35,35,highest-temperature-in-tokyo-on-july-23-2026
tokyo,2026-07-24,34°C,C,34,34,highest-temperature-in-tokyo-on-july-24-2026
tokyo,2026-07-25,36°C or higher,C,36,inf,highest-temperature-in-tokyo-on-july-25-2026
tokyo,2026-07-26,32°C,C,32,32,highest-temperature-in-tokyo-on-july-26-2026
tokyo,2026-07-27,30°C,C,30,30,highest-temperature-in-tokyo-on-july-27-2026
tokyo,2026-07-28,31°C,C,31,31,highest-temperature-in-tokyo-on-july-28-2026
tokyo,2026-07-29,34°C,C,34,34,highest-temperature-in-tokyo-on-july-29-2026
tokyo,2026-07-30,35°C,C,35,35,highest-temperature-in-tokyo-on-july-30-2026
tokyo,2026-07-31,35°C,C,35,35,highest-temperature-in-tokyo-on-july-31-2026
tokyo,2026-08-01,35°C,C,35,35,highest-temperature-in-tokyo-on-august-1-2026
tokyo,2026-08-02,33°C,C,33,33,highest-temperature-in-tokyo-on-august-2-2026
tokyo,2026-08-03,27°C,C,27,27,highest-temperature-in-tokyo-on-august-3-2026
tokyo,2026-08-04,29°C,C,29,29,highest-temperature-in-tokyo-on-august-4-2026
tokyo,2026-08-05,30°C,C,30,30,highest-temperature-in-tokyo-on-august-5-2026
tokyo,2026-08-06,31°C,C,31,31,highest-temperature-in-tokyo-on-august-6-2026
tokyo,2026-08-07,33°C,C,33,33,highest-temperature-in-tokyo-on-august-7-2026
tokyo,2026-08-08,34°C,C,34,34,highest-temperature-in-tokyo-on-august-8-2026
tokyo,2026-08-09,33°C,C,33,33,highest-temperature-in-tokyo-on-august-9-2026
tokyo,2026-08-10,30°C,C,30,30,highest-temperature-in-tokyo-on-august-10-2026
tokyo,2026-08-11,32°C,C,32,32,highest-temperature-in-tokyo-on-august-11-2026
tokyo,2026-08-12,29°C,C,29,29,highest-temperature-in-tokyo-on-august-12-2026
tokyo,2026-08-13,28°C,C,28,28,highest-temperature-in-tokyo-on-august-13-2026
tokyo,2026-08-14,31°C,C,31,31,highest-temperature-in-tokyo-on-august-14-2026
tokyo,2026-08-15,29°C,C,29,29,highest-temperature-in-tokyo-on-august-15-2026
tokyo,2026-08-16,26°C,C,26,26,highest-temperature-in-tokyo-on-august-16-2026
tokyo,2026-08-17,29°C,C,29,29,highest-temperature-in-tokyo-on-august-17-2026
tokyo,2026-08-18,31°C,C,31,31,highest-temperature-in-tokyo-on-august-18-2026
tokyo,2026-08-19,32°C,C,32,32,highest-temperature-in-tokyo-on-august-19-2026
tokyo,2026-08-20,33°C,C,33,33,highest-temperature-in-tokyo-on-august-20-2026
tokyo,2026-08-21,32°C,C,32,32,highest-temperature-in-tokyo-on-august-21-2026
tokyo,2026-08-22,31°C,C,31,31,highest-temperature-in-tokyo-on-august-22-2026
tokyo,2026-08-23,31°C,C,31,31,highest-temperature-in-tokyo-on-august-23-2026
tokyo,2026-08-24,33°C,C,33,33,highest-temperature-in-tokyo-on-august-24-2026
tokyo,2026-08-25,34°C,C,34,34,highest-temperature-in-tokyo-on-august-25-2026
tokyo,2026-08-26,33°C,C,33,33,highest-temperature-in-tokyo-on-august-26-2026
tokyo,2026-08-27,30°C,C,30,30,highest-temperature-in-tokyo-on-august-27-2026
tokyo,2026-08-28,32°C,C,32,32,highest-temperature-in-tokyo-on-august-28-2026
tokyo,2026-08-29,27°C,C,27,27,highest-temperature-in-tokyo-on-august-29-2026
tokyo,2026-08-30,26°C,C,26,26,highest-temperature-in-tokyo-on-august-30-2026
tokyo,2026-08-31,27°C,C,27,27,highest-temperature-in-tokyo-on-august-31-2026
tokyo,2026-09-01,28°C,C,28,28,highest-temperature-in-tokyo-on-september-1-2026
tokyo,2026-09-02,31°C,C,31,31,highest-temperature-in-tokyo-on-september-2-2026
tokyo,2026-09-04,27°C,C,27,27,highest-temperature-in-tokyo-on-september-4-2026
tokyo,2026-09-05,25°C,C,25,25,highest-temperature-in-tokyo-on-september-5-2026
tokyo,2026-09-06,23°C,C,23,23,highest-temperature-in-tokyo-on-september-6-2026
tokyo,2026-09-07,24°C,C,24,24,highest-temperature-in-tokyo-on-september-7-2026
tokyo,2026-09-08,29°C,C,29,29,highest-temperature-in-tokyo-on-september-8-2026
tokyo,2026-09-09,31°C,C,31,31,highest-temperature-in-tokyo-on-september-9-2026
tokyo,2026-09-10,22°C,C,22,22,highest-temperature-in-tokyo-on-september-10-2026
tokyo,2026-09-11,21°C,C,21,21,highest-temperature-in-tokyo-on-september-11-2026
tokyo,2026-09-12,23°C,C,23,23,highest-temperature-in-tokyo-on-september-12-2026
tokyo,2026-09-13,25°C,C,25,25,highest-temperature-in-tokyo-on-september-13-2026
tokyo,2026-09-14,31°C,C,31,31,highest-temperature-in-tokyo-on-september-14-2026
tokyo,2026-09-15,28°C,C,28,28,highest-temperature-in-tokyo-on-september-15-2026
tokyo,2026-09-16,23°C,C,23,23,highest-temperature-in-tokyo-on-september-16-2026
tokyo,2026-09-17,24°C,C,24,24,highest-temperature-in-tokyo-on-september-17-2026
tokyo,2026-09-18,25°C,C,25,25,highest-temperature-in-tokyo-on-september-18-2026
tokyo,2026-09-19,24°C,C,24,24,highest-temperature-in-tokyo-on-september-19-2026
tokyo,2026-09-20,23°C,C,23,23,highest-temperature-in-tokyo-on-september-20-2026
tokyo,2026-09-21,26°C,C,26,26,highest-temperature-in-tokyo-on-september-21-2026
tokyo,2026-09-22,30°C,C,30,30,highest-temperature-in-tokyo-on-september-22-2026
tokyo,2026-09-23,24°C,C,24,24,highest-temperature-in-tokyo-on-september-23-2026
toronto,2026-07-01,36°C,C,36,36,highest-temperature-in-toronto-on-july-1-2026
toronto,2026-07-02,34°C,C,34,34,highest-temperature-in-toronto-on-july-2-2026
toronto,2026-07-03,35°C,C,35,35,highest-temperature-in-toronto-on-july-3-2026
toronto,2026-07-04,27°C or below,C,-inf,27,highest-temperature-in-toronto-on-july-4-2026
toronto,2026-07-05,26°C,C,26,26,highest-temperature-in-toronto-on-july-5-2026
toronto,2026-07-06,26°C,C,26,26,highest-temperature-in-toronto-on-july-6-2026
toronto,2026-07-07,27°C,C,27,27,highest-temperature-in-toronto-on-july-7-2026
toronto,2026-07-08,29°C,C,29,29,highest-temperature-in-toronto-on-july-8-2026
toronto,2026-07-09,29°C,C,29,29,highest-temperature-in-toronto-on-july-9-2026
toronto,2026-07-10,26°C,C,26,26,highest-temperature-in-toronto-on-july-10-2026
toronto,2026-07-11,26°C,C,26,26,highest-temperature-in-toronto-on-july-11-2026
toronto,2026-07-12,27°C,C,27,27,highest-temperature-in-toronto-on-july-12-2026
toronto,2026-07-13,33°C,C,33,33,highest-temperature-in-toronto-on-july-13-2026
toronto,2026-07-14,36°C,C,36,36,highest-temperature-in-toronto-on-july-14-2026
toronto,2026-07-15,28°C or below,C,-inf,28,highest-temperature-in-toronto-on-july-15-2026
toronto,2026-07-16,30°C,C,30,30,highest-temperature-in-toronto-on-july-16-2026
toronto,2026-07-17,26°C,C,26,26,highest-temperature-in-toronto-on-july-17-2026
toronto,2026-07-18,28°C,C,28,28,highest-temperature-in-toronto-on-july-18-2026
toronto,2026-07-19,25°C,C,25,25,highest-temperature-in-toronto-on-july-19-2026
toronto,2026-07-20,27°C,C,27,27,highest-temperature-in-toronto-on-july-20-2026
toronto,2026-07-21,24°C,C,24,24,highest-temperature-in-toronto-on-july-21-2026
toronto,2026-07-22,22°C,C,22,22,highest-temperature-in-toronto-on-july-22-2026
toronto,2026-07-23,26°C,C,26,26,highest-temperature-in-toronto-on-july-23-2026
toronto,2026-07-24,25°C,C,25,25,highest-temperature-in-toronto-on-july-24-2026
toronto,2026-07-25,26°C,C,26,26,highest-temperature-in-toronto-on-july-25-2026
toronto,2026-07-26,27°C,C,27,27,highest-temperature-in-toronto-on-july-26-2026
toronto,2026-07-27,29°C,C,29,29,highest-temperature-in-toronto-on-july-27-2026
toronto,2026-07-28,27°C,C,27,27,highest-temperature-in-toronto-on-july-28-2026
toronto,2026-07-29,27°C,C,27,27,highest-temperature-in-toronto-on-july-29-2026
toronto,2026-07-30,28°C,C,28,28,highest-temperature-in-toronto-on-july-30-2026
toronto,2026-07-31,30°C,C,30,30,highest-temperature-in-toronto-on-july-31-2026
toronto,2026-08-01,28°C,C,28,28,highest-temperature-in-toronto-on-august-1-2026
toronto,2026-08-02,24°C,C,24,24,highest-temperature-in-toronto-on-august-2-2026
toronto,2026-08-03,27°C,C,27,27,highest-temperature-in-toronto-on-august-3-2026
toronto,2026-08-04,28°C,C,28,28,highest-temperature-in-toronto-on-august-4-2026
toronto,2026-08-05,29°C,C,29,29,highest-temperature-in-toronto-on-august-5-2026
toronto,2026-08-06,29°C,C,29,29,highest-temperature-in-toronto-on-august-6-2026
toronto,2026-08-07,26°C,C,26,26,highest-temperature-in-toronto-on-august-7-2026
toronto,2026-08-08,30°C,C,30,30,highest-temperature-in-toronto-on-august-8-2026
toronto,2026-08-09,27°C,C,27,27,highest-temperature-in-toronto-on-august-9-2026
toronto,2026-08-10,29°C,C,29,29,highest-temperature-in-toronto-on-august-10-2026
toronto,2026-08-11,29°C,C,29,29,highest-temperature-in-toronto-on-august-11-2026
toronto,2026-08-12,27°C,C,27,27,highest-temperature-in-toronto-on-august-12-2026
toronto,2026-08-13,28°C,C,28,28,highest-temperature-in-toronto-on-august-13-2026
toronto,2026-08-14,27°C,C,27,27,highest-temperature-in-toronto-on-august-14-2026
toronto,2026-08-15,24°C,C,24,24,highest-temperature-in-toronto-on-august-15-2026
toronto,2026-08-16,26°C,C,26,26,highest-temperature-in-toronto-on-august-16-2026
toronto,2026-08-17,26°C,C,26,26,highest-temperature-in-toronto-on-august-17-2026
toronto,2026-08-18,27°C,C,27,27,highest-temperature-in-toronto-on-august-18-2026
toronto,2026-08-19,27°C,C,27,27,highest-temperature-in-toronto-on-august-19-2026
toronto,2026-08-20,24°C,C,24,24,highest-temperature-in-toronto-on-august-20-2026
toronto,2026-08-21,25°C,C,25,25,highest-temperature-in-toronto-on-august-21-2026
toronto,2026-08-22,25°C,C,25,25,highest-temperature-in-toronto-on-august-22-2026
toronto,2026-08-23,20°C,C,20,20,highest-temperature-in-toronto-on-august-23-2026
toronto,2026-08-24,22°C,C,22,22,highest-temperature-in-toronto-on-august-24-2026
toronto,2026-08-25,25°C,C,25,25,highest-temperature-in-toronto-on-august-25-2026
toronto,2026-08-26,24°C,C,24,24,highest-temperature-in-toronto-on-august-26-2026
toronto,2026-08-27,26°C,C,26,26,highest-temperature-in-toronto-on-august-27-2026
toronto,2026-08-28,22°C,C,22,22,highest-temperature-in-toronto-on-august-28-2026
toronto,2026-08-29,26°C,C,26,26,highest-temperature-in-toronto-on-august-29-2026
toronto,2026-08-30,22°C,C,22,22,highest-temperature-in-toronto-on-august-30-2026
toronto,2026-08-31,21°C,C,21,21,highest-temperature-in-toronto-on-august-31-2026
toronto,2026-09-01,27°C,C,27,27,highest-temperature-in-toronto-on-september-1-2026
toronto,2026-09-02,28°C,C,28,28,highest-temperature-in-toronto-on-september-2-2026
toronto,2026-09-03,29°C,C,29,29,highest-temperature-in-toronto-on-september-3-2026
toronto,2026-09-04,25°C,C,25,25,highest-temperature-in-toronto-on-september-4-2026
toronto,2026-09-05,24°C,C,24,24,highest-temperature-in-toronto-on-september-5-2026
toronto,2026-09-06,22°C,C,22,22,highest-temperature-in-toronto-on-september-6-2026
toronto,2026-09-07,25°C,C,25,25,highest-temperature-in-toronto-on-september-7-2026
toronto,2026-09-08,25°C,C,25,25,highest-temperature-in-toronto-on-september-8-2026
toronto,2026-09-09,24°C,C,24,24,highest-temperature-in-toronto-on-september-9-2026
toronto,2026-09-10,25°C,C,25,25,highest-temperature-in-toronto-on-september-10-2026
toronto,2026-09-11,23°C,C,23,23,highest-temperature-in-toronto-on-september-11-2026
toronto,2026-09-12,25°C,C,25,25,highest-temperature-in-toronto-on-september-12-2026
toronto,2026-09-13,28°C,C,28,28,highest-temperature-in-toronto-on-september-13-2026
toronto,2026-09-14,19°C,C,19,19,highest-temperature-in-toronto-on-september-14-2026
toronto,2026-09-15,23°C,C,23,23,highest-temperature-in-toronto-on-september-15-2026
toronto,2026-09-16,25°C,C,25,25,highest-temperature-in-toronto-on-september-16-2026
toronto,2026-09-17,24°C,C,24,24,highest-temperature-in-toronto-on-september-17-2026
toronto,2026-09-18,21°C,C,21,21,highest-temperature-in-toronto-on-september-18-2026
toronto,2026-09-19,18°C,C,18,18,highest-temperature-in-toronto-on-september-19-2026
toronto,2026-09-20,21°C,C,21,21,highest-temperature-in-toronto-on-september-20-2026
toronto,2026-09-21,15°C,C,15,15,highest-temperature-in-toronto-on-september-21-2026
toronto,2026-09-22,17°C,C,17,17,highest-temperature-in-toronto-on-september-22-2026
warsaw,2026-07-01,33°C,C,33,33,highest-temperature-in-warsaw-on-july-1-2026
warsaw,2026-07-02,27°C,C,27,27,highest-temperature-in-warsaw-on-july-2-2026
warsaw,2026-07-03,23°C,C,23,23,highest-temperature-in-warsaw-on-july-3-2026
warsaw,2026-07-04,20°C,C,20,20,highest-temperature-in-warsaw-on-july-4-2026
warsaw,2026-07-05,21°C,C,21,21,highest-temperature-in-warsaw-on-july-5-2026
warsaw,2026-07-06,22°C,C,22,22,highest-temperature-in-warsaw-on-july-6-2026
warsaw,2026-07-07,20°C,C,20,20,highest-temperature-in-warsaw-on-july-7-2026
warsaw,2026-07-08,20°C,C,20,20,highest-temperature-in-warsaw-on-july-8-2026
warsaw,2026-07-09,18°C,C,18,18,highest-temperature-in-warsaw-on-july-9-2026
warsaw,2026-07-10,18°C,C,18,18,highest-temperature-in-warsaw-on-july-10-2026
warsaw,2026-07-11,22°C,C,22,22,highest-temperature-in-warsaw-on-july-11-2026
warsaw,2026-07-12,19°C,C,19,19,highest-temperature-in-warsaw-on-july-12-2026
warsaw,2026-07-13,25°C,C,25,25,highest-temperature-in-warsaw-on-july-13-2026
warsaw,2026-07-14,27°C,C,27,27,highest-temperature-in-warsaw-on-july-14-2026
warsaw,2026-07-15,28°C,C,28,28,highest-temperature-in-warsaw-on-july-15-2026
warsaw,2026-07-16,30°C,C,30,30,highest-temperature-in-warsaw-on-july-16-2026
warsaw,2026-07-17,31°C,C,31,31,highest-temperature-in-warsaw-on-july-17-2026
warsaw,2026-07-18,26°C,C,26,26,highest-temperature-in-warsaw-on-july-18-2026
warsaw,2026-07-19,27°C,C,27,27,highest-temperature-in-warsaw-on-july-19-2026
warsaw,2026-07-20,20°C,C,20,20,highest-temperature-in-warsaw-on-july-20-2026
warsaw,2026-07-21,17°C,C,17,17,highest-temperature-in-warsaw-on-july-21-2026
warsaw,2026-07-22,22°C,C,22,22,highest-temperature-in-warsaw-on-july-22-2026
warsaw,2026-07-23,19°C,C,19,19,highest-temperature-in-warsaw-on-july-23-2026
warsaw,2026-07-24,20°C,C,20,20,highest-temperature-in-warsaw-on-july-24-2026
warsaw,2026-07-25,24°C,C,24,24,highest-temperature-in-warsaw-on-july-25-2026
warsaw,2026-07-26,28°C,C,28,28,highest-temperature-in-warsaw-on-july-26-2026
warsaw,2026-07-27,23°C,C,23,23,highest-temperature-in-warsaw-on-july-27-2026
warsaw,2026-07-28,22°C,C,22,22,highest-temperature-in-warsaw-on-july-28-2026
warsaw,2026-07-29,25°C,C,25,25,highest-temperature-in-warsaw-on-july-29-2026
warsaw,2026-07-30,31°C,C,31,31,highest-temperature-in-warsaw-on-july-30-2026
warsaw,2026-07-31,33°C,C,33,33,highest-temperature-in-warsaw-on-july-31-2026
warsaw,2026-08-01,31°C,C,31,31,highest-temperature-in-warsaw-on-august-1-2026
warsaw,2026-08-02,24°C,C,24,24,highest-temperature-in-warsaw-on-august-2-2026
warsaw,2026-08-03,29°C,C,29,29,highest-temperature-in-warsaw-on-august-3-2026
warsaw,2026-08-04,31°C,C,31,31,highest-temperature-in-warsaw-on-august-4-2026
warsaw,2026-08-05,36°C,C,36,36,highest-temperature-in-warsaw-on-august-5-2026
warsaw,2026-08-06,33°C,C,33,33,highest-temperature-in-warsaw-on-august-6-2026
warsaw,2026-08-07,24°C,C,24,24,highest-temperature-in-warsaw-on-august-7-2026
warsaw,2026-08-08,22°C,C,22,22,highest-temperature-in-warsaw-on-august-8-2026
warsaw,2026-08-09,25°C,C,25,25,highest-temperature-in-warsaw-on-august-9-2026
warsaw,2026-08-10,32°C,C,32,32,highest-temperature-in-warsaw-on-august-10-2026
warsaw,2026-08-11,22°C,C,22,22,highest-temperature-in-warsaw-on-august-11-2026
warsaw,2026-08-12,22°C,C,22,22,highest-temperature-in-warsaw-on-august-12-2026
warsaw,2026-08-13,23°C,C,23,23,highest-temperature-in-warsaw-on-august-13-2026
warsaw,2026-08-14,26°C,C,26,26,highest-temperature-in-warsaw-on-august-14-2026
warsaw,2026-08-15,30°C,C,30,30,highest-temperature-in-warsaw-on-august-15-2026
warsaw,2026-08-16,30°C,C,30,30,highest-temperature-in-warsaw-on-august-16-2026
warsaw,2026-08-17,24°C,C,24,24,highest-temperature-in-warsaw-on-august-17-2026
warsaw,2026-08-18,21°C,C,21,21,highest-temperature-in-warsaw-on-august-18-2026
warsaw,2026-08-19,23°C,C,23,23,highest-temperature-in-warsaw-on-august-19-2026
warsaw,2026-08-20,25°C or higher,C,25,inf,highest-temperature-in-warsaw-on-august-20-2026
warsaw,2026-08-21,27°C,C,27,27,highest-temperature-in-warsaw-on-august-21-2026
warsaw,2026-08-22,23°C,C,23,23,highest-temperature-in-warsaw-on-august-22-2026
warsaw,2026-08-23,19°C,C,19,19,highest-temperature-in-warsaw-on-august-23-2026
warsaw,2026-08-24,18°C,C,18,18,highest-temperature-in-warsaw-on-august-24-2026
warsaw,2026-08-25,22°C,C,22,22,highest-temperature-in-warsaw-on-august-25-2026
warsaw,2026-08-26,23°C,C,23,23,highest-temperature-in-warsaw-on-august-26-2026
warsaw,2026-08-27,24°C,C,24,24,highest-temperature-in-warsaw-on-august-27-2026
warsaw,2026-08-28,25°C,C,25,25,highest-temperature-in-warsaw-on-august-28-2026
warsaw,2026-08-29,23°C,C,23,23,highest-temperature-in-warsaw-on-august-29-2026
warsaw,2026-08-30,26°C,C,26,26,highest-temperature-in-warsaw-on-august-30-2026
warsaw,2026-08-31,27°C or higher,C,27,inf,highest-temperature-in-warsaw-on-august-31-2026
warsaw,2026-09-01,21°C,C,21,21,highest-temperature-in-warsaw-on-september-1-2026
warsaw,2026-09-02,22°C,C,22,22,highest-temperature-in-warsaw-on-september-2-2026
warsaw,2026-09-04,22°C,C,22,22,highest-temperature-in-warsaw-on-september-4-2026
warsaw,2026-09-05,21°C,C,21,21,highest-temperature-in-warsaw-on-september-5-2026
warsaw,2026-09-06,18°C,C,18,18,highest-temperature-in-warsaw-on-september-6-2026
warsaw,2026-09-07,21°C,C,21,21,highest-temperature-in-warsaw-on-september-7-2026
warsaw,2026-09-08,27°C,C,27,27,highest-temperature-in-warsaw-on-september-8-2026
warsaw,2026-09-09,30°C,C,30,30,highest-temperature-in-warsaw-on-september-9-2026
warsaw,2026-09-10,20°C,C,20,20,highest-temperature-in-warsaw-on-september-10-2026
warsaw,2026-09-11,17°C,C,17,17,highest-temperature-in-warsaw-on-september-11-2026
warsaw,2026-09-12,19°C,C,19,19,highest-temperature-in-warsaw-on-september-12-2026
warsaw,2026-09-13,20°C,C,20,20,highest-temperature-in-warsaw-on-september-13-2026
warsaw,2026-09-14,19°C,C,19,19,highest-temperature-in-warsaw-on-september-14-2026
warsaw,2026-09-15,20°C,C,20,20,highest-temperature-in-warsaw-on-september-15-2026
warsaw,2026-09-16,24°C,C,24,24,highest-temperature-in-warsaw-on-september-16-2026
warsaw,2026-09-17,18°C,C,18,18,highest-temperature-in-warsaw-on-september-17-2026
warsaw,2026-09-18,21°C,C,21,21,highest-temperature-in-warsaw-on-september-18-2026
warsaw,2026-09-19,22°C,C,22,22,highest-temperature-in-warsaw-on-september-19-2026
warsaw,2026-09-20,22°C,C,22,22,highest-temperature-in-warsaw-on-september-20-2026
warsaw,2026-09-21,14°C,C,14,14,highest-temperature-in-warsaw-on-september-21-2026
warsaw,2026-09-22,17°C,C,17,17,highest-temperature-in-warsaw-on-september-22-2026
wellington,2026-07-01,12°C,C,12,12,highest-temperature-in-wellington-on-july-1-2026
wellington,2026-07-02,13°C,C,13,13,highest-temperature-in-wellington-on-july-2-2026
wellington,2026-07-03,13°C,C,13,13,highest-temperature-in-wellington-on-july-3-2026
wellington,2026-07-04,13°C,C,13,13,highest-temperature-in-wellington-on-july-4-2026
wellington,2026-07-05,14°C,C,14,14,highest-temperature-in-wellington-on-july-5-2026
wellington,2026-07-06,13°C,C,13,13,highest-temperature-in-wellington-on-july-6-2026
wellington,2026-07-07,13°C,C,13,13,highest-temperature-in-wellington-on-july-7-2026
wellington,2026-07-08,13°C,C,13,13,highest-temperature-in-wellington-on-july-8-2026
wellington,2026-07-09,11°C,C,11,11,highest-temperature-in-wellington-on-july-9-2026
wellington,2026-07-10,10°C,C,10,10,highest-temperature-in-wellington-on-july-10-2026
wellington,2026-07-11,10°C,C,10,10,highest-temperature-in-wellington-on-july-11-2026
wellington,2026-07-12,11°C,C,11,11,highest-temperature-in-wellington-on-july-12-2026
wellington,2026-07-13,13°C,C,13,13,highest-temperature-in-wellington-on-july-13-2026
wellington,2026-07-14,15°C,C,15,15,highest-temperature-in-wellington-on-july-14-2026
wellington,2026-07-15,16°C,C,16,16,highest-temperature-in-wellington-on-july-15-2026
wellington,2026-07-16,16°C,C,16,16,highest-temperature-in-wellington-on-july-16-2026
wellington,2026-07-17,15°C,C,15,15,highest-temperature-in-wellington-on-july-17-2026
wellington,2026-07-18,15°C,C,15,15,highest-temperature-in-wellington-on-july-18-2026
wellington,2026-07-19,13°C,C,13,13,highest-temperature-in-wellington-on-july-19-2026
wellington,2026-07-20,12°C,C,12,12,highest-temperature-in-wellington-on-july-20-2026
wellington,2026-07-21,12°C,C,12,12,highest-temperature-in-wellington-on-july-21-2026
wellington,2026-07-22,14°C,C,14,14,highest-temperature-in-wellington-on-july-22-2026
wellington,2026-07-23,14°C,C,14,14,highest-temperature-in-wellington-on-july-23-2026
wellington,2026-07-24,14°C,C,14,14,highest-temperature-in-wellington-on-july-24-2026
wellington,2026-07-25,12°C,C,12,12,highest-temperature-in-wellington-on-july-25-2026
wellington,2026-07-26,10°C,C,10,10,highest-temperature-in-wellington-on-july-26-2026
wellington,2026-07-27,11°C,C,11,11,highest-temperature-in-wellington-on-july-27-2026
wellington,2026-07-28,13°C,C,13,13,highest-temperature-in-wellington-on-july-28-2026
wellington,2026-07-29,12°C,C,12,12,highest-temperature-in-wellington-on-july-29-2026
wellington,2026-07-30,14°C,C,14,14,highest-temperature-in-wellington-on-july-30-2026
wellington,2026-07-31,15°C,C,15,15,highest-temperature-in-wellington-on-july-31-2026
wellington,2026-08-01,11°C,C,11,11,highest-temperature-in-wellington-on-august-1-2026
wellington,2026-08-02,12°C,C,12,12,highest-temperature-in-wellington-on-august-2-2026
wellington,2026-08-03,16°C,C,16,16,highest-temperature-in-wellington-on-august-3-2026
wellington,2026-08-04,10°C,C,10,10,highest-temperature-in-wellington-on-august-4-2026
wellington,2026-08-05,9°C,C,9,9,highest-temperature-in-wellington-on-august-5-2026
wellington,2026-08-06,10°C,C,10,10,highest-temperature-in-wellington-on-august-6-2026
wellington,2026-08-07,12°C,C,12,12,highest-temperature-in-wellington-on-august-7-2026
wellington,2026-08-08,13°C,C,13,13,highest-temperature-in-wellington-on-august-8-2026
wellington,2026-08-09,14°C,C,14,14,highest-temperature-in-wellington-on-august-9-2026
wellington,2026-08-10,15°C,C,15,15,highest-temperature-in-wellington-on-august-10-2026
wellington,2026-08-11,12°C,C,12,12,highest-temperature-in-wellington-on-august-11-2026
wellington,2026-08-12,14°C,C,14,14,highest-temperature-in-wellington-on-august-12-2026
wellington,2026-08-13,15°C,C,15,15,highest-temperature-in-wellington-on-august-13-2026
wellington,2026-08-14,13°C,C,13,13,highest-temperature-in-wellington-on-august-14-2026
wellington,2026-08-15,13°C,C,13,13,highest-temperature-in-wellington-on-august-15-2026
wellington,2026-08-16,10°C,C,10,10,highest-temperature-in-wellington-on-august-16-2026
wellington,2026-08-17,10°C,C,10,10,highest-temperature-in-wellington-on-august-17-2026
wellington,2026-08-18,12°C,C,12,12,highest-temperature-in-wellington-on-august-18-2026
wellington,2026-08-19,11°C,C,11,11,highest-temperature-in-wellington-on-august-19-2026
wellington,2026-08-20,12°C,C,12,12,highest-temperature-in-wellington-on-august-20-2026
wellington,2026-08-21,15°C,C,15,15,highest-temperature-in-wellington-on-august-21-2026
wellington,2026-08-22,16°C,C,16,16,highest-temperature-in-wellington-on-august-22-2026
wellington,2026-08-23,17°C,C,17,17,highest-temperature-in-wellington-on-august-23-2026
wellington,2026-08-24,15°C,C,15,15,highest-temperature-in-wellington-on-august-24-2026
wellington,2026-08-25,17°C,C,17,17,highest-temperature-in-wellington-on-august-25-2026
wellington,2026-08-26,16°C,C,16,16,highest-temperature-in-wellington-on-august-26-2026
wellington,2026-08-27,14°C,C,14,14,highest-temperature-in-wellington-on-august-27-2026
wellington,2026-08-28,16°C,C,16,16,highest-temperature-in-wellington-on-august-28-2026
wellington,2026-08-29,15°C,C,15,15,highest-temperature-in-wellington-on-august-29-2026
wellington,2026-08-30,18°C,C,18,18,highest-temperature-in-wellington-on-august-30-2026
wellington,2026-08-31,17°C,C,17,17,highest-temperature-in-wellington-on-august-31-2026
wellington,2026-09-01,14°C,C,14,14,highest-temperature-in-wellington-on-september-1-2026
wellington,2026-09-02,15°C,C,15,15,highest-temperature-in-wellington-on-september-2-2026
wellington,2026-09-04,18°C,C,18,18,highest-temperature-in-wellington-on-september-4-2026
wellington,2026-09-05,15°C,C,15,15,highest-temperature-in-wellington-on-september-5-2026
wellington,2026-09-06,15°C,C,15,15,highest-temperature-in-wellington-on-september-6-2026
wellington,2026-09-07,10°C,C,10,10,highest-temperature-in-wellington-on-september-7-2026
wellington,2026-09-08,13°C,C,13,13,highest-temperature-in-wellington-on-september-8-2026
wellington,2026-09-09,14°C,C,14,14,highest-temperature-in-wellington-on-september-9-2026
wellington,2026-09-10,13°C,C,13,13,highest-temperature-in-wellington-on-september-10-2026
wellington,2026-09-11,14°C,C,14,14,highest-temperature-in-wellington-on-september-11-2026
wellington,2026-09-12,14°C,C,14,14,highest-temperature-in-wellington-on-september-12-2026
wellington,2026-09-13,16°C,C,16,16,highest-temperature-in-wellington-on-september-13-2026
wellington,2026-09-14,16°C,C,16,16,highest-temperature-in-wellington-on-september-14-2026
wellington,2026-09-15,15°C,C,15,15,highest-temperature-in-wellington-on-september-15-2026
wellington,2026-09-16,15°C,C,15,15,highest-temperature-in-wellington-on-september-16-2026
wellington,2026-09-17,15°C,C,15,15,highest-temperature-in-wellington-on-september-17-2026
wellington,2026-09-18,14°C,C,14,14,highest-temperature-in-wellington-on-september-18-2026
wellington,2026-09-19,15°C,C,15,15,highest-temperature-in-wellington-on-september-19-2026
wellington,2026-09-20,15°C,C,15,15,highest-temperature-in-wellington-on-september-20-2026
wellington,2026-09-21,15°C,C,15,15,highest-temperature-in-wellington-on-september-21-2026
wellington,2026-09-22,14°C,C,14,14,highest-temperature-in-wellington-on-september-22-2026
wellington,2026-09-23,11°C,C,11,11,highest-temperature-in-wellington-on-september-23-2026
wuhan,2026-07-01,31°C,C,31,31,highest-temperature-in-wuhan-on-july-1-2026
wuhan,2026-07-02,31°C,C,31,31,highest-temperature-in-wuhan-on-july-2-2026
wuhan,2026-07-03,26°C,C,26,26,highest-temperature-in-wuhan-on-july-3-2026
wuhan,2026-07-04,27°C,C,27,27,highest-temperature-in-wuhan-on-july-4-2026
wuhan,2026-07-05,31°C,C,31,31,highest-temperature-in-wuhan-on-july-5-2026
wuhan,2026-07-06,29°C,C,29,29,highest-temperature-in-wuhan-on-july-6-2026
wuhan,2026-07-07,32°C,C,32,32,highest-temperature-in-wuhan-on-july-7-2026
wuhan,2026-07-08,35°C,C,35,35,highest-temperature-in-wuhan-on-july-8-2026
wuhan,2026-07-09,35°C,C,35,35,highest-temperature-in-wuhan-on-july-9-2026
wuhan,2026-07-10,37°C,C,37,37,highest-temperature-in-wuhan-on-july-10-2026
wuhan,2026-07-11,38°C,C,38,38,highest-temperature-in-wuhan-on-july-11-2026
wuhan,2026-07-12,34°C,C,34,34,highest-temperature-in-wuhan-on-july-12-2026
wuhan,2026-07-13,37°C,C,37,37,highest-temperature-in-wuhan-on-july-13-2026
wuhan,2026-07-14,39°C,C,39,39,highest-temperature-in-wuhan-on-july-14-2026
wuhan,2026-07-15,37°C,C,37,37,highest-temperature-in-wuhan-on-july-15-2026
wuhan,2026-07-16,37°C,C,37,37,highest-temperature-in-wuhan-on-july-16-2026
wuhan,2026-07-17,35°C,C,35,35,highest-temperature-in-wuhan-on-july-17-2026
wuhan,2026-07-18,31°C,C,31,31,highest-temperature-in-wuhan-on-july-18-2026
wuhan,2026-07-19,33°C,C,33,33,highest-temperature-in-wuhan-on-july-19-2026
wuhan,2026-07-20,33°C,C,33,33,highest-temperature-in-wuhan-on-july-20-2026
wuhan,2026-07-21,35°C,C,35,35,highest-temperature-in-wuhan-on-july-21-2026
wuhan,2026-07-22,29°C,C,29,29,highest-temperature-in-wuhan-on-july-22-2026
wuhan,2026-07-23,33°C,C,33,33,highest-temperature-in-wuhan-on-july-23-2026
wuhan,2026-07-24,35°C,C,35,35,highest-temperature-in-wuhan-on-july-24-2026
wuhan,2026-07-25,36°C,C,36,36,highest-temperature-in-wuhan-on-july-25-2026
wuhan,2026-07-26,36°C,C,36,36,highest-temperature-in-wuhan-on-july-26-2026
wuhan,2026-07-27,32°C,C,32,32,highest-temperature-in-wuhan-on-july-27-2026
wuhan,2026-07-28,33°C,C,33,33,highest-temperature-in-wuhan-on-july-28-2026
wuhan,2026-07-29,33°C,C,33,33,highest-temperature-in-wuhan-on-july-29-2026
wuhan,2026-07-30,34°C,C,34,34,highest-temperature-in-wuhan-on-july-30-2026
wuhan,2026-07-31,35°C,C,35,35,highest-temperature-in-wuhan-on-july-31-2026
wuhan,2026-08-01,36°C,C,36,36,highest-temperature-in-wuhan-on-august-1-2026
wuhan,2026-08-02,37°C,C,37,37,highest-temperature-in-wuhan-on-august-2-2026
wuhan,2026-08-03,37°C,C,37,37,highest-temperature-in-wuhan-on-august-3-2026
wuhan,2026-08-04,38°C,C,38,38,highest-temperature-in-wuhan-on-august-4-2026
wuhan,2026-08-05,37°C,C,37,37,highest-temperature-in-wuhan-on-august-5-2026
wuhan,2026-08-06,36°C,C,36,36,highest-temperature-in-wuhan-on-august-6-2026
wuhan,2026-08-07,37°C,C,37,37,highest-temperature-in-wuhan-on-august-7-2026
wuhan,2026-08-08,37°C,C,37,37,highest-temperature-in-wuhan-on-august-8-2026
wuhan,2026-08-09,33°C,C,33,33,highest-temperature-in-wuhan-on-august-9-2026
wuhan,2026-08-10,29°C,C,29,29,highest-temperature-in-wuhan-on-august-10-2026
wuhan,2026-08-11,29°C,C,29,29,highest-temperature-in-wuhan-on-august-11-2026
wuhan,2026-08-12,28°C,C,28,28,highest-temperature-in-wuhan-on-august-12-2026
wuhan,2026-08-13,26°C,C,26,26,highest-temperature-in-wuhan-on-august-13-2026
wuhan,2026-08-14,30°C,C,30,30,highest-temperature-in-wuhan-on-august-14-2026
wuhan,2026-08-15,28°C,C,28,28,highest-temperature-in-wuhan-on-august-15-2026
wuhan,2026-08-16,32°C,C,32,32,highest-temperature-in-wuhan-on-august-16-2026
wuhan,2026-08-17,34°C,C,34,34,highest-temperature-in-wuhan-on-august-17-2026
wuhan,2026-08-18,35°C,C,35,35,highest-temperature-in-wuhan-on-august-18-2026
wuhan,2026-08-19,36°C,C,36,36,highest-temperature-in-wuhan-on-august-19-2026
wuhan,2026-08-20,36°C,C,36,36,highest-temperature-in-wuhan-on-august-20-2026
wuhan,2026-08-21,35°C,C,35,35,highest-temperature-in-wuhan-on-august-21-2026
wuhan,2026-08-22,36°C,C,36,36,highest-temperature-in-wuhan-on-august-22-2026
wuhan,2026-08-23,35°C,C,35,35,highest-temperature-in-wuhan-on-august-23-2026
wuhan,2026-08-24,37°C or higher,C,37,inf,highest-temperature-in-wuhan-on-august-24-2026
wuhan,2026-08-25,37°C,C,37,37,highest-temperature-in-wuhan-on-august-25-2026
wuhan,2026-08-26,37°C,C,37,37,highest-temperature-in-wuhan-on-august-26-2026
wuhan,2026-08-27,39°C,C,39,39,highest-temperature-in-wuhan-on-august-27-2026
wuhan,2026-08-28,36°C,C,36,36,highest-temperature-in-wuhan-on-august-28-2026
wuhan,2026-08-29,30°C,C,30,30,highest-temperature-in-wuhan-on-august-29-2026
wuhan,2026-08-30,33°C,C,33,33,highest-temperature-in-wuhan-on-august-30-2026
wuhan,2026-08-31,34°C,C,34,34,highest-temperature-in-wuhan-on-august-31-2026
wuhan,2026-09-01,28°C,C,28,28,highest-temperature-in-wuhan-on-september-1-2026
wuhan,2026-09-02,32°C,C,32,32,highest-temperature-in-wuhan-on-september-2-2026
wuhan,2026-09-04,31°C,C,31,31,highest-temperature-in-wuhan-on-september-4-2026
wuhan,2026-09-05,31°C,C,31,31,highest-temperature-in-wuhan-on-september-5-2026
wuhan,2026-09-06,32°C,C,32,32,highest-temperature-in-wuhan-on-september-6-2026
wuhan,2026-09-07,33°C,C,33,33,highest-temperature-in-wuhan-on-september-7-2026
wuhan,2026-09-08,35°C,C,35,35,highest-temperature-in-wuhan-on-september-8-2026
wuhan,2026-09-09,26°C or below,C,-inf,26,highest-temperature-in-wuhan-on-september-9-2026
wuhan,2026-09-10,25°C,C,25,25,highest-temperature-in-wuhan-on-september-10-2026
wuhan,2026-09-11,28°C,C,28,28,highest-temperature-in-wuhan-on-september-11-2026
wuhan,2026-09-12,31°C,C,31,31,highest-temperature-in-wuhan-on-september-12-2026
wuhan,2026-09-13,32°C,C,32,32,highest-temperature-in-wuhan-on-september-13-2026
wuhan,2026-09-14,33°C,C,33,33,highest-temperature-in-wuhan-on-september-14-2026
wuhan,2026-09-15,29°C,C,29,29,highest-temperature-in-wuhan-on-september-15-2026
wuhan,2026-09-16,27°C,C,27,27,highest-temperature-in-wuhan-on-september-16-2026
wuhan,2026-09-17,21°C,C,21,21,highest-temperature-in-wuhan-on-september-17-2026
wuhan,2026-09-18,24°C,C,24,24,highest-temperature-in-wuhan-on-september-18-2026
wuhan,2026-09-19,28°C,C,28,28,highest-temperature-in-wuhan-on-september-19-2026
wuhan,2026-09-20,27°C,C,27,27,highest-temperature-in-wuhan-on-september-20-2026
wuhan,2026-09-21,25°C,C,25,25,highest-temperature-in-wuhan-on-september-21-2026
wuhan,2026-09-22,24°C,C,24,24,highest-temperature-in-wuhan-on-september-22-2026
wuhan,2026-09-23,25°C,C,25,25,highest-temperature-in-wuhan-on-september-23-2026
