city,date,max16_c,full_c,hmax
amsterdam,2026-07-01,23.0,23.0,12
amsterdam,2026-07-02,21.0,21.0,12
amsterdam,2026-07-03,19.0,19.0,9
amsterdam,2026-07-04,23.0,23.0,16
amsterdam,2026-07-05,20.0,20.0,11
amsterdam,2026-07-06,25.0,26.0,17
amsterdam,2026-07-07,23.0,23.0,10
amsterdam,2026-07-08,20.0,22.0,18
amsterdam,2026-07-09,24.0,24.0,14
amsterdam,2026-07-10,26.0,26.0,15
amsterdam,2026-07-11,25.0,25.0,16
amsterdam,2026-07-12,26.0,26.0,13
amsterdam,2026-07-13,25.0,25.0,15
amsterdam,2026-07-14,28.0,28.0,15
amsterdam,2026-07-15,27.0,27.0,14
amsterdam,2026-07-16,24.0,24.0,13
amsterdam,2026-07-17,22.0,22.0,12
amsterdam,2026-07-18,19.0,19.0,8
amsterdam,2026-07-19,20.0,20.0,12
amsterdam,2026-07-20,20.0,20.0,11
amsterdam,2026-07-21,21.0,21.0,15
amsterdam,2026-07-22,20.0,20.0,14
amsterdam,2026-07-23,20.0,20.0,11
amsterdam,2026-07-24,24.0,24.0,16
amsterdam,2026-07-25,25.0,25.0,14
amsterdam,2026-07-26,21.0,22.0,17
amsterdam,2026-07-27,21.0,21.0,15
amsterdam,2026-07-28,27.0,27.0,14
amsterdam,2026-07-29,32.0,32.0,15
amsterdam,2026-07-30,26.0,26.0,11
amsterdam,2026-07-31,24.0,24.0,13
amsterdam,2026-08-01,24.0,24.0,14
amsterdam,2026-08-02,26.0,26.0,14
amsterdam,2026-08-03,31.0,31.0,15
amsterdam,2026-08-04,33.0,33.0,15
amsterdam,2026-08-05,25.0,25.0,13
amsterdam,2026-08-06,21.0,21.0,11
amsterdam,2026-08-07,22.0,22.0,13
amsterdam,2026-08-08,24.0,25.0,17
amsterdam,2026-08-09,30.0,30.0,15
amsterdam,2026-08-10,23.0,23.0,10
amsterdam,2026-08-11,22.0,22.0,15
amsterdam,2026-08-12,28.0,28.0,16
amsterdam,2026-08-13,33.0,33.0,16
amsterdam,2026-08-14,34.0,34.0,13
amsterdam,2026-08-15,23.0,23.0,11
amsterdam,2026-08-16,23.0,23.0,11
amsterdam,2026-08-17,21.0,21.0,16
amsterdam,2026-08-18,21.0,21.0,13
amsterdam,2026-08-19,21.0,21.0,16
amsterdam,2026-08-20,22.0,22.0,16
amsterdam,2026-08-21,20.0,20.0,12
amsterdam,2026-08-22,20.0,20.0,12
amsterdam,2026-08-23,20.0,20.0,13
amsterdam,2026-08-24,21.0,21.0,14
amsterdam,2026-08-25,25.0,25.0,15
amsterdam,2026-08-26,26.0,26.0,16
amsterdam,2026-08-27,27.0,27.0,15
amsterdam,2026-08-28,23.0,23.0,14
amsterdam,2026-08-29,22.0,22.0,13
amsterdam,2026-08-30,21.0,21.0,15
amsterdam,2026-08-31,20.0,20.0,14
amsterdam,2026-09-01,20.0,20.0,12
amsterdam,2026-09-02,22.0,22.0,12
amsterdam,2026-09-04,22.0,22.0,9
amsterdam,2026-09-05,20.0,20.0,13
amsterdam,2026-09-06,22.0,22.0,16
amsterdam,2026-09-07,26.0,26.0,12
amsterdam,2026-09-08,19.0,19.0,0
amsterdam,2026-09-09,18.0,18.0,13
amsterdam,2026-09-10,20.0,20.0,14
amsterdam,2026-09-11,21.0,21.0,15
amsterdam,2026-09-12,21.0,21.0,12
amsterdam,2026-09-13,21.0,21.0,14
amsterdam,2026-09-14,22.0,22.0,14
amsterdam,2026-09-15,24.0,24.0,12
amsterdam,2026-09-16,19.0,19.0,13
amsterdam,2026-09-17,17.0,17.0,10
amsterdam,2026-09-18,18.0,18.0,11
amsterdam,2026-09-19,20.0,20.0,13
amsterdam,2026-09-20,19.0,19.0,0
amsterdam,2026-09-21,19.0,19.0,12
amsterdam,2026-09-22,19.0,19.0,14
ankara,2026-07-01,31.0,31.0,15
ankara,2026-07-02,33.0,33.0,15
ankara,2026-07-03,31.0,31.0,13
ankara,2026-07-04,29.0,29.0,14
ankara,2026-07-05,25.0,25.0,13
ankara,2026-07-06,26.0,26.0,13
ankara,2026-07-07,27.0,27.0,14
ankara,2026-07-08,28.0,28.0,14
ankara,2026-07-09,31.0,31.0,15
ankara,2026-07-10,29.0,29.0,13
ankara,2026-07-11,29.0,29.0,14
ankara,2026-07-12,31.0,32.0,17
ankara,2026-07-13,32.0,32.0,15
ankara,2026-07-14,28.0,28.0,13
ankara,2026-07-15,28.0,28.0,14
ankara,2026-07-16,29.0,30.0,17
ankara,2026-07-17,30.0,30.0,15
ankara,2026-07-18,29.0,29.0,15
ankara,2026-07-19,32.0,32.0,16
ankara,2026-07-20,33.0,33.0,13
ankara,2026-07-21,33.0,33.0,14
ankara,2026-07-22,31.0,31.0,15
ankara,2026-07-23,30.0,30.0,14
ankara,2026-07-24,26.0,26.0,14
ankara,2026-07-25,17.0,17.0,0
ankara,2026-07-26,24.0,24.0,14
ankara,2026-07-27,28.0,28.0,16
ankara,2026-07-28,30.0,30.0,14
ankara,2026-07-29,28.0,28.0,13
ankara,2026-07-30,27.0,27.0,15
ankara,2026-07-31,26.0,26.0,14
ankara,2026-08-01,28.0,28.0,15
ankara,2026-08-02,31.0,31.0,15
ankara,2026-08-03,33.0,33.0,15
ankara,2026-08-04,33.0,33.0,15
ankara,2026-08-05,32.0,32.0,14
ankara,2026-08-06,32.0,32.0,15
ankara,2026-08-07,33.0,33.0,15
ankara,2026-08-08,33.0,33.0,14
ankara,2026-08-09,31.0,31.0,14
ankara,2026-08-10,31.0,31.0,16
ankara,2026-08-11,32.0,32.0,15
ankara,2026-08-12,32.0,32.0,15
ankara,2026-08-13,30.0,30.0,15
ankara,2026-08-14,27.0,27.0,14
ankara,2026-08-15,26.0,26.0,16
ankara,2026-08-16,27.0,27.0,16
ankara,2026-08-17,27.0,27.0,13
ankara,2026-08-18,30.0,30.0,15
ankara,2026-08-19,32.0,32.0,14
ankara,2026-08-20,31.0,31.0,15
ankara,2026-08-21,33.0,33.0,15
ankara,2026-08-22,35.0,35.0,15
ankara,2026-08-23,35.0,35.0,14
ankara,2026-08-24,33.0,33.0,15
ankara,2026-08-25,30.0,30.0,15
ankara,2026-08-26,33.0,33.0,16
ankara,2026-08-27,33.0,33.0,15
ankara,2026-08-28,27.0,27.0,13
ankara,2026-08-29,23.0,23.0,14
ankara,2026-08-30,26.0,26.0,15
ankara,2026-08-31,29.0,29.0,16
ankara,2026-09-01,30.0,30.0,15
ankara,2026-09-02,31.0,31.0,15
ankara,2026-09-04,29.0,29.0,16
ankara,2026-09-05,29.0,29.0,16
ankara,2026-09-06,31.0,32.0,17
ankara,2026-09-07,24.0,24.0,13
ankara,2026-09-08,23.0,23.0,15
ankara,2026-09-09,27.0,27.0,15
ankara,2026-09-10,30.0,30.0,15
ankara,2026-09-11,31.0,31.0,14
ankara,2026-09-12,32.0,32.0,15
ankara,2026-09-13,33.0,33.0,14
ankara,2026-09-14,26.0,26.0,14
ankara,2026-09-15,24.0,24.0,13
ankara,2026-09-16,23.0,23.0,14
ankara,2026-09-17,18.0,18.0,14
ankara,2026-09-18,24.0,24.0,14
ankara,2026-09-19,23.0,23.0,12
ankara,2026-09-20,25.0,25.0,15
ankara,2026-09-21,26.0,26.0,14
ankara,2026-09-22,25.0,25.0,16
ankara,2026-09-23,19.0,19.0,14
atlanta,2026-07-01,35.0,35.0,14
atlanta,2026-07-02,36.67,36.67,16
atlanta,2026-07-03,33.89,33.89,11
atlanta,2026-07-04,32.78,33.89,17
atlanta,2026-07-05,33.89,33.89,13
atlanta,2026-07-06,32.22,32.22,16
atlanta,2026-07-07,33.33,33.33,15
atlanta,2026-07-08,33.89,33.89,14
atlanta,2026-07-09,35.0,35.0,14
atlanta,2026-07-10,33.33,33.33,13
atlanta,2026-07-11,33.33,33.33,14
atlanta,2026-07-12,33.33,33.33,13
atlanta,2026-07-13,26.67,27.78,17
atlanta,2026-07-14,28.89,28.89,13
atlanta,2026-07-15,31.67,31.67,14
atlanta,2026-07-16,33.33,33.33,15
atlanta,2026-07-17,31.67,31.67,13
atlanta,2026-07-18,33.89,33.89,15
atlanta,2026-07-19,32.78,32.78,12
atlanta,2026-07-20,33.89,33.89,14
atlanta,2026-07-21,32.22,32.22,16
atlanta,2026-07-22,31.11,31.11,15
atlanta,2026-07-23,31.67,31.67,15
atlanta,2026-07-24,31.11,31.11,13
atlanta,2026-07-25,31.11,31.11,13
atlanta,2026-07-26,32.78,32.78,15
atlanta,2026-07-27,32.22,32.78,17
atlanta,2026-07-28,34.44,34.44,14
atlanta,2026-07-29,31.11,31.67,17
atlanta,2026-07-30,31.67,31.67,14
atlanta,2026-07-31,32.22,32.22,16
atlanta,2026-08-01,30.0,30.0,16
atlanta,2026-08-02,32.78,32.78,14
atlanta,2026-08-03,30.0,30.0,16
atlanta,2026-08-04,28.89,28.89,10
atlanta,2026-08-05,31.67,31.67,14
atlanta,2026-08-06,31.11,31.11,16
atlanta,2026-08-07,30.56,30.56,16
atlanta,2026-08-08,32.78,32.78,16
atlanta,2026-08-09,32.78,32.78,14
atlanta,2026-08-10,33.33,33.33,14
atlanta,2026-08-11,32.22,32.22,13
atlanta,2026-08-12,33.33,33.33,16
atlanta,2026-08-13,34.44,34.44,13
atlanta,2026-08-14,34.44,34.44,12
atlanta,2026-08-15,35.0,35.0,14
atlanta,2026-08-16,35.0,35.0,13
atlanta,2026-08-17,36.67,36.67,14
atlanta,2026-08-18,33.33,33.33,16
atlanta,2026-08-19,34.44,34.44,16
atlanta,2026-08-20,36.11,36.11,15
atlanta,2026-08-21,34.44,34.44,15
atlanta,2026-08-22,33.89,33.89,14
atlanta,2026-08-23,33.33,33.33,15
atlanta,2026-08-24,32.78,32.78,14
atlanta,2026-08-25,33.33,33.33,14
atlanta,2026-08-26,32.78,32.78,15
atlanta,2026-08-27,30.56,31.11,17
atlanta,2026-08-28,32.78,32.78,14
atlanta,2026-08-29,31.67,31.67,16
atlanta,2026-08-30,31.67,32.22,17
atlanta,2026-08-31,33.89,33.89,16
atlanta,2026-09-01,33.89,33.89,14
atlanta,2026-09-02,35.0,35.0,14
atlanta,2026-09-04,34.44,34.44,16
atlanta,2026-09-05,36.11,36.11,14
atlanta,2026-09-06,34.44,34.44,14
atlanta,2026-09-07,27.78,27.78,13
atlanta,2026-09-08,31.11,31.11,16
atlanta,2026-09-09,31.67,31.67,15
atlanta,2026-09-10,32.22,32.22,15
atlanta,2026-09-11,31.11,31.11,13
atlanta,2026-09-12,28.89,28.89,16
atlanta,2026-09-13,32.22,32.22,16
atlanta,2026-09-14,33.33,33.33,14
atlanta,2026-09-15,32.22,32.22,15
atlanta,2026-09-16,31.11,31.11,15
atlanta,2026-09-17,31.67,31.67,15
atlanta,2026-09-18,33.89,33.89,15
atlanta,2026-09-19,32.78,32.78,15
atlanta,2026-09-20,30.56,31.11,17
atlanta,2026-09-21,32.22,32.22,16
atlanta,2026-09-22,30.0,30.0,15
austin,2026-07-01,35.56,35.56,15
austin,2026-07-02,35.0,35.0,15
austin,2026-07-03,36.11,36.11,15
austin,2026-07-04,35.56,35.56,15
austin,2026-07-05,35.0,35.0,14
austin,2026-07-06,36.67,36.67,16
austin,2026-07-07,36.11,36.11,16
austin,2026-07-08,36.11,36.67,17
austin,2026-07-10,34.44,34.44,13
austin,2026-07-11,32.22,32.22,11
austin,2026-07-12,35.0,35.0,15
austin,2026-07-13,33.89,33.89,15
austin,2026-07-14,26.11,26.11,13
austin,2026-07-15,25.56,26.67,18
austin,2026-07-16,31.67,31.67,13
austin,2026-07-17,34.44,34.44,16
austin,2026-07-18,34.44,34.44,15
austin,2026-07-19,34.44,35.0,17
austin,2026-07-20,36.11,36.11,16
austin,2026-07-21,37.78,37.78,16
austin,2026-07-22,39.44,39.44,14
austin,2026-07-23,36.67,36.67,14
austin,2026-07-24,35.0,35.0,14
austin,2026-07-25,35.0,35.56,17
austin,2026-07-26,35.56,35.56,14
austin,2026-07-27,36.11,36.67,17
austin,2026-07-28,36.11,36.11,15
austin,2026-07-29,36.11,36.67,17
austin,2026-07-30,37.78,37.78,15
austin,2026-07-31,37.22,37.78,17
austin,2026-08-01,35.0,35.0,12
austin,2026-08-02,37.78,37.78,15
austin,2026-08-03,38.89,38.89,16
austin,2026-08-04,38.33,38.33,16
austin,2026-08-05,37.22,37.22,15
austin,2026-08-06,37.78,37.78,15
austin,2026-08-07,37.22,37.22,16
austin,2026-08-08,36.67,36.67,15
austin,2026-08-09,36.67,37.22,17
austin,2026-08-10,36.11,36.11,15
austin,2026-08-11,37.78,37.78,15
austin,2026-08-12,38.33,38.33,16
austin,2026-08-13,38.89,38.89,15
austin,2026-08-14,36.11,36.11,15
austin,2026-08-15,38.89,38.89,16
austin,2026-08-16,38.89,38.89,16
austin,2026-08-17,39.44,39.44,16
austin,2026-08-18,38.33,38.33,16
austin,2026-08-19,37.78,38.89,17
austin,2026-08-20,38.89,39.44,17
austin,2026-08-21,40.0,40.0,16
austin,2026-08-22,40.56,40.56,16
austin,2026-08-23,40.0,40.0,15
austin,2026-08-24,40.0,40.0,16
austin,2026-08-25,38.89,38.89,16
austin,2026-08-26,38.89,38.89,15
austin,2026-08-27,39.44,39.44,14
austin,2026-08-28,38.33,38.33,16
austin,2026-08-29,37.22,37.22,16
austin,2026-08-30,37.22,37.22,16
austin,2026-08-31,37.22,37.22,15
austin,2026-09-01,37.78,37.78,15
austin,2026-09-02,37.78,37.78,16
austin,2026-09-04,35.0,35.0,16
austin,2026-09-05,37.78,37.78,16
austin,2026-09-06,35.56,35.56,14
austin,2026-09-07,38.33,38.33,16
austin,2026-09-08,37.78,37.78,15
austin,2026-09-09,37.22,37.22,15
austin,2026-09-10,37.22,37.78,17
austin,2026-09-11,38.89,38.89,15
austin,2026-09-12,37.78,37.78,15
austin,2026-09-13,37.78,37.78,15
austin,2026-09-14,38.33,38.33,16
austin,2026-09-15,38.89,38.89,15
austin,2026-09-16,37.22,37.22,15
austin,2026-09-17,35.56,35.56,15
austin,2026-09-18,36.11,36.11,15
austin,2026-09-19,36.11,36.11,15
austin,2026-09-20,35.56,35.56,14
austin,2026-09-21,37.22,37.22,16
austin,2026-09-22,37.22,37.22,15
beijing,2026-07-01,31.0,31.0,15
beijing,2026-07-02,34.0,34.0,16
beijing,2026-07-03,35.0,35.0,15
beijing,2026-07-04,33.0,33.0,15
beijing,2026-07-05,34.0,34.0,15
beijing,2026-07-06,33.0,33.0,15
beijing,2026-07-07,33.0,33.0,13
beijing,2026-07-08,32.0,32.0,16
beijing,2026-07-09,34.0,34.0,15
beijing,2026-07-10,27.0,27.0,14
beijing,2026-07-11,29.0,29.0,16
beijing,2026-07-12,29.0,31.0,17
beijing,2026-07-13,34.0,34.0,14
beijing,2026-07-14,33.0,33.0,14
beijing,2026-07-15,38.0,38.0,16
beijing,2026-07-16,34.0,34.0,14
beijing,2026-07-17,31.0,31.0,12
beijing,2026-07-18,31.0,31.0,14
beijing,2026-07-19,33.0,33.0,15
beijing,2026-07-20,29.0,29.0,14
beijing,2026-07-21,31.0,32.0,17
beijing,2026-07-22,27.0,27.0,0
beijing,2026-07-23,28.0,28.0,14
beijing,2026-07-24,32.0,32.0,14
beijing,2026-07-25,31.0,31.0,14
beijing,2026-07-26,33.0,33.0,13
beijing,2026-07-27,34.0,34.0,14
beijing,2026-07-28,35.0,35.0,16
beijing,2026-07-29,35.0,35.0,13
beijing,2026-07-30,35.0,35.0,16
beijing,2026-07-31,36.0,36.0,15
beijing,2026-08-01,36.0,36.0,15
beijing,2026-08-02,35.0,35.0,14
beijing,2026-08-03,36.0,36.0,15
beijing,2026-08-04,35.0,35.0,16
beijing,2026-08-05,37.0,37.0,14
beijing,2026-08-06,36.0,36.0,15
beijing,2026-08-07,36.0,36.0,11
beijing,2026-08-08,31.0,31.0,15
beijing,2026-08-09,30.0,30.0,13
beijing,2026-08-10,32.0,32.0,13
beijing,2026-08-11,32.0,32.0,13
beijing,2026-08-12,27.0,27.0,16
beijing,2026-08-13,30.0,30.0,11
beijing,2026-08-14,32.0,32.0,13
beijing,2026-08-15,29.0,29.0,15
beijing,2026-08-16,28.0,28.0,16
beijing,2026-08-17,32.0,32.0,16
beijing,2026-08-18,32.0,32.0,14
beijing,2026-08-19,32.0,32.0,16
beijing,2026-08-20,32.0,32.0,15
beijing,2026-08-21,34.0,34.0,14
beijing,2026-08-22,30.0,30.0,16
beijing,2026-08-23,33.0,33.0,15
beijing,2026-08-24,33.0,33.0,14
beijing,2026-08-25,30.0,30.0,14
beijing,2026-08-26,28.0,28.0,12
beijing,2026-08-27,29.0,29.0,15
beijing,2026-08-28,24.0,24.0,1
beijing,2026-08-29,31.0,31.0,16
beijing,2026-08-30,34.0,34.0,14
beijing,2026-08-31,31.0,31.0,13
beijing,2026-09-01,30.0,30.0,13
beijing,2026-09-02,30.0,30.0,14
beijing,2026-09-04,32.0,33.0,17
beijing,2026-09-05,33.0,33.0,15
beijing,2026-09-06,31.0,31.0,14
beijing,2026-09-07,29.0,29.0,13
beijing,2026-09-08,25.0,25.0,15
beijing,2026-09-09,27.0,27.0,14
beijing,2026-09-10,31.0,31.0,16
beijing,2026-09-11,32.0,32.0,15
beijing,2026-09-12,28.0,28.0,13
beijing,2026-09-13,30.0,30.0,14
beijing,2026-09-14,26.0,26.0,14
beijing,2026-09-15,28.0,28.0,14
beijing,2026-09-16,30.0,30.0,14
beijing,2026-09-17,31.0,31.0,15
beijing,2026-09-18,28.0,28.0,13
beijing,2026-09-19,28.0,28.0,14
beijing,2026-09-20,29.0,29.0,15
beijing,2026-09-21,30.0,30.0,13
beijing,2026-09-22,30.0,30.0,14
beijing,2026-09-23,31.0,31.0,14
buenos-aires,2026-07-01,15.0,15.0,14
buenos-aires,2026-07-02,9.0,9.0,15
buenos-aires,2026-07-03,10.0,10.0,15
buenos-aires,2026-07-04,10.0,10.0,12
buenos-aires,2026-07-05,9.0,9.0,12
buenos-aires,2026-07-06,11.0,11.0,15
buenos-aires,2026-07-07,18.0,18.0,15
buenos-aires,2026-07-08,18.0,18.0,14
buenos-aires,2026-07-10,14.0,14.0,16
buenos-aires,2026-07-11,12.0,12.0,12
buenos-aires,2026-07-12,12.0,12.0,15
buenos-aires,2026-07-13,9.0,9.0,11
buenos-aires,2026-07-14,15.0,16.0,17
buenos-aires,2026-07-15,18.0,18.0,15
buenos-aires,2026-07-16,24.0,24.0,16
buenos-aires,2026-07-17,24.0,24.0,14
buenos-aires,2026-07-18,19.0,19.0,0
buenos-aires,2026-07-19,13.0,13.0,15
buenos-aires,2026-07-20,15.0,15.0,16
buenos-aires,2026-07-21,13.0,13.0,16
buenos-aires,2026-07-22,15.0,15.0,16
buenos-aires,2026-07-23,16.0,16.0,15
buenos-aires,2026-07-24,17.0,17.0,15
buenos-aires,2026-07-25,18.0,18.0,13
buenos-aires,2026-07-26,20.0,20.0,13
buenos-aires,2026-07-27,18.0,18.0,15
buenos-aires,2026-07-28,17.0,17.0,13
buenos-aires,2026-07-29,17.0,17.0,14
buenos-aires,2026-07-30,17.0,17.0,16
buenos-aires,2026-07-31,23.0,25.0,19
buenos-aires,2026-08-01,19.0,19.0,0
buenos-aires,2026-08-02,18.0,18.0,16
buenos-aires,2026-08-03,17.0,17.0,12
buenos-aires,2026-08-04,16.0,16.0,16
buenos-aires,2026-08-05,16.0,16.0,13
buenos-aires,2026-08-06,14.0,14.0,0
buenos-aires,2026-08-07,14.0,14.0,13
buenos-aires,2026-08-08,13.0,13.0,14
buenos-aires,2026-08-09,13.0,13.0,14
buenos-aires,2026-08-10,13.0,13.0,14
buenos-aires,2026-08-11,12.0,12.0,13
buenos-aires,2026-08-12,12.0,12.0,15
buenos-aires,2026-08-13,10.0,10.0,11
buenos-aires,2026-08-14,13.0,14.0,17
buenos-aires,2026-08-15,16.0,16.0,14
buenos-aires,2026-08-16,18.0,18.0,13
buenos-aires,2026-08-17,15.0,15.0,0
buenos-aires,2026-08-18,11.0,11.0,14
buenos-aires,2026-08-19,17.0,17.0,15
buenos-aires,2026-08-20,19.0,19.0,16
buenos-aires,2026-08-21,13.0,13.0,16
buenos-aires,2026-08-22,14.0,14.0,15
buenos-aires,2026-08-23,12.0,12.0,15
buenos-aires,2026-08-24,13.0,13.0,14
buenos-aires,2026-08-25,14.0,14.0,13
buenos-aires,2026-08-26,17.0,17.0,13
buenos-aires,2026-08-27,16.0,16.0,15
buenos-aires,2026-08-28,21.0,21.0,16
buenos-aires,2026-08-29,21.0,21.0,13
buenos-aires,2026-08-30,22.0,22.0,15
buenos-aires,2026-08-31,19.0,19.0,13
buenos-aires,2026-09-01,21.0,21.0,16
buenos-aires,2026-09-02,24.0,24.0,15
buenos-aires,2026-09-03,18.0,18.0,0
buenos-aires,2026-09-04,18.0,18.0,15
buenos-aires,2026-09-05,13.0,13.0,15
buenos-aires,2026-09-06,12.0,12.0,15
buenos-aires,2026-09-07,13.0,13.0,13
buenos-aires,2026-09-08,19.0,19.0,15
buenos-aires,2026-09-09,20.0,20.0,14
buenos-aires,2026-09-10,21.0,21.0,13
buenos-aires,2026-09-11,19.0,19.0,14
buenos-aires,2026-09-12,12.0,12.0,0
buenos-aires,2026-09-13,13.0,13.0,16
buenos-aires,2026-09-14,16.0,16.0,15
buenos-aires,2026-09-15,19.0,19.0,12
buenos-aires,2026-09-16,14.0,14.0,14
buenos-aires,2026-09-17,26.0,26.0,15
buenos-aires,2026-09-18,24.0,24.0,11
buenos-aires,2026-09-19,25.0,25.0,13
buenos-aires,2026-09-20,25.0,25.0,12
buenos-aires,2026-09-21,16.0,16.0,12
buenos-aires,2026-09-22,14.0,14.0,15
busan,2026-07-01,22.0,22.0,0
busan,2026-07-02,27.0,27.0,16
busan,2026-07-03,28.0,28.0,13
busan,2026-07-04,28.0,28.0,14
busan,2026-07-05,26.0,26.0,10
busan,2026-07-06,30.0,30.0,13
busan,2026-07-07,29.0,29.0,15
busan,2026-07-08,29.0,29.0,12
busan,2026-07-09,30.0,30.0,10
busan,2026-07-10,32.0,32.0,14
busan,2026-07-11,34.0,34.0,13
busan,2026-07-12,33.0,33.0,12
busan,2026-07-13,31.0,31.0,11
busan,2026-07-14,30.0,30.0,10
busan,2026-07-15,33.0,33.0,14
busan,2026-07-16,35.0,35.0,15
busan,2026-07-17,31.0,31.0,10
busan,2026-07-18,30.0,30.0,15
busan,2026-07-19,29.0,29.0,10
busan,2026-07-20,32.0,32.0,16
busan,2026-07-21,32.0,32.0,11
busan,2026-07-22,34.0,34.0,15
busan,2026-07-23,34.0,34.0,13
busan,2026-07-24,35.0,35.0,13
busan,2026-07-25,35.0,35.0,13
busan,2026-07-26,37.0,37.0,12
busan,2026-07-27,35.0,35.0,13
busan,2026-07-28,35.0,35.0,12
busan,2026-07-29,39.0,39.0,16
busan,2026-07-30,38.0,38.0,14
busan,2026-07-31,37.0,37.0,13
busan,2026-08-01,39.0,39.0,13
busan,2026-08-02,39.0,39.0,13
busan,2026-08-03,38.0,38.0,12
busan,2026-08-04,35.0,35.0,11
busan,2026-08-05,35.0,35.0,13
busan,2026-08-06,36.0,36.0,13
busan,2026-08-07,37.0,37.0,13
busan,2026-08-08,36.0,36.0,14
busan,2026-08-09,32.0,32.0,13
busan,2026-08-10,32.0,32.0,13
busan,2026-08-11,31.0,31.0,15
busan,2026-08-12,31.0,31.0,13
busan,2026-08-13,32.0,32.0,12
busan,2026-08-14,32.0,32.0,11
busan,2026-08-15,32.0,32.0,13
busan,2026-08-16,26.0,26.0,0
busan,2026-08-17,25.0,26.0,19
busan,2026-08-18,29.0,29.0,14
busan,2026-08-19,32.0,32.0,14
busan,2026-08-20,33.0,33.0,11
busan,2026-08-21,34.0,34.0,14
busan,2026-08-22,35.0,35.0,14
busan,2026-08-23,35.0,35.0,14
busan,2026-08-24,34.0,34.0,12
busan,2026-08-25,35.0,35.0,12
busan,2026-08-26,34.0,34.0,12
busan,2026-08-27,33.0,33.0,15
busan,2026-08-28,27.0,27.0,0
busan,2026-08-29,32.0,32.0,13
busan,2026-08-30,33.0,33.0,15
busan,2026-08-31,32.0,32.0,13
busan,2026-09-01,32.0,32.0,12
busan,2026-09-02,32.0,32.0,12
busan,2026-09-04,29.0,29.0,15
busan,2026-09-05,29.0,29.0,11
busan,2026-09-06,29.0,29.0,13
busan,2026-09-07,29.0,29.0,13
busan,2026-09-08,30.0,30.0,14
busan,2026-09-09,26.0,26.0,11
busan,2026-09-10,27.0,27.0,13
busan,2026-09-11,29.0,29.0,14
busan,2026-09-12,30.0,30.0,13
busan,2026-09-13,30.0,30.0,13
busan,2026-09-14,31.0,31.0,14
busan,2026-09-15,29.0,29.0,13
busan,2026-09-16,29.0,29.0,13
busan,2026-09-17,28.0,28.0,13
busan,2026-09-18,27.0,27.0,16
busan,2026-09-19,28.0,28.0,14
busan,2026-09-20,28.0,28.0,13
busan,2026-09-21,28.0,28.0,14
busan,2026-09-22,28.0,28.0,12
busan,2026-09-23,28.0,28.0,14
cape-town,2026-07-01,15.0,15.0,11
cape-town,2026-07-02,15.0,15.0,12
cape-town,2026-07-03,17.0,17.0,14
cape-town,2026-07-04,18.0,18.0,12
cape-town,2026-07-05,18.0,18.0,13
cape-town,2026-07-06,19.0,19.0,13
cape-town,2026-07-07,19.0,19.0,13
cape-town,2026-07-08,19.0,19.0,15
cape-town,2026-07-09,16.0,16.0,11
cape-town,2026-07-10,18.0,18.0,13
cape-town,2026-07-11,20.0,20.0,14
cape-town,2026-07-12,20.0,20.0,14
cape-town,2026-07-13,13.0,13.0,15
cape-town,2026-07-14,16.0,16.0,15
cape-town,2026-07-15,17.0,17.0,12
cape-town,2026-07-16,19.0,19.0,13
cape-town,2026-07-17,20.0,20.0,15
cape-town,2026-07-18,16.0,16.0,13
cape-town,2026-07-19,14.0,14.0,11
cape-town,2026-07-20,16.0,16.0,13
cape-town,2026-07-21,18.0,18.0,15
cape-town,2026-07-22,16.0,16.0,15
cape-town,2026-07-23,15.0,15.0,15
cape-town,2026-07-24,18.0,18.0,14
cape-town,2026-07-25,21.0,21.0,15
cape-town,2026-07-26,24.0,24.0,14
cape-town,2026-07-27,17.0,17.0,13
cape-town,2026-07-28,20.0,20.0,13
cape-town,2026-07-29,21.0,21.0,15
cape-town,2026-07-30,21.0,21.0,13
cape-town,2026-07-31,24.0,24.0,14
cape-town,2026-08-01,27.0,27.0,15
cape-town,2026-08-02,23.0,23.0,13
cape-town,2026-08-03,23.0,23.0,15
cape-town,2026-08-04,15.0,15.0,15
cape-town,2026-08-05,16.0,16.0,13
cape-town,2026-08-06,16.0,16.0,15
cape-town,2026-08-07,20.0,20.0,15
cape-town,2026-08-08,17.0,17.0,12
cape-town,2026-08-09,14.0,14.0,12
cape-town,2026-08-10,15.0,15.0,12
cape-town,2026-08-11,20.0,20.0,13
cape-town,2026-08-12,23.0,23.0,16
cape-town,2026-08-13,28.0,28.0,14
cape-town,2026-08-14,16.0,17.0,17
cape-town,2026-08-15,17.0,17.0,14
cape-town,2026-08-16,17.0,17.0,13
cape-town,2026-08-17,17.0,17.0,13
cape-town,2026-08-18,19.0,19.0,13
cape-town,2026-08-19,19.0,19.0,14
cape-town,2026-08-20,18.0,18.0,13
cape-town,2026-08-21,22.0,22.0,14
cape-town,2026-08-22,17.0,17.0,13
cape-town,2026-08-23,19.0,19.0,13
cape-town,2026-08-24,18.0,18.0,13
cape-town,2026-08-25,22.0,22.0,14
cape-town,2026-08-26,25.0,25.0,15
cape-town,2026-08-27,25.0,25.0,11
cape-town,2026-08-28,22.0,22.0,13
cape-town,2026-08-29,16.0,16.0,12
cape-town,2026-08-30,18.0,18.0,14
cape-town,2026-08-31,18.0,18.0,14
cape-town,2026-09-01,20.0,20.0,14
cape-town,2026-09-02,19.0,19.0,12
cape-town,2026-09-04,20.0,20.0,12
cape-town,2026-09-05,25.0,25.0,15
cape-town,2026-09-06,27.0,27.0,15
cape-town,2026-09-07,29.0,29.0,13
cape-town,2026-09-08,29.0,29.0,13
cape-town,2026-09-09,17.0,17.0,13
cape-town,2026-09-10,19.0,19.0,15
cape-town,2026-09-11,24.0,24.0,13
cape-town,2026-09-12,19.0,19.0,16
cape-town,2026-09-13,25.0,25.0,13
cape-town,2026-09-14,18.0,18.0,16
cape-town,2026-09-15,18.0,18.0,12
cape-town,2026-09-16,18.0,18.0,12
cape-town,2026-09-17,19.0,19.0,13
cape-town,2026-09-18,22.0,22.0,15
cape-town,2026-09-19,23.0,23.0,13
cape-town,2026-09-20,26.0,26.0,13
cape-town,2026-09-21,27.0,27.0,15
cape-town,2026-09-22,32.0,32.0,11
chengdu,2026-07-01,32.0,32.0,16
chengdu,2026-07-02,34.0,34.0,14
chengdu,2026-07-03,31.0,31.0,16
chengdu,2026-07-04,34.0,34.0,14
chengdu,2026-07-05,37.0,37.0,16
chengdu,2026-07-06,37.0,37.0,14
chengdu,2026-07-07,36.0,37.0,17
chengdu,2026-07-08,38.0,39.0,17
chengdu,2026-07-09,39.0,39.0,16
chengdu,2026-07-10,36.0,36.0,13
chengdu,2026-07-11,31.0,31.0,14
chengdu,2026-07-12,33.0,33.0,12
chengdu,2026-07-13,38.0,38.0,16
chengdu,2026-07-14,38.0,38.0,14
chengdu,2026-07-15,38.0,38.0,16
chengdu,2026-07-16,38.0,38.0,16
chengdu,2026-07-17,29.0,29.0,16
chengdu,2026-07-18,34.0,34.0,13
chengdu,2026-07-19,37.0,37.0,15
chengdu,2026-07-20,38.0,38.0,16
chengdu,2026-07-21,38.0,38.0,15
chengdu,2026-07-22,39.0,39.0,16
chengdu,2026-07-23,37.0,37.0,14
chengdu,2026-07-24,38.0,39.0,17
chengdu,2026-07-25,40.0,41.0,17
chengdu,2026-07-26,37.0,37.0,14
chengdu,2026-07-27,29.0,30.0,18
chengdu,2026-07-28,32.0,32.0,15
chengdu,2026-07-29,34.0,34.0,16
chengdu,2026-07-30,28.0,28.0,0
chengdu,2026-07-31,26.0,27.0,19
chengdu,2026-08-01,27.0,27.0,14
chengdu,2026-08-02,30.0,30.0,16
chengdu,2026-08-03,34.0,34.0,15
chengdu,2026-08-04,34.0,34.0,15
chengdu,2026-08-05,36.0,36.0,16
chengdu,2026-08-06,29.0,29.0,0
chengdu,2026-08-07,33.0,33.0,16
chengdu,2026-08-08,35.0,35.0,15
chengdu,2026-08-09,34.0,34.0,16
chengdu,2026-08-10,36.0,36.0,16
chengdu,2026-08-11,35.0,35.0,12
chengdu,2026-08-12,38.0,38.0,15
chengdu,2026-08-13,36.0,36.0,16
chengdu,2026-08-14,36.0,37.0,17
chengdu,2026-08-15,37.0,37.0,15
chengdu,2026-08-16,30.0,30.0,11
chengdu,2026-08-17,27.0,27.0,0
chengdu,2026-08-18,23.0,23.0,0
chengdu,2026-08-19,29.0,29.0,16
chengdu,2026-08-20,31.0,31.0,14
chengdu,2026-08-21,32.0,32.0,15
chengdu,2026-08-22,30.0,32.0,18
chengdu,2026-08-23,31.0,32.0,17
chengdu,2026-08-24,37.0,37.0,16
chengdu,2026-08-25,36.0,36.0,14
chengdu,2026-08-26,36.0,36.0,15
chengdu,2026-08-27,36.0,36.0,13
chengdu,2026-08-28,35.0,35.0,13
chengdu,2026-08-29,31.0,31.0,15
chengdu,2026-08-30,33.0,33.0,15
chengdu,2026-08-31,34.0,35.0,17
chengdu,2026-09-01,34.0,34.0,15
chengdu,2026-09-02,33.0,33.0,16
chengdu,2026-09-04,34.0,34.0,14
chengdu,2026-09-05,34.0,34.0,14
chengdu,2026-09-06,34.0,35.0,17
chengdu,2026-09-07,32.0,32.0,16
chengdu,2026-09-08,29.0,29.0,0
chengdu,2026-09-09,27.0,27.0,0
chengdu,2026-09-10,23.0,23.0,14
chengdu,2026-09-11,23.0,23.0,12
chengdu,2026-09-12,22.0,22.0,12
chengdu,2026-09-13,25.0,26.0,17
chengdu,2026-09-14,22.0,22.0,12
chengdu,2026-09-15,21.0,21.0,14
chengdu,2026-09-16,25.0,26.0,17
chengdu,2026-09-17,26.0,26.0,15
chengdu,2026-09-18,24.0,24.0,13
chengdu,2026-09-19,23.0,23.0,14
chengdu,2026-09-20,27.0,27.0,15
chengdu,2026-09-21,29.0,29.0,15
chengdu,2026-09-22,26.0,26.0,15
chengdu,2026-09-23,28.0,28.0,15
chicago,2026-07-01,35.0,35.0,15
chicago,2026-07-02,34.44,34.44,13
chicago,2026-07-03,30.0,30.0,11
chicago,2026-07-04,28.33,28.33,11
chicago,2026-07-05,24.44,24.44,14
chicago,2026-07-06,26.11,26.11,13
chicago,2026-07-07,29.44,29.44,15
chicago,2026-07-08,31.11,31.11,14
chicago,2026-07-09,30.0,30.0,15
chicago,2026-07-10,27.22,27.22,13
chicago,2026-07-11,27.78,27.78,16
chicago,2026-07-12,30.0,30.0,13
chicago,2026-07-13,33.33,33.33,15
chicago,2026-07-14,35.56,35.56,15
chicago,2026-07-15,34.44,34.44,14
chicago,2026-07-16,32.22,32.22,12
chicago,2026-07-17,33.33,33.33,16
chicago,2026-07-18,32.78,32.78,15
chicago,2026-07-19,26.11,26.11,14
chicago,2026-07-20,27.78,27.78,16
chicago,2026-07-21,30.0,30.0,14
chicago,2026-07-22,23.33,23.33,15
chicago,2026-07-23,25.0,25.0,15
chicago,2026-07-24,25.56,25.56,12
chicago,2026-07-25,26.67,26.67,15
chicago,2026-07-26,32.78,32.78,15
chicago,2026-07-27,29.44,29.44,10
chicago,2026-07-28,26.11,26.11,13
chicago,2026-07-29,26.67,26.67,15
chicago,2026-07-30,30.0,30.0,14
chicago,2026-07-31,26.67,26.67,9
chicago,2026-08-01,22.22,22.22,0
chicago,2026-08-02,24.44,24.44,15
chicago,2026-08-03,27.78,27.78,13
chicago,2026-08-04,29.44,29.44,15
chicago,2026-08-05,27.22,27.22,13
chicago,2026-08-06,27.22,27.22,15
chicago,2026-08-07,30.56,30.56,16
chicago,2026-08-08,28.89,28.89,15
chicago,2026-08-09,28.89,28.89,11
chicago,2026-08-10,30.56,30.56,14
chicago,2026-08-11,27.22,27.22,16
chicago,2026-08-12,28.33,28.33,16
chicago,2026-08-13,25.56,25.56,10
chicago,2026-08-14,26.11,26.11,13
chicago,2026-08-15,26.11,26.11,14
chicago,2026-08-16,29.44,29.44,13
chicago,2026-08-17,25.56,26.11,17
chicago,2026-08-18,26.11,26.11,11
chicago,2026-08-19,26.11,26.11,12
chicago,2026-08-20,25.0,25.0,11
chicago,2026-08-21,26.67,26.67,16
chicago,2026-08-22,27.22,27.22,13
chicago,2026-08-23,24.44,24.44,14
chicago,2026-08-24,25.56,25.56,13
chicago,2026-08-25,26.67,26.67,15
chicago,2026-08-26,28.89,28.89,14
chicago,2026-08-27,27.78,27.78,14
chicago,2026-08-28,28.33,28.33,13
chicago,2026-08-29,26.67,26.67,13
chicago,2026-08-30,27.78,27.78,12
chicago,2026-08-31,29.44,29.44,16
chicago,2026-09-01,34.44,34.44,15
chicago,2026-09-02,35.0,35.0,13
chicago,2026-09-04,33.89,33.89,16
chicago,2026-09-05,26.67,26.67,15
chicago,2026-09-06,25.56,25.56,11
chicago,2026-09-07,26.67,26.67,13
chicago,2026-09-08,29.44,29.44,15
chicago,2026-09-09,26.11,26.11,14
chicago,2026-09-10,25.0,25.0,15
chicago,2026-09-11,27.78,27.78,14
chicago,2026-09-12,30.56,30.56,13
chicago,2026-09-13,23.33,23.33,11
chicago,2026-09-14,21.11,21.11,12
chicago,2026-09-15,28.89,28.89,14
chicago,2026-09-16,24.44,24.44,12
chicago,2026-09-17,26.11,26.11,14
chicago,2026-09-18,21.67,21.67,10
chicago,2026-09-19,21.11,21.11,15
chicago,2026-09-20,20.56,20.56,0
chicago,2026-09-21,18.89,18.89,12
chicago,2026-09-22,16.11,16.67,21
chongqing,2026-07-01,31.0,32.0,17
chongqing,2026-07-02,28.0,28.0,11
chongqing,2026-07-03,29.0,29.0,14
chongqing,2026-07-04,34.0,34.0,16
chongqing,2026-07-05,36.0,36.0,15
chongqing,2026-07-06,37.0,37.0,16
chongqing,2026-07-07,37.0,37.0,14
chongqing,2026-07-08,37.0,37.0,15
chongqing,2026-07-09,38.0,38.0,16
chongqing,2026-07-10,38.0,38.0,16
chongqing,2026-07-11,38.0,38.0,16
chongqing,2026-07-12,35.0,35.0,14
chongqing,2026-07-13,38.0,38.0,16
chongqing,2026-07-14,40.0,41.0,17
chongqing,2026-07-15,40.0,40.0,14
chongqing,2026-07-16,40.0,40.0,15
chongqing,2026-07-17,34.0,34.0,0
chongqing,2026-07-18,34.0,34.0,13
chongqing,2026-07-19,35.0,35.0,15
chongqing,2026-07-20,38.0,38.0,15
chongqing,2026-07-21,39.0,39.0,16
chongqing,2026-07-22,40.0,40.0,15
chongqing,2026-07-23,40.0,40.0,14
chongqing,2026-07-24,40.0,40.0,15
chongqing,2026-07-25,39.0,39.0,15
chongqing,2026-07-26,41.0,41.0,16
chongqing,2026-07-27,40.0,40.0,16
chongqing,2026-07-28,36.0,36.0,16
chongqing,2026-07-29,39.0,39.0,16
chongqing,2026-07-30,39.0,39.0,15
chongqing,2026-07-31,38.0,38.0,14
chongqing,2026-08-01,38.0,38.0,15
chongqing,2026-08-02,31.0,31.0,12
chongqing,2026-08-03,24.0,24.0,0
chongqing,2026-08-04,32.0,32.0,15
chongqing,2026-08-05,35.0,35.0,16
chongqing,2026-08-06,35.0,35.0,13
chongqing,2026-08-07,30.0,30.0,13
chongqing,2026-08-08,29.0,30.0,17
chongqing,2026-08-09,31.0,31.0,13
chongqing,2026-08-10,34.0,34.0,14
chongqing,2026-08-11,35.0,35.0,14
chongqing,2026-08-12,36.0,36.0,14
chongqing,2026-08-13,36.0,36.0,15
chongqing,2026-08-14,36.0,36.0,15
chongqing,2026-08-15,36.0,36.0,15
chongqing,2026-08-16,37.0,37.0,15
chongqing,2026-08-17,36.0,36.0,16
chongqing,2026-08-18,34.0,34.0,12
chongqing,2026-08-19,29.0,29.0,16
chongqing,2026-08-20,32.0,33.0,17
chongqing,2026-08-21,34.0,34.0,13
chongqing,2026-08-22,37.0,38.0,17
chongqing,2026-08-23,37.0,37.0,14
chongqing,2026-08-24,37.0,37.0,15
chongqing,2026-08-25,38.0,38.0,14
chongqing,2026-08-26,38.0,38.0,16
chongqing,2026-08-27,38.0,38.0,13
chongqing,2026-08-28,37.0,37.0,16
chongqing,2026-08-29,27.0,27.0,11
chongqing,2026-08-30,30.0,31.0,18
chongqing,2026-08-31,34.0,34.0,15
chongqing,2026-09-01,34.0,34.0,15
chongqing,2026-09-02,33.0,33.0,14
chongqing,2026-09-04,33.0,34.0,17
chongqing,2026-09-05,35.0,35.0,15
chongqing,2026-09-06,36.0,36.0,14
chongqing,2026-09-07,37.0,37.0,16
chongqing,2026-09-08,37.0,37.0,15
chongqing,2026-09-09,36.0,36.0,13
chongqing,2026-09-10,30.0,30.0,0
chongqing,2026-09-11,24.0,24.0,15
chongqing,2026-09-12,29.0,29.0,15
chongqing,2026-09-13,27.0,27.0,12
chongqing,2026-09-14,23.0,23.0,13
chongqing,2026-09-15,21.0,21.0,0
chongqing,2026-09-16,20.0,20.0,0
chongqing,2026-09-17,21.0,21.0,12
chongqing,2026-09-18,22.0,22.0,13
chongqing,2026-09-19,26.0,26.0,15
chongqing,2026-09-20,25.0,25.0,12
chongqing,2026-09-21,23.0,24.0,17
chongqing,2026-09-22,22.0,22.0,12
chongqing,2026-09-23,25.0,26.0,17
dallas,2026-07-01,34.44,35.0,17
dallas,2026-07-02,35.0,35.0,16
dallas,2026-07-03,36.11,36.11,15
dallas,2026-07-04,36.67,36.67,15
dallas,2026-07-05,36.11,36.11,13
dallas,2026-07-06,36.67,36.67,14
dallas,2026-07-07,38.33,38.33,16
dallas,2026-07-08,37.78,38.33,17
dallas,2026-07-09,38.33,38.33,16
dallas,2026-07-10,36.67,36.67,15
dallas,2026-07-11,36.67,36.67,16
dallas,2026-07-12,36.67,36.67,16
dallas,2026-07-13,33.33,33.33,15
dallas,2026-07-14,32.78,32.78,13
dallas,2026-07-15,32.78,32.78,13
dallas,2026-07-16,31.67,31.67,14
dallas,2026-07-17,34.44,34.44,16
dallas,2026-07-18,36.11,36.11,16
dallas,2026-07-19,36.67,36.67,14
dallas,2026-07-20,38.89,38.89,15
dallas,2026-07-21,41.67,41.67,16
dallas,2026-07-22,42.22,42.22,14
dallas,2026-07-23,36.11,36.11,15
dallas,2026-07-24,34.44,34.44,14
dallas,2026-07-25,36.67,36.67,16
dallas,2026-07-26,36.67,36.67,15
dallas,2026-07-27,37.22,37.22,15
dallas,2026-07-28,37.22,37.22,15
dallas,2026-07-29,36.67,36.67,14
dallas,2026-07-30,37.22,37.22,15
dallas,2026-07-31,38.33,38.89,17
dallas,2026-08-01,36.11,36.11,15
dallas,2026-08-02,35.0,35.0,14
dallas,2026-08-03,37.22,37.22,15
dallas,2026-08-04,37.78,37.78,15
dallas,2026-08-05,38.33,38.33,16
dallas,2026-08-06,37.78,37.78,16
dallas,2026-08-07,37.22,37.78,17
dallas,2026-08-08,38.33,38.33,16
dallas,2026-08-09,36.67,36.67,15
dallas,2026-08-10,36.67,36.67,15
dallas,2026-08-11,36.67,37.22,17
dallas,2026-08-12,38.33,38.33,16
dallas,2026-08-13,38.33,38.33,16
dallas,2026-08-14,37.78,37.78,15
dallas,2026-08-15,37.22,37.78,17
dallas,2026-08-16,39.44,39.44,15
dallas,2026-08-17,40.0,40.0,14
dallas,2026-08-18,40.0,40.0,15
dallas,2026-08-19,40.0,40.0,16
dallas,2026-08-20,40.0,40.0,16
dallas,2026-08-21,36.11,36.67,17
dallas,2026-08-22,40.0,40.0,16
dallas,2026-08-23,41.67,42.22,17
dallas,2026-08-24,41.67,41.67,15
dallas,2026-08-25,37.78,37.78,15
dallas,2026-08-26,37.78,37.78,16
dallas,2026-08-27,37.78,37.78,14
dallas,2026-08-28,38.33,38.33,16
dallas,2026-08-29,38.33,38.33,15
dallas,2026-08-30,37.78,37.78,14
dallas,2026-08-31,37.78,37.78,14
dallas,2026-09-01,37.22,37.22,15
dallas,2026-09-02,37.78,37.78,15
dallas,2026-09-04,37.22,37.22,16
dallas,2026-09-05,37.22,37.22,15
dallas,2026-09-06,36.67,36.67,14
dallas,2026-09-07,37.22,37.78,17
dallas,2026-09-08,37.78,37.78,15
dallas,2026-09-09,37.78,37.78,16
dallas,2026-09-10,37.22,37.22,14
dallas,2026-09-11,37.22,37.22,14
dallas,2026-09-12,38.33,38.33,15
dallas,2026-09-13,37.22,37.22,14
dallas,2026-09-14,37.22,37.22,15
dallas,2026-09-15,37.22,37.22,14
dallas,2026-09-16,37.22,37.22,16
dallas,2026-09-17,36.11,36.11,14
dallas,2026-09-18,36.11,36.11,15
dallas,2026-09-19,35.56,35.56,15
dallas,2026-09-20,35.56,35.56,14
dallas,2026-09-21,36.11,36.11,14
dallas,2026-09-22,36.11,36.11,16
denver,2026-07-01,32.0,32.0,16
denver,2026-07-02,31.28,31.28,14
denver,2026-07-03,33.11,33.11,15
denver,2026-07-04,31.39,31.39,16
denver,2026-07-05,34.72,34.72,15
denver,2026-07-06,35.39,35.39,12
denver,2026-07-07,36.0,36.0,12
denver,2026-07-08,33.89,33.89,11
denver,2026-07-09,32.61,32.61,13
denver,2026-07-10,32.39,32.39,14
denver,2026-07-11,35.28,35.28,16
denver,2026-07-12,35.72,35.72,15
denver,2026-07-13,35.89,35.89,14
denver,2026-07-14,35.0,35.0,15
denver,2026-07-15,34.72,34.72,14
denver,2026-07-16,33.89,33.89,15
denver,2026-07-17,33.89,33.89,16
denver,2026-07-18,34.44,34.44,16
denver,2026-07-19,36.5,36.5,15
denver,2026-07-20,37.89,37.89,14
denver,2026-07-21,36.11,36.11,16
denver,2026-07-22,34.44,34.44,14
denver,2026-07-23,29.44,29.44,12
denver,2026-07-24,35.39,35.39,15
denver,2026-07-25,38.61,38.61,13
denver,2026-07-26,38.22,38.22,13
denver,2026-07-27,33.33,33.33,15
denver,2026-07-28,33.5,33.5,13
denver,2026-07-29,32.22,32.22,12
denver,2026-07-30,34.72,34.72,14
denver,2026-07-31,32.22,32.22,15
denver,2026-08-01,33.89,33.89,14
denver,2026-08-02,38.22,38.22,13
denver,2026-08-03,38.33,38.33,14
denver,2026-08-04,23.33,23.33,16
denver,2026-08-05,29.22,29.22,15
denver,2026-08-06,36.28,36.28,15
denver,2026-08-07,35.56,35.56,16
denver,2026-08-08,37.22,37.22,14
denver,2026-08-09,36.67,36.67,12
denver,2026-08-10,35.39,35.39,14
denver,2026-08-11,34.61,34.61,12
denver,2026-08-12,33.72,33.72,13
denver,2026-08-13,26.78,26.78,14
denver,2026-08-14,30.39,30.39,12
denver,2026-08-15,28.5,28.5,12
denver,2026-08-16,28.22,28.22,12
denver,2026-08-17,33.33,33.33,16
denver,2026-08-18,31.11,31.11,14
denver,2026-08-19,32.89,32.89,16
denver,2026-08-20,33.89,33.89,15
denver,2026-08-21,37.78,37.78,15
denver,2026-08-22,33.33,33.33,12
denver,2026-08-23,33.61,33.61,14
denver,2026-08-24,33.61,33.61,13
denver,2026-08-25,28.11,28.11,16
denver,2026-08-26,30.56,30.56,13
denver,2026-08-27,32.78,32.78,14
denver,2026-08-28,33.72,33.72,12
denver,2026-08-29,33.33,33.33,15
denver,2026-08-30,28.61,28.61,13
denver,2026-08-31,30.28,30.28,16
denver,2026-09-01,30.0,30.0,14
denver,2026-09-02,31.67,31.67,14
denver,2026-09-04,34.0,34.0,15
denver,2026-09-05,34.44,34.44,15
denver,2026-09-06,33.33,33.33,14
denver,2026-09-07,32.0,32.0,14
denver,2026-09-08,30.56,30.56,15
denver,2026-09-09,27.78,27.78,16
denver,2026-09-10,31.67,31.67,16
denver,2026-09-11,31.89,31.89,15
denver,2026-09-12,27.22,27.22,15
denver,2026-09-13,34.61,34.61,15
denver,2026-09-14,30.28,30.28,15
denver,2026-09-15,22.5,22.5,15
denver,2026-09-16,31.78,31.78,13
denver,2026-09-17,27.22,27.22,15
denver,2026-09-18,30.0,30.0,14
denver,2026-09-19,24.44,24.44,16
denver,2026-09-20,24.0,24.0,14
denver,2026-09-21,24.22,24.22,14
denver,2026-09-22,28.89,28.89,14
guangzhou,2026-07-01,32.0,34.0,18
guangzhou,2026-07-02,35.0,35.0,14
guangzhou,2026-07-03,34.0,34.0,11
guangzhou,2026-07-04,30.0,30.0,12
guangzhou,2026-07-05,32.0,32.0,11
guangzhou,2026-07-06,32.0,32.0,11
guangzhou,2026-07-07,30.0,30.0,11
guangzhou,2026-07-08,30.0,30.0,10
guangzhou,2026-07-09,32.0,32.0,11
guangzhou,2026-07-10,35.0,35.0,16
guangzhou,2026-07-11,37.0,37.0,15
guangzhou,2026-07-12,38.0,39.0,17
guangzhou,2026-07-13,38.0,38.0,15
guangzhou,2026-07-14,34.0,34.0,13
guangzhou,2026-07-15,30.0,30.0,13
guangzhou,2026-07-16,32.0,32.0,14
guangzhou,2026-07-17,33.0,33.0,13
guangzhou,2026-07-18,31.0,31.0,13
guangzhou,2026-07-19,32.0,32.0,11
guangzhou,2026-07-20,32.0,32.0,10
guangzhou,2026-07-21,31.0,31.0,9
guangzhou,2026-07-22,33.0,33.0,11
guangzhou,2026-07-23,36.0,36.0,15
guangzhou,2026-07-24,36.0,36.0,16
guangzhou,2026-07-25,37.0,37.0,14
guangzhou,2026-07-26,29.0,29.0,1
guangzhou,2026-07-27,32.0,32.0,13
guangzhou,2026-07-28,31.0,31.0,11
guangzhou,2026-07-29,31.0,31.0,12
guangzhou,2026-07-30,31.0,31.0,12
guangzhou,2026-07-31,31.0,32.0,17
guangzhou,2026-08-01,31.0,31.0,12
guangzhou,2026-08-02,29.0,29.0,10
guangzhou,2026-08-03,31.0,31.0,13
guangzhou,2026-08-04,32.0,32.0,13
guangzhou,2026-08-05,35.0,35.0,15
guangzhou,2026-08-06,37.0,37.0,16
guangzhou,2026-08-07,37.0,37.0,15
guangzhou,2026-08-08,37.0,37.0,15
guangzhou,2026-08-09,38.0,38.0,15
guangzhou,2026-08-10,37.0,37.0,15
guangzhou,2026-08-11,37.0,37.0,14
guangzhou,2026-08-12,39.0,39.0,15
guangzhou,2026-08-13,34.0,34.0,13
guangzhou,2026-08-14,32.0,32.0,13
guangzhou,2026-08-15,35.0,35.0,15
guangzhou,2026-08-16,36.0,36.0,14
guangzhou,2026-08-17,34.0,34.0,14
guangzhou,2026-08-18,34.0,34.0,13
guangzhou,2026-08-19,35.0,35.0,14
guangzhou,2026-08-20,35.0,35.0,14
guangzhou,2026-08-21,34.0,34.0,15
guangzhou,2026-08-22,36.0,36.0,15
guangzhou,2026-08-23,33.0,33.0,15
guangzhou,2026-08-24,34.0,34.0,16
guangzhou,2026-08-25,33.0,33.0,14
guangzhou,2026-08-26,30.0,30.0,14
guangzhou,2026-08-27,31.0,31.0,13
guangzhou,2026-08-28,32.0,33.0,17
guangzhou,2026-08-29,36.0,36.0,13
guangzhou,2026-08-30,27.0,27.0,0
guangzhou,2026-08-31,32.0,32.0,13
guangzhou,2026-09-01,31.0,31.0,15
guangzhou,2026-09-02,30.0,30.0,14
guangzhou,2026-09-04,28.0,28.0,14
guangzhou,2026-09-05,35.0,35.0,16
guangzhou,2026-09-06,30.0,30.0,12
guangzhou,2026-09-07,35.0,35.0,16
guangzhou,2026-09-08,35.0,35.0,14
guangzhou,2026-09-09,35.0,35.0,14
guangzhou,2026-09-10,32.0,32.0,15
guangzhou,2026-09-11,32.0,32.0,14
guangzhou,2026-09-12,32.0,32.0,14
guangzhou,2026-09-13,34.0,34.0,14
guangzhou,2026-09-14,34.0,34.0,14
guangzhou,2026-09-15,35.0,35.0,14
guangzhou,2026-09-16,31.0,31.0,13
guangzhou,2026-09-17,35.0,35.0,16
guangzhou,2026-09-18,36.0,36.0,13
guangzhou,2026-09-19,36.0,36.0,15
guangzhou,2026-09-20,37.0,37.0,15
guangzhou,2026-09-21,36.0,36.0,15
guangzhou,2026-09-22,33.0,33.0,11
guangzhou,2026-09-23,34.0,34.0,13
helsinki,2026-07-01,24.0,24.0,12
helsinki,2026-07-02,20.0,20.0,14
helsinki,2026-07-03,18.0,18.0,12
helsinki,2026-07-04,20.0,20.0,16
helsinki,2026-07-05,16.0,16.0,11
helsinki,2026-07-06,17.0,17.0,13
helsinki,2026-07-07,15.0,16.0,17
helsinki,2026-07-08,19.0,19.0,14
helsinki,2026-07-09,18.0,18.0,16
helsinki,2026-07-10,21.0,22.0,18
helsinki,2026-07-11,27.0,27.0,16
helsinki,2026-07-12,27.0,27.0,16
helsinki,2026-07-13,20.0,20.0,0
helsinki,2026-07-14,23.0,23.0,16
helsinki,2026-07-15,26.0,26.0,15
helsinki,2026-07-16,22.0,22.0,10
helsinki,2026-07-17,24.0,24.0,15
helsinki,2026-07-18,26.0,26.0,15
helsinki,2026-07-19,20.0,20.0,0
helsinki,2026-07-20,20.0,20.0,13
helsinki,2026-07-21,13.0,13.0,0
helsinki,2026-07-22,18.0,19.0,17
helsinki,2026-07-23,20.0,20.0,14
helsinki,2026-07-24,20.0,21.0,17
helsinki,2026-07-25,19.0,19.0,14
helsinki,2026-07-26,19.0,19.0,13
helsinki,2026-07-27,20.0,20.0,15
helsinki,2026-07-28,20.0,20.0,12
helsinki,2026-07-29,24.0,24.0,16
helsinki,2026-07-30,23.0,24.0,17
helsinki,2026-07-31,26.0,26.0,12
helsinki,2026-08-01,23.0,23.0,13
helsinki,2026-08-02,22.0,22.0,13
helsinki,2026-08-03,20.0,20.0,10
helsinki,2026-08-04,21.0,21.0,13
helsinki,2026-08-05,21.0,21.0,13
helsinki,2026-08-06,24.0,24.0,14
helsinki,2026-08-07,22.0,22.0,16
helsinki,2026-08-08,20.0,20.0,15
helsinki,2026-08-09,21.0,21.0,11
helsinki,2026-08-10,22.0,22.0,12
helsinki,2026-08-11,18.0,18.0,10
helsinki,2026-08-12,17.0,17.0,12
helsinki,2026-08-13,19.0,19.0,13
helsinki,2026-08-14,20.0,20.0,14
helsinki,2026-08-15,23.0,23.0,14
helsinki,2026-08-16,21.0,21.0,12
helsinki,2026-08-17,22.0,22.0,14
helsinki,2026-08-18,19.0,20.0,17
helsinki,2026-08-19,20.0,20.0,14
helsinki,2026-08-20,18.0,18.0,11
helsinki,2026-08-21,21.0,21.0,14
helsinki,2026-08-22,18.0,18.0,11
helsinki,2026-08-23,15.0,15.0,0
helsinki,2026-08-24,18.0,18.0,14
helsinki,2026-08-25,18.0,19.0,17
helsinki,2026-08-26,21.0,21.0,14
helsinki,2026-08-27,22.0,22.0,14
helsinki,2026-08-28,20.0,20.0,12
helsinki,2026-08-29,19.0,19.0,12
helsinki,2026-08-30,20.0,20.0,16
helsinki,2026-08-31,19.0,19.0,14
helsinki,2026-09-01,20.0,20.0,16
helsinki,2026-09-02,20.0,20.0,15
helsinki,2026-09-04,18.0,18.0,13
helsinki,2026-09-05,17.0,17.0,12
helsinki,2026-09-06,15.0,15.0,13
helsinki,2026-09-07,17.0,17.0,16
helsinki,2026-09-08,17.0,17.0,16
helsinki,2026-09-09,18.0,18.0,11
helsinki,2026-09-10,17.0,17.0,12
helsinki,2026-09-11,17.0,17.0,14
helsinki,2026-09-12,17.0,17.0,13
helsinki,2026-09-13,16.0,16.0,11
helsinki,2026-09-14,17.0,17.0,15
helsinki,2026-09-15,17.0,17.0,14
helsinki,2026-09-16,16.0,16.0,15
helsinki,2026-09-17,17.0,17.0,14
helsinki,2026-09-18,17.0,17.0,16
helsinki,2026-09-19,16.0,16.0,15
helsinki,2026-09-20,17.0,17.0,13
helsinki,2026-09-21,16.0,16.0,13
helsinki,2026-09-22,15.0,15.0,14
helsinki,2026-09-23,11.0,11.0,11
houston,2026-07-01,35.0,35.0,13
houston,2026-07-02,35.0,35.0,12
houston,2026-07-03,35.56,35.56,11
houston,2026-07-04,36.67,36.67,14
houston,2026-07-05,36.67,36.67,15
houston,2026-07-06,36.11,36.11,13
houston,2026-07-07,33.89,33.89,14
houston,2026-07-08,33.33,33.33,12
houston,2026-07-09,33.89,33.89,15
houston,2026-07-10,33.33,33.33,16
houston,2026-07-11,31.67,31.67,14
houston,2026-07-12,33.89,33.89,12
houston,2026-07-13,28.89,28.89,9
houston,2026-07-14,26.67,27.22,17
houston,2026-07-15,30.56,30.56,16
houston,2026-07-16,32.78,32.78,12
houston,2026-07-17,33.33,33.33,14
houston,2026-07-18,33.89,33.89,14
houston,2026-07-19,35.0,35.0,16
houston,2026-07-20,35.0,35.0,15
houston,2026-07-21,36.11,36.11,15
houston,2026-07-22,38.89,38.89,16
houston,2026-07-23,32.22,32.22,0
houston,2026-07-24,33.89,33.89,14
houston,2026-07-25,33.33,33.33,14
houston,2026-07-26,34.44,34.44,14
houston,2026-07-27,34.44,34.44,15
houston,2026-07-28,35.0,35.0,15
houston,2026-07-29,35.0,35.0,13
houston,2026-07-30,35.56,35.56,15
houston,2026-07-31,35.56,35.56,15
houston,2026-08-01,34.44,34.44,13
houston,2026-08-02,36.67,36.67,15
houston,2026-08-03,35.56,35.56,14
houston,2026-08-04,35.0,35.0,13
houston,2026-08-05,35.56,35.56,14
houston,2026-08-06,33.33,33.33,11
houston,2026-08-07,33.89,33.89,13
houston,2026-08-08,33.33,33.33,16
houston,2026-08-09,33.89,33.89,16
houston,2026-08-10,30.0,30.0,12
houston,2026-08-11,33.33,33.33,14
houston,2026-08-12,35.0,35.0,13
houston,2026-08-13,35.0,35.0,14
houston,2026-08-14,33.89,33.89,15
houston,2026-08-15,35.56,35.56,15
houston,2026-08-16,35.0,35.0,15
houston,2026-08-17,35.56,35.56,16
houston,2026-08-18,34.44,34.44,14
houston,2026-08-19,35.56,35.56,16
houston,2026-08-20,36.11,36.11,15
houston,2026-08-21,36.67,36.67,15
houston,2026-08-22,37.78,37.78,15
houston,2026-08-23,36.67,36.67,15
houston,2026-08-24,36.67,36.67,15
houston,2026-08-25,36.11,36.11,15
houston,2026-08-26,36.67,36.67,15
houston,2026-08-27,36.11,36.11,15
houston,2026-08-28,35.0,35.0,12
houston,2026-08-29,35.0,35.0,15
houston,2026-08-30,35.56,35.56,15
houston,2026-08-31,32.22,32.22,15
houston,2026-09-01,30.56,30.56,10
houston,2026-09-02,35.0,35.0,16
houston,2026-09-04,32.78,32.78,16
houston,2026-09-05,32.78,32.78,14
houston,2026-09-06,31.67,31.67,14
houston,2026-09-07,35.0,35.0,14
houston,2026-09-08,33.89,33.89,11
houston,2026-09-09,32.78,32.78,15
houston,2026-09-10,31.67,31.67,11
houston,2026-09-11,34.44,34.44,14
houston,2026-09-12,35.56,35.56,14
houston,2026-09-13,33.89,33.89,14
houston,2026-09-14,34.44,34.44,13
houston,2026-09-15,34.44,34.44,14
houston,2026-09-16,33.89,33.89,13
houston,2026-09-17,30.56,30.56,11
houston,2026-09-18,33.33,33.33,14
houston,2026-09-19,33.33,33.33,14
houston,2026-09-20,33.33,33.33,13
houston,2026-09-21,33.33,33.33,12
houston,2026-09-22,35.56,35.56,16
istanbul,2026-07-01,28.0,28.0,11
istanbul,2026-07-02,28.0,28.0,12
istanbul,2026-07-03,28.0,29.0,17
istanbul,2026-07-04,25.0,25.0,0
istanbul,2026-07-05,27.0,27.0,12
istanbul,2026-07-06,27.0,27.0,14
istanbul,2026-07-07,27.0,27.0,14
istanbul,2026-07-08,30.0,30.0,15
istanbul,2026-07-09,24.0,24.0,1
istanbul,2026-07-10,26.0,26.0,15
istanbul,2026-07-11,28.0,28.0,13
istanbul,2026-07-12,27.0,27.0,14
istanbul,2026-07-13,27.0,27.0,14
istanbul,2026-07-14,25.0,25.0,13
istanbul,2026-07-15,27.0,27.0,10
istanbul,2026-07-16,28.0,28.0,13
istanbul,2026-07-17,28.0,28.0,10
istanbul,2026-07-18,27.0,27.0,9
istanbul,2026-07-19,28.0,28.0,11
istanbul,2026-07-20,27.0,27.0,10
istanbul,2026-07-21,28.0,28.0,11
istanbul,2026-07-22,34.0,34.0,15
istanbul,2026-07-23,24.0,24.0,13
istanbul,2026-07-24,25.0,25.0,11
istanbul,2026-07-25,23.0,23.0,0
istanbul,2026-07-26,28.0,28.0,13
istanbul,2026-07-27,31.0,31.0,13
istanbul,2026-07-28,29.0,29.0,9
istanbul,2026-07-29,27.0,27.0,11
istanbul,2026-07-30,26.0,26.0,11
istanbul,2026-07-31,26.0,26.0,9
istanbul,2026-08-01,27.0,27.0,12
istanbul,2026-08-02,27.0,27.0,12
istanbul,2026-08-03,28.0,28.0,13
istanbul,2026-08-04,31.0,31.0,14
istanbul,2026-08-05,28.0,28.0,11
istanbul,2026-08-06,28.0,28.0,11
istanbul,2026-08-07,28.0,28.0,13
istanbul,2026-08-08,28.0,28.0,9
istanbul,2026-08-09,27.0,27.0,1
istanbul,2026-08-10,28.0,28.0,11
istanbul,2026-08-11,27.0,27.0,15
istanbul,2026-08-12,28.0,28.0,11
istanbul,2026-08-13,27.0,27.0,8
istanbul,2026-08-14,27.0,27.0,11
istanbul,2026-08-15,26.0,26.0,11
istanbul,2026-08-16,26.0,26.0,13
istanbul,2026-08-17,25.0,25.0,10
istanbul,2026-08-18,32.0,32.0,16
istanbul,2026-08-19,27.0,27.0,10
istanbul,2026-08-20,27.0,27.0,12
istanbul,2026-08-21,26.0,26.0,12
istanbul,2026-08-22,27.0,27.0,13
istanbul,2026-08-23,28.0,28.0,10
istanbul,2026-08-24,28.0,28.0,14
istanbul,2026-08-25,28.0,28.0,11
istanbul,2026-08-26,27.0,27.0,11
istanbul,2026-08-27,27.0,27.0,12
istanbul,2026-08-28,24.0,24.0,10
istanbul,2026-08-29,24.0,24.0,14
istanbul,2026-08-30,26.0,26.0,16
istanbul,2026-08-31,26.0,26.0,11
istanbul,2026-09-01,26.0,26.0,10
istanbul,2026-09-02,26.0,26.0,12
istanbul,2026-09-04,26.0,26.0,10
istanbul,2026-09-05,26.0,26.0,11
istanbul,2026-09-06,29.0,29.0,10
istanbul,2026-09-07,26.0,26.0,12
istanbul,2026-09-08,24.0,24.0,11
istanbul,2026-09-09,25.0,25.0,11
istanbul,2026-09-10,25.0,25.0,11
istanbul,2026-09-11,25.0,25.0,11
istanbul,2026-09-12,25.0,25.0,12
istanbul,2026-09-13,22.0,22.0,6
istanbul,2026-09-14,22.0,22.0,13
istanbul,2026-09-15,23.0,23.0,13
istanbul,2026-09-16,22.0,22.0,10
istanbul,2026-09-17,23.0,23.0,12
istanbul,2026-09-18,24.0,24.0,12
istanbul,2026-09-19,23.0,23.0,10
istanbul,2026-09-20,24.0,24.0,10
istanbul,2026-09-21,26.0,26.0,15
istanbul,2026-09-22,23.0,23.0,2
istanbul,2026-09-23,17.0,17.0,12
jeddah,2026-07-01,39.0,39.0,11
jeddah,2026-07-02,36.0,36.0,15
jeddah,2026-07-03,36.0,36.0,15
jeddah,2026-07-04,36.0,36.0,11
jeddah,2026-07-05,39.0,39.0,14
jeddah,2026-07-06,39.0,39.0,15
jeddah,2026-07-07,38.0,38.0,12
jeddah,2026-07-08,37.0,38.0,17
jeddah,2026-07-09,38.0,38.0,10
jeddah,2026-07-10,38.0,38.0,13
jeddah,2026-07-11,37.0,37.0,16
jeddah,2026-07-12,36.0,36.0,15
jeddah,2026-07-13,37.0,37.0,15
jeddah,2026-07-14,36.0,36.0,13
jeddah,2026-07-15,38.0,38.0,12
jeddah,2026-07-16,38.0,38.0,13
jeddah,2026-07-17,38.0,38.0,14
jeddah,2026-07-18,39.0,39.0,14
jeddah,2026-07-19,38.0,38.0,13
jeddah,2026-07-20,40.0,40.0,15
jeddah,2026-07-21,44.0,44.0,12
jeddah,2026-07-22,38.0,38.0,13
jeddah,2026-07-23,40.0,40.0,12
jeddah,2026-07-24,40.0,40.0,13
jeddah,2026-07-25,40.0,40.0,11
jeddah,2026-07-26,40.0,40.0,14
jeddah,2026-07-27,42.0,42.0,13
jeddah,2026-07-28,37.0,37.0,14
jeddah,2026-07-29,40.0,40.0,13
jeddah,2026-07-30,42.0,42.0,12
jeddah,2026-07-31,41.0,41.0,15
jeddah,2026-08-01,43.0,43.0,12
jeddah,2026-08-02,43.0,43.0,12
jeddah,2026-08-03,42.0,42.0,12
jeddah,2026-08-04,37.0,37.0,11
jeddah,2026-08-05,37.0,38.0,17
jeddah,2026-08-06,40.0,40.0,14
jeddah,2026-08-07,38.0,38.0,13
jeddah,2026-08-08,37.0,39.0,18
jeddah,2026-08-09,37.0,37.0,14
jeddah,2026-08-10,43.0,43.0,14
jeddah,2026-08-11,39.0,40.0,17
jeddah,2026-08-12,39.0,39.0,15
jeddah,2026-08-13,38.0,39.0,17
jeddah,2026-08-14,39.0,39.0,15
jeddah,2026-08-15,42.0,42.0,14
jeddah,2026-08-16,38.0,38.0,11
jeddah,2026-08-17,41.0,41.0,16
jeddah,2026-08-18,38.0,38.0,15
jeddah,2026-08-19,36.0,37.0,17
jeddah,2026-08-20,39.0,39.0,15
jeddah,2026-08-21,37.0,37.0,13
jeddah,2026-08-22,38.0,38.0,15
jeddah,2026-08-23,40.0,40.0,14
jeddah,2026-08-24,38.0,38.0,14
jeddah,2026-08-25,36.0,36.0,11
jeddah,2026-08-26,37.0,37.0,12
jeddah,2026-08-27,38.0,38.0,9
jeddah,2026-08-28,38.0,38.0,12
jeddah,2026-08-29,37.0,38.0,17
jeddah,2026-08-30,38.0,38.0,16
jeddah,2026-08-31,38.0,38.0,12
jeddah,2026-09-01,37.0,37.0,11
jeddah,2026-09-02,37.0,37.0,11
jeddah,2026-09-04,37.0,37.0,11
jeddah,2026-09-05,37.0,37.0,11
jeddah,2026-09-06,38.0,38.0,14
jeddah,2026-09-07,36.0,36.0,13
jeddah,2026-09-08,38.0,38.0,12
jeddah,2026-09-09,38.0,38.0,13
jeddah,2026-09-10,37.0,37.0,12
jeddah,2026-09-11,37.0,37.0,12
jeddah,2026-09-12,37.0,37.0,13
jeddah,2026-09-13,37.0,37.0,11
jeddah,2026-09-14,37.0,37.0,13
jeddah,2026-09-15,40.0,40.0,11
jeddah,2026-09-16,39.0,39.0,12
jeddah,2026-09-17,36.0,36.0,11
jeddah,2026-09-18,38.0,38.0,13
jeddah,2026-09-19,37.0,37.0,11
jeddah,2026-09-20,36.0,36.0,11
jeddah,2026-09-21,36.0,36.0,11
jeddah,2026-09-22,36.0,36.0,12
jeddah,2026-09-23,36.0,36.0,11
karachi,2026-07-01,32.0,32.0,10
karachi,2026-07-02,34.0,34.0,12
karachi,2026-07-03,36.0,36.0,13
karachi,2026-07-04,34.0,34.0,13
karachi,2026-07-05,34.0,34.0,16
karachi,2026-07-06,36.0,36.0,14
karachi,2026-07-07,35.0,35.0,14
karachi,2026-07-08,34.0,34.0,12
karachi,2026-07-09,34.0,34.0,12
karachi,2026-07-10,33.0,33.0,12
karachi,2026-07-11,34.0,34.0,13
karachi,2026-07-12,32.0,33.0,17
karachi,2026-07-13,33.0,33.0,12
karachi,2026-07-14,33.0,33.0,13
karachi,2026-07-15,34.0,34.0,13
karachi,2026-07-16,33.0,33.0,13
karachi,2026-07-17,34.0,34.0,13
karachi,2026-07-18,33.0,33.0,12
karachi,2026-07-19,32.0,32.0,13
karachi,2026-07-20,32.0,32.0,11
karachi,2026-07-21,33.0,33.0,13
karachi,2026-07-22,34.0,34.0,12
karachi,2026-07-23,34.0,34.0,11
karachi,2026-07-24,34.0,34.0,12
karachi,2026-07-25,33.0,33.0,14
karachi,2026-07-26,35.0,35.0,14
karachi,2026-07-27,34.0,34.0,12
karachi,2026-07-28,33.0,33.0,15
karachi,2026-07-29,34.0,34.0,13
karachi,2026-07-30,35.0,35.0,14
karachi,2026-07-31,35.0,35.0,12
karachi,2026-08-01,35.0,35.0,11
karachi,2026-08-02,30.0,30.0,16
karachi,2026-08-03,33.0,33.0,12
karachi,2026-08-04,33.0,33.0,13
karachi,2026-08-05,32.0,32.0,13
karachi,2026-08-06,33.0,33.0,12
karachi,2026-08-07,33.0,33.0,14
karachi,2026-08-08,34.0,34.0,14
karachi,2026-08-09,33.0,33.0,12
karachi,2026-08-10,32.0,32.0,13
karachi,2026-08-11,32.0,32.0,13
karachi,2026-08-12,33.0,33.0,13
karachi,2026-08-13,33.0,33.0,14
karachi,2026-08-14,32.0,32.0,13
karachi,2026-08-15,31.0,31.0,11
karachi,2026-08-16,32.0,32.0,16
karachi,2026-08-17,31.0,31.0,12
karachi,2026-08-18,32.0,32.0,12
karachi,2026-08-19,32.0,32.0,14
karachi,2026-08-20,32.0,32.0,13
karachi,2026-08-21,31.0,31.0,12
karachi,2026-08-22,30.0,30.0,12
karachi,2026-08-23,30.0,30.0,15
karachi,2026-08-24,33.0,33.0,13
karachi,2026-08-25,32.0,32.0,12
karachi,2026-08-26,33.0,33.0,14
karachi,2026-08-27,32.0,32.0,14
karachi,2026-08-28,31.0,31.0,15
karachi,2026-08-29,30.0,30.0,13
karachi,2026-08-30,30.0,30.0,14
karachi,2026-08-31,30.0,30.0,13
karachi,2026-09-01,30.0,30.0,14
karachi,2026-09-02,33.0,33.0,16
karachi,2026-09-04,31.0,31.0,14
karachi,2026-09-05,33.0,33.0,13
karachi,2026-09-06,31.0,31.0,15
karachi,2026-09-07,32.0,32.0,13
karachi,2026-09-08,32.0,32.0,14
karachi,2026-09-09,33.0,33.0,13
karachi,2026-09-10,32.0,32.0,14
karachi,2026-09-11,33.0,33.0,12
karachi,2026-09-12,36.0,36.0,15
karachi,2026-09-13,39.0,39.0,12
karachi,2026-09-14,39.0,39.0,12
karachi,2026-09-15,34.0,34.0,12
karachi,2026-09-16,35.0,35.0,13
karachi,2026-09-17,34.0,34.0,13
karachi,2026-09-18,35.0,35.0,13
karachi,2026-09-19,33.0,33.0,11
karachi,2026-09-20,37.0,37.0,13
karachi,2026-09-21,40.0,40.0,14
karachi,2026-09-22,39.0,39.0,13
karachi,2026-09-23,36.0,36.0,12
kuala-lumpur,2026-07-01,33.0,33.0,14
kuala-lumpur,2026-07-02,32.0,32.0,14
kuala-lumpur,2026-07-03,31.0,31.0,13
kuala-lumpur,2026-07-04,33.0,33.0,12
kuala-lumpur,2026-07-05,33.0,33.0,12
kuala-lumpur,2026-07-06,33.0,33.0,13
kuala-lumpur,2026-07-07,32.0,32.0,12
kuala-lumpur,2026-07-08,33.0,33.0,14
kuala-lumpur,2026-07-09,33.0,34.0,17
kuala-lumpur,2026-07-10,33.0,33.0,15
kuala-lumpur,2026-07-11,29.0,29.0,10
kuala-lumpur,2026-07-12,32.0,33.0,17
kuala-lumpur,2026-07-13,32.0,32.0,12
kuala-lumpur,2026-07-14,33.0,33.0,14
kuala-lumpur,2026-07-15,33.0,33.0,14
kuala-lumpur,2026-07-16,33.0,33.0,12
kuala-lumpur,2026-07-17,34.0,34.0,13
kuala-lumpur,2026-07-18,32.0,32.0,12
kuala-lumpur,2026-07-19,31.0,32.0,17
kuala-lumpur,2026-07-20,29.0,29.0,16
kuala-lumpur,2026-07-21,34.0,34.0,14
kuala-lumpur,2026-07-22,31.0,31.0,13
kuala-lumpur,2026-07-23,31.0,32.0,18
kuala-lumpur,2026-07-24,32.0,32.0,16
kuala-lumpur,2026-07-25,30.0,30.0,16
kuala-lumpur,2026-07-26,33.0,33.0,16
kuala-lumpur,2026-07-27,32.0,32.0,12
kuala-lumpur,2026-07-28,31.0,31.0,11
kuala-lumpur,2026-07-29,31.0,31.0,15
kuala-lumpur,2026-07-30,33.0,33.0,15
kuala-lumpur,2026-07-31,32.0,32.0,13
kuala-lumpur,2026-08-01,34.0,34.0,13
kuala-lumpur,2026-08-02,34.0,34.0,12
kuala-lumpur,2026-08-03,34.0,34.0,13
kuala-lumpur,2026-08-04,33.0,34.0,17
kuala-lumpur,2026-08-05,33.0,33.0,14
kuala-lumpur,2026-08-06,34.0,34.0,16
kuala-lumpur,2026-08-07,35.0,35.0,15
kuala-lumpur,2026-08-08,33.0,33.0,15
kuala-lumpur,2026-08-09,33.0,33.0,14
kuala-lumpur,2026-08-10,34.0,34.0,14
kuala-lumpur,2026-08-11,32.0,32.0,14
kuala-lumpur,2026-08-12,33.0,33.0,13
kuala-lumpur,2026-08-13,33.0,33.0,14
kuala-lumpur,2026-08-14,33.0,33.0,14
kuala-lumpur,2026-08-15,34.0,34.0,14
kuala-lumpur,2026-08-16,33.0,33.0,15
kuala-lumpur,2026-08-17,34.0,34.0,15
kuala-lumpur,2026-08-18,33.0,33.0,14
kuala-lumpur,2026-08-19,34.0,34.0,16
kuala-lumpur,2026-08-20,34.0,34.0,14
kuala-lumpur,2026-08-21,33.0,33.0,14
kuala-lumpur,2026-08-22,34.0,34.0,14
kuala-lumpur,2026-08-23,34.0,34.0,13
kuala-lumpur,2026-08-24,34.0,34.0,15
kuala-lumpur,2026-08-25,32.0,32.0,13
kuala-lumpur,2026-08-26,32.0,32.0,14
kuala-lumpur,2026-08-27,33.0,33.0,12
kuala-lumpur,2026-08-28,33.0,33.0,12
kuala-lumpur,2026-08-29,34.0,34.0,13
kuala-lumpur,2026-08-30,34.0,34.0,14
kuala-lumpur,2026-08-31,33.0,33.0,12
kuala-lumpur,2026-09-01,33.0,33.0,15
kuala-lumpur,2026-09-02,34.0,34.0,13
kuala-lumpur,2026-09-04,33.0,33.0,13
kuala-lumpur,2026-09-05,32.0,32.0,15
kuala-lumpur,2026-09-06,33.0,33.0,13
kuala-lumpur,2026-09-07,34.0,34.0,13
kuala-lumpur,2026-09-08,33.0,33.0,15
kuala-lumpur,2026-09-09,32.0,32.0,12
kuala-lumpur,2026-09-10,33.0,33.0,14
kuala-lumpur,2026-09-11,29.0,29.0,11
kuala-lumpur,2026-09-12,32.0,32.0,13
kuala-lumpur,2026-09-13,33.0,33.0,13
kuala-lumpur,2026-09-14,33.0,33.0,14
kuala-lumpur,2026-09-15,33.0,33.0,13
kuala-lumpur,2026-09-16,33.0,33.0,12
kuala-lumpur,2026-09-17,33.0,33.0,13
kuala-lumpur,2026-09-18,32.0,32.0,12
kuala-lumpur,2026-09-19,31.0,31.0,14
kuala-lumpur,2026-09-20,33.0,33.0,13
kuala-lumpur,2026-09-21,33.0,33.0,15
kuala-lumpur,2026-09-22,31.0,31.0,16
kuala-lumpur,2026-09-23,31.0,31.0,11
london,2026-07-01,26.0,26.0,16
london,2026-07-02,25.0,25.0,12
london,2026-07-03,26.0,27.0,18
london,2026-07-04,29.0,29.0,16
london,2026-07-05,28.0,28.0,16
london,2026-07-06,32.0,32.0,14
london,2026-07-07,31.0,31.0,16
london,2026-07-08,32.0,33.0,18
london,2026-07-09,34.0,34.0,16
london,2026-07-10,29.0,29.0,12
london,2026-07-11,27.0,27.0,14
london,2026-07-12,28.0,28.0,14
london,2026-07-13,26.0,26.0,15
london,2026-07-14,29.0,29.0,16
london,2026-07-15,28.0,28.0,15
london,2026-07-16,27.0,27.0,13
london,2026-07-17,27.0,27.0,14
london,2026-07-18,21.0,21.0,12
london,2026-07-19,21.0,21.0,13
london,2026-07-20,25.0,25.0,16
london,2026-07-21,21.0,22.0,18
london,2026-07-22,25.0,25.0,14
london,2026-07-23,26.0,26.0,15
london,2026-07-24,28.0,28.0,13
london,2026-07-25,29.0,29.0,15
london,2026-07-26,26.0,26.0,12
london,2026-07-27,26.0,27.0,17
london,2026-07-28,29.0,29.0,16
london,2026-07-29,34.0,34.0,14
london,2026-07-30,28.0,28.0,13
london,2026-07-31,25.0,25.0,15
london,2026-08-01,25.0,26.0,17
london,2026-08-02,27.0,27.0,14
london,2026-08-03,29.0,29.0,13
london,2026-08-04,30.0,30.0,12
london,2026-08-05,26.0,26.0,12
london,2026-08-06,22.0,22.0,15
london,2026-08-07,26.0,26.0,16
london,2026-08-08,28.0,28.0,14
london,2026-08-09,30.0,30.0,14
london,2026-08-10,26.0,26.0,16
london,2026-08-11,24.0,24.0,14
london,2026-08-12,30.0,30.0,15
london,2026-08-13,34.0,34.0,14
london,2026-08-14,34.0,34.0,15
london,2026-08-15,26.0,26.0,14
london,2026-08-16,26.0,26.0,15
london,2026-08-17,27.0,27.0,16
london,2026-08-18,26.0,26.0,14
london,2026-08-19,25.0,25.0,16
london,2026-08-20,24.0,24.0,15
london,2026-08-21,21.0,21.0,14
london,2026-08-22,21.0,21.0,15
london,2026-08-23,24.0,24.0,15
london,2026-08-24,22.0,22.0,14
london,2026-08-25,24.0,24.0,13
london,2026-08-26,26.0,26.0,14
london,2026-08-27,25.0,25.0,15
london,2026-08-28,25.0,25.0,14
london,2026-08-29,20.0,20.0,14
london,2026-08-30,23.0,23.0,15
london,2026-08-31,22.0,22.0,12
london,2026-09-01,22.0,22.0,14
london,2026-09-02,21.0,21.0,12
london,2026-09-04,21.0,21.0,1
london,2026-09-05,23.0,23.0,16
london,2026-09-06,27.0,27.0,14
london,2026-09-07,25.0,25.0,14
london,2026-09-08,18.0,18.0,0
london,2026-09-09,19.0,19.0,14
london,2026-09-10,21.0,21.0,12
london,2026-09-11,21.0,21.0,15
london,2026-09-12,23.0,23.0,13
london,2026-09-13,23.0,23.0,14
london,2026-09-14,25.0,25.0,13
london,2026-09-15,23.0,23.0,12
london,2026-09-16,20.0,20.0,14
london,2026-09-17,21.0,21.0,14
london,2026-09-18,20.0,20.0,12
london,2026-09-19,22.0,22.0,11
london,2026-09-20,20.0,20.0,13
london,2026-09-21,23.0,23.0,15
london,2026-09-22,25.0,25.0,14
los-angeles,2026-07-01,21.11,21.11,14
los-angeles,2026-07-02,22.22,22.22,12
los-angeles,2026-07-03,22.22,22.22,13
los-angeles,2026-07-04,23.89,23.89,14
los-angeles,2026-07-05,23.89,23.89,13
los-angeles,2026-07-06,23.33,23.33,10
los-angeles,2026-07-07,23.33,23.33,13
los-angeles,2026-07-08,23.33,23.33,12
los-angeles,2026-07-09,23.33,23.33,13
los-angeles,2026-07-10,23.33,23.33,10
los-angeles,2026-07-11,23.89,23.89,10
los-angeles,2026-07-12,23.33,23.33,9
los-angeles,2026-07-13,23.89,23.89,11
los-angeles,2026-07-14,25.0,25.0,14
los-angeles,2026-07-15,26.67,26.67,12
los-angeles,2026-07-16,27.78,27.78,11
los-angeles,2026-07-17,30.0,30.0,13
los-angeles,2026-07-18,25.56,25.56,13
los-angeles,2026-07-19,25.0,25.0,11
los-angeles,2026-07-20,27.22,27.22,10
los-angeles,2026-07-21,27.22,27.22,10
los-angeles,2026-07-22,25.0,25.0,14
los-angeles,2026-07-23,26.67,26.67,13
los-angeles,2026-07-24,25.56,25.56,11
los-angeles,2026-07-25,25.56,25.56,11
los-angeles,2026-07-26,26.11,26.11,12
los-angeles,2026-07-27,26.11,26.11,9
los-angeles,2026-07-28,25.56,25.56,12
los-angeles,2026-07-29,26.11,26.11,10
los-angeles,2026-07-30,25.0,25.0,11
los-angeles,2026-07-31,26.11,26.11,10
los-angeles,2026-08-01,26.11,26.11,11
los-angeles,2026-08-02,25.56,25.56,11
los-angeles,2026-08-03,25.56,25.56,11
los-angeles,2026-08-04,25.0,25.0,11
los-angeles,2026-08-05,24.44,24.44,11
los-angeles,2026-08-06,25.0,25.0,12
los-angeles,2026-08-07,26.11,26.11,13
los-angeles,2026-08-08,26.11,26.11,14
los-angeles,2026-08-09,26.67,26.67,14
los-angeles,2026-08-10,25.56,25.56,11
los-angeles,2026-08-11,26.67,26.67,10
los-angeles,2026-08-12,24.44,24.44,10
los-angeles,2026-08-13,25.0,25.0,13
los-angeles,2026-08-14,25.56,25.56,12
los-angeles,2026-08-15,24.44,24.44,12
los-angeles,2026-08-16,24.44,24.44,15
los-angeles,2026-08-17,25.0,25.0,11
los-angeles,2026-08-18,27.22,27.22,13
los-angeles,2026-08-19,26.67,26.67,10
los-angeles,2026-08-20,25.0,25.0,14
los-angeles,2026-08-21,27.22,27.22,11
los-angeles,2026-08-22,27.78,27.78,10
los-angeles,2026-08-23,28.89,28.89,15
los-angeles,2026-08-24,27.78,27.78,10
los-angeles,2026-08-25,28.89,28.89,10
los-angeles,2026-08-26,30.56,30.56,15
los-angeles,2026-08-27,31.11,31.11,12
los-angeles,2026-08-28,29.44,29.44,10
los-angeles,2026-08-29,29.44,29.44,11
los-angeles,2026-08-30,28.33,28.33,10
los-angeles,2026-08-31,25.56,25.56,11
los-angeles,2026-09-01,23.89,23.89,11
los-angeles,2026-09-02,24.44,24.44,12
los-angeles,2026-09-04,25.0,25.0,11
los-angeles,2026-09-05,26.67,26.67,11
los-angeles,2026-09-06,23.89,23.89,3
los-angeles,2026-09-07,28.89,28.89,12
los-angeles,2026-09-08,32.22,32.78,17
los-angeles,2026-09-09,36.11,36.11,10
los-angeles,2026-09-10,32.78,32.78,11
los-angeles,2026-09-11,29.44,29.44,10
los-angeles,2026-09-12,27.22,27.22,10
los-angeles,2026-09-13,25.56,25.56,12
los-angeles,2026-09-14,25.56,25.56,11
los-angeles,2026-09-15,26.67,26.67,13
los-angeles,2026-09-16,25.56,25.56,11
los-angeles,2026-09-17,24.44,24.44,12
los-angeles,2026-09-18,24.44,24.44,11
los-angeles,2026-09-19,25.0,25.0,13
los-angeles,2026-09-20,25.0,25.0,12
los-angeles,2026-09-21,25.0,25.0,13
los-angeles,2026-09-22,24.44,24.44,11
lucknow,2026-07-01,33.0,33.0,11
lucknow,2026-07-02,34.0,34.0,16
lucknow,2026-07-03,36.0,36.0,13
lucknow,2026-07-04,36.0,36.0,11
lucknow,2026-07-05,38.0,38.0,15
lucknow,2026-07-06,36.0,36.0,11
lucknow,2026-07-07,34.0,34.0,11
lucknow,2026-07-08,33.0,33.0,12
lucknow,2026-07-09,31.0,31.0,10
lucknow,2026-07-10,32.0,32.0,16
lucknow,2026-07-11,34.0,34.0,14
lucknow,2026-07-12,35.0,35.0,14
lucknow,2026-07-13,36.0,36.0,13
lucknow,2026-07-14,37.0,37.0,14
lucknow,2026-07-15,35.0,35.0,12
lucknow,2026-07-16,33.0,33.0,16
lucknow,2026-07-17,35.0,35.0,14
lucknow,2026-07-18,31.0,31.0,10
lucknow,2026-07-19,29.0,29.0,1
lucknow,2026-07-20,27.0,27.0,0
lucknow,2026-07-21,31.0,31.0,13
lucknow,2026-07-22,33.0,33.0,14
lucknow,2026-07-23,31.0,31.0,12
lucknow,2026-07-24,32.0,32.0,13
lucknow,2026-07-25,33.0,33.0,12
lucknow,2026-07-26,36.0,36.0,15
lucknow,2026-07-27,32.0,33.0,17
lucknow,2026-07-28,34.0,34.0,12
lucknow,2026-07-29,34.0,34.0,15
lucknow,2026-07-30,34.0,34.0,12
lucknow,2026-07-31,32.0,32.0,13
lucknow,2026-08-01,34.0,34.0,13
lucknow,2026-08-02,34.0,34.0,13
lucknow,2026-08-03,33.0,33.0,14
lucknow,2026-08-04,29.0,29.0,0
lucknow,2026-08-05,31.0,31.0,11
lucknow,2026-08-06,29.0,29.0,14
lucknow,2026-08-07,32.0,32.0,14
lucknow,2026-08-08,32.0,32.0,13
lucknow,2026-08-09,33.0,33.0,12
lucknow,2026-08-10,32.0,32.0,10
lucknow,2026-08-11,34.0,34.0,13
lucknow,2026-08-12,35.0,35.0,12
lucknow,2026-08-13,35.0,35.0,11
lucknow,2026-08-14,34.0,34.0,15
lucknow,2026-08-15,35.0,35.0,14
lucknow,2026-08-16,31.0,31.0,16
lucknow,2026-08-17,28.0,28.0,0
lucknow,2026-08-18,30.0,30.0,14
lucknow,2026-08-19,32.0,32.0,14
lucknow,2026-08-20,32.0,32.0,11
lucknow,2026-08-21,35.0,35.0,14
lucknow,2026-08-22,31.0,31.0,15
lucknow,2026-08-23,33.0,33.0,12
lucknow,2026-08-24,33.0,33.0,13
lucknow,2026-08-25,30.0,30.0,11
lucknow,2026-08-26,31.0,31.0,14
lucknow,2026-08-27,32.0,32.0,12
lucknow,2026-08-28,32.0,32.0,12
lucknow,2026-08-29,33.0,33.0,11
lucknow,2026-08-30,32.0,32.0,15
lucknow,2026-08-31,30.0,30.0,11
lucknow,2026-09-01,30.0,30.0,11
lucknow,2026-09-02,30.0,30.0,12
lucknow,2026-09-04,31.0,31.0,11
lucknow,2026-09-05,32.0,32.0,12
lucknow,2026-09-06,31.0,31.0,12
lucknow,2026-09-07,31.0,31.0,14
lucknow,2026-09-08,32.0,32.0,14
lucknow,2026-09-09,34.0,34.0,12
lucknow,2026-09-10,34.0,34.0,14
lucknow,2026-09-11,30.0,30.0,13
lucknow,2026-09-12,33.0,33.0,14
lucknow,2026-09-13,33.0,33.0,13
lucknow,2026-09-14,32.0,32.0,11
lucknow,2026-09-15,33.0,33.0,15
lucknow,2026-09-16,34.0,34.0,14
lucknow,2026-09-17,34.0,34.0,11
lucknow,2026-09-18,31.0,31.0,15
lucknow,2026-09-19,32.0,32.0,10
lucknow,2026-09-20,33.0,33.0,13
lucknow,2026-09-21,33.0,33.0,12
lucknow,2026-09-22,33.0,33.0,12
lucknow,2026-09-23,33.0,33.0,12
madrid,2026-07-01,37.0,37.0,16
madrid,2026-07-02,34.0,35.0,17
madrid,2026-07-03,36.0,37.0,18
madrid,2026-07-04,37.0,39.0,18
madrid,2026-07-05,37.0,38.0,18
madrid,2026-07-06,39.0,39.0,16
madrid,2026-07-07,39.0,40.0,17
madrid,2026-07-08,38.0,39.0,17
madrid,2026-07-09,38.0,38.0,16
madrid,2026-07-10,36.0,36.0,16
madrid,2026-07-11,37.0,38.0,18
madrid,2026-07-12,32.0,33.0,18
madrid,2026-07-13,32.0,33.0,18
madrid,2026-07-14,35.0,37.0,19
madrid,2026-07-15,35.0,36.0,17
madrid,2026-07-16,34.0,35.0,18
madrid,2026-07-17,33.0,34.0,17
madrid,2026-07-18,35.0,36.0,18
madrid,2026-07-19,35.0,36.0,17
madrid,2026-07-20,34.0,36.0,19
madrid,2026-07-21,37.0,37.0,16
madrid,2026-07-22,38.0,39.0,17
madrid,2026-07-23,37.0,38.0,17
madrid,2026-07-24,33.0,33.0,15
madrid,2026-07-25,29.0,29.0,16
madrid,2026-07-26,29.0,31.0,18
madrid,2026-07-27,33.0,35.0,19
madrid,2026-07-28,37.0,38.0,17
madrid,2026-07-29,38.0,39.0,17
madrid,2026-07-30,38.0,40.0,18
madrid,2026-07-31,37.0,38.0,18
madrid,2026-08-01,38.0,39.0,17
madrid,2026-08-02,35.0,37.0,18
madrid,2026-08-03,32.0,33.0,17
madrid,2026-08-04,32.0,34.0,17
madrid,2026-08-05,35.0,36.0,18
madrid,2026-08-06,37.0,38.0,18
madrid,2026-08-07,38.0,38.0,16
madrid,2026-08-08,38.0,38.0,16
madrid,2026-08-09,35.0,37.0,19
madrid,2026-08-10,37.0,37.0,16
madrid,2026-08-11,36.0,36.0,16
madrid,2026-08-12,38.0,38.0,16
madrid,2026-08-13,39.0,39.0,16
madrid,2026-08-14,38.0,39.0,17
madrid,2026-08-15,26.0,30.0,19
madrid,2026-08-16,33.0,35.0,18
madrid,2026-08-17,37.0,38.0,18
madrid,2026-08-18,38.0,39.0,17
madrid,2026-08-19,35.0,36.0,17
madrid,2026-08-20,32.0,32.0,15
madrid,2026-08-21,30.0,32.0,18
madrid,2026-08-22,33.0,33.0,16
madrid,2026-08-23,31.0,33.0,17
madrid,2026-08-24,28.0,29.0,17
madrid,2026-08-25,27.0,28.0,18
madrid,2026-08-26,30.0,30.0,15
madrid,2026-08-27,23.0,23.0,0
madrid,2026-08-28,24.0,26.0,18
madrid,2026-08-29,29.0,30.0,17
madrid,2026-08-30,32.0,33.0,17
madrid,2026-08-31,32.0,33.0,17
madrid,2026-09-01,33.0,34.0,17
madrid,2026-09-02,35.0,35.0,16
madrid,2026-09-04,38.0,38.0,16
madrid,2026-09-05,36.0,36.0,14
madrid,2026-09-06,36.0,37.0,17
madrid,2026-09-07,37.0,38.0,18
madrid,2026-09-08,35.0,36.0,17
madrid,2026-09-09,27.0,27.0,15
madrid,2026-09-10,26.0,28.0,18
madrid,2026-09-11,31.0,31.0,16
madrid,2026-09-12,32.0,33.0,18
madrid,2026-09-13,32.0,33.0,18
madrid,2026-09-14,34.0,35.0,18
madrid,2026-09-15,35.0,36.0,17
madrid,2026-09-16,28.0,28.0,15
madrid,2026-09-17,26.0,27.0,17
madrid,2026-09-18,27.0,28.0,18
madrid,2026-09-19,28.0,29.0,17
madrid,2026-09-20,30.0,31.0,17
madrid,2026-09-21,31.0,33.0,18
madrid,2026-09-22,32.0,34.0,18
manila,2026-07-01,34.0,34.0,13
manila,2026-07-02,35.0,35.0,13
manila,2026-07-03,35.0,35.0,13
manila,2026-07-04,34.0,34.0,15
manila,2026-07-05,34.0,34.0,11
manila,2026-07-06,34.0,34.0,12
manila,2026-07-07,33.0,33.0,12
manila,2026-07-08,33.0,33.0,16
manila,2026-07-09,33.0,33.0,13
manila,2026-07-10,32.0,32.0,11
manila,2026-07-11,30.0,30.0,12
manila,2026-07-12,31.0,31.0,13
manila,2026-07-13,31.0,31.0,12
manila,2026-07-14,32.0,32.0,12
manila,2026-07-15,33.0,33.0,13
manila,2026-07-16,33.0,33.0,12
manila,2026-07-17,32.0,32.0,12
manila,2026-07-18,32.0,32.0,11
manila,2026-07-19,33.0,33.0,13
manila,2026-07-20,33.0,33.0,13
manila,2026-07-21,33.0,33.0,15
manila,2026-07-22,33.0,33.0,13
manila,2026-07-23,32.0,32.0,15
manila,2026-07-24,30.0,30.0,11
manila,2026-07-25,32.0,32.0,11
manila,2026-07-26,31.0,31.0,11
manila,2026-07-27,33.0,33.0,12
manila,2026-07-28,32.0,32.0,10
manila,2026-07-29,27.0,27.0,0
manila,2026-07-30,33.0,33.0,15
manila,2026-07-31,33.0,33.0,14
manila,2026-08-01,32.0,32.0,12
manila,2026-08-02,30.0,30.0,14
manila,2026-08-03,30.0,30.0,14
manila,2026-08-04,30.0,30.0,10
manila,2026-08-05,28.0,28.0,3
manila,2026-08-06,29.0,29.0,8
manila,2026-08-07,29.0,29.0,14
manila,2026-08-08,28.0,28.0,8
manila,2026-08-09,31.0,31.0,14
manila,2026-08-10,32.0,32.0,12
manila,2026-08-11,31.0,31.0,11
manila,2026-08-12,30.0,30.0,9
manila,2026-08-13,28.0,28.0,9
manila,2026-08-14,28.0,28.0,15
manila,2026-08-15,31.0,31.0,11
manila,2026-08-16,32.0,32.0,11
manila,2026-08-17,30.0,30.0,10
manila,2026-08-18,29.0,29.0,13
manila,2026-08-19,30.0,30.0,12
manila,2026-08-20,32.0,32.0,10
manila,2026-08-21,32.0,32.0,12
manila,2026-08-22,32.0,32.0,12
manila,2026-08-23,32.0,32.0,10
manila,2026-08-24,32.0,32.0,11
manila,2026-08-25,31.0,31.0,10
manila,2026-08-26,32.0,32.0,11
manila,2026-08-27,32.0,32.0,12
manila,2026-08-28,28.0,28.0,11
manila,2026-08-29,26.0,27.0,21
manila,2026-08-30,30.0,30.0,11
manila,2026-08-31,33.0,33.0,13
manila,2026-09-01,32.0,32.0,10
manila,2026-09-02,33.0,33.0,12
manila,2026-09-04,29.0,29.0,10
manila,2026-09-05,29.0,29.0,10
manila,2026-09-06,30.0,30.0,12
manila,2026-09-07,27.0,27.0,0
manila,2026-09-08,28.0,28.0,10
manila,2026-09-09,30.0,30.0,13
manila,2026-09-10,30.0,30.0,12
manila,2026-09-11,30.0,30.0,10
manila,2026-09-12,31.0,31.0,14
manila,2026-09-13,32.0,32.0,11
manila,2026-09-14,32.0,32.0,13
manila,2026-09-15,30.0,31.0,17
manila,2026-09-16,32.0,32.0,11
manila,2026-09-17,31.0,31.0,11
manila,2026-09-18,33.0,33.0,12
manila,2026-09-19,34.0,34.0,13
manila,2026-09-20,33.0,33.0,12
manila,2026-09-21,32.0,32.0,12
manila,2026-09-22,32.0,32.0,13
manila,2026-09-23,32.0,32.0,12
mexico-city,2026-07-01,24.0,24.0,14
mexico-city,2026-07-02,22.0,22.0,12
mexico-city,2026-07-03,24.0,24.0,12
mexico-city,2026-07-04,25.0,25.0,14
mexico-city,2026-07-05,23.0,23.0,11
mexico-city,2026-07-06,24.0,24.0,15
mexico-city,2026-07-07,24.0,24.0,14
mexico-city,2026-07-08,23.0,23.0,14
mexico-city,2026-07-09,23.0,23.0,12
mexico-city,2026-07-10,25.0,25.0,13
mexico-city,2026-07-11,24.0,24.0,13
mexico-city,2026-07-12,24.0,24.0,13
mexico-city,2026-07-13,24.0,24.0,15
mexico-city,2026-07-14,26.0,26.0,15
mexico-city,2026-07-15,25.0,25.0,14
mexico-city,2026-07-16,25.0,25.0,13
mexico-city,2026-07-17,24.0,24.0,14
mexico-city,2026-07-18,25.0,25.0,14
mexico-city,2026-07-19,25.0,25.0,13
mexico-city,2026-07-20,27.0,27.0,14
mexico-city,2026-07-21,27.0,27.0,14
mexico-city,2026-07-22,27.0,27.0,14
mexico-city,2026-07-23,26.0,26.0,14
mexico-city,2026-07-24,27.0,27.0,14
mexico-city,2026-07-25,26.0,26.0,13
mexico-city,2026-07-26,24.0,24.0,13
mexico-city,2026-07-27,23.0,23.0,12
mexico-city,2026-07-28,26.0,26.0,15
mexico-city,2026-07-29,26.0,26.0,16
mexico-city,2026-07-30,27.0,27.0,15
mexico-city,2026-07-31,25.0,25.0,12
mexico-city,2026-08-01,26.0,26.0,15
mexico-city,2026-08-02,27.0,27.0,14
mexico-city,2026-08-03,27.0,27.0,14
mexico-city,2026-08-04,26.0,26.0,14
mexico-city,2026-08-05,26.0,26.0,15
mexico-city,2026-08-06,24.0,24.0,13
mexico-city,2026-08-07,24.0,24.0,13
mexico-city,2026-08-08,24.0,24.0,14
mexico-city,2026-08-09,23.0,23.0,12
mexico-city,2026-08-10,22.0,22.0,11
mexico-city,2026-08-11,25.0,25.0,15
mexico-city,2026-08-12,25.0,25.0,13
mexico-city,2026-08-13,26.0,26.0,13
mexico-city,2026-08-14,26.0,26.0,13
mexico-city,2026-08-15,26.0,26.0,15
mexico-city,2026-08-16,27.0,27.0,15
mexico-city,2026-08-17,18.0,21.0,18
mexico-city,2026-08-19,25.0,25.0,14
mexico-city,2026-08-20,25.0,25.0,14
mexico-city,2026-08-21,24.0,24.0,13
mexico-city,2026-08-22,23.0,23.0,12
mexico-city,2026-08-23,22.0,22.0,15
mexico-city,2026-08-24,20.0,20.0,13
mexico-city,2026-08-25,22.0,22.0,15
mexico-city,2026-08-26,26.0,26.0,15
mexico-city,2026-08-27,24.0,24.0,14
mexico-city,2026-08-28,25.0,25.0,14
mexico-city,2026-08-29,23.0,23.0,13
mexico-city,2026-08-30,26.0,26.0,14
mexico-city,2026-08-31,24.0,24.0,12
mexico-city,2026-09-01,23.0,23.0,11
mexico-city,2026-09-02,26.0,26.0,14
mexico-city,2026-09-03,26.0,26.0,14
mexico-city,2026-09-04,26.0,26.0,14
mexico-city,2026-09-05,26.0,26.0,14
mexico-city,2026-09-06,24.0,24.0,14
mexico-city,2026-09-07,22.0,22.0,13
mexico-city,2026-09-08,25.0,25.0,15
mexico-city,2026-09-09,24.0,24.0,14
mexico-city,2026-09-10,25.0,25.0,13
mexico-city,2026-09-11,25.0,25.0,14
mexico-city,2026-09-12,26.0,26.0,14
mexico-city,2026-09-13,25.0,25.0,14
mexico-city,2026-09-15,25.0,25.0,14
mexico-city,2026-09-16,26.0,26.0,14
mexico-city,2026-09-17,24.0,24.0,15
mexico-city,2026-09-18,24.0,24.0,14
mexico-city,2026-09-19,25.0,25.0,14
mexico-city,2026-09-20,26.0,26.0,15
mexico-city,2026-09-21,26.0,26.0,16
mexico-city,2026-09-22,26.0,26.0,14
miami,2026-07-01,33.33,33.33,11
miami,2026-07-02,33.33,33.33,12
miami,2026-07-03,32.78,32.78,15
miami,2026-07-04,32.78,32.78,13
miami,2026-07-05,34.44,34.44,12
miami,2026-07-06,32.78,32.78,13
miami,2026-07-07,33.33,33.33,13
miami,2026-07-08,33.33,33.33,13
miami,2026-07-09,32.78,32.78,11
miami,2026-07-10,33.33,33.33,12
miami,2026-07-11,32.22,32.22,13
miami,2026-07-12,34.44,34.44,15
miami,2026-07-13,33.33,33.33,13
miami,2026-07-14,34.44,34.44,15
miami,2026-07-15,33.89,33.89,14
miami,2026-07-16,35.56,35.56,15
miami,2026-07-17,33.33,33.33,11
miami,2026-07-18,32.78,32.78,15
miami,2026-07-19,32.78,32.78,16
miami,2026-07-20,33.89,33.89,13
miami,2026-07-21,32.78,32.78,12
miami,2026-07-22,33.33,33.33,14
miami,2026-07-23,33.33,33.33,12
miami,2026-07-24,33.33,33.33,13
miami,2026-07-25,32.22,32.22,12
miami,2026-07-26,34.44,34.44,12
miami,2026-07-27,32.22,32.22,12
miami,2026-07-28,31.67,31.67,10
miami,2026-07-29,34.44,34.44,16
miami,2026-07-30,35.56,35.56,13
miami,2026-07-31,35.56,35.56,13
miami,2026-08-01,33.89,33.89,12
miami,2026-08-02,32.22,32.22,12
miami,2026-08-03,32.78,32.78,12
miami,2026-08-04,32.22,32.22,11
miami,2026-08-05,31.67,31.67,12
miami,2026-08-06,31.11,31.11,16
miami,2026-08-07,32.22,32.22,12
miami,2026-08-08,32.78,32.78,12
miami,2026-08-09,33.33,33.33,13
miami,2026-08-10,33.33,33.33,11
miami,2026-08-11,33.89,33.89,14
miami,2026-08-12,33.89,33.89,11
miami,2026-08-13,34.44,34.44,12
miami,2026-08-14,34.44,34.44,13
miami,2026-08-15,33.89,33.89,15
miami,2026-08-16,33.89,33.89,13
miami,2026-08-17,35.0,35.0,14
miami,2026-08-18,37.22,37.22,16
miami,2026-08-19,35.0,35.0,13
miami,2026-08-20,33.89,33.89,11
miami,2026-08-21,33.33,33.33,12
miami,2026-08-22,34.44,34.44,14
miami,2026-08-23,33.33,33.33,13
miami,2026-08-24,32.78,32.78,15
miami,2026-08-25,33.33,33.33,11
miami,2026-08-26,33.33,33.33,13
miami,2026-08-27,33.33,33.33,13
miami,2026-08-28,33.89,33.89,13
miami,2026-08-29,29.44,29.44,0
miami,2026-08-30,32.78,32.78,13
miami,2026-08-31,32.78,32.78,11
miami,2026-09-01,31.67,31.67,12
miami,2026-09-02,31.67,31.67,11
miami,2026-09-04,32.22,32.22,12
miami,2026-09-05,32.22,32.22,12
miami,2026-09-06,32.22,32.22,12
miami,2026-09-07,32.78,32.78,13
miami,2026-09-08,32.22,32.22,11
miami,2026-09-09,32.22,32.22,15
miami,2026-09-10,32.22,32.22,10
miami,2026-09-11,31.11,31.11,15
miami,2026-09-12,33.89,33.89,13
miami,2026-09-13,32.22,32.22,11
miami,2026-09-14,31.67,31.67,15
miami,2026-09-15,33.33,33.33,13
miami,2026-09-16,32.78,32.78,11
miami,2026-09-17,28.33,28.89,17
miami,2026-09-18,31.11,31.11,11
miami,2026-09-19,31.67,31.67,13
miami,2026-09-20,31.67,31.67,13
miami,2026-09-21,31.11,31.11,14
miami,2026-09-22,31.11,31.11,14
milan,2026-07-01,30.0,30.0,11
milan,2026-07-02,32.0,32.0,14
milan,2026-07-03,32.0,32.0,12
milan,2026-07-04,32.0,32.0,13
milan,2026-07-05,33.0,33.0,15
milan,2026-07-06,33.0,33.0,16
milan,2026-07-07,33.0,33.0,14
milan,2026-07-08,36.0,36.0,15
milan,2026-07-09,33.0,33.0,14
milan,2026-07-10,34.0,34.0,16
milan,2026-07-11,33.0,33.0,15
milan,2026-07-12,33.0,33.0,16
milan,2026-07-13,32.0,32.0,13
milan,2026-07-14,34.0,34.0,15
milan,2026-07-15,32.0,32.0,12
milan,2026-07-16,33.0,33.0,14
milan,2026-07-17,32.0,33.0,17
milan,2026-07-18,34.0,34.0,16
milan,2026-07-19,32.0,32.0,14
milan,2026-07-20,30.0,31.0,17
milan,2026-07-21,30.0,30.0,16
milan,2026-07-22,29.0,29.0,14
milan,2026-07-23,30.0,30.0,15
milan,2026-07-24,30.0,30.0,15
milan,2026-07-25,30.0,30.0,14
milan,2026-07-26,31.0,31.0,15
milan,2026-07-27,33.0,33.0,13
milan,2026-07-28,33.0,33.0,15
milan,2026-07-29,34.0,34.0,14
milan,2026-07-30,36.0,36.0,15
milan,2026-07-31,35.0,35.0,11
milan,2026-08-01,36.0,36.0,15
milan,2026-08-02,34.0,34.0,16
milan,2026-08-03,36.0,36.0,16
milan,2026-08-04,36.0,36.0,15
milan,2026-08-05,36.0,36.0,14
milan,2026-08-06,36.0,36.0,13
milan,2026-08-07,32.0,32.0,12
milan,2026-08-08,34.0,34.0,16
milan,2026-08-09,34.0,34.0,14
milan,2026-08-10,34.0,34.0,15
milan,2026-08-11,36.0,36.0,14
milan,2026-08-12,36.0,36.0,13
milan,2026-08-13,35.0,35.0,14
milan,2026-08-14,34.0,34.0,14
milan,2026-08-15,34.0,34.0,14
milan,2026-08-16,35.0,35.0,14
milan,2026-08-17,30.0,31.0,17
milan,2026-08-18,32.0,32.0,15
milan,2026-08-19,32.0,32.0,15
milan,2026-08-20,30.0,30.0,13
milan,2026-08-21,23.0,24.0,18
milan,2026-08-22,29.0,29.0,14
milan,2026-08-23,28.0,28.0,16
milan,2026-08-24,29.0,29.0,15
milan,2026-08-25,28.0,28.0,16
milan,2026-08-26,29.0,29.0,13
milan,2026-08-27,30.0,30.0,15
milan,2026-08-28,30.0,30.0,14
milan,2026-08-29,30.0,30.0,14
milan,2026-08-30,30.0,30.0,15
milan,2026-08-31,31.0,31.0,16
milan,2026-09-01,29.0,29.0,15
milan,2026-09-02,30.0,30.0,14
milan,2026-09-04,32.0,32.0,15
milan,2026-09-05,31.0,32.0,17
milan,2026-09-06,32.0,32.0,15
milan,2026-09-07,31.0,31.0,15
milan,2026-09-08,31.0,31.0,14
milan,2026-09-09,24.0,24.0,0
milan,2026-09-10,22.0,22.0,14
milan,2026-09-11,25.0,25.0,16
milan,2026-09-12,25.0,26.0,17
milan,2026-09-13,26.0,26.0,14
milan,2026-09-14,29.0,29.0,16
milan,2026-09-15,27.0,27.0,16
milan,2026-09-16,28.0,28.0,14
milan,2026-09-17,24.0,24.0,13
milan,2026-09-18,22.0,22.0,16
milan,2026-09-19,26.0,26.0,15
milan,2026-09-20,27.0,27.0,14
milan,2026-09-21,30.0,30.0,14
milan,2026-09-22,25.0,25.0,15
moscow,2026-07-01,29.0,29.0,16
moscow,2026-07-02,30.0,30.0,15
moscow,2026-07-03,27.0,27.0,15
moscow,2026-07-04,22.0,22.0,0
moscow,2026-07-05,20.0,20.0,15
moscow,2026-07-06,22.0,22.0,12
moscow,2026-07-07,20.0,20.0,13
moscow,2026-07-08,21.0,22.0,18
moscow,2026-07-09,20.0,20.0,16
moscow,2026-07-10,27.0,27.0,16
moscow,2026-07-11,25.0,25.0,11
moscow,2026-07-12,19.0,19.0,13
moscow,2026-07-13,22.0,22.0,14
moscow,2026-07-14,25.0,25.0,15
moscow,2026-07-15,22.0,23.0,17
moscow,2026-07-16,19.0,19.0,11
moscow,2026-07-17,21.0,21.0,15
moscow,2026-07-18,23.0,23.0,15
moscow,2026-07-19,27.0,27.0,16
moscow,2026-07-20,26.0,26.0,12
moscow,2026-07-21,24.0,24.0,16
moscow,2026-07-22,24.0,24.0,16
moscow,2026-07-23,21.0,22.0,17
moscow,2026-07-24,22.0,22.0,16
moscow,2026-07-25,22.0,22.0,15
moscow,2026-07-26,20.0,20.0,13
moscow,2026-07-27,26.0,26.0,14
moscow,2026-07-28,27.0,27.0,12
moscow,2026-07-29,17.0,17.0,0
moscow,2026-07-30,20.0,21.0,18
moscow,2026-07-31,24.0,24.0,12
moscow,2026-08-01,27.0,27.0,15
moscow,2026-08-02,30.0,30.0,15
moscow,2026-08-03,24.0,24.0,14
moscow,2026-08-04,24.0,25.0,18
moscow,2026-08-05,27.0,27.0,14
moscow,2026-08-06,30.0,30.0,16
moscow,2026-08-07,29.0,29.0,12
moscow,2026-08-08,24.0,24.0,13
moscow,2026-08-09,21.0,21.0,12
moscow,2026-08-10,24.0,24.0,14
moscow,2026-08-11,26.0,26.0,15
moscow,2026-08-12,18.0,18.0,16
moscow,2026-08-13,14.0,14.0,13
moscow,2026-08-14,18.0,18.0,16
moscow,2026-08-15,20.0,20.0,15
moscow,2026-08-16,24.0,24.0,14
moscow,2026-08-17,23.0,23.0,12
moscow,2026-08-18,22.0,22.0,13
moscow,2026-08-19,18.0,18.0,0
moscow,2026-08-20,22.0,22.0,13
moscow,2026-08-21,21.0,21.0,13
moscow,2026-08-22,22.0,22.0,14
moscow,2026-08-23,23.0,23.0,15
moscow,2026-08-24,20.0,20.0,15
moscow,2026-08-25,17.0,17.0,15
moscow,2026-08-26,16.0,16.0,15
moscow,2026-08-27,16.0,16.0,15
moscow,2026-08-28,20.0,20.0,12
moscow,2026-08-29,21.0,21.0,13
moscow,2026-08-30,22.0,22.0,12
moscow,2026-08-31,18.0,19.0,17
moscow,2026-09-01,25.0,25.0,15
moscow,2026-09-02,20.0,20.0,15
moscow,2026-09-04,21.0,21.0,16
moscow,2026-09-05,18.0,18.0,13
moscow,2026-09-06,16.0,16.0,14
moscow,2026-09-07,13.0,13.0,15
moscow,2026-09-08,15.0,15.0,16
moscow,2026-09-09,21.0,21.0,16
moscow,2026-09-10,25.0,25.0,15
moscow,2026-09-11,18.0,18.0,0
moscow,2026-09-12,16.0,16.0,14
moscow,2026-09-13,17.0,17.0,15
moscow,2026-09-14,18.0,18.0,12
moscow,2026-09-15,18.0,18.0,16
moscow,2026-09-16,18.0,18.0,16
moscow,2026-09-17,22.0,22.0,14
moscow,2026-09-18,16.0,16.0,16
moscow,2026-09-19,18.0,18.0,16
moscow,2026-09-20,18.0,18.0,13
moscow,2026-09-21,21.0,21.0,13
moscow,2026-09-22,16.0,16.0,10
moscow,2026-09-23,17.0,18.0,20
munich,2026-07-01,22.0,22.0,8
munich,2026-07-02,27.0,27.0,14
munich,2026-07-03,25.0,25.0,15
munich,2026-07-04,26.0,26.0,14
munich,2026-07-05,26.0,26.0,13
munich,2026-07-06,25.0,25.0,16
munich,2026-07-07,30.0,30.0,16
munich,2026-07-08,23.0,23.0,15
munich,2026-07-09,25.0,25.0,15
munich,2026-07-10,28.0,29.0,17
munich,2026-07-11,29.0,30.0,17
munich,2026-07-12,28.0,28.0,16
munich,2026-07-13,31.0,31.0,15
munich,2026-07-14,29.0,29.0,16
munich,2026-07-15,27.0,27.0,15
munich,2026-07-16,31.0,31.0,15
munich,2026-07-17,28.0,28.0,14
munich,2026-07-18,26.0,26.0,11
munich,2026-07-19,22.0,23.0,18
munich,2026-07-20,23.0,23.0,14
munich,2026-07-21,23.0,23.0,15
munich,2026-07-22,25.0,25.0,15
munich,2026-07-23,22.0,22.0,13
munich,2026-07-24,25.0,25.0,16
munich,2026-07-25,31.0,31.0,16
munich,2026-07-26,27.0,27.0,16
munich,2026-07-27,25.0,25.0,14
munich,2026-07-28,29.0,29.0,15
munich,2026-07-29,34.0,34.0,16
munich,2026-07-30,37.0,37.0,16
munich,2026-07-31,36.0,36.0,15
munich,2026-08-01,30.0,30.0,15
munich,2026-08-02,30.0,30.0,15
munich,2026-08-03,36.0,36.0,15
munich,2026-08-04,37.0,37.0,16
munich,2026-08-05,34.0,34.0,16
munich,2026-08-06,24.0,24.0,14
munich,2026-08-07,27.0,27.0,15
munich,2026-08-08,30.0,30.0,15
munich,2026-08-09,34.0,34.0,16
munich,2026-08-10,34.0,34.0,14
munich,2026-08-11,31.0,31.0,15
munich,2026-08-12,30.0,30.0,14
munich,2026-08-13,30.0,30.0,13
munich,2026-08-14,33.0,33.0,16
munich,2026-08-15,35.0,35.0,15
munich,2026-08-16,31.0,31.0,15
munich,2026-08-17,27.0,27.0,11
munich,2026-08-18,20.0,20.0,16
munich,2026-08-19,30.0,31.0,17
munich,2026-08-20,24.0,24.0,10
munich,2026-08-21,22.0,22.0,12
munich,2026-08-22,21.0,21.0,14
munich,2026-08-23,23.0,23.0,15
munich,2026-08-24,23.0,23.0,13
munich,2026-08-25,16.0,17.0,17
munich,2026-08-26,28.0,28.0,16
munich,2026-08-27,30.0,30.0,15
munich,2026-08-28,28.0,28.0,11
munich,2026-08-29,24.0,24.0,15
munich,2026-08-30,27.0,27.0,15
munich,2026-08-31,25.0,25.0,14
munich,2026-09-01,23.0,23.0,13
munich,2026-09-02,25.0,25.0,15
munich,2026-09-04,30.0,30.0,15
munich,2026-09-05,23.0,23.0,15
munich,2026-09-06,24.0,24.0,15
munich,2026-09-07,27.0,27.0,15
munich,2026-09-08,32.0,32.0,15
munich,2026-09-09,21.0,21.0,0
munich,2026-09-10,18.0,18.0,13
munich,2026-09-11,19.0,20.0,17
munich,2026-09-12,23.0,23.0,16
munich,2026-09-13,23.0,23.0,15
munich,2026-09-14,22.0,22.0,16
munich,2026-09-15,24.0,24.0,13
munich,2026-09-16,27.0,27.0,12
munich,2026-09-17,20.0,20.0,15
munich,2026-09-18,20.0,20.0,13
munich,2026-09-19,22.0,22.0,14
munich,2026-09-20,24.0,24.0,15
munich,2026-09-21,17.0,17.0,15
munich,2026-09-22,17.0,17.0,15
nyc,2026-07-01,33.33,33.33,13
nyc,2026-07-02,38.89,38.89,14
nyc,2026-07-03,37.78,37.78,14
nyc,2026-07-04,35.56,36.11,17
nyc,2026-07-05,25.0,25.56,17
nyc,2026-07-06,21.11,21.11,5
nyc,2026-07-07,22.22,22.22,15
nyc,2026-07-08,30.56,30.56,15
nyc,2026-07-09,30.56,30.56,12
nyc,2026-07-10,31.11,31.11,15
nyc,2026-07-11,27.78,27.78,16
nyc,2026-07-12,29.44,29.44,13
nyc,2026-07-13,29.44,29.44,14
nyc,2026-07-14,33.33,33.33,14
nyc,2026-07-15,36.67,36.67,13
nyc,2026-07-16,31.11,31.11,15
nyc,2026-07-17,30.56,30.56,16
nyc,2026-07-18,26.67,26.67,9
nyc,2026-07-19,26.67,26.67,15
nyc,2026-07-20,27.22,27.78,17
nyc,2026-07-21,27.78,27.78,13
nyc,2026-07-22,31.11,31.11,15
nyc,2026-07-23,27.22,27.22,14
nyc,2026-07-24,27.78,27.78,15
nyc,2026-07-25,26.11,26.11,15
nyc,2026-07-26,27.78,27.78,13
nyc,2026-07-27,28.89,28.89,12
nyc,2026-07-28,26.67,26.67,10
nyc,2026-07-29,27.22,27.22,15
nyc,2026-07-30,23.89,24.44,18
nyc,2026-07-31,28.89,28.89,13
nyc,2026-08-01,30.56,30.56,13
nyc,2026-08-02,29.44,29.44,15
nyc,2026-08-03,28.89,28.89,15
nyc,2026-08-04,28.89,28.89,15
nyc,2026-08-05,28.89,28.89,12
nyc,2026-08-06,31.67,32.22,17
nyc,2026-08-07,33.89,33.89,14
nyc,2026-08-08,32.78,32.78,14
nyc,2026-08-09,32.78,32.78,15
nyc,2026-08-10,32.78,32.78,15
nyc,2026-08-11,30.0,30.0,14
nyc,2026-08-12,30.0,30.0,16
nyc,2026-08-13,30.0,30.0,16
nyc,2026-08-14,30.0,30.0,14
nyc,2026-08-15,28.33,28.89,17
nyc,2026-08-16,27.22,27.22,11
nyc,2026-08-17,26.11,26.11,15
nyc,2026-08-18,29.44,29.44,13
nyc,2026-08-19,30.56,30.56,14
nyc,2026-08-20,29.44,29.44,11
nyc,2026-08-21,25.56,25.56,14
nyc,2026-08-22,24.44,25.0,18
nyc,2026-08-23,28.33,28.33,14
nyc,2026-08-24,27.22,27.22,14
nyc,2026-08-25,26.11,26.11,16
nyc,2026-08-26,27.78,27.78,15
nyc,2026-08-27,25.0,25.0,10
nyc,2026-08-28,28.89,28.89,15
nyc,2026-08-29,25.56,25.56,16
nyc,2026-08-30,26.67,27.22,17
nyc,2026-08-31,25.0,25.0,13
nyc,2026-09-01,26.67,26.67,14
nyc,2026-09-02,23.33,23.33,13
nyc,2026-09-04,28.89,28.89,13
nyc,2026-09-05,26.11,26.11,14
nyc,2026-09-06,23.89,23.89,15
nyc,2026-09-07,26.11,26.11,16
nyc,2026-09-08,26.67,26.67,13
nyc,2026-09-09,28.33,28.33,13
nyc,2026-09-10,30.56,30.56,14
nyc,2026-09-11,26.67,26.67,15
nyc,2026-09-12,25.56,25.56,12
nyc,2026-09-13,27.22,27.22,16
nyc,2026-09-14,25.0,25.0,0
nyc,2026-09-15,22.22,22.22,13
nyc,2026-09-16,25.56,25.56,14
nyc,2026-09-17,28.89,28.89,12
nyc,2026-09-18,27.22,27.22,15
nyc,2026-09-19,21.11,21.11,0
nyc,2026-09-20,20.56,21.67,18
nyc,2026-09-21,21.11,21.11,12
nyc,2026-09-22,20.56,20.56,15
panama-city,2026-07-01,34.0,34.0,12
panama-city,2026-07-02,34.0,34.0,14
panama-city,2026-07-03,32.0,32.0,12
panama-city,2026-07-04,27.0,27.0,0
panama-city,2026-07-05,32.0,32.0,14
panama-city,2026-07-06,33.0,33.0,12
panama-city,2026-07-07,34.0,34.0,12
panama-city,2026-07-08,35.0,35.0,14
panama-city,2026-07-09,33.0,33.0,11
panama-city,2026-07-10,30.0,30.0,10
panama-city,2026-07-11,32.0,32.0,13
panama-city,2026-07-12,31.0,31.0,13
panama-city,2026-07-13,29.0,29.0,14
panama-city,2026-07-14,33.0,33.0,12
panama-city,2026-07-15,34.0,34.0,13
panama-city,2026-07-16,34.0,34.0,12
panama-city,2026-07-17,34.0,34.0,14
panama-city,2026-07-18,33.0,33.0,12
panama-city,2026-07-19,32.0,32.0,14
panama-city,2026-07-20,29.0,29.0,12
panama-city,2026-07-21,32.0,32.0,13
panama-city,2026-07-22,30.0,30.0,11
panama-city,2026-07-23,29.0,29.0,10
panama-city,2026-07-24,30.0,30.0,13
panama-city,2026-07-25,33.0,33.0,15
panama-city,2026-07-26,32.0,32.0,11
panama-city,2026-07-27,32.0,32.0,13
panama-city,2026-07-28,32.0,32.0,13
panama-city,2026-07-29,33.0,33.0,13
panama-city,2026-07-30,33.0,33.0,12
panama-city,2026-07-31,34.0,34.0,15
panama-city,2026-08-01,33.0,33.0,15
panama-city,2026-08-02,33.0,33.0,13
panama-city,2026-08-03,31.0,31.0,14
panama-city,2026-08-04,33.0,33.0,13
panama-city,2026-08-05,31.0,31.0,11
panama-city,2026-08-06,29.0,29.0,13
panama-city,2026-08-07,34.0,34.0,15
panama-city,2026-08-08,33.0,33.0,12
panama-city,2026-08-09,32.0,32.0,12
panama-city,2026-08-10,33.0,33.0,12
panama-city,2026-08-11,33.0,33.0,12
panama-city,2026-08-12,33.0,33.0,13
panama-city,2026-08-13,34.0,34.0,12
panama-city,2026-08-14,33.0,33.0,13
panama-city,2026-08-15,32.0,32.0,12
panama-city,2026-08-16,31.0,31.0,11
panama-city,2026-08-17,26.0,26.0,0
panama-city,2026-08-18,31.0,31.0,12
panama-city,2026-08-19,33.0,33.0,12
panama-city,2026-08-20,34.0,34.0,13
panama-city,2026-08-21,33.0,33.0,14
panama-city,2026-08-22,33.0,33.0,14
panama-city,2026-08-23,31.0,31.0,15
panama-city,2026-08-24,32.0,32.0,11
panama-city,2026-08-25,33.0,33.0,13
panama-city,2026-08-26,32.0,32.0,15
panama-city,2026-08-27,32.0,32.0,11
panama-city,2026-08-28,31.0,31.0,12
panama-city,2026-08-29,32.0,32.0,15
panama-city,2026-08-31,27.0,28.0,17
panama-city,2026-09-01,32.0,32.0,13
panama-city,2026-09-02,32.0,32.0,12
panama-city,2026-09-03,33.0,33.0,13
panama-city,2026-09-04,32.0,32.0,11
panama-city,2026-09-05,33.0,33.0,12
panama-city,2026-09-06,31.0,31.0,13
panama-city,2026-09-07,32.0,32.0,15
panama-city,2026-09-08,34.0,34.0,14
panama-city,2026-09-09,31.0,31.0,11
panama-city,2026-09-10,31.0,31.0,13
panama-city,2026-09-11,32.0,32.0,12
panama-city,2026-09-12,32.0,32.0,12
panama-city,2026-09-13,32.0,32.0,12
panama-city,2026-09-14,31.0,31.0,14
panama-city,2026-09-15,28.0,28.0,11
panama-city,2026-09-16,31.0,31.0,13
panama-city,2026-09-17,32.0,32.0,11
panama-city,2026-09-18,33.0,33.0,11
panama-city,2026-09-19,31.0,31.0,11
panama-city,2026-09-20,32.0,32.0,12
panama-city,2026-09-21,31.0,31.0,14
panama-city,2026-09-22,31.0,31.0,9
paris,2026-07-01,24.0,25.0,18
paris,2026-07-02,24.0,26.0,18
paris,2026-07-03,28.0,28.0,16
paris,2026-07-04,29.0,30.0,17
paris,2026-07-05,29.0,29.0,16
paris,2026-07-06,33.0,34.0,18
paris,2026-07-07,33.0,33.0,16
paris,2026-07-08,33.0,33.0,16
paris,2026-07-09,32.0,33.0,17
paris,2026-07-10,34.0,35.0,17
paris,2026-07-11,35.0,35.0,14
paris,2026-07-12,35.0,35.0,16
paris,2026-07-13,35.0,35.0,16
paris,2026-07-14,34.0,34.0,16
paris,2026-07-15,31.0,31.0,15
paris,2026-07-16,33.0,33.0,16
paris,2026-07-17,25.0,26.0,17
paris,2026-07-18,29.0,29.0,16
paris,2026-07-19,24.0,24.0,16
paris,2026-07-20,23.0,24.0,18
paris,2026-07-21,25.0,26.0,18
paris,2026-07-22,25.0,25.0,16
paris,2026-07-23,24.0,25.0,18
paris,2026-07-24,27.0,28.0,17
paris,2026-07-25,30.0,30.0,16
paris,2026-07-26,23.0,26.0,18
paris,2026-07-27,25.0,27.0,17
paris,2026-07-28,32.0,32.0,16
paris,2026-07-29,38.0,38.0,16
paris,2026-07-30,29.0,30.0,17
paris,2026-07-31,28.0,28.0,15
paris,2026-08-01,28.0,28.0,14
paris,2026-08-02,32.0,32.0,16
paris,2026-08-03,35.0,35.0,14
paris,2026-08-04,32.0,32.0,16
paris,2026-08-05,28.0,28.0,14
paris,2026-08-06,25.0,25.0,15
paris,2026-08-07,26.0,27.0,17
paris,2026-08-08,31.0,31.0,16
paris,2026-08-09,32.0,33.0,18
paris,2026-08-10,32.0,32.0,16
paris,2026-08-11,32.0,32.0,16
paris,2026-08-12,35.0,35.0,16
paris,2026-08-13,37.0,38.0,17
paris,2026-08-14,39.0,39.0,16
paris,2026-08-15,30.0,31.0,17
paris,2026-08-16,30.0,30.0,15
paris,2026-08-17,29.0,29.0,16
paris,2026-08-18,27.0,27.0,15
paris,2026-08-19,29.0,29.0,15
paris,2026-08-20,25.0,25.0,15
paris,2026-08-21,24.0,24.0,15
paris,2026-08-22,23.0,23.0,16
paris,2026-08-23,24.0,24.0,16
paris,2026-08-24,26.0,27.0,17
paris,2026-08-25,28.0,29.0,17
paris,2026-08-26,29.0,29.0,15
paris,2026-08-27,27.0,27.0,16
paris,2026-08-28,22.0,24.0,17
paris,2026-08-29,22.0,22.0,13
paris,2026-08-30,24.0,24.0,15
paris,2026-08-31,23.0,23.0,15
paris,2026-09-01,24.0,24.0,15
paris,2026-09-02,24.0,26.0,18
paris,2026-09-04,28.0,28.0,14
paris,2026-09-05,24.0,25.0,17
paris,2026-09-06,28.0,28.0,16
paris,2026-09-07,29.0,29.0,15
paris,2026-09-08,26.0,26.0,14
paris,2026-09-09,21.0,22.0,17
paris,2026-09-10,21.0,21.0,15
paris,2026-09-11,25.0,25.0,16
paris,2026-09-12,26.0,26.0,16
paris,2026-09-13,26.0,27.0,17
paris,2026-09-14,28.0,29.0,17
paris,2026-09-15,33.0,33.0,16
paris,2026-09-16,22.0,22.0,15
paris,2026-09-17,22.0,22.0,15
paris,2026-09-18,22.0,22.0,16
paris,2026-09-19,24.0,25.0,17
paris,2026-09-20,23.0,23.0,15
paris,2026-09-21,22.0,22.0,15
paris,2026-09-22,24.0,24.0,16
qingdao,2026-07-01,29.0,29.0,15
qingdao,2026-07-02,31.0,31.0,13
qingdao,2026-07-03,31.0,31.0,13
qingdao,2026-07-04,30.0,30.0,12
qingdao,2026-07-05,33.0,33.0,11
qingdao,2026-07-06,33.0,33.0,14
qingdao,2026-07-07,23.0,23.0,0
qingdao,2026-07-08,32.0,32.0,15
qingdao,2026-07-09,28.0,28.0,9
qingdao,2026-07-10,30.0,30.0,11
qingdao,2026-07-11,30.0,30.0,11
qingdao,2026-07-12,31.0,31.0,11
qingdao,2026-07-13,26.0,26.0,0
qingdao,2026-07-14,29.0,29.0,12
qingdao,2026-07-15,30.0,30.0,11
qingdao,2026-07-16,29.0,29.0,15
qingdao,2026-07-17,26.0,26.0,11
qingdao,2026-07-18,31.0,31.0,15
qingdao,2026-07-19,29.0,29.0,12
qingdao,2026-07-20,29.0,29.0,12
qingdao,2026-07-21,32.0,32.0,13
qingdao,2026-07-22,29.0,29.0,12
qingdao,2026-07-23,33.0,33.0,12
qingdao,2026-07-24,30.0,30.0,11
qingdao,2026-07-25,31.0,31.0,10
qingdao,2026-07-26,31.0,31.0,11
qingdao,2026-07-27,32.0,32.0,12
qingdao,2026-07-28,33.0,33.0,13
qingdao,2026-07-29,33.0,33.0,12
qingdao,2026-07-30,34.0,34.0,12
qingdao,2026-07-31,36.0,36.0,12
qingdao,2026-08-01,35.0,35.0,10
qingdao,2026-08-02,36.0,36.0,11
qingdao,2026-08-03,35.0,35.0,11
qingdao,2026-08-04,36.0,36.0,14
qingdao,2026-08-05,38.0,38.0,16
qingdao,2026-08-06,37.0,37.0,14
qingdao,2026-08-07,37.0,37.0,14
qingdao,2026-08-08,33.0,33.0,13
qingdao,2026-08-09,32.0,32.0,12
qingdao,2026-08-10,31.0,31.0,11
qingdao,2026-08-11,31.0,31.0,14
qingdao,2026-08-12,32.0,32.0,12
qingdao,2026-08-13,29.0,29.0,13
qingdao,2026-08-14,33.0,33.0,15
qingdao,2026-08-15,31.0,31.0,13
qingdao,2026-08-16,33.0,33.0,12
qingdao,2026-08-17,32.0,32.0,13
qingdao,2026-08-18,33.0,33.0,15
qingdao,2026-08-19,33.0,33.0,13
qingdao,2026-08-20,30.0,30.0,11
qingdao,2026-08-21,30.0,30.0,9
qingdao,2026-08-22,31.0,31.0,12
qingdao,2026-08-23,31.0,31.0,12
qingdao,2026-08-24,31.0,31.0,10
qingdao,2026-08-25,32.0,32.0,11
qingdao,2026-08-26,32.0,32.0,13
qingdao,2026-08-27,31.0,31.0,14
qingdao,2026-08-28,27.0,27.0,14
qingdao,2026-08-29,28.0,28.0,14
qingdao,2026-08-30,27.0,27.0,14
qingdao,2026-08-31,31.0,31.0,13
qingdao,2026-09-01,30.0,30.0,13
qingdao,2026-09-02,29.0,29.0,13
qingdao,2026-09-04,32.0,32.0,14
qingdao,2026-09-05,31.0,31.0,14
qingdao,2026-09-06,30.0,30.0,13
qingdao,2026-09-07,30.0,30.0,12
qingdao,2026-09-08,27.0,27.0,13
qingdao,2026-09-09,26.0,26.0,13
qingdao,2026-09-10,27.0,27.0,14
qingdao,2026-09-11,28.0,28.0,13
qingdao,2026-09-12,27.0,27.0,14
qingdao,2026-09-13,28.0,28.0,14
qingdao,2026-09-14,29.0,29.0,14
qingdao,2026-09-15,31.0,31.0,13
qingdao,2026-09-16,32.0,32.0,14
qingdao,2026-09-17,28.0,28.0,13
qingdao,2026-09-18,28.0,28.0,12
qingdao,2026-09-19,29.0,29.0,13
qingdao,2026-09-20,30.0,30.0,13
qingdao,2026-09-21,29.0,29.0,14
qingdao,2026-09-22,31.0,31.0,15
qingdao,2026-09-23,30.0,30.0,13
san-francisco,2026-07-01,21.11,21.11,15
san-francisco,2026-07-02,21.11,21.11,14
san-francisco,2026-07-03,20.56,20.56,13
san-francisco,2026-07-04,20.0,20.0,13
san-francisco,2026-07-05,20.0,20.0,11
san-francisco,2026-07-06,19.44,19.44,13
san-francisco,2026-07-07,16.67,16.67,13
san-francisco,2026-07-08,17.78,17.78,14
san-francisco,2026-07-09,19.44,19.44,12
san-francisco,2026-07-10,18.33,18.33,13
san-francisco,2026-07-11,19.44,19.44,14
san-francisco,2026-07-12,23.33,23.33,15
san-francisco,2026-07-13,24.44,24.44,13
san-francisco,2026-07-14,27.22,27.22,15
san-francisco,2026-07-15,22.78,22.78,14
san-francisco,2026-07-16,20.56,20.56,12
san-francisco,2026-07-17,19.44,19.44,13
san-francisco,2026-07-18,21.67,21.67,13
san-francisco,2026-07-19,18.33,18.33,11
san-francisco,2026-07-20,21.11,21.11,15
san-francisco,2026-07-21,32.78,32.78,16
san-francisco,2026-07-22,22.78,22.78,12
san-francisco,2026-07-23,20.56,20.56,14
san-francisco,2026-07-24,21.11,21.11,14
san-francisco,2026-07-25,21.11,21.11,12
san-francisco,2026-07-26,20.0,20.0,13
san-francisco,2026-07-27,20.56,20.56,15
san-francisco,2026-07-28,21.11,21.11,14
san-francisco,2026-07-29,20.56,20.56,14
san-francisco,2026-07-30,22.78,22.78,13
san-francisco,2026-07-31,22.22,22.22,12
san-francisco,2026-08-01,22.78,22.78,11
san-francisco,2026-08-02,26.11,26.11,13
san-francisco,2026-08-03,25.0,25.0,13
san-francisco,2026-08-04,22.78,22.78,14
san-francisco,2026-08-05,21.11,21.11,14
san-francisco,2026-08-06,22.22,22.22,14
san-francisco,2026-08-07,19.44,19.44,12
san-francisco,2026-08-08,18.89,18.89,13
san-francisco,2026-08-09,21.11,21.11,11
san-francisco,2026-08-10,22.78,22.78,14
san-francisco,2026-08-11,24.44,24.44,14
san-francisco,2026-08-12,22.78,22.78,13
san-francisco,2026-08-13,21.67,21.67,15
san-francisco,2026-08-14,20.56,20.56,14
san-francisco,2026-08-15,20.0,20.0,13
san-francisco,2026-08-16,20.56,20.56,13
san-francisco,2026-08-17,21.67,21.67,13
san-francisco,2026-08-18,20.0,20.0,14
san-francisco,2026-08-19,19.44,19.44,11
san-francisco,2026-08-20,20.0,20.0,13
san-francisco,2026-08-21,19.44,19.44,12
san-francisco,2026-08-22,20.0,20.0,14
san-francisco,2026-08-23,24.44,24.44,12
san-francisco,2026-08-24,21.67,21.67,12
san-francisco,2026-08-25,19.44,19.44,12
san-francisco,2026-08-26,24.44,24.44,13
san-francisco,2026-08-27,22.78,22.78,14
san-francisco,2026-08-28,18.33,18.33,14
san-francisco,2026-08-29,21.11,21.11,11
san-francisco,2026-08-30,21.67,21.67,14
san-francisco,2026-08-31,18.89,18.89,14
san-francisco,2026-09-01,21.67,21.67,15
san-francisco,2026-09-02,22.22,22.22,14
san-francisco,2026-09-04,21.67,21.67,13
san-francisco,2026-09-05,22.78,22.78,13
san-francisco,2026-09-06,21.67,21.67,14
san-francisco,2026-09-07,26.67,26.67,14
san-francisco,2026-09-08,30.0,30.0,14
san-francisco,2026-09-09,33.89,33.89,14
san-francisco,2026-09-10,28.89,28.89,13
san-francisco,2026-09-11,22.22,22.22,14
san-francisco,2026-09-12,21.67,21.67,12
san-francisco,2026-09-13,21.11,21.11,13
san-francisco,2026-09-14,23.89,23.89,13
san-francisco,2026-09-15,22.22,22.22,13
san-francisco,2026-09-16,17.78,17.78,12
san-francisco,2026-09-17,21.67,21.67,14
san-francisco,2026-09-18,20.0,20.0,14
san-francisco,2026-09-19,19.44,19.44,12
san-francisco,2026-09-20,17.78,17.78,14
san-francisco,2026-09-21,20.0,20.0,14
san-francisco,2026-09-22,18.89,18.89,12
sao-paulo,2026-07-01,27.0,27.0,13
sao-paulo,2026-07-02,26.0,26.0,12
sao-paulo,2026-07-03,27.0,27.0,15
sao-paulo,2026-07-04,20.0,20.0,14
sao-paulo,2026-07-05,21.0,21.0,15
sao-paulo,2026-07-06,24.0,24.0,14
sao-paulo,2026-07-07,21.0,21.0,12
sao-paulo,2026-07-08,22.0,22.0,15
sao-paulo,2026-07-09,22.0,22.0,15
sao-paulo,2026-07-10,26.0,26.0,14
sao-paulo,2026-07-11,28.0,28.0,15
sao-paulo,2026-07-12,23.0,23.0,16
sao-paulo,2026-07-13,17.0,17.0,14
sao-paulo,2026-07-14,19.0,19.0,16
sao-paulo,2026-07-15,21.0,21.0,15
sao-paulo,2026-07-16,26.0,26.0,15
sao-paulo,2026-07-17,24.0,24.0,13
sao-paulo,2026-07-18,24.0,24.0,13
sao-paulo,2026-07-19,26.0,26.0,13
sao-paulo,2026-07-20,27.0,27.0,14
sao-paulo,2026-07-21,28.0,28.0,14
sao-paulo,2026-07-22,23.0,23.0,9
sao-paulo,2026-07-23,24.0,24.0,12
sao-paulo,2026-07-24,17.0,17.0,13
sao-paulo,2026-07-25,21.0,21.0,15
sao-paulo,2026-07-26,25.0,25.0,14
sao-paulo,2026-07-27,28.0,28.0,14
sao-paulo,2026-07-28,29.0,29.0,15
sao-paulo,2026-07-29,30.0,30.0,12
sao-paulo,2026-07-30,22.0,22.0,14
sao-paulo,2026-07-31,23.0,23.0,15
sao-paulo,2026-08-01,27.0,27.0,16
sao-paulo,2026-08-02,29.0,29.0,16
sao-paulo,2026-08-03,27.0,27.0,15
sao-paulo,2026-08-04,26.0,26.0,13
sao-paulo,2026-08-05,28.0,28.0,13
sao-paulo,2026-08-06,28.0,28.0,14
sao-paulo,2026-08-07,25.0,25.0,8
sao-paulo,2026-08-08,29.0,29.0,14
sao-paulo,2026-08-09,26.0,26.0,12
sao-paulo,2026-08-10,18.0,18.0,13
sao-paulo,2026-08-11,18.0,18.0,15
sao-paulo,2026-08-12,24.0,24.0,15
sao-paulo,2026-08-13,30.0,30.0,14
sao-paulo,2026-08-14,26.0,26.0,15
sao-paulo,2026-08-15,22.0,22.0,14
sao-paulo,2026-08-16,27.0,27.0,16
sao-paulo,2026-08-17,29.0,29.0,15
sao-paulo,2026-08-18,31.0,31.0,15
sao-paulo,2026-08-19,32.0,32.0,15
sao-paulo,2026-08-20,32.0,32.0,13
sao-paulo,2026-08-21,25.0,25.0,0
sao-paulo,2026-08-22,23.0,23.0,15
sao-paulo,2026-08-23,24.0,24.0,15
sao-paulo,2026-08-24,18.0,18.0,12
sao-paulo,2026-08-25,19.0,19.0,14
sao-paulo,2026-08-26,25.0,25.0,14
sao-paulo,2026-08-27,27.0,27.0,14
sao-paulo,2026-08-28,32.0,32.0,16
sao-paulo,2026-08-29,33.0,33.0,14
sao-paulo,2026-08-30,31.0,31.0,14
sao-paulo,2026-08-31,25.0,25.0,12
sao-paulo,2026-09-01,21.0,21.0,13
sao-paulo,2026-09-02,21.0,21.0,13
sao-paulo,2026-09-03,29.0,29.0,15
sao-paulo,2026-09-04,31.0,31.0,14
sao-paulo,2026-09-05,20.0,20.0,16
sao-paulo,2026-09-06,15.0,15.0,0
sao-paulo,2026-09-07,14.0,14.0,12
sao-paulo,2026-09-08,19.0,19.0,15
sao-paulo,2026-09-09,22.0,22.0,16
sao-paulo,2026-09-10,22.0,22.0,10
sao-paulo,2026-09-11,28.0,28.0,16
sao-paulo,2026-09-12,20.0,20.0,15
sao-paulo,2026-09-13,16.0,16.0,0
sao-paulo,2026-09-14,16.0,16.0,11
sao-paulo,2026-09-15,20.0,20.0,13
sao-paulo,2026-09-16,19.0,19.0,12
sao-paulo,2026-09-17,17.0,17.0,11
sao-paulo,2026-09-18,23.0,23.0,14
sao-paulo,2026-09-19,27.0,27.0,14
sao-paulo,2026-09-20,21.0,21.0,12
sao-paulo,2026-09-21,31.0,31.0,13
sao-paulo,2026-09-22,25.0,25.0,0
seattle,2026-07-01,17.22,17.22,12
seattle,2026-07-02,18.33,18.33,12
seattle,2026-07-03,22.22,22.22,14
seattle,2026-07-04,20.56,21.11,17
seattle,2026-07-05,24.44,24.44,16
seattle,2026-07-06,29.44,29.44,16
seattle,2026-07-07,22.78,23.33,17
seattle,2026-07-08,20.56,20.56,16
seattle,2026-07-09,25.56,25.56,16
seattle,2026-07-10,24.44,24.44,15
seattle,2026-07-11,23.89,23.89,16
seattle,2026-07-12,22.22,22.22,16
seattle,2026-07-13,26.11,26.11,15
seattle,2026-07-14,29.44,29.44,16
seattle,2026-07-15,28.33,28.33,16
seattle,2026-07-16,17.22,17.22,0
seattle,2026-07-17,21.67,21.67,16
seattle,2026-07-18,23.33,23.33,16
seattle,2026-07-19,25.56,25.56,16
seattle,2026-07-20,27.22,27.78,17
seattle,2026-07-21,33.33,33.33,16
seattle,2026-07-22,34.44,34.44,15
seattle,2026-07-23,23.89,23.89,14
seattle,2026-07-24,27.22,27.78,17
seattle,2026-07-25,22.22,22.22,15
seattle,2026-07-26,22.22,22.22,12
seattle,2026-07-27,25.56,25.56,15
seattle,2026-07-28,22.22,22.22,11
seattle,2026-07-29,23.89,23.89,15
seattle,2026-07-30,25.0,25.56,17
seattle,2026-07-31,27.78,27.78,16
seattle,2026-08-01,21.67,21.67,14
seattle,2026-08-02,20.56,20.56,13
seattle,2026-08-03,23.89,23.89,16
seattle,2026-08-04,26.67,26.67,15
seattle,2026-08-05,30.0,30.0,16
seattle,2026-08-06,30.56,30.56,16
seattle,2026-08-07,29.44,29.44,15
seattle,2026-08-08,28.33,28.33,16
seattle,2026-08-09,25.0,25.0,15
seattle,2026-08-10,23.33,23.33,16
seattle,2026-08-11,25.56,25.56,16
seattle,2026-08-12,25.56,25.56,15
seattle,2026-08-13,26.67,26.67,15
seattle,2026-08-14,24.44,25.0,17
seattle,2026-08-15,23.33,23.89,17
seattle,2026-08-16,23.89,23.89,16
seattle,2026-08-17,25.56,25.56,15
seattle,2026-08-18,25.56,25.56,16
seattle,2026-08-19,27.78,27.78,16
seattle,2026-08-20,28.89,29.44,17
seattle,2026-08-21,26.67,26.67,12
seattle,2026-08-22,23.89,23.89,15
seattle,2026-08-23,23.89,23.89,16
seattle,2026-08-24,26.67,26.67,15
seattle,2026-08-25,28.89,28.89,14
seattle,2026-08-26,24.44,25.0,17
seattle,2026-08-27,22.78,22.78,15
seattle,2026-08-28,22.22,22.22,15
seattle,2026-08-29,21.67,21.67,15
seattle,2026-08-30,21.11,21.11,16
seattle,2026-08-31,24.44,24.44,15
seattle,2026-09-01,18.89,18.89,11
seattle,2026-09-02,20.56,20.56,11
seattle,2026-09-04,20.56,20.56,16
seattle,2026-09-05,20.56,20.56,16
seattle,2026-09-06,22.78,22.78,16
seattle,2026-09-07,21.11,21.11,16
seattle,2026-09-08,23.33,23.33,16
seattle,2026-09-09,25.0,25.0,15
seattle,2026-09-10,21.11,21.11,14
seattle,2026-09-11,18.89,18.89,14
seattle,2026-09-12,18.89,18.89,16
seattle,2026-09-13,15.0,15.56,17
seattle,2026-09-14,18.89,18.89,16
seattle,2026-09-15,19.44,19.44,15
seattle,2026-09-16,23.33,23.33,16
seattle,2026-09-17,24.44,24.44,16
seattle,2026-09-18,20.0,20.0,16
seattle,2026-09-19,16.67,17.22,17
seattle,2026-09-20,21.11,21.11,15
seattle,2026-09-21,18.89,18.89,14
seattle,2026-09-22,20.0,20.0,15
seoul,2026-07-01,30.0,30.0,13
seoul,2026-07-02,28.0,28.0,14
seoul,2026-07-03,28.0,28.0,16
seoul,2026-07-04,28.0,28.0,13
seoul,2026-07-05,27.0,27.0,14
seoul,2026-07-06,27.0,27.0,15
seoul,2026-07-07,29.0,29.0,11
seoul,2026-07-08,28.0,28.0,1
seoul,2026-07-09,25.0,27.0,17
seoul,2026-07-10,27.0,27.0,9
seoul,2026-07-11,32.0,32.0,14
seoul,2026-07-12,34.0,34.0,14
seoul,2026-07-13,32.0,32.0,15
seoul,2026-07-14,32.0,32.0,12
seoul,2026-07-15,28.0,28.0,15
seoul,2026-07-16,28.0,28.0,11
seoul,2026-07-17,31.0,31.0,14
seoul,2026-07-18,26.0,26.0,16
seoul,2026-07-19,27.0,27.0,11
seoul,2026-07-20,26.0,27.0,20
seoul,2026-07-21,27.0,27.0,0
seoul,2026-07-22,27.0,27.0,15
seoul,2026-07-23,29.0,29.0,12
seoul,2026-07-24,30.0,30.0,12
seoul,2026-07-25,30.0,30.0,10
seoul,2026-07-26,31.0,31.0,11
seoul,2026-07-27,31.0,31.0,12
seoul,2026-07-28,30.0,30.0,11
seoul,2026-07-29,30.0,30.0,11
seoul,2026-07-30,30.0,30.0,13
seoul,2026-07-31,31.0,31.0,13
seoul,2026-08-01,32.0,32.0,13
seoul,2026-08-02,33.0,33.0,14
seoul,2026-08-03,33.0,33.0,15
seoul,2026-08-04,34.0,34.0,13
seoul,2026-08-05,34.0,34.0,12
seoul,2026-08-06,35.0,35.0,13
seoul,2026-08-07,35.0,35.0,11
seoul,2026-08-08,36.0,36.0,13
seoul,2026-08-09,33.0,33.0,16
seoul,2026-08-10,33.0,33.0,15
seoul,2026-08-11,31.0,31.0,13
seoul,2026-08-12,32.0,32.0,16
seoul,2026-08-13,31.0,31.0,14
seoul,2026-08-14,30.0,30.0,10
seoul,2026-08-15,28.0,28.0,12
seoul,2026-08-16,27.0,27.0,16
seoul,2026-08-17,28.0,28.0,11
seoul,2026-08-18,30.0,30.0,13
seoul,2026-08-19,29.0,29.0,13
seoul,2026-08-20,28.0,28.0,9
seoul,2026-08-21,27.0,28.0,17
seoul,2026-08-22,27.0,27.0,0
seoul,2026-08-23,32.0,32.0,13
seoul,2026-08-24,31.0,31.0,11
seoul,2026-08-25,30.0,30.0,12
seoul,2026-08-26,30.0,30.0,16
seoul,2026-08-27,30.0,30.0,13
seoul,2026-08-28,30.0,30.0,12
seoul,2026-08-29,29.0,29.0,13
seoul,2026-08-30,27.0,27.0,12
seoul,2026-08-31,25.0,25.0,0
seoul,2026-09-01,24.0,24.0,0
seoul,2026-09-02,28.0,28.0,14
seoul,2026-09-04,30.0,30.0,13
seoul,2026-09-05,29.0,29.0,15
seoul,2026-09-06,29.0,29.0,15
seoul,2026-09-07,28.0,28.0,16
seoul,2026-09-08,27.0,27.0,13
seoul,2026-09-09,26.0,26.0,14
seoul,2026-09-10,22.0,22.0,14
seoul,2026-09-11,24.0,24.0,13
seoul,2026-09-12,23.0,23.0,12
seoul,2026-09-13,24.0,24.0,14
seoul,2026-09-14,26.0,26.0,15
seoul,2026-09-15,24.0,24.0,12
seoul,2026-09-16,27.0,27.0,14
seoul,2026-09-17,27.0,27.0,12
seoul,2026-09-18,28.0,28.0,13
seoul,2026-09-19,28.0,28.0,14
seoul,2026-09-20,26.0,26.0,12
seoul,2026-09-21,27.0,27.0,13
seoul,2026-09-22,28.0,28.0,13
seoul,2026-09-23,27.0,27.0,13
shanghai,2026-07-01,26.0,26.0,0
shanghai,2026-07-02,30.0,30.0,13
shanghai,2026-07-03,33.0,33.0,13
shanghai,2026-07-04,33.0,33.0,12
shanghai,2026-07-05,31.0,31.0,13
shanghai,2026-07-06,36.0,36.0,15
shanghai,2026-07-07,34.0,34.0,12
shanghai,2026-07-08,36.0,36.0,14
shanghai,2026-07-09,29.0,29.0,0
shanghai,2026-07-10,32.0,32.0,12
shanghai,2026-07-11,31.0,31.0,11
shanghai,2026-07-12,31.0,31.0,14
shanghai,2026-07-13,33.0,33.0,12
shanghai,2026-07-14,36.0,36.0,14
shanghai,2026-07-15,39.0,39.0,14
shanghai,2026-07-16,38.0,38.0,11
shanghai,2026-07-17,39.0,39.0,14
shanghai,2026-07-18,37.0,37.0,11
shanghai,2026-07-19,33.0,33.0,14
shanghai,2026-07-20,35.0,35.0,16
shanghai,2026-07-21,33.0,33.0,11
shanghai,2026-07-22,35.0,35.0,14
shanghai,2026-07-23,35.0,35.0,14
shanghai,2026-07-24,36.0,36.0,15
shanghai,2026-07-25,35.0,35.0,13
shanghai,2026-07-26,34.0,34.0,11
shanghai,2026-07-27,34.0,34.0,14
shanghai,2026-07-28,33.0,33.0,13
shanghai,2026-07-29,35.0,35.0,12
shanghai,2026-07-30,36.0,36.0,13
shanghai,2026-07-31,36.0,36.0,11
shanghai,2026-08-01,36.0,36.0,10
shanghai,2026-08-02,36.0,36.0,11
shanghai,2026-08-03,34.0,34.0,12
shanghai,2026-08-04,33.0,33.0,11
shanghai,2026-08-05,33.0,33.0,11
shanghai,2026-08-06,33.0,33.0,11
shanghai,2026-08-07,34.0,34.0,12
shanghai,2026-08-08,33.0,33.0,11
shanghai,2026-08-09,28.0,28.0,0
shanghai,2026-08-10,28.0,28.0,1
shanghai,2026-08-11,29.0,29.0,15
shanghai,2026-08-12,27.0,27.0,0
shanghai,2026-08-13,29.0,29.0,13
shanghai,2026-08-14,28.0,28.0,9
shanghai,2026-08-15,31.0,31.0,11
shanghai,2026-08-16,29.0,29.0,16
shanghai,2026-08-17,31.0,31.0,11
shanghai,2026-08-18,31.0,31.0,14
shanghai,2026-08-19,31.0,31.0,11
shanghai,2026-08-20,32.0,32.0,13
shanghai,2026-08-21,31.0,31.0,9
shanghai,2026-08-22,31.0,31.0,16
shanghai,2026-08-23,31.0,31.0,13
shanghai,2026-08-24,32.0,32.0,16
shanghai,2026-08-25,31.0,31.0,12
shanghai,2026-08-26,32.0,32.0,11
shanghai,2026-08-27,32.0,32.0,11
shanghai,2026-08-28,30.0,30.0,10
shanghai,2026-08-29,31.0,31.0,12
shanghai,2026-08-30,31.0,31.0,12
shanghai,2026-08-31,32.0,32.0,10
shanghai,2026-09-01,30.0,30.0,14
shanghai,2026-09-02,30.0,30.0,11
shanghai,2026-09-04,31.0,31.0,12
shanghai,2026-09-05,30.0,30.0,11
shanghai,2026-09-06,30.0,30.0,12
shanghai,2026-09-07,30.0,30.0,13
shanghai,2026-09-08,29.0,29.0,11
shanghai,2026-09-09,28.0,28.0,15
shanghai,2026-09-10,29.0,29.0,12
shanghai,2026-09-11,27.0,27.0,14
shanghai,2026-09-12,28.0,28.0,12
shanghai,2026-09-13,29.0,29.0,11
shanghai,2026-09-14,29.0,29.0,14
shanghai,2026-09-15,28.0,28.0,10
shanghai,2026-09-16,28.0,28.0,11
shanghai,2026-09-17,28.0,28.0,9
shanghai,2026-09-18,29.0,29.0,11
shanghai,2026-09-19,27.0,27.0,1
shanghai,2026-09-20,28.0,28.0,11
shanghai,2026-09-21,28.0,28.0,11
shanghai,2026-09-22,28.0,28.0,11
shanghai,2026-09-23,29.0,29.0,12
shenzhen,2026-07-01,32.0,32.0,10
shenzhen,2026-07-02,35.0,35.0,15
shenzhen,2026-07-03,34.0,34.0,12
shenzhen,2026-07-04,32.0,32.0,10
shenzhen,2026-07-05,32.0,32.0,11
shenzhen,2026-07-06,31.0,31.0,11
shenzhen,2026-07-07,28.0,28.0,16
shenzhen,2026-07-08,30.0,30.0,10
shenzhen,2026-07-09,32.0,32.0,15
shenzhen,2026-07-10,32.0,32.0,14
shenzhen,2026-07-11,34.0,34.0,15
shenzhen,2026-07-12,32.0,32.0,12
shenzhen,2026-07-13,32.0,32.0,12
shenzhen,2026-07-14,31.0,31.0,12
shenzhen,2026-07-15,29.0,29.0,9
shenzhen,2026-07-16,27.0,28.0,19
shenzhen,2026-07-17,29.0,30.0,17
shenzhen,2026-07-18,30.0,30.0,13
shenzhen,2026-07-19,31.0,31.0,10
shenzhen,2026-07-20,30.0,30.0,14
shenzhen,2026-07-21,31.0,31.0,10
shenzhen,2026-07-22,32.0,32.0,14
shenzhen,2026-07-23,32.0,32.0,14
shenzhen,2026-07-24,33.0,33.0,13
shenzhen,2026-07-25,36.0,36.0,15
shenzhen,2026-07-26,29.0,29.0,0
shenzhen,2026-07-27,29.0,30.0,17
shenzhen,2026-07-28,30.0,30.0,8
shenzhen,2026-07-29,29.0,29.0,16
shenzhen,2026-07-30,31.0,31.0,10
shenzhen,2026-07-31,27.0,27.0,0
shenzhen,2026-08-01,30.0,30.0,12
shenzhen,2026-08-02,29.0,29.0,12
shenzhen,2026-08-03,29.0,29.0,13
shenzhen,2026-08-04,30.0,30.0,10
shenzhen,2026-08-05,31.0,31.0,13
shenzhen,2026-08-06,31.0,31.0,12
shenzhen,2026-08-07,34.0,34.0,14
shenzhen,2026-08-08,36.0,36.0,15
shenzhen,2026-08-09,37.0,37.0,14
shenzhen,2026-08-10,36.0,36.0,14
shenzhen,2026-08-11,36.0,36.0,15
shenzhen,2026-08-12,33.0,33.0,11
shenzhen,2026-08-13,32.0,32.0,11
shenzhen,2026-08-14,30.0,30.0,9
shenzhen,2026-08-15,31.0,31.0,14
shenzhen,2026-08-16,33.0,33.0,14
shenzhen,2026-08-17,32.0,32.0,10
shenzhen,2026-08-18,32.0,32.0,11
shenzhen,2026-08-19,35.0,35.0,16
shenzhen,2026-08-20,31.0,31.0,10
shenzhen,2026-08-21,31.0,31.0,12
shenzhen,2026-08-22,33.0,33.0,14
shenzhen,2026-08-23,32.0,32.0,14
shenzhen,2026-08-24,31.0,31.0,10
shenzhen,2026-08-25,32.0,32.0,15
shenzhen,2026-08-26,31.0,31.0,13
shenzhen,2026-08-27,30.0,30.0,14
shenzhen,2026-08-28,31.0,31.0,13
shenzhen,2026-08-29,32.0,32.0,12
shenzhen,2026-08-30,31.0,31.0,10
shenzhen,2026-08-31,30.0,30.0,10
shenzhen,2026-09-01,31.0,31.0,16
shenzhen,2026-09-02,30.0,30.0,14
shenzhen,2026-09-04,30.0,30.0,15
shenzhen,2026-09-05,31.0,31.0,10
shenzhen,2026-09-06,28.0,28.0,15
shenzhen,2026-09-07,31.0,31.0,15
shenzhen,2026-09-08,32.0,32.0,15
shenzhen,2026-09-09,32.0,32.0,12
shenzhen,2026-09-10,33.0,33.0,15
shenzhen,2026-09-11,33.0,33.0,16
shenzhen,2026-09-12,34.0,34.0,14
shenzhen,2026-09-13,32.0,32.0,13
shenzhen,2026-09-14,30.0,30.0,9
shenzhen,2026-09-15,30.0,30.0,15
shenzhen,2026-09-16,30.0,30.0,13
shenzhen,2026-09-17,30.0,30.0,12
shenzhen,2026-09-18,32.0,32.0,15
shenzhen,2026-09-19,32.0,32.0,14
shenzhen,2026-09-20,32.0,32.0,13
shenzhen,2026-09-21,32.0,32.0,14
shenzhen,2026-09-22,31.0,31.0,9
shenzhen,2026-09-23,31.0,31.0,15
singapore,2026-07-01,32.0,32.0,13
singapore,2026-07-02,29.0,29.0,0
singapore,2026-07-03,31.0,31.0,11
singapore,2026-07-04,33.0,33.0,16
singapore,2026-07-05,33.0,33.0,14
singapore,2026-07-06,31.0,31.0,13
singapore,2026-07-07,32.0,32.0,14
singapore,2026-07-08,31.0,31.0,14
singapore,2026-07-09,31.0,31.0,12
singapore,2026-07-10,32.0,32.0,13
singapore,2026-07-11,31.0,31.0,16
singapore,2026-07-12,30.0,30.0,10
singapore,2026-07-13,31.0,31.0,11
singapore,2026-07-14,32.0,32.0,13
singapore,2026-07-15,32.0,32.0,13
singapore,2026-07-16,32.0,32.0,15
singapore,2026-07-17,30.0,30.0,11
singapore,2026-07-18,32.0,32.0,14
singapore,2026-07-19,32.0,32.0,15
singapore,2026-07-20,32.0,32.0,13
singapore,2026-07-21,31.0,31.0,15
singapore,2026-07-22,30.0,30.0,10
singapore,2026-07-23,30.0,30.0,12
singapore,2026-07-24,31.0,31.0,11
singapore,2026-07-25,30.0,30.0,13
singapore,2026-07-26,30.0,30.0,16
singapore,2026-07-27,32.0,32.0,16
singapore,2026-07-28,31.0,31.0,11
singapore,2026-07-29,32.0,32.0,13
singapore,2026-07-30,30.0,30.0,10
singapore,2026-07-31,32.0,32.0,13
singapore,2026-08-01,33.0,33.0,14
singapore,2026-08-02,32.0,32.0,13
singapore,2026-08-03,33.0,33.0,14
singapore,2026-08-04,31.0,32.0,17
singapore,2026-08-05,32.0,32.0,13
singapore,2026-08-06,32.0,32.0,14
singapore,2026-08-07,33.0,33.0,14
singapore,2026-08-08,32.0,32.0,11
singapore,2026-08-09,32.0,32.0,12
singapore,2026-08-10,32.0,32.0,13
singapore,2026-08-11,32.0,32.0,13
singapore,2026-08-12,32.0,32.0,13
singapore,2026-08-13,32.0,32.0,14
singapore,2026-08-14,33.0,33.0,14
singapore,2026-08-15,32.0,32.0,13
singapore,2026-08-16,32.0,32.0,13
singapore,2026-08-17,33.0,33.0,15
singapore,2026-08-18,33.0,33.0,14
singapore,2026-08-19,33.0,33.0,14
singapore,2026-08-20,33.0,33.0,14
singapore,2026-08-21,33.0,33.0,12
singapore,2026-08-22,33.0,33.0,12
singapore,2026-08-23,33.0,33.0,13
singapore,2026-08-24,33.0,33.0,13
singapore,2026-08-25,33.0,33.0,13
singapore,2026-08-26,31.0,31.0,11
singapore,2026-08-27,33.0,33.0,14
singapore,2026-08-28,32.0,32.0,12
singapore,2026-08-29,33.0,33.0,14
singapore,2026-08-30,32.0,32.0,16
singapore,2026-08-31,30.0,30.0,14
singapore,2026-09-01,32.0,32.0,12
singapore,2026-09-02,33.0,33.0,14
singapore,2026-09-04,33.0,33.0,14
singapore,2026-09-05,33.0,33.0,14
singapore,2026-09-06,33.0,33.0,14
singapore,2026-09-07,33.0,33.0,14
singapore,2026-09-08,33.0,33.0,15
singapore,2026-09-09,33.0,33.0,14
singapore,2026-09-10,32.0,32.0,12
singapore,2026-09-11,31.0,31.0,11
singapore,2026-09-12,32.0,32.0,15
singapore,2026-09-13,33.0,33.0,13
singapore,2026-09-14,33.0,33.0,15
singapore,2026-09-15,33.0,33.0,16
singapore,2026-09-16,34.0,34.0,16
singapore,2026-09-17,33.0,33.0,13
singapore,2026-09-18,33.0,33.0,14
singapore,2026-09-19,33.0,33.0,13
singapore,2026-09-20,32.0,32.0,12
singapore,2026-09-21,32.0,32.0,12
singapore,2026-09-22,31.0,31.0,12
singapore,2026-09-23,32.0,32.0,13
taipei,2026-07-01,35.0,35.0,10
taipei,2026-07-02,35.0,35.0,14
taipei,2026-07-03,36.0,36.0,11
taipei,2026-07-04,36.0,36.0,11
taipei,2026-07-05,36.0,36.0,14
taipei,2026-07-06,35.0,35.0,12
taipei,2026-07-07,35.0,35.0,12
taipei,2026-07-08,35.0,35.0,11
taipei,2026-07-09,35.0,35.0,11
taipei,2026-07-10,33.0,33.0,10
taipei,2026-07-11,28.0,28.0,0
taipei,2026-07-12,36.0,36.0,14
taipei,2026-07-13,33.0,33.0,9
taipei,2026-07-14,35.0,35.0,12
taipei,2026-07-15,35.0,35.0,11
taipei,2026-07-16,36.0,36.0,12
taipei,2026-07-17,36.0,36.0,12
taipei,2026-07-18,36.0,36.0,14
taipei,2026-07-19,36.0,36.0,15
taipei,2026-07-20,34.0,34.0,11
taipei,2026-07-21,34.0,34.0,11
taipei,2026-07-22,36.0,36.0,16
taipei,2026-07-23,34.0,34.0,10
taipei,2026-07-24,36.0,36.0,10
taipei,2026-07-25,36.0,36.0,13
taipei,2026-07-26,36.0,36.0,12
taipei,2026-07-27,35.0,35.0,10
taipei,2026-07-28,36.0,36.0,13
taipei,2026-07-29,36.0,36.0,12
taipei,2026-07-30,35.0,35.0,12
taipei,2026-07-31,37.0,37.0,14
taipei,2026-08-01,36.0,36.0,12
taipei,2026-08-02,36.0,36.0,11
taipei,2026-08-03,37.0,37.0,13
taipei,2026-08-04,35.0,35.0,11
taipei,2026-08-05,36.0,36.0,11
taipei,2026-08-06,36.0,36.0,11
taipei,2026-08-07,33.0,33.0,12
taipei,2026-08-08,35.0,35.0,13
taipei,2026-08-09,27.0,29.0,18
taipei,2026-08-10,35.0,35.0,13
taipei,2026-08-11,35.0,35.0,10
taipei,2026-08-12,36.0,36.0,12
taipei,2026-08-13,36.0,36.0,11
taipei,2026-08-14,37.0,37.0,12
taipei,2026-08-15,36.0,36.0,12
taipei,2026-08-16,36.0,36.0,11
taipei,2026-08-17,36.0,36.0,12
taipei,2026-08-18,34.0,34.0,13
taipei,2026-08-19,32.0,32.0,10
taipei,2026-08-20,33.0,33.0,11
taipei,2026-08-21,34.0,34.0,11
taipei,2026-08-22,35.0,35.0,11
taipei,2026-08-23,32.0,32.0,12
taipei,2026-08-24,31.0,31.0,9
taipei,2026-08-25,30.0,30.0,9
taipei,2026-08-26,32.0,32.0,12
taipei,2026-08-27,35.0,35.0,15
taipei,2026-08-28,37.0,37.0,14
taipei,2026-08-29,35.0,35.0,11
taipei,2026-08-30,35.0,35.0,14
taipei,2026-08-31,34.0,34.0,11
taipei,2026-09-01,32.0,32.0,11
taipei,2026-09-02,33.0,33.0,12
taipei,2026-09-04,27.0,27.0,6
taipei,2026-09-05,31.0,31.0,12
taipei,2026-09-06,25.0,25.0,0
taipei,2026-09-07,31.0,31.0,11
taipei,2026-09-08,32.0,32.0,15
taipei,2026-09-09,31.0,31.0,11
taipei,2026-09-10,31.0,31.0,11
taipei,2026-09-11,29.0,29.0,13
taipei,2026-09-12,32.0,32.0,12
taipei,2026-09-13,34.0,34.0,11
taipei,2026-09-14,33.0,33.0,13
taipei,2026-09-15,29.0,29.0,10
taipei,2026-09-16,30.0,30.0,11
taipei,2026-09-17,32.0,32.0,13
taipei,2026-09-18,32.0,32.0,12
taipei,2026-09-19,34.0,34.0,13
taipei,2026-09-20,33.0,33.0,12
taipei,2026-09-21,32.0,32.0,14
taipei,2026-09-22,33.0,33.0,12
taipei,2026-09-23,32.0,32.0,12
tel-aviv,2026-07-01,31.0,31.0,11
tel-aviv,2026-07-02,31.0,31.0,12
tel-aviv,2026-07-03,31.0,31.0,12
tel-aviv,2026-07-04,31.0,31.0,12
tel-aviv,2026-07-05,31.0,31.0,12
tel-aviv,2026-07-06,33.0,33.0,15
tel-aviv,2026-07-07,31.0,31.0,13
tel-aviv,2026-07-08,30.0,30.0,11
tel-aviv,2026-07-09,31.0,31.0,11
tel-aviv,2026-07-10,31.0,31.0,13
tel-aviv,2026-07-11,31.0,31.0,10
tel-aviv,2026-07-12,31.0,31.0,12
tel-aviv,2026-07-13,31.0,31.0,13
tel-aviv,2026-07-14,32.0,32.0,12
tel-aviv,2026-07-15,32.0,32.0,11
tel-aviv,2026-07-16,32.0,32.0,12
tel-aviv,2026-07-17,32.0,32.0,12
tel-aviv,2026-07-18,35.0,35.0,12
tel-aviv,2026-07-19,34.0,34.0,10
tel-aviv,2026-07-20,33.0,33.0,11
tel-aviv,2026-07-21,33.0,33.0,14
tel-aviv,2026-07-22,33.0,33.0,11
tel-aviv,2026-07-23,33.0,33.0,12
tel-aviv,2026-07-24,32.0,32.0,13
tel-aviv,2026-07-25,33.0,33.0,14
tel-aviv,2026-07-26,31.0,31.0,11
tel-aviv,2026-07-27,32.0,32.0,12
tel-aviv,2026-07-28,32.0,32.0,10
tel-aviv,2026-07-29,33.0,33.0,14
tel-aviv,2026-07-30,34.0,34.0,12
tel-aviv,2026-07-31,34.0,34.0,15
tel-aviv,2026-08-01,34.0,34.0,10
tel-aviv,2026-08-02,35.0,35.0,12
tel-aviv,2026-08-03,34.0,34.0,10
tel-aviv,2026-08-04,32.0,32.0,10
tel-aviv,2026-08-05,33.0,33.0,11
tel-aviv,2026-08-06,33.0,33.0,11
tel-aviv,2026-08-07,32.0,32.0,13
tel-aviv,2026-08-08,32.0,32.0,11
tel-aviv,2026-08-09,33.0,33.0,11
tel-aviv,2026-08-10,34.0,34.0,12
tel-aviv,2026-08-11,35.0,35.0,12
tel-aviv,2026-08-12,35.0,35.0,13
tel-aviv,2026-08-13,34.0,34.0,12
tel-aviv,2026-08-14,32.0,32.0,10
tel-aviv,2026-08-15,33.0,33.0,11
tel-aviv,2026-08-16,33.0,33.0,11
tel-aviv,2026-08-17,31.0,31.0,11
tel-aviv,2026-08-18,31.0,31.0,11
tel-aviv,2026-08-19,32.0,32.0,11
tel-aviv,2026-08-20,32.0,32.0,11
tel-aviv,2026-08-21,32.0,32.0,10
tel-aviv,2026-08-22,32.0,32.0,10
tel-aviv,2026-08-23,32.0,32.0,11
tel-aviv,2026-08-24,32.0,32.0,10
tel-aviv,2026-08-25,33.0,33.0,11
tel-aviv,2026-08-26,33.0,33.0,10
tel-aviv,2026-08-27,33.0,33.0,11
tel-aviv,2026-08-28,33.0,33.0,11
tel-aviv,2026-08-29,33.0,33.0,12
tel-aviv,2026-08-30,32.0,32.0,13
tel-aviv,2026-08-31,32.0,32.0,11
tel-aviv,2026-09-01,32.0,32.0,13
tel-aviv,2026-09-02,33.0,33.0,13
tel-aviv,2026-09-04,32.0,32.0,13
tel-aviv,2026-09-05,32.0,32.0,11
tel-aviv,2026-09-06,32.0,32.0,11
tel-aviv,2026-09-07,32.0,32.0,13
tel-aviv,2026-09-08,34.0,34.0,12
tel-aviv,2026-09-09,34.0,34.0,13
tel-aviv,2026-09-10,33.0,33.0,11
tel-aviv,2026-09-11,31.0,31.0,11
tel-aviv,2026-09-12,32.0,32.0,13
tel-aviv,2026-09-13,32.0,32.0,11
tel-aviv,2026-09-14,33.0,33.0,11
tel-aviv,2026-09-15,33.0,33.0,11
tel-aviv,2026-09-16,33.0,33.0,12
tel-aviv,2026-09-17,34.0,34.0,12
tel-aviv,2026-09-18,30.0,30.0,9
tel-aviv,2026-09-19,30.0,30.0,10
tel-aviv,2026-09-20,31.0,31.0,12
tel-aviv,2026-09-21,30.0,30.0,13
tel-aviv,2026-09-22,30.0,30.0,10
tel-aviv,2026-09-23,30.0,30.0,11
tokyo,2026-07-01,27.0,27.0,13
tokyo,2026-07-02,24.0,24.0,0
tokyo,2026-07-03,26.0,26.0,14
tokyo,2026-07-04,27.0,27.0,13
tokyo,2026-07-05,26.0,26.0,12
tokyo,2026-07-06,26.0,26.0,12
tokyo,2026-07-07,24.0,24.0,9
tokyo,2026-07-08,28.0,28.0,13
tokyo,2026-07-09,30.0,30.0,14
tokyo,2026-07-10,30.0,30.0,11
tokyo,2026-07-11,30.0,30.0,13
tokyo,2026-07-12,29.0,29.0,14
tokyo,2026-07-13,28.0,28.0,10
tokyo,2026-07-14,34.0,34.0,13
tokyo,2026-07-15,33.0,33.0,12
tokyo,2026-07-16,32.0,32.0,15
tokyo,2026-07-17,32.0,32.0,11
tokyo,2026-07-18,29.0,29.0,9
tokyo,2026-07-19,32.0,32.0,14
tokyo,2026-07-20,35.0,35.0,13
tokyo,2026-07-21,34.0,34.0,12
tokyo,2026-07-22,34.0,34.0,11
tokyo,2026-07-23,35.0,35.0,13
tokyo,2026-07-24,34.0,34.0,14
tokyo,2026-07-25,36.0,36.0,14
tokyo,2026-07-26,32.0,32.0,11
tokyo,2026-07-27,29.0,29.0,12
tokyo,2026-07-28,30.0,30.0,12
tokyo,2026-07-29,34.0,34.0,13
tokyo,2026-07-30,35.0,35.0,16
tokyo,2026-07-31,35.0,35.0,16
tokyo,2026-08-01,35.0,35.0,15
tokyo,2026-08-02,33.0,33.0,12
tokyo,2026-08-03,27.0,27.0,13
tokyo,2026-08-04,28.0,28.0,11
tokyo,2026-08-05,30.0,30.0,14
tokyo,2026-08-06,30.0,31.0,17
tokyo,2026-08-07,33.0,33.0,12
tokyo,2026-08-08,34.0,34.0,12
tokyo,2026-08-09,33.0,33.0,14
tokyo,2026-08-10,30.0,30.0,10
tokyo,2026-08-11,31.0,31.0,14
tokyo,2026-08-12,29.0,29.0,14
tokyo,2026-08-13,28.0,28.0,12
tokyo,2026-08-14,31.0,31.0,15
tokyo,2026-08-15,29.0,29.0,10
tokyo,2026-08-16,26.0,26.0,11
tokyo,2026-08-17,29.0,29.0,14
tokyo,2026-08-18,31.0,31.0,14
tokyo,2026-08-19,32.0,32.0,15
tokyo,2026-08-20,32.0,32.0,13
tokyo,2026-08-21,32.0,32.0,13
tokyo,2026-08-22,31.0,31.0,11
tokyo,2026-08-23,30.0,30.0,13
tokyo,2026-08-24,33.0,33.0,12
tokyo,2026-08-25,34.0,34.0,13
tokyo,2026-08-26,33.0,33.0,12
tokyo,2026-08-27,30.0,30.0,0
tokyo,2026-08-28,32.0,32.0,14
tokyo,2026-08-29,27.0,27.0,0
tokyo,2026-08-30,25.0,25.0,13
tokyo,2026-08-31,27.0,27.0,13
tokyo,2026-09-01,28.0,28.0,13
tokyo,2026-09-02,31.0,31.0,14
tokyo,2026-09-04,27.0,27.0,0
tokyo,2026-09-05,25.0,25.0,15
tokyo,2026-09-06,23.0,23.0,0
tokyo,2026-09-07,24.0,24.0,3
tokyo,2026-09-08,28.0,28.0,16
tokyo,2026-09-09,31.0,31.0,11
tokyo,2026-09-10,22.0,22.0,13
tokyo,2026-09-11,21.0,21.0,15
tokyo,2026-09-12,23.0,23.0,11
tokyo,2026-09-13,24.0,25.0,19
tokyo,2026-09-14,30.0,30.0,10
tokyo,2026-09-15,28.0,28.0,13
tokyo,2026-09-16,23.0,23.0,0
tokyo,2026-09-17,24.0,24.0,13
tokyo,2026-09-18,25.0,25.0,15
tokyo,2026-09-19,23.0,23.0,8
tokyo,2026-09-20,23.0,23.0,0
tokyo,2026-09-21,24.0,25.0,22
tokyo,2026-09-22,30.0,30.0,11
tokyo,2026-09-23,24.0,24.0,0
toronto,2026-07-01,36.0,36.0,15
toronto,2026-07-02,34.0,34.0,14
toronto,2026-07-03,35.0,35.0,15
toronto,2026-07-04,27.0,27.0,0
toronto,2026-07-05,26.0,26.0,16
toronto,2026-07-06,26.0,26.0,14
toronto,2026-07-07,26.0,27.0,17
toronto,2026-07-08,29.0,29.0,15
toronto,2026-07-09,29.0,29.0,14
toronto,2026-07-10,26.0,26.0,15
toronto,2026-07-11,26.0,26.0,11
toronto,2026-07-12,27.0,27.0,16
toronto,2026-07-13,33.0,33.0,16
toronto,2026-07-14,36.0,36.0,14
toronto,2026-07-15,28.0,28.0,0
toronto,2026-07-16,30.0,30.0,13
toronto,2026-07-17,26.0,26.0,15
toronto,2026-07-18,28.0,28.0,15
toronto,2026-07-19,24.0,25.0,17
toronto,2026-07-20,26.0,27.0,17
toronto,2026-07-21,24.0,24.0,10
toronto,2026-07-22,22.0,22.0,15
toronto,2026-07-23,25.0,25.0,15
toronto,2026-07-24,25.0,25.0,16
toronto,2026-07-25,26.0,26.0,15
toronto,2026-07-26,27.0,27.0,15
toronto,2026-07-27,29.0,29.0,12
toronto,2026-07-28,27.0,27.0,14
toronto,2026-07-29,27.0,27.0,14
toronto,2026-07-30,28.0,28.0,14
toronto,2026-07-31,30.0,30.0,16
toronto,2026-08-01,28.0,28.0,12
toronto,2026-08-02,24.0,24.0,0
toronto,2026-08-03,27.0,27.0,16
toronto,2026-08-04,28.0,28.0,16
toronto,2026-08-05,29.0,29.0,16
toronto,2026-08-06,29.0,29.0,16
toronto,2026-08-07,26.0,26.0,15
toronto,2026-08-08,30.0,30.0,14
toronto,2026-08-09,27.0,27.0,13
toronto,2026-08-10,29.0,29.0,16
toronto,2026-08-11,29.0,29.0,16
toronto,2026-08-12,27.0,27.0,12
toronto,2026-08-13,28.0,28.0,15
toronto,2026-08-14,27.0,27.0,13
toronto,2026-08-15,24.0,24.0,14
toronto,2026-08-16,26.0,26.0,16
toronto,2026-08-17,26.0,26.0,15
toronto,2026-08-18,27.0,27.0,15
toronto,2026-08-19,27.0,27.0,16
toronto,2026-08-20,24.0,24.0,16
toronto,2026-08-21,25.0,25.0,15
toronto,2026-08-22,25.0,25.0,14
toronto,2026-08-23,19.0,20.0,17
toronto,2026-08-24,22.0,22.0,15
toronto,2026-08-25,25.0,25.0,14
toronto,2026-08-26,24.0,24.0,14
toronto,2026-08-27,26.0,26.0,13
toronto,2026-08-28,22.0,22.0,13
toronto,2026-08-29,26.0,26.0,15
toronto,2026-08-30,22.0,22.0,15
toronto,2026-08-31,21.0,21.0,16
toronto,2026-09-01,27.0,27.0,12
toronto,2026-09-02,27.0,27.0,14
toronto,2026-09-03,29.0,29.0,14
toronto,2026-09-04,25.0,25.0,12
toronto,2026-09-05,24.0,24.0,13
toronto,2026-09-06,22.0,22.0,13
toronto,2026-09-07,25.0,25.0,16
toronto,2026-09-08,25.0,25.0,13
toronto,2026-09-09,24.0,24.0,15
toronto,2026-09-10,25.0,25.0,12
toronto,2026-09-11,23.0,23.0,15
toronto,2026-09-12,25.0,25.0,13
toronto,2026-09-13,28.0,28.0,15
toronto,2026-09-14,19.0,19.0,14
toronto,2026-09-15,21.0,23.0,18
toronto,2026-09-16,25.0,25.0,15
toronto,2026-09-17,24.0,24.0,13
toronto,2026-09-18,21.0,21.0,13
toronto,2026-09-19,18.0,18.0,15
toronto,2026-09-20,21.0,21.0,15
toronto,2026-09-21,15.0,15.0,0
toronto,2026-09-22,17.0,17.0,15
warsaw,2026-07-01,33.0,33.0,15
warsaw,2026-07-02,26.0,27.0,17
warsaw,2026-07-03,23.0,23.0,14
warsaw,2026-07-04,20.0,20.0,14
warsaw,2026-07-05,20.0,20.0,11
warsaw,2026-07-06,22.0,22.0,15
warsaw,2026-07-07,19.0,20.0,17
warsaw,2026-07-08,20.0,20.0,14
warsaw,2026-07-09,18.0,18.0,11
warsaw,2026-07-10,18.0,18.0,12
warsaw,2026-07-11,21.0,22.0,17
warsaw,2026-07-12,18.0,19.0,19
warsaw,2026-07-13,24.0,25.0,17
warsaw,2026-07-14,27.0,27.0,16
warsaw,2026-07-15,28.0,28.0,15
warsaw,2026-07-16,29.0,29.0,15
warsaw,2026-07-17,31.0,31.0,16
warsaw,2026-07-18,26.0,26.0,12
warsaw,2026-07-19,25.0,26.0,17
warsaw,2026-07-20,20.0,20.0,13
warsaw,2026-07-21,16.0,17.0,17
warsaw,2026-07-22,22.0,22.0,14
warsaw,2026-07-23,18.0,18.0,11
warsaw,2026-07-24,20.0,20.0,14
warsaw,2026-07-25,24.0,24.0,14
warsaw,2026-07-26,28.0,28.0,13
warsaw,2026-07-27,23.0,23.0,9
warsaw,2026-07-28,22.0,22.0,16
warsaw,2026-07-29,25.0,25.0,16
warsaw,2026-07-30,31.0,31.0,15
warsaw,2026-07-31,33.0,33.0,14
warsaw,2026-08-01,31.0,31.0,14
warsaw,2026-08-02,24.0,24.0,14
warsaw,2026-08-03,29.0,29.0,14
warsaw,2026-08-04,31.0,31.0,15
warsaw,2026-08-05,36.0,36.0,15
warsaw,2026-08-06,33.0,33.0,15
warsaw,2026-08-07,24.0,24.0,0
warsaw,2026-08-08,22.0,22.0,15
warsaw,2026-08-09,25.0,25.0,14
warsaw,2026-08-10,32.0,32.0,16
warsaw,2026-08-11,22.0,22.0,16
warsaw,2026-08-12,22.0,22.0,15
warsaw,2026-08-13,22.0,23.0,18
warsaw,2026-08-14,25.0,26.0,17
warsaw,2026-08-15,30.0,30.0,15
warsaw,2026-08-16,30.0,30.0,13
warsaw,2026-08-17,24.0,24.0,15
warsaw,2026-08-18,21.0,21.0,15
warsaw,2026-08-19,23.0,23.0,16
warsaw,2026-08-20,24.0,24.0,14
warsaw,2026-08-21,26.0,26.0,13
warsaw,2026-08-22,23.0,23.0,4
warsaw,2026-08-23,18.0,19.0,17
warsaw,2026-08-24,18.0,18.0,15
warsaw,2026-08-25,22.0,22.0,14
warsaw,2026-08-26,23.0,23.0,16
warsaw,2026-08-27,24.0,24.0,15
warsaw,2026-08-28,25.0,25.0,15
warsaw,2026-08-29,22.0,22.0,16
warsaw,2026-08-30,26.0,26.0,15
warsaw,2026-08-31,27.0,27.0,13
warsaw,2026-09-01,20.0,20.0,11
warsaw,2026-09-02,22.0,22.0,14
warsaw,2026-09-04,22.0,22.0,13
warsaw,2026-09-05,21.0,21.0,15
warsaw,2026-09-06,18.0,18.0,14
warsaw,2026-09-07,21.0,21.0,16
warsaw,2026-09-08,27.0,27.0,15
warsaw,2026-09-09,30.0,30.0,14
warsaw,2026-09-10,20.0,20.0,0
warsaw,2026-09-11,16.0,16.0,12
warsaw,2026-09-12,19.0,19.0,16
warsaw,2026-09-13,20.0,20.0,12
warsaw,2026-09-14,19.0,19.0,14
warsaw,2026-09-15,20.0,20.0,16
warsaw,2026-09-16,24.0,24.0,14
warsaw,2026-09-17,18.0,18.0,15
warsaw,2026-09-18,21.0,21.0,13
warsaw,2026-09-19,22.0,22.0,15
warsaw,2026-09-20,22.0,22.0,16
warsaw,2026-09-21,14.0,14.0,15
warsaw,2026-09-22,17.0,17.0,16
wellington,2026-07-01,12.0,12.0,12
wellington,2026-07-02,13.0,13.0,13
wellington,2026-07-03,13.0,13.0,12
wellington,2026-07-04,13.0,13.0,0
wellington,2026-07-05,14.0,14.0,11
wellington,2026-07-06,11.0,13.0,21
wellington,2026-07-07,13.0,13.0,1
wellington,2026-07-08,13.0,13.0,13
wellington,2026-07-09,11.0,11.0,0
wellington,2026-07-10,10.0,10.0,9
wellington,2026-07-11,10.0,10.0,3
wellington,2026-07-12,11.0,11.0,13
wellington,2026-07-13,13.0,13.0,12
wellington,2026-07-14,15.0,15.0,11
wellington,2026-07-15,16.0,16.0,13
wellington,2026-07-16,16.0,16.0,11
wellington,2026-07-17,15.0,15.0,13
wellington,2026-07-18,15.0,15.0,12
wellington,2026-07-19,13.0,13.0,10
wellington,2026-07-20,12.0,12.0,11
wellington,2026-07-21,11.0,11.0,12
wellington,2026-07-22,14.0,14.0,13
wellington,2026-07-23,14.0,14.0,14
wellington,2026-07-24,14.0,14.0,14
wellington,2026-07-25,12.0,12.0,0
wellington,2026-07-26,10.0,10.0,14
wellington,2026-07-27,11.0,11.0,14
wellington,2026-07-28,13.0,13.0,14
wellington,2026-07-29,12.0,12.0,12
wellington,2026-07-30,14.0,14.0,13
wellington,2026-07-31,14.0,14.0,10
wellington,2026-08-01,11.0,11.0,0
wellington,2026-08-02,12.0,12.0,12
wellington,2026-08-03,16.0,16.0,14
wellington,2026-08-04,10.0,10.0,0
wellington,2026-08-05,9.0,9.0,11
wellington,2026-08-06,10.0,10.0,11
wellington,2026-08-07,12.0,12.0,14
wellington,2026-08-08,13.0,13.0,14
wellington,2026-08-09,14.0,14.0,15
wellington,2026-08-10,15.0,15.0,11
wellington,2026-08-11,12.0,12.0,12
wellington,2026-08-12,14.0,14.0,14
wellington,2026-08-13,15.0,15.0,13
wellington,2026-08-14,13.0,13.0,0
wellington,2026-08-15,13.0,13.0,13
wellington,2026-08-16,10.0,10.0,0
wellington,2026-08-17,10.0,10.0,14
wellington,2026-08-18,12.0,12.0,11
wellington,2026-08-19,11.0,11.0,16
wellington,2026-08-20,12.0,12.0,15
wellington,2026-08-21,14.0,14.0,11
wellington,2026-08-22,16.0,16.0,14
wellington,2026-08-23,17.0,17.0,13
wellington,2026-08-24,14.0,14.0,11
wellington,2026-08-25,17.0,17.0,14
wellington,2026-08-26,16.0,16.0,15
wellington,2026-08-27,12.0,14.0,23
wellington,2026-08-28,16.0,16.0,14
wellington,2026-08-29,15.0,15.0,12
wellington,2026-08-30,18.0,18.0,13
wellington,2026-08-31,17.0,17.0,13
wellington,2026-09-01,14.0,14.0,16
wellington,2026-09-02,15.0,15.0,10
wellington,2026-09-04,18.0,18.0,13
wellington,2026-09-05,15.0,15.0,15
wellington,2026-09-06,15.0,15.0,11
wellington,2026-09-07,10.0,10.0,0
wellington,2026-09-08,13.0,13.0,12
wellington,2026-09-09,14.0,14.0,12
wellington,2026-09-10,13.0,13.0,8
wellington,2026-09-11,14.0,14.0,12
wellington,2026-09-12,14.0,14.0,16
wellington,2026-09-13,15.0,15.0,10
wellington,2026-09-14,16.0,16.0,13
wellington,2026-09-15,15.0,15.0,13
wellington,2026-09-16,15.0,15.0,12
wellington,2026-09-17,15.0,15.0,13
wellington,2026-09-18,14.0,14.0,11
wellington,2026-09-19,15.0,15.0,14
wellington,2026-09-20,15.0,15.0,4
wellington,2026-09-21,15.0,15.0,12
wellington,2026-09-22,14.0,14.0,6
wellington,2026-09-23,11.0,11.0,2
wuhan,2026-07-01,31.0,31.0,14
wuhan,2026-07-02,31.0,31.0,13
wuhan,2026-07-03,26.0,26.0,14
wuhan,2026-07-04,27.0,27.0,14
wuhan,2026-07-05,31.0,31.0,15
wuhan,2026-07-06,29.0,29.0,0
wuhan,2026-07-07,31.0,32.0,17
wuhan,2026-07-08,34.0,35.0,17
wuhan,2026-07-09,35.0,35.0,16
wuhan,2026-07-10,37.0,37.0,16
wuhan,2026-07-11,38.0,38.0,15
wuhan,2026-07-12,34.0,34.0,14
wuhan,2026-07-13,37.0,37.0,16
wuhan,2026-07-14,39.0,39.0,15
wuhan,2026-07-15,37.0,37.0,14
wuhan,2026-07-16,37.0,37.0,14
wuhan,2026-07-17,35.0,35.0,12
wuhan,2026-07-18,31.0,31.0,15
wuhan,2026-07-19,33.0,33.0,16
wuhan,2026-07-20,33.0,33.0,14
wuhan,2026-07-21,35.0,35.0,13
wuhan,2026-07-22,29.0,29.0,0
wuhan,2026-07-23,33.0,33.0,14
wuhan,2026-07-24,35.0,35.0,13
wuhan,2026-07-25,36.0,36.0,14
wuhan,2026-07-26,36.0,36.0,13
wuhan,2026-07-27,32.0,32.0,15
wuhan,2026-07-28,32.0,33.0,17
wuhan,2026-07-29,33.0,33.0,15
wuhan,2026-07-30,33.0,34.0,17
wuhan,2026-07-31,35.0,35.0,16
wuhan,2026-08-01,36.0,36.0,15
wuhan,2026-08-02,37.0,37.0,15
wuhan,2026-08-03,37.0,37.0,14
wuhan,2026-08-04,38.0,38.0,15
wuhan,2026-08-05,37.0,37.0,13
wuhan,2026-08-06,36.0,36.0,14
wuhan,2026-08-07,36.0,37.0,17
wuhan,2026-08-08,37.0,37.0,14
wuhan,2026-08-09,33.0,33.0,12
wuhan,2026-08-10,29.0,29.0,9
wuhan,2026-08-11,29.0,29.0,14
wuhan,2026-08-12,28.0,28.0,14
wuhan,2026-08-13,26.0,26.0,10
wuhan,2026-08-14,30.0,30.0,14
wuhan,2026-08-15,28.0,28.0,11
wuhan,2026-08-16,31.0,32.0,17
wuhan,2026-08-17,34.0,34.0,15
wuhan,2026-08-18,35.0,35.0,14
wuhan,2026-08-19,36.0,36.0,16
wuhan,2026-08-20,36.0,36.0,16
wuhan,2026-08-21,35.0,35.0,14
wuhan,2026-08-22,36.0,36.0,15
wuhan,2026-08-23,35.0,35.0,15
wuhan,2026-08-24,37.0,37.0,15
wuhan,2026-08-25,37.0,37.0,15
wuhan,2026-08-26,36.0,37.0,17
wuhan,2026-08-27,38.0,39.0,17
wuhan,2026-08-28,36.0,36.0,14
wuhan,2026-08-29,30.0,30.0,15
wuhan,2026-08-30,33.0,33.0,14
wuhan,2026-08-31,34.0,34.0,15
wuhan,2026-09-01,28.0,28.0,11
wuhan,2026-09-02,32.0,32.0,13
wuhan,2026-09-04,31.0,31.0,13
wuhan,2026-09-05,31.0,31.0,16
wuhan,2026-09-06,32.0,32.0,15
wuhan,2026-09-07,33.0,33.0,15
wuhan,2026-09-08,35.0,35.0,16
wuhan,2026-09-09,24.0,24.0,0
wuhan,2026-09-10,25.0,25.0,16
wuhan,2026-09-11,28.0,28.0,15
wuhan,2026-09-12,31.0,31.0,16
wuhan,2026-09-13,32.0,32.0,14
wuhan,2026-09-14,33.0,33.0,16
wuhan,2026-09-15,29.0,29.0,14
wuhan,2026-09-16,27.0,27.0,12
wuhan,2026-09-17,21.0,21.0,0
wuhan,2026-09-18,24.0,24.0,14
wuhan,2026-09-19,28.0,28.0,14
wuhan,2026-09-20,27.0,27.0,14
wuhan,2026-09-21,25.0,25.0,12
wuhan,2026-09-22,24.0,24.0,14
wuhan,2026-09-23,25.0,25.0,12
