city,date,hour,upto_c
nyc,2026-05-25,0,12.778
nyc,2026-05-25,1,12.778
nyc,2026-05-25,2,12.778
nyc,2026-05-25,3,13.333
nyc,2026-05-25,4,13.333
nyc,2026-05-25,5,13.333
nyc,2026-05-25,6,13.333
nyc,2026-05-25,7,13.333
nyc,2026-05-25,8,14.444
nyc,2026-05-25,9,15.0
nyc,2026-05-25,10,16.111
nyc,2026-05-25,11,17.778
nyc,2026-05-25,12,18.333
nyc,2026-05-25,13,19.444
nyc,2026-05-25,14,21.111
nyc,2026-05-25,15,22.778
nyc,2026-05-25,16,23.333
nyc,2026-05-25,17,23.889
nyc,2026-05-25,18,23.889
nyc,2026-05-25,19,23.889
nyc,2026-05-25,20,23.889
nyc,2026-05-25,21,23.889
nyc,2026-05-25,22,23.889
nyc,2026-05-25,23,23.889
nyc,2026-05-26,0,20.0
nyc,2026-05-26,1,20.0
nyc,2026-05-26,2,20.0
nyc,2026-05-26,3,20.0
nyc,2026-05-26,4,20.0
nyc,2026-05-26,5,20.0
nyc,2026-05-26,6,20.0
nyc,2026-05-26,7,20.0
nyc,2026-05-26,8,20.556
nyc,2026-05-26,9,21.667
nyc,2026-05-26,10,22.778
nyc,2026-05-26,11,23.333
nyc,2026-05-26,12,24.444
nyc,2026-05-26,13,25.556
nyc,2026-05-26,14,26.667
nyc,2026-05-26,15,26.667
nyc,2026-05-26,16,26.667
nyc,2026-05-26,17,26.667
nyc,2026-05-26,18,26.667
nyc,2026-05-26,19,26.667
nyc,2026-05-26,20,26.667
nyc,2026-05-26,21,26.667
nyc,2026-05-26,22,26.667
nyc,2026-05-26,23,26.667
nyc,2026-05-27,0,22.222
nyc,2026-05-27,1,22.222
nyc,2026-05-27,2,22.222
nyc,2026-05-27,3,22.222
nyc,2026-05-27,4,22.222
nyc,2026-05-27,5,22.222
nyc,2026-05-27,6,22.222
nyc,2026-05-27,7,22.222
nyc,2026-05-27,8,23.333
nyc,2026-05-27,9,24.444
nyc,2026-05-27,10,24.444
nyc,2026-05-27,11,25.556
nyc,2026-05-27,12,25.556
nyc,2026-05-27,13,25.556
nyc,2026-05-27,14,26.667
nyc,2026-05-27,15,27.778
nyc,2026-05-27,16,28.333
nyc,2026-05-27,17,28.889
nyc,2026-05-27,18,28.889
nyc,2026-05-27,19,28.889
nyc,2026-05-27,20,28.889
nyc,2026-05-27,21,28.889
nyc,2026-05-27,22,28.889
nyc,2026-05-27,23,28.889
nyc,2026-05-28,0,23.333
nyc,2026-05-28,1,23.333
nyc,2026-05-28,2,23.333
nyc,2026-05-28,3,23.333
nyc,2026-05-28,4,23.333
nyc,2026-05-28,5,23.333
nyc,2026-05-28,6,23.333
nyc,2026-05-28,7,23.333
nyc,2026-05-28,8,23.333
nyc,2026-05-28,9,23.333
nyc,2026-05-28,10,23.333
nyc,2026-05-28,11,23.889
nyc,2026-05-28,12,23.889
nyc,2026-05-28,13,23.889
nyc,2026-05-28,14,23.889
nyc,2026-05-28,15,23.889
nyc,2026-05-28,16,23.889
nyc,2026-05-28,17,23.889
nyc,2026-05-28,18,23.889
nyc,2026-05-28,19,23.889
nyc,2026-05-28,20,23.889
nyc,2026-05-28,21,23.889
nyc,2026-05-28,22,23.889
nyc,2026-05-28,23,23.889
nyc,2026-05-29,0,17.222
nyc,2026-05-29,1,17.222
nyc,2026-05-29,2,17.222
nyc,2026-05-29,3,17.222
nyc,2026-05-29,4,17.222
nyc,2026-05-29,5,17.222
nyc,2026-05-29,6,17.222
nyc,2026-05-29,7,17.222
nyc,2026-05-29,8,17.222
nyc,2026-05-29,9,18.333
nyc,2026-05-29,10,20.0
nyc,2026-05-29,11,21.111
nyc,2026-05-29,12,22.222
nyc,2026-05-29,13,23.333
nyc,2026-05-29,14,24.444
nyc,2026-05-29,15,25.0
nyc,2026-05-29,16,25.556
nyc,2026-05-29,17,25.556
nyc,2026-05-29,18,25.556
nyc,2026-05-29,19,25.556
nyc,2026-05-29,20,25.556
nyc,2026-05-29,21,25.556
nyc,2026-05-29,22,25.556
nyc,2026-05-29,23,25.556
nyc,2026-05-30,0,21.111
nyc,2026-05-30,1,21.667
nyc,2026-05-30,2,21.667
nyc,2026-05-30,3,21.667
nyc,2026-05-30,4,21.667
nyc,2026-05-30,5,21.667
nyc,2026-05-30,6,21.667
nyc,2026-05-30,7,21.667
nyc,2026-05-30,8,21.667
nyc,2026-05-30,9,21.667
nyc,2026-05-30,10,21.667
nyc,2026-05-30,11,21.667
nyc,2026-05-30,12,21.667
nyc,2026-05-30,13,21.667
nyc,2026-05-30,14,21.667
nyc,2026-05-30,15,21.667
nyc,2026-05-30,16,21.667
nyc,2026-05-30,17,21.667
nyc,2026-05-30,18,21.667
nyc,2026-05-30,19,21.667
nyc,2026-05-30,20,21.667
nyc,2026-05-30,21,21.667
nyc,2026-05-30,22,21.667
nyc,2026-05-30,23,21.667
nyc,2026-05-31,0,12.778
nyc,2026-05-31,1,13.333
nyc,2026-05-31,2,13.333
nyc,2026-05-31,3,13.333
nyc,2026-05-31,4,13.333
nyc,2026-05-31,5,13.333
nyc,2026-05-31,6,13.333
nyc,2026-05-31,7,13.889
nyc,2026-05-31,8,14.444
nyc,2026-05-31,9,16.667
nyc,2026-05-31,10,19.444
nyc,2026-05-31,11,21.111
nyc,2026-05-31,12,22.778
nyc,2026-05-31,13,22.778
nyc,2026-05-31,14,23.889
nyc,2026-05-31,15,25.0
nyc,2026-05-31,16,25.0
nyc,2026-05-31,17,25.0
nyc,2026-05-31,18,25.0
nyc,2026-05-31,19,25.0
nyc,2026-05-31,20,25.0
nyc,2026-05-31,21,25.0
nyc,2026-05-31,22,25.0
nyc,2026-05-31,23,25.0
nyc,2026-06-01,0,17.222
nyc,2026-06-01,1,17.222
nyc,2026-06-01,2,17.222
nyc,2026-06-01,3,17.222
nyc,2026-06-01,4,17.222
nyc,2026-06-01,5,17.222
nyc,2026-06-01,6,17.222
nyc,2026-06-01,7,17.778
nyc,2026-06-01,8,18.333
nyc,2026-06-01,9,19.444
nyc,2026-06-01,10,20.0
nyc,2026-06-01,11,20.0
nyc,2026-06-01,12,20.0
nyc,2026-06-01,13,20.0
nyc,2026-06-01,14,20.556
nyc,2026-06-01,15,20.556
nyc,2026-06-01,16,20.556
nyc,2026-06-01,17,20.556
nyc,2026-06-01,18,20.556
nyc,2026-06-01,19,20.556
nyc,2026-06-01,20,20.556
nyc,2026-06-01,21,20.556
nyc,2026-06-01,22,20.556
nyc,2026-06-01,23,20.556
nyc,2026-06-02,0,13.333
nyc,2026-06-02,1,13.333
nyc,2026-06-02,2,13.333
nyc,2026-06-02,3,13.333
nyc,2026-06-02,4,13.333
nyc,2026-06-02,5,13.889
nyc,2026-06-02,6,13.889
nyc,2026-06-02,7,15.0
nyc,2026-06-02,8,17.222
nyc,2026-06-02,9,19.444
nyc,2026-06-02,10,21.111
nyc,2026-06-02,11,22.222
nyc,2026-06-02,12,22.778
nyc,2026-06-02,13,23.333
nyc,2026-06-02,14,23.889
nyc,2026-06-02,15,24.444
nyc,2026-06-02,16,24.444
nyc,2026-06-02,17,24.444
nyc,2026-06-02,18,24.444
nyc,2026-06-02,19,24.444
nyc,2026-06-02,20,24.444
nyc,2026-06-02,21,24.444
nyc,2026-06-02,22,24.444
nyc,2026-06-02,23,24.444
nyc,2026-06-03,0,21.111
nyc,2026-06-03,1,21.111
nyc,2026-06-03,2,21.111
nyc,2026-06-03,3,21.111
nyc,2026-06-03,4,21.111
nyc,2026-06-03,5,21.111
nyc,2026-06-03,6,21.111
nyc,2026-06-03,7,21.667
nyc,2026-06-03,8,22.778
nyc,2026-06-03,9,25.0
nyc,2026-06-03,10,25.556
nyc,2026-06-03,11,25.556
nyc,2026-06-03,12,26.667
nyc,2026-06-03,13,27.222
nyc,2026-06-03,14,27.778
nyc,2026-06-03,15,28.333
nyc,2026-06-03,16,28.333
nyc,2026-06-03,17,28.333
nyc,2026-06-03,18,28.333
nyc,2026-06-03,19,28.333
nyc,2026-06-03,20,28.333
nyc,2026-06-03,21,28.333
nyc,2026-06-03,22,28.333
nyc,2026-06-03,23,28.333
nyc,2026-06-04,0,21.667
nyc,2026-06-04,1,21.667
nyc,2026-06-04,2,21.667
nyc,2026-06-04,3,21.667
nyc,2026-06-04,4,21.667
nyc,2026-06-04,5,21.667
nyc,2026-06-04,6,21.667
nyc,2026-06-04,7,21.667
nyc,2026-06-04,8,22.222
nyc,2026-06-04,9,23.889
nyc,2026-06-04,10,25.556
nyc,2026-06-04,11,27.222
nyc,2026-06-04,12,28.889
nyc,2026-06-04,13,29.444
nyc,2026-06-04,14,30.0
nyc,2026-06-04,15,30.0
nyc,2026-06-04,16,30.0
nyc,2026-06-04,17,30.0
nyc,2026-06-04,18,30.0
nyc,2026-06-04,19,30.0
nyc,2026-06-04,20,30.0
nyc,2026-06-04,21,30.0
nyc,2026-06-04,22,30.0
nyc,2026-06-04,23,30.0
nyc,2026-06-05,0,23.333
nyc,2026-06-05,1,23.333
nyc,2026-06-05,2,23.333
nyc,2026-06-05,3,23.333
nyc,2026-06-05,4,23.333
nyc,2026-06-05,5,23.333
nyc,2026-06-05,6,23.333
nyc,2026-06-05,7,23.333
nyc,2026-06-05,8,24.444
nyc,2026-06-05,9,26.667
nyc,2026-06-05,10,27.778
nyc,2026-06-05,11,29.444
nyc,2026-06-05,12,31.111
nyc,2026-06-05,13,31.667
nyc,2026-06-05,14,32.222
nyc,2026-06-05,15,32.222
nyc,2026-06-05,16,32.222
nyc,2026-06-05,17,32.222
nyc,2026-06-05,18,32.222
nyc,2026-06-05,19,32.222
nyc,2026-06-05,20,32.222
nyc,2026-06-05,21,32.222
nyc,2026-06-05,22,32.222
nyc,2026-06-05,23,32.222
nyc,2026-06-06,0,25.556
nyc,2026-06-06,1,25.556
nyc,2026-06-06,2,26.667
nyc,2026-06-06,3,26.667
nyc,2026-06-06,4,26.667
nyc,2026-06-06,5,26.667
nyc,2026-06-06,6,26.667
nyc,2026-06-06,7,26.667
nyc,2026-06-06,8,26.667
nyc,2026-06-06,9,28.889
nyc,2026-06-06,10,30.0
nyc,2026-06-06,11,31.111
nyc,2026-06-06,12,31.111
nyc,2026-06-06,13,32.222
nyc,2026-06-06,14,32.222
nyc,2026-06-06,15,32.778
nyc,2026-06-06,16,32.778
nyc,2026-06-06,17,32.778
nyc,2026-06-06,18,32.778
nyc,2026-06-06,19,32.778
nyc,2026-06-06,20,32.778
nyc,2026-06-06,21,32.778
nyc,2026-06-06,22,32.778
nyc,2026-06-06,23,32.778
nyc,2026-06-07,0,21.667
nyc,2026-06-07,1,21.667
nyc,2026-06-07,2,21.667
nyc,2026-06-07,3,21.667
nyc,2026-06-07,4,21.667
nyc,2026-06-07,5,21.667
nyc,2026-06-07,6,22.222
nyc,2026-06-07,7,23.333
nyc,2026-06-07,8,23.889
nyc,2026-06-07,9,25.556
nyc,2026-06-07,10,26.111
nyc,2026-06-07,11,26.111
nyc,2026-06-07,12,26.667
nyc,2026-06-07,13,26.667
nyc,2026-06-07,14,26.667
nyc,2026-06-07,15,27.222
nyc,2026-06-07,16,27.222
nyc,2026-06-07,17,27.222
nyc,2026-06-07,18,27.222
nyc,2026-06-07,19,27.222
nyc,2026-06-07,20,27.222
nyc,2026-06-07,21,27.222
nyc,2026-06-07,22,27.222
nyc,2026-06-07,23,27.222
nyc,2026-06-08,0,20.0
nyc,2026-06-08,1,20.0
nyc,2026-06-08,2,20.0
nyc,2026-06-08,3,20.0
nyc,2026-06-08,4,20.0
nyc,2026-06-08,5,20.0
nyc,2026-06-08,6,20.0
nyc,2026-06-08,7,20.0
nyc,2026-06-08,8,20.0
nyc,2026-06-08,9,20.556
nyc,2026-06-08,10,20.556
nyc,2026-06-08,11,21.667
nyc,2026-06-08,12,22.778
nyc,2026-06-08,13,23.333
nyc,2026-06-08,14,23.333
nyc,2026-06-08,15,23.333
nyc,2026-06-08,16,23.333
nyc,2026-06-08,17,23.333
nyc,2026-06-08,18,23.333
nyc,2026-06-08,19,23.333
nyc,2026-06-08,20,23.333
nyc,2026-06-08,21,23.333
nyc,2026-06-08,22,23.333
nyc,2026-06-08,23,23.333
nyc,2026-06-09,0,19.444
nyc,2026-06-09,1,19.444
nyc,2026-06-09,2,19.444
nyc,2026-06-09,3,19.444
nyc,2026-06-09,4,19.444
nyc,2026-06-09,5,19.444
nyc,2026-06-09,6,19.444
nyc,2026-06-09,7,20.0
nyc,2026-06-09,8,21.111
nyc,2026-06-09,9,22.222
nyc,2026-06-09,10,23.333
nyc,2026-06-09,11,24.444
nyc,2026-06-09,12,25.556
nyc,2026-06-09,13,26.111
nyc,2026-06-09,14,26.667
nyc,2026-06-09,15,26.667
nyc,2026-06-09,16,26.667
nyc,2026-06-09,17,26.667
nyc,2026-06-09,18,26.667
nyc,2026-06-09,19,26.667
nyc,2026-06-09,20,26.667
nyc,2026-06-09,21,26.667
nyc,2026-06-09,22,26.667
nyc,2026-06-09,23,26.667
nyc,2026-06-10,0,22.778
nyc,2026-06-10,1,22.778
nyc,2026-06-10,2,22.778
nyc,2026-06-10,3,22.778
nyc,2026-06-10,4,22.778
nyc,2026-06-10,5,22.778
nyc,2026-06-10,6,22.778
nyc,2026-06-10,7,22.778
nyc,2026-06-10,8,22.778
nyc,2026-06-10,9,23.333
nyc,2026-06-10,10,25.0
nyc,2026-06-10,11,26.667
nyc,2026-06-10,12,27.222
nyc,2026-06-10,13,27.778
nyc,2026-06-10,14,27.778
nyc,2026-06-10,15,27.778
nyc,2026-06-10,16,27.778
nyc,2026-06-10,17,27.778
nyc,2026-06-10,18,28.333
nyc,2026-06-10,19,28.333
nyc,2026-06-10,20,28.333
nyc,2026-06-10,21,28.333
nyc,2026-06-10,22,28.333
nyc,2026-06-10,23,28.333
nyc,2026-06-11,0,25.556
nyc,2026-06-11,1,25.556
nyc,2026-06-11,2,25.556
nyc,2026-06-11,3,25.556
nyc,2026-06-11,4,25.556
nyc,2026-06-11,5,25.556
nyc,2026-06-11,6,25.556
nyc,2026-06-11,7,25.556
nyc,2026-06-11,8,27.222
nyc,2026-06-11,9,28.889
nyc,2026-06-11,10,30.0
nyc,2026-06-11,11,32.222
nyc,2026-06-11,12,32.222
nyc,2026-06-11,13,33.889
nyc,2026-06-11,14,34.444
nyc,2026-06-11,15,34.444
nyc,2026-06-11,16,35.0
nyc,2026-06-11,17,35.0
nyc,2026-06-11,18,35.0
nyc,2026-06-11,19,35.0
nyc,2026-06-11,20,35.0
nyc,2026-06-11,21,35.0
nyc,2026-06-11,22,35.0
nyc,2026-06-11,23,35.0
nyc,2026-06-12,0,24.444
nyc,2026-06-12,1,25.0
nyc,2026-06-12,2,25.0
nyc,2026-06-12,3,25.0
nyc,2026-06-12,4,25.0
nyc,2026-06-12,5,25.0
nyc,2026-06-12,6,25.0
nyc,2026-06-12,7,25.556
nyc,2026-06-12,8,25.556
nyc,2026-06-12,9,25.556
nyc,2026-06-12,10,26.667
nyc,2026-06-12,11,29.444
nyc,2026-06-12,12,31.667
nyc,2026-06-12,13,31.667
nyc,2026-06-12,14,33.889
nyc,2026-06-12,15,34.444
nyc,2026-06-12,16,34.444
nyc,2026-06-12,17,34.444
nyc,2026-06-12,18,34.444
nyc,2026-06-12,19,34.444
nyc,2026-06-12,20,34.444
nyc,2026-06-12,21,34.444
nyc,2026-06-12,22,34.444
nyc,2026-06-12,23,34.444
nyc,2026-06-13,0,25.0
nyc,2026-06-13,1,25.0
nyc,2026-06-13,2,25.0
nyc,2026-06-13,3,25.0
nyc,2026-06-13,4,25.0
nyc,2026-06-13,5,25.0
nyc,2026-06-13,6,25.0
nyc,2026-06-13,7,25.0
nyc,2026-06-13,8,25.0
nyc,2026-06-13,9,25.0
nyc,2026-06-13,10,26.667
nyc,2026-06-13,11,26.667
nyc,2026-06-13,12,28.333
nyc,2026-06-13,13,28.889
nyc,2026-06-13,14,30.0
nyc,2026-06-13,15,30.0
nyc,2026-06-13,16,31.111
nyc,2026-06-13,17,31.111
nyc,2026-06-13,18,31.111
nyc,2026-06-13,19,31.111
nyc,2026-06-13,20,31.111
nyc,2026-06-13,21,31.111
nyc,2026-06-13,22,31.111
nyc,2026-06-13,23,31.111
nyc,2026-06-14,0,27.222
nyc,2026-06-14,1,27.222
nyc,2026-06-14,2,27.222
nyc,2026-06-14,3,27.222
nyc,2026-06-14,4,27.222
nyc,2026-06-14,5,27.222
nyc,2026-06-14,6,27.222
nyc,2026-06-14,7,27.222
nyc,2026-06-14,8,27.222
nyc,2026-06-14,9,28.333
nyc,2026-06-14,10,29.444
nyc,2026-06-14,11,30.556
nyc,2026-06-14,12,31.111
nyc,2026-06-14,13,32.222
nyc,2026-06-14,14,32.222
nyc,2026-06-14,15,32.222
nyc,2026-06-14,16,32.222
nyc,2026-06-14,17,32.222
nyc,2026-06-14,18,32.222
nyc,2026-06-14,19,32.222
nyc,2026-06-14,20,32.222
nyc,2026-06-14,21,32.222
nyc,2026-06-14,22,32.222
nyc,2026-06-14,23,32.222
nyc,2026-06-15,0,22.222
nyc,2026-06-15,1,22.222
nyc,2026-06-15,2,22.222
nyc,2026-06-15,3,22.778
nyc,2026-06-15,4,22.778
nyc,2026-06-15,5,22.778
nyc,2026-06-15,6,22.778
nyc,2026-06-15,7,22.778
nyc,2026-06-15,8,22.778
nyc,2026-06-15,9,22.778
nyc,2026-06-15,10,22.778
nyc,2026-06-15,11,22.778
nyc,2026-06-15,12,22.778
nyc,2026-06-15,13,23.333
nyc,2026-06-15,14,23.333
nyc,2026-06-15,15,23.333
nyc,2026-06-15,16,23.333
nyc,2026-06-15,17,23.333
nyc,2026-06-15,18,23.333
nyc,2026-06-15,19,23.333
nyc,2026-06-15,20,23.333
nyc,2026-06-15,21,23.333
nyc,2026-06-15,22,23.333
nyc,2026-06-15,23,23.333
nyc,2026-06-16,0,18.333
nyc,2026-06-16,1,18.333
nyc,2026-06-16,2,18.333
nyc,2026-06-16,3,18.333
nyc,2026-06-16,4,18.333
nyc,2026-06-16,5,18.333
nyc,2026-06-16,6,18.333
nyc,2026-06-16,7,18.333
nyc,2026-06-16,8,18.889
nyc,2026-06-16,9,20.0
nyc,2026-06-16,10,21.111
nyc,2026-06-16,11,21.667
nyc,2026-06-16,12,22.778
nyc,2026-06-16,13,23.333
nyc,2026-06-16,14,24.444
nyc,2026-06-16,15,25.0
nyc,2026-06-16,16,25.556
nyc,2026-06-16,17,25.556
nyc,2026-06-16,18,25.556
nyc,2026-06-16,19,25.556
nyc,2026-06-16,20,25.556
nyc,2026-06-16,21,25.556
nyc,2026-06-16,22,25.556
nyc,2026-06-16,23,25.556
nyc,2026-06-17,0,19.444
nyc,2026-06-17,1,19.444
nyc,2026-06-17,2,19.444
nyc,2026-06-17,3,19.444
nyc,2026-06-17,4,19.444
nyc,2026-06-17,5,19.444
nyc,2026-06-17,6,19.444
nyc,2026-06-17,7,20.0
nyc,2026-06-17,8,21.667
nyc,2026-06-17,9,23.333
nyc,2026-06-17,10,23.889
nyc,2026-06-17,11,25.0
nyc,2026-06-17,12,25.0
nyc,2026-06-17,13,25.0
nyc,2026-06-17,14,25.0
nyc,2026-06-17,15,25.0
nyc,2026-06-17,16,25.0
nyc,2026-06-17,17,25.0
nyc,2026-06-17,18,25.0
nyc,2026-06-17,19,25.0
nyc,2026-06-17,20,25.0
nyc,2026-06-17,21,25.0
nyc,2026-06-17,22,25.0
nyc,2026-06-17,23,25.0
nyc,2026-06-18,0,21.111
nyc,2026-06-18,1,21.111
nyc,2026-06-18,2,21.111
nyc,2026-06-18,3,21.111
nyc,2026-06-18,4,21.111
nyc,2026-06-18,5,21.111
nyc,2026-06-18,6,21.111
nyc,2026-06-18,7,21.667
nyc,2026-06-18,8,22.222
nyc,2026-06-18,9,22.222
nyc,2026-06-18,10,23.889
nyc,2026-06-18,11,26.111
nyc,2026-06-18,12,27.778
nyc,2026-06-18,13,29.444
nyc,2026-06-18,14,31.111
nyc,2026-06-18,15,31.667
nyc,2026-06-18,16,31.667
nyc,2026-06-18,17,31.667
nyc,2026-06-18,18,31.667
nyc,2026-06-18,19,31.667
nyc,2026-06-18,20,31.667
nyc,2026-06-18,21,31.667
nyc,2026-06-18,22,31.667
nyc,2026-06-18,23,31.667
nyc,2026-06-19,0,26.667
nyc,2026-06-19,1,26.667
nyc,2026-06-19,2,26.667
nyc,2026-06-19,3,26.667
nyc,2026-06-19,4,26.667
nyc,2026-06-19,5,26.667
nyc,2026-06-19,6,26.667
nyc,2026-06-19,7,26.667
nyc,2026-06-19,8,26.667
nyc,2026-06-19,9,26.667
nyc,2026-06-19,10,26.667
nyc,2026-06-19,11,26.667
nyc,2026-06-19,12,26.667
nyc,2026-06-19,13,26.667
nyc,2026-06-19,14,27.778
nyc,2026-06-19,15,27.778
nyc,2026-06-19,16,27.778
nyc,2026-06-19,17,27.778
nyc,2026-06-19,18,27.778
nyc,2026-06-19,19,27.778
nyc,2026-06-19,20,27.778
nyc,2026-06-19,21,27.778
nyc,2026-06-19,22,27.778
nyc,2026-06-19,23,27.778
nyc,2026-06-20,0,21.667
nyc,2026-06-20,1,21.667
nyc,2026-06-20,2,21.667
nyc,2026-06-20,3,21.667
nyc,2026-06-20,4,21.667
nyc,2026-06-20,5,21.667
nyc,2026-06-20,6,21.667
nyc,2026-06-20,7,21.667
nyc,2026-06-20,8,21.667
nyc,2026-06-20,9,22.222
nyc,2026-06-20,10,23.889
nyc,2026-06-20,11,25.0
nyc,2026-06-20,12,26.111
nyc,2026-06-20,13,27.222
nyc,2026-06-20,14,27.222
nyc,2026-06-20,15,28.333
nyc,2026-06-20,16,28.333
nyc,2026-06-20,17,28.333
nyc,2026-06-20,18,28.333
nyc,2026-06-20,19,28.333
nyc,2026-06-20,20,28.333
nyc,2026-06-20,21,28.333
nyc,2026-06-20,22,28.333
nyc,2026-06-20,23,28.333
nyc,2026-06-21,0,21.667
nyc,2026-06-21,1,22.222
nyc,2026-06-21,2,22.222
nyc,2026-06-21,3,22.222
nyc,2026-06-21,4,22.222
nyc,2026-06-21,5,22.222
nyc,2026-06-21,6,22.222
nyc,2026-06-21,7,22.222
nyc,2026-06-21,8,22.222
nyc,2026-06-21,9,24.444
nyc,2026-06-21,10,25.0
nyc,2026-06-21,11,26.111
nyc,2026-06-21,12,26.111
nyc,2026-06-21,13,26.667
nyc,2026-06-21,14,27.778
nyc,2026-06-21,15,28.333
nyc,2026-06-21,16,28.333
nyc,2026-06-21,17,28.889
nyc,2026-06-21,18,28.889
nyc,2026-06-21,19,28.889
nyc,2026-06-21,20,28.889
nyc,2026-06-21,21,28.889
nyc,2026-06-21,22,28.889
nyc,2026-06-21,23,28.889
nyc,2026-06-22,0,22.222
nyc,2026-06-22,1,22.222
nyc,2026-06-22,2,22.222
nyc,2026-06-22,3,22.222
nyc,2026-06-22,4,22.222
nyc,2026-06-22,5,22.222
nyc,2026-06-22,6,22.222
nyc,2026-06-22,7,22.222
nyc,2026-06-22,8,22.222
nyc,2026-06-22,9,22.222
nyc,2026-06-22,10,22.222
nyc,2026-06-22,11,22.222
nyc,2026-06-22,12,22.222
nyc,2026-06-22,13,22.778
nyc,2026-06-22,14,22.778
nyc,2026-06-22,15,22.778
nyc,2026-06-22,16,22.778
nyc,2026-06-22,17,22.778
nyc,2026-06-22,18,22.778
nyc,2026-06-22,19,22.778
nyc,2026-06-22,20,22.778
nyc,2026-06-22,21,22.778
nyc,2026-06-22,22,22.778
nyc,2026-06-22,23,22.778
nyc,2026-06-23,0,21.667
nyc,2026-06-23,1,21.667
nyc,2026-06-23,2,21.667
nyc,2026-06-23,3,21.667
nyc,2026-06-23,4,21.667
nyc,2026-06-23,5,21.667
nyc,2026-06-23,6,21.667
nyc,2026-06-23,7,21.667
nyc,2026-06-23,8,21.667
nyc,2026-06-23,9,21.667
nyc,2026-06-23,10,21.667
nyc,2026-06-23,11,21.667
nyc,2026-06-23,12,21.667
nyc,2026-06-23,13,21.667
nyc,2026-06-23,14,21.667
nyc,2026-06-23,15,23.889
nyc,2026-06-23,16,23.889
nyc,2026-06-23,17,23.889
nyc,2026-06-23,18,23.889
nyc,2026-06-23,19,23.889
nyc,2026-06-23,20,23.889
nyc,2026-06-23,21,23.889
nyc,2026-06-23,22,23.889
nyc,2026-06-23,23,23.889
nyc,2026-06-24,0,20.556
nyc,2026-06-24,1,20.556
nyc,2026-06-24,2,20.556
nyc,2026-06-24,3,20.556
nyc,2026-06-24,4,20.556
nyc,2026-06-24,5,20.556
nyc,2026-06-24,6,20.556
nyc,2026-06-24,7,20.556
nyc,2026-06-24,8,21.667
nyc,2026-06-24,9,23.333
nyc,2026-06-24,10,23.889
nyc,2026-06-24,11,25.556
nyc,2026-06-24,12,26.111
nyc,2026-06-24,13,26.667
nyc,2026-06-24,14,26.667
nyc,2026-06-24,15,27.778
nyc,2026-06-24,16,27.778
nyc,2026-06-24,17,27.778
nyc,2026-06-24,18,27.778
nyc,2026-06-24,19,27.778
nyc,2026-06-24,20,27.778
nyc,2026-06-24,21,27.778
nyc,2026-06-24,22,27.778
nyc,2026-06-24,23,27.778
nyc,2026-06-25,0,22.778
nyc,2026-06-25,1,22.778
nyc,2026-06-25,2,22.778
nyc,2026-06-25,3,22.778
nyc,2026-06-25,4,22.778
nyc,2026-06-25,5,22.778
nyc,2026-06-25,6,22.778
nyc,2026-06-25,7,22.778
nyc,2026-06-25,8,23.333
nyc,2026-06-25,9,24.444
nyc,2026-06-25,10,26.111
nyc,2026-06-25,11,27.778
nyc,2026-06-25,12,27.778
nyc,2026-06-25,13,28.333
nyc,2026-06-25,14,28.333
nyc,2026-06-25,15,28.889
nyc,2026-06-25,16,28.889
nyc,2026-06-25,17,28.889
nyc,2026-06-25,18,28.889
nyc,2026-06-25,19,28.889
nyc,2026-06-25,20,28.889
nyc,2026-06-25,21,28.889
nyc,2026-06-25,22,28.889
nyc,2026-06-25,23,28.889
nyc,2026-06-26,0,21.667
nyc,2026-06-26,1,21.667
nyc,2026-06-26,2,21.667
nyc,2026-06-26,3,21.667
nyc,2026-06-26,4,21.667
nyc,2026-06-26,5,21.667
nyc,2026-06-26,6,21.667
nyc,2026-06-26,7,21.667
nyc,2026-06-26,8,21.667
nyc,2026-06-26,9,22.222
nyc,2026-06-26,10,23.333
nyc,2026-06-26,11,23.889
nyc,2026-06-26,12,23.889
nyc,2026-06-26,13,25.0
nyc,2026-06-26,14,26.667
nyc,2026-06-26,15,27.778
nyc,2026-06-26,16,28.333
nyc,2026-06-26,17,28.333
nyc,2026-06-26,18,28.333
nyc,2026-06-26,19,28.333
nyc,2026-06-26,20,28.333
nyc,2026-06-26,21,28.333
nyc,2026-06-26,22,28.333
nyc,2026-06-26,23,28.333
nyc,2026-06-27,0,25.556
nyc,2026-06-27,1,25.556
nyc,2026-06-27,2,25.556
nyc,2026-06-27,3,25.556
nyc,2026-06-27,4,25.556
nyc,2026-06-27,5,25.556
nyc,2026-06-27,6,25.556
nyc,2026-06-27,7,25.556
nyc,2026-06-27,8,25.556
nyc,2026-06-27,9,25.556
nyc,2026-06-27,10,25.556
nyc,2026-06-27,11,25.556
nyc,2026-06-27,12,25.556
nyc,2026-06-27,13,25.556
nyc,2026-06-27,14,25.556
nyc,2026-06-27,15,25.556
nyc,2026-06-27,16,25.556
nyc,2026-06-27,17,25.556
nyc,2026-06-27,18,25.556
nyc,2026-06-27,19,25.556
nyc,2026-06-27,20,25.556
nyc,2026-06-27,21,25.556
nyc,2026-06-27,22,25.556
nyc,2026-06-27,23,25.556
nyc,2026-06-28,0,21.111
nyc,2026-06-28,1,21.667
nyc,2026-06-28,2,21.667
nyc,2026-06-28,3,21.667
nyc,2026-06-28,4,21.667
nyc,2026-06-28,5,21.667
nyc,2026-06-28,6,22.222
nyc,2026-06-28,7,22.222
nyc,2026-06-28,8,22.778
nyc,2026-06-28,9,23.333
nyc,2026-06-28,10,24.444
nyc,2026-06-28,11,25.556
nyc,2026-06-28,12,26.111
nyc,2026-06-28,13,27.222
nyc,2026-06-28,14,27.222
nyc,2026-06-28,15,27.222
nyc,2026-06-28,16,27.778
nyc,2026-06-28,17,27.778
nyc,2026-06-28,18,27.778
nyc,2026-06-28,19,27.778
nyc,2026-06-28,20,27.778
nyc,2026-06-28,21,27.778
nyc,2026-06-28,22,27.778
nyc,2026-06-28,23,27.778
nyc,2026-06-29,0,22.222
nyc,2026-06-29,1,22.222
nyc,2026-06-29,2,22.222
nyc,2026-06-29,3,22.222
nyc,2026-06-29,4,22.222
nyc,2026-06-29,5,22.222
nyc,2026-06-29,6,22.222
nyc,2026-06-29,7,23.333
nyc,2026-06-29,8,25.0
nyc,2026-06-29,9,26.667
nyc,2026-06-29,10,28.889
nyc,2026-06-29,11,28.889
nyc,2026-06-29,12,29.444
nyc,2026-06-29,13,29.444
nyc,2026-06-29,14,30.556
nyc,2026-06-29,15,30.556
nyc,2026-06-29,16,30.556
nyc,2026-06-29,17,30.556
nyc,2026-06-29,18,30.556
nyc,2026-06-29,19,30.556
nyc,2026-06-29,20,30.556
nyc,2026-06-29,21,30.556
nyc,2026-06-29,22,30.556
nyc,2026-06-29,23,30.556
nyc,2026-06-30,0,25.556
nyc,2026-06-30,1,25.556
nyc,2026-06-30,2,25.556
nyc,2026-06-30,3,25.556
nyc,2026-06-30,4,25.556
nyc,2026-06-30,5,25.556
nyc,2026-06-30,6,25.556
nyc,2026-06-30,7,25.556
nyc,2026-06-30,8,26.667
nyc,2026-06-30,9,28.333
nyc,2026-06-30,10,30.0
nyc,2026-06-30,11,30.556
nyc,2026-06-30,12,31.667
nyc,2026-06-30,13,31.667
nyc,2026-06-30,14,31.667
nyc,2026-06-30,15,31.667
nyc,2026-06-30,16,32.222
nyc,2026-06-30,17,32.222
nyc,2026-06-30,18,32.222
nyc,2026-06-30,19,32.222
nyc,2026-06-30,20,32.222
nyc,2026-06-30,21,32.222
nyc,2026-06-30,22,32.222
nyc,2026-06-30,23,32.222
nyc,2026-07-01,0,26.667
nyc,2026-07-01,1,26.667
nyc,2026-07-01,2,26.667
nyc,2026-07-01,3,26.667
nyc,2026-07-01,4,26.667
nyc,2026-07-01,5,26.667
nyc,2026-07-01,6,26.667
nyc,2026-07-01,7,26.667
nyc,2026-07-01,8,26.667
nyc,2026-07-01,9,28.889
nyc,2026-07-01,10,30.0
nyc,2026-07-01,11,31.111
nyc,2026-07-01,12,32.778
nyc,2026-07-01,13,33.333
nyc,2026-07-01,14,33.333
nyc,2026-07-01,15,33.333
nyc,2026-07-01,16,33.333
nyc,2026-07-01,17,33.333
nyc,2026-07-01,18,33.333
nyc,2026-07-01,19,33.333
nyc,2026-07-01,20,33.333
nyc,2026-07-01,21,33.333
nyc,2026-07-01,22,33.333
nyc,2026-07-01,23,33.333
nyc,2026-07-02,0,31.111
nyc,2026-07-02,1,31.111
nyc,2026-07-02,2,31.111
nyc,2026-07-02,3,31.111
nyc,2026-07-02,4,31.111
nyc,2026-07-02,5,31.111
nyc,2026-07-02,6,31.111
nyc,2026-07-02,7,31.111
nyc,2026-07-02,8,31.111
nyc,2026-07-02,9,32.222
nyc,2026-07-02,10,34.444
nyc,2026-07-02,11,35.556
nyc,2026-07-02,12,37.222
nyc,2026-07-02,13,37.222
nyc,2026-07-02,14,38.889
nyc,2026-07-02,15,38.889
nyc,2026-07-02,16,38.889
nyc,2026-07-02,17,38.889
nyc,2026-07-02,18,38.889
nyc,2026-07-02,19,38.889
nyc,2026-07-02,20,38.889
nyc,2026-07-02,21,38.889
nyc,2026-07-02,22,38.889
nyc,2026-07-02,23,38.889
nyc,2026-07-03,0,32.778
nyc,2026-07-03,1,32.778
nyc,2026-07-03,2,32.778
nyc,2026-07-03,3,32.778
nyc,2026-07-03,4,32.778
nyc,2026-07-03,5,32.778
nyc,2026-07-03,6,32.778
nyc,2026-07-03,7,32.778
nyc,2026-07-03,8,32.778
nyc,2026-07-03,9,32.778
nyc,2026-07-03,10,32.778
nyc,2026-07-03,11,34.444
nyc,2026-07-03,12,36.667
nyc,2026-07-03,13,37.222
nyc,2026-07-03,14,37.778
nyc,2026-07-03,15,37.778
nyc,2026-07-03,16,37.778
nyc,2026-07-03,17,37.778
nyc,2026-07-03,18,37.778
nyc,2026-07-03,19,37.778
nyc,2026-07-03,20,37.778
nyc,2026-07-03,21,37.778
nyc,2026-07-03,22,37.778
nyc,2026-07-03,23,37.778
nyc,2026-07-04,0,26.667
nyc,2026-07-04,1,27.222
nyc,2026-07-04,2,27.222
nyc,2026-07-04,3,27.222
nyc,2026-07-04,4,27.222
nyc,2026-07-04,5,27.222
nyc,2026-07-04,6,27.222
nyc,2026-07-04,7,28.333
nyc,2026-07-04,8,28.889
nyc,2026-07-04,9,31.111
nyc,2026-07-04,10,31.111
nyc,2026-07-04,11,32.778
nyc,2026-07-04,12,32.778
nyc,2026-07-04,13,33.889
nyc,2026-07-04,14,35.0
nyc,2026-07-04,15,35.556
nyc,2026-07-04,16,35.556
nyc,2026-07-04,17,36.111
nyc,2026-07-04,18,36.111
nyc,2026-07-04,19,36.111
nyc,2026-07-04,20,36.111
nyc,2026-07-04,21,36.111
nyc,2026-07-04,22,36.111
nyc,2026-07-04,23,36.111
nyc,2026-07-05,0,24.444
nyc,2026-07-05,1,24.444
nyc,2026-07-05,2,24.444
nyc,2026-07-05,3,24.444
nyc,2026-07-05,4,24.444
nyc,2026-07-05,5,24.444
nyc,2026-07-05,6,24.444
nyc,2026-07-05,7,25.0
nyc,2026-07-05,8,25.0
nyc,2026-07-05,9,25.0
nyc,2026-07-05,10,25.0
nyc,2026-07-05,11,25.0
nyc,2026-07-05,12,25.0
nyc,2026-07-05,13,25.0
nyc,2026-07-05,14,25.0
nyc,2026-07-05,15,25.0
nyc,2026-07-05,16,25.0
nyc,2026-07-05,17,25.556
nyc,2026-07-05,18,25.556
nyc,2026-07-05,19,25.556
nyc,2026-07-05,20,25.556
nyc,2026-07-05,21,25.556
nyc,2026-07-05,22,25.556
nyc,2026-07-05,23,25.556
nyc,2026-07-06,0,21.667
nyc,2026-07-06,1,21.667
nyc,2026-07-06,2,21.667
nyc,2026-07-06,3,21.667
nyc,2026-07-06,4,21.667
nyc,2026-07-06,5,21.667
nyc,2026-07-06,6,21.667
nyc,2026-07-06,7,21.667
nyc,2026-07-06,8,21.667
nyc,2026-07-06,9,21.667
nyc,2026-07-06,10,21.667
nyc,2026-07-06,11,21.667
nyc,2026-07-06,12,21.667
nyc,2026-07-06,13,21.667
nyc,2026-07-06,14,21.667
nyc,2026-07-06,15,21.667
nyc,2026-07-06,16,21.667
nyc,2026-07-06,17,21.667
nyc,2026-07-06,18,21.667
nyc,2026-07-06,19,21.667
nyc,2026-07-06,20,21.667
nyc,2026-07-06,21,21.667
nyc,2026-07-06,22,21.667
nyc,2026-07-06,23,21.667
nyc,2026-07-07,0,18.333
nyc,2026-07-07,1,18.333
nyc,2026-07-07,2,18.333
nyc,2026-07-07,3,18.333
nyc,2026-07-07,4,18.333
nyc,2026-07-07,5,18.333
nyc,2026-07-07,6,18.333
nyc,2026-07-07,7,18.333
nyc,2026-07-07,8,18.333
nyc,2026-07-07,9,18.333
nyc,2026-07-07,10,18.889
nyc,2026-07-07,11,20.556
nyc,2026-07-07,12,20.556
nyc,2026-07-07,13,21.111
nyc,2026-07-07,14,21.667
nyc,2026-07-07,15,22.222
nyc,2026-07-07,16,22.222
nyc,2026-07-07,17,22.222
nyc,2026-07-07,18,22.222
nyc,2026-07-07,19,22.222
nyc,2026-07-07,20,22.222
nyc,2026-07-07,21,22.222
nyc,2026-07-07,22,22.222
nyc,2026-07-07,23,22.222
nyc,2026-07-08,0,20.0
nyc,2026-07-08,1,20.0
nyc,2026-07-08,2,20.0
nyc,2026-07-08,3,20.0
nyc,2026-07-08,4,20.0
nyc,2026-07-08,5,20.0
nyc,2026-07-08,6,20.0
nyc,2026-07-08,7,20.556
nyc,2026-07-08,8,22.778
nyc,2026-07-08,9,23.333
nyc,2026-07-08,10,25.0
nyc,2026-07-08,11,26.111
nyc,2026-07-08,12,27.222
nyc,2026-07-08,13,27.778
nyc,2026-07-08,14,29.444
nyc,2026-07-08,15,30.556
nyc,2026-07-08,16,30.556
nyc,2026-07-08,17,30.556
nyc,2026-07-08,18,30.556
nyc,2026-07-08,19,30.556
nyc,2026-07-08,20,30.556
nyc,2026-07-08,21,30.556
nyc,2026-07-08,22,30.556
nyc,2026-07-08,23,30.556
nyc,2026-07-09,0,23.889
nyc,2026-07-09,1,23.889
nyc,2026-07-09,2,23.889
nyc,2026-07-09,3,23.889
nyc,2026-07-09,4,23.889
nyc,2026-07-09,5,23.889
nyc,2026-07-09,6,23.889
nyc,2026-07-09,7,25.0
nyc,2026-07-09,8,26.111
nyc,2026-07-09,9,27.778
nyc,2026-07-09,10,28.333
nyc,2026-07-09,11,29.444
nyc,2026-07-09,12,30.556
nyc,2026-07-09,13,30.556
nyc,2026-07-09,14,30.556
nyc,2026-07-09,15,30.556
nyc,2026-07-09,16,30.556
nyc,2026-07-09,17,30.556
nyc,2026-07-09,18,30.556
nyc,2026-07-09,19,30.556
nyc,2026-07-09,20,30.556
nyc,2026-07-09,21,30.556
nyc,2026-07-09,22,30.556
nyc,2026-07-09,23,30.556
nyc,2026-07-10,0,25.0
nyc,2026-07-10,1,25.0
nyc,2026-07-10,2,25.0
nyc,2026-07-10,3,25.0
nyc,2026-07-10,4,25.0
nyc,2026-07-10,5,25.0
nyc,2026-07-10,6,25.0
nyc,2026-07-10,7,25.556
nyc,2026-07-10,8,27.222
nyc,2026-07-10,9,27.222
nyc,2026-07-10,10,27.778
nyc,2026-07-10,11,29.444
nyc,2026-07-10,12,29.444
nyc,2026-07-10,13,29.444
nyc,2026-07-10,14,29.444
nyc,2026-07-10,15,31.111
nyc,2026-07-10,16,31.111
nyc,2026-07-10,17,31.111
nyc,2026-07-10,18,31.111
nyc,2026-07-10,19,31.111
nyc,2026-07-10,20,31.111
nyc,2026-07-10,21,31.111
nyc,2026-07-10,22,31.111
nyc,2026-07-10,23,31.111
nyc,2026-07-11,0,26.667
nyc,2026-07-11,1,26.667
nyc,2026-07-11,2,26.667
nyc,2026-07-11,3,26.667
nyc,2026-07-11,4,26.667
nyc,2026-07-11,5,26.667
nyc,2026-07-11,6,26.667
nyc,2026-07-11,7,26.667
nyc,2026-07-11,8,26.667
nyc,2026-07-11,9,26.667
nyc,2026-07-11,10,26.667
nyc,2026-07-11,11,26.667
nyc,2026-07-11,12,26.667
nyc,2026-07-11,13,26.667
nyc,2026-07-11,14,26.667
nyc,2026-07-11,15,27.222
nyc,2026-07-11,16,27.778
nyc,2026-07-11,17,27.778
nyc,2026-07-11,18,27.778
nyc,2026-07-11,19,27.778
nyc,2026-07-11,20,27.778
nyc,2026-07-11,21,27.778
nyc,2026-07-11,22,27.778
nyc,2026-07-11,23,27.778
nyc,2026-07-12,0,22.778
nyc,2026-07-12,1,22.778
nyc,2026-07-12,2,22.778
nyc,2026-07-12,3,22.778
nyc,2026-07-12,4,22.778
nyc,2026-07-12,5,22.778
nyc,2026-07-12,6,22.778
nyc,2026-07-12,7,22.778
nyc,2026-07-12,8,22.778
nyc,2026-07-12,9,23.889
nyc,2026-07-12,10,25.0
nyc,2026-07-12,11,26.667
nyc,2026-07-12,12,27.778
nyc,2026-07-12,13,29.444
nyc,2026-07-12,14,29.444
nyc,2026-07-12,15,29.444
nyc,2026-07-12,16,29.444
nyc,2026-07-12,17,29.444
nyc,2026-07-12,18,29.444
nyc,2026-07-12,19,29.444
nyc,2026-07-12,20,29.444
nyc,2026-07-12,21,29.444
nyc,2026-07-12,22,29.444
nyc,2026-07-12,23,29.444
nyc,2026-07-13,0,23.889
nyc,2026-07-13,1,23.889
nyc,2026-07-13,2,23.889
nyc,2026-07-13,3,23.889
nyc,2026-07-13,4,23.889
nyc,2026-07-13,5,23.889
nyc,2026-07-13,6,23.889
nyc,2026-07-13,7,24.444
nyc,2026-07-13,8,25.556
nyc,2026-07-13,9,26.667
nyc,2026-07-13,10,27.222
nyc,2026-07-13,11,28.333
nyc,2026-07-13,12,28.889
nyc,2026-07-13,13,28.889
nyc,2026-07-13,14,29.444
nyc,2026-07-13,15,29.444
nyc,2026-07-13,16,29.444
nyc,2026-07-13,17,29.444
nyc,2026-07-13,18,29.444
nyc,2026-07-13,19,29.444
nyc,2026-07-13,20,29.444
nyc,2026-07-13,21,29.444
nyc,2026-07-13,22,29.444
nyc,2026-07-13,23,29.444
nyc,2026-07-14,0,24.444
nyc,2026-07-14,1,24.444
nyc,2026-07-14,2,24.444
nyc,2026-07-14,3,24.444
nyc,2026-07-14,4,24.444
nyc,2026-07-14,5,24.444
nyc,2026-07-14,6,24.444
nyc,2026-07-14,7,24.444
nyc,2026-07-14,8,26.111
nyc,2026-07-14,9,27.778
nyc,2026-07-14,10,28.889
nyc,2026-07-14,11,31.111
nyc,2026-07-14,12,31.667
nyc,2026-07-14,13,32.778
nyc,2026-07-14,14,33.333
nyc,2026-07-14,15,33.333
nyc,2026-07-14,16,33.333
nyc,2026-07-14,17,33.333
nyc,2026-07-14,18,33.333
nyc,2026-07-14,19,33.333
nyc,2026-07-14,20,33.333
nyc,2026-07-14,21,33.333
nyc,2026-07-14,22,33.333
nyc,2026-07-14,23,33.333
nyc,2026-07-15,0,30.0
nyc,2026-07-15,1,30.0
nyc,2026-07-15,2,30.0
nyc,2026-07-15,3,30.0
nyc,2026-07-15,4,30.0
nyc,2026-07-15,5,30.0
nyc,2026-07-15,6,30.0
nyc,2026-07-15,7,30.0
nyc,2026-07-15,8,30.0
nyc,2026-07-15,9,31.111
nyc,2026-07-15,10,32.778
nyc,2026-07-15,11,34.444
nyc,2026-07-15,12,35.556
nyc,2026-07-15,13,36.667
nyc,2026-07-15,14,36.667
nyc,2026-07-15,15,36.667
nyc,2026-07-15,16,36.667
nyc,2026-07-15,17,36.667
nyc,2026-07-15,18,36.667
nyc,2026-07-15,19,36.667
nyc,2026-07-15,20,36.667
nyc,2026-07-15,21,36.667
nyc,2026-07-15,22,36.667
nyc,2026-07-15,23,36.667
nyc,2026-07-16,0,27.222
nyc,2026-07-16,1,27.222
nyc,2026-07-16,2,27.222
nyc,2026-07-16,3,27.222
nyc,2026-07-16,4,27.222
nyc,2026-07-16,5,27.222
nyc,2026-07-16,6,27.222
nyc,2026-07-16,7,27.222
nyc,2026-07-16,8,27.222
nyc,2026-07-16,9,27.222
nyc,2026-07-16,10,27.222
nyc,2026-07-16,11,28.889
nyc,2026-07-16,12,28.889
nyc,2026-07-16,13,29.444
nyc,2026-07-16,14,30.0
nyc,2026-07-16,15,31.111
nyc,2026-07-16,16,31.111
nyc,2026-07-16,17,31.111
nyc,2026-07-16,18,31.111
nyc,2026-07-16,19,31.111
nyc,2026-07-16,20,31.111
nyc,2026-07-16,21,31.111
nyc,2026-07-16,22,31.111
nyc,2026-07-16,23,31.111
nyc,2026-07-17,0,26.111
nyc,2026-07-17,1,26.111
nyc,2026-07-17,2,26.111
nyc,2026-07-17,3,26.111
nyc,2026-07-17,4,26.111
nyc,2026-07-17,5,26.111
nyc,2026-07-17,6,26.111
nyc,2026-07-17,7,26.111
nyc,2026-07-17,8,26.111
nyc,2026-07-17,9,26.111
nyc,2026-07-17,10,27.222
nyc,2026-07-17,11,28.333
nyc,2026-07-17,12,28.889
nyc,2026-07-17,13,28.889
nyc,2026-07-17,14,29.444
nyc,2026-07-17,15,30.0
nyc,2026-07-17,16,30.556
nyc,2026-07-17,17,30.556
nyc,2026-07-17,18,30.556
nyc,2026-07-17,19,30.556
nyc,2026-07-17,20,30.556
nyc,2026-07-17,21,30.556
nyc,2026-07-17,22,30.556
nyc,2026-07-17,23,30.556
nyc,2026-07-18,0,24.444
nyc,2026-07-18,1,24.444
nyc,2026-07-18,2,24.444
nyc,2026-07-18,3,24.444
nyc,2026-07-18,4,24.444
nyc,2026-07-18,5,24.444
nyc,2026-07-18,6,24.444
nyc,2026-07-18,7,25.556
nyc,2026-07-18,8,26.111
nyc,2026-07-18,9,26.667
nyc,2026-07-18,10,26.667
nyc,2026-07-18,11,26.667
nyc,2026-07-18,12,26.667
nyc,2026-07-18,13,26.667
nyc,2026-07-18,14,26.667
nyc,2026-07-18,15,26.667
nyc,2026-07-18,16,26.667
nyc,2026-07-18,17,26.667
nyc,2026-07-18,18,26.667
nyc,2026-07-18,19,26.667
nyc,2026-07-18,20,26.667
nyc,2026-07-18,21,26.667
nyc,2026-07-18,22,26.667
nyc,2026-07-18,23,26.667
nyc,2026-07-19,0,25.556
nyc,2026-07-19,1,25.556
nyc,2026-07-19,2,25.556
nyc,2026-07-19,3,25.556
nyc,2026-07-19,4,25.556
nyc,2026-07-19,5,25.556
nyc,2026-07-19,6,25.556
nyc,2026-07-19,7,25.556
nyc,2026-07-19,8,25.556
nyc,2026-07-19,9,25.556
nyc,2026-07-19,10,25.556
nyc,2026-07-19,11,25.556
nyc,2026-07-19,12,25.556
nyc,2026-07-19,13,25.556
nyc,2026-07-19,14,26.111
nyc,2026-07-19,15,26.667
nyc,2026-07-19,16,26.667
nyc,2026-07-19,17,26.667
nyc,2026-07-19,18,27.222
nyc,2026-07-19,19,27.222
nyc,2026-07-19,20,27.222
nyc,2026-07-19,21,27.222
nyc,2026-07-19,22,27.222
nyc,2026-07-19,23,27.222
nyc,2026-07-20,0,22.222
nyc,2026-07-20,1,22.222
nyc,2026-07-20,2,22.222
nyc,2026-07-20,3,22.222
nyc,2026-07-20,4,22.222
nyc,2026-07-20,5,22.222
nyc,2026-07-20,6,22.222
nyc,2026-07-20,7,22.222
nyc,2026-07-20,8,22.222
nyc,2026-07-20,9,22.222
nyc,2026-07-20,10,23.889
nyc,2026-07-20,11,24.444
nyc,2026-07-20,12,25.556
nyc,2026-07-20,13,26.111
nyc,2026-07-20,14,26.111
nyc,2026-07-20,15,26.667
nyc,2026-07-20,16,27.222
nyc,2026-07-20,17,27.778
nyc,2026-07-20,18,27.778
nyc,2026-07-20,19,27.778
nyc,2026-07-20,20,27.778
nyc,2026-07-20,21,27.778
nyc,2026-07-20,22,27.778
nyc,2026-07-20,23,27.778
nyc,2026-07-21,0,23.333
nyc,2026-07-21,1,23.333
nyc,2026-07-21,2,23.333
nyc,2026-07-21,3,23.889
nyc,2026-07-21,4,23.889
nyc,2026-07-21,5,23.889
nyc,2026-07-21,6,23.889
nyc,2026-07-21,7,23.889
nyc,2026-07-21,8,25.0
nyc,2026-07-21,9,25.0
nyc,2026-07-21,10,25.0
nyc,2026-07-21,11,25.556
nyc,2026-07-21,12,27.222
nyc,2026-07-21,13,27.778
nyc,2026-07-21,14,27.778
nyc,2026-07-21,15,27.778
nyc,2026-07-21,16,27.778
nyc,2026-07-21,17,27.778
nyc,2026-07-21,18,27.778
nyc,2026-07-21,19,27.778
nyc,2026-07-21,20,27.778
nyc,2026-07-21,21,27.778
nyc,2026-07-21,22,27.778
nyc,2026-07-21,23,27.778
nyc,2026-07-22,0,24.444
nyc,2026-07-22,1,24.444
nyc,2026-07-22,2,24.444
nyc,2026-07-22,3,24.444
nyc,2026-07-22,4,24.444
nyc,2026-07-22,5,24.444
nyc,2026-07-22,6,24.444
nyc,2026-07-22,7,24.444
nyc,2026-07-22,8,25.0
nyc,2026-07-22,9,25.556
nyc,2026-07-22,10,27.222
nyc,2026-07-22,11,28.889
nyc,2026-07-22,12,30.0
nyc,2026-07-22,13,30.556
nyc,2026-07-22,14,30.556
nyc,2026-07-22,15,31.111
nyc,2026-07-22,16,31.111
nyc,2026-07-22,17,31.111
nyc,2026-07-22,18,31.111
nyc,2026-07-22,19,31.111
nyc,2026-07-22,20,31.111
nyc,2026-07-22,21,31.111
nyc,2026-07-22,22,31.111
nyc,2026-07-22,23,31.111
nyc,2026-07-23,0,22.778
nyc,2026-07-23,1,22.778
nyc,2026-07-23,2,22.778
nyc,2026-07-23,3,22.778
nyc,2026-07-23,4,22.778
nyc,2026-07-23,5,22.778
nyc,2026-07-23,6,22.778
nyc,2026-07-23,7,22.778
nyc,2026-07-23,8,22.778
nyc,2026-07-23,9,22.778
nyc,2026-07-23,10,22.778
nyc,2026-07-23,11,23.333
nyc,2026-07-23,12,24.444
nyc,2026-07-23,13,25.0
nyc,2026-07-23,14,27.222
nyc,2026-07-23,15,27.222
nyc,2026-07-23,16,27.222
nyc,2026-07-23,17,27.222
nyc,2026-07-23,18,27.222
nyc,2026-07-23,19,27.222
nyc,2026-07-23,20,27.222
nyc,2026-07-23,21,27.222
nyc,2026-07-23,22,27.222
nyc,2026-07-23,23,27.222
nyc,2026-07-24,0,22.222
nyc,2026-07-24,1,22.222
nyc,2026-07-24,2,22.222
nyc,2026-07-24,3,22.222
nyc,2026-07-24,4,22.222
nyc,2026-07-24,5,22.222
nyc,2026-07-24,6,22.222
nyc,2026-07-24,7,22.222
nyc,2026-07-24,8,22.778
nyc,2026-07-24,9,23.889
nyc,2026-07-24,10,25.556
nyc,2026-07-24,11,26.111
nyc,2026-07-24,12,26.111
nyc,2026-07-24,13,26.667
nyc,2026-07-24,14,27.222
nyc,2026-07-24,15,27.778
nyc,2026-07-24,16,27.778
nyc,2026-07-24,17,27.778
nyc,2026-07-24,18,27.778
nyc,2026-07-24,19,27.778
nyc,2026-07-24,20,27.778
nyc,2026-07-24,21,27.778
nyc,2026-07-24,22,27.778
nyc,2026-07-24,23,27.778
nyc,2026-07-25,0,22.222
nyc,2026-07-25,1,22.222
nyc,2026-07-25,2,22.222
nyc,2026-07-25,3,22.222
nyc,2026-07-25,4,22.222
nyc,2026-07-25,5,22.222
nyc,2026-07-25,6,22.222
nyc,2026-07-25,7,22.222
nyc,2026-07-25,8,22.222
nyc,2026-07-25,9,22.778
nyc,2026-07-25,10,23.889
nyc,2026-07-25,11,24.444
nyc,2026-07-25,12,24.444
nyc,2026-07-25,13,25.556
nyc,2026-07-25,14,25.556
nyc,2026-07-25,15,26.111
nyc,2026-07-25,16,26.111
nyc,2026-07-25,17,26.111
nyc,2026-07-25,18,26.111
nyc,2026-07-25,19,26.111
nyc,2026-07-25,20,26.111
nyc,2026-07-25,21,26.111
nyc,2026-07-25,22,26.111
nyc,2026-07-25,23,26.111
nyc,2026-07-26,0,21.111
nyc,2026-07-26,1,21.111
nyc,2026-07-26,2,21.111
nyc,2026-07-26,3,21.111
nyc,2026-07-26,4,21.111
nyc,2026-07-26,5,21.111
nyc,2026-07-26,6,21.111
nyc,2026-07-26,7,21.667
nyc,2026-07-26,8,22.222
nyc,2026-07-26,9,22.778
nyc,2026-07-26,10,24.444
nyc,2026-07-26,11,25.556
nyc,2026-07-26,12,26.111
nyc,2026-07-26,13,27.778
nyc,2026-07-26,14,27.778
nyc,2026-07-26,15,27.778
nyc,2026-07-26,16,27.778
nyc,2026-07-26,17,27.778
nyc,2026-07-26,18,27.778
nyc,2026-07-26,19,27.778
nyc,2026-07-26,20,27.778
nyc,2026-07-26,21,27.778
nyc,2026-07-26,22,27.778
nyc,2026-07-26,23,27.778
nyc,2026-07-27,0,23.889
nyc,2026-07-27,1,23.889
nyc,2026-07-27,2,23.889
nyc,2026-07-27,3,23.889
nyc,2026-07-27,4,23.889
nyc,2026-07-27,5,23.889
nyc,2026-07-27,6,23.889
nyc,2026-07-27,7,23.889
nyc,2026-07-27,8,24.444
nyc,2026-07-27,9,24.444
nyc,2026-07-27,10,27.222
nyc,2026-07-27,11,27.222
nyc,2026-07-27,12,28.889
nyc,2026-07-27,13,28.889
nyc,2026-07-27,14,28.889
nyc,2026-07-27,15,28.889
nyc,2026-07-27,16,28.889
nyc,2026-07-27,17,28.889
nyc,2026-07-27,18,28.889
nyc,2026-07-27,19,28.889
nyc,2026-07-27,20,28.889
nyc,2026-07-27,21,28.889
nyc,2026-07-27,22,28.889
nyc,2026-07-27,23,28.889
nyc,2026-07-28,0,23.889
nyc,2026-07-28,1,23.889
nyc,2026-07-28,2,23.889
nyc,2026-07-28,3,23.889
nyc,2026-07-28,4,23.889
nyc,2026-07-28,5,23.889
nyc,2026-07-28,6,23.889
nyc,2026-07-28,7,23.889
nyc,2026-07-28,8,23.889
nyc,2026-07-28,9,25.0
nyc,2026-07-28,10,26.667
nyc,2026-07-28,11,26.667
nyc,2026-07-28,12,26.667
nyc,2026-07-28,13,26.667
nyc,2026-07-28,14,26.667
nyc,2026-07-28,15,26.667
nyc,2026-07-28,16,26.667
nyc,2026-07-28,17,26.667
nyc,2026-07-28,18,26.667
nyc,2026-07-28,19,26.667
nyc,2026-07-28,20,26.667
nyc,2026-07-28,21,26.667
nyc,2026-07-28,22,26.667
nyc,2026-07-28,23,26.667
nyc,2026-07-29,0,23.333
nyc,2026-07-29,1,23.333
nyc,2026-07-29,2,23.333
nyc,2026-07-29,3,23.333
nyc,2026-07-29,4,23.333
nyc,2026-07-29,5,23.333
nyc,2026-07-29,6,23.333
nyc,2026-07-29,7,23.333
nyc,2026-07-29,8,23.333
nyc,2026-07-29,9,23.333
nyc,2026-07-29,10,23.333
nyc,2026-07-29,11,25.0
nyc,2026-07-29,12,25.556
nyc,2026-07-29,13,26.111
nyc,2026-07-29,14,26.667
nyc,2026-07-29,15,27.222
nyc,2026-07-29,16,27.222
nyc,2026-07-29,17,27.222
nyc,2026-07-29,18,27.222
nyc,2026-07-29,19,27.222
nyc,2026-07-29,20,27.222
nyc,2026-07-29,21,27.222
nyc,2026-07-29,22,27.222
nyc,2026-07-29,23,27.222
nyc,2026-07-30,0,22.222
nyc,2026-07-30,1,22.222
nyc,2026-07-30,2,22.222
nyc,2026-07-30,3,22.222
nyc,2026-07-30,4,22.222
nyc,2026-07-30,5,22.222
nyc,2026-07-30,6,22.222
nyc,2026-07-30,7,22.222
nyc,2026-07-30,8,22.778
nyc,2026-07-30,9,22.778
nyc,2026-07-30,10,22.778
nyc,2026-07-30,11,22.778
nyc,2026-07-30,12,22.778
nyc,2026-07-30,13,22.778
nyc,2026-07-30,14,22.778
nyc,2026-07-30,15,22.778
nyc,2026-07-30,16,23.889
nyc,2026-07-30,17,23.889
nyc,2026-07-30,18,24.444
nyc,2026-07-30,19,24.444
nyc,2026-07-30,20,24.444
nyc,2026-07-30,21,24.444
nyc,2026-07-30,22,24.444
nyc,2026-07-30,23,24.444
nyc,2026-07-31,0,22.778
nyc,2026-07-31,1,22.778
nyc,2026-07-31,2,22.778
nyc,2026-07-31,3,22.778
nyc,2026-07-31,4,22.778
nyc,2026-07-31,5,22.778
nyc,2026-07-31,6,22.778
nyc,2026-07-31,7,22.778
nyc,2026-07-31,8,23.889
nyc,2026-07-31,9,25.556
nyc,2026-07-31,10,26.667
nyc,2026-07-31,11,26.667
nyc,2026-07-31,12,27.222
nyc,2026-07-31,13,28.889
nyc,2026-07-31,14,28.889
nyc,2026-07-31,15,28.889
nyc,2026-07-31,16,28.889
nyc,2026-07-31,17,28.889
nyc,2026-07-31,18,28.889
nyc,2026-07-31,19,28.889
nyc,2026-07-31,20,28.889
nyc,2026-07-31,21,28.889
nyc,2026-07-31,22,28.889
nyc,2026-07-31,23,28.889
nyc,2026-08-01,0,25.0
nyc,2026-08-01,1,25.0
nyc,2026-08-01,2,25.0
nyc,2026-08-01,3,25.0
nyc,2026-08-01,4,25.0
nyc,2026-08-01,5,25.0
nyc,2026-08-01,6,25.0
nyc,2026-08-01,7,25.0
nyc,2026-08-01,8,26.667
nyc,2026-08-01,9,27.222
nyc,2026-08-01,10,28.889
nyc,2026-08-01,11,29.444
nyc,2026-08-01,12,30.0
nyc,2026-08-01,13,30.556
nyc,2026-08-01,14,30.556
nyc,2026-08-01,15,30.556
nyc,2026-08-01,16,30.556
nyc,2026-08-01,17,30.556
nyc,2026-08-01,18,30.556
nyc,2026-08-01,19,30.556
nyc,2026-08-01,20,30.556
nyc,2026-08-01,21,30.556
nyc,2026-08-01,22,30.556
nyc,2026-08-01,23,30.556
nyc,2026-08-02,0,25.0
nyc,2026-08-02,1,25.0
nyc,2026-08-02,2,25.0
nyc,2026-08-02,3,25.0
nyc,2026-08-02,4,25.0
nyc,2026-08-02,5,25.0
nyc,2026-08-02,6,25.0
nyc,2026-08-02,7,25.0
nyc,2026-08-02,8,26.111
nyc,2026-08-02,9,26.667
nyc,2026-08-02,10,27.222
nyc,2026-08-02,11,27.222
nyc,2026-08-02,12,28.333
nyc,2026-08-02,13,28.333
nyc,2026-08-02,14,28.333
nyc,2026-08-02,15,29.444
nyc,2026-08-02,16,29.444
nyc,2026-08-02,17,29.444
nyc,2026-08-02,18,29.444
nyc,2026-08-02,19,29.444
nyc,2026-08-02,20,29.444
nyc,2026-08-02,21,29.444
nyc,2026-08-02,22,29.444
nyc,2026-08-02,23,29.444
nyc,2026-08-03,0,25.556
nyc,2026-08-03,1,25.556
nyc,2026-08-03,2,25.556
nyc,2026-08-03,3,25.556
nyc,2026-08-03,4,25.556
nyc,2026-08-03,5,25.556
nyc,2026-08-03,6,25.556
nyc,2026-08-03,7,25.556
nyc,2026-08-03,8,25.556
nyc,2026-08-03,9,25.556
nyc,2026-08-03,10,25.556
nyc,2026-08-03,11,25.556
nyc,2026-08-03,12,25.556
nyc,2026-08-03,13,26.667
nyc,2026-08-03,14,26.667
nyc,2026-08-03,15,28.889
nyc,2026-08-03,16,28.889
nyc,2026-08-03,17,28.889
nyc,2026-08-03,18,28.889
nyc,2026-08-03,19,28.889
nyc,2026-08-03,20,28.889
nyc,2026-08-03,21,28.889
nyc,2026-08-03,22,28.889
nyc,2026-08-03,23,28.889
nyc,2026-08-04,0,22.778
nyc,2026-08-04,1,22.778
nyc,2026-08-04,2,22.778
nyc,2026-08-04,3,22.778
nyc,2026-08-04,4,22.778
nyc,2026-08-04,5,22.778
nyc,2026-08-04,6,22.778
nyc,2026-08-04,7,22.778
nyc,2026-08-04,8,22.778
nyc,2026-08-04,9,24.444
nyc,2026-08-04,10,26.111
nyc,2026-08-04,11,27.222
nyc,2026-08-04,12,27.222
nyc,2026-08-04,13,28.333
nyc,2026-08-04,14,28.333
nyc,2026-08-04,15,28.889
nyc,2026-08-04,16,28.889
nyc,2026-08-04,17,28.889
nyc,2026-08-04,18,28.889
nyc,2026-08-04,19,28.889
nyc,2026-08-04,20,28.889
nyc,2026-08-04,21,28.889
nyc,2026-08-04,22,28.889
nyc,2026-08-04,23,28.889
nyc,2026-08-05,0,23.889
nyc,2026-08-05,1,23.889
nyc,2026-08-05,2,23.889
nyc,2026-08-05,3,23.889
nyc,2026-08-05,4,23.889
nyc,2026-08-05,5,23.889
nyc,2026-08-05,6,23.889
nyc,2026-08-05,7,23.889
nyc,2026-08-05,8,23.889
nyc,2026-08-05,9,25.556
nyc,2026-08-05,10,26.667
nyc,2026-08-05,11,27.778
nyc,2026-08-05,12,28.889
nyc,2026-08-05,13,28.889
nyc,2026-08-05,14,28.889
nyc,2026-08-05,15,28.889
nyc,2026-08-05,16,28.889
nyc,2026-08-05,17,28.889
nyc,2026-08-05,18,28.889
nyc,2026-08-05,19,28.889
nyc,2026-08-05,20,28.889
nyc,2026-08-05,21,28.889
nyc,2026-08-05,22,28.889
nyc,2026-08-05,23,28.889
nyc,2026-08-06,0,25.556
nyc,2026-08-06,1,26.111
nyc,2026-08-06,2,26.111
nyc,2026-08-06,3,26.111
nyc,2026-08-06,4,26.111
nyc,2026-08-06,5,26.111
nyc,2026-08-06,6,26.111
nyc,2026-08-06,7,26.667
nyc,2026-08-06,8,27.778
nyc,2026-08-06,9,28.333
nyc,2026-08-06,10,29.444
nyc,2026-08-06,11,30.556
nyc,2026-08-06,12,31.111
nyc,2026-08-06,13,31.667
nyc,2026-08-06,14,31.667
nyc,2026-08-06,15,31.667
nyc,2026-08-06,16,31.667
nyc,2026-08-06,17,32.222
nyc,2026-08-06,18,32.222
nyc,2026-08-06,19,32.222
nyc,2026-08-06,20,32.222
nyc,2026-08-06,21,32.222
nyc,2026-08-06,22,32.222
nyc,2026-08-06,23,32.222
nyc,2026-08-07,0,29.444
nyc,2026-08-07,1,29.444
nyc,2026-08-07,2,29.444
nyc,2026-08-07,3,29.444
nyc,2026-08-07,4,29.444
nyc,2026-08-07,5,29.444
nyc,2026-08-07,6,29.444
nyc,2026-08-07,7,29.444
nyc,2026-08-07,8,29.444
nyc,2026-08-07,9,30.0
nyc,2026-08-07,10,30.556
nyc,2026-08-07,11,31.111
nyc,2026-08-07,12,32.222
nyc,2026-08-07,13,32.778
nyc,2026-08-07,14,33.889
nyc,2026-08-07,15,33.889
nyc,2026-08-07,16,33.889
nyc,2026-08-07,17,33.889
nyc,2026-08-07,18,33.889
nyc,2026-08-07,19,33.889
nyc,2026-08-07,20,33.889
nyc,2026-08-07,21,33.889
nyc,2026-08-07,22,33.889
nyc,2026-08-07,23,33.889
nyc,2026-08-08,0,24.444
nyc,2026-08-08,1,24.444
nyc,2026-08-08,2,24.444
nyc,2026-08-08,3,24.444
nyc,2026-08-08,4,24.444
nyc,2026-08-08,5,24.444
nyc,2026-08-08,6,24.444
nyc,2026-08-08,7,25.556
nyc,2026-08-08,8,26.111
nyc,2026-08-08,9,26.667
nyc,2026-08-08,10,27.778
nyc,2026-08-08,11,29.444
nyc,2026-08-08,12,31.111
nyc,2026-08-08,13,31.667
nyc,2026-08-08,14,32.778
nyc,2026-08-08,15,32.778
nyc,2026-08-08,16,32.778
nyc,2026-08-08,17,32.778
nyc,2026-08-08,18,32.778
nyc,2026-08-08,19,32.778
nyc,2026-08-08,20,32.778
nyc,2026-08-08,21,32.778
nyc,2026-08-08,22,32.778
nyc,2026-08-08,23,32.778
nyc,2026-08-09,0,27.222
nyc,2026-08-09,1,27.222
nyc,2026-08-09,2,27.222
nyc,2026-08-09,3,27.222
nyc,2026-08-09,4,27.222
nyc,2026-08-09,5,27.222
nyc,2026-08-09,6,27.222
nyc,2026-08-09,7,27.222
nyc,2026-08-09,8,27.222
nyc,2026-08-09,9,27.778
nyc,2026-08-09,10,28.889
nyc,2026-08-09,11,30.0
nyc,2026-08-09,12,31.111
nyc,2026-08-09,13,31.111
nyc,2026-08-09,14,31.667
nyc,2026-08-09,15,32.778
nyc,2026-08-09,16,32.778
nyc,2026-08-09,17,32.778
nyc,2026-08-09,18,32.778
nyc,2026-08-09,19,32.778
nyc,2026-08-09,20,32.778
nyc,2026-08-09,21,32.778
nyc,2026-08-09,22,32.778
nyc,2026-08-09,23,32.778
nyc,2026-08-10,0,26.667
nyc,2026-08-10,1,26.667
nyc,2026-08-10,2,26.667
nyc,2026-08-10,3,26.667
nyc,2026-08-10,4,26.667
nyc,2026-08-10,5,26.667
nyc,2026-08-10,6,26.667
nyc,2026-08-10,7,26.667
nyc,2026-08-10,8,26.667
nyc,2026-08-10,9,26.667
nyc,2026-08-10,10,28.889
nyc,2026-08-10,11,29.444
nyc,2026-08-10,12,29.444
nyc,2026-08-10,13,31.111
nyc,2026-08-10,14,31.111
nyc,2026-08-10,15,32.778
nyc,2026-08-10,16,32.778
nyc,2026-08-10,17,32.778
nyc,2026-08-10,18,32.778
nyc,2026-08-10,19,32.778
nyc,2026-08-10,20,32.778
nyc,2026-08-10,21,32.778
nyc,2026-08-10,22,32.778
nyc,2026-08-10,23,32.778
nyc,2026-08-11,0,25.556
nyc,2026-08-11,1,25.556
nyc,2026-08-11,2,25.556
nyc,2026-08-11,3,25.556
nyc,2026-08-11,4,25.556
nyc,2026-08-11,5,25.556
nyc,2026-08-11,6,25.556
nyc,2026-08-11,7,25.556
nyc,2026-08-11,8,25.556
nyc,2026-08-11,9,26.111
nyc,2026-08-11,10,27.222
nyc,2026-08-11,11,27.778
nyc,2026-08-11,12,28.889
nyc,2026-08-11,13,29.444
nyc,2026-08-11,14,30.0
nyc,2026-08-11,15,30.556
nyc,2026-08-11,16,30.556
nyc,2026-08-11,17,30.556
nyc,2026-08-11,18,30.556
nyc,2026-08-11,19,30.556
nyc,2026-08-11,20,30.556
nyc,2026-08-11,21,30.556
nyc,2026-08-11,22,30.556
nyc,2026-08-11,23,30.556
nyc,2026-08-12,0,25.556
nyc,2026-08-12,1,25.556
nyc,2026-08-12,2,25.556
nyc,2026-08-12,3,25.556
nyc,2026-08-12,4,25.556
nyc,2026-08-12,5,25.556
nyc,2026-08-12,6,25.556
nyc,2026-08-12,7,25.556
nyc,2026-08-12,8,25.556
nyc,2026-08-12,9,25.556
nyc,2026-08-12,10,26.111
nyc,2026-08-12,11,27.222
nyc,2026-08-12,12,28.333
nyc,2026-08-12,13,28.333
nyc,2026-08-12,14,28.889
nyc,2026-08-12,15,29.444
nyc,2026-08-12,16,30.0
nyc,2026-08-12,17,30.0
nyc,2026-08-12,18,30.0
nyc,2026-08-12,19,30.0
nyc,2026-08-12,20,30.0
nyc,2026-08-12,21,30.0
nyc,2026-08-12,22,30.0
nyc,2026-08-12,23,30.0
nyc,2026-08-13,0,26.111
nyc,2026-08-13,1,26.667
nyc,2026-08-13,2,26.667
nyc,2026-08-13,3,26.667
nyc,2026-08-13,4,26.667
nyc,2026-08-13,5,26.667
nyc,2026-08-13,6,26.667
nyc,2026-08-13,7,26.667
nyc,2026-08-13,8,26.667
nyc,2026-08-13,9,26.667
nyc,2026-08-13,10,27.222
nyc,2026-08-13,11,27.778
nyc,2026-08-13,12,28.889
nyc,2026-08-13,13,28.889
nyc,2026-08-13,14,29.444
nyc,2026-08-13,15,29.444
nyc,2026-08-13,16,30.0
nyc,2026-08-13,17,30.0
nyc,2026-08-13,18,30.0
nyc,2026-08-13,19,30.0
nyc,2026-08-13,20,30.0
nyc,2026-08-13,21,30.0
nyc,2026-08-13,22,30.0
nyc,2026-08-13,23,30.0
nyc,2026-08-14,0,26.111
nyc,2026-08-14,1,26.111
nyc,2026-08-14,2,26.111
nyc,2026-08-14,3,26.111
nyc,2026-08-14,4,26.111
nyc,2026-08-14,5,26.111
nyc,2026-08-14,6,26.111
nyc,2026-08-14,7,26.111
nyc,2026-08-14,8,26.111
nyc,2026-08-14,9,26.111
nyc,2026-08-14,10,27.222
nyc,2026-08-14,11,27.778
nyc,2026-08-14,12,28.889
nyc,2026-08-14,13,28.889
nyc,2026-08-14,14,30.0
nyc,2026-08-14,15,30.0
nyc,2026-08-14,16,30.0
nyc,2026-08-14,17,30.0
nyc,2026-08-14,18,30.0
nyc,2026-08-14,19,30.0
nyc,2026-08-14,20,30.0
nyc,2026-08-14,21,30.0
nyc,2026-08-14,22,30.0
nyc,2026-08-14,23,30.0
nyc,2026-08-15,0,23.333
nyc,2026-08-15,1,23.333
nyc,2026-08-15,2,23.333
nyc,2026-08-15,3,23.333
nyc,2026-08-15,4,23.333
nyc,2026-08-15,5,23.333
nyc,2026-08-15,6,23.333
nyc,2026-08-15,7,23.333
nyc,2026-08-15,8,23.333
nyc,2026-08-15,9,23.333
nyc,2026-08-15,10,23.889
nyc,2026-08-15,11,24.444
nyc,2026-08-15,12,25.556
nyc,2026-08-15,13,26.667
nyc,2026-08-15,14,27.222
nyc,2026-08-15,15,27.778
nyc,2026-08-15,16,28.333
nyc,2026-08-15,17,28.889
nyc,2026-08-15,18,28.889
nyc,2026-08-15,19,28.889
nyc,2026-08-15,20,28.889
nyc,2026-08-15,21,28.889
nyc,2026-08-15,22,28.889
nyc,2026-08-15,23,28.889
nyc,2026-08-16,0,24.444
nyc,2026-08-16,1,24.444
nyc,2026-08-16,2,24.444
nyc,2026-08-16,3,24.444
nyc,2026-08-16,4,24.444
nyc,2026-08-16,5,24.444
nyc,2026-08-16,6,24.444
nyc,2026-08-16,7,24.444
nyc,2026-08-16,8,24.444
nyc,2026-08-16,9,24.444
nyc,2026-08-16,10,26.667
nyc,2026-08-16,11,27.222
nyc,2026-08-16,12,27.222
nyc,2026-08-16,13,27.222
nyc,2026-08-16,14,27.222
nyc,2026-08-16,15,27.222
nyc,2026-08-16,16,27.222
nyc,2026-08-16,17,27.222
nyc,2026-08-16,18,27.222
nyc,2026-08-16,19,27.222
nyc,2026-08-16,20,27.222
nyc,2026-08-16,21,27.222
nyc,2026-08-16,22,27.222
nyc,2026-08-16,23,27.222
nyc,2026-08-17,0,21.667
nyc,2026-08-17,1,21.667
nyc,2026-08-17,2,21.667
nyc,2026-08-17,3,21.667
nyc,2026-08-17,4,22.222
nyc,2026-08-17,5,22.222
nyc,2026-08-17,6,22.222
nyc,2026-08-17,7,22.222
nyc,2026-08-17,8,22.222
nyc,2026-08-17,9,22.778
nyc,2026-08-17,10,22.778
nyc,2026-08-17,11,22.778
nyc,2026-08-17,12,23.333
nyc,2026-08-17,13,24.444
nyc,2026-08-17,14,25.0
nyc,2026-08-17,15,26.111
nyc,2026-08-17,16,26.667
nyc,2026-08-17,17,26.667
nyc,2026-08-17,18,26.667
nyc,2026-08-17,19,26.667
nyc,2026-08-17,20,26.667
nyc,2026-08-17,21,26.667
nyc,2026-08-17,22,26.667
nyc,2026-08-17,23,26.667
nyc,2026-08-18,0,23.333
nyc,2026-08-18,1,23.333
nyc,2026-08-18,2,23.333
nyc,2026-08-18,3,23.333
nyc,2026-08-18,4,23.333
nyc,2026-08-18,5,23.333
nyc,2026-08-18,6,23.333
nyc,2026-08-18,7,23.333
nyc,2026-08-18,8,23.889
nyc,2026-08-18,9,25.0
nyc,2026-08-18,10,27.222
nyc,2026-08-18,11,27.778
nyc,2026-08-18,12,28.333
nyc,2026-08-18,13,29.444
nyc,2026-08-18,14,29.444
nyc,2026-08-18,15,29.444
nyc,2026-08-18,16,29.444
nyc,2026-08-18,17,29.444
nyc,2026-08-18,18,29.444
nyc,2026-08-18,19,29.444
nyc,2026-08-18,20,29.444
nyc,2026-08-18,21,29.444
nyc,2026-08-18,22,29.444
nyc,2026-08-18,23,29.444
nyc,2026-08-19,0,25.556
nyc,2026-08-19,1,25.556
nyc,2026-08-19,2,25.556
nyc,2026-08-19,3,25.556
nyc,2026-08-19,4,25.556
nyc,2026-08-19,5,25.556
nyc,2026-08-19,6,25.556
nyc,2026-08-19,7,25.556
nyc,2026-08-19,8,25.556
nyc,2026-08-19,9,26.111
nyc,2026-08-19,10,27.222
nyc,2026-08-19,11,28.333
nyc,2026-08-19,12,29.444
nyc,2026-08-19,13,30.0
nyc,2026-08-19,14,30.556
nyc,2026-08-19,15,30.556
nyc,2026-08-19,16,30.556
nyc,2026-08-19,17,30.556
nyc,2026-08-19,18,30.556
nyc,2026-08-19,19,30.556
nyc,2026-08-19,20,30.556
nyc,2026-08-19,21,30.556
nyc,2026-08-19,22,30.556
nyc,2026-08-19,23,30.556
nyc,2026-08-20,0,26.111
nyc,2026-08-20,1,26.111
nyc,2026-08-20,2,26.111
nyc,2026-08-20,3,26.111
nyc,2026-08-20,4,26.111
nyc,2026-08-20,5,26.111
nyc,2026-08-20,6,26.111
nyc,2026-08-20,7,26.111
nyc,2026-08-20,8,26.111
nyc,2026-08-20,9,27.222
nyc,2026-08-20,10,27.778
nyc,2026-08-20,11,29.444
nyc,2026-08-20,12,29.444
nyc,2026-08-20,13,29.444
nyc,2026-08-20,14,29.444
nyc,2026-08-20,15,29.444
nyc,2026-08-20,16,29.444
nyc,2026-08-20,17,29.444
nyc,2026-08-20,18,29.444
nyc,2026-08-20,19,29.444
nyc,2026-08-20,20,29.444
nyc,2026-08-20,21,29.444
nyc,2026-08-20,22,29.444
nyc,2026-08-20,23,29.444
nyc,2026-08-21,0,19.444
nyc,2026-08-21,1,19.444
nyc,2026-08-21,2,19.444
nyc,2026-08-21,3,19.444
nyc,2026-08-21,4,19.444
nyc,2026-08-21,5,19.444
nyc,2026-08-21,6,19.444
nyc,2026-08-21,7,19.444
nyc,2026-08-21,8,20.556
nyc,2026-08-21,9,21.111
nyc,2026-08-21,10,22.778
nyc,2026-08-21,11,23.889
nyc,2026-08-21,12,24.444
nyc,2026-08-21,13,25.0
nyc,2026-08-21,14,25.556
nyc,2026-08-21,15,25.556
nyc,2026-08-21,16,25.556
nyc,2026-08-21,17,25.556
nyc,2026-08-21,18,25.556
nyc,2026-08-21,19,25.556
nyc,2026-08-21,20,25.556
nyc,2026-08-21,21,25.556
nyc,2026-08-21,22,25.556
nyc,2026-08-21,23,25.556
nyc,2026-08-22,0,21.667
nyc,2026-08-22,1,21.667
nyc,2026-08-22,2,22.222
nyc,2026-08-22,3,22.222
nyc,2026-08-22,4,22.222
nyc,2026-08-22,5,22.222
nyc,2026-08-22,6,22.222
nyc,2026-08-22,7,22.222
nyc,2026-08-22,8,22.222
nyc,2026-08-22,9,22.222
nyc,2026-08-22,10,22.222
nyc,2026-08-22,11,22.222
nyc,2026-08-22,12,22.778
nyc,2026-08-22,13,23.889
nyc,2026-08-22,14,24.444
nyc,2026-08-22,15,24.444
nyc,2026-08-22,16,24.444
nyc,2026-08-22,17,24.444
nyc,2026-08-22,18,25.0
nyc,2026-08-22,19,25.0
nyc,2026-08-22,20,25.0
nyc,2026-08-22,21,25.0
nyc,2026-08-22,22,25.0
nyc,2026-08-22,23,25.0
nyc,2026-08-23,0,21.667
nyc,2026-08-23,1,21.667
nyc,2026-08-23,2,22.222
nyc,2026-08-23,3,22.222
nyc,2026-08-23,4,22.222
nyc,2026-08-23,5,22.222
nyc,2026-08-23,6,22.222
nyc,2026-08-23,7,22.222
nyc,2026-08-23,8,22.778
nyc,2026-08-23,9,23.333
nyc,2026-08-23,10,24.444
nyc,2026-08-23,11,25.556
nyc,2026-08-23,12,26.667
nyc,2026-08-23,13,27.778
nyc,2026-08-23,14,28.333
nyc,2026-08-23,15,28.333
nyc,2026-08-23,16,28.333
nyc,2026-08-23,17,28.333
nyc,2026-08-23,18,28.333
nyc,2026-08-23,19,28.333
nyc,2026-08-23,20,28.333
nyc,2026-08-23,21,28.333
nyc,2026-08-23,22,28.333
nyc,2026-08-23,23,28.333
nyc,2026-08-24,0,23.889
nyc,2026-08-24,1,23.889
nyc,2026-08-24,2,23.889
nyc,2026-08-24,3,23.889
nyc,2026-08-24,4,23.889
nyc,2026-08-24,5,23.889
nyc,2026-08-24,6,23.889
nyc,2026-08-24,7,23.889
nyc,2026-08-24,8,23.889
nyc,2026-08-24,9,25.0
nyc,2026-08-24,10,25.556
nyc,2026-08-24,11,25.556
nyc,2026-08-24,12,26.111
nyc,2026-08-24,13,26.111
nyc,2026-08-24,14,27.222
nyc,2026-08-24,15,27.222
nyc,2026-08-24,16,27.222
nyc,2026-08-24,17,27.222
nyc,2026-08-24,18,27.222
nyc,2026-08-24,19,27.222
nyc,2026-08-24,20,27.222
nyc,2026-08-24,21,27.222
nyc,2026-08-24,22,27.222
nyc,2026-08-24,23,27.222
nyc,2026-08-25,0,22.222
nyc,2026-08-25,1,22.222
nyc,2026-08-25,2,22.222
nyc,2026-08-25,3,22.222
nyc,2026-08-25,4,22.222
nyc,2026-08-25,5,22.222
nyc,2026-08-25,6,22.222
nyc,2026-08-25,7,22.222
nyc,2026-08-25,8,22.222
nyc,2026-08-25,9,22.222
nyc,2026-08-25,10,22.222
nyc,2026-08-25,11,22.778
nyc,2026-08-25,12,23.889
nyc,2026-08-25,13,24.444
nyc,2026-08-25,14,25.0
nyc,2026-08-25,15,25.556
nyc,2026-08-25,16,26.111
nyc,2026-08-25,17,26.111
nyc,2026-08-25,18,26.111
nyc,2026-08-25,19,26.111
nyc,2026-08-25,20,26.111
nyc,2026-08-25,21,26.111
nyc,2026-08-25,22,26.111
nyc,2026-08-25,23,26.111
nyc,2026-08-26,0,22.222
nyc,2026-08-26,1,22.222
nyc,2026-08-26,2,22.222
nyc,2026-08-26,3,22.222
nyc,2026-08-26,4,22.222
nyc,2026-08-26,5,22.222
nyc,2026-08-26,6,22.222
nyc,2026-08-26,7,22.222
nyc,2026-08-26,8,22.222
nyc,2026-08-26,9,22.778
nyc,2026-08-26,10,23.333
nyc,2026-08-26,11,24.444
nyc,2026-08-26,12,25.0
nyc,2026-08-26,13,26.111
nyc,2026-08-26,14,27.222
nyc,2026-08-26,15,27.778
nyc,2026-08-26,16,27.778
nyc,2026-08-26,17,27.778
nyc,2026-08-26,18,27.778
nyc,2026-08-26,19,27.778
nyc,2026-08-26,20,27.778
nyc,2026-08-26,21,27.778
nyc,2026-08-26,22,27.778
nyc,2026-08-26,23,27.778
nyc,2026-08-27,0,24.444
nyc,2026-08-27,1,24.444
nyc,2026-08-27,2,24.444
nyc,2026-08-27,3,24.444
nyc,2026-08-27,4,24.444
nyc,2026-08-27,5,24.444
nyc,2026-08-27,6,24.444
nyc,2026-08-27,7,24.444
nyc,2026-08-27,8,24.444
nyc,2026-08-27,9,24.444
nyc,2026-08-27,10,25.0
nyc,2026-08-27,11,25.0
nyc,2026-08-27,12,25.0
nyc,2026-08-27,13,25.0
nyc,2026-08-27,14,25.0
nyc,2026-08-27,15,25.0
nyc,2026-08-27,16,25.0
nyc,2026-08-27,17,25.0
nyc,2026-08-27,18,25.0
nyc,2026-08-27,19,25.0
nyc,2026-08-27,20,25.0
nyc,2026-08-27,21,25.0
nyc,2026-08-27,22,25.0
nyc,2026-08-27,23,25.0
nyc,2026-08-28,0,22.778
nyc,2026-08-28,1,22.778
nyc,2026-08-28,2,22.778
nyc,2026-08-28,3,22.778
nyc,2026-08-28,4,22.778
nyc,2026-08-28,5,22.778
nyc,2026-08-28,6,22.778
nyc,2026-08-28,7,22.778
nyc,2026-08-28,8,23.333
nyc,2026-08-28,9,23.889
nyc,2026-08-28,10,25.556
nyc,2026-08-28,11,26.667
nyc,2026-08-28,12,27.222
nyc,2026-08-28,13,28.333
nyc,2026-08-28,14,28.333
nyc,2026-08-28,15,28.889
nyc,2026-08-28,16,28.889
nyc,2026-08-28,17,28.889
nyc,2026-08-28,18,28.889
nyc,2026-08-28,19,28.889
nyc,2026-08-28,20,28.889
nyc,2026-08-28,21,28.889
nyc,2026-08-28,22,28.889
nyc,2026-08-28,23,28.889
nyc,2026-08-29,0,22.778
nyc,2026-08-29,1,22.778
nyc,2026-08-29,2,22.778
nyc,2026-08-29,3,22.778
nyc,2026-08-29,4,22.778
nyc,2026-08-29,5,22.778
nyc,2026-08-29,6,22.778
nyc,2026-08-29,7,22.778
nyc,2026-08-29,8,22.778
nyc,2026-08-29,9,22.778
nyc,2026-08-29,10,22.778
nyc,2026-08-29,11,23.333
nyc,2026-08-29,12,23.333
nyc,2026-08-29,13,24.444
nyc,2026-08-29,14,25.0
nyc,2026-08-29,15,25.0
nyc,2026-08-29,16,25.556
nyc,2026-08-29,17,25.556
nyc,2026-08-29,18,25.556
nyc,2026-08-29,19,25.556
nyc,2026-08-29,20,25.556
nyc,2026-08-29,21,25.556
nyc,2026-08-29,22,25.556
nyc,2026-08-29,23,25.556
nyc,2026-08-30,0,22.778
nyc,2026-08-30,1,22.778
nyc,2026-08-30,2,22.778
nyc,2026-08-30,3,22.778
nyc,2026-08-30,4,22.778
nyc,2026-08-30,5,22.778
nyc,2026-08-30,6,22.778
nyc,2026-08-30,7,22.778
nyc,2026-08-30,8,23.333
nyc,2026-08-30,9,24.444
nyc,2026-08-30,10,25.0
nyc,2026-08-30,11,25.556
nyc,2026-08-30,12,25.556
nyc,2026-08-30,13,26.667
nyc,2026-08-30,14,26.667
nyc,2026-08-30,15,26.667
nyc,2026-08-30,16,26.667
nyc,2026-08-30,17,27.222
nyc,2026-08-30,18,27.222
nyc,2026-08-30,19,27.222
nyc,2026-08-30,20,27.222
nyc,2026-08-30,21,27.222
nyc,2026-08-30,22,27.222
nyc,2026-08-30,23,27.222
nyc,2026-08-31,0,23.889
nyc,2026-08-31,1,23.889
nyc,2026-08-31,2,23.889
nyc,2026-08-31,3,23.889
nyc,2026-08-31,4,23.889
nyc,2026-08-31,5,23.889
nyc,2026-08-31,6,23.889
nyc,2026-08-31,7,23.889
nyc,2026-08-31,8,23.889
nyc,2026-08-31,9,23.889
nyc,2026-08-31,10,23.889
nyc,2026-08-31,11,23.889
nyc,2026-08-31,12,24.444
nyc,2026-08-31,13,25.0
nyc,2026-08-31,14,25.0
nyc,2026-08-31,15,25.0
nyc,2026-08-31,16,25.0
nyc,2026-08-31,17,25.0
nyc,2026-08-31,18,25.0
nyc,2026-08-31,19,25.0
nyc,2026-08-31,20,25.0
nyc,2026-08-31,21,25.0
nyc,2026-08-31,22,25.0
nyc,2026-08-31,23,25.0
nyc,2026-09-01,0,22.778
nyc,2026-09-01,1,22.778
nyc,2026-09-01,2,22.778
nyc,2026-09-01,3,22.778
nyc,2026-09-01,4,22.778
nyc,2026-09-01,5,22.778
nyc,2026-09-01,6,22.778
nyc,2026-09-01,7,23.333
nyc,2026-09-01,8,23.889
nyc,2026-09-01,9,24.444
nyc,2026-09-01,10,24.444
nyc,2026-09-01,11,24.444
nyc,2026-09-01,12,25.0
nyc,2026-09-01,13,26.111
nyc,2026-09-01,14,26.667
nyc,2026-09-01,15,26.667
nyc,2026-09-01,16,26.667
nyc,2026-09-01,17,26.667
nyc,2026-09-01,18,26.667
nyc,2026-09-01,19,26.667
nyc,2026-09-01,20,26.667
nyc,2026-09-01,21,26.667
nyc,2026-09-01,22,26.667
nyc,2026-09-01,23,26.667
nyc,2026-09-02,0,20.0
nyc,2026-09-02,1,20.0
nyc,2026-09-02,2,20.0
nyc,2026-09-02,3,20.0
nyc,2026-09-02,4,20.0
nyc,2026-09-02,5,20.0
nyc,2026-09-02,6,20.0
nyc,2026-09-02,7,20.0
nyc,2026-09-02,8,20.0
nyc,2026-09-02,9,21.111
nyc,2026-09-02,10,21.111
nyc,2026-09-02,11,21.667
nyc,2026-09-02,12,21.667
nyc,2026-09-02,13,23.333
nyc,2026-09-02,14,23.333
nyc,2026-09-02,15,23.333
nyc,2026-09-02,16,23.333
nyc,2026-09-02,17,23.333
nyc,2026-09-02,18,23.333
nyc,2026-09-02,19,23.333
nyc,2026-09-02,20,23.333
nyc,2026-09-02,21,23.333
nyc,2026-09-02,22,23.333
nyc,2026-09-02,23,23.333
nyc,2026-09-03,0,21.111
nyc,2026-09-03,1,21.111
nyc,2026-09-03,2,21.111
nyc,2026-09-03,3,21.111
nyc,2026-09-03,4,22.222
nyc,2026-09-03,5,22.222
nyc,2026-09-03,6,22.222
nyc,2026-09-03,7,22.778
nyc,2026-09-03,8,23.333
nyc,2026-09-03,9,24.444
nyc,2026-09-03,10,26.111
nyc,2026-09-03,11,26.111
nyc,2026-09-03,12,27.222
nyc,2026-09-03,13,28.333
nyc,2026-09-03,14,29.444
nyc,2026-09-03,15,30.556
nyc,2026-09-03,16,30.556
nyc,2026-09-03,17,30.556
nyc,2026-09-03,18,30.556
nyc,2026-09-03,19,30.556
nyc,2026-09-03,20,30.556
nyc,2026-09-03,21,30.556
nyc,2026-09-03,22,30.556
nyc,2026-09-03,23,30.556
nyc,2026-09-04,0,27.778
nyc,2026-09-04,1,27.778
nyc,2026-09-04,2,27.778
nyc,2026-09-04,3,27.778
nyc,2026-09-04,4,27.778
nyc,2026-09-04,5,27.778
nyc,2026-09-04,6,27.778
nyc,2026-09-04,7,27.778
nyc,2026-09-04,8,27.778
nyc,2026-09-04,9,27.778
nyc,2026-09-04,10,27.778
nyc,2026-09-04,11,28.333
nyc,2026-09-04,12,28.333
nyc,2026-09-04,13,28.889
nyc,2026-09-04,14,28.889
nyc,2026-09-04,15,28.889
nyc,2026-09-04,16,28.889
nyc,2026-09-04,17,28.889
nyc,2026-09-04,18,28.889
nyc,2026-09-04,19,28.889
nyc,2026-09-04,20,28.889
nyc,2026-09-04,21,28.889
nyc,2026-09-04,22,28.889
nyc,2026-09-04,23,28.889
nyc,2026-09-05,0,24.444
nyc,2026-09-05,1,24.444
nyc,2026-09-05,2,24.444
nyc,2026-09-05,3,24.444
nyc,2026-09-05,4,24.444
nyc,2026-09-05,5,24.444
nyc,2026-09-05,6,24.444
nyc,2026-09-05,7,24.444
nyc,2026-09-05,8,24.444
nyc,2026-09-05,9,24.444
nyc,2026-09-05,10,24.444
nyc,2026-09-05,11,24.444
nyc,2026-09-05,12,24.444
nyc,2026-09-05,13,25.0
nyc,2026-09-05,14,26.111
nyc,2026-09-05,15,26.111
nyc,2026-09-05,16,26.111
nyc,2026-09-05,17,26.111
nyc,2026-09-05,18,26.111
nyc,2026-09-05,19,26.111
nyc,2026-09-05,20,26.111
nyc,2026-09-05,21,26.111
nyc,2026-09-05,22,26.111
nyc,2026-09-05,23,26.111
nyc,2026-09-06,0,21.667
nyc,2026-09-06,1,21.667
nyc,2026-09-06,2,21.667
nyc,2026-09-06,3,21.667
nyc,2026-09-06,4,21.667
nyc,2026-09-06,5,21.667
nyc,2026-09-06,6,21.667
nyc,2026-09-06,7,21.667
nyc,2026-09-06,8,21.667
nyc,2026-09-06,9,21.667
nyc,2026-09-06,10,21.667
nyc,2026-09-06,11,22.222
nyc,2026-09-06,12,22.778
nyc,2026-09-06,13,22.778
nyc,2026-09-06,14,23.333
nyc,2026-09-06,15,23.889
nyc,2026-09-06,16,23.889
nyc,2026-09-06,17,23.889
nyc,2026-09-06,18,23.889
nyc,2026-09-06,19,23.889
nyc,2026-09-06,20,23.889
nyc,2026-09-06,21,23.889
nyc,2026-09-06,22,23.889
nyc,2026-09-06,23,23.889
nyc,2026-09-07,0,21.111
nyc,2026-09-07,1,21.111
nyc,2026-09-07,2,21.111
nyc,2026-09-07,3,21.111
nyc,2026-09-07,4,21.111
nyc,2026-09-07,5,21.111
nyc,2026-09-07,6,21.111
nyc,2026-09-07,7,21.111
nyc,2026-09-07,8,21.111
nyc,2026-09-07,9,22.222
nyc,2026-09-07,10,23.333
nyc,2026-09-07,11,23.889
nyc,2026-09-07,12,25.0
nyc,2026-09-07,13,25.0
nyc,2026-09-07,14,25.556
nyc,2026-09-07,15,25.556
nyc,2026-09-07,16,26.111
nyc,2026-09-07,17,26.111
nyc,2026-09-07,18,26.111
nyc,2026-09-07,19,26.111
nyc,2026-09-07,20,26.111
nyc,2026-09-07,21,26.111
nyc,2026-09-07,22,26.111
nyc,2026-09-07,23,26.111
nyc,2026-09-08,0,22.222
nyc,2026-09-08,1,22.222
nyc,2026-09-08,2,22.222
nyc,2026-09-08,3,22.222
nyc,2026-09-08,4,22.222
nyc,2026-09-08,5,22.222
nyc,2026-09-08,6,22.222
nyc,2026-09-08,7,22.222
nyc,2026-09-08,8,22.222
nyc,2026-09-08,9,23.333
nyc,2026-09-08,10,24.444
nyc,2026-09-08,11,25.0
nyc,2026-09-08,12,26.111
nyc,2026-09-08,13,26.667
nyc,2026-09-08,14,26.667
nyc,2026-09-08,15,26.667
nyc,2026-09-08,16,26.667
nyc,2026-09-08,17,26.667
nyc,2026-09-08,18,26.667
nyc,2026-09-08,19,26.667
nyc,2026-09-08,20,26.667
nyc,2026-09-08,21,26.667
nyc,2026-09-08,22,26.667
nyc,2026-09-08,23,26.667
nyc,2026-09-09,0,23.333
nyc,2026-09-09,1,23.333
nyc,2026-09-09,2,23.333
nyc,2026-09-09,3,23.333
nyc,2026-09-09,4,23.333
nyc,2026-09-09,5,23.333
nyc,2026-09-09,6,23.333
nyc,2026-09-09,7,23.333
nyc,2026-09-09,8,23.889
nyc,2026-09-09,9,25.556
nyc,2026-09-09,10,26.111
nyc,2026-09-09,11,27.778
nyc,2026-09-09,12,27.778
nyc,2026-09-09,13,28.333
nyc,2026-09-09,14,28.333
nyc,2026-09-09,15,28.333
nyc,2026-09-09,16,28.333
nyc,2026-09-09,17,28.333
nyc,2026-09-09,18,28.333
nyc,2026-09-09,19,28.333
nyc,2026-09-09,20,28.333
nyc,2026-09-09,21,28.333
nyc,2026-09-09,22,28.333
nyc,2026-09-09,23,28.333
nyc,2026-09-10,0,24.444
nyc,2026-09-10,1,24.444
nyc,2026-09-10,2,24.444
nyc,2026-09-10,3,24.444
nyc,2026-09-10,4,24.444
nyc,2026-09-10,5,24.444
nyc,2026-09-10,6,24.444
nyc,2026-09-10,7,24.444
nyc,2026-09-10,8,24.444
nyc,2026-09-10,9,25.556
nyc,2026-09-10,10,26.667
nyc,2026-09-10,11,27.778
nyc,2026-09-10,12,28.889
nyc,2026-09-10,13,29.444
nyc,2026-09-10,14,30.556
nyc,2026-09-10,15,30.556
nyc,2026-09-10,16,30.556
nyc,2026-09-10,17,30.556
nyc,2026-09-10,18,30.556
nyc,2026-09-10,19,30.556
nyc,2026-09-10,20,30.556
nyc,2026-09-10,21,30.556
nyc,2026-09-10,22,30.556
nyc,2026-09-10,23,30.556
nyc,2026-09-11,0,25.556
nyc,2026-09-11,1,25.556
nyc,2026-09-11,2,25.556
nyc,2026-09-11,3,25.556
nyc,2026-09-11,4,25.556
nyc,2026-09-11,5,25.556
nyc,2026-09-11,6,25.556
nyc,2026-09-11,7,25.556
nyc,2026-09-11,8,25.556
nyc,2026-09-11,9,25.556
nyc,2026-09-11,10,25.556
nyc,2026-09-11,11,25.556
nyc,2026-09-11,12,25.556
nyc,2026-09-11,13,25.556
nyc,2026-09-11,14,26.111
nyc,2026-09-11,15,26.667
nyc,2026-09-11,16,26.667
nyc,2026-09-11,17,26.667
nyc,2026-09-11,18,26.667
nyc,2026-09-11,19,26.667
nyc,2026-09-11,20,26.667
nyc,2026-09-11,21,26.667
nyc,2026-09-11,22,26.667
nyc,2026-09-11,23,26.667
nyc,2026-09-12,0,21.111
nyc,2026-09-12,1,21.111
nyc,2026-09-12,2,21.111
nyc,2026-09-12,3,21.111
nyc,2026-09-12,4,21.111
nyc,2026-09-12,5,21.111
nyc,2026-09-12,6,21.111
nyc,2026-09-12,7,21.111
nyc,2026-09-12,8,21.111
nyc,2026-09-12,9,22.778
nyc,2026-09-12,10,22.778
nyc,2026-09-12,11,24.444
nyc,2026-09-12,12,25.556
nyc,2026-09-12,13,25.556
nyc,2026-09-12,14,25.556
nyc,2026-09-12,15,25.556
nyc,2026-09-12,16,25.556
nyc,2026-09-12,17,25.556
nyc,2026-09-12,18,25.556
nyc,2026-09-12,19,25.556
nyc,2026-09-12,20,25.556
nyc,2026-09-12,21,25.556
nyc,2026-09-12,22,25.556
nyc,2026-09-12,23,25.556
nyc,2026-09-13,0,22.222
nyc,2026-09-13,1,22.222
nyc,2026-09-13,2,22.222
nyc,2026-09-13,3,22.222
nyc,2026-09-13,4,22.222
nyc,2026-09-13,5,22.222
nyc,2026-09-13,6,22.222
nyc,2026-09-13,7,22.222
nyc,2026-09-13,8,22.222
nyc,2026-09-13,9,22.222
nyc,2026-09-13,10,22.778
nyc,2026-09-13,11,22.778
nyc,2026-09-13,12,22.778
nyc,2026-09-13,13,23.333
nyc,2026-09-13,14,25.0
nyc,2026-09-13,15,26.111
nyc,2026-09-13,16,27.222
nyc,2026-09-13,17,27.222
nyc,2026-09-13,18,27.222
nyc,2026-09-13,19,27.222
nyc,2026-09-13,20,27.222
nyc,2026-09-13,21,27.222
nyc,2026-09-13,22,27.222
nyc,2026-09-13,23,27.222
nyc,2026-09-14,0,25.0
nyc,2026-09-14,1,25.0
nyc,2026-09-14,2,25.0
nyc,2026-09-14,3,25.0
nyc,2026-09-14,4,25.0
nyc,2026-09-14,5,25.0
nyc,2026-09-14,6,25.0
nyc,2026-09-14,7,25.0
nyc,2026-09-14,8,25.0
nyc,2026-09-14,9,25.0
nyc,2026-09-14,10,25.0
nyc,2026-09-14,11,25.0
nyc,2026-09-14,12,25.0
nyc,2026-09-14,13,25.0
nyc,2026-09-14,14,25.0
nyc,2026-09-14,15,25.0
nyc,2026-09-14,16,25.0
nyc,2026-09-14,17,25.0
nyc,2026-09-14,18,25.0
nyc,2026-09-14,19,25.0
nyc,2026-09-14,20,25.0
nyc,2026-09-14,21,25.0
nyc,2026-09-14,22,25.0
nyc,2026-09-14,23,25.0
nyc,2026-09-15,0,18.333
nyc,2026-09-15,1,18.333
nyc,2026-09-15,2,18.333
nyc,2026-09-15,3,18.333
nyc,2026-09-15,4,18.333
nyc,2026-09-15,5,18.333
nyc,2026-09-15,6,18.333
nyc,2026-09-15,7,18.333
nyc,2026-09-15,8,18.889
nyc,2026-09-15,9,18.889
nyc,2026-09-15,10,18.889
nyc,2026-09-15,11,19.444
nyc,2026-09-15,12,20.556
nyc,2026-09-15,13,22.222
nyc,2026-09-15,14,22.222
nyc,2026-09-15,15,22.222
nyc,2026-09-15,16,22.222
nyc,2026-09-15,17,22.222
nyc,2026-09-15,18,22.222
nyc,2026-09-15,19,22.222
nyc,2026-09-15,20,22.222
nyc,2026-09-15,21,22.222
nyc,2026-09-15,22,22.222
nyc,2026-09-15,23,22.222
nyc,2026-09-16,0,18.333
nyc,2026-09-16,1,18.333
nyc,2026-09-16,2,18.889
nyc,2026-09-16,3,18.889
nyc,2026-09-16,4,18.889
nyc,2026-09-16,5,18.889
nyc,2026-09-16,6,18.889
nyc,2026-09-16,7,19.444
nyc,2026-09-16,8,20.0
nyc,2026-09-16,9,20.556
nyc,2026-09-16,10,21.667
nyc,2026-09-16,11,23.333
nyc,2026-09-16,12,24.444
nyc,2026-09-16,13,25.0
nyc,2026-09-16,14,25.556
nyc,2026-09-16,15,25.556
nyc,2026-09-16,16,25.556
nyc,2026-09-16,17,25.556
nyc,2026-09-16,18,25.556
nyc,2026-09-16,19,25.556
nyc,2026-09-16,20,25.556
nyc,2026-09-16,21,25.556
nyc,2026-09-16,22,25.556
nyc,2026-09-16,23,25.556
nyc,2026-09-17,0,24.444
nyc,2026-09-17,1,24.444
nyc,2026-09-17,2,24.444
nyc,2026-09-17,3,24.444
nyc,2026-09-17,4,24.444
nyc,2026-09-17,5,24.444
nyc,2026-09-17,6,24.444
nyc,2026-09-17,7,24.444
nyc,2026-09-17,8,24.444
nyc,2026-09-17,9,25.556
nyc,2026-09-17,10,26.111
nyc,2026-09-17,11,28.333
nyc,2026-09-17,12,28.889
nyc,2026-09-17,13,28.889
nyc,2026-09-17,14,28.889
nyc,2026-09-17,15,28.889
nyc,2026-09-17,16,28.889
nyc,2026-09-17,17,28.889
nyc,2026-09-17,18,28.889
nyc,2026-09-17,19,28.889
nyc,2026-09-17,20,28.889
nyc,2026-09-17,21,28.889
nyc,2026-09-17,22,28.889
nyc,2026-09-17,23,28.889
nyc,2026-09-18,0,25.556
nyc,2026-09-18,1,25.556
nyc,2026-09-18,2,25.556
nyc,2026-09-18,3,25.556
nyc,2026-09-18,4,25.556
nyc,2026-09-18,5,25.556
nyc,2026-09-18,6,25.556
nyc,2026-09-18,7,25.556
nyc,2026-09-18,8,25.556
nyc,2026-09-18,9,25.556
nyc,2026-09-18,10,25.556
nyc,2026-09-18,11,25.556
nyc,2026-09-18,12,26.667
nyc,2026-09-18,13,26.667
nyc,2026-09-18,14,26.667
nyc,2026-09-18,15,27.222
nyc,2026-09-18,16,27.222
nyc,2026-09-18,17,27.222
nyc,2026-09-18,18,27.222
nyc,2026-09-18,19,27.222
nyc,2026-09-18,20,27.222
nyc,2026-09-18,21,27.222
nyc,2026-09-18,22,27.222
nyc,2026-09-18,23,27.222
nyc,2026-09-19,0,21.111
nyc,2026-09-19,1,21.111
nyc,2026-09-19,2,21.111
nyc,2026-09-19,3,21.111
nyc,2026-09-19,4,21.111
nyc,2026-09-19,5,21.111
nyc,2026-09-19,6,21.111
nyc,2026-09-19,7,21.111
nyc,2026-09-19,8,21.111
nyc,2026-09-19,9,21.111
nyc,2026-09-19,10,21.111
nyc,2026-09-19,11,21.111
nyc,2026-09-19,12,21.111
nyc,2026-09-19,13,21.111
nyc,2026-09-19,14,21.111
nyc,2026-09-19,15,21.111
nyc,2026-09-19,16,21.111
nyc,2026-09-19,17,21.111
nyc,2026-09-19,18,21.111
nyc,2026-09-19,19,21.111
nyc,2026-09-19,20,21.111
nyc,2026-09-19,21,21.111
nyc,2026-09-19,22,21.111
nyc,2026-09-19,23,21.111
nyc,2026-09-20,0,18.889
nyc,2026-09-20,1,18.889
nyc,2026-09-20,2,18.889
nyc,2026-09-20,3,18.889
nyc,2026-09-20,4,18.889
nyc,2026-09-20,5,18.889
nyc,2026-09-20,6,19.444
nyc,2026-09-20,7,19.444
nyc,2026-09-20,8,19.444
nyc,2026-09-20,9,19.444
nyc,2026-09-20,10,20.0
nyc,2026-09-20,11,20.0
nyc,2026-09-20,12,20.556
nyc,2026-09-20,13,20.556
nyc,2026-09-20,14,20.556
nyc,2026-09-20,15,20.556
nyc,2026-09-20,16,20.556
nyc,2026-09-20,17,21.111
nyc,2026-09-20,18,21.667
nyc,2026-09-20,19,21.667
nyc,2026-09-20,20,21.667
nyc,2026-09-20,21,22.222
nyc,2026-09-20,22,22.222
nyc,2026-09-20,23,22.222
nyc,2026-09-21,0,20.0
nyc,2026-09-21,1,20.0
nyc,2026-09-21,2,20.0
nyc,2026-09-21,3,20.0
nyc,2026-09-21,4,20.0
nyc,2026-09-21,5,20.0
nyc,2026-09-21,6,20.0
nyc,2026-09-21,7,20.0
nyc,2026-09-21,8,20.0
nyc,2026-09-21,9,20.0
nyc,2026-09-21,10,20.0
nyc,2026-09-21,11,20.0
nyc,2026-09-21,12,21.111
nyc,2026-09-21,13,21.111
nyc,2026-09-21,14,21.111
nyc,2026-09-21,15,21.111
nyc,2026-09-21,16,21.111
nyc,2026-09-21,17,21.111
nyc,2026-09-21,18,21.111
nyc,2026-09-21,19,21.111
nyc,2026-09-21,20,21.111
nyc,2026-09-21,21,21.111
nyc,2026-09-21,22,21.111
nyc,2026-09-21,23,21.111
nyc,2026-09-22,0,17.778
nyc,2026-09-22,1,17.778
nyc,2026-09-22,2,17.778
nyc,2026-09-22,3,17.778
nyc,2026-09-22,4,17.778
nyc,2026-09-22,5,17.778
nyc,2026-09-22,6,17.778
nyc,2026-09-22,7,17.778
nyc,2026-09-22,8,17.778
nyc,2026-09-22,9,17.778
nyc,2026-09-22,10,17.778
nyc,2026-09-22,11,18.333
nyc,2026-09-22,12,19.444
nyc,2026-09-22,13,19.444
nyc,2026-09-22,14,20.0
nyc,2026-09-22,15,20.556
nyc,2026-09-22,16,20.556
nyc,2026-09-22,17,20.556
nyc,2026-09-22,18,20.556
nyc,2026-09-22,19,20.556
nyc,2026-09-22,20,20.556
nyc,2026-09-22,21,20.556
nyc,2026-09-22,22,20.556
nyc,2026-09-22,23,20.556
nyc,2026-09-23,0,15.0
nyc,2026-09-23,1,15.0
nyc,2026-09-23,2,15.0
nyc,2026-09-23,3,15.0
nyc,2026-09-23,4,15.0
nyc,2026-09-23,5,15.0
nyc,2026-09-23,6,15.0
nyc,2026-09-23,7,15.556
nyc,2026-09-23,8,16.667
nyc,2026-09-23,9,17.222
nyc,2026-09-23,10,17.222
nyc,2026-09-23,11,18.333
nyc,2026-09-23,12,18.333
nyc,2026-09-23,13,20.0
nyc,2026-09-23,14,20.0
nyc,2026-09-23,15,21.111
nyc,2026-09-23,16,21.111
nyc,2026-09-23,17,21.111
nyc,2026-09-23,18,21.111
nyc,2026-09-23,19,21.111
nyc,2026-09-23,20,21.111
nyc,2026-09-23,21,21.111
nyc,2026-09-23,22,21.111
nyc,2026-09-23,23,21.111
nyc,2026-09-24,0,13.333
nyc,2026-09-24,1,13.333
nyc,2026-09-24,2,13.333
nyc,2026-09-24,3,13.333
nyc,2026-09-24,4,13.333
nyc,2026-09-24,5,13.333
nyc,2026-09-24,6,13.333
nyc,2026-09-24,7,13.333
nyc,2026-09-24,8,13.889
nyc,2026-09-24,9,15.0
nyc,2026-09-24,10,16.111
nyc,2026-09-24,11,16.667
nyc,2026-09-24,12,17.778
nyc,2026-09-24,13,18.333
nyc,2026-09-24,14,18.889
nyc,2026-09-24,15,18.889
nyc,2026-09-24,16,18.889
nyc,2026-09-24,17,18.889
nyc,2026-09-24,18,18.889
nyc,2026-09-24,19,18.889
nyc,2026-09-24,20,18.889
nyc,2026-09-24,21,18.889
nyc,2026-09-24,22,18.889
nyc,2026-09-24,23,18.889
chicago,2026-05-25,0,16.111
chicago,2026-05-25,1,16.111
chicago,2026-05-25,2,16.111
chicago,2026-05-25,3,16.111
chicago,2026-05-25,4,16.111
chicago,2026-05-25,5,16.111
chicago,2026-05-25,6,17.222
chicago,2026-05-25,7,20.0
chicago,2026-05-25,8,22.222
chicago,2026-05-25,9,23.889
chicago,2026-05-25,10,25.0
chicago,2026-05-25,11,25.556
chicago,2026-05-25,12,26.667
chicago,2026-05-25,13,27.222
chicago,2026-05-25,14,27.778
chicago,2026-05-25,15,27.778
chicago,2026-05-25,16,28.333
chicago,2026-05-25,17,28.333
chicago,2026-05-25,18,28.333
chicago,2026-05-25,19,28.333
chicago,2026-05-25,20,28.333
chicago,2026-05-25,21,28.333
chicago,2026-05-25,22,28.333
chicago,2026-05-25,23,28.333
chicago,2026-05-26,0,21.111
chicago,2026-05-26,1,21.111
chicago,2026-05-26,2,21.111
chicago,2026-05-26,3,21.111
chicago,2026-05-26,4,21.111
chicago,2026-05-26,5,21.111
chicago,2026-05-26,6,21.111
chicago,2026-05-26,7,21.111
chicago,2026-05-26,8,22.778
chicago,2026-05-26,9,23.889
chicago,2026-05-26,10,25.556
chicago,2026-05-26,11,26.667
chicago,2026-05-26,12,27.778
chicago,2026-05-26,13,28.333
chicago,2026-05-26,14,28.333
chicago,2026-05-26,15,28.333
chicago,2026-05-26,16,28.333
chicago,2026-05-26,17,28.333
chicago,2026-05-26,18,28.333
chicago,2026-05-26,19,28.333
chicago,2026-05-26,20,28.333
chicago,2026-05-26,21,28.333
chicago,2026-05-26,22,28.333
chicago,2026-05-26,23,28.333
chicago,2026-05-27,0,18.333
chicago,2026-05-27,1,18.333
chicago,2026-05-27,2,18.333
chicago,2026-05-27,3,18.333
chicago,2026-05-27,4,18.333
chicago,2026-05-27,5,18.333
chicago,2026-05-27,6,19.444
chicago,2026-05-27,7,22.222
chicago,2026-05-27,8,23.889
chicago,2026-05-27,9,26.111
chicago,2026-05-27,10,26.667
chicago,2026-05-27,11,26.667
chicago,2026-05-27,12,26.667
chicago,2026-05-27,13,26.667
chicago,2026-05-27,14,27.778
chicago,2026-05-27,15,27.778
chicago,2026-05-27,16,27.778
chicago,2026-05-27,17,27.778
chicago,2026-05-27,18,27.778
chicago,2026-05-27,19,27.778
chicago,2026-05-27,20,27.778
chicago,2026-05-27,21,27.778
chicago,2026-05-27,22,27.778
chicago,2026-05-27,23,27.778
chicago,2026-05-28,0,15.556
chicago,2026-05-28,1,16.111
chicago,2026-05-28,2,16.111
chicago,2026-05-28,3,16.111
chicago,2026-05-28,4,16.111
chicago,2026-05-28,5,16.111
chicago,2026-05-28,6,16.111
chicago,2026-05-28,7,16.111
chicago,2026-05-28,8,17.778
chicago,2026-05-28,9,18.889
chicago,2026-05-28,10,20.0
chicago,2026-05-28,11,20.0
chicago,2026-05-28,12,21.111
chicago,2026-05-28,13,21.667
chicago,2026-05-28,14,21.667
chicago,2026-05-28,15,21.667
chicago,2026-05-28,16,21.667
chicago,2026-05-28,17,21.667
chicago,2026-05-28,18,21.667
chicago,2026-05-28,19,21.667
chicago,2026-05-28,20,21.667
chicago,2026-05-28,21,21.667
chicago,2026-05-28,22,21.667
chicago,2026-05-28,23,21.667
chicago,2026-05-29,0,10.556
chicago,2026-05-29,1,10.556
chicago,2026-05-29,2,11.111
chicago,2026-05-29,3,11.111
chicago,2026-05-29,4,11.111
chicago,2026-05-29,5,11.111
chicago,2026-05-29,6,12.778
chicago,2026-05-29,7,16.667
chicago,2026-05-29,8,20.0
chicago,2026-05-29,9,22.778
chicago,2026-05-29,10,23.889
chicago,2026-05-29,11,25.556
chicago,2026-05-29,12,26.667
chicago,2026-05-29,13,27.778
chicago,2026-05-29,14,28.333
chicago,2026-05-29,15,28.889
chicago,2026-05-29,16,28.889
chicago,2026-05-29,17,28.889
chicago,2026-05-29,18,28.889
chicago,2026-05-29,19,28.889
chicago,2026-05-29,20,28.889
chicago,2026-05-29,21,28.889
chicago,2026-05-29,22,28.889
chicago,2026-05-29,23,28.889
chicago,2026-05-30,0,17.222
chicago,2026-05-30,1,17.222
chicago,2026-05-30,2,17.222
chicago,2026-05-30,3,17.222
chicago,2026-05-30,4,17.222
chicago,2026-05-30,5,17.222
chicago,2026-05-30,6,17.222
chicago,2026-05-30,7,17.778
chicago,2026-05-30,8,19.444
chicago,2026-05-30,9,19.444
chicago,2026-05-30,10,19.444
chicago,2026-05-30,11,21.111
chicago,2026-05-30,12,22.222
chicago,2026-05-30,13,22.778
chicago,2026-05-30,14,22.778
chicago,2026-05-30,15,22.778
chicago,2026-05-30,16,22.778
chicago,2026-05-30,17,22.778
chicago,2026-05-30,18,22.778
chicago,2026-05-30,19,22.778
chicago,2026-05-30,20,22.778
chicago,2026-05-30,21,22.778
chicago,2026-05-30,22,22.778
chicago,2026-05-30,23,22.778
chicago,2026-05-31,0,12.222
chicago,2026-05-31,1,13.333
chicago,2026-05-31,2,13.889
chicago,2026-05-31,3,13.889
chicago,2026-05-31,4,13.889
chicago,2026-05-31,5,13.889
chicago,2026-05-31,6,14.444
chicago,2026-05-31,7,16.111
chicago,2026-05-31,8,18.333
chicago,2026-05-31,9,18.889
chicago,2026-05-31,10,18.889
chicago,2026-05-31,11,20.0
chicago,2026-05-31,12,21.667
chicago,2026-05-31,13,23.889
chicago,2026-05-31,14,23.889
chicago,2026-05-31,15,23.889
chicago,2026-05-31,16,23.889
chicago,2026-05-31,17,23.889
chicago,2026-05-31,18,23.889
chicago,2026-05-31,19,23.889
chicago,2026-05-31,20,23.889
chicago,2026-05-31,21,23.889
chicago,2026-05-31,22,23.889
chicago,2026-05-31,23,23.889
chicago,2026-06-01,0,14.444
chicago,2026-06-01,1,14.444
chicago,2026-06-01,2,14.444
chicago,2026-06-01,3,14.444
chicago,2026-06-01,4,14.444
chicago,2026-06-01,5,14.444
chicago,2026-06-01,6,14.444
chicago,2026-06-01,7,15.556
chicago,2026-06-01,8,16.667
chicago,2026-06-01,9,16.667
chicago,2026-06-01,10,16.667
chicago,2026-06-01,11,17.778
chicago,2026-06-01,12,18.333
chicago,2026-06-01,13,20.0
chicago,2026-06-01,14,22.222
chicago,2026-06-01,15,22.222
chicago,2026-06-01,16,22.222
chicago,2026-06-01,17,22.222
chicago,2026-06-01,18,22.222
chicago,2026-06-01,19,22.222
chicago,2026-06-01,20,22.222
chicago,2026-06-01,21,22.222
chicago,2026-06-01,22,22.222
chicago,2026-06-01,23,22.222
chicago,2026-06-02,0,13.333
chicago,2026-06-02,1,13.333
chicago,2026-06-02,2,13.333
chicago,2026-06-02,3,13.333
chicago,2026-06-02,4,13.333
chicago,2026-06-02,5,13.333
chicago,2026-06-02,6,15.0
chicago,2026-06-02,7,17.222
chicago,2026-06-02,8,19.444
chicago,2026-06-02,9,20.556
chicago,2026-06-02,10,21.111
chicago,2026-06-02,11,22.222
chicago,2026-06-02,12,23.333
chicago,2026-06-02,13,23.333
chicago,2026-06-02,14,23.333
chicago,2026-06-02,15,23.333
chicago,2026-06-02,16,23.333
chicago,2026-06-02,17,23.333
chicago,2026-06-02,18,23.333
chicago,2026-06-02,19,23.333
chicago,2026-06-02,20,23.333
chicago,2026-06-02,21,23.333
chicago,2026-06-02,22,23.333
chicago,2026-06-02,23,23.333
chicago,2026-06-03,0,13.889
chicago,2026-06-03,1,13.889
chicago,2026-06-03,2,13.889
chicago,2026-06-03,3,13.889
chicago,2026-06-03,4,13.889
chicago,2026-06-03,5,13.889
chicago,2026-06-03,6,15.556
chicago,2026-06-03,7,17.778
chicago,2026-06-03,8,21.111
chicago,2026-06-03,9,23.333
chicago,2026-06-03,10,25.556
chicago,2026-06-03,11,25.556
chicago,2026-06-03,12,25.556
chicago,2026-06-03,13,26.667
chicago,2026-06-03,14,27.222
chicago,2026-06-03,15,27.778
chicago,2026-06-03,16,27.778
chicago,2026-06-03,17,27.778
chicago,2026-06-03,18,27.778
chicago,2026-06-03,19,27.778
chicago,2026-06-03,20,27.778
chicago,2026-06-03,21,27.778
chicago,2026-06-03,22,27.778
chicago,2026-06-03,23,27.778
chicago,2026-06-04,0,17.222
chicago,2026-06-04,1,17.222
chicago,2026-06-04,2,17.778
chicago,2026-06-04,3,18.333
chicago,2026-06-04,4,18.333
chicago,2026-06-04,5,18.333
chicago,2026-06-04,6,19.444
chicago,2026-06-04,7,21.667
chicago,2026-06-04,8,23.889
chicago,2026-06-04,9,25.0
chicago,2026-06-04,10,26.667
chicago,2026-06-04,11,26.667
chicago,2026-06-04,12,28.889
chicago,2026-06-04,13,28.889
chicago,2026-06-04,14,30.0
chicago,2026-06-04,15,30.0
chicago,2026-06-04,16,30.556
chicago,2026-06-04,17,30.556
chicago,2026-06-04,18,30.556
chicago,2026-06-04,19,30.556
chicago,2026-06-04,20,30.556
chicago,2026-06-04,21,30.556
chicago,2026-06-04,22,30.556
chicago,2026-06-04,23,30.556
chicago,2026-06-05,0,23.889
chicago,2026-06-05,1,23.889
chicago,2026-06-05,2,23.889
chicago,2026-06-05,3,23.889
chicago,2026-06-05,4,23.889
chicago,2026-06-05,5,23.889
chicago,2026-06-05,6,23.889
chicago,2026-06-05,7,23.889
chicago,2026-06-05,8,23.889
chicago,2026-06-05,9,23.889
chicago,2026-06-05,10,23.889
chicago,2026-06-05,11,23.889
chicago,2026-06-05,12,23.889
chicago,2026-06-05,13,23.889
chicago,2026-06-05,14,23.889
chicago,2026-06-05,15,23.889
chicago,2026-06-05,16,26.111
chicago,2026-06-05,17,26.111
chicago,2026-06-05,18,26.667
chicago,2026-06-05,19,26.667
chicago,2026-06-05,20,26.667
chicago,2026-06-05,21,26.667
chicago,2026-06-05,22,26.667
chicago,2026-06-05,23,26.667
chicago,2026-06-06,0,24.444
chicago,2026-06-06,1,24.444
chicago,2026-06-06,2,24.444
chicago,2026-06-06,3,24.444
chicago,2026-06-06,4,24.444
chicago,2026-06-06,5,24.444
chicago,2026-06-06,6,24.444
chicago,2026-06-06,7,24.444
chicago,2026-06-06,8,24.444
chicago,2026-06-06,9,26.111
chicago,2026-06-06,10,27.778
chicago,2026-06-06,11,28.889
chicago,2026-06-06,12,28.889
chicago,2026-06-06,13,28.889
chicago,2026-06-06,14,28.889
chicago,2026-06-06,15,28.889
chicago,2026-06-06,16,28.889
chicago,2026-06-06,17,28.889
chicago,2026-06-06,18,28.889
chicago,2026-06-06,19,28.889
chicago,2026-06-06,20,28.889
chicago,2026-06-06,21,28.889
chicago,2026-06-06,22,28.889
chicago,2026-06-06,23,28.889
chicago,2026-06-07,0,21.667
chicago,2026-06-07,1,21.667
chicago,2026-06-07,2,21.667
chicago,2026-06-07,3,21.667
chicago,2026-06-07,4,21.667
chicago,2026-06-07,5,21.667
chicago,2026-06-07,6,21.667
chicago,2026-06-07,7,21.667
chicago,2026-06-07,8,22.222
chicago,2026-06-07,9,25.0
chicago,2026-06-07,10,27.222
chicago,2026-06-07,11,27.778
chicago,2026-06-07,12,28.333
chicago,2026-06-07,13,28.333
chicago,2026-06-07,14,28.333
chicago,2026-06-07,15,28.333
chicago,2026-06-07,16,28.333
chicago,2026-06-07,17,28.333
chicago,2026-06-07,18,28.333
chicago,2026-06-07,19,28.333
chicago,2026-06-07,20,28.333
chicago,2026-06-07,21,28.333
chicago,2026-06-07,22,28.333
chicago,2026-06-07,23,28.333
chicago,2026-06-08,0,19.444
chicago,2026-06-08,1,19.444
chicago,2026-06-08,2,19.444
chicago,2026-06-08,3,19.444
chicago,2026-06-08,4,19.444
chicago,2026-06-08,5,20.556
chicago,2026-06-08,6,20.556
chicago,2026-06-08,7,21.667
chicago,2026-06-08,8,23.333
chicago,2026-06-08,9,23.333
chicago,2026-06-08,10,25.556
chicago,2026-06-08,11,26.667
chicago,2026-06-08,12,28.889
chicago,2026-06-08,13,28.889
chicago,2026-06-08,14,28.889
chicago,2026-06-08,15,28.889
chicago,2026-06-08,16,28.889
chicago,2026-06-08,17,28.889
chicago,2026-06-08,18,28.889
chicago,2026-06-08,19,28.889
chicago,2026-06-08,20,28.889
chicago,2026-06-08,21,28.889
chicago,2026-06-08,22,28.889
chicago,2026-06-08,23,28.889
chicago,2026-06-09,0,22.222
chicago,2026-06-09,1,22.222
chicago,2026-06-09,2,22.222
chicago,2026-06-09,3,22.222
chicago,2026-06-09,4,22.222
chicago,2026-06-09,5,22.222
chicago,2026-06-09,6,22.222
chicago,2026-06-09,7,22.778
chicago,2026-06-09,8,22.778
chicago,2026-06-09,9,24.444
chicago,2026-06-09,10,25.556
chicago,2026-06-09,11,27.778
chicago,2026-06-09,12,28.889
chicago,2026-06-09,13,30.0
chicago,2026-06-09,14,30.0
chicago,2026-06-09,15,30.0
chicago,2026-06-09,16,30.0
chicago,2026-06-09,17,30.556
chicago,2026-06-09,18,30.556
chicago,2026-06-09,19,30.556
chicago,2026-06-09,20,30.556
chicago,2026-06-09,21,30.556
chicago,2026-06-09,22,30.556
chicago,2026-06-09,23,30.556
chicago,2026-06-10,0,20.556
chicago,2026-06-10,1,20.556
chicago,2026-06-10,2,20.556
chicago,2026-06-10,3,20.556
chicago,2026-06-10,4,20.556
chicago,2026-06-10,5,22.222
chicago,2026-06-10,6,25.0
chicago,2026-06-10,7,26.667
chicago,2026-06-10,8,28.333
chicago,2026-06-10,9,29.444
chicago,2026-06-10,10,30.0
chicago,2026-06-10,11,30.556
chicago,2026-06-10,12,31.667
chicago,2026-06-10,13,32.778
chicago,2026-06-10,14,32.778
chicago,2026-06-10,15,32.778
chicago,2026-06-10,16,32.778
chicago,2026-06-10,17,32.778
chicago,2026-06-10,18,32.778
chicago,2026-06-10,19,32.778
chicago,2026-06-10,20,32.778
chicago,2026-06-10,21,32.778
chicago,2026-06-10,22,32.778
chicago,2026-06-10,23,32.778
chicago,2026-06-11,0,20.0
chicago,2026-06-11,1,20.0
chicago,2026-06-11,2,20.0
chicago,2026-06-11,3,20.0
chicago,2026-06-11,4,20.0
chicago,2026-06-11,5,20.0
chicago,2026-06-11,6,20.0
chicago,2026-06-11,7,21.111
chicago,2026-06-11,8,22.222
chicago,2026-06-11,9,24.444
chicago,2026-06-11,10,27.222
chicago,2026-06-11,11,27.778
chicago,2026-06-11,12,27.778
chicago,2026-06-11,13,27.778
chicago,2026-06-11,14,27.778
chicago,2026-06-11,15,27.778
chicago,2026-06-11,16,27.778
chicago,2026-06-11,17,27.778
chicago,2026-06-11,18,27.778
chicago,2026-06-11,19,27.778
chicago,2026-06-11,20,27.778
chicago,2026-06-11,21,27.778
chicago,2026-06-11,22,27.778
chicago,2026-06-11,23,27.778
chicago,2026-06-12,0,18.889
chicago,2026-06-12,1,18.889
chicago,2026-06-12,2,18.889
chicago,2026-06-12,3,18.889
chicago,2026-06-12,4,18.889
chicago,2026-06-12,5,18.889
chicago,2026-06-12,6,18.889
chicago,2026-06-12,7,18.889
chicago,2026-06-12,8,20.0
chicago,2026-06-12,9,21.111
chicago,2026-06-12,10,23.333
chicago,2026-06-12,11,23.889
chicago,2026-06-12,12,25.556
chicago,2026-06-12,13,26.111
chicago,2026-06-12,14,26.667
chicago,2026-06-12,15,27.222
chicago,2026-06-12,16,27.222
chicago,2026-06-12,17,27.222
chicago,2026-06-12,18,27.222
chicago,2026-06-12,19,27.222
chicago,2026-06-12,20,27.222
chicago,2026-06-12,21,27.222
chicago,2026-06-12,22,27.222
chicago,2026-06-12,23,27.222
chicago,2026-06-13,0,20.0
chicago,2026-06-13,1,20.0
chicago,2026-06-13,2,20.0
chicago,2026-06-13,3,20.0
chicago,2026-06-13,4,20.0
chicago,2026-06-13,5,20.0
chicago,2026-06-13,6,20.0
chicago,2026-06-13,7,22.222
chicago,2026-06-13,8,23.889
chicago,2026-06-13,9,25.556
chicago,2026-06-13,10,26.667
chicago,2026-06-13,11,27.222
chicago,2026-06-13,12,27.778
chicago,2026-06-13,13,28.333
chicago,2026-06-13,14,28.333
chicago,2026-06-13,15,28.333
chicago,2026-06-13,16,28.333
chicago,2026-06-13,17,28.333
chicago,2026-06-13,18,28.333
chicago,2026-06-13,19,28.333
chicago,2026-06-13,20,28.333
chicago,2026-06-13,21,28.333
chicago,2026-06-13,22,28.333
chicago,2026-06-13,23,28.333
chicago,2026-06-14,0,20.0
chicago,2026-06-14,1,20.556
chicago,2026-06-14,2,20.556
chicago,2026-06-14,3,20.556
chicago,2026-06-14,4,20.556
chicago,2026-06-14,5,20.556
chicago,2026-06-14,6,20.556
chicago,2026-06-14,7,20.556
chicago,2026-06-14,8,20.556
chicago,2026-06-14,9,20.556
chicago,2026-06-14,10,20.556
chicago,2026-06-14,11,20.556
chicago,2026-06-14,12,20.556
chicago,2026-06-14,13,20.556
chicago,2026-06-14,14,20.556
chicago,2026-06-14,15,20.556
chicago,2026-06-14,16,20.556
chicago,2026-06-14,17,20.556
chicago,2026-06-14,18,20.556
chicago,2026-06-14,19,20.556
chicago,2026-06-14,20,20.556
chicago,2026-06-14,21,20.556
chicago,2026-06-14,22,20.556
chicago,2026-06-14,23,20.556
chicago,2026-06-15,0,13.333
chicago,2026-06-15,1,13.333
chicago,2026-06-15,2,13.333
chicago,2026-06-15,3,13.333
chicago,2026-06-15,4,13.333
chicago,2026-06-15,5,13.333
chicago,2026-06-15,6,14.444
chicago,2026-06-15,7,16.111
chicago,2026-06-15,8,17.778
chicago,2026-06-15,9,19.444
chicago,2026-06-15,10,21.111
chicago,2026-06-15,11,21.667
chicago,2026-06-15,12,22.222
chicago,2026-06-15,13,22.778
chicago,2026-06-15,14,23.889
chicago,2026-06-15,15,23.889
chicago,2026-06-15,16,23.889
chicago,2026-06-15,17,24.444
chicago,2026-06-15,18,24.444
chicago,2026-06-15,19,24.444
chicago,2026-06-15,20,24.444
chicago,2026-06-15,21,24.444
chicago,2026-06-15,22,24.444
chicago,2026-06-15,23,24.444
chicago,2026-06-16,0,18.333
chicago,2026-06-16,1,18.333
chicago,2026-06-16,2,18.333
chicago,2026-06-16,3,18.333
chicago,2026-06-16,4,18.333
chicago,2026-06-16,5,18.333
chicago,2026-06-16,6,18.333
chicago,2026-06-16,7,18.333
chicago,2026-06-16,8,19.444
chicago,2026-06-16,9,20.556
chicago,2026-06-16,10,21.111
chicago,2026-06-16,11,22.222
chicago,2026-06-16,12,23.333
chicago,2026-06-16,13,24.444
chicago,2026-06-16,14,24.444
chicago,2026-06-16,15,24.444
chicago,2026-06-16,16,24.444
chicago,2026-06-16,17,24.444
chicago,2026-06-16,18,24.444
chicago,2026-06-16,19,24.444
chicago,2026-06-16,20,24.444
chicago,2026-06-16,21,24.444
chicago,2026-06-16,22,24.444
chicago,2026-06-16,23,24.444
chicago,2026-06-17,0,16.111
chicago,2026-06-17,1,16.111
chicago,2026-06-17,2,16.111
chicago,2026-06-17,3,16.111
chicago,2026-06-17,4,16.111
chicago,2026-06-17,5,16.111
chicago,2026-06-17,6,16.111
chicago,2026-06-17,7,16.111
chicago,2026-06-17,8,16.111
chicago,2026-06-17,9,16.111
chicago,2026-06-17,10,16.111
chicago,2026-06-17,11,16.111
chicago,2026-06-17,12,16.111
chicago,2026-06-17,13,16.111
chicago,2026-06-17,14,16.111
chicago,2026-06-17,15,17.778
chicago,2026-06-17,16,20.556
chicago,2026-06-17,17,20.556
chicago,2026-06-17,18,20.556
chicago,2026-06-17,19,20.556
chicago,2026-06-17,20,20.556
chicago,2026-06-17,21,20.556
chicago,2026-06-17,22,20.556
chicago,2026-06-17,23,21.111
chicago,2026-06-18,0,20.0
chicago,2026-06-18,1,20.0
chicago,2026-06-18,2,20.0
chicago,2026-06-18,3,20.0
chicago,2026-06-18,4,20.0
chicago,2026-06-18,5,20.0
chicago,2026-06-18,6,20.0
chicago,2026-06-18,7,20.0
chicago,2026-06-18,8,20.0
chicago,2026-06-18,9,20.0
chicago,2026-06-18,10,20.0
chicago,2026-06-18,11,20.0
chicago,2026-06-18,12,20.556
chicago,2026-06-18,13,21.667
chicago,2026-06-18,14,22.222
chicago,2026-06-18,15,22.222
chicago,2026-06-18,16,22.222
chicago,2026-06-18,17,22.778
chicago,2026-06-18,18,22.778
chicago,2026-06-18,19,22.778
chicago,2026-06-18,20,22.778
chicago,2026-06-18,21,22.778
chicago,2026-06-18,22,22.778
chicago,2026-06-18,23,22.778
chicago,2026-06-19,0,17.222
chicago,2026-06-19,1,17.222
chicago,2026-06-19,2,17.222
chicago,2026-06-19,3,17.222
chicago,2026-06-19,4,17.222
chicago,2026-06-19,5,17.222
chicago,2026-06-19,6,17.222
chicago,2026-06-19,7,18.889
chicago,2026-06-19,8,20.0
chicago,2026-06-19,9,21.111
chicago,2026-06-19,10,21.111
chicago,2026-06-19,11,22.778
chicago,2026-06-19,12,22.778
chicago,2026-06-19,13,23.333
chicago,2026-06-19,14,23.889
chicago,2026-06-19,15,23.889
chicago,2026-06-19,16,24.444
chicago,2026-06-19,17,24.444
chicago,2026-06-19,18,24.444
chicago,2026-06-19,19,24.444
chicago,2026-06-19,20,24.444
chicago,2026-06-19,21,24.444
chicago,2026-06-19,22,24.444
chicago,2026-06-19,23,24.444
chicago,2026-06-20,0,18.333
chicago,2026-06-20,1,18.333
chicago,2026-06-20,2,18.333
chicago,2026-06-20,3,18.333
chicago,2026-06-20,4,18.333
chicago,2026-06-20,5,18.333
chicago,2026-06-20,6,18.333
chicago,2026-06-20,7,18.333
chicago,2026-06-20,8,19.444
chicago,2026-06-20,9,20.556
chicago,2026-06-20,10,22.222
chicago,2026-06-20,11,22.778
chicago,2026-06-20,12,23.333
chicago,2026-06-20,13,23.333
chicago,2026-06-20,14,23.889
chicago,2026-06-20,15,24.444
chicago,2026-06-20,16,24.444
chicago,2026-06-20,17,24.444
chicago,2026-06-20,18,24.444
chicago,2026-06-20,19,24.444
chicago,2026-06-20,20,24.444
chicago,2026-06-20,21,24.444
chicago,2026-06-20,22,24.444
chicago,2026-06-20,23,24.444
chicago,2026-06-21,0,17.778
chicago,2026-06-21,1,17.778
chicago,2026-06-21,2,17.778
chicago,2026-06-21,3,17.778
chicago,2026-06-21,4,17.778
chicago,2026-06-21,5,17.778
chicago,2026-06-21,6,17.778
chicago,2026-06-21,7,18.889
chicago,2026-06-21,8,20.0
chicago,2026-06-21,9,21.111
chicago,2026-06-21,10,21.667
chicago,2026-06-21,11,21.667
chicago,2026-06-21,12,21.667
chicago,2026-06-21,13,21.667
chicago,2026-06-21,14,21.667
chicago,2026-06-21,15,21.667
chicago,2026-06-21,16,21.667
chicago,2026-06-21,17,21.667
chicago,2026-06-21,18,21.667
chicago,2026-06-21,19,21.667
chicago,2026-06-21,20,21.667
chicago,2026-06-21,21,21.667
chicago,2026-06-21,22,21.667
chicago,2026-06-21,23,21.667
chicago,2026-06-22,0,15.0
chicago,2026-06-22,1,15.0
chicago,2026-06-22,2,15.0
chicago,2026-06-22,3,15.0
chicago,2026-06-22,4,15.0
chicago,2026-06-22,5,15.0
chicago,2026-06-22,6,15.556
chicago,2026-06-22,7,17.222
chicago,2026-06-22,8,18.333
chicago,2026-06-22,9,20.0
chicago,2026-06-22,10,21.111
chicago,2026-06-22,11,21.111
chicago,2026-06-22,12,21.667
chicago,2026-06-22,13,21.667
chicago,2026-06-22,14,22.222
chicago,2026-06-22,15,22.222
chicago,2026-06-22,16,22.222
chicago,2026-06-22,17,22.222
chicago,2026-06-22,18,22.222
chicago,2026-06-22,19,22.222
chicago,2026-06-22,20,22.222
chicago,2026-06-22,21,22.222
chicago,2026-06-22,22,22.222
chicago,2026-06-22,23,22.222
chicago,2026-06-23,0,14.444
chicago,2026-06-23,1,15.0
chicago,2026-06-23,2,15.0
chicago,2026-06-23,3,15.0
chicago,2026-06-23,4,15.0
chicago,2026-06-23,5,15.0
chicago,2026-06-23,6,15.0
chicago,2026-06-23,7,16.667
chicago,2026-06-23,8,18.333
chicago,2026-06-23,9,19.444
chicago,2026-06-23,10,20.0
chicago,2026-06-23,11,21.111
chicago,2026-06-23,12,21.667
chicago,2026-06-23,13,21.667
chicago,2026-06-23,14,22.778
chicago,2026-06-23,15,22.778
chicago,2026-06-23,16,23.333
chicago,2026-06-23,17,23.333
chicago,2026-06-23,18,23.333
chicago,2026-06-23,19,23.333
chicago,2026-06-23,20,23.333
chicago,2026-06-23,21,23.333
chicago,2026-06-23,22,23.333
chicago,2026-06-23,23,23.333
chicago,2026-06-24,0,16.667
chicago,2026-06-24,1,16.667
chicago,2026-06-24,2,16.667
chicago,2026-06-24,3,16.667
chicago,2026-06-24,4,16.667
chicago,2026-06-24,5,17.778
chicago,2026-06-24,6,18.333
chicago,2026-06-24,7,18.333
chicago,2026-06-24,8,19.444
chicago,2026-06-24,9,21.667
chicago,2026-06-24,10,21.667
chicago,2026-06-24,11,21.667
chicago,2026-06-24,12,21.667
chicago,2026-06-24,13,21.667
chicago,2026-06-24,14,21.667
chicago,2026-06-24,15,21.667
chicago,2026-06-24,16,21.667
chicago,2026-06-24,17,21.667
chicago,2026-06-24,18,21.667
chicago,2026-06-24,19,21.667
chicago,2026-06-24,20,21.667
chicago,2026-06-24,21,21.667
chicago,2026-06-24,22,21.667
chicago,2026-06-24,23,21.667
chicago,2026-06-25,0,17.222
chicago,2026-06-25,1,17.222
chicago,2026-06-25,2,17.222
chicago,2026-06-25,3,17.222
chicago,2026-06-25,4,17.222
chicago,2026-06-25,5,17.222
chicago,2026-06-25,6,18.333
chicago,2026-06-25,7,20.0
chicago,2026-06-25,8,22.778
chicago,2026-06-25,9,23.333
chicago,2026-06-25,10,23.889
chicago,2026-06-25,11,24.444
chicago,2026-06-25,12,25.0
chicago,2026-06-25,13,25.0
chicago,2026-06-25,14,25.556
chicago,2026-06-25,15,25.556
chicago,2026-06-25,16,26.111
chicago,2026-06-25,17,26.111
chicago,2026-06-25,18,26.111
chicago,2026-06-25,19,26.111
chicago,2026-06-25,20,26.111
chicago,2026-06-25,21,26.111
chicago,2026-06-25,22,26.111
chicago,2026-06-25,23,26.111
chicago,2026-06-26,0,16.667
chicago,2026-06-26,1,16.667
chicago,2026-06-26,2,16.667
chicago,2026-06-26,3,16.667
chicago,2026-06-26,4,16.667
chicago,2026-06-26,5,16.667
chicago,2026-06-26,6,17.222
chicago,2026-06-26,7,17.778
chicago,2026-06-26,8,18.333
chicago,2026-06-26,9,18.333
chicago,2026-06-26,10,18.333
chicago,2026-06-26,11,18.889
chicago,2026-06-26,12,18.889
chicago,2026-06-26,13,18.889
chicago,2026-06-26,14,18.889
chicago,2026-06-26,15,18.889
chicago,2026-06-26,16,18.889
chicago,2026-06-26,17,18.889
chicago,2026-06-26,18,18.889
chicago,2026-06-26,19,18.889
chicago,2026-06-26,20,18.889
chicago,2026-06-26,21,18.889
chicago,2026-06-26,22,18.889
chicago,2026-06-26,23,18.889
chicago,2026-06-27,0,16.111
chicago,2026-06-27,1,16.111
chicago,2026-06-27,2,16.111
chicago,2026-06-27,3,16.667
chicago,2026-06-27,4,16.667
chicago,2026-06-27,5,17.222
chicago,2026-06-27,6,17.778
chicago,2026-06-27,7,18.889
chicago,2026-06-27,8,20.0
chicago,2026-06-27,9,21.667
chicago,2026-06-27,10,22.778
chicago,2026-06-27,11,23.889
chicago,2026-06-27,12,23.889
chicago,2026-06-27,13,23.889
chicago,2026-06-27,14,23.889
chicago,2026-06-27,15,23.889
chicago,2026-06-27,16,24.444
chicago,2026-06-27,17,24.444
chicago,2026-06-27,18,24.444
chicago,2026-06-27,19,24.444
chicago,2026-06-27,20,24.444
chicago,2026-06-27,21,24.444
chicago,2026-06-27,22,24.444
chicago,2026-06-27,23,24.444
chicago,2026-06-28,0,18.889
chicago,2026-06-28,1,18.889
chicago,2026-06-28,2,18.889
chicago,2026-06-28,3,18.889
chicago,2026-06-28,4,18.889
chicago,2026-06-28,5,18.889
chicago,2026-06-28,6,20.0
chicago,2026-06-28,7,22.222
chicago,2026-06-28,8,23.889
chicago,2026-06-28,9,25.0
chicago,2026-06-28,10,26.111
chicago,2026-06-28,11,26.667
chicago,2026-06-28,12,26.667
chicago,2026-06-28,13,27.222
chicago,2026-06-28,14,27.222
chicago,2026-06-28,15,27.222
chicago,2026-06-28,16,27.222
chicago,2026-06-28,17,27.222
chicago,2026-06-28,18,27.222
chicago,2026-06-28,19,27.222
chicago,2026-06-28,20,27.222
chicago,2026-06-28,21,27.222
chicago,2026-06-28,22,27.222
chicago,2026-06-28,23,27.222
chicago,2026-06-29,0,25.0
chicago,2026-06-29,1,25.556
chicago,2026-06-29,2,25.556
chicago,2026-06-29,3,25.556
chicago,2026-06-29,4,25.556
chicago,2026-06-29,5,25.556
chicago,2026-06-29,6,25.556
chicago,2026-06-29,7,27.222
chicago,2026-06-29,8,27.222
chicago,2026-06-29,9,28.889
chicago,2026-06-29,10,30.0
chicago,2026-06-29,11,31.667
chicago,2026-06-29,12,31.667
chicago,2026-06-29,13,32.222
chicago,2026-06-29,14,32.778
chicago,2026-06-29,15,33.333
chicago,2026-06-29,16,33.333
chicago,2026-06-29,17,33.333
chicago,2026-06-29,18,33.333
chicago,2026-06-29,19,33.333
chicago,2026-06-29,20,33.333
chicago,2026-06-29,21,33.333
chicago,2026-06-29,22,33.333
chicago,2026-06-29,23,33.333
chicago,2026-06-30,0,27.778
chicago,2026-06-30,1,27.778
chicago,2026-06-30,2,27.778
chicago,2026-06-30,3,27.778
chicago,2026-06-30,4,27.778
chicago,2026-06-30,5,27.778
chicago,2026-06-30,6,27.778
chicago,2026-06-30,7,27.778
chicago,2026-06-30,8,28.333
chicago,2026-06-30,9,30.0
chicago,2026-06-30,10,30.556
chicago,2026-06-30,11,31.667
chicago,2026-06-30,12,32.222
chicago,2026-06-30,13,33.333
chicago,2026-06-30,14,33.889
chicago,2026-06-30,15,34.444
chicago,2026-06-30,16,34.444
chicago,2026-06-30,17,34.444
chicago,2026-06-30,18,34.444
chicago,2026-06-30,19,34.444
chicago,2026-06-30,20,34.444
chicago,2026-06-30,21,34.444
chicago,2026-06-30,22,34.444
chicago,2026-06-30,23,34.444
chicago,2026-07-01,0,27.778
chicago,2026-07-01,1,27.778
chicago,2026-07-01,2,27.778
chicago,2026-07-01,3,27.778
chicago,2026-07-01,4,27.778
chicago,2026-07-01,5,27.778
chicago,2026-07-01,6,27.778
chicago,2026-07-01,7,28.333
chicago,2026-07-01,8,29.444
chicago,2026-07-01,9,30.556
chicago,2026-07-01,10,31.111
chicago,2026-07-01,11,32.222
chicago,2026-07-01,12,33.333
chicago,2026-07-01,13,33.889
chicago,2026-07-01,14,34.444
chicago,2026-07-01,15,35.0
chicago,2026-07-01,16,35.0
chicago,2026-07-01,17,35.0
chicago,2026-07-01,18,35.0
chicago,2026-07-01,19,35.0
chicago,2026-07-01,20,35.0
chicago,2026-07-01,21,35.0
chicago,2026-07-01,22,35.0
chicago,2026-07-01,23,35.0
chicago,2026-07-02,0,28.333
chicago,2026-07-02,1,28.333
chicago,2026-07-02,2,28.333
chicago,2026-07-02,3,28.333
chicago,2026-07-02,4,28.333
chicago,2026-07-02,5,28.333
chicago,2026-07-02,6,28.333
chicago,2026-07-02,7,28.333
chicago,2026-07-02,8,28.333
chicago,2026-07-02,9,28.333
chicago,2026-07-02,10,28.889
chicago,2026-07-02,11,30.556
chicago,2026-07-02,12,32.222
chicago,2026-07-02,13,34.444
chicago,2026-07-02,14,34.444
chicago,2026-07-02,15,34.444
chicago,2026-07-02,16,34.444
chicago,2026-07-02,17,34.444
chicago,2026-07-02,18,34.444
chicago,2026-07-02,19,34.444
chicago,2026-07-02,20,34.444
chicago,2026-07-02,21,34.444
chicago,2026-07-02,22,34.444
chicago,2026-07-02,23,34.444
chicago,2026-07-03,0,21.667
chicago,2026-07-03,1,21.667
chicago,2026-07-03,2,22.222
chicago,2026-07-03,3,22.222
chicago,2026-07-03,4,22.222
chicago,2026-07-03,5,22.222
chicago,2026-07-03,6,23.333
chicago,2026-07-03,7,24.444
chicago,2026-07-03,8,26.667
chicago,2026-07-03,9,28.333
chicago,2026-07-03,10,28.889
chicago,2026-07-03,11,30.0
chicago,2026-07-03,12,30.0
chicago,2026-07-03,13,30.0
chicago,2026-07-03,14,30.0
chicago,2026-07-03,15,30.0
chicago,2026-07-03,16,30.0
chicago,2026-07-03,17,30.0
chicago,2026-07-03,18,30.0
chicago,2026-07-03,19,30.0
chicago,2026-07-03,20,30.0
chicago,2026-07-03,21,30.0
chicago,2026-07-03,22,30.0
chicago,2026-07-03,23,30.0
chicago,2026-07-04,0,21.111
chicago,2026-07-04,1,21.111
chicago,2026-07-04,2,21.111
chicago,2026-07-04,3,21.111
chicago,2026-07-04,4,21.111
chicago,2026-07-04,5,21.111
chicago,2026-07-04,6,21.667
chicago,2026-07-04,7,23.333
chicago,2026-07-04,8,24.444
chicago,2026-07-04,9,25.556
chicago,2026-07-04,10,27.222
chicago,2026-07-04,11,28.333
chicago,2026-07-04,12,28.333
chicago,2026-07-04,13,28.333
chicago,2026-07-04,14,28.333
chicago,2026-07-04,15,28.333
chicago,2026-07-04,16,28.333
chicago,2026-07-04,17,28.333
chicago,2026-07-04,18,28.333
chicago,2026-07-04,19,28.333
chicago,2026-07-04,20,28.333
chicago,2026-07-04,21,28.333
chicago,2026-07-04,22,28.333
chicago,2026-07-04,23,28.333
chicago,2026-07-05,0,20.0
chicago,2026-07-05,1,20.0
chicago,2026-07-05,2,20.0
chicago,2026-07-05,3,20.0
chicago,2026-07-05,4,20.0
chicago,2026-07-05,5,20.0
chicago,2026-07-05,6,20.0
chicago,2026-07-05,7,20.556
chicago,2026-07-05,8,20.556
chicago,2026-07-05,9,21.111
chicago,2026-07-05,10,21.667
chicago,2026-07-05,11,21.667
chicago,2026-07-05,12,22.222
chicago,2026-07-05,13,22.222
chicago,2026-07-05,14,24.444
chicago,2026-07-05,15,24.444
chicago,2026-07-05,16,24.444
chicago,2026-07-05,17,24.444
chicago,2026-07-05,18,24.444
chicago,2026-07-05,19,24.444
chicago,2026-07-05,20,24.444
chicago,2026-07-05,21,24.444
chicago,2026-07-05,22,24.444
chicago,2026-07-05,23,24.444
chicago,2026-07-06,0,20.0
chicago,2026-07-06,1,20.0
chicago,2026-07-06,2,20.0
chicago,2026-07-06,3,20.0
chicago,2026-07-06,4,20.556
chicago,2026-07-06,5,20.556
chicago,2026-07-06,6,20.556
chicago,2026-07-06,7,21.667
chicago,2026-07-06,8,23.333
chicago,2026-07-06,9,23.333
chicago,2026-07-06,10,23.889
chicago,2026-07-06,11,24.444
chicago,2026-07-06,12,25.556
chicago,2026-07-06,13,26.111
chicago,2026-07-06,14,26.111
chicago,2026-07-06,15,26.111
chicago,2026-07-06,16,26.111
chicago,2026-07-06,17,26.111
chicago,2026-07-06,18,26.111
chicago,2026-07-06,19,26.111
chicago,2026-07-06,20,26.111
chicago,2026-07-06,21,26.111
chicago,2026-07-06,22,26.111
chicago,2026-07-06,23,26.111
chicago,2026-07-07,0,20.0
chicago,2026-07-07,1,20.0
chicago,2026-07-07,2,20.0
chicago,2026-07-07,3,20.0
chicago,2026-07-07,4,20.0
chicago,2026-07-07,5,20.0
chicago,2026-07-07,6,20.556
chicago,2026-07-07,7,22.778
chicago,2026-07-07,8,25.556
chicago,2026-07-07,9,27.222
chicago,2026-07-07,10,27.222
chicago,2026-07-07,11,28.333
chicago,2026-07-07,12,28.889
chicago,2026-07-07,13,28.889
chicago,2026-07-07,14,28.889
chicago,2026-07-07,15,29.444
chicago,2026-07-07,16,29.444
chicago,2026-07-07,17,29.444
chicago,2026-07-07,18,29.444
chicago,2026-07-07,19,29.444
chicago,2026-07-07,20,29.444
chicago,2026-07-07,21,29.444
chicago,2026-07-07,22,29.444
chicago,2026-07-07,23,29.444
chicago,2026-07-08,0,22.222
chicago,2026-07-08,1,22.222
chicago,2026-07-08,2,22.222
chicago,2026-07-08,3,22.222
chicago,2026-07-08,4,22.222
chicago,2026-07-08,5,22.222
chicago,2026-07-08,6,22.778
chicago,2026-07-08,7,25.0
chicago,2026-07-08,8,26.667
chicago,2026-07-08,9,27.778
chicago,2026-07-08,10,28.889
chicago,2026-07-08,11,29.444
chicago,2026-07-08,12,30.0
chicago,2026-07-08,13,30.556
chicago,2026-07-08,14,31.111
chicago,2026-07-08,15,31.111
chicago,2026-07-08,16,31.111
chicago,2026-07-08,17,31.111
chicago,2026-07-08,18,31.111
chicago,2026-07-08,19,31.111
chicago,2026-07-08,20,31.111
chicago,2026-07-08,21,31.111
chicago,2026-07-08,22,31.111
chicago,2026-07-08,23,31.111
chicago,2026-07-09,0,25.0
chicago,2026-07-09,1,25.0
chicago,2026-07-09,2,25.0
chicago,2026-07-09,3,25.0
chicago,2026-07-09,4,25.0
chicago,2026-07-09,5,25.0
chicago,2026-07-09,6,25.0
chicago,2026-07-09,7,25.0
chicago,2026-07-09,8,26.111
chicago,2026-07-09,9,27.222
chicago,2026-07-09,10,27.222
chicago,2026-07-09,11,27.778
chicago,2026-07-09,12,28.333
chicago,2026-07-09,13,28.333
chicago,2026-07-09,14,28.889
chicago,2026-07-09,15,30.0
chicago,2026-07-09,16,30.0
chicago,2026-07-09,17,30.0
chicago,2026-07-09,18,30.0
chicago,2026-07-09,19,30.0
chicago,2026-07-09,20,30.0
chicago,2026-07-09,21,30.0
chicago,2026-07-09,22,30.0
chicago,2026-07-09,23,30.0
chicago,2026-07-10,0,22.778
chicago,2026-07-10,1,22.778
chicago,2026-07-10,2,22.778
chicago,2026-07-10,3,22.778
chicago,2026-07-10,4,22.778
chicago,2026-07-10,5,22.778
chicago,2026-07-10,6,22.778
chicago,2026-07-10,7,22.778
chicago,2026-07-10,8,23.889
chicago,2026-07-10,9,25.0
chicago,2026-07-10,10,26.111
chicago,2026-07-10,11,26.111
chicago,2026-07-10,12,26.667
chicago,2026-07-10,13,27.222
chicago,2026-07-10,14,27.222
chicago,2026-07-10,15,27.222
chicago,2026-07-10,16,27.222
chicago,2026-07-10,17,27.222
chicago,2026-07-10,18,27.222
chicago,2026-07-10,19,27.222
chicago,2026-07-10,20,27.222
chicago,2026-07-10,21,27.222
chicago,2026-07-10,22,27.222
chicago,2026-07-10,23,27.222
chicago,2026-07-11,0,20.0
chicago,2026-07-11,1,20.0
chicago,2026-07-11,2,20.0
chicago,2026-07-11,3,20.0
chicago,2026-07-11,4,20.0
chicago,2026-07-11,5,20.0
chicago,2026-07-11,6,21.111
chicago,2026-07-11,7,22.778
chicago,2026-07-11,8,24.444
chicago,2026-07-11,9,25.556
chicago,2026-07-11,10,26.111
chicago,2026-07-11,11,27.222
chicago,2026-07-11,12,27.222
chicago,2026-07-11,13,27.222
chicago,2026-07-11,14,27.222
chicago,2026-07-11,15,27.222
chicago,2026-07-11,16,27.778
chicago,2026-07-11,17,27.778
chicago,2026-07-11,18,27.778
chicago,2026-07-11,19,27.778
chicago,2026-07-11,20,27.778
chicago,2026-07-11,21,27.778
chicago,2026-07-11,22,27.778
chicago,2026-07-11,23,27.778
chicago,2026-07-12,0,21.111
chicago,2026-07-12,1,21.111
chicago,2026-07-12,2,21.111
chicago,2026-07-12,3,21.111
chicago,2026-07-12,4,21.111
chicago,2026-07-12,5,21.111
chicago,2026-07-12,6,21.111
chicago,2026-07-12,7,23.333
chicago,2026-07-12,8,26.111
chicago,2026-07-12,9,27.778
chicago,2026-07-12,10,28.333
chicago,2026-07-12,11,28.889
chicago,2026-07-12,12,29.444
chicago,2026-07-12,13,30.0
chicago,2026-07-12,14,30.0
chicago,2026-07-12,15,30.0
chicago,2026-07-12,16,30.0
chicago,2026-07-12,17,30.0
chicago,2026-07-12,18,30.0
chicago,2026-07-12,19,30.0
chicago,2026-07-12,20,30.0
chicago,2026-07-12,21,30.0
chicago,2026-07-12,22,30.0
chicago,2026-07-12,23,30.0
chicago,2026-07-13,0,22.222
chicago,2026-07-13,1,22.222
chicago,2026-07-13,2,22.222
chicago,2026-07-13,3,22.222
chicago,2026-07-13,4,22.222
chicago,2026-07-13,5,22.222
chicago,2026-07-13,6,22.778
chicago,2026-07-13,7,25.0
chicago,2026-07-13,8,25.556
chicago,2026-07-13,9,29.444
chicago,2026-07-13,10,30.0
chicago,2026-07-13,11,31.111
chicago,2026-07-13,12,31.667
chicago,2026-07-13,13,32.222
chicago,2026-07-13,14,32.778
chicago,2026-07-13,15,33.333
chicago,2026-07-13,16,33.333
chicago,2026-07-13,17,33.333
chicago,2026-07-13,18,33.333
chicago,2026-07-13,19,33.333
chicago,2026-07-13,20,33.333
chicago,2026-07-13,21,33.333
chicago,2026-07-13,22,33.333
chicago,2026-07-13,23,33.333
chicago,2026-07-14,0,26.111
chicago,2026-07-14,1,26.111
chicago,2026-07-14,2,26.111
chicago,2026-07-14,3,26.111
chicago,2026-07-14,4,26.111
chicago,2026-07-14,5,26.111
chicago,2026-07-14,6,26.111
chicago,2026-07-14,7,26.111
chicago,2026-07-14,8,27.778
chicago,2026-07-14,9,30.0
chicago,2026-07-14,10,31.111
chicago,2026-07-14,11,32.222
chicago,2026-07-14,12,32.778
chicago,2026-07-14,13,33.889
chicago,2026-07-14,14,34.444
chicago,2026-07-14,15,35.556
chicago,2026-07-14,16,35.556
chicago,2026-07-14,17,35.556
chicago,2026-07-14,18,35.556
chicago,2026-07-14,19,35.556
chicago,2026-07-14,20,35.556
chicago,2026-07-14,21,35.556
chicago,2026-07-14,22,35.556
chicago,2026-07-14,23,35.556
chicago,2026-07-15,0,27.778
chicago,2026-07-15,1,27.778
chicago,2026-07-15,2,27.778
chicago,2026-07-15,3,27.778
chicago,2026-07-15,4,27.778
chicago,2026-07-15,5,27.778
chicago,2026-07-15,6,27.778
chicago,2026-07-15,7,27.778
chicago,2026-07-15,8,28.889
chicago,2026-07-15,9,30.0
chicago,2026-07-15,10,31.111
chicago,2026-07-15,11,32.222
chicago,2026-07-15,12,33.333
chicago,2026-07-15,13,33.333
chicago,2026-07-15,14,34.444
chicago,2026-07-15,15,34.444
chicago,2026-07-15,16,34.444
chicago,2026-07-15,17,34.444
chicago,2026-07-15,18,34.444
chicago,2026-07-15,19,34.444
chicago,2026-07-15,20,34.444
chicago,2026-07-15,21,34.444
chicago,2026-07-15,22,34.444
chicago,2026-07-15,23,34.444
chicago,2026-07-16,0,26.111
chicago,2026-07-16,1,26.111
chicago,2026-07-16,2,26.111
chicago,2026-07-16,3,26.111
chicago,2026-07-16,4,26.111
chicago,2026-07-16,5,26.111
chicago,2026-07-16,6,26.111
chicago,2026-07-16,7,26.111
chicago,2026-07-16,8,26.667
chicago,2026-07-16,9,28.333
chicago,2026-07-16,10,29.444
chicago,2026-07-16,11,31.667
chicago,2026-07-16,12,32.222
chicago,2026-07-16,13,32.222
chicago,2026-07-16,14,32.222
chicago,2026-07-16,15,32.222
chicago,2026-07-16,16,32.222
chicago,2026-07-16,17,32.222
chicago,2026-07-16,18,32.222
chicago,2026-07-16,19,32.222
chicago,2026-07-16,20,32.222
chicago,2026-07-16,21,32.222
chicago,2026-07-16,22,32.222
chicago,2026-07-16,23,32.222
chicago,2026-07-17,0,25.0
chicago,2026-07-17,1,25.0
chicago,2026-07-17,2,25.0
chicago,2026-07-17,3,25.0
chicago,2026-07-17,4,25.0
chicago,2026-07-17,5,25.0
chicago,2026-07-17,6,25.556
chicago,2026-07-17,7,26.667
chicago,2026-07-17,8,27.778
chicago,2026-07-17,9,28.889
chicago,2026-07-17,10,30.556
chicago,2026-07-17,11,32.222
chicago,2026-07-17,12,32.222
chicago,2026-07-17,13,32.222
chicago,2026-07-17,14,32.222
chicago,2026-07-17,15,32.222
chicago,2026-07-17,16,33.333
chicago,2026-07-17,17,33.333
chicago,2026-07-17,18,33.333
chicago,2026-07-17,19,33.333
chicago,2026-07-17,20,33.333
chicago,2026-07-17,21,33.333
chicago,2026-07-17,22,33.333
chicago,2026-07-17,23,33.333
chicago,2026-07-18,0,27.222
chicago,2026-07-18,1,27.222
chicago,2026-07-18,2,27.222
chicago,2026-07-18,3,27.222
chicago,2026-07-18,4,27.222
chicago,2026-07-18,5,27.222
chicago,2026-07-18,6,27.222
chicago,2026-07-18,7,27.222
chicago,2026-07-18,8,27.778
chicago,2026-07-18,9,30.0
chicago,2026-07-18,10,30.0
chicago,2026-07-18,11,30.0
chicago,2026-07-18,12,30.0
chicago,2026-07-18,13,30.556
chicago,2026-07-18,14,31.667
chicago,2026-07-18,15,32.778
chicago,2026-07-18,16,32.778
chicago,2026-07-18,17,32.778
chicago,2026-07-18,18,32.778
chicago,2026-07-18,19,32.778
chicago,2026-07-18,20,32.778
chicago,2026-07-18,21,32.778
chicago,2026-07-18,22,32.778
chicago,2026-07-18,23,32.778
chicago,2026-07-19,0,21.111
chicago,2026-07-19,1,21.111
chicago,2026-07-19,2,21.111
chicago,2026-07-19,3,21.111
chicago,2026-07-19,4,21.111
chicago,2026-07-19,5,21.111
chicago,2026-07-19,6,21.667
chicago,2026-07-19,7,22.222
chicago,2026-07-19,8,22.778
chicago,2026-07-19,9,23.889
chicago,2026-07-19,10,24.444
chicago,2026-07-19,11,24.444
chicago,2026-07-19,12,25.0
chicago,2026-07-19,13,25.556
chicago,2026-07-19,14,26.111
chicago,2026-07-19,15,26.111
chicago,2026-07-19,16,26.111
chicago,2026-07-19,17,26.111
chicago,2026-07-19,18,26.111
chicago,2026-07-19,19,26.111
chicago,2026-07-19,20,26.111
chicago,2026-07-19,21,26.111
chicago,2026-07-19,22,26.111
chicago,2026-07-19,23,26.111
chicago,2026-07-20,0,20.0
chicago,2026-07-20,1,20.0
chicago,2026-07-20,2,20.0
chicago,2026-07-20,3,20.0
chicago,2026-07-20,4,20.0
chicago,2026-07-20,5,20.0
chicago,2026-07-20,6,20.0
chicago,2026-07-20,7,21.667
chicago,2026-07-20,8,23.333
chicago,2026-07-20,9,24.444
chicago,2026-07-20,10,25.0
chicago,2026-07-20,11,25.556
chicago,2026-07-20,12,25.556
chicago,2026-07-20,13,25.556
chicago,2026-07-20,14,26.111
chicago,2026-07-20,15,27.222
chicago,2026-07-20,16,27.778
chicago,2026-07-20,17,27.778
chicago,2026-07-20,18,27.778
chicago,2026-07-20,19,27.778
chicago,2026-07-20,20,27.778
chicago,2026-07-20,21,27.778
chicago,2026-07-20,22,27.778
chicago,2026-07-20,23,27.778
chicago,2026-07-21,0,24.444
chicago,2026-07-21,1,24.444
chicago,2026-07-21,2,25.0
chicago,2026-07-21,3,25.0
chicago,2026-07-21,4,25.0
chicago,2026-07-21,5,25.0
chicago,2026-07-21,6,25.0
chicago,2026-07-21,7,25.0
chicago,2026-07-21,8,25.556
chicago,2026-07-21,9,27.222
chicago,2026-07-21,10,27.778
chicago,2026-07-21,11,28.333
chicago,2026-07-21,12,28.889
chicago,2026-07-21,13,28.889
chicago,2026-07-21,14,30.0
chicago,2026-07-21,15,30.0
chicago,2026-07-21,16,30.0
chicago,2026-07-21,17,30.0
chicago,2026-07-21,18,30.0
chicago,2026-07-21,19,30.0
chicago,2026-07-21,20,30.0
chicago,2026-07-21,21,30.0
chicago,2026-07-21,22,30.0
chicago,2026-07-21,23,30.0
chicago,2026-07-22,0,18.889
chicago,2026-07-22,1,18.889
chicago,2026-07-22,2,18.889
chicago,2026-07-22,3,18.889
chicago,2026-07-22,4,18.889
chicago,2026-07-22,5,18.889
chicago,2026-07-22,6,18.889
chicago,2026-07-22,7,18.889
chicago,2026-07-22,8,18.889
chicago,2026-07-22,9,20.0
chicago,2026-07-22,10,20.0
chicago,2026-07-22,11,20.0
chicago,2026-07-22,12,21.667
chicago,2026-07-22,13,21.667
chicago,2026-07-22,14,22.222
chicago,2026-07-22,15,23.333
chicago,2026-07-22,16,23.333
chicago,2026-07-22,17,23.333
chicago,2026-07-22,18,23.333
chicago,2026-07-22,19,23.333
chicago,2026-07-22,20,23.333
chicago,2026-07-22,21,23.333
chicago,2026-07-22,22,23.333
chicago,2026-07-22,23,23.333
chicago,2026-07-23,0,16.667
chicago,2026-07-23,1,16.667
chicago,2026-07-23,2,16.667
chicago,2026-07-23,3,16.667
chicago,2026-07-23,4,16.667
chicago,2026-07-23,5,16.667
chicago,2026-07-23,6,16.667
chicago,2026-07-23,7,19.444
chicago,2026-07-23,8,21.111
chicago,2026-07-23,9,22.222
chicago,2026-07-23,10,22.778
chicago,2026-07-23,11,24.444
chicago,2026-07-23,12,24.444
chicago,2026-07-23,13,24.444
chicago,2026-07-23,14,24.444
chicago,2026-07-23,15,25.0
chicago,2026-07-23,16,25.0
chicago,2026-07-23,17,25.0
chicago,2026-07-23,18,25.0
chicago,2026-07-23,19,25.0
chicago,2026-07-23,20,25.0
chicago,2026-07-23,21,25.0
chicago,2026-07-23,22,25.0
chicago,2026-07-23,23,25.0
chicago,2026-07-24,0,19.444
chicago,2026-07-24,1,19.444
chicago,2026-07-24,2,19.444
chicago,2026-07-24,3,19.444
chicago,2026-07-24,4,19.444
chicago,2026-07-24,5,19.444
chicago,2026-07-24,6,19.444
chicago,2026-07-24,7,20.0
chicago,2026-07-24,8,21.111
chicago,2026-07-24,9,22.778
chicago,2026-07-24,10,23.889
chicago,2026-07-24,11,23.889
chicago,2026-07-24,12,25.556
chicago,2026-07-24,13,25.556
chicago,2026-07-24,14,25.556
chicago,2026-07-24,15,25.556
chicago,2026-07-24,16,25.556
chicago,2026-07-24,17,25.556
chicago,2026-07-24,18,25.556
chicago,2026-07-24,19,25.556
chicago,2026-07-24,20,25.556
chicago,2026-07-24,21,25.556
chicago,2026-07-24,22,25.556
chicago,2026-07-24,23,25.556
chicago,2026-07-25,0,20.0
chicago,2026-07-25,1,20.0
chicago,2026-07-25,2,20.0
chicago,2026-07-25,3,20.0
chicago,2026-07-25,4,20.0
chicago,2026-07-25,5,20.0
chicago,2026-07-25,6,20.0
chicago,2026-07-25,7,20.0
chicago,2026-07-25,8,21.667
chicago,2026-07-25,9,23.333
chicago,2026-07-25,10,25.0
chicago,2026-07-25,11,25.0
chicago,2026-07-25,12,25.0
chicago,2026-07-25,13,25.0
chicago,2026-07-25,14,25.556
chicago,2026-07-25,15,26.667
chicago,2026-07-25,16,26.667
chicago,2026-07-25,17,26.667
chicago,2026-07-25,18,26.667
chicago,2026-07-25,19,26.667
chicago,2026-07-25,20,26.667
chicago,2026-07-25,21,26.667
chicago,2026-07-25,22,26.667
chicago,2026-07-25,23,26.667
chicago,2026-07-26,0,22.222
chicago,2026-07-26,1,22.222
chicago,2026-07-26,2,22.222
chicago,2026-07-26,3,22.222
chicago,2026-07-26,4,22.222
chicago,2026-07-26,5,22.778
chicago,2026-07-26,6,22.778
chicago,2026-07-26,7,23.889
chicago,2026-07-26,8,26.111
chicago,2026-07-26,9,27.222
chicago,2026-07-26,10,28.889
chicago,2026-07-26,11,30.556
chicago,2026-07-26,12,31.111
chicago,2026-07-26,13,31.667
chicago,2026-07-26,14,31.667
chicago,2026-07-26,15,32.778
chicago,2026-07-26,16,32.778
chicago,2026-07-26,17,32.778
chicago,2026-07-26,18,32.778
chicago,2026-07-26,19,32.778
chicago,2026-07-26,20,32.778
chicago,2026-07-26,21,32.778
chicago,2026-07-26,22,32.778
chicago,2026-07-26,23,32.778
chicago,2026-07-27,0,26.667
chicago,2026-07-27,1,26.667
chicago,2026-07-27,2,26.667
chicago,2026-07-27,3,26.667
chicago,2026-07-27,4,26.667
chicago,2026-07-27,5,26.667
chicago,2026-07-27,6,26.667
chicago,2026-07-27,7,26.667
chicago,2026-07-27,8,26.667
chicago,2026-07-27,9,28.333
chicago,2026-07-27,10,29.444
chicago,2026-07-27,11,29.444
chicago,2026-07-27,12,29.444
chicago,2026-07-27,13,29.444
chicago,2026-07-27,14,29.444
chicago,2026-07-27,15,29.444
chicago,2026-07-27,16,29.444
chicago,2026-07-27,17,29.444
chicago,2026-07-27,18,29.444
chicago,2026-07-27,19,29.444
chicago,2026-07-27,20,29.444
chicago,2026-07-27,21,29.444
chicago,2026-07-27,22,29.444
chicago,2026-07-27,23,29.444
chicago,2026-07-28,0,23.333
chicago,2026-07-28,1,23.333
chicago,2026-07-28,2,23.333
chicago,2026-07-28,3,23.333
chicago,2026-07-28,4,23.333
chicago,2026-07-28,5,23.333
chicago,2026-07-28,6,23.333
chicago,2026-07-28,7,23.333
chicago,2026-07-28,8,23.333
chicago,2026-07-28,9,23.333
chicago,2026-07-28,10,23.333
chicago,2026-07-28,11,23.889
chicago,2026-07-28,12,25.556
chicago,2026-07-28,13,26.111
chicago,2026-07-28,14,26.111
chicago,2026-07-28,15,26.111
chicago,2026-07-28,16,26.111
chicago,2026-07-28,17,26.111
chicago,2026-07-28,18,26.111
chicago,2026-07-28,19,26.111
chicago,2026-07-28,20,26.111
chicago,2026-07-28,21,26.111
chicago,2026-07-28,22,26.111
chicago,2026-07-28,23,26.111
chicago,2026-07-29,0,18.333
chicago,2026-07-29,1,18.333
chicago,2026-07-29,2,18.333
chicago,2026-07-29,3,18.333
chicago,2026-07-29,4,18.333
chicago,2026-07-29,5,18.333
chicago,2026-07-29,6,18.333
chicago,2026-07-29,7,20.0
chicago,2026-07-29,8,21.667
chicago,2026-07-29,9,23.333
chicago,2026-07-29,10,23.889
chicago,2026-07-29,11,24.444
chicago,2026-07-29,12,25.0
chicago,2026-07-29,13,25.556
chicago,2026-07-29,14,26.111
chicago,2026-07-29,15,26.667
chicago,2026-07-29,16,26.667
chicago,2026-07-29,17,26.667
chicago,2026-07-29,18,26.667
chicago,2026-07-29,19,26.667
chicago,2026-07-29,20,26.667
chicago,2026-07-29,21,26.667
chicago,2026-07-29,22,26.667
chicago,2026-07-29,23,26.667
chicago,2026-07-30,0,18.889
chicago,2026-07-30,1,18.889
chicago,2026-07-30,2,18.889
chicago,2026-07-30,3,18.889
chicago,2026-07-30,4,18.889
chicago,2026-07-30,5,18.889
chicago,2026-07-30,6,18.889
chicago,2026-07-30,7,21.667
chicago,2026-07-30,8,24.444
chicago,2026-07-30,9,26.111
chicago,2026-07-30,10,27.778
chicago,2026-07-30,11,28.333
chicago,2026-07-30,12,29.444
chicago,2026-07-30,13,29.444
chicago,2026-07-30,14,30.0
chicago,2026-07-30,15,30.0
chicago,2026-07-30,16,30.0
chicago,2026-07-30,17,30.0
chicago,2026-07-30,18,30.0
chicago,2026-07-30,19,30.0
chicago,2026-07-30,20,30.0
chicago,2026-07-30,21,30.0
chicago,2026-07-30,22,30.0
chicago,2026-07-30,23,30.0
chicago,2026-07-31,0,23.333
chicago,2026-07-31,1,23.333
chicago,2026-07-31,2,23.333
chicago,2026-07-31,3,23.333
chicago,2026-07-31,4,23.333
chicago,2026-07-31,5,23.333
chicago,2026-07-31,6,23.333
chicago,2026-07-31,7,24.444
chicago,2026-07-31,8,25.0
chicago,2026-07-31,9,26.667
chicago,2026-07-31,10,26.667
chicago,2026-07-31,11,26.667
chicago,2026-07-31,12,26.667
chicago,2026-07-31,13,26.667
chicago,2026-07-31,14,26.667
chicago,2026-07-31,15,26.667
chicago,2026-07-31,16,26.667
chicago,2026-07-31,17,26.667
chicago,2026-07-31,18,26.667
chicago,2026-07-31,19,26.667
chicago,2026-07-31,20,26.667
chicago,2026-07-31,21,26.667
chicago,2026-07-31,22,26.667
chicago,2026-07-31,23,26.667
chicago,2026-08-01,0,22.222
chicago,2026-08-01,1,22.222
chicago,2026-08-01,2,22.222
chicago,2026-08-01,3,22.222
chicago,2026-08-01,4,22.222
chicago,2026-08-01,5,22.222
chicago,2026-08-01,6,22.222
chicago,2026-08-01,7,22.222
chicago,2026-08-01,8,22.222
chicago,2026-08-01,9,22.222
chicago,2026-08-01,10,22.222
chicago,2026-08-01,11,22.222
chicago,2026-08-01,12,22.222
chicago,2026-08-01,13,22.222
chicago,2026-08-01,14,22.222
chicago,2026-08-01,15,22.222
chicago,2026-08-01,16,22.222
chicago,2026-08-01,17,22.222
chicago,2026-08-01,18,22.222
chicago,2026-08-01,19,22.222
chicago,2026-08-01,20,22.222
chicago,2026-08-01,21,22.222
chicago,2026-08-01,22,22.222
chicago,2026-08-01,23,22.222
chicago,2026-08-02,0,20.0
chicago,2026-08-02,1,20.0
chicago,2026-08-02,2,20.0
chicago,2026-08-02,3,20.0
chicago,2026-08-02,4,20.0
chicago,2026-08-02,5,20.0
chicago,2026-08-02,6,20.0
chicago,2026-08-02,7,21.111
chicago,2026-08-02,8,21.667
chicago,2026-08-02,9,22.222
chicago,2026-08-02,10,22.222
chicago,2026-08-02,11,22.222
chicago,2026-08-02,12,22.222
chicago,2026-08-02,13,23.333
chicago,2026-08-02,14,23.889
chicago,2026-08-02,15,24.444
chicago,2026-08-02,16,24.444
chicago,2026-08-02,17,25.0
chicago,2026-08-02,18,25.0
chicago,2026-08-02,19,25.0
chicago,2026-08-02,20,25.0
chicago,2026-08-02,21,25.0
chicago,2026-08-02,22,25.0
chicago,2026-08-02,23,25.0
chicago,2026-08-03,0,18.889
chicago,2026-08-03,1,18.889
chicago,2026-08-03,2,18.889
chicago,2026-08-03,3,18.889
chicago,2026-08-03,4,18.889
chicago,2026-08-03,5,18.889
chicago,2026-08-03,6,18.889
chicago,2026-08-03,7,20.0
chicago,2026-08-03,8,22.222
chicago,2026-08-03,9,23.889
chicago,2026-08-03,10,24.444
chicago,2026-08-03,11,25.556
chicago,2026-08-03,12,27.222
chicago,2026-08-03,13,27.778
chicago,2026-08-03,14,27.778
chicago,2026-08-03,15,27.778
chicago,2026-08-03,16,27.778
chicago,2026-08-03,17,27.778
chicago,2026-08-03,18,27.778
chicago,2026-08-03,19,27.778
chicago,2026-08-03,20,27.778
chicago,2026-08-03,21,27.778
chicago,2026-08-03,22,27.778
chicago,2026-08-03,23,27.778
chicago,2026-08-04,0,21.667
chicago,2026-08-04,1,21.667
chicago,2026-08-04,2,21.667
chicago,2026-08-04,3,21.667
chicago,2026-08-04,4,21.667
chicago,2026-08-04,5,21.667
chicago,2026-08-04,6,21.667
chicago,2026-08-04,7,22.778
chicago,2026-08-04,8,24.444
chicago,2026-08-04,9,25.556
chicago,2026-08-04,10,26.111
chicago,2026-08-04,11,27.778
chicago,2026-08-04,12,27.778
chicago,2026-08-04,13,28.889
chicago,2026-08-04,14,28.889
chicago,2026-08-04,15,29.444
chicago,2026-08-04,16,29.444
chicago,2026-08-04,17,29.444
chicago,2026-08-04,18,29.444
chicago,2026-08-04,19,29.444
chicago,2026-08-04,20,29.444
chicago,2026-08-04,21,29.444
chicago,2026-08-04,22,29.444
chicago,2026-08-04,23,29.444
chicago,2026-08-05,0,24.444
chicago,2026-08-05,1,25.0
chicago,2026-08-05,2,25.0
chicago,2026-08-05,3,25.0
chicago,2026-08-05,4,25.0
chicago,2026-08-05,5,25.0
chicago,2026-08-05,6,25.0
chicago,2026-08-05,7,25.0
chicago,2026-08-05,8,25.0
chicago,2026-08-05,9,25.0
chicago,2026-08-05,10,26.111
chicago,2026-08-05,11,26.667
chicago,2026-08-05,12,26.667
chicago,2026-08-05,13,27.222
chicago,2026-08-05,14,27.222
chicago,2026-08-05,15,27.222
chicago,2026-08-05,16,27.222
chicago,2026-08-05,17,27.222
chicago,2026-08-05,18,27.222
chicago,2026-08-05,19,27.222
chicago,2026-08-05,20,27.222
chicago,2026-08-05,21,27.222
chicago,2026-08-05,22,27.222
chicago,2026-08-05,23,27.222
chicago,2026-08-06,0,21.111
chicago,2026-08-06,1,21.111
chicago,2026-08-06,2,21.111
chicago,2026-08-06,3,21.111
chicago,2026-08-06,4,21.111
chicago,2026-08-06,5,21.111
chicago,2026-08-06,6,21.667
chicago,2026-08-06,7,22.222
chicago,2026-08-06,8,22.778
chicago,2026-08-06,9,22.778
chicago,2026-08-06,10,23.333
chicago,2026-08-06,11,25.0
chicago,2026-08-06,12,25.556
chicago,2026-08-06,13,26.111
chicago,2026-08-06,14,26.111
chicago,2026-08-06,15,27.222
chicago,2026-08-06,16,27.222
chicago,2026-08-06,17,27.222
chicago,2026-08-06,18,27.222
chicago,2026-08-06,19,27.222
chicago,2026-08-06,20,27.222
chicago,2026-08-06,21,27.222
chicago,2026-08-06,22,27.222
chicago,2026-08-06,23,27.222
chicago,2026-08-07,0,22.222
chicago,2026-08-07,1,22.222
chicago,2026-08-07,2,22.222
chicago,2026-08-07,3,22.222
chicago,2026-08-07,4,22.222
chicago,2026-08-07,5,22.222
chicago,2026-08-07,6,22.222
chicago,2026-08-07,7,22.222
chicago,2026-08-07,8,23.889
chicago,2026-08-07,9,25.556
chicago,2026-08-07,10,26.667
chicago,2026-08-07,11,27.222
chicago,2026-08-07,12,27.778
chicago,2026-08-07,13,29.444
chicago,2026-08-07,14,30.0
chicago,2026-08-07,15,30.0
chicago,2026-08-07,16,30.556
chicago,2026-08-07,17,30.556
chicago,2026-08-07,18,30.556
chicago,2026-08-07,19,30.556
chicago,2026-08-07,20,30.556
chicago,2026-08-07,21,30.556
chicago,2026-08-07,22,30.556
chicago,2026-08-07,23,30.556
chicago,2026-08-08,0,25.0
chicago,2026-08-08,1,25.0
chicago,2026-08-08,2,25.0
chicago,2026-08-08,3,25.0
chicago,2026-08-08,4,25.0
chicago,2026-08-08,5,25.0
chicago,2026-08-08,6,25.0
chicago,2026-08-08,7,25.0
chicago,2026-08-08,8,25.0
chicago,2026-08-08,9,25.0
chicago,2026-08-08,10,25.556
chicago,2026-08-08,11,26.111
chicago,2026-08-08,12,27.222
chicago,2026-08-08,13,27.778
chicago,2026-08-08,14,28.333
chicago,2026-08-08,15,28.889
chicago,2026-08-08,16,28.889
chicago,2026-08-08,17,28.889
chicago,2026-08-08,18,28.889
chicago,2026-08-08,19,28.889
chicago,2026-08-08,20,28.889
chicago,2026-08-08,21,28.889
chicago,2026-08-08,22,28.889
chicago,2026-08-08,23,28.889
chicago,2026-08-09,0,21.111
chicago,2026-08-09,1,21.111
chicago,2026-08-09,2,21.111
chicago,2026-08-09,3,21.111
chicago,2026-08-09,4,21.111
chicago,2026-08-09,5,21.111
chicago,2026-08-09,6,21.111
chicago,2026-08-09,7,22.222
chicago,2026-08-09,8,24.444
chicago,2026-08-09,9,25.556
chicago,2026-08-09,10,27.222
chicago,2026-08-09,11,28.889
chicago,2026-08-09,12,28.889
chicago,2026-08-09,13,28.889
chicago,2026-08-09,14,28.889
chicago,2026-08-09,15,28.889
chicago,2026-08-09,16,28.889
chicago,2026-08-09,17,28.889
chicago,2026-08-09,18,28.889
chicago,2026-08-09,19,28.889
chicago,2026-08-09,20,28.889
chicago,2026-08-09,21,28.889
chicago,2026-08-09,22,28.889
chicago,2026-08-09,23,28.889
chicago,2026-08-10,0,25.0
chicago,2026-08-10,1,25.0
chicago,2026-08-10,2,25.0
chicago,2026-08-10,3,25.0
chicago,2026-08-10,4,25.0
chicago,2026-08-10,5,25.0
chicago,2026-08-10,6,25.0
chicago,2026-08-10,7,25.0
chicago,2026-08-10,8,25.0
chicago,2026-08-10,9,25.0
chicago,2026-08-10,10,26.667
chicago,2026-08-10,11,27.778
chicago,2026-08-10,12,29.444
chicago,2026-08-10,13,29.444
chicago,2026-08-10,14,30.556
chicago,2026-08-10,15,30.556
chicago,2026-08-10,16,30.556
chicago,2026-08-10,17,30.556
chicago,2026-08-10,18,30.556
chicago,2026-08-10,19,30.556
chicago,2026-08-10,20,30.556
chicago,2026-08-10,21,30.556
chicago,2026-08-10,22,30.556
chicago,2026-08-10,23,30.556
chicago,2026-08-11,0,24.444
chicago,2026-08-11,1,24.444
chicago,2026-08-11,2,24.444
chicago,2026-08-11,3,24.444
chicago,2026-08-11,4,24.444
chicago,2026-08-11,5,24.444
chicago,2026-08-11,6,24.444
chicago,2026-08-11,7,24.444
chicago,2026-08-11,8,25.0
chicago,2026-08-11,9,25.0
chicago,2026-08-11,10,25.0
chicago,2026-08-11,11,25.0
chicago,2026-08-11,12,25.0
chicago,2026-08-11,13,25.0
chicago,2026-08-11,14,25.0
chicago,2026-08-11,15,26.667
chicago,2026-08-11,16,27.222
chicago,2026-08-11,17,27.222
chicago,2026-08-11,18,27.222
chicago,2026-08-11,19,27.222
chicago,2026-08-11,20,27.222
chicago,2026-08-11,21,27.222
chicago,2026-08-11,22,27.222
chicago,2026-08-11,23,27.222
chicago,2026-08-12,0,22.778
chicago,2026-08-12,1,22.778
chicago,2026-08-12,2,22.778
chicago,2026-08-12,3,22.778
chicago,2026-08-12,4,22.778
chicago,2026-08-12,5,22.778
chicago,2026-08-12,6,22.778
chicago,2026-08-12,7,23.333
chicago,2026-08-12,8,23.889
chicago,2026-08-12,9,23.889
chicago,2026-08-12,10,23.889
chicago,2026-08-12,11,23.889
chicago,2026-08-12,12,24.444
chicago,2026-08-12,13,26.667
chicago,2026-08-12,14,27.222
chicago,2026-08-12,15,27.778
chicago,2026-08-12,16,28.333
chicago,2026-08-12,17,28.333
chicago,2026-08-12,18,28.333
chicago,2026-08-12,19,28.333
chicago,2026-08-12,20,28.333
chicago,2026-08-12,21,28.333
chicago,2026-08-12,22,28.333
chicago,2026-08-12,23,28.333
chicago,2026-08-13,0,22.778
chicago,2026-08-13,1,22.778
chicago,2026-08-13,2,22.778
chicago,2026-08-13,3,22.778
chicago,2026-08-13,4,22.778
chicago,2026-08-13,5,22.778
chicago,2026-08-13,6,22.778
chicago,2026-08-13,7,22.778
chicago,2026-08-13,8,23.889
chicago,2026-08-13,9,25.0
chicago,2026-08-13,10,25.556
chicago,2026-08-13,11,25.556
chicago,2026-08-13,12,25.556
chicago,2026-08-13,13,25.556
chicago,2026-08-13,14,25.556
chicago,2026-08-13,15,25.556
chicago,2026-08-13,16,25.556
chicago,2026-08-13,17,25.556
chicago,2026-08-13,18,25.556
chicago,2026-08-13,19,25.556
chicago,2026-08-13,20,25.556
chicago,2026-08-13,21,25.556
chicago,2026-08-13,22,25.556
chicago,2026-08-13,23,25.556
chicago,2026-08-14,0,21.667
chicago,2026-08-14,1,21.667
chicago,2026-08-14,2,21.667
chicago,2026-08-14,3,21.667
chicago,2026-08-14,4,21.667
chicago,2026-08-14,5,22.222
chicago,2026-08-14,6,22.222
chicago,2026-08-14,7,23.333
chicago,2026-08-14,8,23.889
chicago,2026-08-14,9,24.444
chicago,2026-08-14,10,24.444
chicago,2026-08-14,11,25.0
chicago,2026-08-14,12,25.556
chicago,2026-08-14,13,27.222
chicago,2026-08-14,14,27.222
chicago,2026-08-14,15,27.222
chicago,2026-08-14,16,27.222
chicago,2026-08-14,17,27.222
chicago,2026-08-14,18,27.222
chicago,2026-08-14,19,27.222
chicago,2026-08-14,20,27.222
chicago,2026-08-14,21,27.222
chicago,2026-08-14,22,27.222
chicago,2026-08-14,23,27.222
chicago,2026-08-15,0,22.778
chicago,2026-08-15,1,22.778
chicago,2026-08-15,2,22.778
chicago,2026-08-15,3,22.778
chicago,2026-08-15,4,22.778
chicago,2026-08-15,5,23.333
chicago,2026-08-15,6,23.333
chicago,2026-08-15,7,23.333
chicago,2026-08-15,8,23.889
chicago,2026-08-15,9,23.889
chicago,2026-08-15,10,23.889
chicago,2026-08-15,11,23.889
chicago,2026-08-15,12,23.889
chicago,2026-08-15,13,25.0
chicago,2026-08-15,14,26.111
chicago,2026-08-15,15,26.111
chicago,2026-08-15,16,26.111
chicago,2026-08-15,17,26.111
chicago,2026-08-15,18,26.111
chicago,2026-08-15,19,26.111
chicago,2026-08-15,20,26.111
chicago,2026-08-15,21,26.111
chicago,2026-08-15,22,26.111
chicago,2026-08-15,23,26.111
chicago,2026-08-16,0,25.0
chicago,2026-08-16,1,25.0
chicago,2026-08-16,2,25.0
chicago,2026-08-16,3,25.0
chicago,2026-08-16,4,25.0
chicago,2026-08-16,5,25.0
chicago,2026-08-16,6,25.0
chicago,2026-08-16,7,25.0
chicago,2026-08-16,8,25.0
chicago,2026-08-16,9,25.556
chicago,2026-08-16,10,26.667
chicago,2026-08-16,11,27.778
chicago,2026-08-16,12,28.333
chicago,2026-08-16,13,29.444
chicago,2026-08-16,14,29.444
chicago,2026-08-16,15,29.444
chicago,2026-08-16,16,29.444
chicago,2026-08-16,17,29.444
chicago,2026-08-16,18,29.444
chicago,2026-08-16,19,29.444
chicago,2026-08-16,20,29.444
chicago,2026-08-16,21,29.444
chicago,2026-08-16,22,29.444
chicago,2026-08-16,23,29.444
chicago,2026-08-17,0,21.111
chicago,2026-08-17,1,21.111
chicago,2026-08-17,2,21.111
chicago,2026-08-17,3,21.111
chicago,2026-08-17,4,21.111
chicago,2026-08-17,5,21.111
chicago,2026-08-17,6,21.111
chicago,2026-08-17,7,21.111
chicago,2026-08-17,8,22.778
chicago,2026-08-17,9,23.889
chicago,2026-08-17,10,23.889
chicago,2026-08-17,11,23.889
chicago,2026-08-17,12,23.889
chicago,2026-08-17,13,25.0
chicago,2026-08-17,14,25.0
chicago,2026-08-17,15,25.556
chicago,2026-08-17,16,25.556
chicago,2026-08-17,17,26.111
chicago,2026-08-17,18,26.111
chicago,2026-08-17,19,26.111
chicago,2026-08-17,20,26.111
chicago,2026-08-17,21,26.111
chicago,2026-08-17,22,26.111
chicago,2026-08-17,23,26.111
chicago,2026-08-18,0,20.0
chicago,2026-08-18,1,20.556
chicago,2026-08-18,2,20.556
chicago,2026-08-18,3,20.556
chicago,2026-08-18,4,20.556
chicago,2026-08-18,5,20.556
chicago,2026-08-18,6,20.556
chicago,2026-08-18,7,21.111
chicago,2026-08-18,8,21.667
chicago,2026-08-18,9,22.778
chicago,2026-08-18,10,25.0
chicago,2026-08-18,11,26.111
chicago,2026-08-18,12,26.111
chicago,2026-08-18,13,26.111
chicago,2026-08-18,14,26.111
chicago,2026-08-18,15,26.111
chicago,2026-08-18,16,26.111
chicago,2026-08-18,17,26.111
chicago,2026-08-18,18,26.111
chicago,2026-08-18,19,26.111
chicago,2026-08-18,20,26.111
chicago,2026-08-18,21,26.111
chicago,2026-08-18,22,26.111
chicago,2026-08-18,23,26.111
chicago,2026-08-19,0,19.444
chicago,2026-08-19,1,19.444
chicago,2026-08-19,2,19.444
chicago,2026-08-19,3,19.444
chicago,2026-08-19,4,19.444
chicago,2026-08-19,5,19.444
chicago,2026-08-19,6,19.444
chicago,2026-08-19,7,20.556
chicago,2026-08-19,8,21.111
chicago,2026-08-19,9,22.222
chicago,2026-08-19,10,23.889
chicago,2026-08-19,11,25.0
chicago,2026-08-19,12,26.111
chicago,2026-08-19,13,26.111
chicago,2026-08-19,14,26.111
chicago,2026-08-19,15,26.111
chicago,2026-08-19,16,26.111
chicago,2026-08-19,17,26.111
chicago,2026-08-19,18,26.111
chicago,2026-08-19,19,26.111
chicago,2026-08-19,20,26.111
chicago,2026-08-19,21,26.111
chicago,2026-08-19,22,26.111
chicago,2026-08-19,23,26.111
chicago,2026-08-20,0,21.111
chicago,2026-08-20,1,21.111
chicago,2026-08-20,2,21.111
chicago,2026-08-20,3,21.111
chicago,2026-08-20,4,21.111
chicago,2026-08-20,5,21.111
chicago,2026-08-20,6,21.111
chicago,2026-08-20,7,21.111
chicago,2026-08-20,8,21.667
chicago,2026-08-20,9,22.778
chicago,2026-08-20,10,23.889
chicago,2026-08-20,11,25.0
chicago,2026-08-20,12,25.0
chicago,2026-08-20,13,25.0
chicago,2026-08-20,14,25.0
chicago,2026-08-20,15,25.0
chicago,2026-08-20,16,25.0
chicago,2026-08-20,17,25.0
chicago,2026-08-20,18,25.0
chicago,2026-08-20,19,25.0
chicago,2026-08-20,20,25.0
chicago,2026-08-20,21,25.0
chicago,2026-08-20,22,25.0
chicago,2026-08-20,23,25.0
chicago,2026-08-21,0,18.889
chicago,2026-08-21,1,18.889
chicago,2026-08-21,2,18.889
chicago,2026-08-21,3,18.889
chicago,2026-08-21,4,18.889
chicago,2026-08-21,5,18.889
chicago,2026-08-21,6,18.889
chicago,2026-08-21,7,19.444
chicago,2026-08-21,8,21.111
chicago,2026-08-21,9,22.222
chicago,2026-08-21,10,23.889
chicago,2026-08-21,11,23.889
chicago,2026-08-21,12,23.889
chicago,2026-08-21,13,25.0
chicago,2026-08-21,14,26.111
chicago,2026-08-21,15,26.111
chicago,2026-08-21,16,26.667
chicago,2026-08-21,17,26.667
chicago,2026-08-21,18,26.667
chicago,2026-08-21,19,26.667
chicago,2026-08-21,20,26.667
chicago,2026-08-21,21,26.667
chicago,2026-08-21,22,26.667
chicago,2026-08-21,23,26.667
chicago,2026-08-22,0,21.111
chicago,2026-08-22,1,21.111
chicago,2026-08-22,2,21.111
chicago,2026-08-22,3,21.111
chicago,2026-08-22,4,21.111
chicago,2026-08-22,5,21.111
chicago,2026-08-22,6,21.111
chicago,2026-08-22,7,21.111
chicago,2026-08-22,8,21.111
chicago,2026-08-22,9,23.333
chicago,2026-08-22,10,24.444
chicago,2026-08-22,11,25.556
chicago,2026-08-22,12,26.667
chicago,2026-08-22,13,27.222
chicago,2026-08-22,14,27.222
chicago,2026-08-22,15,27.222
chicago,2026-08-22,16,27.222
chicago,2026-08-22,17,27.222
chicago,2026-08-22,18,27.222
chicago,2026-08-22,19,27.222
chicago,2026-08-22,20,27.222
chicago,2026-08-22,21,27.222
chicago,2026-08-22,22,27.222
chicago,2026-08-22,23,27.222
chicago,2026-08-23,0,19.444
chicago,2026-08-23,1,19.444
chicago,2026-08-23,2,19.444
chicago,2026-08-23,3,19.444
chicago,2026-08-23,4,19.444
chicago,2026-08-23,5,19.444
chicago,2026-08-23,6,19.444
chicago,2026-08-23,7,19.444
chicago,2026-08-23,8,20.556
chicago,2026-08-23,9,21.667
chicago,2026-08-23,10,22.222
chicago,2026-08-23,11,22.778
chicago,2026-08-23,12,23.333
chicago,2026-08-23,13,23.889
chicago,2026-08-23,14,24.444
chicago,2026-08-23,15,24.444
chicago,2026-08-23,16,24.444
chicago,2026-08-23,17,24.444
chicago,2026-08-23,18,24.444
chicago,2026-08-23,19,24.444
chicago,2026-08-23,20,24.444
chicago,2026-08-23,21,24.444
chicago,2026-08-23,22,24.444
chicago,2026-08-23,23,24.444
chicago,2026-08-24,0,17.222
chicago,2026-08-24,1,17.222
chicago,2026-08-24,2,17.222
chicago,2026-08-24,3,17.222
chicago,2026-08-24,4,17.222
chicago,2026-08-24,5,17.222
chicago,2026-08-24,6,17.222
chicago,2026-08-24,7,17.778
chicago,2026-08-24,8,20.556
chicago,2026-08-24,9,22.222
chicago,2026-08-24,10,23.333
chicago,2026-08-24,11,24.444
chicago,2026-08-24,12,25.0
chicago,2026-08-24,13,25.556
chicago,2026-08-24,14,25.556
chicago,2026-08-24,15,25.556
chicago,2026-08-24,16,25.556
chicago,2026-08-24,17,25.556
chicago,2026-08-24,18,25.556
chicago,2026-08-24,19,25.556
chicago,2026-08-24,20,25.556
chicago,2026-08-24,21,25.556
chicago,2026-08-24,22,25.556
chicago,2026-08-24,23,25.556
chicago,2026-08-25,0,17.778
chicago,2026-08-25,1,17.778
chicago,2026-08-25,2,17.778
chicago,2026-08-25,3,17.778
chicago,2026-08-25,4,17.778
chicago,2026-08-25,5,17.778
chicago,2026-08-25,6,17.778
chicago,2026-08-25,7,18.333
chicago,2026-08-25,8,20.556
chicago,2026-08-25,9,22.778
chicago,2026-08-25,10,23.333
chicago,2026-08-25,11,24.444
chicago,2026-08-25,12,25.556
chicago,2026-08-25,13,25.556
chicago,2026-08-25,14,26.111
chicago,2026-08-25,15,26.667
chicago,2026-08-25,16,26.667
chicago,2026-08-25,17,26.667
chicago,2026-08-25,18,26.667
chicago,2026-08-25,19,26.667
chicago,2026-08-25,20,26.667
chicago,2026-08-25,21,26.667
chicago,2026-08-25,22,26.667
chicago,2026-08-25,23,26.667
chicago,2026-08-26,0,21.667
chicago,2026-08-26,1,21.667
chicago,2026-08-26,2,21.667
chicago,2026-08-26,3,21.667
chicago,2026-08-26,4,21.667
chicago,2026-08-26,5,21.667
chicago,2026-08-26,6,21.667
chicago,2026-08-26,7,22.222
chicago,2026-08-26,8,22.778
chicago,2026-08-26,9,23.889
chicago,2026-08-26,10,25.0
chicago,2026-08-26,11,27.222
chicago,2026-08-26,12,27.778
chicago,2026-08-26,13,27.778
chicago,2026-08-26,14,28.889
chicago,2026-08-26,15,28.889
chicago,2026-08-26,16,28.889
chicago,2026-08-26,17,28.889
chicago,2026-08-26,18,28.889
chicago,2026-08-26,19,28.889
chicago,2026-08-26,20,28.889
chicago,2026-08-26,21,28.889
chicago,2026-08-26,22,28.889
chicago,2026-08-26,23,28.889
chicago,2026-08-27,0,21.667
chicago,2026-08-27,1,21.667
chicago,2026-08-27,2,21.667
chicago,2026-08-27,3,21.667
chicago,2026-08-27,4,21.667
chicago,2026-08-27,5,21.667
chicago,2026-08-27,6,21.667
chicago,2026-08-27,7,21.667
chicago,2026-08-27,8,22.778
chicago,2026-08-27,9,23.889
chicago,2026-08-27,10,25.556
chicago,2026-08-27,11,26.111
chicago,2026-08-27,12,26.667
chicago,2026-08-27,13,26.667
chicago,2026-08-27,14,27.778
chicago,2026-08-27,15,27.778
chicago,2026-08-27,16,27.778
chicago,2026-08-27,17,27.778
chicago,2026-08-27,18,27.778
chicago,2026-08-27,19,27.778
chicago,2026-08-27,20,27.778
chicago,2026-08-27,21,27.778
chicago,2026-08-27,22,27.778
chicago,2026-08-27,23,27.778
chicago,2026-08-28,0,21.667
chicago,2026-08-28,1,21.667
chicago,2026-08-28,2,21.667
chicago,2026-08-28,3,21.667
chicago,2026-08-28,4,21.667
chicago,2026-08-28,5,21.667
chicago,2026-08-28,6,21.667
chicago,2026-08-28,7,21.667
chicago,2026-08-28,8,22.222
chicago,2026-08-28,9,23.889
chicago,2026-08-28,10,25.0
chicago,2026-08-28,11,25.556
chicago,2026-08-28,12,27.222
chicago,2026-08-28,13,28.333
chicago,2026-08-28,14,28.333
chicago,2026-08-28,15,28.333
chicago,2026-08-28,16,28.333
chicago,2026-08-28,17,28.333
chicago,2026-08-28,18,28.333
chicago,2026-08-28,19,28.333
chicago,2026-08-28,20,28.333
chicago,2026-08-28,21,28.333
chicago,2026-08-28,22,28.333
chicago,2026-08-28,23,28.333
chicago,2026-08-29,0,20.556
chicago,2026-08-29,1,20.556
chicago,2026-08-29,2,20.556
chicago,2026-08-29,3,20.556
chicago,2026-08-29,4,20.556
chicago,2026-08-29,5,20.556
chicago,2026-08-29,6,20.556
chicago,2026-08-29,7,20.556
chicago,2026-08-29,8,21.667
chicago,2026-08-29,9,23.333
chicago,2026-08-29,10,24.444
chicago,2026-08-29,11,25.556
chicago,2026-08-29,12,25.556
chicago,2026-08-29,13,26.667
chicago,2026-08-29,14,26.667
chicago,2026-08-29,15,26.667
chicago,2026-08-29,16,26.667
chicago,2026-08-29,17,26.667
chicago,2026-08-29,18,26.667
chicago,2026-08-29,19,26.667
chicago,2026-08-29,20,26.667
chicago,2026-08-29,21,26.667
chicago,2026-08-29,22,26.667
chicago,2026-08-29,23,26.667
chicago,2026-08-30,0,23.889
chicago,2026-08-30,1,23.889
chicago,2026-08-30,2,23.889
chicago,2026-08-30,3,23.889
chicago,2026-08-30,4,23.889
chicago,2026-08-30,5,23.889
chicago,2026-08-30,6,23.889
chicago,2026-08-30,7,23.889
chicago,2026-08-30,8,23.889
chicago,2026-08-30,9,23.889
chicago,2026-08-30,10,25.556
chicago,2026-08-30,11,27.222
chicago,2026-08-30,12,27.778
chicago,2026-08-30,13,27.778
chicago,2026-08-30,14,27.778
chicago,2026-08-30,15,27.778
chicago,2026-08-30,16,27.778
chicago,2026-08-30,17,27.778
chicago,2026-08-30,18,27.778
chicago,2026-08-30,19,27.778
chicago,2026-08-30,20,27.778
chicago,2026-08-30,21,27.778
chicago,2026-08-30,22,27.778
chicago,2026-08-30,23,27.778
chicago,2026-08-31,0,23.889
chicago,2026-08-31,1,24.444
chicago,2026-08-31,2,24.444
chicago,2026-08-31,3,24.444
chicago,2026-08-31,4,24.444
chicago,2026-08-31,5,24.444
chicago,2026-08-31,6,24.444
chicago,2026-08-31,7,24.444
chicago,2026-08-31,8,24.444
chicago,2026-08-31,9,24.444
chicago,2026-08-31,10,24.444
chicago,2026-08-31,11,25.0
chicago,2026-08-31,12,28.889
chicago,2026-08-31,13,30.0
chicago,2026-08-31,14,30.0
chicago,2026-08-31,15,30.0
chicago,2026-08-31,16,30.0
chicago,2026-08-31,17,30.0
chicago,2026-08-31,18,30.0
chicago,2026-08-31,19,30.0
chicago,2026-08-31,20,30.0
chicago,2026-08-31,21,30.0
chicago,2026-08-31,22,30.0
chicago,2026-08-31,23,30.0
chicago,2026-09-01,0,26.111
chicago,2026-09-01,1,26.111
chicago,2026-09-01,2,26.111
chicago,2026-09-01,3,26.111
chicago,2026-09-01,4,26.111
chicago,2026-09-01,5,26.111
chicago,2026-09-01,6,26.111
chicago,2026-09-01,7,26.111
chicago,2026-09-01,8,26.667
chicago,2026-09-01,9,28.333
chicago,2026-09-01,10,30.556
chicago,2026-09-01,11,32.222
chicago,2026-09-01,12,32.778
chicago,2026-09-01,13,33.889
chicago,2026-09-01,14,33.889
chicago,2026-09-01,15,34.444
chicago,2026-09-01,16,34.444
chicago,2026-09-01,17,34.444
chicago,2026-09-01,18,34.444
chicago,2026-09-01,19,34.444
chicago,2026-09-01,20,34.444
chicago,2026-09-01,21,34.444
chicago,2026-09-01,22,34.444
chicago,2026-09-01,23,34.444
chicago,2026-09-02,0,27.222
chicago,2026-09-02,1,27.222
chicago,2026-09-02,2,27.222
chicago,2026-09-02,3,27.222
chicago,2026-09-02,4,27.222
chicago,2026-09-02,5,27.222
chicago,2026-09-02,6,27.222
chicago,2026-09-02,7,27.222
chicago,2026-09-02,8,28.333
chicago,2026-09-02,9,29.444
chicago,2026-09-02,10,31.111
chicago,2026-09-02,11,32.222
chicago,2026-09-02,12,34.444
chicago,2026-09-02,13,35.0
chicago,2026-09-02,14,35.0
chicago,2026-09-02,15,35.0
chicago,2026-09-02,16,35.0
chicago,2026-09-02,17,35.0
chicago,2026-09-02,18,35.0
chicago,2026-09-02,19,35.0
chicago,2026-09-02,20,35.0
chicago,2026-09-02,21,35.0
chicago,2026-09-02,22,35.0
chicago,2026-09-02,23,35.0
chicago,2026-09-03,0,28.333
chicago,2026-09-03,1,28.333
chicago,2026-09-03,2,28.333
chicago,2026-09-03,3,28.333
chicago,2026-09-03,4,28.333
chicago,2026-09-03,5,28.333
chicago,2026-09-03,6,28.333
chicago,2026-09-03,7,28.333
chicago,2026-09-03,8,29.444
chicago,2026-09-03,9,30.556
chicago,2026-09-03,10,30.556
chicago,2026-09-03,11,30.556
chicago,2026-09-03,12,30.556
chicago,2026-09-03,13,30.556
chicago,2026-09-03,14,30.556
chicago,2026-09-03,15,32.222
chicago,2026-09-03,16,32.222
chicago,2026-09-03,17,32.222
chicago,2026-09-03,18,32.222
chicago,2026-09-03,19,32.222
chicago,2026-09-03,20,32.222
chicago,2026-09-03,21,32.222
chicago,2026-09-03,22,32.222
chicago,2026-09-03,23,32.222
chicago,2026-09-04,0,25.556
chicago,2026-09-04,1,26.111
chicago,2026-09-04,2,26.667
chicago,2026-09-04,3,26.667
chicago,2026-09-04,4,26.667
chicago,2026-09-04,5,26.667
chicago,2026-09-04,6,26.667
chicago,2026-09-04,7,26.667
chicago,2026-09-04,8,26.667
chicago,2026-09-04,9,27.222
chicago,2026-09-04,10,27.222
chicago,2026-09-04,11,27.778
chicago,2026-09-04,12,28.889
chicago,2026-09-04,13,31.111
chicago,2026-09-04,14,32.778
chicago,2026-09-04,15,33.333
chicago,2026-09-04,16,33.889
chicago,2026-09-04,17,33.889
chicago,2026-09-04,18,33.889
chicago,2026-09-04,19,33.889
chicago,2026-09-04,20,33.889
chicago,2026-09-04,21,33.889
chicago,2026-09-04,22,33.889
chicago,2026-09-04,23,33.889
chicago,2026-09-05,0,26.111
chicago,2026-09-05,1,26.111
chicago,2026-09-05,2,26.111
chicago,2026-09-05,3,26.111
chicago,2026-09-05,4,26.111
chicago,2026-09-05,5,26.111
chicago,2026-09-05,6,26.111
chicago,2026-09-05,7,26.111
chicago,2026-09-05,8,26.111
chicago,2026-09-05,9,26.111
chicago,2026-09-05,10,26.111
chicago,2026-09-05,11,26.111
chicago,2026-09-05,12,26.111
chicago,2026-09-05,13,26.111
chicago,2026-09-05,14,26.111
chicago,2026-09-05,15,26.667
chicago,2026-09-05,16,26.667
chicago,2026-09-05,17,26.667
chicago,2026-09-05,18,26.667
chicago,2026-09-05,19,26.667
chicago,2026-09-05,20,26.667
chicago,2026-09-05,21,26.667
chicago,2026-09-05,22,26.667
chicago,2026-09-05,23,26.667
chicago,2026-09-06,0,22.222
chicago,2026-09-06,1,22.222
chicago,2026-09-06,2,22.222
chicago,2026-09-06,3,22.222
chicago,2026-09-06,4,22.222
chicago,2026-09-06,5,22.222
chicago,2026-09-06,6,22.222
chicago,2026-09-06,7,22.222
chicago,2026-09-06,8,22.222
chicago,2026-09-06,9,23.889
chicago,2026-09-06,10,25.0
chicago,2026-09-06,11,25.556
chicago,2026-09-06,12,25.556
chicago,2026-09-06,13,25.556
chicago,2026-09-06,14,25.556
chicago,2026-09-06,15,25.556
chicago,2026-09-06,16,25.556
chicago,2026-09-06,17,25.556
chicago,2026-09-06,18,25.556
chicago,2026-09-06,19,25.556
chicago,2026-09-06,20,25.556
chicago,2026-09-06,21,25.556
chicago,2026-09-06,22,25.556
chicago,2026-09-06,23,25.556
chicago,2026-09-07,0,20.0
chicago,2026-09-07,1,20.0
chicago,2026-09-07,2,20.556
chicago,2026-09-07,3,20.556
chicago,2026-09-07,4,20.556
chicago,2026-09-07,5,20.556
chicago,2026-09-07,6,20.556
chicago,2026-09-07,7,20.556
chicago,2026-09-07,8,22.222
chicago,2026-09-07,9,23.889
chicago,2026-09-07,10,25.0
chicago,2026-09-07,11,26.111
chicago,2026-09-07,12,26.111
chicago,2026-09-07,13,26.667
chicago,2026-09-07,14,26.667
chicago,2026-09-07,15,26.667
chicago,2026-09-07,16,26.667
chicago,2026-09-07,17,26.667
chicago,2026-09-07,18,26.667
chicago,2026-09-07,19,26.667
chicago,2026-09-07,20,26.667
chicago,2026-09-07,21,26.667
chicago,2026-09-07,22,26.667
chicago,2026-09-07,23,26.667
chicago,2026-09-08,0,20.0
chicago,2026-09-08,1,20.0
chicago,2026-09-08,2,20.0
chicago,2026-09-08,3,20.0
chicago,2026-09-08,4,20.0
chicago,2026-09-08,5,20.0
chicago,2026-09-08,6,20.0
chicago,2026-09-08,7,20.0
chicago,2026-09-08,8,20.0
chicago,2026-09-08,9,22.222
chicago,2026-09-08,10,24.444
chicago,2026-09-08,11,26.111
chicago,2026-09-08,12,27.222
chicago,2026-09-08,13,27.222
chicago,2026-09-08,14,28.333
chicago,2026-09-08,15,29.444
chicago,2026-09-08,16,29.444
chicago,2026-09-08,17,29.444
chicago,2026-09-08,18,29.444
chicago,2026-09-08,19,29.444
chicago,2026-09-08,20,29.444
chicago,2026-09-08,21,29.444
chicago,2026-09-08,22,29.444
chicago,2026-09-08,23,29.444
chicago,2026-09-09,0,25.556
chicago,2026-09-09,1,25.556
chicago,2026-09-09,2,25.556
chicago,2026-09-09,3,25.556
chicago,2026-09-09,4,25.556
chicago,2026-09-09,5,25.556
chicago,2026-09-09,6,25.556
chicago,2026-09-09,7,25.556
chicago,2026-09-09,8,25.556
chicago,2026-09-09,9,25.556
chicago,2026-09-09,10,25.556
chicago,2026-09-09,11,25.556
chicago,2026-09-09,12,25.556
chicago,2026-09-09,13,25.556
chicago,2026-09-09,14,26.111
chicago,2026-09-09,15,26.111
chicago,2026-09-09,16,26.111
chicago,2026-09-09,17,26.111
chicago,2026-09-09,18,26.111
chicago,2026-09-09,19,26.111
chicago,2026-09-09,20,26.111
chicago,2026-09-09,21,26.111
chicago,2026-09-09,22,26.111
chicago,2026-09-09,23,26.111
chicago,2026-09-10,0,21.667
chicago,2026-09-10,1,21.667
chicago,2026-09-10,2,21.667
chicago,2026-09-10,3,21.667
chicago,2026-09-10,4,21.667
chicago,2026-09-10,5,21.667
chicago,2026-09-10,6,21.667
chicago,2026-09-10,7,21.667
chicago,2026-09-10,8,21.667
chicago,2026-09-10,9,22.222
chicago,2026-09-10,10,23.333
chicago,2026-09-10,11,23.889
chicago,2026-09-10,12,23.889
chicago,2026-09-10,13,23.889
chicago,2026-09-10,14,23.889
chicago,2026-09-10,15,25.0
chicago,2026-09-10,16,25.0
chicago,2026-09-10,17,25.0
chicago,2026-09-10,18,25.0
chicago,2026-09-10,19,25.0
chicago,2026-09-10,20,25.0
chicago,2026-09-10,21,25.0
chicago,2026-09-10,22,25.0
chicago,2026-09-10,23,25.0
chicago,2026-09-11,0,17.778
chicago,2026-09-11,1,17.778
chicago,2026-09-11,2,17.778
chicago,2026-09-11,3,17.778
chicago,2026-09-11,4,17.778
chicago,2026-09-11,5,17.778
chicago,2026-09-11,6,17.778
chicago,2026-09-11,7,18.333
chicago,2026-09-11,8,20.556
chicago,2026-09-11,9,23.333
chicago,2026-09-11,10,24.444
chicago,2026-09-11,11,26.111
chicago,2026-09-11,12,26.667
chicago,2026-09-11,13,27.222
chicago,2026-09-11,14,27.778
chicago,2026-09-11,15,27.778
chicago,2026-09-11,16,27.778
chicago,2026-09-11,17,27.778
chicago,2026-09-11,18,27.778
chicago,2026-09-11,19,27.778
chicago,2026-09-11,20,27.778
chicago,2026-09-11,21,27.778
chicago,2026-09-11,22,27.778
chicago,2026-09-11,23,27.778
chicago,2026-09-12,0,21.111
chicago,2026-09-12,1,21.111
chicago,2026-09-12,2,21.111
chicago,2026-09-12,3,21.111
chicago,2026-09-12,4,21.111
chicago,2026-09-12,5,21.111
chicago,2026-09-12,6,21.111
chicago,2026-09-12,7,21.111
chicago,2026-09-12,8,23.333
chicago,2026-09-12,9,26.111
chicago,2026-09-12,10,27.222
chicago,2026-09-12,11,28.889
chicago,2026-09-12,12,30.0
chicago,2026-09-12,13,30.556
chicago,2026-09-12,14,30.556
chicago,2026-09-12,15,30.556
chicago,2026-09-12,16,30.556
chicago,2026-09-12,17,30.556
chicago,2026-09-12,18,30.556
chicago,2026-09-12,19,30.556
chicago,2026-09-12,20,30.556
chicago,2026-09-12,21,30.556
chicago,2026-09-12,22,30.556
chicago,2026-09-12,23,30.556
chicago,2026-09-13,0,21.667
chicago,2026-09-13,1,21.667
chicago,2026-09-13,2,21.667
chicago,2026-09-13,3,21.667
chicago,2026-09-13,4,21.667
chicago,2026-09-13,5,21.667
chicago,2026-09-13,6,21.667
chicago,2026-09-13,7,21.667
chicago,2026-09-13,8,21.667
chicago,2026-09-13,9,21.667
chicago,2026-09-13,10,21.667
chicago,2026-09-13,11,23.333
chicago,2026-09-13,12,23.333
chicago,2026-09-13,13,23.333
chicago,2026-09-13,14,23.333
chicago,2026-09-13,15,23.333
chicago,2026-09-13,16,23.333
chicago,2026-09-13,17,23.333
chicago,2026-09-13,18,23.333
chicago,2026-09-13,19,23.333
chicago,2026-09-13,20,23.333
chicago,2026-09-13,21,23.333
chicago,2026-09-13,22,23.333
chicago,2026-09-13,23,23.333
chicago,2026-09-14,0,12.778
chicago,2026-09-14,1,12.778
chicago,2026-09-14,2,12.778
chicago,2026-09-14,3,12.778
chicago,2026-09-14,4,12.778
chicago,2026-09-14,5,12.778
chicago,2026-09-14,6,12.778
chicago,2026-09-14,7,15.0
chicago,2026-09-14,8,17.222
chicago,2026-09-14,9,19.444
chicago,2026-09-14,10,20.556
chicago,2026-09-14,11,20.556
chicago,2026-09-14,12,21.111
chicago,2026-09-14,13,21.111
chicago,2026-09-14,14,21.111
chicago,2026-09-14,15,21.111
chicago,2026-09-14,16,21.111
chicago,2026-09-14,17,21.111
chicago,2026-09-14,18,21.111
chicago,2026-09-14,19,21.111
chicago,2026-09-14,20,21.111
chicago,2026-09-14,21,21.111
chicago,2026-09-14,22,21.111
chicago,2026-09-14,23,21.111
chicago,2026-09-15,0,20.556
chicago,2026-09-15,1,21.111
chicago,2026-09-15,2,21.111
chicago,2026-09-15,3,21.111
chicago,2026-09-15,4,21.111
chicago,2026-09-15,5,21.111
chicago,2026-09-15,6,21.111
chicago,2026-09-15,7,21.111
chicago,2026-09-15,8,21.111
chicago,2026-09-15,9,21.111
chicago,2026-09-15,10,21.111
chicago,2026-09-15,11,23.333
chicago,2026-09-15,12,25.556
chicago,2026-09-15,13,27.222
chicago,2026-09-15,14,28.889
chicago,2026-09-15,15,28.889
chicago,2026-09-15,16,28.889
chicago,2026-09-15,17,28.889
chicago,2026-09-15,18,28.889
chicago,2026-09-15,19,28.889
chicago,2026-09-15,20,28.889
chicago,2026-09-15,21,28.889
chicago,2026-09-15,22,28.889
chicago,2026-09-15,23,28.889
chicago,2026-09-16,0,21.667
chicago,2026-09-16,1,21.667
chicago,2026-09-16,2,21.667
chicago,2026-09-16,3,21.667
chicago,2026-09-16,4,21.667
chicago,2026-09-16,5,21.667
chicago,2026-09-16,6,21.667
chicago,2026-09-16,7,21.667
chicago,2026-09-16,8,21.667
chicago,2026-09-16,9,21.667
chicago,2026-09-16,10,22.778
chicago,2026-09-16,11,23.889
chicago,2026-09-16,12,24.444
chicago,2026-09-16,13,24.444
chicago,2026-09-16,14,24.444
chicago,2026-09-16,15,24.444
chicago,2026-09-16,16,24.444
chicago,2026-09-16,17,24.444
chicago,2026-09-16,18,24.444
chicago,2026-09-16,19,24.444
chicago,2026-09-16,20,24.444
chicago,2026-09-16,21,24.444
chicago,2026-09-16,22,24.444
chicago,2026-09-16,23,24.444
chicago,2026-09-17,0,18.889
chicago,2026-09-17,1,18.889
chicago,2026-09-17,2,18.889
chicago,2026-09-17,3,19.444
chicago,2026-09-17,4,19.444
chicago,2026-09-17,5,19.444
chicago,2026-09-17,6,19.444
chicago,2026-09-17,7,19.444
chicago,2026-09-17,8,20.0
chicago,2026-09-17,9,21.111
chicago,2026-09-17,10,22.222
chicago,2026-09-17,11,23.333
chicago,2026-09-17,12,25.0
chicago,2026-09-17,13,25.556
chicago,2026-09-17,14,26.111
chicago,2026-09-17,15,26.111
chicago,2026-09-17,16,26.111
chicago,2026-09-17,17,26.111
chicago,2026-09-17,18,26.111
chicago,2026-09-17,19,26.111
chicago,2026-09-17,20,26.111
chicago,2026-09-17,21,26.111
chicago,2026-09-17,22,26.111
chicago,2026-09-17,23,26.111
chicago,2026-09-18,0,20.0
chicago,2026-09-18,1,20.0
chicago,2026-09-18,2,20.0
chicago,2026-09-18,3,20.0
chicago,2026-09-18,4,20.0
chicago,2026-09-18,5,20.0
chicago,2026-09-18,6,20.0
chicago,2026-09-18,7,20.0
chicago,2026-09-18,8,20.556
chicago,2026-09-18,9,20.556
chicago,2026-09-18,10,21.667
chicago,2026-09-18,11,21.667
chicago,2026-09-18,12,21.667
chicago,2026-09-18,13,21.667
chicago,2026-09-18,14,21.667
chicago,2026-09-18,15,21.667
chicago,2026-09-18,16,21.667
chicago,2026-09-18,17,21.667
chicago,2026-09-18,18,21.667
chicago,2026-09-18,19,21.667
chicago,2026-09-18,20,21.667
chicago,2026-09-18,21,21.667
chicago,2026-09-18,22,21.667
chicago,2026-09-18,23,21.667
chicago,2026-09-19,0,21.111
chicago,2026-09-19,1,21.111
chicago,2026-09-19,2,21.111
chicago,2026-09-19,3,21.111
chicago,2026-09-19,4,21.111
chicago,2026-09-19,5,21.111
chicago,2026-09-19,6,21.111
chicago,2026-09-19,7,21.111
chicago,2026-09-19,8,21.111
chicago,2026-09-19,9,21.111
chicago,2026-09-19,10,21.111
chicago,2026-09-19,11,21.111
chicago,2026-09-19,12,21.111
chicago,2026-09-19,13,21.111
chicago,2026-09-19,14,21.111
chicago,2026-09-19,15,21.111
chicago,2026-09-19,16,21.111
chicago,2026-09-19,17,21.111
chicago,2026-09-19,18,21.111
chicago,2026-09-19,19,21.111
chicago,2026-09-19,20,21.111
chicago,2026-09-19,21,21.111
chicago,2026-09-19,22,21.111
chicago,2026-09-19,23,21.111
chicago,2026-09-20,0,20.556
chicago,2026-09-20,1,21.111
chicago,2026-09-20,2,21.111
chicago,2026-09-20,3,21.111
chicago,2026-09-20,4,21.111
chicago,2026-09-20,5,21.111
chicago,2026-09-20,6,21.111
chicago,2026-09-20,7,21.111
chicago,2026-09-20,8,21.111
chicago,2026-09-20,9,21.111
chicago,2026-09-20,10,21.111
chicago,2026-09-20,11,21.111
chicago,2026-09-20,12,21.111
chicago,2026-09-20,13,21.111
chicago,2026-09-20,14,21.111
chicago,2026-09-20,15,21.111
chicago,2026-09-20,16,21.111
chicago,2026-09-20,17,21.111
chicago,2026-09-20,18,21.111
chicago,2026-09-20,19,21.111
chicago,2026-09-20,20,21.111
chicago,2026-09-20,21,21.111
chicago,2026-09-20,22,21.111
chicago,2026-09-20,23,21.111
chicago,2026-09-21,0,17.222
chicago,2026-09-21,1,17.222
chicago,2026-09-21,2,17.222
chicago,2026-09-21,3,17.222
chicago,2026-09-21,4,17.222
chicago,2026-09-21,5,17.222
chicago,2026-09-21,6,17.222
chicago,2026-09-21,7,17.222
chicago,2026-09-21,8,17.222
chicago,2026-09-21,9,17.222
chicago,2026-09-21,10,17.222
chicago,2026-09-21,11,17.222
chicago,2026-09-21,12,18.889
chicago,2026-09-21,13,18.889
chicago,2026-09-21,14,18.889
chicago,2026-09-21,15,18.889
chicago,2026-09-21,16,18.889
chicago,2026-09-21,17,18.889
chicago,2026-09-21,18,18.889
chicago,2026-09-21,19,18.889
chicago,2026-09-21,20,18.889
chicago,2026-09-21,21,18.889
chicago,2026-09-21,22,18.889
chicago,2026-09-21,23,18.889
chicago,2026-09-22,0,15.0
chicago,2026-09-22,1,15.0
chicago,2026-09-22,2,15.0
chicago,2026-09-22,3,15.0
chicago,2026-09-22,4,15.0
chicago,2026-09-22,5,15.0
chicago,2026-09-22,6,15.0
chicago,2026-09-22,7,15.0
chicago,2026-09-22,8,15.0
chicago,2026-09-22,9,15.556
chicago,2026-09-22,10,15.556
chicago,2026-09-22,11,16.111
chicago,2026-09-22,12,16.111
chicago,2026-09-22,13,16.111
chicago,2026-09-22,14,16.111
chicago,2026-09-22,15,16.111
chicago,2026-09-22,16,16.111
chicago,2026-09-22,17,16.111
chicago,2026-09-22,18,16.111
chicago,2026-09-22,19,16.111
chicago,2026-09-22,20,16.111
chicago,2026-09-22,21,16.667
chicago,2026-09-22,22,16.667
chicago,2026-09-22,23,16.667
chicago,2026-09-23,0,16.111
chicago,2026-09-23,1,16.111
chicago,2026-09-23,2,16.111
chicago,2026-09-23,3,16.111
chicago,2026-09-23,4,16.111
chicago,2026-09-23,5,16.111
chicago,2026-09-23,6,16.111
chicago,2026-09-23,7,16.111
chicago,2026-09-23,8,16.111
chicago,2026-09-23,9,17.222
chicago,2026-09-23,10,17.778
chicago,2026-09-23,11,18.889
chicago,2026-09-23,12,18.889
chicago,2026-09-23,13,20.0
chicago,2026-09-23,14,20.0
chicago,2026-09-23,15,20.0
chicago,2026-09-23,16,20.0
chicago,2026-09-23,17,20.0
chicago,2026-09-23,18,20.0
chicago,2026-09-23,19,20.0
chicago,2026-09-23,20,20.0
chicago,2026-09-23,21,20.0
chicago,2026-09-23,22,20.0
chicago,2026-09-23,23,20.0
chicago,2026-09-24,0,15.556
chicago,2026-09-24,1,16.111
chicago,2026-09-24,2,16.111
chicago,2026-09-24,3,16.111
chicago,2026-09-24,4,16.667
chicago,2026-09-24,5,16.667
chicago,2026-09-24,6,16.667
chicago,2026-09-24,7,16.667
chicago,2026-09-24,8,16.667
chicago,2026-09-24,9,17.222
chicago,2026-09-24,10,18.333
chicago,2026-09-24,11,20.0
chicago,2026-09-24,12,20.556
chicago,2026-09-24,13,20.556
chicago,2026-09-24,14,20.556
chicago,2026-09-24,15,20.556
chicago,2026-09-24,16,20.556
chicago,2026-09-24,17,20.556
chicago,2026-09-24,18,20.556
chicago,2026-09-24,19,20.556
chicago,2026-09-24,20,20.556
chicago,2026-09-24,21,20.556
chicago,2026-09-24,22,20.556
chicago,2026-09-24,23,20.556
miami,2026-05-25,0,27.222
miami,2026-05-25,1,27.222
miami,2026-05-25,2,27.222
miami,2026-05-25,3,27.222
miami,2026-05-25,4,27.222
miami,2026-05-25,5,27.222
miami,2026-05-25,6,27.222
miami,2026-05-25,7,27.222
miami,2026-05-25,8,27.778
miami,2026-05-25,9,28.333
miami,2026-05-25,10,28.889
miami,2026-05-25,11,30.0
miami,2026-05-25,12,30.556
miami,2026-05-25,13,30.556
miami,2026-05-25,14,30.556
miami,2026-05-25,15,30.556
miami,2026-05-25,16,30.556
miami,2026-05-25,17,30.556
miami,2026-05-25,18,30.556
miami,2026-05-25,19,30.556
miami,2026-05-25,20,30.556
miami,2026-05-25,21,30.556
miami,2026-05-25,22,30.556
miami,2026-05-25,23,30.556
miami,2026-05-26,0,26.667
miami,2026-05-26,1,26.667
miami,2026-05-26,2,26.667
miami,2026-05-26,3,26.667
miami,2026-05-26,4,27.222
miami,2026-05-26,5,27.222
miami,2026-05-26,6,27.222
miami,2026-05-26,7,27.778
miami,2026-05-26,8,27.778
miami,2026-05-26,9,28.889
miami,2026-05-26,10,30.0
miami,2026-05-26,11,30.556
miami,2026-05-26,12,30.556
miami,2026-05-26,13,30.556
miami,2026-05-26,14,30.556
miami,2026-05-26,15,30.556
miami,2026-05-26,16,30.556
miami,2026-05-26,17,30.556
miami,2026-05-26,18,30.556
miami,2026-05-26,19,30.556
miami,2026-05-26,20,30.556
miami,2026-05-26,21,30.556
miami,2026-05-26,22,30.556
miami,2026-05-26,23,30.556
miami,2026-05-27,0,27.778
miami,2026-05-27,1,27.778
miami,2026-05-27,2,27.778
miami,2026-05-27,3,27.778
miami,2026-05-27,4,27.778
miami,2026-05-27,5,27.778
miami,2026-05-27,6,27.778
miami,2026-05-27,7,27.778
miami,2026-05-27,8,28.889
miami,2026-05-27,9,28.889
miami,2026-05-27,10,30.0
miami,2026-05-27,11,30.0
miami,2026-05-27,12,30.556
miami,2026-05-27,13,31.111
miami,2026-05-27,14,31.111
miami,2026-05-27,15,31.111
miami,2026-05-27,16,31.111
miami,2026-05-27,17,31.111
miami,2026-05-27,18,31.111
miami,2026-05-27,19,31.111
miami,2026-05-27,20,31.111
miami,2026-05-27,21,31.111
miami,2026-05-27,22,31.111
miami,2026-05-27,23,31.111
miami,2026-05-28,0,27.778
miami,2026-05-28,1,27.778
miami,2026-05-28,2,27.778
miami,2026-05-28,3,27.778
miami,2026-05-28,4,27.778
miami,2026-05-28,5,27.778
miami,2026-05-28,6,27.778
miami,2026-05-28,7,27.778
miami,2026-05-28,8,27.778
miami,2026-05-28,9,27.778
miami,2026-05-28,10,27.778
miami,2026-05-28,11,27.778
miami,2026-05-28,12,27.778
miami,2026-05-28,13,28.889
miami,2026-05-28,14,29.444
miami,2026-05-28,15,29.444
miami,2026-05-28,16,29.444
miami,2026-05-28,17,29.444
miami,2026-05-28,18,29.444
miami,2026-05-28,19,29.444
miami,2026-05-28,20,29.444
miami,2026-05-28,21,29.444
miami,2026-05-28,22,29.444
miami,2026-05-28,23,29.444
miami,2026-05-29,0,25.0
miami,2026-05-29,1,25.0
miami,2026-05-29,2,25.0
miami,2026-05-29,3,25.0
miami,2026-05-29,4,25.0
miami,2026-05-29,5,25.0
miami,2026-05-29,6,25.556
miami,2026-05-29,7,26.111
miami,2026-05-29,8,27.778
miami,2026-05-29,9,28.889
miami,2026-05-29,10,29.444
miami,2026-05-29,11,31.667
miami,2026-05-29,12,31.667
miami,2026-05-29,13,32.778
miami,2026-05-29,14,32.778
miami,2026-05-29,15,32.778
miami,2026-05-29,16,32.778
miami,2026-05-29,17,32.778
miami,2026-05-29,18,32.778
miami,2026-05-29,19,32.778
miami,2026-05-29,20,32.778
miami,2026-05-29,21,32.778
miami,2026-05-29,22,32.778
miami,2026-05-29,23,32.778
miami,2026-05-30,0,25.556
miami,2026-05-30,1,25.556
miami,2026-05-30,2,25.556
miami,2026-05-30,3,25.556
miami,2026-05-30,4,25.556
miami,2026-05-30,5,25.556
miami,2026-05-30,6,25.556
miami,2026-05-30,7,26.667
miami,2026-05-30,8,27.222
miami,2026-05-30,9,28.333
miami,2026-05-30,10,30.556
miami,2026-05-30,11,30.556
miami,2026-05-30,12,30.556
miami,2026-05-30,13,30.556
miami,2026-05-30,14,30.556
miami,2026-05-30,15,30.556
miami,2026-05-30,16,30.556
miami,2026-05-30,17,30.556
miami,2026-05-30,18,30.556
miami,2026-05-30,19,30.556
miami,2026-05-30,20,30.556
miami,2026-05-30,21,30.556
miami,2026-05-30,22,30.556
miami,2026-05-30,23,30.556
miami,2026-05-31,0,27.222
miami,2026-05-31,1,27.222
miami,2026-05-31,2,27.222
miami,2026-05-31,3,27.222
miami,2026-05-31,4,27.222
miami,2026-05-31,5,27.222
miami,2026-05-31,6,27.222
miami,2026-05-31,7,27.778
miami,2026-05-31,8,28.333
miami,2026-05-31,9,29.444
miami,2026-05-31,10,30.0
miami,2026-05-31,11,31.111
miami,2026-05-31,12,31.667
miami,2026-05-31,13,33.333
miami,2026-05-31,14,33.889
miami,2026-05-31,15,33.889
miami,2026-05-31,16,33.889
miami,2026-05-31,17,33.889
miami,2026-05-31,18,33.889
miami,2026-05-31,19,33.889
miami,2026-05-31,20,33.889
miami,2026-05-31,21,33.889
miami,2026-05-31,22,33.889
miami,2026-05-31,23,33.889
miami,2026-06-01,0,25.556
miami,2026-06-01,1,26.111
miami,2026-06-01,2,26.111
miami,2026-06-01,3,26.111
miami,2026-06-01,4,26.667
miami,2026-06-01,5,26.667
miami,2026-06-01,6,26.667
miami,2026-06-01,7,27.778
miami,2026-06-01,8,27.778
miami,2026-06-01,9,28.889
miami,2026-06-01,10,29.444
miami,2026-06-01,11,32.222
miami,2026-06-01,12,32.222
miami,2026-06-01,13,32.222
miami,2026-06-01,14,32.222
miami,2026-06-01,15,33.333
miami,2026-06-01,16,33.333
miami,2026-06-01,17,33.333
miami,2026-06-01,18,33.333
miami,2026-06-01,19,33.333
miami,2026-06-01,20,33.333
miami,2026-06-01,21,33.333
miami,2026-06-01,22,33.333
miami,2026-06-01,23,33.333
miami,2026-06-02,0,25.556
miami,2026-06-02,1,25.556
miami,2026-06-02,2,26.111
miami,2026-06-02,3,26.111
miami,2026-06-02,4,26.111
miami,2026-06-02,5,26.111
miami,2026-06-02,6,26.111
miami,2026-06-02,7,26.111
miami,2026-06-02,8,28.333
miami,2026-06-02,9,29.444
miami,2026-06-02,10,30.556
miami,2026-06-02,11,30.556
miami,2026-06-02,12,32.778
miami,2026-06-02,13,33.889
miami,2026-06-02,14,33.889
miami,2026-06-02,15,33.889
miami,2026-06-02,16,33.889
miami,2026-06-02,17,33.889
miami,2026-06-02,18,33.889
miami,2026-06-02,19,33.889
miami,2026-06-02,20,33.889
miami,2026-06-02,21,33.889
miami,2026-06-02,22,33.889
miami,2026-06-02,23,33.889
miami,2026-06-03,0,25.0
miami,2026-06-03,1,25.556
miami,2026-06-03,2,25.556
miami,2026-06-03,3,25.556
miami,2026-06-03,4,25.556
miami,2026-06-03,5,25.556
miami,2026-06-03,6,25.556
miami,2026-06-03,7,26.111
miami,2026-06-03,8,26.667
miami,2026-06-03,9,28.333
miami,2026-06-03,10,29.444
miami,2026-06-03,11,29.444
miami,2026-06-03,12,29.444
miami,2026-06-03,13,29.444
miami,2026-06-03,14,29.444
miami,2026-06-03,15,29.444
miami,2026-06-03,16,29.444
miami,2026-06-03,17,29.444
miami,2026-06-03,18,29.444
miami,2026-06-03,19,29.444
miami,2026-06-03,20,29.444
miami,2026-06-03,21,29.444
miami,2026-06-03,22,29.444
miami,2026-06-03,23,29.444
miami,2026-06-04,0,22.778
miami,2026-06-04,1,23.333
miami,2026-06-04,2,23.889
miami,2026-06-04,3,23.889
miami,2026-06-04,4,24.444
miami,2026-06-04,5,25.0
miami,2026-06-04,6,25.0
miami,2026-06-04,7,26.667
miami,2026-06-04,8,27.778
miami,2026-06-04,9,27.778
miami,2026-06-04,10,27.778
miami,2026-06-04,11,27.778
miami,2026-06-04,12,28.333
miami,2026-06-04,13,28.333
miami,2026-06-04,14,28.333
miami,2026-06-04,15,28.333
miami,2026-06-04,16,28.333
miami,2026-06-04,17,28.333
miami,2026-06-04,18,28.333
miami,2026-06-04,19,28.333
miami,2026-06-04,20,28.333
miami,2026-06-04,21,28.333
miami,2026-06-04,22,28.333
miami,2026-06-04,23,28.333
miami,2026-06-05,0,26.111
miami,2026-06-05,1,26.111
miami,2026-06-05,2,26.111
miami,2026-06-05,3,26.111
miami,2026-06-05,4,26.111
miami,2026-06-05,5,26.111
miami,2026-06-05,6,26.111
miami,2026-06-05,7,26.667
miami,2026-06-05,8,27.222
miami,2026-06-05,9,27.222
miami,2026-06-05,10,27.778
miami,2026-06-05,11,27.778
miami,2026-06-05,12,27.778
miami,2026-06-05,13,28.889
miami,2026-06-05,14,28.889
miami,2026-06-05,15,28.889
miami,2026-06-05,16,28.889
miami,2026-06-05,17,28.889
miami,2026-06-05,18,28.889
miami,2026-06-05,19,28.889
miami,2026-06-05,20,28.889
miami,2026-06-05,21,28.889
miami,2026-06-05,22,28.889
miami,2026-06-05,23,28.889
miami,2026-06-06,0,25.0
miami,2026-06-06,1,25.0
miami,2026-06-06,2,25.0
miami,2026-06-06,3,25.0
miami,2026-06-06,4,25.0
miami,2026-06-06,5,25.0
miami,2026-06-06,6,25.0
miami,2026-06-06,7,26.667
miami,2026-06-06,8,26.667
miami,2026-06-06,9,27.778
miami,2026-06-06,10,28.889
miami,2026-06-06,11,28.889
miami,2026-06-06,12,30.0
miami,2026-06-06,13,30.0
miami,2026-06-06,14,30.0
miami,2026-06-06,15,30.0
miami,2026-06-06,16,30.0
miami,2026-06-06,17,30.0
miami,2026-06-06,18,30.0
miami,2026-06-06,19,30.0
miami,2026-06-06,20,30.0
miami,2026-06-06,21,30.0
miami,2026-06-06,22,30.0
miami,2026-06-06,23,30.0
miami,2026-06-07,0,26.111
miami,2026-06-07,1,26.667
miami,2026-06-07,2,26.667
miami,2026-06-07,3,26.667
miami,2026-06-07,4,26.667
miami,2026-06-07,5,26.667
miami,2026-06-07,6,26.667
miami,2026-06-07,7,27.222
miami,2026-06-07,8,28.889
miami,2026-06-07,9,29.444
miami,2026-06-07,10,30.556
miami,2026-06-07,11,30.556
miami,2026-06-07,12,31.111
miami,2026-06-07,13,31.111
miami,2026-06-07,14,31.111
miami,2026-06-07,15,31.111
miami,2026-06-07,16,31.111
miami,2026-06-07,17,31.111
miami,2026-06-07,18,31.111
miami,2026-06-07,19,31.111
miami,2026-06-07,20,31.111
miami,2026-06-07,21,31.111
miami,2026-06-07,22,31.111
miami,2026-06-07,23,31.111
miami,2026-06-08,0,27.222
miami,2026-06-08,1,27.222
miami,2026-06-08,2,27.222
miami,2026-06-08,3,27.222
miami,2026-06-08,4,27.222
miami,2026-06-08,5,27.222
miami,2026-06-08,6,27.222
miami,2026-06-08,7,28.333
miami,2026-06-08,8,29.444
miami,2026-06-08,9,30.556
miami,2026-06-08,10,30.556
miami,2026-06-08,11,31.111
miami,2026-06-08,12,31.111
miami,2026-06-08,13,31.667
miami,2026-06-08,14,32.222
miami,2026-06-08,15,32.222
miami,2026-06-08,16,32.222
miami,2026-06-08,17,32.222
miami,2026-06-08,18,32.222
miami,2026-06-08,19,32.222
miami,2026-06-08,20,32.222
miami,2026-06-08,21,32.222
miami,2026-06-08,22,32.222
miami,2026-06-08,23,32.222
miami,2026-06-09,0,27.778
miami,2026-06-09,1,27.778
miami,2026-06-09,2,27.778
miami,2026-06-09,3,27.778
miami,2026-06-09,4,27.778
miami,2026-06-09,5,27.778
miami,2026-06-09,6,27.778
miami,2026-06-09,7,27.778
miami,2026-06-09,8,28.889
miami,2026-06-09,9,28.889
miami,2026-06-09,10,29.444
miami,2026-06-09,11,30.0
miami,2026-06-09,12,31.111
miami,2026-06-09,13,31.111
miami,2026-06-09,14,31.111
miami,2026-06-09,15,31.111
miami,2026-06-09,16,31.111
miami,2026-06-09,17,31.111
miami,2026-06-09,18,31.111
miami,2026-06-09,19,31.111
miami,2026-06-09,20,31.111
miami,2026-06-09,21,31.111
miami,2026-06-09,22,31.111
miami,2026-06-09,23,31.111
miami,2026-06-10,0,27.778
miami,2026-06-10,1,27.778
miami,2026-06-10,2,27.778
miami,2026-06-10,3,27.778
miami,2026-06-10,4,27.778
miami,2026-06-10,5,27.778
miami,2026-06-10,6,27.778
miami,2026-06-10,7,27.778
miami,2026-06-10,8,28.333
miami,2026-06-10,9,28.889
miami,2026-06-10,10,29.444
miami,2026-06-10,11,29.444
miami,2026-06-10,12,30.0
miami,2026-06-10,13,30.556
miami,2026-06-10,14,30.556
miami,2026-06-10,15,30.556
miami,2026-06-10,16,30.556
miami,2026-06-10,17,30.556
miami,2026-06-10,18,30.556
miami,2026-06-10,19,30.556
miami,2026-06-10,20,30.556
miami,2026-06-10,21,30.556
miami,2026-06-10,22,30.556
miami,2026-06-10,23,30.556
miami,2026-06-11,0,26.667
miami,2026-06-11,1,26.667
miami,2026-06-11,2,26.667
miami,2026-06-11,3,26.667
miami,2026-06-11,4,26.667
miami,2026-06-11,5,26.667
miami,2026-06-11,6,26.667
miami,2026-06-11,7,27.778
miami,2026-06-11,8,28.889
miami,2026-06-11,9,30.0
miami,2026-06-11,10,30.0
miami,2026-06-11,11,30.0
miami,2026-06-11,12,31.111
miami,2026-06-11,13,31.111
miami,2026-06-11,14,31.111
miami,2026-06-11,15,31.111
miami,2026-06-11,16,31.111
miami,2026-06-11,17,31.111
miami,2026-06-11,18,31.111
miami,2026-06-11,19,31.111
miami,2026-06-11,20,31.111
miami,2026-06-11,21,31.111
miami,2026-06-11,22,31.111
miami,2026-06-11,23,31.111
miami,2026-06-12,0,27.222
miami,2026-06-12,1,27.222
miami,2026-06-12,2,27.222
miami,2026-06-12,3,27.222
miami,2026-06-12,4,27.222
miami,2026-06-12,5,27.222
miami,2026-06-12,6,27.222
miami,2026-06-12,7,27.778
miami,2026-06-12,8,28.889
miami,2026-06-12,9,30.0
miami,2026-06-12,10,30.0
miami,2026-06-12,11,31.667
miami,2026-06-12,12,31.667
miami,2026-06-12,13,31.667
miami,2026-06-12,14,32.222
miami,2026-06-12,15,32.222
miami,2026-06-12,16,32.222
miami,2026-06-12,17,32.222
miami,2026-06-12,18,32.222
miami,2026-06-12,19,32.222
miami,2026-06-12,20,32.222
miami,2026-06-12,21,32.222
miami,2026-06-12,22,32.222
miami,2026-06-12,23,32.222
miami,2026-06-13,0,26.667
miami,2026-06-13,1,26.667
miami,2026-06-13,2,26.667
miami,2026-06-13,3,26.667
miami,2026-06-13,4,26.667
miami,2026-06-13,5,26.667
miami,2026-06-13,6,26.667
miami,2026-06-13,7,27.778
miami,2026-06-13,8,28.333
miami,2026-06-13,9,30.0
miami,2026-06-13,10,31.111
miami,2026-06-13,11,31.111
miami,2026-06-13,12,31.667
miami,2026-06-13,13,31.667
miami,2026-06-13,14,32.222
miami,2026-06-13,15,32.222
miami,2026-06-13,16,32.222
miami,2026-06-13,17,32.222
miami,2026-06-13,18,32.222
miami,2026-06-13,19,32.222
miami,2026-06-13,20,32.222
miami,2026-06-13,21,32.222
miami,2026-06-13,22,32.222
miami,2026-06-13,23,32.222
miami,2026-06-14,0,27.778
miami,2026-06-14,1,27.778
miami,2026-06-14,2,27.778
miami,2026-06-14,3,27.778
miami,2026-06-14,4,27.778
miami,2026-06-14,5,27.778
miami,2026-06-14,6,27.778
miami,2026-06-14,7,28.333
miami,2026-06-14,8,29.444
miami,2026-06-14,9,31.111
miami,2026-06-14,10,32.222
miami,2026-06-14,11,32.778
miami,2026-06-14,12,33.889
miami,2026-06-14,13,33.889
miami,2026-06-14,14,33.889
miami,2026-06-14,15,33.889
miami,2026-06-14,16,33.889
miami,2026-06-14,17,33.889
miami,2026-06-14,18,33.889
miami,2026-06-14,19,33.889
miami,2026-06-14,20,33.889
miami,2026-06-14,21,33.889
miami,2026-06-14,22,33.889
miami,2026-06-14,23,33.889
miami,2026-06-15,0,27.222
miami,2026-06-15,1,27.222
miami,2026-06-15,2,27.222
miami,2026-06-15,3,27.222
miami,2026-06-15,4,27.222
miami,2026-06-15,5,27.222
miami,2026-06-15,6,27.222
miami,2026-06-15,7,28.333
miami,2026-06-15,8,29.444
miami,2026-06-15,9,30.0
miami,2026-06-15,10,31.667
miami,2026-06-15,11,32.778
miami,2026-06-15,12,33.889
miami,2026-06-15,13,33.889
miami,2026-06-15,14,33.889
miami,2026-06-15,15,34.444
miami,2026-06-15,16,34.444
miami,2026-06-15,17,34.444
miami,2026-06-15,18,34.444
miami,2026-06-15,19,34.444
miami,2026-06-15,20,34.444
miami,2026-06-15,21,34.444
miami,2026-06-15,22,34.444
miami,2026-06-15,23,34.444
miami,2026-06-16,0,28.333
miami,2026-06-16,1,28.333
miami,2026-06-16,2,28.333
miami,2026-06-16,3,28.333
miami,2026-06-16,4,28.333
miami,2026-06-16,5,28.333
miami,2026-06-16,6,28.333
miami,2026-06-16,7,28.333
miami,2026-06-16,8,30.0
miami,2026-06-16,9,31.667
miami,2026-06-16,10,32.778
miami,2026-06-16,11,32.778
miami,2026-06-16,12,33.333
miami,2026-06-16,13,34.444
miami,2026-06-16,14,34.444
miami,2026-06-16,15,34.444
miami,2026-06-16,16,34.444
miami,2026-06-16,17,34.444
miami,2026-06-16,18,34.444
miami,2026-06-16,19,34.444
miami,2026-06-16,20,34.444
miami,2026-06-16,21,34.444
miami,2026-06-16,22,34.444
miami,2026-06-16,23,34.444
miami,2026-06-17,0,27.778
miami,2026-06-17,1,27.778
miami,2026-06-17,2,27.778
miami,2026-06-17,3,27.778
miami,2026-06-17,4,27.778
miami,2026-06-17,5,27.778
miami,2026-06-17,6,27.778
miami,2026-06-17,7,27.778
miami,2026-06-17,8,30.0
miami,2026-06-17,9,31.111
miami,2026-06-17,10,31.667
miami,2026-06-17,11,32.778
miami,2026-06-17,12,33.333
miami,2026-06-17,13,33.889
miami,2026-06-17,14,33.889
miami,2026-06-17,15,33.889
miami,2026-06-17,16,33.889
miami,2026-06-17,17,33.889
miami,2026-06-17,18,33.889
miami,2026-06-17,19,33.889
miami,2026-06-17,20,33.889
miami,2026-06-17,21,33.889
miami,2026-06-17,22,33.889
miami,2026-06-17,23,33.889
miami,2026-06-18,0,28.333
miami,2026-06-18,1,28.333
miami,2026-06-18,2,28.333
miami,2026-06-18,3,28.333
miami,2026-06-18,4,28.333
miami,2026-06-18,5,28.333
miami,2026-06-18,6,28.333
miami,2026-06-18,7,29.444
miami,2026-06-18,8,31.111
miami,2026-06-18,9,32.222
miami,2026-06-18,10,32.222
miami,2026-06-18,11,33.333
miami,2026-06-18,12,33.333
miami,2026-06-18,13,33.333
miami,2026-06-18,14,33.333
miami,2026-06-18,15,33.333
miami,2026-06-18,16,33.333
miami,2026-06-18,17,33.333
miami,2026-06-18,18,33.333
miami,2026-06-18,19,33.333
miami,2026-06-18,20,33.333
miami,2026-06-18,21,33.333
miami,2026-06-18,22,33.333
miami,2026-06-18,23,33.333
miami,2026-06-19,0,28.889
miami,2026-06-19,1,28.889
miami,2026-06-19,2,28.889
miami,2026-06-19,3,28.889
miami,2026-06-19,4,28.889
miami,2026-06-19,5,28.889
miami,2026-06-19,6,28.889
miami,2026-06-19,7,28.889
miami,2026-06-19,8,30.0
miami,2026-06-19,9,31.111
miami,2026-06-19,10,32.222
miami,2026-06-19,11,32.778
miami,2026-06-19,12,32.778
miami,2026-06-19,13,33.333
miami,2026-06-19,14,33.333
miami,2026-06-19,15,33.333
miami,2026-06-19,16,33.333
miami,2026-06-19,17,33.333
miami,2026-06-19,18,33.333
miami,2026-06-19,19,33.333
miami,2026-06-19,20,33.333
miami,2026-06-19,21,33.333
miami,2026-06-19,22,33.333
miami,2026-06-19,23,33.333
miami,2026-06-20,0,26.667
miami,2026-06-20,1,26.667
miami,2026-06-20,2,26.667
miami,2026-06-20,3,26.667
miami,2026-06-20,4,26.667
miami,2026-06-20,5,26.667
miami,2026-06-20,6,27.778
miami,2026-06-20,7,28.889
miami,2026-06-20,8,30.0
miami,2026-06-20,9,31.667
miami,2026-06-20,10,31.667
miami,2026-06-20,11,33.889
miami,2026-06-20,12,33.889
miami,2026-06-20,13,33.889
miami,2026-06-20,14,33.889
miami,2026-06-20,15,33.889
miami,2026-06-20,16,33.889
miami,2026-06-20,17,33.889
miami,2026-06-20,18,33.889
miami,2026-06-20,19,33.889
miami,2026-06-20,20,33.889
miami,2026-06-20,21,33.889
miami,2026-06-20,22,33.889
miami,2026-06-20,23,33.889
miami,2026-06-21,0,25.0
miami,2026-06-21,1,25.0
miami,2026-06-21,2,25.0
miami,2026-06-21,3,25.0
miami,2026-06-21,4,25.0
miami,2026-06-21,5,25.0
miami,2026-06-21,6,25.0
miami,2026-06-21,7,27.222
miami,2026-06-21,8,28.889
miami,2026-06-21,9,30.556
miami,2026-06-21,10,31.667
miami,2026-06-21,11,32.778
miami,2026-06-21,12,33.889
miami,2026-06-21,13,33.889
miami,2026-06-21,14,34.444
miami,2026-06-21,15,34.444
miami,2026-06-21,16,34.444
miami,2026-06-21,17,34.444
miami,2026-06-21,18,34.444
miami,2026-06-21,19,34.444
miami,2026-06-21,20,34.444
miami,2026-06-21,21,34.444
miami,2026-06-21,22,34.444
miami,2026-06-21,23,34.444
miami,2026-06-22,0,28.333
miami,2026-06-22,1,28.333
miami,2026-06-22,2,28.889
miami,2026-06-22,3,28.889
miami,2026-06-22,4,28.889
miami,2026-06-22,5,28.889
miami,2026-06-22,6,28.889
miami,2026-06-22,7,29.444
miami,2026-06-22,8,30.0
miami,2026-06-22,9,31.667
miami,2026-06-22,10,32.222
miami,2026-06-22,11,32.778
miami,2026-06-22,12,33.333
miami,2026-06-22,13,33.333
miami,2026-06-22,14,33.889
miami,2026-06-22,15,33.889
miami,2026-06-22,16,33.889
miami,2026-06-22,17,33.889
miami,2026-06-22,18,33.889
miami,2026-06-22,19,33.889
miami,2026-06-22,20,33.889
miami,2026-06-22,21,33.889
miami,2026-06-22,22,33.889
miami,2026-06-22,23,33.889
miami,2026-06-23,0,28.889
miami,2026-06-23,1,28.889
miami,2026-06-23,2,28.889
miami,2026-06-23,3,28.889
miami,2026-06-23,4,28.889
miami,2026-06-23,5,28.889
miami,2026-06-23,6,28.889
miami,2026-06-23,7,28.889
miami,2026-06-23,8,30.556
miami,2026-06-23,9,31.111
miami,2026-06-23,10,31.111
miami,2026-06-23,11,31.111
miami,2026-06-23,12,32.222
miami,2026-06-23,13,32.222
miami,2026-06-23,14,32.222
miami,2026-06-23,15,32.222
miami,2026-06-23,16,32.222
miami,2026-06-23,17,32.222
miami,2026-06-23,18,32.222
miami,2026-06-23,19,32.222
miami,2026-06-23,20,32.222
miami,2026-06-23,21,32.222
miami,2026-06-23,22,32.222
miami,2026-06-23,23,32.222
miami,2026-06-24,0,27.222
miami,2026-06-24,1,27.778
miami,2026-06-24,2,27.778
miami,2026-06-24,3,27.778
miami,2026-06-24,4,27.778
miami,2026-06-24,5,27.778
miami,2026-06-24,6,27.778
miami,2026-06-24,7,28.889
miami,2026-06-24,8,30.556
miami,2026-06-24,9,31.111
miami,2026-06-24,10,32.222
miami,2026-06-24,11,32.778
miami,2026-06-24,12,32.778
miami,2026-06-24,13,33.333
miami,2026-06-24,14,33.333
miami,2026-06-24,15,33.333
miami,2026-06-24,16,33.333
miami,2026-06-24,17,33.333
miami,2026-06-24,18,33.333
miami,2026-06-24,19,33.333
miami,2026-06-24,20,33.333
miami,2026-06-24,21,33.333
miami,2026-06-24,22,33.333
miami,2026-06-24,23,33.333
miami,2026-06-25,0,25.0
miami,2026-06-25,1,25.0
miami,2026-06-25,2,26.111
miami,2026-06-25,3,26.111
miami,2026-06-25,4,26.111
miami,2026-06-25,5,26.111
miami,2026-06-25,6,26.111
miami,2026-06-25,7,27.778
miami,2026-06-25,8,29.444
miami,2026-06-25,9,31.111
miami,2026-06-25,10,31.111
miami,2026-06-25,11,32.222
miami,2026-06-25,12,32.778
miami,2026-06-25,13,32.778
miami,2026-06-25,14,32.778
miami,2026-06-25,15,32.778
miami,2026-06-25,16,32.778
miami,2026-06-25,17,32.778
miami,2026-06-25,18,32.778
miami,2026-06-25,19,32.778
miami,2026-06-25,20,32.778
miami,2026-06-25,21,32.778
miami,2026-06-25,22,32.778
miami,2026-06-25,23,32.778
miami,2026-06-26,0,26.667
miami,2026-06-26,1,27.222
miami,2026-06-26,2,27.222
miami,2026-06-26,3,27.778
miami,2026-06-26,4,27.778
miami,2026-06-26,5,27.778
miami,2026-06-26,6,28.333
miami,2026-06-26,7,28.889
miami,2026-06-26,8,31.111
miami,2026-06-26,9,31.111
miami,2026-06-26,10,31.111
miami,2026-06-26,11,31.111
miami,2026-06-26,12,32.222
miami,2026-06-26,13,32.778
miami,2026-06-26,14,32.778
miami,2026-06-26,15,32.778
miami,2026-06-26,16,32.778
miami,2026-06-26,17,32.778
miami,2026-06-26,18,32.778
miami,2026-06-26,19,32.778
miami,2026-06-26,20,32.778
miami,2026-06-26,21,32.778
miami,2026-06-26,22,32.778
miami,2026-06-26,23,32.778
miami,2026-06-27,0,29.444
miami,2026-06-27,1,29.444
miami,2026-06-27,2,29.444
miami,2026-06-27,3,29.444
miami,2026-06-27,4,29.444
miami,2026-06-27,5,29.444
miami,2026-06-27,6,29.444
miami,2026-06-27,7,29.444
miami,2026-06-27,8,29.444
miami,2026-06-27,9,30.0
miami,2026-06-27,10,31.111
miami,2026-06-27,11,31.667
miami,2026-06-27,12,31.667
miami,2026-06-27,13,32.778
miami,2026-06-27,14,32.778
miami,2026-06-27,15,32.778
miami,2026-06-27,16,32.778
miami,2026-06-27,17,32.778
miami,2026-06-27,18,32.778
miami,2026-06-27,19,32.778
miami,2026-06-27,20,32.778
miami,2026-06-27,21,32.778
miami,2026-06-27,22,32.778
miami,2026-06-27,23,32.778
miami,2026-06-28,0,28.333
miami,2026-06-28,1,28.333
miami,2026-06-28,2,28.333
miami,2026-06-28,3,28.333
miami,2026-06-28,4,28.333
miami,2026-06-28,5,28.333
miami,2026-06-28,6,28.333
miami,2026-06-28,7,29.444
miami,2026-06-28,8,30.0
miami,2026-06-28,9,30.0
miami,2026-06-28,10,30.556
miami,2026-06-28,11,32.222
miami,2026-06-28,12,32.222
miami,2026-06-28,13,32.222
miami,2026-06-28,14,32.222
miami,2026-06-28,15,33.333
miami,2026-06-28,16,33.333
miami,2026-06-28,17,33.333
miami,2026-06-28,18,33.333
miami,2026-06-28,19,33.333
miami,2026-06-28,20,33.333
miami,2026-06-28,21,33.333
miami,2026-06-28,22,33.333
miami,2026-06-28,23,33.333
miami,2026-06-29,0,28.889
miami,2026-06-29,1,28.889
miami,2026-06-29,2,28.889
miami,2026-06-29,3,28.889
miami,2026-06-29,4,28.889
miami,2026-06-29,5,28.889
miami,2026-06-29,6,28.889
miami,2026-06-29,7,29.444
miami,2026-06-29,8,31.111
miami,2026-06-29,9,31.111
miami,2026-06-29,10,32.222
miami,2026-06-29,11,32.222
miami,2026-06-29,12,32.222
miami,2026-06-29,13,32.222
miami,2026-06-29,14,33.333
miami,2026-06-29,15,33.889
miami,2026-06-29,16,33.889
miami,2026-06-29,17,33.889
miami,2026-06-29,18,33.889
miami,2026-06-29,19,33.889
miami,2026-06-29,20,33.889
miami,2026-06-29,21,33.889
miami,2026-06-29,22,33.889
miami,2026-06-29,23,33.889
miami,2026-06-30,0,28.889
miami,2026-06-30,1,28.889
miami,2026-06-30,2,28.889
miami,2026-06-30,3,28.889
miami,2026-06-30,4,28.889
miami,2026-06-30,5,28.889
miami,2026-06-30,6,28.889
miami,2026-06-30,7,28.889
miami,2026-06-30,8,29.444
miami,2026-06-30,9,30.556
miami,2026-06-30,10,32.222
miami,2026-06-30,11,32.778
miami,2026-06-30,12,33.889
miami,2026-06-30,13,33.889
miami,2026-06-30,14,33.889
miami,2026-06-30,15,33.889
miami,2026-06-30,16,33.889
miami,2026-06-30,17,33.889
miami,2026-06-30,18,33.889
miami,2026-06-30,19,33.889
miami,2026-06-30,20,33.889
miami,2026-06-30,21,33.889
miami,2026-06-30,22,33.889
miami,2026-06-30,23,33.889
miami,2026-07-01,0,28.333
miami,2026-07-01,1,28.333
miami,2026-07-01,2,28.333
miami,2026-07-01,3,28.333
miami,2026-07-01,4,28.333
miami,2026-07-01,5,28.333
miami,2026-07-01,6,28.333
miami,2026-07-01,7,28.889
miami,2026-07-01,8,30.0
miami,2026-07-01,9,31.111
miami,2026-07-01,10,31.667
miami,2026-07-01,11,33.333
miami,2026-07-01,12,33.333
miami,2026-07-01,13,33.333
miami,2026-07-01,14,33.333
miami,2026-07-01,15,33.333
miami,2026-07-01,16,33.333
miami,2026-07-01,17,33.333
miami,2026-07-01,18,33.333
miami,2026-07-01,19,33.333
miami,2026-07-01,20,33.333
miami,2026-07-01,21,33.333
miami,2026-07-01,22,33.333
miami,2026-07-01,23,33.333
miami,2026-07-02,0,27.778
miami,2026-07-02,1,27.778
miami,2026-07-02,2,27.778
miami,2026-07-02,3,27.778
miami,2026-07-02,4,27.778
miami,2026-07-02,5,27.778
miami,2026-07-02,6,27.778
miami,2026-07-02,7,28.333
miami,2026-07-02,8,28.889
miami,2026-07-02,9,30.0
miami,2026-07-02,10,30.0
miami,2026-07-02,11,31.667
miami,2026-07-02,12,33.333
miami,2026-07-02,13,33.333
miami,2026-07-02,14,33.333
miami,2026-07-02,15,33.333
miami,2026-07-02,16,33.333
miami,2026-07-02,17,33.333
miami,2026-07-02,18,33.333
miami,2026-07-02,19,33.333
miami,2026-07-02,20,33.333
miami,2026-07-02,21,33.333
miami,2026-07-02,22,33.333
miami,2026-07-02,23,33.333
miami,2026-07-03,0,28.333
miami,2026-07-03,1,28.333
miami,2026-07-03,2,28.333
miami,2026-07-03,3,28.333
miami,2026-07-03,4,28.333
miami,2026-07-03,5,28.333
miami,2026-07-03,6,28.333
miami,2026-07-03,7,28.889
miami,2026-07-03,8,30.0
miami,2026-07-03,9,30.556
miami,2026-07-03,10,31.667
miami,2026-07-03,11,31.667
miami,2026-07-03,12,31.667
miami,2026-07-03,13,31.667
miami,2026-07-03,14,31.667
miami,2026-07-03,15,32.778
miami,2026-07-03,16,32.778
miami,2026-07-03,17,32.778
miami,2026-07-03,18,32.778
miami,2026-07-03,19,32.778
miami,2026-07-03,20,32.778
miami,2026-07-03,21,32.778
miami,2026-07-03,22,32.778
miami,2026-07-03,23,32.778
miami,2026-07-04,0,28.333
miami,2026-07-04,1,28.333
miami,2026-07-04,2,28.333
miami,2026-07-04,3,28.333
miami,2026-07-04,4,28.333
miami,2026-07-04,5,28.333
miami,2026-07-04,6,28.333
miami,2026-07-04,7,28.889
miami,2026-07-04,8,30.0
miami,2026-07-04,9,31.111
miami,2026-07-04,10,31.111
miami,2026-07-04,11,32.222
miami,2026-07-04,12,32.222
miami,2026-07-04,13,32.778
miami,2026-07-04,14,32.778
miami,2026-07-04,15,32.778
miami,2026-07-04,16,32.778
miami,2026-07-04,17,32.778
miami,2026-07-04,18,32.778
miami,2026-07-04,19,32.778
miami,2026-07-04,20,32.778
miami,2026-07-04,21,32.778
miami,2026-07-04,22,32.778
miami,2026-07-04,23,32.778
miami,2026-07-05,0,28.333
miami,2026-07-05,1,28.333
miami,2026-07-05,2,28.333
miami,2026-07-05,3,28.333
miami,2026-07-05,4,28.333
miami,2026-07-05,5,28.333
miami,2026-07-05,6,28.333
miami,2026-07-05,7,28.333
miami,2026-07-05,8,29.444
miami,2026-07-05,9,30.556
miami,2026-07-05,10,31.667
miami,2026-07-05,11,33.333
miami,2026-07-05,12,34.444
miami,2026-07-05,13,34.444
miami,2026-07-05,14,34.444
miami,2026-07-05,15,34.444
miami,2026-07-05,16,34.444
miami,2026-07-05,17,34.444
miami,2026-07-05,18,34.444
miami,2026-07-05,19,34.444
miami,2026-07-05,20,34.444
miami,2026-07-05,21,34.444
miami,2026-07-05,22,34.444
miami,2026-07-05,23,34.444
miami,2026-07-06,0,28.333
miami,2026-07-06,1,28.333
miami,2026-07-06,2,28.333
miami,2026-07-06,3,28.333
miami,2026-07-06,4,28.333
miami,2026-07-06,5,28.333
miami,2026-07-06,6,28.333
miami,2026-07-06,7,28.333
miami,2026-07-06,8,30.0
miami,2026-07-06,9,30.0
miami,2026-07-06,10,30.556
miami,2026-07-06,11,31.111
miami,2026-07-06,12,31.111
miami,2026-07-06,13,32.778
miami,2026-07-06,14,32.778
miami,2026-07-06,15,32.778
miami,2026-07-06,16,32.778
miami,2026-07-06,17,32.778
miami,2026-07-06,18,32.778
miami,2026-07-06,19,32.778
miami,2026-07-06,20,32.778
miami,2026-07-06,21,32.778
miami,2026-07-06,22,32.778
miami,2026-07-06,23,32.778
miami,2026-07-07,0,26.111
miami,2026-07-07,1,26.111
miami,2026-07-07,2,26.667
miami,2026-07-07,3,26.667
miami,2026-07-07,4,27.222
miami,2026-07-07,5,27.222
miami,2026-07-07,6,27.222
miami,2026-07-07,7,28.333
miami,2026-07-07,8,30.0
miami,2026-07-07,9,30.556
miami,2026-07-07,10,31.667
miami,2026-07-07,11,32.778
miami,2026-07-07,12,32.778
miami,2026-07-07,13,33.333
miami,2026-07-07,14,33.333
miami,2026-07-07,15,33.333
miami,2026-07-07,16,33.333
miami,2026-07-07,17,33.333
miami,2026-07-07,18,33.333
miami,2026-07-07,19,33.333
miami,2026-07-07,20,33.333
miami,2026-07-07,21,33.333
miami,2026-07-07,22,33.333
miami,2026-07-07,23,33.333
miami,2026-07-08,0,29.444
miami,2026-07-08,1,29.444
miami,2026-07-08,2,29.444
miami,2026-07-08,3,29.444
miami,2026-07-08,4,29.444
miami,2026-07-08,5,29.444
miami,2026-07-08,6,29.444
miami,2026-07-08,7,30.0
miami,2026-07-08,8,30.556
miami,2026-07-08,9,31.667
miami,2026-07-08,10,32.222
miami,2026-07-08,11,32.778
miami,2026-07-08,12,32.778
miami,2026-07-08,13,33.333
miami,2026-07-08,14,33.333
miami,2026-07-08,15,33.333
miami,2026-07-08,16,33.333
miami,2026-07-08,17,33.333
miami,2026-07-08,18,33.333
miami,2026-07-08,19,33.333
miami,2026-07-08,20,33.333
miami,2026-07-08,21,33.333
miami,2026-07-08,22,33.333
miami,2026-07-08,23,33.333
miami,2026-07-09,0,29.444
miami,2026-07-09,1,29.444
miami,2026-07-09,2,29.444
miami,2026-07-09,3,29.444
miami,2026-07-09,4,29.444
miami,2026-07-09,5,29.444
miami,2026-07-09,6,29.444
miami,2026-07-09,7,29.444
miami,2026-07-09,8,30.556
miami,2026-07-09,9,31.111
miami,2026-07-09,10,32.222
miami,2026-07-09,11,32.778
miami,2026-07-09,12,32.778
miami,2026-07-09,13,32.778
miami,2026-07-09,14,32.778
miami,2026-07-09,15,32.778
miami,2026-07-09,16,32.778
miami,2026-07-09,17,32.778
miami,2026-07-09,18,32.778
miami,2026-07-09,19,32.778
miami,2026-07-09,20,32.778
miami,2026-07-09,21,32.778
miami,2026-07-09,22,32.778
miami,2026-07-09,23,32.778
miami,2026-07-10,0,30.0
miami,2026-07-10,1,30.0
miami,2026-07-10,2,30.0
miami,2026-07-10,3,30.0
miami,2026-07-10,4,30.0
miami,2026-07-10,5,30.0
miami,2026-07-10,6,30.0
miami,2026-07-10,7,30.0
miami,2026-07-10,8,31.111
miami,2026-07-10,9,32.222
miami,2026-07-10,10,32.222
miami,2026-07-10,11,32.778
miami,2026-07-10,12,33.333
miami,2026-07-10,13,33.333
miami,2026-07-10,14,33.333
miami,2026-07-10,15,33.333
miami,2026-07-10,16,33.333
miami,2026-07-10,17,33.333
miami,2026-07-10,18,33.333
miami,2026-07-10,19,33.333
miami,2026-07-10,20,33.333
miami,2026-07-10,21,33.333
miami,2026-07-10,22,33.333
miami,2026-07-10,23,33.333
miami,2026-07-11,0,23.889
miami,2026-07-11,1,23.889
miami,2026-07-11,2,23.889
miami,2026-07-11,3,23.889
miami,2026-07-11,4,23.889
miami,2026-07-11,5,23.889
miami,2026-07-11,6,25.0
miami,2026-07-11,7,26.111
miami,2026-07-11,8,28.333
miami,2026-07-11,9,29.444
miami,2026-07-11,10,30.0
miami,2026-07-11,11,30.556
miami,2026-07-11,12,31.111
miami,2026-07-11,13,32.222
miami,2026-07-11,14,32.222
miami,2026-07-11,15,32.222
miami,2026-07-11,16,32.222
miami,2026-07-11,17,32.222
miami,2026-07-11,18,32.222
miami,2026-07-11,19,32.222
miami,2026-07-11,20,32.222
miami,2026-07-11,21,32.222
miami,2026-07-11,22,32.222
miami,2026-07-11,23,32.222
miami,2026-07-12,0,29.444
miami,2026-07-12,1,29.444
miami,2026-07-12,2,29.444
miami,2026-07-12,3,29.444
miami,2026-07-12,4,29.444
miami,2026-07-12,5,29.444
miami,2026-07-12,6,29.444
miami,2026-07-12,7,29.444
miami,2026-07-12,8,30.0
miami,2026-07-12,9,30.556
miami,2026-07-12,10,31.667
miami,2026-07-12,11,31.667
miami,2026-07-12,12,32.778
miami,2026-07-12,13,33.333
miami,2026-07-12,14,33.889
miami,2026-07-12,15,34.444
miami,2026-07-12,16,34.444
miami,2026-07-12,17,34.444
miami,2026-07-12,18,34.444
miami,2026-07-12,19,34.444
miami,2026-07-12,20,34.444
miami,2026-07-12,21,34.444
miami,2026-07-12,22,34.444
miami,2026-07-12,23,34.444
miami,2026-07-13,0,28.889
miami,2026-07-13,1,29.444
miami,2026-07-13,2,29.444
miami,2026-07-13,3,29.444
miami,2026-07-13,4,29.444
miami,2026-07-13,5,29.444
miami,2026-07-13,6,29.444
miami,2026-07-13,7,29.444
miami,2026-07-13,8,30.556
miami,2026-07-13,9,31.111
miami,2026-07-13,10,32.222
miami,2026-07-13,11,32.778
miami,2026-07-13,12,32.778
miami,2026-07-13,13,33.333
miami,2026-07-13,14,33.333
miami,2026-07-13,15,33.333
miami,2026-07-13,16,33.333
miami,2026-07-13,17,33.333
miami,2026-07-13,18,33.333
miami,2026-07-13,19,33.333
miami,2026-07-13,20,33.333
miami,2026-07-13,21,33.333
miami,2026-07-13,22,33.333
miami,2026-07-13,23,33.333
miami,2026-07-14,0,26.667
miami,2026-07-14,1,27.222
miami,2026-07-14,2,27.222
miami,2026-07-14,3,27.778
miami,2026-07-14,4,27.778
miami,2026-07-14,5,27.778
miami,2026-07-14,6,27.778
miami,2026-07-14,7,28.889
miami,2026-07-14,8,30.556
miami,2026-07-14,9,31.111
miami,2026-07-14,10,31.667
miami,2026-07-14,11,32.778
miami,2026-07-14,12,33.333
miami,2026-07-14,13,33.889
miami,2026-07-14,14,33.889
miami,2026-07-14,15,34.444
miami,2026-07-14,16,34.444
miami,2026-07-14,17,34.444
miami,2026-07-14,18,34.444
miami,2026-07-14,19,34.444
miami,2026-07-14,20,34.444
miami,2026-07-14,21,34.444
miami,2026-07-14,22,34.444
miami,2026-07-14,23,34.444
miami,2026-07-15,0,28.889
miami,2026-07-15,1,28.889
miami,2026-07-15,2,28.889
miami,2026-07-15,3,28.889
miami,2026-07-15,4,28.889
miami,2026-07-15,5,28.889
miami,2026-07-15,6,28.889
miami,2026-07-15,7,28.889
miami,2026-07-15,8,28.889
miami,2026-07-15,9,30.0
miami,2026-07-15,10,31.667
miami,2026-07-15,11,32.222
miami,2026-07-15,12,33.333
miami,2026-07-15,13,33.333
miami,2026-07-15,14,33.889
miami,2026-07-15,15,33.889
miami,2026-07-15,16,33.889
miami,2026-07-15,17,33.889
miami,2026-07-15,18,33.889
miami,2026-07-15,19,33.889
miami,2026-07-15,20,33.889
miami,2026-07-15,21,33.889
miami,2026-07-15,22,33.889
miami,2026-07-15,23,33.889
miami,2026-07-16,0,27.222
miami,2026-07-16,1,27.222
miami,2026-07-16,2,27.222
miami,2026-07-16,3,27.222
miami,2026-07-16,4,27.222
miami,2026-07-16,5,27.222
miami,2026-07-16,6,28.333
miami,2026-07-16,7,28.889
miami,2026-07-16,8,29.444
miami,2026-07-16,9,30.556
miami,2026-07-16,10,32.778
miami,2026-07-16,11,33.889
miami,2026-07-16,12,33.889
miami,2026-07-16,13,33.889
miami,2026-07-16,14,35.0
miami,2026-07-16,15,36.111
miami,2026-07-16,16,36.111
miami,2026-07-16,17,36.111
miami,2026-07-16,18,36.111
miami,2026-07-16,19,36.111
miami,2026-07-16,20,36.111
miami,2026-07-16,21,36.111
miami,2026-07-16,22,36.111
miami,2026-07-16,23,36.111
miami,2026-07-17,0,28.889
miami,2026-07-17,1,28.889
miami,2026-07-17,2,28.889
miami,2026-07-17,3,28.889
miami,2026-07-17,4,28.889
miami,2026-07-17,5,28.889
miami,2026-07-17,6,28.889
miami,2026-07-17,7,28.889
miami,2026-07-17,8,30.0
miami,2026-07-17,9,31.111
miami,2026-07-17,10,32.778
miami,2026-07-17,11,33.333
miami,2026-07-17,12,33.333
miami,2026-07-17,13,33.333
miami,2026-07-17,14,33.333
miami,2026-07-17,15,33.333
miami,2026-07-17,16,33.333
miami,2026-07-17,17,33.333
miami,2026-07-17,18,33.333
miami,2026-07-17,19,33.333
miami,2026-07-17,20,33.333
miami,2026-07-17,21,33.333
miami,2026-07-17,22,33.333
miami,2026-07-17,23,33.333
miami,2026-07-18,0,28.333
miami,2026-07-18,1,28.333
miami,2026-07-18,2,28.333
miami,2026-07-18,3,28.333
miami,2026-07-18,4,28.333
miami,2026-07-18,5,28.333
miami,2026-07-18,6,28.333
miami,2026-07-18,7,28.333
miami,2026-07-18,8,28.333
miami,2026-07-18,9,30.0
miami,2026-07-18,10,30.0
miami,2026-07-18,11,31.111
miami,2026-07-18,12,31.111
miami,2026-07-18,13,31.111
miami,2026-07-18,14,31.111
miami,2026-07-18,15,32.778
miami,2026-07-18,16,32.778
miami,2026-07-18,17,32.778
miami,2026-07-18,18,32.778
miami,2026-07-18,19,32.778
miami,2026-07-18,20,32.778
miami,2026-07-18,21,32.778
miami,2026-07-18,22,32.778
miami,2026-07-18,23,32.778
miami,2026-07-19,0,28.889
miami,2026-07-19,1,28.889
miami,2026-07-19,2,28.889
miami,2026-07-19,3,28.889
miami,2026-07-19,4,28.889
miami,2026-07-19,5,28.889
miami,2026-07-19,6,28.889
miami,2026-07-19,7,29.444
miami,2026-07-19,8,30.556
miami,2026-07-19,9,31.111
miami,2026-07-19,10,32.222
miami,2026-07-19,11,32.222
miami,2026-07-19,12,32.778
miami,2026-07-19,13,32.778
miami,2026-07-19,14,32.778
miami,2026-07-19,15,32.778
miami,2026-07-19,16,32.778
miami,2026-07-19,17,32.778
miami,2026-07-19,18,32.778
miami,2026-07-19,19,32.778
miami,2026-07-19,20,32.778
miami,2026-07-19,21,32.778
miami,2026-07-19,22,32.778
miami,2026-07-19,23,32.778
miami,2026-07-20,0,28.889
miami,2026-07-20,1,28.889
miami,2026-07-20,2,28.889
miami,2026-07-20,3,28.889
miami,2026-07-20,4,28.889
miami,2026-07-20,5,28.889
miami,2026-07-20,6,28.889
miami,2026-07-20,7,29.444
miami,2026-07-20,8,30.0
miami,2026-07-20,9,31.111
miami,2026-07-20,10,32.222
miami,2026-07-20,11,32.778
miami,2026-07-20,12,32.778
miami,2026-07-20,13,33.889
miami,2026-07-20,14,33.889
miami,2026-07-20,15,33.889
miami,2026-07-20,16,33.889
miami,2026-07-20,17,33.889
miami,2026-07-20,18,33.889
miami,2026-07-20,19,33.889
miami,2026-07-20,20,33.889
miami,2026-07-20,21,33.889
miami,2026-07-20,22,33.889
miami,2026-07-20,23,33.889
miami,2026-07-21,0,28.333
miami,2026-07-21,1,28.333
miami,2026-07-21,2,28.333
miami,2026-07-21,3,28.889
miami,2026-07-21,4,28.889
miami,2026-07-21,5,28.889
miami,2026-07-21,6,28.889
miami,2026-07-21,7,28.889
miami,2026-07-21,8,30.0
miami,2026-07-21,9,30.556
miami,2026-07-21,10,31.111
miami,2026-07-21,11,32.222
miami,2026-07-21,12,32.778
miami,2026-07-21,13,32.778
miami,2026-07-21,14,32.778
miami,2026-07-21,15,32.778
miami,2026-07-21,16,32.778
miami,2026-07-21,17,32.778
miami,2026-07-21,18,32.778
miami,2026-07-21,19,32.778
miami,2026-07-21,20,32.778
miami,2026-07-21,21,32.778
miami,2026-07-21,22,32.778
miami,2026-07-21,23,32.778
miami,2026-07-22,0,28.889
miami,2026-07-22,1,28.889
miami,2026-07-22,2,28.889
miami,2026-07-22,3,28.889
miami,2026-07-22,4,28.889
miami,2026-07-22,5,28.889
miami,2026-07-22,6,28.889
miami,2026-07-22,7,29.444
miami,2026-07-22,8,30.556
miami,2026-07-22,9,31.111
miami,2026-07-22,10,31.667
miami,2026-07-22,11,32.222
miami,2026-07-22,12,32.222
miami,2026-07-22,13,32.778
miami,2026-07-22,14,33.333
miami,2026-07-22,15,33.333
miami,2026-07-22,16,33.333
miami,2026-07-22,17,33.333
miami,2026-07-22,18,33.333
miami,2026-07-22,19,33.333
miami,2026-07-22,20,33.333
miami,2026-07-22,21,33.333
miami,2026-07-22,22,33.333
miami,2026-07-22,23,33.333
miami,2026-07-23,0,29.444
miami,2026-07-23,1,29.444
miami,2026-07-23,2,29.444
miami,2026-07-23,3,29.444
miami,2026-07-23,4,29.444
miami,2026-07-23,5,29.444
miami,2026-07-23,6,29.444
miami,2026-07-23,7,29.444
miami,2026-07-23,8,30.556
miami,2026-07-23,9,30.556
miami,2026-07-23,10,31.667
miami,2026-07-23,11,31.667
miami,2026-07-23,12,33.333
miami,2026-07-23,13,33.333
miami,2026-07-23,14,33.333
miami,2026-07-23,15,33.333
miami,2026-07-23,16,33.333
miami,2026-07-23,17,33.333
miami,2026-07-23,18,33.333
miami,2026-07-23,19,33.333
miami,2026-07-23,20,33.333
miami,2026-07-23,21,33.333
miami,2026-07-23,22,33.333
miami,2026-07-23,23,33.333
miami,2026-07-24,0,29.444
miami,2026-07-24,1,29.444
miami,2026-07-24,2,29.444
miami,2026-07-24,3,29.444
miami,2026-07-24,4,29.444
miami,2026-07-24,5,29.444
miami,2026-07-24,6,29.444
miami,2026-07-24,7,29.444
miami,2026-07-24,8,29.444
miami,2026-07-24,9,30.556
miami,2026-07-24,10,30.556
miami,2026-07-24,11,32.222
miami,2026-07-24,12,32.778
miami,2026-07-24,13,33.333
miami,2026-07-24,14,33.333
miami,2026-07-24,15,33.333
miami,2026-07-24,16,33.333
miami,2026-07-24,17,33.333
miami,2026-07-24,18,33.333
miami,2026-07-24,19,33.333
miami,2026-07-24,20,33.333
miami,2026-07-24,21,33.333
miami,2026-07-24,22,33.333
miami,2026-07-24,23,33.333
miami,2026-07-25,0,29.444
miami,2026-07-25,1,29.444
miami,2026-07-25,2,29.444
miami,2026-07-25,3,29.444
miami,2026-07-25,4,29.444
miami,2026-07-25,5,29.444
miami,2026-07-25,6,29.444
miami,2026-07-25,7,29.444
miami,2026-07-25,8,29.444
miami,2026-07-25,9,30.0
miami,2026-07-25,10,30.0
miami,2026-07-25,11,31.111
miami,2026-07-25,12,32.222
miami,2026-07-25,13,33.333
miami,2026-07-25,14,33.333
miami,2026-07-25,15,33.333
miami,2026-07-25,16,33.333
miami,2026-07-25,17,33.333
miami,2026-07-25,18,33.333
miami,2026-07-25,19,33.333
miami,2026-07-25,20,33.333
miami,2026-07-25,21,33.333
miami,2026-07-25,22,33.333
miami,2026-07-25,23,33.333
miami,2026-07-26,0,28.889
miami,2026-07-26,1,28.889
miami,2026-07-26,2,28.889
miami,2026-07-26,3,28.889
miami,2026-07-26,4,28.889
miami,2026-07-26,5,28.889
miami,2026-07-26,6,28.889
miami,2026-07-26,7,28.889
miami,2026-07-26,8,30.0
miami,2026-07-26,9,31.111
miami,2026-07-26,10,31.667
miami,2026-07-26,11,32.778
miami,2026-07-26,12,34.444
miami,2026-07-26,13,34.444
miami,2026-07-26,14,34.444
miami,2026-07-26,15,34.444
miami,2026-07-26,16,34.444
miami,2026-07-26,17,34.444
miami,2026-07-26,18,34.444
miami,2026-07-26,19,34.444
miami,2026-07-26,20,34.444
miami,2026-07-26,21,34.444
miami,2026-07-26,22,34.444
miami,2026-07-26,23,34.444
miami,2026-07-27,0,25.556
miami,2026-07-27,1,25.556
miami,2026-07-27,2,25.556
miami,2026-07-27,3,25.556
miami,2026-07-27,4,25.556
miami,2026-07-27,5,25.556
miami,2026-07-27,6,25.556
miami,2026-07-27,7,26.111
miami,2026-07-27,8,28.333
miami,2026-07-27,9,30.0
miami,2026-07-27,10,30.0
miami,2026-07-27,11,30.0
miami,2026-07-27,12,32.222
miami,2026-07-27,13,32.222
miami,2026-07-27,14,32.222
miami,2026-07-27,15,32.222
miami,2026-07-27,16,32.222
miami,2026-07-27,17,32.222
miami,2026-07-27,18,32.222
miami,2026-07-27,19,32.222
miami,2026-07-27,20,32.222
miami,2026-07-27,21,32.222
miami,2026-07-27,22,32.222
miami,2026-07-27,23,32.222
miami,2026-07-28,0,26.111
miami,2026-07-28,1,26.111
miami,2026-07-28,2,26.111
miami,2026-07-28,3,26.111
miami,2026-07-28,4,26.111
miami,2026-07-28,5,26.111
miami,2026-07-28,6,26.111
miami,2026-07-28,7,26.667
miami,2026-07-28,8,28.889
miami,2026-07-28,9,30.0
miami,2026-07-28,10,31.667
miami,2026-07-28,11,31.667
miami,2026-07-28,12,31.667
miami,2026-07-28,13,31.667
miami,2026-07-28,14,31.667
miami,2026-07-28,15,31.667
miami,2026-07-28,16,31.667
miami,2026-07-28,17,31.667
miami,2026-07-28,18,31.667
miami,2026-07-28,19,31.667
miami,2026-07-28,20,31.667
miami,2026-07-28,21,31.667
miami,2026-07-28,22,31.667
miami,2026-07-28,23,31.667
miami,2026-07-29,0,27.222
miami,2026-07-29,1,27.222
miami,2026-07-29,2,27.222
miami,2026-07-29,3,27.222
miami,2026-07-29,4,27.222
miami,2026-07-29,5,27.222
miami,2026-07-29,6,27.222
miami,2026-07-29,7,27.778
miami,2026-07-29,8,30.0
miami,2026-07-29,9,31.111
miami,2026-07-29,10,32.222
miami,2026-07-29,11,32.222
miami,2026-07-29,12,32.778
miami,2026-07-29,13,32.778
miami,2026-07-29,14,32.778
miami,2026-07-29,15,33.333
miami,2026-07-29,16,34.444
miami,2026-07-29,17,34.444
miami,2026-07-29,18,34.444
miami,2026-07-29,19,34.444
miami,2026-07-29,20,34.444
miami,2026-07-29,21,34.444
miami,2026-07-29,22,34.444
miami,2026-07-29,23,34.444
miami,2026-07-30,0,28.333
miami,2026-07-30,1,28.333
miami,2026-07-30,2,28.333
miami,2026-07-30,3,28.333
miami,2026-07-30,4,28.333
miami,2026-07-30,5,28.333
miami,2026-07-30,6,28.333
miami,2026-07-30,7,28.333
miami,2026-07-30,8,29.444
miami,2026-07-30,9,31.111
miami,2026-07-30,10,32.222
miami,2026-07-30,11,33.333
miami,2026-07-30,12,33.889
miami,2026-07-30,13,35.556
miami,2026-07-30,14,35.556
miami,2026-07-30,15,35.556
miami,2026-07-30,16,35.556
miami,2026-07-30,17,35.556
miami,2026-07-30,18,35.556
miami,2026-07-30,19,35.556
miami,2026-07-30,20,35.556
miami,2026-07-30,21,35.556
miami,2026-07-30,22,35.556
miami,2026-07-30,23,35.556
miami,2026-07-31,0,28.333
miami,2026-07-31,1,28.333
miami,2026-07-31,2,28.333
miami,2026-07-31,3,28.333
miami,2026-07-31,4,28.333
miami,2026-07-31,5,28.333
miami,2026-07-31,6,28.333
miami,2026-07-31,7,28.333
miami,2026-07-31,8,29.444
miami,2026-07-31,9,30.556
miami,2026-07-31,10,32.222
miami,2026-07-31,11,33.889
miami,2026-07-31,12,34.444
miami,2026-07-31,13,35.556
miami,2026-07-31,14,35.556
miami,2026-07-31,15,35.556
miami,2026-07-31,16,35.556
miami,2026-07-31,17,35.556
miami,2026-07-31,18,35.556
miami,2026-07-31,19,35.556
miami,2026-07-31,20,35.556
miami,2026-07-31,21,35.556
miami,2026-07-31,22,35.556
miami,2026-07-31,23,35.556
miami,2026-08-01,0,28.889
miami,2026-08-01,1,28.889
miami,2026-08-01,2,28.889
miami,2026-08-01,3,28.889
miami,2026-08-01,4,28.889
miami,2026-08-01,5,28.889
miami,2026-08-01,6,28.889
miami,2026-08-01,7,28.889
miami,2026-08-01,8,29.444
miami,2026-08-01,9,30.556
miami,2026-08-01,10,31.111
miami,2026-08-01,11,32.778
miami,2026-08-01,12,33.889
miami,2026-08-01,13,33.889
miami,2026-08-01,14,33.889
miami,2026-08-01,15,33.889
miami,2026-08-01,16,33.889
miami,2026-08-01,17,33.889
miami,2026-08-01,18,33.889
miami,2026-08-01,19,33.889
miami,2026-08-01,20,33.889
miami,2026-08-01,21,33.889
miami,2026-08-01,22,33.889
miami,2026-08-01,23,33.889
miami,2026-08-02,0,26.111
miami,2026-08-02,1,27.222
miami,2026-08-02,2,27.222
miami,2026-08-02,3,27.222
miami,2026-08-02,4,27.222
miami,2026-08-02,5,27.222
miami,2026-08-02,6,27.222
miami,2026-08-02,7,28.333
miami,2026-08-02,8,28.333
miami,2026-08-02,9,28.333
miami,2026-08-02,10,30.556
miami,2026-08-02,11,31.111
miami,2026-08-02,12,32.222
miami,2026-08-02,13,32.222
miami,2026-08-02,14,32.222
miami,2026-08-02,15,32.222
miami,2026-08-02,16,32.222
miami,2026-08-02,17,32.222
miami,2026-08-02,18,32.222
miami,2026-08-02,19,32.222
miami,2026-08-02,20,32.222
miami,2026-08-02,21,32.222
miami,2026-08-02,22,32.222
miami,2026-08-02,23,32.222
miami,2026-08-03,0,27.778
miami,2026-08-03,1,27.778
miami,2026-08-03,2,28.889
miami,2026-08-03,3,28.889
miami,2026-08-03,4,28.889
miami,2026-08-03,5,28.889
miami,2026-08-03,6,28.889
miami,2026-08-03,7,28.889
miami,2026-08-03,8,28.889
miami,2026-08-03,9,30.0
miami,2026-08-03,10,30.556
miami,2026-08-03,11,32.222
miami,2026-08-03,12,32.778
miami,2026-08-03,13,32.778
miami,2026-08-03,14,32.778
miami,2026-08-03,15,32.778
miami,2026-08-03,16,32.778
miami,2026-08-03,17,32.778
miami,2026-08-03,18,32.778
miami,2026-08-03,19,32.778
miami,2026-08-03,20,32.778
miami,2026-08-03,21,32.778
miami,2026-08-03,22,32.778
miami,2026-08-03,23,32.778
miami,2026-08-04,0,26.667
miami,2026-08-04,1,26.667
miami,2026-08-04,2,26.667
miami,2026-08-04,3,26.667
miami,2026-08-04,4,26.667
miami,2026-08-04,5,26.667
miami,2026-08-04,6,26.667
miami,2026-08-04,7,27.222
miami,2026-08-04,8,28.889
miami,2026-08-04,9,30.0
miami,2026-08-04,10,31.111
miami,2026-08-04,11,32.222
miami,2026-08-04,12,32.222
miami,2026-08-04,13,32.222
miami,2026-08-04,14,32.222
miami,2026-08-04,15,32.222
miami,2026-08-04,16,32.222
miami,2026-08-04,17,32.222
miami,2026-08-04,18,32.222
miami,2026-08-04,19,32.222
miami,2026-08-04,20,32.222
miami,2026-08-04,21,32.222
miami,2026-08-04,22,32.222
miami,2026-08-04,23,32.222
miami,2026-08-05,0,25.556
miami,2026-08-05,1,26.111
miami,2026-08-05,2,26.111
miami,2026-08-05,3,26.111
miami,2026-08-05,4,26.111
miami,2026-08-05,5,26.111
miami,2026-08-05,6,26.667
miami,2026-08-05,7,27.222
miami,2026-08-05,8,27.222
miami,2026-08-05,9,28.333
miami,2026-08-05,10,30.556
miami,2026-08-05,11,31.111
miami,2026-08-05,12,31.667
miami,2026-08-05,13,31.667
miami,2026-08-05,14,31.667
miami,2026-08-05,15,31.667
miami,2026-08-05,16,31.667
miami,2026-08-05,17,31.667
miami,2026-08-05,18,31.667
miami,2026-08-05,19,31.667
miami,2026-08-05,20,31.667
miami,2026-08-05,21,31.667
miami,2026-08-05,22,31.667
miami,2026-08-05,23,31.667
miami,2026-08-06,0,26.111
miami,2026-08-06,1,26.111
miami,2026-08-06,2,26.111
miami,2026-08-06,3,27.778
miami,2026-08-06,4,27.778
miami,2026-08-06,5,27.778
miami,2026-08-06,6,27.778
miami,2026-08-06,7,28.889
miami,2026-08-06,8,29.444
miami,2026-08-06,9,30.556
miami,2026-08-06,10,30.556
miami,2026-08-06,11,30.556
miami,2026-08-06,12,30.556
miami,2026-08-06,13,30.556
miami,2026-08-06,14,30.556
miami,2026-08-06,15,30.556
miami,2026-08-06,16,31.111
miami,2026-08-06,17,31.111
miami,2026-08-06,18,31.111
miami,2026-08-06,19,31.111
miami,2026-08-06,20,31.111
miami,2026-08-06,21,31.111
miami,2026-08-06,22,31.111
miami,2026-08-06,23,31.111
miami,2026-08-07,0,27.778
miami,2026-08-07,1,27.778
miami,2026-08-07,2,27.778
miami,2026-08-07,3,27.778
miami,2026-08-07,4,27.778
miami,2026-08-07,5,27.778
miami,2026-08-07,6,27.778
miami,2026-08-07,7,27.778
miami,2026-08-07,8,28.889
miami,2026-08-07,9,29.444
miami,2026-08-07,10,30.556
miami,2026-08-07,11,31.111
miami,2026-08-07,12,32.222
miami,2026-08-07,13,32.222
miami,2026-08-07,14,32.222
miami,2026-08-07,15,32.222
miami,2026-08-07,16,32.222
miami,2026-08-07,17,32.222
miami,2026-08-07,18,32.222
miami,2026-08-07,19,32.222
miami,2026-08-07,20,32.222
miami,2026-08-07,21,32.222
miami,2026-08-07,22,32.222
miami,2026-08-07,23,32.222
miami,2026-08-08,0,28.889
miami,2026-08-08,1,28.889
miami,2026-08-08,2,28.889
miami,2026-08-08,3,28.889
miami,2026-08-08,4,28.889
miami,2026-08-08,5,28.889
miami,2026-08-08,6,28.889
miami,2026-08-08,7,29.444
miami,2026-08-08,8,30.556
miami,2026-08-08,9,30.556
miami,2026-08-08,10,32.222
miami,2026-08-08,11,32.222
miami,2026-08-08,12,32.778
miami,2026-08-08,13,32.778
miami,2026-08-08,14,32.778
miami,2026-08-08,15,32.778
miami,2026-08-08,16,32.778
miami,2026-08-08,17,32.778
miami,2026-08-08,18,32.778
miami,2026-08-08,19,32.778
miami,2026-08-08,20,32.778
miami,2026-08-08,21,32.778
miami,2026-08-08,22,32.778
miami,2026-08-08,23,32.778
miami,2026-08-09,0,29.444
miami,2026-08-09,1,29.444
miami,2026-08-09,2,29.444
miami,2026-08-09,3,29.444
miami,2026-08-09,4,29.444
miami,2026-08-09,5,29.444
miami,2026-08-09,6,29.444
miami,2026-08-09,7,29.444
miami,2026-08-09,8,30.556
miami,2026-08-09,9,30.556
miami,2026-08-09,10,31.667
miami,2026-08-09,11,32.778
miami,2026-08-09,12,32.778
miami,2026-08-09,13,33.333
miami,2026-08-09,14,33.333
miami,2026-08-09,15,33.333
miami,2026-08-09,16,33.333
miami,2026-08-09,17,33.333
miami,2026-08-09,18,33.333
miami,2026-08-09,19,33.333
miami,2026-08-09,20,33.333
miami,2026-08-09,21,33.333
miami,2026-08-09,22,33.333
miami,2026-08-09,23,33.333
miami,2026-08-10,0,30.0
miami,2026-08-10,1,30.0
miami,2026-08-10,2,30.0
miami,2026-08-10,3,30.0
miami,2026-08-10,4,30.0
miami,2026-08-10,5,30.0
miami,2026-08-10,6,30.0
miami,2026-08-10,7,30.0
miami,2026-08-10,8,30.556
miami,2026-08-10,9,31.667
miami,2026-08-10,10,32.222
miami,2026-08-10,11,33.333
miami,2026-08-10,12,33.333
miami,2026-08-10,13,33.333
miami,2026-08-10,14,33.333
miami,2026-08-10,15,33.333
miami,2026-08-10,16,33.333
miami,2026-08-10,17,33.333
miami,2026-08-10,18,33.333
miami,2026-08-10,19,33.333
miami,2026-08-10,20,33.333
miami,2026-08-10,21,33.333
miami,2026-08-10,22,33.333
miami,2026-08-10,23,33.333
miami,2026-08-11,0,29.444
miami,2026-08-11,1,29.444
miami,2026-08-11,2,29.444
miami,2026-08-11,3,29.444
miami,2026-08-11,4,29.444
miami,2026-08-11,5,29.444
miami,2026-08-11,6,29.444
miami,2026-08-11,7,29.444
miami,2026-08-11,8,31.111
miami,2026-08-11,9,31.667
miami,2026-08-11,10,32.778
miami,2026-08-11,11,32.778
miami,2026-08-11,12,33.333
miami,2026-08-11,13,33.333
miami,2026-08-11,14,33.889
miami,2026-08-11,15,33.889
miami,2026-08-11,16,33.889
miami,2026-08-11,17,33.889
miami,2026-08-11,18,33.889
miami,2026-08-11,19,33.889
miami,2026-08-11,20,33.889
miami,2026-08-11,21,33.889
miami,2026-08-11,22,33.889
miami,2026-08-11,23,33.889
miami,2026-08-12,0,28.889
miami,2026-08-12,1,28.889
miami,2026-08-12,2,28.889
miami,2026-08-12,3,28.889
miami,2026-08-12,4,28.889
miami,2026-08-12,5,28.889
miami,2026-08-12,6,28.889
miami,2026-08-12,7,28.889
miami,2026-08-12,8,30.556
miami,2026-08-12,9,31.667
miami,2026-08-12,10,31.667
miami,2026-08-12,11,33.889
miami,2026-08-12,12,33.889
miami,2026-08-12,13,33.889
miami,2026-08-12,14,33.889
miami,2026-08-12,15,33.889
miami,2026-08-12,16,33.889
miami,2026-08-12,17,33.889
miami,2026-08-12,18,33.889
miami,2026-08-12,19,33.889
miami,2026-08-12,20,33.889
miami,2026-08-12,21,33.889
miami,2026-08-12,22,33.889
miami,2026-08-12,23,33.889
miami,2026-08-13,0,27.222
miami,2026-08-13,1,27.222
miami,2026-08-13,2,27.222
miami,2026-08-13,3,27.222
miami,2026-08-13,4,27.222
miami,2026-08-13,5,27.222
miami,2026-08-13,6,27.778
miami,2026-08-13,7,28.889
miami,2026-08-13,8,30.0
miami,2026-08-13,9,31.111
miami,2026-08-13,10,32.778
miami,2026-08-13,11,33.333
miami,2026-08-13,12,34.444
miami,2026-08-13,13,34.444
miami,2026-08-13,14,34.444
miami,2026-08-13,15,34.444
miami,2026-08-13,16,34.444
miami,2026-08-13,17,34.444
miami,2026-08-13,18,34.444
miami,2026-08-13,19,34.444
miami,2026-08-13,20,34.444
miami,2026-08-13,21,34.444
miami,2026-08-13,22,34.444
miami,2026-08-13,23,34.444
miami,2026-08-14,0,28.333
miami,2026-08-14,1,28.889
miami,2026-08-14,2,28.889
miami,2026-08-14,3,28.889
miami,2026-08-14,4,28.889
miami,2026-08-14,5,28.889
miami,2026-08-14,6,28.889
miami,2026-08-14,7,29.444
miami,2026-08-14,8,30.556
miami,2026-08-14,9,31.667
miami,2026-08-14,10,32.222
miami,2026-08-14,11,33.333
miami,2026-08-14,12,33.333
miami,2026-08-14,13,34.444
miami,2026-08-14,14,34.444
miami,2026-08-14,15,34.444
miami,2026-08-14,16,34.444
miami,2026-08-14,17,34.444
miami,2026-08-14,18,34.444
miami,2026-08-14,19,34.444
miami,2026-08-14,20,34.444
miami,2026-08-14,21,34.444
miami,2026-08-14,22,34.444
miami,2026-08-14,23,34.444
miami,2026-08-15,0,30.0
miami,2026-08-15,1,30.0
miami,2026-08-15,2,30.0
miami,2026-08-15,3,30.0
miami,2026-08-15,4,30.0
miami,2026-08-15,5,30.0
miami,2026-08-15,6,30.0
miami,2026-08-15,7,30.0
miami,2026-08-15,8,30.0
miami,2026-08-15,9,31.111
miami,2026-08-15,10,32.222
miami,2026-08-15,11,32.778
miami,2026-08-15,12,33.333
miami,2026-08-15,13,33.333
miami,2026-08-15,14,33.333
miami,2026-08-15,15,33.889
miami,2026-08-15,16,33.889
miami,2026-08-15,17,33.889
miami,2026-08-15,18,33.889
miami,2026-08-15,19,33.889
miami,2026-08-15,20,33.889
miami,2026-08-15,21,33.889
miami,2026-08-15,22,33.889
miami,2026-08-15,23,33.889
miami,2026-08-16,0,30.0
miami,2026-08-16,1,30.0
miami,2026-08-16,2,30.0
miami,2026-08-16,3,30.0
miami,2026-08-16,4,30.0
miami,2026-08-16,5,30.0
miami,2026-08-16,6,30.0
miami,2026-08-16,7,30.0
miami,2026-08-16,8,30.556
miami,2026-08-16,9,30.556
miami,2026-08-16,10,32.222
miami,2026-08-16,11,32.778
miami,2026-08-16,12,33.333
miami,2026-08-16,13,33.889
miami,2026-08-16,14,33.889
miami,2026-08-16,15,33.889
miami,2026-08-16,16,33.889
miami,2026-08-16,17,33.889
miami,2026-08-16,18,33.889
miami,2026-08-16,19,33.889
miami,2026-08-16,20,33.889
miami,2026-08-16,21,33.889
miami,2026-08-16,22,33.889
miami,2026-08-16,23,33.889
miami,2026-08-17,0,28.333
miami,2026-08-17,1,28.333
miami,2026-08-17,2,28.333
miami,2026-08-17,3,28.333
miami,2026-08-17,4,28.333
miami,2026-08-17,5,28.333
miami,2026-08-17,6,28.333
miami,2026-08-17,7,28.333
miami,2026-08-17,8,29.444
miami,2026-08-17,9,30.556
miami,2026-08-17,10,31.667
miami,2026-08-17,11,32.778
miami,2026-08-17,12,33.889
miami,2026-08-17,13,34.444
miami,2026-08-17,14,35.0
miami,2026-08-17,15,35.0
miami,2026-08-17,16,35.0
miami,2026-08-17,17,35.0
miami,2026-08-17,18,35.0
miami,2026-08-17,19,35.0
miami,2026-08-17,20,35.0
miami,2026-08-17,21,35.0
miami,2026-08-17,22,35.0
miami,2026-08-17,23,35.0
miami,2026-08-18,0,28.889
miami,2026-08-18,1,28.889
miami,2026-08-18,2,28.889
miami,2026-08-18,3,28.889
miami,2026-08-18,4,28.889
miami,2026-08-18,5,28.889
miami,2026-08-18,6,28.889
miami,2026-08-18,7,28.889
miami,2026-08-18,8,29.444
miami,2026-08-18,9,31.111
miami,2026-08-18,10,32.222
miami,2026-08-18,11,34.444
miami,2026-08-18,12,35.556
miami,2026-08-18,13,36.111
miami,2026-08-18,14,36.667
miami,2026-08-18,15,36.667
miami,2026-08-18,16,37.222
miami,2026-08-18,17,37.222
miami,2026-08-18,18,37.222
miami,2026-08-18,19,37.222
miami,2026-08-18,20,37.222
miami,2026-08-18,21,37.222
miami,2026-08-18,22,37.222
miami,2026-08-18,23,37.222
miami,2026-08-19,0,29.444
miami,2026-08-19,1,29.444
miami,2026-08-19,2,29.444
miami,2026-08-19,3,29.444
miami,2026-08-19,4,29.444
miami,2026-08-19,5,29.444
miami,2026-08-19,6,29.444
miami,2026-08-19,7,29.444
miami,2026-08-19,8,29.444
miami,2026-08-19,9,31.111
miami,2026-08-19,10,31.667
miami,2026-08-19,11,33.333
miami,2026-08-19,12,33.333
miami,2026-08-19,13,35.0
miami,2026-08-19,14,35.0
miami,2026-08-19,15,35.0
miami,2026-08-19,16,35.0
miami,2026-08-19,17,35.0
miami,2026-08-19,18,35.0
miami,2026-08-19,19,35.0
miami,2026-08-19,20,35.0
miami,2026-08-19,21,35.0
miami,2026-08-19,22,35.0
miami,2026-08-19,23,35.0
miami,2026-08-20,0,27.778
miami,2026-08-20,1,27.778
miami,2026-08-20,2,27.778
miami,2026-08-20,3,27.778
miami,2026-08-20,4,27.778
miami,2026-08-20,5,27.778
miami,2026-08-20,6,27.778
miami,2026-08-20,7,28.333
miami,2026-08-20,8,29.444
miami,2026-08-20,9,31.667
miami,2026-08-20,10,32.778
miami,2026-08-20,11,33.889
miami,2026-08-20,12,33.889
miami,2026-08-20,13,33.889
miami,2026-08-20,14,33.889
miami,2026-08-20,15,33.889
miami,2026-08-20,16,33.889
miami,2026-08-20,17,33.889
miami,2026-08-20,18,33.889
miami,2026-08-20,19,33.889
miami,2026-08-20,20,33.889
miami,2026-08-20,21,33.889
miami,2026-08-20,22,33.889
miami,2026-08-20,23,33.889
miami,2026-08-21,0,28.333
miami,2026-08-21,1,28.333
miami,2026-08-21,2,28.333
miami,2026-08-21,3,28.333
miami,2026-08-21,4,28.333
miami,2026-08-21,5,28.333
miami,2026-08-21,6,28.333
miami,2026-08-21,7,28.333
miami,2026-08-21,8,29.444
miami,2026-08-21,9,30.556
miami,2026-08-21,10,32.222
miami,2026-08-21,11,32.778
miami,2026-08-21,12,33.333
miami,2026-08-21,13,33.333
miami,2026-08-21,14,33.333
miami,2026-08-21,15,33.333
miami,2026-08-21,16,33.333
miami,2026-08-21,17,33.333
miami,2026-08-21,18,33.333
miami,2026-08-21,19,33.333
miami,2026-08-21,20,33.333
miami,2026-08-21,21,33.333
miami,2026-08-21,22,33.333
miami,2026-08-21,23,33.333
miami,2026-08-22,0,28.889
miami,2026-08-22,1,28.889
miami,2026-08-22,2,28.889
miami,2026-08-22,3,28.889
miami,2026-08-22,4,28.889
miami,2026-08-22,5,28.889
miami,2026-08-22,6,28.889
miami,2026-08-22,7,28.889
miami,2026-08-22,8,29.444
miami,2026-08-22,9,30.556
miami,2026-08-22,10,32.222
miami,2026-08-22,11,33.333
miami,2026-08-22,12,33.333
miami,2026-08-22,13,33.333
miami,2026-08-22,14,34.444
miami,2026-08-22,15,34.444
miami,2026-08-22,16,34.444
miami,2026-08-22,17,34.444
miami,2026-08-22,18,34.444
miami,2026-08-22,19,34.444
miami,2026-08-22,20,34.444
miami,2026-08-22,21,34.444
miami,2026-08-22,22,34.444
miami,2026-08-22,23,34.444
miami,2026-08-23,0,28.333
miami,2026-08-23,1,28.333
miami,2026-08-23,2,28.333
miami,2026-08-23,3,28.333
miami,2026-08-23,4,28.333
miami,2026-08-23,5,28.333
miami,2026-08-23,6,28.333
miami,2026-08-23,7,28.333
miami,2026-08-23,8,30.0
miami,2026-08-23,9,31.111
miami,2026-08-23,10,31.667
miami,2026-08-23,11,32.778
miami,2026-08-23,12,32.778
miami,2026-08-23,13,33.333
miami,2026-08-23,14,33.333
miami,2026-08-23,15,33.333
miami,2026-08-23,16,33.333
miami,2026-08-23,17,33.333
miami,2026-08-23,18,33.333
miami,2026-08-23,19,33.333
miami,2026-08-23,20,33.333
miami,2026-08-23,21,33.333
miami,2026-08-23,22,33.333
miami,2026-08-23,23,33.333
miami,2026-08-24,0,27.778
miami,2026-08-24,1,27.778
miami,2026-08-24,2,27.778
miami,2026-08-24,3,27.778
miami,2026-08-24,4,27.778
miami,2026-08-24,5,27.778
miami,2026-08-24,6,27.778
miami,2026-08-24,7,27.778
miami,2026-08-24,8,29.444
miami,2026-08-24,9,30.556
miami,2026-08-24,10,30.556
miami,2026-08-24,11,32.222
miami,2026-08-24,12,32.222
miami,2026-08-24,13,32.222
miami,2026-08-24,14,32.222
miami,2026-08-24,15,32.778
miami,2026-08-24,16,32.778
miami,2026-08-24,17,32.778
miami,2026-08-24,18,32.778
miami,2026-08-24,19,32.778
miami,2026-08-24,20,32.778
miami,2026-08-24,21,32.778
miami,2026-08-24,22,32.778
miami,2026-08-24,23,32.778
miami,2026-08-25,0,28.333
miami,2026-08-25,1,28.333
miami,2026-08-25,2,28.333
miami,2026-08-25,3,28.333
miami,2026-08-25,4,28.333
miami,2026-08-25,5,28.333
miami,2026-08-25,6,28.333
miami,2026-08-25,7,28.333
miami,2026-08-25,8,28.889
miami,2026-08-25,9,30.556
miami,2026-08-25,10,31.667
miami,2026-08-25,11,33.333
miami,2026-08-25,12,33.333
miami,2026-08-25,13,33.333
miami,2026-08-25,14,33.333
miami,2026-08-25,15,33.333
miami,2026-08-25,16,33.333
miami,2026-08-25,17,33.333
miami,2026-08-25,18,33.333
miami,2026-08-25,19,33.333
miami,2026-08-25,20,33.333
miami,2026-08-25,21,33.333
miami,2026-08-25,22,33.333
miami,2026-08-25,23,33.333
miami,2026-08-26,0,28.889
miami,2026-08-26,1,28.889
miami,2026-08-26,2,28.889
miami,2026-08-26,3,28.889
miami,2026-08-26,4,28.889
miami,2026-08-26,5,28.889
miami,2026-08-26,6,28.889
miami,2026-08-26,7,28.889
miami,2026-08-26,8,30.0
miami,2026-08-26,9,32.222
miami,2026-08-26,10,32.222
miami,2026-08-26,11,33.333
miami,2026-08-26,12,33.333
miami,2026-08-26,13,33.333
miami,2026-08-26,14,33.333
miami,2026-08-26,15,33.333
miami,2026-08-26,16,33.333
miami,2026-08-26,17,33.333
miami,2026-08-26,18,33.333
miami,2026-08-26,19,33.333
miami,2026-08-26,20,33.333
miami,2026-08-26,21,33.333
miami,2026-08-26,22,33.333
miami,2026-08-26,23,33.333
miami,2026-08-27,0,28.889
miami,2026-08-27,1,28.889
miami,2026-08-27,2,28.889
miami,2026-08-27,3,28.889
miami,2026-08-27,4,28.889
miami,2026-08-27,5,28.889
miami,2026-08-27,6,28.889
miami,2026-08-27,7,28.889
miami,2026-08-27,8,29.444
miami,2026-08-27,9,31.667
miami,2026-08-27,10,32.222
miami,2026-08-27,11,32.778
miami,2026-08-27,12,33.333
miami,2026-08-27,13,33.889
miami,2026-08-27,14,33.889
miami,2026-08-27,15,33.889
miami,2026-08-27,16,33.889
miami,2026-08-27,17,33.889
miami,2026-08-27,18,33.889
miami,2026-08-27,19,33.889
miami,2026-08-27,20,33.889
miami,2026-08-27,21,33.889
miami,2026-08-27,22,33.889
miami,2026-08-27,23,33.889
miami,2026-08-28,0,27.778
miami,2026-08-28,1,27.778
miami,2026-08-28,2,27.778
miami,2026-08-28,3,27.778
miami,2026-08-28,4,27.778
miami,2026-08-28,5,27.778
miami,2026-08-28,6,27.778
miami,2026-08-28,7,28.333
miami,2026-08-28,8,30.0
miami,2026-08-28,9,30.0
miami,2026-08-28,10,31.667
miami,2026-08-28,11,32.778
miami,2026-08-28,12,32.778
miami,2026-08-28,13,33.889
miami,2026-08-28,14,33.889
miami,2026-08-28,15,33.889
miami,2026-08-28,16,33.889
miami,2026-08-28,17,33.889
miami,2026-08-28,18,33.889
miami,2026-08-28,19,33.889
miami,2026-08-28,20,33.889
miami,2026-08-28,21,33.889
miami,2026-08-28,22,33.889
miami,2026-08-28,23,33.889
miami,2026-08-29,0,29.444
miami,2026-08-29,1,29.444
miami,2026-08-29,2,29.444
miami,2026-08-29,3,29.444
miami,2026-08-29,4,29.444
miami,2026-08-29,5,29.444
miami,2026-08-29,6,29.444
miami,2026-08-29,7,29.444
miami,2026-08-29,8,29.444
miami,2026-08-29,9,29.444
miami,2026-08-29,10,29.444
miami,2026-08-29,11,29.444
miami,2026-08-29,12,29.444
miami,2026-08-29,13,29.444
miami,2026-08-29,14,29.444
miami,2026-08-29,15,29.444
miami,2026-08-29,16,29.444
miami,2026-08-29,17,29.444
miami,2026-08-29,18,29.444
miami,2026-08-29,19,29.444
miami,2026-08-29,20,29.444
miami,2026-08-29,21,29.444
miami,2026-08-29,22,29.444
miami,2026-08-29,23,29.444
miami,2026-08-30,0,27.778
miami,2026-08-30,1,27.778
miami,2026-08-30,2,27.778
miami,2026-08-30,3,27.778
miami,2026-08-30,4,27.778
miami,2026-08-30,5,27.778
miami,2026-08-30,6,28.333
miami,2026-08-30,7,28.333
miami,2026-08-30,8,28.889
miami,2026-08-30,9,30.0
miami,2026-08-30,10,31.111
miami,2026-08-30,11,31.667
miami,2026-08-30,12,31.667
miami,2026-08-30,13,32.778
miami,2026-08-30,14,32.778
miami,2026-08-30,15,32.778
miami,2026-08-30,16,32.778
miami,2026-08-30,17,32.778
miami,2026-08-30,18,32.778
miami,2026-08-30,19,32.778
miami,2026-08-30,20,32.778
miami,2026-08-30,21,32.778
miami,2026-08-30,22,32.778
miami,2026-08-30,23,32.778
miami,2026-08-31,0,27.222
miami,2026-08-31,1,27.222
miami,2026-08-31,2,27.222
miami,2026-08-31,3,27.222
miami,2026-08-31,4,27.222
miami,2026-08-31,5,27.222
miami,2026-08-31,6,27.222
miami,2026-08-31,7,27.222
miami,2026-08-31,8,28.889
miami,2026-08-31,9,30.0
miami,2026-08-31,10,32.222
miami,2026-08-31,11,32.778
miami,2026-08-31,12,32.778
miami,2026-08-31,13,32.778
miami,2026-08-31,14,32.778
miami,2026-08-31,15,32.778
miami,2026-08-31,16,32.778
miami,2026-08-31,17,32.778
miami,2026-08-31,18,32.778
miami,2026-08-31,19,32.778
miami,2026-08-31,20,32.778
miami,2026-08-31,21,32.778
miami,2026-08-31,22,32.778
miami,2026-08-31,23,32.778
miami,2026-09-01,0,26.111
miami,2026-09-01,1,26.111
miami,2026-09-01,2,26.667
miami,2026-09-01,3,26.667
miami,2026-09-01,4,26.667
miami,2026-09-01,5,26.667
miami,2026-09-01,6,26.667
miami,2026-09-01,7,26.667
miami,2026-09-01,8,26.667
miami,2026-09-01,9,27.222
miami,2026-09-01,10,30.0
miami,2026-09-01,11,30.0
miami,2026-09-01,12,31.667
miami,2026-09-01,13,31.667
miami,2026-09-01,14,31.667
miami,2026-09-01,15,31.667
miami,2026-09-01,16,31.667
miami,2026-09-01,17,31.667
miami,2026-09-01,18,31.667
miami,2026-09-01,19,31.667
miami,2026-09-01,20,31.667
miami,2026-09-01,21,31.667
miami,2026-09-01,22,31.667
miami,2026-09-01,23,31.667
miami,2026-09-02,0,25.0
miami,2026-09-02,1,25.556
miami,2026-09-02,2,25.556
miami,2026-09-02,3,25.556
miami,2026-09-02,4,25.556
miami,2026-09-02,5,26.111
miami,2026-09-02,6,26.111
miami,2026-09-02,7,26.111
miami,2026-09-02,8,28.333
miami,2026-09-02,9,30.0
miami,2026-09-02,10,30.0
miami,2026-09-02,11,31.667
miami,2026-09-02,12,31.667
miami,2026-09-02,13,31.667
miami,2026-09-02,14,31.667
miami,2026-09-02,15,31.667
miami,2026-09-02,16,31.667
miami,2026-09-02,17,31.667
miami,2026-09-02,18,31.667
miami,2026-09-02,19,31.667
miami,2026-09-02,20,31.667
miami,2026-09-02,21,31.667
miami,2026-09-02,22,31.667
miami,2026-09-02,23,31.667
miami,2026-09-03,0,26.111
miami,2026-09-03,1,26.111
miami,2026-09-03,2,26.111
miami,2026-09-03,3,26.111
miami,2026-09-03,4,26.111
miami,2026-09-03,5,26.111
miami,2026-09-03,6,26.111
miami,2026-09-03,7,26.111
miami,2026-09-03,8,28.889
miami,2026-09-03,9,31.111
miami,2026-09-03,10,32.222
miami,2026-09-03,11,32.222
miami,2026-09-03,12,32.778
miami,2026-09-03,13,33.889
miami,2026-09-03,14,33.889
miami,2026-09-03,15,33.889
miami,2026-09-03,16,33.889
miami,2026-09-03,17,33.889
miami,2026-09-03,18,33.889
miami,2026-09-03,19,33.889
miami,2026-09-03,20,33.889
miami,2026-09-03,21,33.889
miami,2026-09-03,22,33.889
miami,2026-09-03,23,33.889
miami,2026-09-04,0,27.778
miami,2026-09-04,1,27.778
miami,2026-09-04,2,27.778
miami,2026-09-04,3,27.778
miami,2026-09-04,4,27.778
miami,2026-09-04,5,27.778
miami,2026-09-04,6,27.778
miami,2026-09-04,7,27.778
miami,2026-09-04,8,27.778
miami,2026-09-04,9,27.778
miami,2026-09-04,10,27.778
miami,2026-09-04,11,30.556
miami,2026-09-04,12,32.222
miami,2026-09-04,13,32.222
miami,2026-09-04,14,32.222
miami,2026-09-04,15,32.222
miami,2026-09-04,16,32.222
miami,2026-09-04,17,32.222
miami,2026-09-04,18,32.222
miami,2026-09-04,19,32.222
miami,2026-09-04,20,32.222
miami,2026-09-04,21,32.222
miami,2026-09-04,22,32.222
miami,2026-09-04,23,32.222
miami,2026-09-05,0,28.889
miami,2026-09-05,1,28.889
miami,2026-09-05,2,28.889
miami,2026-09-05,3,28.889
miami,2026-09-05,4,28.889
miami,2026-09-05,5,28.889
miami,2026-09-05,6,28.889
miami,2026-09-05,7,28.889
miami,2026-09-05,8,28.889
miami,2026-09-05,9,28.889
miami,2026-09-05,10,31.111
miami,2026-09-05,11,31.111
miami,2026-09-05,12,32.778
miami,2026-09-05,13,32.778
miami,2026-09-05,14,32.778
miami,2026-09-05,15,32.778
miami,2026-09-05,16,32.778
miami,2026-09-05,17,32.778
miami,2026-09-05,18,32.778
miami,2026-09-05,19,32.778
miami,2026-09-05,20,32.778
miami,2026-09-05,21,32.778
miami,2026-09-05,22,32.778
miami,2026-09-05,23,32.778
miami,2026-09-06,0,25.0
miami,2026-09-06,1,25.0
miami,2026-09-06,2,25.0
miami,2026-09-06,3,25.0
miami,2026-09-06,4,25.0
miami,2026-09-06,5,25.556
miami,2026-09-06,6,25.556
miami,2026-09-06,7,26.111
miami,2026-09-06,8,27.222
miami,2026-09-06,9,29.444
miami,2026-09-06,10,31.111
miami,2026-09-06,11,31.667
miami,2026-09-06,12,32.222
miami,2026-09-06,13,32.222
miami,2026-09-06,14,32.222
miami,2026-09-06,15,32.222
miami,2026-09-06,16,32.222
miami,2026-09-06,17,32.222
miami,2026-09-06,18,32.222
miami,2026-09-06,19,32.222
miami,2026-09-06,20,32.222
miami,2026-09-06,21,32.222
miami,2026-09-06,22,32.222
miami,2026-09-06,23,32.222
miami,2026-09-07,0,27.778
miami,2026-09-07,1,27.778
miami,2026-09-07,2,27.778
miami,2026-09-07,3,27.778
miami,2026-09-07,4,27.778
miami,2026-09-07,5,27.778
miami,2026-09-07,6,27.778
miami,2026-09-07,7,27.778
miami,2026-09-07,8,28.889
miami,2026-09-07,9,30.0
miami,2026-09-07,10,31.111
miami,2026-09-07,11,31.111
miami,2026-09-07,12,31.111
miami,2026-09-07,13,32.778
miami,2026-09-07,14,32.778
miami,2026-09-07,15,32.778
miami,2026-09-07,16,32.778
miami,2026-09-07,17,32.778
miami,2026-09-07,18,32.778
miami,2026-09-07,19,32.778
miami,2026-09-07,20,32.778
miami,2026-09-07,21,32.778
miami,2026-09-07,22,32.778
miami,2026-09-07,23,32.778
miami,2026-09-08,0,26.667
miami,2026-09-08,1,26.667
miami,2026-09-08,2,26.667
miami,2026-09-08,3,26.667
miami,2026-09-08,4,26.667
miami,2026-09-08,5,26.667
miami,2026-09-08,6,26.667
miami,2026-09-08,7,26.667
miami,2026-09-08,8,28.889
miami,2026-09-08,9,30.0
miami,2026-09-08,10,31.667
miami,2026-09-08,11,32.222
miami,2026-09-08,12,32.222
miami,2026-09-08,13,32.222
miami,2026-09-08,14,32.222
miami,2026-09-08,15,32.222
miami,2026-09-08,16,32.222
miami,2026-09-08,17,32.222
miami,2026-09-08,18,32.222
miami,2026-09-08,19,32.222
miami,2026-09-08,20,32.222
miami,2026-09-08,21,32.222
miami,2026-09-08,22,32.222
miami,2026-09-08,23,32.222
miami,2026-09-09,0,27.222
miami,2026-09-09,1,27.222
miami,2026-09-09,2,27.222
miami,2026-09-09,3,27.222
miami,2026-09-09,4,27.222
miami,2026-09-09,5,27.222
miami,2026-09-09,6,27.222
miami,2026-09-09,7,28.333
miami,2026-09-09,8,28.889
miami,2026-09-09,9,29.444
miami,2026-09-09,10,31.111
miami,2026-09-09,11,31.111
miami,2026-09-09,12,31.111
miami,2026-09-09,13,31.111
miami,2026-09-09,14,31.667
miami,2026-09-09,15,32.222
miami,2026-09-09,16,32.222
miami,2026-09-09,17,32.222
miami,2026-09-09,18,32.222
miami,2026-09-09,19,32.222
miami,2026-09-09,20,32.222
miami,2026-09-09,21,32.222
miami,2026-09-09,22,32.222
miami,2026-09-09,23,32.222
miami,2026-09-10,0,28.889
miami,2026-09-10,1,28.889
miami,2026-09-10,2,28.889
miami,2026-09-10,3,28.889
miami,2026-09-10,4,28.889
miami,2026-09-10,5,28.889
miami,2026-09-10,6,28.889
miami,2026-09-10,7,28.889
miami,2026-09-10,8,28.889
miami,2026-09-10,9,30.556
miami,2026-09-10,10,32.222
miami,2026-09-10,11,32.222
miami,2026-09-10,12,32.222
miami,2026-09-10,13,32.222
miami,2026-09-10,14,32.222
miami,2026-09-10,15,32.222
miami,2026-09-10,16,32.222
miami,2026-09-10,17,32.222
miami,2026-09-10,18,32.222
miami,2026-09-10,19,32.222
miami,2026-09-10,20,32.222
miami,2026-09-10,21,32.222
miami,2026-09-10,22,32.222
miami,2026-09-10,23,32.222
miami,2026-09-11,0,27.222
miami,2026-09-11,1,27.222
miami,2026-09-11,2,27.222
miami,2026-09-11,3,27.222
miami,2026-09-11,4,27.222
miami,2026-09-11,5,27.778
miami,2026-09-11,6,27.778
miami,2026-09-11,7,27.778
miami,2026-09-11,8,27.778
miami,2026-09-11,9,29.444
miami,2026-09-11,10,29.444
miami,2026-09-11,11,29.444
miami,2026-09-11,12,29.444
miami,2026-09-11,13,29.444
miami,2026-09-11,14,30.556
miami,2026-09-11,15,31.111
miami,2026-09-11,16,31.111
miami,2026-09-11,17,31.111
miami,2026-09-11,18,31.111
miami,2026-09-11,19,31.111
miami,2026-09-11,20,31.111
miami,2026-09-11,21,31.111
miami,2026-09-11,22,31.111
miami,2026-09-11,23,31.111
miami,2026-09-12,0,28.333
miami,2026-09-12,1,28.333
miami,2026-09-12,2,28.889
miami,2026-09-12,3,28.889
miami,2026-09-12,4,28.889
miami,2026-09-12,5,28.889
miami,2026-09-12,6,28.889
miami,2026-09-12,7,28.889
miami,2026-09-12,8,29.444
miami,2026-09-12,9,30.0
miami,2026-09-12,10,31.667
miami,2026-09-12,11,32.222
miami,2026-09-12,12,32.778
miami,2026-09-12,13,33.889
miami,2026-09-12,14,33.889
miami,2026-09-12,15,33.889
miami,2026-09-12,16,33.889
miami,2026-09-12,17,33.889
miami,2026-09-12,18,33.889
miami,2026-09-12,19,33.889
miami,2026-09-12,20,33.889
miami,2026-09-12,21,33.889
miami,2026-09-12,22,33.889
miami,2026-09-12,23,33.889
miami,2026-09-13,0,26.111
miami,2026-09-13,1,26.111
miami,2026-09-13,2,26.111
miami,2026-09-13,3,26.667
miami,2026-09-13,4,26.667
miami,2026-09-13,5,26.667
miami,2026-09-13,6,26.667
miami,2026-09-13,7,26.667
miami,2026-09-13,8,27.778
miami,2026-09-13,9,29.444
miami,2026-09-13,10,31.667
miami,2026-09-13,11,32.222
miami,2026-09-13,12,32.222
miami,2026-09-13,13,32.222
miami,2026-09-13,14,32.222
miami,2026-09-13,15,32.222
miami,2026-09-13,16,32.222
miami,2026-09-13,17,32.222
miami,2026-09-13,18,32.222
miami,2026-09-13,19,32.222
miami,2026-09-13,20,32.222
miami,2026-09-13,21,32.222
miami,2026-09-13,22,32.222
miami,2026-09-13,23,32.222
miami,2026-09-14,0,26.111
miami,2026-09-14,1,26.111
miami,2026-09-14,2,26.111
miami,2026-09-14,3,26.111
miami,2026-09-14,4,26.111
miami,2026-09-14,5,26.111
miami,2026-09-14,6,26.111
miami,2026-09-14,7,26.111
miami,2026-09-14,8,27.778
miami,2026-09-14,9,29.444
miami,2026-09-14,10,31.111
miami,2026-09-14,11,31.111
miami,2026-09-14,12,31.111
miami,2026-09-14,13,31.111
miami,2026-09-14,14,31.111
miami,2026-09-14,15,31.667
miami,2026-09-14,16,31.667
miami,2026-09-14,17,31.667
miami,2026-09-14,18,31.667
miami,2026-09-14,19,31.667
miami,2026-09-14,20,31.667
miami,2026-09-14,21,31.667
miami,2026-09-14,22,31.667
miami,2026-09-14,23,31.667
miami,2026-09-15,0,28.889
miami,2026-09-15,1,28.889
miami,2026-09-15,2,28.889
miami,2026-09-15,3,28.889
miami,2026-09-15,4,28.889
miami,2026-09-15,5,28.889
miami,2026-09-15,6,28.889
miami,2026-09-15,7,28.889
miami,2026-09-15,8,29.444
miami,2026-09-15,9,29.444
miami,2026-09-15,10,31.667
miami,2026-09-15,11,32.778
miami,2026-09-15,12,32.778
miami,2026-09-15,13,33.333
miami,2026-09-15,14,33.333
miami,2026-09-15,15,33.333
miami,2026-09-15,16,33.333
miami,2026-09-15,17,33.333
miami,2026-09-15,18,33.333
miami,2026-09-15,19,33.333
miami,2026-09-15,20,33.333
miami,2026-09-15,21,33.333
miami,2026-09-15,22,33.333
miami,2026-09-15,23,33.333
miami,2026-09-16,0,29.444
miami,2026-09-16,1,29.444
miami,2026-09-16,2,29.444
miami,2026-09-16,3,29.444
miami,2026-09-16,4,29.444
miami,2026-09-16,5,29.444
miami,2026-09-16,6,29.444
miami,2026-09-16,7,29.444
miami,2026-09-16,8,30.0
miami,2026-09-16,9,30.556
miami,2026-09-16,10,31.667
miami,2026-09-16,11,32.778
miami,2026-09-16,12,32.778
miami,2026-09-16,13,32.778
miami,2026-09-16,14,32.778
miami,2026-09-16,15,32.778
miami,2026-09-16,16,32.778
miami,2026-09-16,17,32.778
miami,2026-09-16,18,32.778
miami,2026-09-16,19,32.778
miami,2026-09-16,20,32.778
miami,2026-09-16,21,32.778
miami,2026-09-16,22,32.778
miami,2026-09-16,23,32.778
miami,2026-09-17,0,26.111
miami,2026-09-17,1,26.111
miami,2026-09-17,2,26.111
miami,2026-09-17,3,26.111
miami,2026-09-17,4,26.111
miami,2026-09-17,5,26.111
miami,2026-09-17,6,26.111
miami,2026-09-17,7,26.111
miami,2026-09-17,8,27.222
miami,2026-09-17,9,27.222
miami,2026-09-17,10,27.222
miami,2026-09-17,11,27.222
miami,2026-09-17,12,27.222
miami,2026-09-17,13,27.222
miami,2026-09-17,14,27.222
miami,2026-09-17,15,27.778
miami,2026-09-17,16,28.333
miami,2026-09-17,17,28.889
miami,2026-09-17,18,28.889
miami,2026-09-17,19,28.889
miami,2026-09-17,20,28.889
miami,2026-09-17,21,28.889
miami,2026-09-17,22,28.889
miami,2026-09-17,23,28.889
miami,2026-09-18,0,25.556
miami,2026-09-18,1,26.111
miami,2026-09-18,2,26.111
miami,2026-09-18,3,26.111
miami,2026-09-18,4,26.111
miami,2026-09-18,5,26.111
miami,2026-09-18,6,26.111
miami,2026-09-18,7,26.111
miami,2026-09-18,8,28.889
miami,2026-09-18,9,30.0
miami,2026-09-18,10,30.556
miami,2026-09-18,11,31.667
miami,2026-09-18,12,31.667
miami,2026-09-18,13,31.667
miami,2026-09-18,14,31.667
miami,2026-09-18,15,31.667
miami,2026-09-18,16,31.667
miami,2026-09-18,17,31.667
miami,2026-09-18,18,31.667
miami,2026-09-18,19,31.667
miami,2026-09-18,20,31.667
miami,2026-09-18,21,31.667
miami,2026-09-18,22,31.667
miami,2026-09-18,23,31.667
miami,2026-09-19,0,24.444
miami,2026-09-19,1,24.444
miami,2026-09-19,2,24.444
miami,2026-09-19,3,24.444
miami,2026-09-19,4,24.444
miami,2026-09-19,5,24.444
miami,2026-09-19,6,24.444
miami,2026-09-19,7,24.444
miami,2026-09-19,8,25.556
miami,2026-09-19,9,26.667
miami,2026-09-19,10,28.333
miami,2026-09-19,11,30.0
miami,2026-09-19,12,30.0
miami,2026-09-19,13,31.667
miami,2026-09-19,14,31.667
miami,2026-09-19,15,31.667
miami,2026-09-19,16,31.667
miami,2026-09-19,17,31.667
miami,2026-09-19,18,31.667
miami,2026-09-19,19,31.667
miami,2026-09-19,20,31.667
miami,2026-09-19,21,31.667
miami,2026-09-19,22,31.667
miami,2026-09-19,23,31.667
miami,2026-09-20,0,24.444
miami,2026-09-20,1,25.0
miami,2026-09-20,2,25.0
miami,2026-09-20,3,25.0
miami,2026-09-20,4,25.0
miami,2026-09-20,5,25.0
miami,2026-09-20,6,25.0
miami,2026-09-20,7,25.0
miami,2026-09-20,8,25.556
miami,2026-09-20,9,26.667
miami,2026-09-20,10,28.333
miami,2026-09-20,11,29.444
miami,2026-09-20,12,30.556
miami,2026-09-20,13,31.667
miami,2026-09-20,14,31.667
miami,2026-09-20,15,31.667
miami,2026-09-20,16,31.667
miami,2026-09-20,17,31.667
miami,2026-09-20,18,31.667
miami,2026-09-20,19,31.667
miami,2026-09-20,20,31.667
miami,2026-09-20,21,31.667
miami,2026-09-20,22,31.667
miami,2026-09-20,23,31.667
miami,2026-09-21,0,25.0
miami,2026-09-21,1,25.0
miami,2026-09-21,2,25.0
miami,2026-09-21,3,25.0
miami,2026-09-21,4,25.0
miami,2026-09-21,5,25.0
miami,2026-09-21,6,25.0
miami,2026-09-21,7,25.0
miami,2026-09-21,8,26.667
miami,2026-09-21,9,27.778
miami,2026-09-21,10,28.889
miami,2026-09-21,11,30.556
miami,2026-09-21,12,30.556
miami,2026-09-21,13,30.556
miami,2026-09-21,14,31.111
miami,2026-09-21,15,31.111
miami,2026-09-21,16,31.111
miami,2026-09-21,17,31.111
miami,2026-09-21,18,31.111
miami,2026-09-21,19,31.111
miami,2026-09-21,20,31.111
miami,2026-09-21,21,31.111
miami,2026-09-21,22,31.111
miami,2026-09-21,23,31.111
miami,2026-09-22,0,26.667
miami,2026-09-22,1,26.667
miami,2026-09-22,2,26.667
miami,2026-09-22,3,26.667
miami,2026-09-22,4,26.667
miami,2026-09-22,5,26.667
miami,2026-09-22,6,26.667
miami,2026-09-22,7,27.222
miami,2026-09-22,8,28.333
miami,2026-09-22,9,28.889
miami,2026-09-22,10,30.0
miami,2026-09-22,11,30.0
miami,2026-09-22,12,30.0
miami,2026-09-22,13,30.556
miami,2026-09-22,14,31.111
miami,2026-09-22,15,31.111
miami,2026-09-22,16,31.111
miami,2026-09-22,17,31.111
miami,2026-09-22,18,31.111
miami,2026-09-22,19,31.111
miami,2026-09-22,20,31.111
miami,2026-09-22,21,31.111
miami,2026-09-22,22,31.111
miami,2026-09-22,23,31.111
miami,2026-09-23,0,25.556
miami,2026-09-23,1,25.556
miami,2026-09-23,2,25.556
miami,2026-09-23,3,25.556
miami,2026-09-23,4,25.556
miami,2026-09-23,5,25.556
miami,2026-09-23,6,25.556
miami,2026-09-23,7,25.556
miami,2026-09-23,8,25.556
miami,2026-09-23,9,25.556
miami,2026-09-23,10,26.111
miami,2026-09-23,11,26.667
miami,2026-09-23,12,27.222
miami,2026-09-23,13,27.778
miami,2026-09-23,14,27.778
miami,2026-09-23,15,27.778
miami,2026-09-23,16,27.778
miami,2026-09-23,17,27.778
miami,2026-09-23,18,27.778
miami,2026-09-23,19,27.778
miami,2026-09-23,20,27.778
miami,2026-09-23,21,27.778
miami,2026-09-23,22,27.778
miami,2026-09-23,23,27.778
miami,2026-09-24,0,25.556
miami,2026-09-24,1,25.556
miami,2026-09-24,2,25.556
miami,2026-09-24,3,25.556
miami,2026-09-24,4,25.556
miami,2026-09-24,5,25.556
miami,2026-09-24,6,25.556
miami,2026-09-24,7,25.556
miami,2026-09-24,8,26.111
miami,2026-09-24,9,27.222
miami,2026-09-24,10,28.889
miami,2026-09-24,11,30.0
miami,2026-09-24,12,31.111
miami,2026-09-24,13,31.667
miami,2026-09-24,14,32.222
miami,2026-09-24,15,32.222
miami,2026-09-24,16,32.222
miami,2026-09-24,17,32.222
miami,2026-09-24,18,32.222
miami,2026-09-24,19,32.222
miami,2026-09-24,20,32.222
miami,2026-09-24,21,32.222
miami,2026-09-24,22,32.222
miami,2026-09-24,23,32.222
denver,2026-05-25,0,15.556
denver,2026-05-25,1,16.667
denver,2026-05-25,2,16.667
denver,2026-05-25,3,16.667
denver,2026-05-25,4,16.667
denver,2026-05-25,5,16.667
denver,2026-05-25,6,16.667
denver,2026-05-25,7,18.333
denver,2026-05-25,8,21.111
denver,2026-05-25,9,24.444
denver,2026-05-25,10,26.667
denver,2026-05-25,11,27.222
denver,2026-05-25,12,28.333
denver,2026-05-25,13,28.333
denver,2026-05-25,14,28.333
denver,2026-05-25,15,28.333
denver,2026-05-25,16,28.333
denver,2026-05-25,17,28.333
denver,2026-05-25,18,28.333
denver,2026-05-25,19,28.333
denver,2026-05-25,20,28.333
denver,2026-05-25,21,28.333
denver,2026-05-25,22,28.333
denver,2026-05-25,23,28.333
denver,2026-05-26,0,15.556
denver,2026-05-26,1,16.111
denver,2026-05-26,2,16.111
denver,2026-05-26,3,16.111
denver,2026-05-26,4,16.111
denver,2026-05-26,5,16.111
denver,2026-05-26,6,16.111
denver,2026-05-26,7,17.222
denver,2026-05-26,8,19.444
denver,2026-05-26,9,20.556
denver,2026-05-26,10,21.111
denver,2026-05-26,11,23.333
denver,2026-05-26,12,23.333
denver,2026-05-26,13,25.556
denver,2026-05-26,14,26.111
denver,2026-05-26,15,26.111
denver,2026-05-26,16,26.111
denver,2026-05-26,17,26.111
denver,2026-05-26,18,26.111
denver,2026-05-26,19,26.111
denver,2026-05-26,20,26.111
denver,2026-05-26,21,26.111
denver,2026-05-26,22,26.111
denver,2026-05-26,23,26.111
denver,2026-05-27,0,16.667
denver,2026-05-27,1,16.667
denver,2026-05-27,2,16.667
denver,2026-05-27,3,16.667
denver,2026-05-27,4,16.667
denver,2026-05-27,5,16.667
denver,2026-05-27,6,16.667
denver,2026-05-27,7,16.667
denver,2026-05-27,8,16.667
denver,2026-05-27,9,17.222
denver,2026-05-27,10,17.778
denver,2026-05-27,11,17.778
denver,2026-05-27,12,17.778
denver,2026-05-27,13,20.0
denver,2026-05-27,14,20.0
denver,2026-05-27,15,20.0
denver,2026-05-27,16,20.0
denver,2026-05-27,17,20.0
denver,2026-05-27,18,20.0
denver,2026-05-27,19,20.0
denver,2026-05-27,20,20.0
denver,2026-05-27,21,20.0
denver,2026-05-27,22,20.0
denver,2026-05-27,23,20.0
denver,2026-05-28,0,11.667
denver,2026-05-28,1,11.667
denver,2026-05-28,2,12.778
denver,2026-05-28,3,12.778
denver,2026-05-28,4,12.778
denver,2026-05-28,5,12.778
denver,2026-05-28,6,12.778
denver,2026-05-28,7,14.444
denver,2026-05-28,8,16.667
denver,2026-05-28,9,17.778
denver,2026-05-28,10,17.778
denver,2026-05-28,11,21.667
denver,2026-05-28,12,22.778
denver,2026-05-28,13,23.889
denver,2026-05-28,14,26.111
denver,2026-05-28,15,26.111
denver,2026-05-28,16,26.111
denver,2026-05-28,17,26.111
denver,2026-05-28,18,26.111
denver,2026-05-28,19,26.111
denver,2026-05-28,20,26.111
denver,2026-05-28,21,26.111
denver,2026-05-28,22,26.111
denver,2026-05-28,23,26.111
denver,2026-05-29,0,16.111
denver,2026-05-29,1,16.111
denver,2026-05-29,2,16.111
denver,2026-05-29,3,16.111
denver,2026-05-29,4,16.111
denver,2026-05-29,5,16.111
denver,2026-05-29,6,16.667
denver,2026-05-29,7,17.222
denver,2026-05-29,8,19.444
denver,2026-05-29,9,20.556
denver,2026-05-29,10,23.333
denver,2026-05-29,11,25.0
denver,2026-05-29,12,27.778
denver,2026-05-29,13,27.778
denver,2026-05-29,14,27.778
denver,2026-05-29,15,27.778
denver,2026-05-29,16,27.778
denver,2026-05-29,17,27.778
denver,2026-05-29,18,27.778
denver,2026-05-29,19,27.778
denver,2026-05-29,20,27.778
denver,2026-05-29,21,27.778
denver,2026-05-29,22,27.778
denver,2026-05-29,23,27.778
denver,2026-05-30,0,13.333
denver,2026-05-30,1,13.333
denver,2026-05-30,2,13.333
denver,2026-05-30,3,13.333
denver,2026-05-30,4,13.333
denver,2026-05-30,5,13.333
denver,2026-05-30,6,13.333
denver,2026-05-30,7,16.111
denver,2026-05-30,8,17.778
denver,2026-05-30,9,20.0
denver,2026-05-30,10,21.667
denver,2026-05-30,11,22.778
denver,2026-05-30,12,23.333
denver,2026-05-30,13,23.333
denver,2026-05-30,14,23.333
denver,2026-05-30,15,23.333
denver,2026-05-30,16,23.333
denver,2026-05-30,17,23.333
denver,2026-05-30,18,23.333
denver,2026-05-30,19,23.333
denver,2026-05-30,20,23.333
denver,2026-05-30,21,23.333
denver,2026-05-30,22,23.333
denver,2026-05-30,23,23.333
denver,2026-05-31,0,10.556
denver,2026-05-31,1,10.556
denver,2026-05-31,2,11.111
denver,2026-05-31,3,11.111
denver,2026-05-31,4,11.111
denver,2026-05-31,5,11.111
denver,2026-05-31,6,11.667
denver,2026-05-31,7,16.111
denver,2026-05-31,8,18.333
denver,2026-05-31,9,20.556
denver,2026-05-31,10,21.667
denver,2026-05-31,11,22.222
denver,2026-05-31,12,24.444
denver,2026-05-31,13,24.444
denver,2026-05-31,14,26.111
denver,2026-05-31,15,27.222
denver,2026-05-31,16,27.222
denver,2026-05-31,17,27.222
denver,2026-05-31,18,27.222
denver,2026-05-31,19,27.222
denver,2026-05-31,20,27.222
denver,2026-05-31,21,27.222
denver,2026-05-31,22,27.222
denver,2026-05-31,23,27.222
denver,2026-06-01,0,18.889
denver,2026-06-01,1,18.889
denver,2026-06-01,2,18.889
denver,2026-06-01,3,18.889
denver,2026-06-01,4,18.889
denver,2026-06-01,5,18.889
denver,2026-06-01,6,18.889
denver,2026-06-01,7,18.889
denver,2026-06-01,8,20.0
denver,2026-06-01,9,20.0
denver,2026-06-01,10,21.667
denver,2026-06-01,11,24.444
denver,2026-06-01,12,26.111
denver,2026-06-01,13,26.111
denver,2026-06-01,14,26.111
denver,2026-06-01,15,26.111
denver,2026-06-01,16,26.111
denver,2026-06-01,17,26.111
denver,2026-06-01,18,26.111
denver,2026-06-01,19,26.111
denver,2026-06-01,20,26.111
denver,2026-06-01,21,26.111
denver,2026-06-01,22,26.111
denver,2026-06-01,23,26.111
denver,2026-06-02,0,15.556
denver,2026-06-02,1,15.556
denver,2026-06-02,2,15.556
denver,2026-06-02,3,15.556
denver,2026-06-02,4,15.556
denver,2026-06-02,5,15.556
denver,2026-06-02,6,15.556
denver,2026-06-02,7,16.111
denver,2026-06-02,8,18.333
denver,2026-06-02,9,18.889
denver,2026-06-02,10,21.111
denver,2026-06-02,11,21.667
denver,2026-06-02,12,23.333
denver,2026-06-02,13,23.889
denver,2026-06-02,14,24.444
denver,2026-06-02,15,24.444
denver,2026-06-02,16,24.444
denver,2026-06-02,17,24.444
denver,2026-06-02,18,24.444
denver,2026-06-02,19,24.444
denver,2026-06-02,20,24.444
denver,2026-06-02,21,24.444
denver,2026-06-02,22,24.444
denver,2026-06-02,23,24.444
denver,2026-06-03,0,16.667
denver,2026-06-03,1,16.667
denver,2026-06-03,2,16.667
denver,2026-06-03,3,16.667
denver,2026-06-03,4,16.667
denver,2026-06-03,5,16.667
denver,2026-06-03,6,16.667
denver,2026-06-03,7,18.333
denver,2026-06-03,8,19.444
denver,2026-06-03,9,20.556
denver,2026-06-03,10,21.667
denver,2026-06-03,11,23.889
denver,2026-06-03,12,24.444
denver,2026-06-03,13,25.556
denver,2026-06-03,14,25.556
denver,2026-06-03,15,25.556
denver,2026-06-03,16,25.556
denver,2026-06-03,17,25.556
denver,2026-06-03,18,25.556
denver,2026-06-03,19,25.556
denver,2026-06-03,20,25.556
denver,2026-06-03,21,25.556
denver,2026-06-03,22,25.556
denver,2026-06-03,23,25.556
denver,2026-06-04,0,14.444
denver,2026-06-04,1,14.444
denver,2026-06-04,2,14.444
denver,2026-06-04,3,14.444
denver,2026-06-04,4,14.444
denver,2026-06-04,5,14.444
denver,2026-06-04,6,15.556
denver,2026-06-04,7,19.444
denver,2026-06-04,8,21.667
denver,2026-06-04,9,25.556
denver,2026-06-04,10,28.333
denver,2026-06-04,11,30.0
denver,2026-06-04,12,30.556
denver,2026-06-04,13,30.556
denver,2026-06-04,14,30.556
denver,2026-06-04,15,30.556
denver,2026-06-04,16,30.556
denver,2026-06-04,17,30.556
denver,2026-06-04,18,30.556
denver,2026-06-04,19,30.556
denver,2026-06-04,20,30.556
denver,2026-06-04,21,30.556
denver,2026-06-04,22,30.556
denver,2026-06-04,23,30.556
denver,2026-06-05,0,21.667
denver,2026-06-05,1,21.667
denver,2026-06-05,2,21.667
denver,2026-06-05,3,21.667
denver,2026-06-05,4,21.667
denver,2026-06-05,5,21.667
denver,2026-06-05,6,21.667
denver,2026-06-05,7,21.667
denver,2026-06-05,8,21.667
denver,2026-06-05,9,24.444
denver,2026-06-05,10,24.444
denver,2026-06-05,11,26.111
denver,2026-06-05,12,26.667
denver,2026-06-05,13,29.444
denver,2026-06-05,14,30.556
denver,2026-06-05,15,30.556
denver,2026-06-05,16,31.111
denver,2026-06-05,17,31.111
denver,2026-06-05,18,31.111
denver,2026-06-05,19,31.111
denver,2026-06-05,20,31.111
denver,2026-06-05,21,31.111
denver,2026-06-05,22,31.111
denver,2026-06-05,23,31.111
denver,2026-06-06,0,20.556
denver,2026-06-06,1,20.556
denver,2026-06-06,2,20.556
denver,2026-06-06,3,20.556
denver,2026-06-06,4,20.556
denver,2026-06-06,5,20.556
denver,2026-06-06,6,20.556
denver,2026-06-06,7,21.111
denver,2026-06-06,8,25.556
denver,2026-06-06,9,26.667
denver,2026-06-06,10,31.111
denver,2026-06-06,11,31.111
denver,2026-06-06,12,31.111
denver,2026-06-06,13,31.111
denver,2026-06-06,14,31.667
denver,2026-06-06,15,33.333
denver,2026-06-06,16,33.333
denver,2026-06-06,17,33.333
denver,2026-06-06,18,33.333
denver,2026-06-06,19,33.333
denver,2026-06-06,20,33.333
denver,2026-06-06,21,33.333
denver,2026-06-06,22,33.333
denver,2026-06-06,23,33.333
denver,2026-06-07,0,22.778
denver,2026-06-07,1,22.778
denver,2026-06-07,2,22.778
denver,2026-06-07,3,22.778
denver,2026-06-07,4,22.778
denver,2026-06-07,5,22.778
denver,2026-06-07,6,22.778
denver,2026-06-07,7,23.889
denver,2026-06-07,8,27.778
denver,2026-06-07,9,29.444
denver,2026-06-07,10,30.556
denver,2026-06-07,11,31.667
denver,2026-06-07,12,32.222
denver,2026-06-07,13,32.778
denver,2026-06-07,14,32.778
denver,2026-06-07,15,32.778
denver,2026-06-07,16,33.889
denver,2026-06-07,17,33.889
denver,2026-06-07,18,33.889
denver,2026-06-07,19,33.889
denver,2026-06-07,20,33.889
denver,2026-06-07,21,33.889
denver,2026-06-07,22,33.889
denver,2026-06-07,23,33.889
denver,2026-06-08,0,20.556
denver,2026-06-08,1,20.556
denver,2026-06-08,2,20.556
denver,2026-06-08,3,20.556
denver,2026-06-08,4,20.556
denver,2026-06-08,5,20.556
denver,2026-06-08,6,20.556
denver,2026-06-08,7,20.556
denver,2026-06-08,8,20.556
denver,2026-06-08,9,20.556
denver,2026-06-08,10,20.556
denver,2026-06-08,11,20.556
denver,2026-06-08,12,24.444
denver,2026-06-08,13,26.667
denver,2026-06-08,14,27.778
denver,2026-06-08,15,27.778
denver,2026-06-08,16,27.778
denver,2026-06-08,17,27.778
denver,2026-06-08,18,27.778
denver,2026-06-08,19,27.778
denver,2026-06-08,20,27.778
denver,2026-06-08,21,27.778
denver,2026-06-08,22,27.778
denver,2026-06-08,23,27.778
denver,2026-06-09,0,16.667
denver,2026-06-09,1,16.667
denver,2026-06-09,2,16.667
denver,2026-06-09,3,16.667
denver,2026-06-09,4,16.667
denver,2026-06-09,5,16.667
denver,2026-06-09,6,16.667
denver,2026-06-09,7,17.778
denver,2026-06-09,8,19.444
denver,2026-06-09,9,23.889
denver,2026-06-09,10,27.778
denver,2026-06-09,11,27.778
denver,2026-06-09,12,27.778
denver,2026-06-09,13,27.778
denver,2026-06-09,14,32.778
denver,2026-06-09,15,33.889
denver,2026-06-09,16,33.889
denver,2026-06-09,17,33.889
denver,2026-06-09,18,33.889
denver,2026-06-09,19,33.889
denver,2026-06-09,20,33.889
denver,2026-06-09,21,33.889
denver,2026-06-09,22,33.889
denver,2026-06-09,23,33.889
denver,2026-06-10,0,17.222
denver,2026-06-10,1,17.222
denver,2026-06-10,2,17.222
denver,2026-06-10,3,17.222
denver,2026-06-10,4,17.222
denver,2026-06-10,5,17.222
denver,2026-06-10,6,17.222
denver,2026-06-10,7,18.333
denver,2026-06-10,8,22.222
denver,2026-06-10,9,23.889
denver,2026-06-10,10,26.111
denver,2026-06-10,11,27.778
denver,2026-06-10,12,28.333
denver,2026-06-10,13,28.333
denver,2026-06-10,14,30.0
denver,2026-06-10,15,30.556
denver,2026-06-10,16,30.556
denver,2026-06-10,17,30.556
denver,2026-06-10,18,30.556
denver,2026-06-10,19,30.556
denver,2026-06-10,20,30.556
denver,2026-06-10,21,30.556
denver,2026-06-10,22,30.556
denver,2026-06-10,23,30.556
denver,2026-06-11,0,17.222
denver,2026-06-11,1,17.222
denver,2026-06-11,2,17.222
denver,2026-06-11,3,17.222
denver,2026-06-11,4,17.222
denver,2026-06-11,5,17.222
denver,2026-06-11,6,17.222
denver,2026-06-11,7,17.222
denver,2026-06-11,8,18.889
denver,2026-06-11,9,21.667
denver,2026-06-11,10,21.667
denver,2026-06-11,11,23.333
denver,2026-06-11,12,23.889
denver,2026-06-11,13,25.0
denver,2026-06-11,14,25.0
denver,2026-06-11,15,25.556
denver,2026-06-11,16,25.556
denver,2026-06-11,17,25.556
denver,2026-06-11,18,25.556
denver,2026-06-11,19,25.556
denver,2026-06-11,20,25.556
denver,2026-06-11,21,25.556
denver,2026-06-11,22,25.556
denver,2026-06-11,23,25.556
denver,2026-06-12,0,15.0
denver,2026-06-12,1,15.556
denver,2026-06-12,2,15.556
denver,2026-06-12,3,15.556
denver,2026-06-12,4,15.556
denver,2026-06-12,5,15.556
denver,2026-06-12,6,16.111
denver,2026-06-12,7,18.333
denver,2026-06-12,8,20.556
denver,2026-06-12,9,24.444
denver,2026-06-12,10,27.222
denver,2026-06-12,11,28.889
denver,2026-06-12,12,30.556
denver,2026-06-12,13,31.111
denver,2026-06-12,14,32.222
denver,2026-06-12,15,32.222
denver,2026-06-12,16,33.333
denver,2026-06-12,17,33.333
denver,2026-06-12,18,33.333
denver,2026-06-12,19,33.333
denver,2026-06-12,20,33.333
denver,2026-06-12,21,33.333
denver,2026-06-12,22,33.333
denver,2026-06-12,23,33.333
denver,2026-06-13,0,18.333
denver,2026-06-13,1,18.333
denver,2026-06-13,2,18.333
denver,2026-06-13,3,18.333
denver,2026-06-13,4,18.333
denver,2026-06-13,5,18.333
denver,2026-06-13,6,18.333
denver,2026-06-13,7,18.333
denver,2026-06-13,8,18.333
denver,2026-06-13,9,18.333
denver,2026-06-13,10,20.0
denver,2026-06-13,11,22.222
denver,2026-06-13,12,24.444
denver,2026-06-13,13,25.556
denver,2026-06-13,14,26.111
denver,2026-06-13,15,26.111
denver,2026-06-13,16,26.111
denver,2026-06-13,17,26.111
denver,2026-06-13,18,26.111
denver,2026-06-13,19,26.111
denver,2026-06-13,20,26.111
denver,2026-06-13,21,26.111
denver,2026-06-13,22,26.111
denver,2026-06-13,23,26.111
denver,2026-06-14,0,10.0
denver,2026-06-14,1,12.222
denver,2026-06-14,2,12.222
denver,2026-06-14,3,12.778
denver,2026-06-14,4,12.778
denver,2026-06-14,5,12.778
denver,2026-06-14,6,12.778
denver,2026-06-14,7,12.778
denver,2026-06-14,8,12.778
denver,2026-06-14,9,16.111
denver,2026-06-14,10,18.333
denver,2026-06-14,11,19.444
denver,2026-06-14,12,19.444
denver,2026-06-14,13,22.222
denver,2026-06-14,14,22.222
denver,2026-06-14,15,22.222
denver,2026-06-14,16,22.222
denver,2026-06-14,17,22.222
denver,2026-06-14,18,22.222
denver,2026-06-14,19,22.222
denver,2026-06-14,20,22.222
denver,2026-06-14,21,22.222
denver,2026-06-14,22,22.222
denver,2026-06-14,23,22.222
denver,2026-06-15,0,12.222
denver,2026-06-15,1,12.222
denver,2026-06-15,2,12.222
denver,2026-06-15,3,12.222
denver,2026-06-15,4,12.222
denver,2026-06-15,5,12.222
denver,2026-06-15,6,12.222
denver,2026-06-15,7,15.0
denver,2026-06-15,8,16.667
denver,2026-06-15,9,17.778
denver,2026-06-15,10,20.0
denver,2026-06-15,11,21.667
denver,2026-06-15,12,24.444
denver,2026-06-15,13,25.556
denver,2026-06-15,14,26.667
denver,2026-06-15,15,26.667
denver,2026-06-15,16,27.222
denver,2026-06-15,17,27.222
denver,2026-06-15,18,27.222
denver,2026-06-15,19,27.222
denver,2026-06-15,20,27.222
denver,2026-06-15,21,27.222
denver,2026-06-15,22,27.222
denver,2026-06-15,23,27.222
denver,2026-06-16,0,15.556
denver,2026-06-16,1,15.556
denver,2026-06-16,2,15.556
denver,2026-06-16,3,15.556
denver,2026-06-16,4,15.556
denver,2026-06-16,5,15.556
denver,2026-06-16,6,15.556
denver,2026-06-16,7,18.333
denver,2026-06-16,8,20.556
denver,2026-06-16,9,23.333
denver,2026-06-16,10,26.111
denver,2026-06-16,11,27.778
denver,2026-06-16,12,30.0
denver,2026-06-16,13,31.667
denver,2026-06-16,14,32.222
denver,2026-06-16,15,32.778
denver,2026-06-16,16,34.444
denver,2026-06-16,17,34.444
denver,2026-06-16,18,34.444
denver,2026-06-16,19,34.444
denver,2026-06-16,20,34.444
denver,2026-06-16,21,34.444
denver,2026-06-16,22,34.444
denver,2026-06-16,23,34.444
denver,2026-06-17,0,26.111
denver,2026-06-17,1,26.111
denver,2026-06-17,2,26.111
denver,2026-06-17,3,26.111
denver,2026-06-17,4,26.111
denver,2026-06-17,5,26.111
denver,2026-06-17,6,26.667
denver,2026-06-17,7,28.333
denver,2026-06-17,8,30.0
denver,2026-06-17,9,30.556
denver,2026-06-17,10,30.556
denver,2026-06-17,11,30.556
denver,2026-06-17,12,30.556
denver,2026-06-17,13,32.778
denver,2026-06-17,14,32.778
denver,2026-06-17,15,33.333
denver,2026-06-17,16,33.333
denver,2026-06-17,17,33.889
denver,2026-06-17,18,33.889
denver,2026-06-17,19,33.889
denver,2026-06-17,20,33.889
denver,2026-06-17,21,33.889
denver,2026-06-17,22,33.889
denver,2026-06-17,23,33.889
denver,2026-06-18,0,15.0
denver,2026-06-18,1,15.0
denver,2026-06-18,2,15.0
denver,2026-06-18,3,15.0
denver,2026-06-18,4,15.0
denver,2026-06-18,5,15.0
denver,2026-06-18,6,16.111
denver,2026-06-18,7,17.778
denver,2026-06-18,8,20.556
denver,2026-06-18,9,22.222
denver,2026-06-18,10,23.333
denver,2026-06-18,11,25.556
denver,2026-06-18,12,27.222
denver,2026-06-18,13,27.778
denver,2026-06-18,14,29.444
denver,2026-06-18,15,31.111
denver,2026-06-18,16,31.111
denver,2026-06-18,17,31.111
denver,2026-06-18,18,31.111
denver,2026-06-18,19,31.111
denver,2026-06-18,20,31.111
denver,2026-06-18,21,31.111
denver,2026-06-18,22,31.111
denver,2026-06-18,23,31.111
denver,2026-06-19,0,20.0
denver,2026-06-19,1,20.0
denver,2026-06-19,2,20.0
denver,2026-06-19,3,20.0
denver,2026-06-19,4,20.0
denver,2026-06-19,5,20.0
denver,2026-06-19,6,20.0
denver,2026-06-19,7,20.0
denver,2026-06-19,8,20.0
denver,2026-06-19,9,20.0
denver,2026-06-19,10,20.556
denver,2026-06-19,11,23.889
denver,2026-06-19,12,24.444
denver,2026-06-19,13,25.556
denver,2026-06-19,14,27.778
denver,2026-06-19,15,27.778
denver,2026-06-19,16,27.778
denver,2026-06-19,17,28.333
denver,2026-06-19,18,28.333
denver,2026-06-19,19,28.333
denver,2026-06-19,20,28.333
denver,2026-06-19,21,28.333
denver,2026-06-19,22,28.333
denver,2026-06-19,23,28.333
denver,2026-06-20,0,15.0
denver,2026-06-20,1,15.0
denver,2026-06-20,2,15.0
denver,2026-06-20,3,15.0
denver,2026-06-20,4,15.0
denver,2026-06-20,5,15.0
denver,2026-06-20,6,16.111
denver,2026-06-20,7,16.667
denver,2026-06-20,8,17.778
denver,2026-06-20,9,21.667
denver,2026-06-20,10,24.444
denver,2026-06-20,11,27.778
denver,2026-06-20,12,27.778
denver,2026-06-20,13,31.111
denver,2026-06-20,14,31.111
denver,2026-06-20,15,31.111
denver,2026-06-20,16,31.111
denver,2026-06-20,17,31.111
denver,2026-06-20,18,31.111
denver,2026-06-20,19,31.111
denver,2026-06-20,20,31.111
denver,2026-06-20,21,31.111
denver,2026-06-20,22,31.111
denver,2026-06-20,23,31.111
denver,2026-06-21,0,17.222
denver,2026-06-21,1,17.222
denver,2026-06-21,2,17.222
denver,2026-06-21,3,17.222
denver,2026-06-21,4,17.222
denver,2026-06-21,5,17.222
denver,2026-06-21,6,17.222
denver,2026-06-21,7,19.444
denver,2026-06-21,8,22.222
denver,2026-06-21,9,25.556
denver,2026-06-21,10,27.778
denver,2026-06-21,11,28.889
denver,2026-06-21,12,30.556
denver,2026-06-21,13,30.556
denver,2026-06-21,14,30.556
denver,2026-06-21,15,30.556
denver,2026-06-21,16,30.556
denver,2026-06-21,17,30.556
denver,2026-06-21,18,30.556
denver,2026-06-21,19,30.556
denver,2026-06-21,20,30.556
denver,2026-06-21,21,30.556
denver,2026-06-21,22,30.556
denver,2026-06-21,23,30.556
denver,2026-06-22,0,15.0
denver,2026-06-22,1,15.0
denver,2026-06-22,2,15.0
denver,2026-06-22,3,15.0
denver,2026-06-22,4,15.0
denver,2026-06-22,5,15.0
denver,2026-06-22,6,15.0
denver,2026-06-22,7,18.889
denver,2026-06-22,8,20.556
denver,2026-06-22,9,24.444
denver,2026-06-22,10,26.667
denver,2026-06-22,11,27.778
denver,2026-06-22,12,28.333
denver,2026-06-22,13,29.444
denver,2026-06-22,14,30.556
denver,2026-06-22,15,31.667
denver,2026-06-22,16,31.667
denver,2026-06-22,17,31.667
denver,2026-06-22,18,31.667
denver,2026-06-22,19,31.667
denver,2026-06-22,20,31.667
denver,2026-06-22,21,31.667
denver,2026-06-22,22,31.667
denver,2026-06-22,23,31.667
denver,2026-06-23,0,20.0
denver,2026-06-23,1,20.0
denver,2026-06-23,2,20.0
denver,2026-06-23,3,20.0
denver,2026-06-23,4,20.0
denver,2026-06-23,5,20.0
denver,2026-06-23,6,20.0
denver,2026-06-23,7,20.0
denver,2026-06-23,8,20.0
denver,2026-06-23,9,20.556
denver,2026-06-23,10,22.222
denver,2026-06-23,11,23.333
denver,2026-06-23,12,25.556
denver,2026-06-23,13,26.667
denver,2026-06-23,14,27.222
denver,2026-06-23,15,27.778
denver,2026-06-23,16,27.778
denver,2026-06-23,17,27.778
denver,2026-06-23,18,27.778
denver,2026-06-23,19,27.778
denver,2026-06-23,20,27.778
denver,2026-06-23,21,27.778
denver,2026-06-23,22,27.778
denver,2026-06-23,23,27.778
denver,2026-06-24,0,17.222
denver,2026-06-24,1,18.333
denver,2026-06-24,2,18.333
denver,2026-06-24,3,18.333
denver,2026-06-24,4,18.333
denver,2026-06-24,5,18.333
denver,2026-06-24,6,18.333
denver,2026-06-24,7,20.0
denver,2026-06-24,8,21.111
denver,2026-06-24,9,23.333
denver,2026-06-24,10,25.556
denver,2026-06-24,11,26.667
denver,2026-06-24,12,28.333
denver,2026-06-24,13,29.444
denver,2026-06-24,14,30.556
denver,2026-06-24,15,30.556
denver,2026-06-24,16,30.556
denver,2026-06-24,17,30.556
denver,2026-06-24,18,30.556
denver,2026-06-24,19,30.556
denver,2026-06-24,20,30.556
denver,2026-06-24,21,30.556
denver,2026-06-24,22,30.556
denver,2026-06-24,23,30.556
denver,2026-06-25,0,15.556
denver,2026-06-25,1,15.556
denver,2026-06-25,2,15.556
denver,2026-06-25,3,15.556
denver,2026-06-25,4,15.556
denver,2026-06-25,5,16.111
denver,2026-06-25,6,16.111
denver,2026-06-25,7,16.111
denver,2026-06-25,8,16.667
denver,2026-06-25,9,17.222
denver,2026-06-25,10,17.778
denver,2026-06-25,11,18.889
denver,2026-06-25,12,21.111
denver,2026-06-25,13,22.222
denver,2026-06-25,14,23.333
denver,2026-06-25,15,23.889
denver,2026-06-25,16,25.0
denver,2026-06-25,17,25.0
denver,2026-06-25,18,25.0
denver,2026-06-25,19,25.0
denver,2026-06-25,20,25.0
denver,2026-06-25,21,25.0
denver,2026-06-25,22,25.0
denver,2026-06-25,23,25.0
denver,2026-06-26,0,13.333
denver,2026-06-26,1,13.333
denver,2026-06-26,2,15.0
denver,2026-06-26,3,15.556
denver,2026-06-26,4,15.556
denver,2026-06-26,5,15.556
denver,2026-06-26,6,17.778
denver,2026-06-26,7,20.0
denver,2026-06-26,8,23.889
denver,2026-06-26,9,26.667
denver,2026-06-26,10,28.333
denver,2026-06-26,11,29.444
denver,2026-06-26,12,29.444
denver,2026-06-26,13,31.667
denver,2026-06-26,14,31.667
denver,2026-06-26,15,31.667
denver,2026-06-26,16,31.667
denver,2026-06-26,17,31.667
denver,2026-06-26,18,31.667
denver,2026-06-26,19,31.667
denver,2026-06-26,20,31.667
denver,2026-06-26,21,31.667
denver,2026-06-26,22,31.667
denver,2026-06-26,23,31.667
denver,2026-06-27,0,20.556
denver,2026-06-27,1,20.556
denver,2026-06-27,2,20.556
denver,2026-06-27,3,20.556
denver,2026-06-27,4,20.556
denver,2026-06-27,5,20.556
denver,2026-06-27,6,20.556
denver,2026-06-27,7,24.444
denver,2026-06-27,8,27.778
denver,2026-06-27,9,29.444
denver,2026-06-27,10,30.556
denver,2026-06-27,11,32.222
denver,2026-06-27,12,33.333
denver,2026-06-27,13,34.444
denver,2026-06-27,14,34.444
denver,2026-06-27,15,36.111
denver,2026-06-27,16,36.111
denver,2026-06-27,17,36.111
denver,2026-06-27,18,36.111
denver,2026-06-27,19,36.111
denver,2026-06-27,20,36.111
denver,2026-06-27,21,36.111
denver,2026-06-27,22,36.111
denver,2026-06-27,23,36.111
denver,2026-06-28,0,20.0
denver,2026-06-28,1,20.0
denver,2026-06-28,2,20.0
denver,2026-06-28,3,20.0
denver,2026-06-28,4,20.0
denver,2026-06-28,5,20.0
denver,2026-06-28,6,20.0
denver,2026-06-28,7,20.0
denver,2026-06-28,8,20.556
denver,2026-06-28,9,22.778
denver,2026-06-28,10,24.444
denver,2026-06-28,11,26.111
denver,2026-06-28,12,27.778
denver,2026-06-28,13,30.556
denver,2026-06-28,14,33.333
denver,2026-06-28,15,33.333
denver,2026-06-28,16,34.444
denver,2026-06-28,17,34.444
denver,2026-06-28,18,34.444
denver,2026-06-28,19,34.444
denver,2026-06-28,20,34.444
denver,2026-06-28,21,34.444
denver,2026-06-28,22,34.444
denver,2026-06-28,23,34.444
denver,2026-06-29,0,19.444
denver,2026-06-29,1,19.444
denver,2026-06-29,2,19.444
denver,2026-06-29,3,19.444
denver,2026-06-29,4,19.444
denver,2026-06-29,5,19.444
denver,2026-06-29,6,19.444
denver,2026-06-29,7,19.444
denver,2026-06-29,8,21.667
denver,2026-06-29,9,23.889
denver,2026-06-29,10,26.111
denver,2026-06-29,11,30.556
denver,2026-06-29,12,31.111
denver,2026-06-29,13,31.111
denver,2026-06-29,14,31.111
denver,2026-06-29,15,31.667
denver,2026-06-29,16,31.667
denver,2026-06-29,17,31.667
denver,2026-06-29,18,31.667
denver,2026-06-29,19,31.667
denver,2026-06-29,20,31.667
denver,2026-06-29,21,31.667
denver,2026-06-29,22,31.667
denver,2026-06-29,23,31.667
denver,2026-06-30,0,16.111
denver,2026-06-30,1,16.111
denver,2026-06-30,2,17.222
denver,2026-06-30,3,17.222
denver,2026-06-30,4,17.222
denver,2026-06-30,5,17.222
denver,2026-06-30,6,17.222
denver,2026-06-30,7,20.0
denver,2026-06-30,8,24.444
denver,2026-06-30,9,26.667
denver,2026-06-30,10,27.222
denver,2026-06-30,11,29.444
denver,2026-06-30,12,31.667
denver,2026-06-30,13,32.778
denver,2026-06-30,14,32.778
denver,2026-06-30,15,32.778
denver,2026-06-30,16,32.778
denver,2026-06-30,17,32.778
denver,2026-06-30,18,32.778
denver,2026-06-30,19,32.778
denver,2026-06-30,20,32.778
denver,2026-06-30,21,32.778
denver,2026-06-30,22,32.778
denver,2026-06-30,23,32.778
denver,2026-07-01,0,13.333
denver,2026-07-01,1,13.333
denver,2026-07-01,2,13.333
denver,2026-07-01,3,13.333
denver,2026-07-01,4,14.444
denver,2026-07-01,5,14.444
denver,2026-07-01,6,15.0
denver,2026-07-01,7,19.444
denver,2026-07-01,8,22.222
denver,2026-07-01,9,25.0
denver,2026-07-01,10,26.667
denver,2026-07-01,11,28.889
denver,2026-07-01,12,30.556
denver,2026-07-01,13,31.111
denver,2026-07-01,14,31.667
denver,2026-07-01,15,31.667
denver,2026-07-01,16,32.222
denver,2026-07-01,17,32.222
denver,2026-07-01,18,32.222
denver,2026-07-01,19,32.222
denver,2026-07-01,20,32.222
denver,2026-07-01,21,32.222
denver,2026-07-01,22,32.222
denver,2026-07-01,23,32.222
denver,2026-07-02,0,17.778
denver,2026-07-02,1,17.778
denver,2026-07-02,2,17.778
denver,2026-07-02,3,17.778
denver,2026-07-02,4,17.778
denver,2026-07-02,5,17.778
denver,2026-07-02,6,17.778
denver,2026-07-02,7,17.778
denver,2026-07-02,8,18.333
denver,2026-07-02,9,20.0
denver,2026-07-02,10,22.222
denver,2026-07-02,11,25.556
denver,2026-07-02,12,30.0
denver,2026-07-02,13,31.111
denver,2026-07-02,14,31.111
denver,2026-07-02,15,31.111
denver,2026-07-02,16,32.222
denver,2026-07-02,17,32.222
denver,2026-07-02,18,32.222
denver,2026-07-02,19,32.222
denver,2026-07-02,20,32.222
denver,2026-07-02,21,32.222
denver,2026-07-02,22,32.222
denver,2026-07-02,23,32.222
denver,2026-07-03,0,21.111
denver,2026-07-03,1,21.111
denver,2026-07-03,2,21.111
denver,2026-07-03,3,21.111
denver,2026-07-03,4,21.111
denver,2026-07-03,5,21.111
denver,2026-07-03,6,21.111
denver,2026-07-03,7,21.111
denver,2026-07-03,8,22.222
denver,2026-07-03,9,23.889
denver,2026-07-03,10,26.111
denver,2026-07-03,11,27.778
denver,2026-07-03,12,28.889
denver,2026-07-03,13,31.111
denver,2026-07-03,14,31.667
denver,2026-07-03,15,33.333
denver,2026-07-03,16,33.333
denver,2026-07-03,17,33.333
denver,2026-07-03,18,33.333
denver,2026-07-03,19,33.333
denver,2026-07-03,20,33.333
denver,2026-07-03,21,33.333
denver,2026-07-03,22,33.333
denver,2026-07-03,23,33.333
denver,2026-07-04,0,19.444
denver,2026-07-04,1,19.444
denver,2026-07-04,2,19.444
denver,2026-07-04,3,19.444
denver,2026-07-04,4,19.444
denver,2026-07-04,5,19.444
denver,2026-07-04,6,19.444
denver,2026-07-04,7,22.222
denver,2026-07-04,8,23.889
denver,2026-07-04,9,26.667
denver,2026-07-04,10,27.778
denver,2026-07-04,11,29.444
denver,2026-07-04,12,29.444
denver,2026-07-04,13,30.556
denver,2026-07-04,14,30.556
denver,2026-07-04,15,31.111
denver,2026-07-04,16,31.667
denver,2026-07-04,17,31.667
denver,2026-07-04,18,31.667
denver,2026-07-04,19,31.667
denver,2026-07-04,20,31.667
denver,2026-07-04,21,31.667
denver,2026-07-04,22,31.667
denver,2026-07-04,23,31.667
denver,2026-07-05,0,21.111
denver,2026-07-05,1,21.111
denver,2026-07-05,2,21.111
denver,2026-07-05,3,21.111
denver,2026-07-05,4,21.111
denver,2026-07-05,5,21.111
denver,2026-07-05,6,21.111
denver,2026-07-05,7,23.333
denver,2026-07-05,8,26.667
denver,2026-07-05,9,28.889
denver,2026-07-05,10,30.556
denver,2026-07-05,11,32.778
denver,2026-07-05,12,32.778
denver,2026-07-05,13,34.444
denver,2026-07-05,14,34.444
denver,2026-07-05,15,34.444
denver,2026-07-05,16,34.444
denver,2026-07-05,17,34.444
denver,2026-07-05,18,34.444
denver,2026-07-05,19,34.444
denver,2026-07-05,20,34.444
denver,2026-07-05,21,34.444
denver,2026-07-05,22,34.444
denver,2026-07-05,23,34.444
denver,2026-07-06,0,23.333
denver,2026-07-06,1,23.333
denver,2026-07-06,2,23.333
denver,2026-07-06,3,23.333
denver,2026-07-06,4,23.333
denver,2026-07-06,5,23.333
denver,2026-07-06,6,23.333
denver,2026-07-06,7,23.333
denver,2026-07-06,8,28.333
denver,2026-07-06,9,31.111
denver,2026-07-06,10,32.778
denver,2026-07-06,11,33.889
denver,2026-07-06,12,35.556
denver,2026-07-06,13,35.556
denver,2026-07-06,14,35.556
denver,2026-07-06,15,35.556
denver,2026-07-06,16,35.556
denver,2026-07-06,17,35.556
denver,2026-07-06,18,35.556
denver,2026-07-06,19,35.556
denver,2026-07-06,20,35.556
denver,2026-07-06,21,35.556
denver,2026-07-06,22,35.556
denver,2026-07-06,23,35.556
denver,2026-07-07,0,23.333
denver,2026-07-07,1,23.333
denver,2026-07-07,2,23.333
denver,2026-07-07,3,23.333
denver,2026-07-07,4,23.333
denver,2026-07-07,5,23.333
denver,2026-07-07,6,23.333
denver,2026-07-07,7,23.333
denver,2026-07-07,8,26.111
denver,2026-07-07,9,28.333
denver,2026-07-07,10,31.667
denver,2026-07-07,11,34.444
denver,2026-07-07,12,36.111
denver,2026-07-07,13,36.111
denver,2026-07-07,14,36.111
denver,2026-07-07,15,36.111
denver,2026-07-07,16,36.111
denver,2026-07-07,17,36.111
denver,2026-07-07,18,36.111
denver,2026-07-07,19,36.111
denver,2026-07-07,20,36.111
denver,2026-07-07,21,36.111
denver,2026-07-07,22,36.111
denver,2026-07-07,23,36.111
denver,2026-07-08,0,21.667
denver,2026-07-08,1,21.667
denver,2026-07-08,2,21.667
denver,2026-07-08,3,21.667
denver,2026-07-08,4,21.667
denver,2026-07-08,5,21.667
denver,2026-07-08,6,21.667
denver,2026-07-08,7,23.889
denver,2026-07-08,8,28.333
denver,2026-07-08,9,29.444
denver,2026-07-08,10,31.667
denver,2026-07-08,11,33.889
denver,2026-07-08,12,33.889
denver,2026-07-08,13,33.889
denver,2026-07-08,14,33.889
denver,2026-07-08,15,33.889
denver,2026-07-08,16,33.889
denver,2026-07-08,17,33.889
denver,2026-07-08,18,33.889
denver,2026-07-08,19,33.889
denver,2026-07-08,20,33.889
denver,2026-07-08,21,33.889
denver,2026-07-08,22,33.889
denver,2026-07-08,23,33.889
denver,2026-07-09,0,18.333
denver,2026-07-09,1,18.333
denver,2026-07-09,2,18.333
denver,2026-07-09,3,18.889
denver,2026-07-09,4,18.889
denver,2026-07-09,5,18.889
denver,2026-07-09,6,18.889
denver,2026-07-09,7,22.222
denver,2026-07-09,8,25.0
denver,2026-07-09,9,27.222
denver,2026-07-09,10,28.333
denver,2026-07-09,11,29.444
denver,2026-07-09,12,31.667
denver,2026-07-09,13,32.778
denver,2026-07-09,14,32.778
denver,2026-07-09,15,32.778
denver,2026-07-09,16,32.778
denver,2026-07-09,17,32.778
denver,2026-07-09,18,32.778
denver,2026-07-09,19,32.778
denver,2026-07-09,20,32.778
denver,2026-07-09,21,32.778
denver,2026-07-09,22,32.778
denver,2026-07-09,23,32.778
denver,2026-07-10,0,17.778
denver,2026-07-10,1,17.778
denver,2026-07-10,2,17.778
denver,2026-07-10,3,17.778
denver,2026-07-10,4,17.778
denver,2026-07-10,5,17.778
denver,2026-07-10,6,17.778
denver,2026-07-10,7,20.0
denver,2026-07-10,8,21.667
denver,2026-07-10,9,24.444
denver,2026-07-10,10,27.222
denver,2026-07-10,11,30.0
denver,2026-07-10,12,30.556
denver,2026-07-10,13,31.111
denver,2026-07-10,14,32.222
denver,2026-07-10,15,32.222
denver,2026-07-10,16,32.222
denver,2026-07-10,17,32.222
denver,2026-07-10,18,32.222
denver,2026-07-10,19,32.222
denver,2026-07-10,20,32.222
denver,2026-07-10,21,32.222
denver,2026-07-10,22,32.222
denver,2026-07-10,23,32.222
denver,2026-07-11,0,19.444
denver,2026-07-11,1,19.444
denver,2026-07-11,2,19.444
denver,2026-07-11,3,19.444
denver,2026-07-11,4,19.444
denver,2026-07-11,5,19.444
denver,2026-07-11,6,19.444
denver,2026-07-11,7,21.667
denver,2026-07-11,8,23.333
denver,2026-07-11,9,25.556
denver,2026-07-11,10,28.333
denver,2026-07-11,11,30.0
denver,2026-07-11,12,32.222
denver,2026-07-11,13,33.889
denver,2026-07-11,14,35.0
denver,2026-07-11,15,35.0
denver,2026-07-11,16,35.556
denver,2026-07-11,17,35.556
denver,2026-07-11,18,35.556
denver,2026-07-11,19,35.556
denver,2026-07-11,20,35.556
denver,2026-07-11,21,35.556
denver,2026-07-11,22,35.556
denver,2026-07-11,23,35.556
denver,2026-07-12,0,23.333
denver,2026-07-12,1,23.333
denver,2026-07-12,2,23.333
denver,2026-07-12,3,23.333
denver,2026-07-12,4,23.333
denver,2026-07-12,5,23.333
denver,2026-07-12,6,23.333
denver,2026-07-12,7,23.889
denver,2026-07-12,8,26.667
denver,2026-07-12,9,28.333
denver,2026-07-12,10,31.111
denver,2026-07-12,11,33.333
denver,2026-07-12,12,33.889
denver,2026-07-12,13,35.0
denver,2026-07-12,14,35.556
denver,2026-07-12,15,35.556
denver,2026-07-12,16,35.556
denver,2026-07-12,17,35.556
denver,2026-07-12,18,35.556
denver,2026-07-12,19,35.556
denver,2026-07-12,20,35.556
denver,2026-07-12,21,35.556
denver,2026-07-12,22,35.556
denver,2026-07-12,23,35.556
denver,2026-07-13,0,23.333
denver,2026-07-13,1,23.333
denver,2026-07-13,2,23.333
denver,2026-07-13,3,23.333
denver,2026-07-13,4,23.333
denver,2026-07-13,5,23.333
denver,2026-07-13,6,23.333
denver,2026-07-13,7,25.556
denver,2026-07-13,8,28.333
denver,2026-07-13,9,30.0
denver,2026-07-13,10,32.222
denver,2026-07-13,11,33.333
denver,2026-07-13,12,34.444
denver,2026-07-13,13,35.556
denver,2026-07-13,14,36.111
denver,2026-07-13,15,36.111
denver,2026-07-13,16,36.111
denver,2026-07-13,17,36.111
denver,2026-07-13,18,36.111
denver,2026-07-13,19,36.111
denver,2026-07-13,20,36.111
denver,2026-07-13,21,36.111
denver,2026-07-13,22,36.111
denver,2026-07-13,23,36.111
denver,2026-07-14,0,22.778
denver,2026-07-14,1,22.778
denver,2026-07-14,2,22.778
denver,2026-07-14,3,22.778
denver,2026-07-14,4,22.778
denver,2026-07-14,5,22.778
denver,2026-07-14,6,22.778
denver,2026-07-14,7,22.778
denver,2026-07-14,8,24.444
denver,2026-07-14,9,25.556
denver,2026-07-14,10,28.333
denver,2026-07-14,11,31.111
denver,2026-07-14,12,33.333
denver,2026-07-14,13,34.444
denver,2026-07-14,14,34.444
denver,2026-07-14,15,35.0
denver,2026-07-14,16,35.0
denver,2026-07-14,17,35.0
denver,2026-07-14,18,35.0
denver,2026-07-14,19,35.0
denver,2026-07-14,20,35.0
denver,2026-07-14,21,35.0
denver,2026-07-14,22,35.0
denver,2026-07-14,23,35.0
denver,2026-07-15,0,22.222
denver,2026-07-15,1,22.222
denver,2026-07-15,2,22.222
denver,2026-07-15,3,22.222
denver,2026-07-15,4,22.222
denver,2026-07-15,5,22.222
denver,2026-07-15,6,22.222
denver,2026-07-15,7,22.222
denver,2026-07-15,8,25.556
denver,2026-07-15,9,25.556
denver,2026-07-15,10,27.778
denver,2026-07-15,11,30.556
denver,2026-07-15,12,32.778
denver,2026-07-15,13,32.778
denver,2026-07-15,14,34.444
denver,2026-07-15,15,34.444
denver,2026-07-15,16,34.444
denver,2026-07-15,17,34.444
denver,2026-07-15,18,34.444
denver,2026-07-15,19,34.444
denver,2026-07-15,20,34.444
denver,2026-07-15,21,34.444
denver,2026-07-15,22,34.444
denver,2026-07-15,23,34.444
denver,2026-07-16,0,23.333
denver,2026-07-16,1,23.333
denver,2026-07-16,2,23.333
denver,2026-07-16,3,23.333
denver,2026-07-16,4,23.333
denver,2026-07-16,5,23.333
denver,2026-07-16,6,23.333
denver,2026-07-16,7,23.333
denver,2026-07-16,8,23.889
denver,2026-07-16,9,26.111
denver,2026-07-16,10,27.778
denver,2026-07-16,11,30.0
denver,2026-07-16,12,31.667
denver,2026-07-16,13,31.667
denver,2026-07-16,14,31.667
denver,2026-07-16,15,33.889
denver,2026-07-16,16,33.889
denver,2026-07-16,17,33.889
denver,2026-07-16,18,33.889
denver,2026-07-16,19,33.889
denver,2026-07-16,20,33.889
denver,2026-07-16,21,33.889
denver,2026-07-16,22,33.889
denver,2026-07-16,23,33.889
denver,2026-07-17,0,22.778
denver,2026-07-17,1,22.778
denver,2026-07-17,2,22.778
denver,2026-07-17,3,22.778
denver,2026-07-17,4,22.778
denver,2026-07-17,5,22.778
denver,2026-07-17,6,22.778
denver,2026-07-17,7,22.778
denver,2026-07-17,8,25.556
denver,2026-07-17,9,27.222
denver,2026-07-17,10,28.889
denver,2026-07-17,11,30.556
denver,2026-07-17,12,33.333
denver,2026-07-17,13,33.333
denver,2026-07-17,14,33.333
denver,2026-07-17,15,33.333
denver,2026-07-17,16,33.889
denver,2026-07-17,17,33.889
denver,2026-07-17,18,33.889
denver,2026-07-17,19,33.889
denver,2026-07-17,20,33.889
denver,2026-07-17,21,33.889
denver,2026-07-17,22,33.889
denver,2026-07-17,23,33.889
denver,2026-07-18,0,23.889
denver,2026-07-18,1,23.889
denver,2026-07-18,2,23.889
denver,2026-07-18,3,23.889
denver,2026-07-18,4,23.889
denver,2026-07-18,5,23.889
denver,2026-07-18,6,23.889
denver,2026-07-18,7,23.889
denver,2026-07-18,8,24.444
denver,2026-07-18,9,26.111
denver,2026-07-18,10,27.778
denver,2026-07-18,11,30.0
denver,2026-07-18,12,31.667
denver,2026-07-18,13,33.333
denver,2026-07-18,14,33.889
denver,2026-07-18,15,33.889
denver,2026-07-18,16,34.444
denver,2026-07-18,17,34.444
denver,2026-07-18,18,34.444
denver,2026-07-18,19,34.444
denver,2026-07-18,20,34.444
denver,2026-07-18,21,34.444
denver,2026-07-18,22,34.444
denver,2026-07-18,23,34.444
denver,2026-07-19,0,23.889
denver,2026-07-19,1,23.889
denver,2026-07-19,2,23.889
denver,2026-07-19,3,23.889
denver,2026-07-19,4,23.889
denver,2026-07-19,5,23.889
denver,2026-07-19,6,23.889
denver,2026-07-19,7,23.889
denver,2026-07-19,8,26.111
denver,2026-07-19,9,28.889
denver,2026-07-19,10,32.222
denver,2026-07-19,11,33.889
denver,2026-07-19,12,34.444
denver,2026-07-19,13,35.556
denver,2026-07-19,14,35.556
denver,2026-07-19,15,36.667
denver,2026-07-19,16,36.667
denver,2026-07-19,17,36.667
denver,2026-07-19,18,36.667
denver,2026-07-19,19,36.667
denver,2026-07-19,20,36.667
denver,2026-07-19,21,36.667
denver,2026-07-19,22,36.667
denver,2026-07-19,23,36.667
denver,2026-07-20,0,25.556
denver,2026-07-20,1,25.556
denver,2026-07-20,2,25.556
denver,2026-07-20,3,25.556
denver,2026-07-20,4,25.556
denver,2026-07-20,5,25.556
denver,2026-07-20,6,25.556
denver,2026-07-20,7,26.667
denver,2026-07-20,8,28.889
denver,2026-07-20,9,31.111
denver,2026-07-20,10,33.889
denver,2026-07-20,11,35.556
denver,2026-07-20,12,36.667
denver,2026-07-20,13,36.667
denver,2026-07-20,14,37.778
denver,2026-07-20,15,37.778
denver,2026-07-20,16,37.778
denver,2026-07-20,17,37.778
denver,2026-07-20,18,37.778
denver,2026-07-20,19,37.778
denver,2026-07-20,20,37.778
denver,2026-07-20,21,37.778
denver,2026-07-20,22,37.778
denver,2026-07-20,23,37.778
denver,2026-07-21,0,27.778
denver,2026-07-21,1,27.778
denver,2026-07-21,2,27.778
denver,2026-07-21,3,27.778
denver,2026-07-21,4,27.778
denver,2026-07-21,5,27.778
denver,2026-07-21,6,27.778
denver,2026-07-21,7,27.778
denver,2026-07-21,8,27.778
denver,2026-07-21,9,27.778
denver,2026-07-21,10,27.778
denver,2026-07-21,11,27.778
denver,2026-07-21,12,30.556
denver,2026-07-21,13,32.222
denver,2026-07-21,14,32.778
denver,2026-07-21,15,35.0
denver,2026-07-21,16,36.111
denver,2026-07-21,17,36.111
denver,2026-07-21,18,36.111
denver,2026-07-21,19,36.111
denver,2026-07-21,20,36.111
denver,2026-07-21,21,36.111
denver,2026-07-21,22,36.111
denver,2026-07-21,23,36.111
denver,2026-07-22,0,20.556
denver,2026-07-22,1,20.556
denver,2026-07-22,2,20.556
denver,2026-07-22,3,20.556
denver,2026-07-22,4,20.556
denver,2026-07-22,5,20.556
denver,2026-07-22,6,21.667
denver,2026-07-22,7,23.333
denver,2026-07-22,8,25.0
denver,2026-07-22,9,27.778
denver,2026-07-22,10,28.889
denver,2026-07-22,11,30.556
denver,2026-07-22,12,32.778
denver,2026-07-22,13,34.444
denver,2026-07-22,14,34.444
denver,2026-07-22,15,34.444
denver,2026-07-22,16,34.444
denver,2026-07-22,17,34.444
denver,2026-07-22,18,34.444
denver,2026-07-22,19,34.444
denver,2026-07-22,20,34.444
denver,2026-07-22,21,34.444
denver,2026-07-22,22,34.444
denver,2026-07-22,23,34.444
denver,2026-07-23,0,21.111
denver,2026-07-23,1,21.111
denver,2026-07-23,2,21.111
denver,2026-07-23,3,21.111
denver,2026-07-23,4,21.111
denver,2026-07-23,5,21.111
denver,2026-07-23,6,21.111
denver,2026-07-23,7,22.222
denver,2026-07-23,8,23.889
denver,2026-07-23,9,25.556
denver,2026-07-23,10,27.778
denver,2026-07-23,11,28.889
denver,2026-07-23,12,29.444
denver,2026-07-23,13,29.444
denver,2026-07-23,14,29.444
denver,2026-07-23,15,29.444
denver,2026-07-23,16,29.444
denver,2026-07-23,17,29.444
denver,2026-07-23,18,29.444
denver,2026-07-23,19,29.444
denver,2026-07-23,20,29.444
denver,2026-07-23,21,29.444
denver,2026-07-23,22,29.444
denver,2026-07-23,23,29.444
denver,2026-07-24,0,20.556
denver,2026-07-24,1,20.556
denver,2026-07-24,2,20.556
denver,2026-07-24,3,20.556
denver,2026-07-24,4,20.556
denver,2026-07-24,5,20.556
denver,2026-07-24,6,21.111
denver,2026-07-24,7,23.889
denver,2026-07-24,8,26.667
denver,2026-07-24,9,28.889
denver,2026-07-24,10,28.889
denver,2026-07-24,11,28.889
denver,2026-07-24,12,28.889
denver,2026-07-24,13,28.889
denver,2026-07-24,14,34.444
denver,2026-07-24,15,35.556
denver,2026-07-24,16,35.556
denver,2026-07-24,17,35.556
denver,2026-07-24,18,35.556
denver,2026-07-24,19,35.556
denver,2026-07-24,20,35.556
denver,2026-07-24,21,35.556
denver,2026-07-24,22,35.556
denver,2026-07-24,23,35.556
denver,2026-07-25,0,23.889
denver,2026-07-25,1,25.556
denver,2026-07-25,2,25.556
denver,2026-07-25,3,25.556
denver,2026-07-25,4,25.556
denver,2026-07-25,5,25.556
denver,2026-07-25,6,25.556
denver,2026-07-25,7,26.111
denver,2026-07-25,8,28.333
denver,2026-07-25,9,30.556
denver,2026-07-25,10,33.333
denver,2026-07-25,11,35.0
denver,2026-07-25,12,36.667
denver,2026-07-25,13,38.333
denver,2026-07-25,14,38.333
denver,2026-07-25,15,38.333
denver,2026-07-25,16,38.333
denver,2026-07-25,17,38.333
denver,2026-07-25,18,38.333
denver,2026-07-25,19,38.333
denver,2026-07-25,20,38.333
denver,2026-07-25,21,38.333
denver,2026-07-25,22,38.333
denver,2026-07-25,23,38.333
denver,2026-07-26,0,26.667
denver,2026-07-26,1,26.667
denver,2026-07-26,2,26.667
denver,2026-07-26,3,26.667
denver,2026-07-26,4,26.667
denver,2026-07-26,5,26.667
denver,2026-07-26,6,26.667
denver,2026-07-26,7,26.667
denver,2026-07-26,8,31.111
denver,2026-07-26,9,32.222
denver,2026-07-26,10,35.556
denver,2026-07-26,11,35.556
denver,2026-07-26,12,37.778
denver,2026-07-26,13,38.333
denver,2026-07-26,14,38.333
denver,2026-07-26,15,38.333
denver,2026-07-26,16,38.333
denver,2026-07-26,17,38.333
denver,2026-07-26,18,38.333
denver,2026-07-26,19,38.333
denver,2026-07-26,20,38.333
denver,2026-07-26,21,38.333
denver,2026-07-26,22,38.333
denver,2026-07-26,23,38.333
denver,2026-07-27,0,27.778
denver,2026-07-27,1,27.778
denver,2026-07-27,2,27.778
denver,2026-07-27,3,27.778
denver,2026-07-27,4,27.778
denver,2026-07-27,5,27.778
denver,2026-07-27,6,27.778
denver,2026-07-27,7,27.778
denver,2026-07-27,8,27.778
denver,2026-07-27,9,27.778
denver,2026-07-27,10,28.889
denver,2026-07-27,11,30.0
denver,2026-07-27,12,31.667
denver,2026-07-27,13,31.667
denver,2026-07-27,14,31.667
denver,2026-07-27,15,33.333
denver,2026-07-27,16,33.333
denver,2026-07-27,17,33.333
denver,2026-07-27,18,33.333
denver,2026-07-27,19,33.333
denver,2026-07-27,20,33.333
denver,2026-07-27,21,33.333
denver,2026-07-27,22,33.333
denver,2026-07-27,23,33.333
denver,2026-07-28,0,22.778
denver,2026-07-28,1,22.778
denver,2026-07-28,2,22.778
denver,2026-07-28,3,22.778
denver,2026-07-28,4,22.778
denver,2026-07-28,5,22.778
denver,2026-07-28,6,22.778
denver,2026-07-28,7,22.778
denver,2026-07-28,8,26.111
denver,2026-07-28,9,28.333
denver,2026-07-28,10,30.556
denver,2026-07-28,11,31.667
denver,2026-07-28,12,33.333
denver,2026-07-28,13,33.333
denver,2026-07-28,14,33.333
denver,2026-07-28,15,33.333
denver,2026-07-28,16,33.333
denver,2026-07-28,17,33.333
denver,2026-07-28,18,33.333
denver,2026-07-28,19,33.333
denver,2026-07-28,20,33.333
denver,2026-07-28,21,33.333
denver,2026-07-28,22,33.333
denver,2026-07-28,23,33.333
denver,2026-07-29,0,20.556
denver,2026-07-29,1,20.556
denver,2026-07-29,2,20.556
denver,2026-07-29,3,20.556
denver,2026-07-29,4,20.556
denver,2026-07-29,5,20.556
denver,2026-07-29,6,21.111
denver,2026-07-29,7,23.889
denver,2026-07-29,8,26.667
denver,2026-07-29,9,29.444
denver,2026-07-29,10,30.556
denver,2026-07-29,11,31.111
denver,2026-07-29,12,32.222
denver,2026-07-29,13,32.222
denver,2026-07-29,14,32.222
denver,2026-07-29,15,32.222
denver,2026-07-29,16,32.222
denver,2026-07-29,17,32.222
denver,2026-07-29,18,32.222
denver,2026-07-29,19,32.222
denver,2026-07-29,20,32.222
denver,2026-07-29,21,32.222
denver,2026-07-29,22,32.222
denver,2026-07-29,23,32.222
denver,2026-07-30,0,20.0
denver,2026-07-30,1,20.556
denver,2026-07-30,2,20.556
denver,2026-07-30,3,20.556
denver,2026-07-30,4,20.556
denver,2026-07-30,5,20.556
denver,2026-07-30,6,20.556
denver,2026-07-30,7,23.889
denver,2026-07-30,8,27.778
denver,2026-07-30,9,28.333
denver,2026-07-30,10,32.222
denver,2026-07-30,11,32.778
denver,2026-07-30,12,33.889
denver,2026-07-30,13,33.889
denver,2026-07-30,14,34.444
denver,2026-07-30,15,34.444
denver,2026-07-30,16,34.444
denver,2026-07-30,17,34.444
denver,2026-07-30,18,34.444
denver,2026-07-30,19,34.444
denver,2026-07-30,20,34.444
denver,2026-07-30,21,34.444
denver,2026-07-30,22,34.444
denver,2026-07-30,23,34.444
denver,2026-07-31,0,20.556
denver,2026-07-31,1,21.111
denver,2026-07-31,2,21.111
denver,2026-07-31,3,21.111
denver,2026-07-31,4,21.111
denver,2026-07-31,5,21.111
denver,2026-07-31,6,21.111
denver,2026-07-31,7,21.111
denver,2026-07-31,8,22.222
denver,2026-07-31,9,25.556
denver,2026-07-31,10,26.667
denver,2026-07-31,11,29.444
denver,2026-07-31,12,30.556
denver,2026-07-31,13,31.667
denver,2026-07-31,14,31.667
denver,2026-07-31,15,32.222
denver,2026-07-31,16,32.222
denver,2026-07-31,17,32.222
denver,2026-07-31,18,32.222
denver,2026-07-31,19,32.222
denver,2026-07-31,20,32.222
denver,2026-07-31,21,32.222
denver,2026-07-31,22,32.222
denver,2026-07-31,23,32.222
denver,2026-08-01,0,18.333
denver,2026-08-01,1,18.889
denver,2026-08-01,2,18.889
denver,2026-08-01,3,18.889
denver,2026-08-01,4,18.889
denver,2026-08-01,5,18.889
denver,2026-08-01,6,18.889
denver,2026-08-01,7,21.667
denver,2026-08-01,8,22.778
denver,2026-08-01,9,25.556
denver,2026-08-01,10,27.778
denver,2026-08-01,11,29.444
denver,2026-08-01,12,31.667
denver,2026-08-01,13,32.778
denver,2026-08-01,14,33.889
denver,2026-08-01,15,33.889
denver,2026-08-01,16,33.889
denver,2026-08-01,17,33.889
denver,2026-08-01,18,33.889
denver,2026-08-01,19,33.889
denver,2026-08-01,20,33.889
denver,2026-08-01,21,33.889
denver,2026-08-01,22,33.889
denver,2026-08-01,23,33.889
denver,2026-08-02,0,24.444
denver,2026-08-02,1,24.444
denver,2026-08-02,2,24.444
denver,2026-08-02,3,24.444
denver,2026-08-02,4,24.444
denver,2026-08-02,5,24.444
denver,2026-08-02,6,24.444
denver,2026-08-02,7,26.667
denver,2026-08-02,8,29.444
denver,2026-08-02,9,31.667
denver,2026-08-02,10,34.444
denver,2026-08-02,11,36.111
denver,2026-08-02,12,37.222
denver,2026-08-02,13,38.333
denver,2026-08-02,14,38.333
denver,2026-08-02,15,38.333
denver,2026-08-02,16,38.333
denver,2026-08-02,17,38.333
denver,2026-08-02,18,38.333
denver,2026-08-02,19,38.333
denver,2026-08-02,20,38.333
denver,2026-08-02,21,38.333
denver,2026-08-02,22,38.333
denver,2026-08-02,23,38.333
denver,2026-08-03,0,26.111
denver,2026-08-03,1,26.111
denver,2026-08-03,2,26.111
denver,2026-08-03,3,26.111
denver,2026-08-03,4,26.111
denver,2026-08-03,5,26.111
denver,2026-08-03,6,26.111
denver,2026-08-03,7,26.111
denver,2026-08-03,8,27.222
denver,2026-08-03,9,29.444
denver,2026-08-03,10,31.667
denver,2026-08-03,11,35.0
denver,2026-08-03,12,36.667
denver,2026-08-03,13,37.778
denver,2026-08-03,14,38.333
denver,2026-08-03,15,38.333
denver,2026-08-03,16,38.333
denver,2026-08-03,17,38.333
denver,2026-08-03,18,38.333
denver,2026-08-03,19,38.333
denver,2026-08-03,20,38.333
denver,2026-08-03,21,38.333
denver,2026-08-03,22,38.333
denver,2026-08-03,23,38.333
denver,2026-08-04,0,18.333
denver,2026-08-04,1,18.333
denver,2026-08-04,2,18.333
denver,2026-08-04,3,18.333
denver,2026-08-04,4,18.333
denver,2026-08-04,5,18.333
denver,2026-08-04,6,18.333
denver,2026-08-04,7,18.333
denver,2026-08-04,8,18.333
denver,2026-08-04,9,18.333
denver,2026-08-04,10,18.333
denver,2026-08-04,11,18.333
denver,2026-08-04,12,19.444
denver,2026-08-04,13,21.667
denver,2026-08-04,14,22.222
denver,2026-08-04,15,22.778
denver,2026-08-04,16,23.333
denver,2026-08-04,17,23.333
denver,2026-08-04,18,23.333
denver,2026-08-04,19,23.333
denver,2026-08-04,20,23.333
denver,2026-08-04,21,23.333
denver,2026-08-04,22,23.333
denver,2026-08-04,23,23.333
denver,2026-08-05,0,12.778
denver,2026-08-05,1,12.778
denver,2026-08-05,2,12.778
denver,2026-08-05,3,12.778
denver,2026-08-05,4,12.778
denver,2026-08-05,5,12.778
denver,2026-08-05,6,12.778
denver,2026-08-05,7,13.889
denver,2026-08-05,8,15.0
denver,2026-08-05,9,16.111
denver,2026-08-05,10,17.222
denver,2026-08-05,11,19.444
denver,2026-08-05,12,21.111
denver,2026-08-05,13,23.889
denver,2026-08-05,14,26.667
denver,2026-08-05,15,29.444
denver,2026-08-05,16,29.444
denver,2026-08-05,17,29.444
denver,2026-08-05,18,29.444
denver,2026-08-05,19,29.444
denver,2026-08-05,20,29.444
denver,2026-08-05,21,29.444
denver,2026-08-05,22,29.444
denver,2026-08-05,23,29.444
denver,2026-08-06,0,21.111
denver,2026-08-06,1,21.111
denver,2026-08-06,2,21.111
denver,2026-08-06,3,21.111
denver,2026-08-06,4,21.111
denver,2026-08-06,5,21.111
denver,2026-08-06,6,21.111
denver,2026-08-06,7,21.111
denver,2026-08-06,8,21.667
denver,2026-08-06,9,26.111
denver,2026-08-06,10,28.889
denver,2026-08-06,11,32.222
denver,2026-08-06,12,33.333
denver,2026-08-06,13,34.444
denver,2026-08-06,14,35.0
denver,2026-08-06,15,36.111
denver,2026-08-06,16,36.111
denver,2026-08-06,17,36.111
denver,2026-08-06,18,36.111
denver,2026-08-06,19,36.111
denver,2026-08-06,20,36.111
denver,2026-08-06,21,36.111
denver,2026-08-06,22,36.111
denver,2026-08-06,23,36.111
denver,2026-08-07,0,21.667
denver,2026-08-07,1,21.667
denver,2026-08-07,2,21.667
denver,2026-08-07,3,21.667
denver,2026-08-07,4,21.667
denver,2026-08-07,5,21.667
denver,2026-08-07,6,21.667
denver,2026-08-07,7,23.889
denver,2026-08-07,8,25.0
denver,2026-08-07,9,26.667
denver,2026-08-07,10,27.778
denver,2026-08-07,11,30.0
denver,2026-08-07,12,31.111
denver,2026-08-07,13,33.333
denver,2026-08-07,14,35.0
denver,2026-08-07,15,35.0
denver,2026-08-07,16,35.556
denver,2026-08-07,17,35.556
denver,2026-08-07,18,35.556
denver,2026-08-07,19,35.556
denver,2026-08-07,20,35.556
denver,2026-08-07,21,35.556
denver,2026-08-07,22,35.556
denver,2026-08-07,23,35.556
denver,2026-08-08,0,22.778
denver,2026-08-08,1,23.889
denver,2026-08-08,2,23.889
denver,2026-08-08,3,23.889
denver,2026-08-08,4,23.889
denver,2026-08-08,5,23.889
denver,2026-08-08,6,23.889
denver,2026-08-08,7,25.556
denver,2026-08-08,8,30.556
denver,2026-08-08,9,31.111
denver,2026-08-08,10,33.333
denver,2026-08-08,11,35.556
denver,2026-08-08,12,36.111
denver,2026-08-08,13,36.667
denver,2026-08-08,14,37.222
denver,2026-08-08,15,37.222
denver,2026-08-08,16,37.222
denver,2026-08-08,17,37.222
denver,2026-08-08,18,37.222
denver,2026-08-08,19,37.222
denver,2026-08-08,20,37.222
denver,2026-08-08,21,37.222
denver,2026-08-08,22,37.222
denver,2026-08-08,23,37.222
denver,2026-08-09,0,23.889
denver,2026-08-09,1,23.889
denver,2026-08-09,2,23.889
denver,2026-08-09,3,23.889
denver,2026-08-09,4,23.889
denver,2026-08-09,5,23.889
denver,2026-08-09,6,23.889
denver,2026-08-09,7,24.444
denver,2026-08-09,8,27.222
denver,2026-08-09,9,31.667
denver,2026-08-09,10,32.778
denver,2026-08-09,11,34.444
denver,2026-08-09,12,36.667
denver,2026-08-09,13,36.667
denver,2026-08-09,14,36.667
denver,2026-08-09,15,36.667
denver,2026-08-09,16,36.667
denver,2026-08-09,17,36.667
denver,2026-08-09,18,36.667
denver,2026-08-09,19,36.667
denver,2026-08-09,20,36.667
denver,2026-08-09,21,36.667
denver,2026-08-09,22,36.667
denver,2026-08-09,23,36.667
denver,2026-08-10,0,22.778
denver,2026-08-10,1,22.778
denver,2026-08-10,2,22.778
denver,2026-08-10,3,22.778
denver,2026-08-10,4,22.778
denver,2026-08-10,5,22.778
denver,2026-08-10,6,22.778
denver,2026-08-10,7,23.333
denver,2026-08-10,8,28.333
denver,2026-08-10,9,28.889
denver,2026-08-10,10,30.556
denver,2026-08-10,11,32.222
denver,2026-08-10,12,33.333
denver,2026-08-10,13,33.333
denver,2026-08-10,14,35.556
denver,2026-08-10,15,35.556
denver,2026-08-10,16,35.556
denver,2026-08-10,17,35.556
denver,2026-08-10,18,35.556
denver,2026-08-10,19,35.556
denver,2026-08-10,20,35.556
denver,2026-08-10,21,35.556
denver,2026-08-10,22,35.556
denver,2026-08-10,23,35.556
denver,2026-08-11,0,22.778
denver,2026-08-11,1,22.778
denver,2026-08-11,2,22.778
denver,2026-08-11,3,22.778
denver,2026-08-11,4,22.778
denver,2026-08-11,5,22.778
denver,2026-08-11,6,22.778
denver,2026-08-11,7,26.111
denver,2026-08-11,8,28.333
denver,2026-08-11,9,30.556
denver,2026-08-11,10,32.778
denver,2026-08-11,11,33.333
denver,2026-08-11,12,34.444
denver,2026-08-11,13,34.444
denver,2026-08-11,14,34.444
denver,2026-08-11,15,34.444
denver,2026-08-11,16,34.444
denver,2026-08-11,17,34.444
denver,2026-08-11,18,34.444
denver,2026-08-11,19,34.444
denver,2026-08-11,20,34.444
denver,2026-08-11,21,34.444
denver,2026-08-11,22,34.444
denver,2026-08-11,23,34.444
denver,2026-08-12,0,23.333
denver,2026-08-12,1,23.333
denver,2026-08-12,2,23.333
denver,2026-08-12,3,23.333
denver,2026-08-12,4,23.333
denver,2026-08-12,5,23.333
denver,2026-08-12,6,23.333
denver,2026-08-12,7,23.889
denver,2026-08-12,8,26.111
denver,2026-08-12,9,27.778
denver,2026-08-12,10,29.444
denver,2026-08-12,11,31.667
denver,2026-08-12,12,32.778
denver,2026-08-12,13,33.889
denver,2026-08-12,14,33.889
denver,2026-08-12,15,33.889
denver,2026-08-12,16,33.889
denver,2026-08-12,17,33.889
denver,2026-08-12,18,33.889
denver,2026-08-12,19,33.889
denver,2026-08-12,20,33.889
denver,2026-08-12,21,33.889
denver,2026-08-12,22,33.889
denver,2026-08-12,23,33.889
denver,2026-08-13,0,20.0
denver,2026-08-13,1,20.0
denver,2026-08-13,2,20.0
denver,2026-08-13,3,20.0
denver,2026-08-13,4,20.0
denver,2026-08-13,5,20.0
denver,2026-08-13,6,20.0
denver,2026-08-13,7,20.0
denver,2026-08-13,8,21.111
denver,2026-08-13,9,24.444
denver,2026-08-13,10,24.444
denver,2026-08-13,11,25.0
denver,2026-08-13,12,25.556
denver,2026-08-13,13,26.667
denver,2026-08-13,14,26.667
denver,2026-08-13,15,26.667
denver,2026-08-13,16,26.667
denver,2026-08-13,17,26.667
denver,2026-08-13,18,26.667
denver,2026-08-13,19,26.667
denver,2026-08-13,20,26.667
denver,2026-08-13,21,26.667
denver,2026-08-13,22,26.667
denver,2026-08-13,23,26.667
denver,2026-08-14,0,18.333
denver,2026-08-14,1,18.333
denver,2026-08-14,2,18.333
denver,2026-08-14,3,18.333
denver,2026-08-14,4,18.333
denver,2026-08-14,5,18.333
denver,2026-08-14,6,18.333
denver,2026-08-14,7,18.889
denver,2026-08-14,8,20.556
denver,2026-08-14,9,24.444
denver,2026-08-14,10,26.667
denver,2026-08-14,11,28.333
denver,2026-08-14,12,30.556
denver,2026-08-14,13,30.556
denver,2026-08-14,14,30.556
denver,2026-08-14,15,30.556
denver,2026-08-14,16,30.556
denver,2026-08-14,17,30.556
denver,2026-08-14,18,30.556
denver,2026-08-14,19,30.556
denver,2026-08-14,20,30.556
denver,2026-08-14,21,30.556
denver,2026-08-14,22,30.556
denver,2026-08-14,23,30.556
denver,2026-08-15,0,16.111
denver,2026-08-15,1,16.111
denver,2026-08-15,2,16.111
denver,2026-08-15,3,16.111
denver,2026-08-15,4,16.111
denver,2026-08-15,5,16.111
denver,2026-08-15,6,16.667
denver,2026-08-15,7,18.889
denver,2026-08-15,8,21.111
denver,2026-08-15,9,22.778
denver,2026-08-15,10,24.444
denver,2026-08-15,11,26.111
denver,2026-08-15,12,28.333
denver,2026-08-15,13,28.333
denver,2026-08-15,14,28.333
denver,2026-08-15,15,28.333
denver,2026-08-15,16,28.333
denver,2026-08-15,17,28.333
denver,2026-08-15,18,28.333
denver,2026-08-15,19,28.333
denver,2026-08-15,20,28.333
denver,2026-08-15,21,28.333
denver,2026-08-15,22,28.333
denver,2026-08-15,23,28.333
denver,2026-08-16,0,16.111
denver,2026-08-16,1,16.111
denver,2026-08-16,2,16.111
denver,2026-08-16,3,16.111
denver,2026-08-16,4,16.111
denver,2026-08-16,5,16.111
denver,2026-08-16,6,16.111
denver,2026-08-16,7,16.667
denver,2026-08-16,8,18.889
denver,2026-08-16,9,20.556
denver,2026-08-16,10,21.667
denver,2026-08-16,11,25.556
denver,2026-08-16,12,28.333
denver,2026-08-16,13,28.333
denver,2026-08-16,14,28.333
denver,2026-08-16,15,28.333
denver,2026-08-16,16,28.333
denver,2026-08-16,17,28.333
denver,2026-08-16,18,28.333
denver,2026-08-16,19,28.333
denver,2026-08-16,20,28.333
denver,2026-08-16,21,28.333
denver,2026-08-16,22,28.333
denver,2026-08-16,23,28.333
denver,2026-08-17,0,19.444
denver,2026-08-17,1,19.444
denver,2026-08-17,2,19.444
denver,2026-08-17,3,19.444
denver,2026-08-17,4,19.444
denver,2026-08-17,5,19.444
denver,2026-08-17,6,19.444
denver,2026-08-17,7,21.111
denver,2026-08-17,8,23.889
denver,2026-08-17,9,26.667
denver,2026-08-17,10,28.889
denver,2026-08-17,11,30.556
denver,2026-08-17,12,32.778
denver,2026-08-17,13,32.778
denver,2026-08-17,14,32.778
denver,2026-08-17,15,32.778
denver,2026-08-17,16,33.333
denver,2026-08-17,17,33.333
denver,2026-08-17,18,33.333
denver,2026-08-17,19,33.333
denver,2026-08-17,20,33.333
denver,2026-08-17,21,33.333
denver,2026-08-17,22,33.333
denver,2026-08-17,23,33.333
denver,2026-08-18,0,21.667
denver,2026-08-18,1,21.667
denver,2026-08-18,2,21.667
denver,2026-08-18,3,21.667
denver,2026-08-18,4,21.667
denver,2026-08-18,5,21.667
denver,2026-08-18,6,21.667
denver,2026-08-18,7,21.667
denver,2026-08-18,8,23.333
denver,2026-08-18,9,25.0
denver,2026-08-18,10,27.222
denver,2026-08-18,11,28.333
denver,2026-08-18,12,29.444
denver,2026-08-18,13,30.0
denver,2026-08-18,14,31.111
denver,2026-08-18,15,31.111
denver,2026-08-18,16,31.111
denver,2026-08-18,17,31.111
denver,2026-08-18,18,31.111
denver,2026-08-18,19,31.111
denver,2026-08-18,20,31.111
denver,2026-08-18,21,31.111
denver,2026-08-18,22,31.111
denver,2026-08-18,23,31.111
denver,2026-08-19,0,17.222
denver,2026-08-19,1,17.222
denver,2026-08-19,2,17.222
denver,2026-08-19,3,17.222
denver,2026-08-19,4,17.222
denver,2026-08-19,5,18.333
denver,2026-08-19,6,18.333
denver,2026-08-19,7,18.333
denver,2026-08-19,8,18.333
denver,2026-08-19,9,22.778
denver,2026-08-19,10,25.0
denver,2026-08-19,11,27.222
denver,2026-08-19,12,29.444
denver,2026-08-19,13,31.111
denver,2026-08-19,14,31.667
denver,2026-08-19,15,31.667
denver,2026-08-19,16,32.778
denver,2026-08-19,17,32.778
denver,2026-08-19,18,32.778
denver,2026-08-19,19,32.778
denver,2026-08-19,20,32.778
denver,2026-08-19,21,32.778
denver,2026-08-19,22,32.778
denver,2026-08-19,23,32.778
denver,2026-08-20,0,20.556
denver,2026-08-20,1,20.556
denver,2026-08-20,2,20.556
denver,2026-08-20,3,20.556
denver,2026-08-20,4,20.556
denver,2026-08-20,5,20.556
denver,2026-08-20,6,20.556
denver,2026-08-20,7,20.556
denver,2026-08-20,8,22.778
denver,2026-08-20,9,25.0
denver,2026-08-20,10,28.889
denver,2026-08-20,11,30.556
denver,2026-08-20,12,31.667
denver,2026-08-20,13,32.778
denver,2026-08-20,14,33.333
denver,2026-08-20,15,33.889
denver,2026-08-20,16,33.889
denver,2026-08-20,17,33.889
denver,2026-08-20,18,33.889
denver,2026-08-20,19,33.889
denver,2026-08-20,20,33.889
denver,2026-08-20,21,33.889
denver,2026-08-20,22,33.889
denver,2026-08-20,23,33.889
denver,2026-08-21,0,21.667
denver,2026-08-21,1,22.222
denver,2026-08-21,2,22.222
denver,2026-08-21,3,22.222
denver,2026-08-21,4,22.222
denver,2026-08-21,5,22.222
denver,2026-08-21,6,22.222
denver,2026-08-21,7,23.333
denver,2026-08-21,8,27.222
denver,2026-08-21,9,30.556
denver,2026-08-21,10,32.778
denver,2026-08-21,11,35.0
denver,2026-08-21,12,36.111
denver,2026-08-21,13,37.222
denver,2026-08-21,14,37.222
denver,2026-08-21,15,37.778
denver,2026-08-21,16,37.778
denver,2026-08-21,17,37.778
denver,2026-08-21,18,37.778
denver,2026-08-21,19,37.778
denver,2026-08-21,20,37.778
denver,2026-08-21,21,37.778
denver,2026-08-21,22,37.778
denver,2026-08-21,23,37.778
denver,2026-08-22,0,26.667
denver,2026-08-22,1,26.667
denver,2026-08-22,2,26.667
denver,2026-08-22,3,26.667
denver,2026-08-22,4,26.667
denver,2026-08-22,5,26.667
denver,2026-08-22,6,26.667
denver,2026-08-22,7,26.667
denver,2026-08-22,8,26.667
denver,2026-08-22,9,27.778
denver,2026-08-22,10,28.889
denver,2026-08-22,11,31.667
denver,2026-08-22,12,33.333
denver,2026-08-22,13,33.333
denver,2026-08-22,14,33.333
denver,2026-08-22,15,33.333
denver,2026-08-22,16,33.333
denver,2026-08-22,17,33.333
denver,2026-08-22,18,33.333
denver,2026-08-22,19,33.333
denver,2026-08-22,20,33.333
denver,2026-08-22,21,33.333
denver,2026-08-22,22,33.333
denver,2026-08-22,23,33.333
denver,2026-08-23,0,23.333
denver,2026-08-23,1,24.444
denver,2026-08-23,2,24.444
denver,2026-08-23,3,24.444
denver,2026-08-23,4,24.444
denver,2026-08-23,5,24.444
denver,2026-08-23,6,24.444
denver,2026-08-23,7,24.444
denver,2026-08-23,8,26.111
denver,2026-08-23,9,28.889
denver,2026-08-23,10,31.111
denver,2026-08-23,11,31.111
denver,2026-08-23,12,32.222
denver,2026-08-23,13,32.222
denver,2026-08-23,14,33.333
denver,2026-08-23,15,33.333
denver,2026-08-23,16,33.333
denver,2026-08-23,17,33.333
denver,2026-08-23,18,33.333
denver,2026-08-23,19,33.333
denver,2026-08-23,20,33.333
denver,2026-08-23,21,33.333
denver,2026-08-23,22,33.333
denver,2026-08-23,23,33.333
denver,2026-08-24,0,18.889
denver,2026-08-24,1,18.889
denver,2026-08-24,2,18.889
denver,2026-08-24,3,18.889
denver,2026-08-24,4,18.889
denver,2026-08-24,5,18.889
denver,2026-08-24,6,18.889
denver,2026-08-24,7,22.778
denver,2026-08-24,8,26.667
denver,2026-08-24,9,26.667
denver,2026-08-24,10,30.0
denver,2026-08-24,11,31.667
denver,2026-08-24,12,32.778
denver,2026-08-24,13,33.333
denver,2026-08-24,14,33.333
denver,2026-08-24,15,33.333
denver,2026-08-24,16,33.333
denver,2026-08-24,17,33.333
denver,2026-08-24,18,33.333
denver,2026-08-24,19,33.333
denver,2026-08-24,20,33.333
denver,2026-08-24,21,33.333
denver,2026-08-24,22,33.333
denver,2026-08-24,23,33.333
denver,2026-08-25,0,21.111
denver,2026-08-25,1,21.111
denver,2026-08-25,2,21.111
denver,2026-08-25,3,21.111
denver,2026-08-25,4,21.111
denver,2026-08-25,5,21.111
denver,2026-08-25,6,21.111
denver,2026-08-25,7,21.111
denver,2026-08-25,8,21.667
denver,2026-08-25,9,23.333
denver,2026-08-25,10,23.333
denver,2026-08-25,11,23.333
denver,2026-08-25,12,25.556
denver,2026-08-25,13,27.778
denver,2026-08-25,14,27.778
denver,2026-08-25,15,27.778
denver,2026-08-25,16,28.333
denver,2026-08-25,17,28.333
denver,2026-08-25,18,28.333
denver,2026-08-25,19,28.333
denver,2026-08-25,20,28.333
denver,2026-08-25,21,28.333
denver,2026-08-25,22,28.333
denver,2026-08-25,23,28.333
denver,2026-08-26,0,16.667
denver,2026-08-26,1,16.667
denver,2026-08-26,2,17.222
denver,2026-08-26,3,17.222
denver,2026-08-26,4,17.222
denver,2026-08-26,5,17.222
denver,2026-08-26,6,17.222
denver,2026-08-26,7,17.778
denver,2026-08-26,8,20.0
denver,2026-08-26,9,21.667
denver,2026-08-26,10,23.889
denver,2026-08-26,11,26.667
denver,2026-08-26,12,28.889
denver,2026-08-26,13,30.556
denver,2026-08-26,14,30.556
denver,2026-08-26,15,30.556
denver,2026-08-26,16,30.556
denver,2026-08-26,17,30.556
denver,2026-08-26,18,30.556
denver,2026-08-26,19,30.556
denver,2026-08-26,20,30.556
denver,2026-08-26,21,30.556
denver,2026-08-26,22,30.556
denver,2026-08-26,23,30.556
denver,2026-08-27,0,18.333
denver,2026-08-27,1,18.333
denver,2026-08-27,2,18.889
denver,2026-08-27,3,18.889
denver,2026-08-27,4,18.889
denver,2026-08-27,5,18.889
denver,2026-08-27,6,18.889
denver,2026-08-27,7,20.556
denver,2026-08-27,8,23.333
denver,2026-08-27,9,25.556
denver,2026-08-27,10,28.333
denver,2026-08-27,11,29.444
denver,2026-08-27,12,31.111
denver,2026-08-27,13,32.222
denver,2026-08-27,14,32.778
denver,2026-08-27,15,32.778
denver,2026-08-27,16,32.778
denver,2026-08-27,17,32.778
denver,2026-08-27,18,32.778
denver,2026-08-27,19,32.778
denver,2026-08-27,20,32.778
denver,2026-08-27,21,32.778
denver,2026-08-27,22,32.778
denver,2026-08-27,23,32.778
denver,2026-08-28,0,21.111
denver,2026-08-28,1,21.111
denver,2026-08-28,2,21.111
denver,2026-08-28,3,21.111
denver,2026-08-28,4,21.111
denver,2026-08-28,5,21.111
denver,2026-08-28,6,21.111
denver,2026-08-28,7,23.333
denver,2026-08-28,8,27.222
denver,2026-08-28,9,28.889
denver,2026-08-28,10,31.111
denver,2026-08-28,11,32.778
denver,2026-08-28,12,33.889
denver,2026-08-28,13,33.889
denver,2026-08-28,14,33.889
denver,2026-08-28,15,33.889
denver,2026-08-28,16,33.889
denver,2026-08-28,17,33.889
denver,2026-08-28,18,33.889
denver,2026-08-28,19,33.889
denver,2026-08-28,20,33.889
denver,2026-08-28,21,33.889
denver,2026-08-28,22,33.889
denver,2026-08-28,23,33.889
denver,2026-08-29,0,19.444
denver,2026-08-29,1,19.444
denver,2026-08-29,2,19.444
denver,2026-08-29,3,19.444
denver,2026-08-29,4,19.444
denver,2026-08-29,5,19.444
denver,2026-08-29,6,19.444
denver,2026-08-29,7,21.667
denver,2026-08-29,8,25.0
denver,2026-08-29,9,28.333
denver,2026-08-29,10,30.556
denver,2026-08-29,11,30.556
denver,2026-08-29,12,32.222
denver,2026-08-29,13,32.222
denver,2026-08-29,14,32.222
denver,2026-08-29,15,33.333
denver,2026-08-29,16,33.333
denver,2026-08-29,17,33.333
denver,2026-08-29,18,33.333
denver,2026-08-29,19,33.333
denver,2026-08-29,20,33.333
denver,2026-08-29,21,33.333
denver,2026-08-29,22,33.333
denver,2026-08-29,23,33.333
denver,2026-08-30,0,18.333
denver,2026-08-30,1,18.333
denver,2026-08-30,2,18.333
denver,2026-08-30,3,18.333
denver,2026-08-30,4,18.333
denver,2026-08-30,5,18.333
denver,2026-08-30,6,18.333
denver,2026-08-30,7,19.444
denver,2026-08-30,8,21.111
denver,2026-08-30,9,22.778
denver,2026-08-30,10,24.444
denver,2026-08-30,11,26.667
denver,2026-08-30,12,28.333
denver,2026-08-30,13,28.333
denver,2026-08-30,14,28.333
denver,2026-08-30,15,28.333
denver,2026-08-30,16,28.333
denver,2026-08-30,17,28.333
denver,2026-08-30,18,28.333
denver,2026-08-30,19,28.333
denver,2026-08-30,20,28.333
denver,2026-08-30,21,28.333
denver,2026-08-30,22,28.333
denver,2026-08-30,23,28.333
denver,2026-08-31,0,17.778
denver,2026-08-31,1,17.778
denver,2026-08-31,2,17.778
denver,2026-08-31,3,17.778
denver,2026-08-31,4,17.778
denver,2026-08-31,5,17.778
denver,2026-08-31,6,17.778
denver,2026-08-31,7,21.667
denver,2026-08-31,8,22.778
denver,2026-08-31,9,25.0
denver,2026-08-31,10,25.556
denver,2026-08-31,11,26.667
denver,2026-08-31,12,28.333
denver,2026-08-31,13,28.889
denver,2026-08-31,14,28.889
denver,2026-08-31,15,30.0
denver,2026-08-31,16,30.556
denver,2026-08-31,17,30.556
denver,2026-08-31,18,30.556
denver,2026-08-31,19,30.556
denver,2026-08-31,20,30.556
denver,2026-08-31,21,30.556
denver,2026-08-31,22,30.556
denver,2026-08-31,23,30.556
denver,2026-09-01,0,16.111
denver,2026-09-01,1,16.111
denver,2026-09-01,2,16.111
denver,2026-09-01,3,16.111
denver,2026-09-01,4,16.111
denver,2026-09-01,5,16.111
denver,2026-09-01,6,16.111
denver,2026-09-01,7,17.778
denver,2026-09-01,8,18.333
denver,2026-09-01,9,21.667
denver,2026-09-01,10,23.333
denver,2026-09-01,11,24.444
denver,2026-09-01,12,28.333
denver,2026-09-01,13,29.444
denver,2026-09-01,14,30.0
denver,2026-09-01,15,30.0
denver,2026-09-01,16,30.0
denver,2026-09-01,17,30.0
denver,2026-09-01,18,30.0
denver,2026-09-01,19,30.0
denver,2026-09-01,20,30.0
denver,2026-09-01,21,30.0
denver,2026-09-01,22,30.0
denver,2026-09-01,23,30.0
denver,2026-09-02,0,18.889
denver,2026-09-02,1,18.889
denver,2026-09-02,2,18.889
denver,2026-09-02,3,18.889
denver,2026-09-02,4,18.889
denver,2026-09-02,5,18.889
denver,2026-09-02,6,18.889
denver,2026-09-02,7,20.556
denver,2026-09-02,8,24.444
denver,2026-09-02,9,26.667
denver,2026-09-02,10,28.333
denver,2026-09-02,11,28.889
denver,2026-09-02,12,30.0
denver,2026-09-02,13,31.111
denver,2026-09-02,14,31.667
denver,2026-09-02,15,31.667
denver,2026-09-02,16,31.667
denver,2026-09-02,17,31.667
denver,2026-09-02,18,31.667
denver,2026-09-02,19,31.667
denver,2026-09-02,20,31.667
denver,2026-09-02,21,31.667
denver,2026-09-02,22,31.667
denver,2026-09-02,23,31.667
denver,2026-09-03,0,17.222
denver,2026-09-03,1,17.222
denver,2026-09-03,2,17.222
denver,2026-09-03,3,17.222
denver,2026-09-03,4,17.222
denver,2026-09-03,5,17.222
denver,2026-09-03,6,17.222
denver,2026-09-03,7,21.111
denver,2026-09-03,8,24.444
denver,2026-09-03,9,26.667
denver,2026-09-03,10,28.333
denver,2026-09-03,11,30.0
denver,2026-09-03,12,30.556
denver,2026-09-03,13,31.111
denver,2026-09-03,14,32.778
denver,2026-09-03,15,33.333
denver,2026-09-03,16,33.333
denver,2026-09-03,17,33.333
denver,2026-09-03,18,33.333
denver,2026-09-03,19,33.333
denver,2026-09-03,20,33.333
denver,2026-09-03,21,33.333
denver,2026-09-03,22,33.333
denver,2026-09-03,23,33.333
denver,2026-09-04,0,22.778
denver,2026-09-04,1,22.778
denver,2026-09-04,2,22.778
denver,2026-09-04,3,22.778
denver,2026-09-04,4,22.778
denver,2026-09-04,5,22.778
denver,2026-09-04,6,22.778
denver,2026-09-04,7,22.778
denver,2026-09-04,8,24.444
denver,2026-09-04,9,27.222
denver,2026-09-04,10,29.444
denver,2026-09-04,11,30.556
denver,2026-09-04,12,32.222
denver,2026-09-04,13,32.222
denver,2026-09-04,14,33.333
denver,2026-09-04,15,33.889
denver,2026-09-04,16,33.889
denver,2026-09-04,17,33.889
denver,2026-09-04,18,33.889
denver,2026-09-04,19,33.889
denver,2026-09-04,20,33.889
denver,2026-09-04,21,33.889
denver,2026-09-04,22,33.889
denver,2026-09-04,23,33.889
denver,2026-09-05,0,23.333
denver,2026-09-05,1,23.333
denver,2026-09-05,2,23.333
denver,2026-09-05,3,23.333
denver,2026-09-05,4,23.333
denver,2026-09-05,5,23.333
denver,2026-09-05,6,23.333
denver,2026-09-05,7,23.333
denver,2026-09-05,8,24.444
denver,2026-09-05,9,27.778
denver,2026-09-05,10,28.889
denver,2026-09-05,11,31.667
denver,2026-09-05,12,33.333
denver,2026-09-05,13,33.333
denver,2026-09-05,14,34.444
denver,2026-09-05,15,34.444
denver,2026-09-05,16,34.444
denver,2026-09-05,17,34.444
denver,2026-09-05,18,34.444
denver,2026-09-05,19,34.444
denver,2026-09-05,20,34.444
denver,2026-09-05,21,34.444
denver,2026-09-05,22,34.444
denver,2026-09-05,23,34.444
denver,2026-09-06,0,23.889
denver,2026-09-06,1,23.889
denver,2026-09-06,2,23.889
denver,2026-09-06,3,23.889
denver,2026-09-06,4,23.889
denver,2026-09-06,5,23.889
denver,2026-09-06,6,23.889
denver,2026-09-06,7,23.889
denver,2026-09-06,8,23.889
denver,2026-09-06,9,23.889
denver,2026-09-06,10,25.556
denver,2026-09-06,11,26.667
denver,2026-09-06,12,29.444
denver,2026-09-06,13,31.111
denver,2026-09-06,14,33.333
denver,2026-09-06,15,33.333
denver,2026-09-06,16,33.333
denver,2026-09-06,17,33.333
denver,2026-09-06,18,33.333
denver,2026-09-06,19,33.333
denver,2026-09-06,20,33.333
denver,2026-09-06,21,33.333
denver,2026-09-06,22,33.333
denver,2026-09-06,23,33.333
denver,2026-09-07,0,20.0
denver,2026-09-07,1,20.0
denver,2026-09-07,2,20.0
denver,2026-09-07,3,20.0
denver,2026-09-07,4,20.0
denver,2026-09-07,5,20.0
denver,2026-09-07,6,20.556
denver,2026-09-07,7,24.444
denver,2026-09-07,8,26.111
denver,2026-09-07,9,27.778
denver,2026-09-07,10,27.778
denver,2026-09-07,11,27.778
denver,2026-09-07,12,27.778
denver,2026-09-07,13,30.556
denver,2026-09-07,14,32.222
denver,2026-09-07,15,32.222
denver,2026-09-07,16,32.222
denver,2026-09-07,17,32.222
denver,2026-09-07,18,32.222
denver,2026-09-07,19,32.222
denver,2026-09-07,20,32.222
denver,2026-09-07,21,32.222
denver,2026-09-07,22,32.222
denver,2026-09-07,23,32.222
denver,2026-09-08,0,20.556
denver,2026-09-08,1,20.556
denver,2026-09-08,2,20.556
denver,2026-09-08,3,20.556
denver,2026-09-08,4,20.556
denver,2026-09-08,5,20.556
denver,2026-09-08,6,20.556
denver,2026-09-08,7,20.556
denver,2026-09-08,8,21.667
denver,2026-09-08,9,25.0
denver,2026-09-08,10,26.111
denver,2026-09-08,11,27.222
denver,2026-09-08,12,28.889
denver,2026-09-08,13,30.0
denver,2026-09-08,14,30.0
denver,2026-09-08,15,30.556
denver,2026-09-08,16,30.556
denver,2026-09-08,17,30.556
denver,2026-09-08,18,30.556
denver,2026-09-08,19,30.556
denver,2026-09-08,20,30.556
denver,2026-09-08,21,30.556
denver,2026-09-08,22,30.556
denver,2026-09-08,23,30.556
denver,2026-09-09,0,16.111
denver,2026-09-09,1,16.111
denver,2026-09-09,2,16.111
denver,2026-09-09,3,16.667
denver,2026-09-09,4,16.667
denver,2026-09-09,5,16.667
denver,2026-09-09,6,16.667
denver,2026-09-09,7,16.667
denver,2026-09-09,8,16.667
denver,2026-09-09,9,17.778
denver,2026-09-09,10,19.444
denver,2026-09-09,11,21.111
denver,2026-09-09,12,24.444
denver,2026-09-09,13,26.111
denver,2026-09-09,14,26.667
denver,2026-09-09,15,26.667
denver,2026-09-09,16,27.778
denver,2026-09-09,17,27.778
denver,2026-09-09,18,27.778
denver,2026-09-09,19,27.778
denver,2026-09-09,20,27.778
denver,2026-09-09,21,27.778
denver,2026-09-09,22,27.778
denver,2026-09-09,23,27.778
denver,2026-09-10,0,14.444
denver,2026-09-10,1,15.0
denver,2026-09-10,2,15.0
denver,2026-09-10,3,15.0
denver,2026-09-10,4,15.0
denver,2026-09-10,5,15.0
denver,2026-09-10,6,15.0
denver,2026-09-10,7,17.222
denver,2026-09-10,8,17.222
denver,2026-09-10,9,23.333
denver,2026-09-10,10,26.111
denver,2026-09-10,11,27.222
denver,2026-09-10,12,28.333
denver,2026-09-10,13,29.444
denver,2026-09-10,14,30.556
denver,2026-09-10,15,31.111
denver,2026-09-10,16,31.667
denver,2026-09-10,17,31.667
denver,2026-09-10,18,31.667
denver,2026-09-10,19,31.667
denver,2026-09-10,20,31.667
denver,2026-09-10,21,31.667
denver,2026-09-10,22,31.667
denver,2026-09-10,23,31.667
denver,2026-09-11,0,20.556
denver,2026-09-11,1,20.556
denver,2026-09-11,2,20.556
denver,2026-09-11,3,20.556
denver,2026-09-11,4,20.556
denver,2026-09-11,5,20.556
denver,2026-09-11,6,20.556
denver,2026-09-11,7,20.556
denver,2026-09-11,8,23.889
denver,2026-09-11,9,26.667
denver,2026-09-11,10,29.444
denver,2026-09-11,11,31.667
denver,2026-09-11,12,31.667
denver,2026-09-11,13,31.667
denver,2026-09-11,14,31.667
denver,2026-09-11,15,31.667
denver,2026-09-11,16,31.667
denver,2026-09-11,17,31.667
denver,2026-09-11,18,31.667
denver,2026-09-11,19,31.667
denver,2026-09-11,20,31.667
denver,2026-09-11,21,31.667
denver,2026-09-11,22,31.667
denver,2026-09-11,23,31.667
denver,2026-09-12,1,20.0
denver,2026-09-12,2,20.0
denver,2026-09-12,3,20.0
denver,2026-09-12,4,20.0
denver,2026-09-12,5,20.0
denver,2026-09-12,6,20.0
denver,2026-09-12,7,20.0
denver,2026-09-12,8,20.0
denver,2026-09-12,9,20.0
denver,2026-09-12,10,20.0
denver,2026-09-12,11,20.556
denver,2026-09-12,12,24.444
denver,2026-09-12,13,26.667
denver,2026-09-12,14,26.667
denver,2026-09-12,15,27.222
denver,2026-09-12,16,27.222
denver,2026-09-12,17,27.222
denver,2026-09-12,18,27.222
denver,2026-09-12,19,27.222
denver,2026-09-12,20,27.222
denver,2026-09-12,21,27.222
denver,2026-09-12,22,27.222
denver,2026-09-12,23,27.222
denver,2026-09-13,0,18.333
denver,2026-09-13,1,18.333
denver,2026-09-13,2,18.333
denver,2026-09-13,3,18.333
denver,2026-09-13,4,18.333
denver,2026-09-13,5,18.333
denver,2026-09-13,6,18.333
denver,2026-09-13,7,20.0
denver,2026-09-13,8,23.889
denver,2026-09-13,9,27.778
denver,2026-09-13,10,30.556
denver,2026-09-13,11,31.667
denver,2026-09-13,12,32.778
denver,2026-09-13,13,33.889
denver,2026-09-13,14,33.889
denver,2026-09-13,15,34.444
denver,2026-09-13,16,34.444
denver,2026-09-13,17,34.444
denver,2026-09-13,18,34.444
denver,2026-09-13,19,34.444
denver,2026-09-13,20,34.444
denver,2026-09-13,21,34.444
denver,2026-09-13,22,34.444
denver,2026-09-13,23,34.444
denver,2026-09-14,0,23.889
denver,2026-09-14,1,23.889
denver,2026-09-14,2,23.889
denver,2026-09-14,3,25.0
denver,2026-09-14,4,25.0
denver,2026-09-14,5,25.0
denver,2026-09-14,6,25.0
denver,2026-09-14,7,25.0
denver,2026-09-14,8,25.0
denver,2026-09-14,9,25.556
denver,2026-09-14,10,25.556
denver,2026-09-14,11,26.111
denver,2026-09-14,12,26.667
denver,2026-09-14,13,28.333
denver,2026-09-14,14,30.0
denver,2026-09-14,15,30.556
denver,2026-09-14,16,30.556
denver,2026-09-14,17,30.556
denver,2026-09-14,18,30.556
denver,2026-09-14,19,30.556
denver,2026-09-14,20,30.556
denver,2026-09-14,21,30.556
denver,2026-09-14,22,30.556
denver,2026-09-14,23,30.556
denver,2026-09-15,0,18.333
denver,2026-09-15,1,20.0
denver,2026-09-15,2,20.0
denver,2026-09-15,3,20.0
denver,2026-09-15,4,20.0
denver,2026-09-15,5,20.0
denver,2026-09-15,6,20.0
denver,2026-09-15,7,20.0
denver,2026-09-15,8,20.0
denver,2026-09-15,9,20.0
denver,2026-09-15,10,20.0
denver,2026-09-15,11,20.0
denver,2026-09-15,12,20.0
denver,2026-09-15,13,21.111
denver,2026-09-15,14,21.111
denver,2026-09-15,15,22.778
denver,2026-09-15,16,22.778
denver,2026-09-15,17,22.778
denver,2026-09-15,18,22.778
denver,2026-09-15,19,22.778
denver,2026-09-15,20,22.778
denver,2026-09-15,21,22.778
denver,2026-09-15,22,22.778
denver,2026-09-15,23,22.778
denver,2026-09-16,0,16.667
denver,2026-09-16,1,16.667
denver,2026-09-16,2,16.667
denver,2026-09-16,3,16.667
denver,2026-09-16,4,16.667
denver,2026-09-16,5,16.667
denver,2026-09-16,6,16.667
denver,2026-09-16,7,16.667
denver,2026-09-16,8,19.444
denver,2026-09-16,9,20.556
denver,2026-09-16,10,23.889
denver,2026-09-16,11,26.667
denver,2026-09-16,12,29.444
denver,2026-09-16,13,31.667
denver,2026-09-16,14,31.667
denver,2026-09-16,15,31.667
denver,2026-09-16,16,31.667
denver,2026-09-16,17,31.667
denver,2026-09-16,18,31.667
denver,2026-09-16,19,31.667
denver,2026-09-16,20,31.667
denver,2026-09-16,21,31.667
denver,2026-09-16,22,31.667
denver,2026-09-16,23,31.667
denver,2026-09-17,0,18.333
denver,2026-09-17,1,18.889
denver,2026-09-17,2,18.889
denver,2026-09-17,3,18.889
denver,2026-09-17,4,18.889
denver,2026-09-17,5,18.889
denver,2026-09-17,6,18.889
denver,2026-09-17,7,19.444
denver,2026-09-17,8,20.556
denver,2026-09-17,9,21.667
denver,2026-09-17,10,24.444
denver,2026-09-17,11,25.0
denver,2026-09-17,12,26.667
denver,2026-09-17,13,26.667
denver,2026-09-17,14,26.667
denver,2026-09-17,15,27.222
denver,2026-09-17,16,27.222
denver,2026-09-17,17,27.222
denver,2026-09-17,18,27.222
denver,2026-09-17,19,27.222
denver,2026-09-17,20,27.222
denver,2026-09-17,21,27.222
denver,2026-09-17,22,27.222
denver,2026-09-17,23,27.222
denver,2026-09-18,0,17.778
denver,2026-09-18,1,17.778
denver,2026-09-18,2,17.778
denver,2026-09-18,3,17.778
denver,2026-09-18,4,17.778
denver,2026-09-18,5,17.778
denver,2026-09-18,6,17.778
denver,2026-09-18,7,18.889
denver,2026-09-18,8,20.556
denver,2026-09-18,9,22.778
denver,2026-09-18,10,25.556
denver,2026-09-18,11,26.667
denver,2026-09-18,12,27.778
denver,2026-09-18,13,29.444
denver,2026-09-18,14,30.0
denver,2026-09-18,15,30.0
denver,2026-09-18,16,30.0
denver,2026-09-18,17,30.0
denver,2026-09-18,18,30.0
denver,2026-09-18,19,30.0
denver,2026-09-18,20,30.0
denver,2026-09-18,21,30.0
denver,2026-09-18,22,30.0
denver,2026-09-18,23,30.0
denver,2026-09-19,0,14.444
denver,2026-09-19,1,14.444
denver,2026-09-19,2,14.444
denver,2026-09-19,3,14.444
denver,2026-09-19,4,14.444
denver,2026-09-19,5,14.444
denver,2026-09-19,6,14.444
denver,2026-09-19,7,14.444
denver,2026-09-19,8,17.778
denver,2026-09-19,9,19.444
denver,2026-09-19,10,21.111
denver,2026-09-19,11,22.778
denver,2026-09-19,12,22.778
denver,2026-09-19,13,22.778
denver,2026-09-19,14,23.333
denver,2026-09-19,15,23.889
denver,2026-09-19,16,24.444
denver,2026-09-19,17,24.444
denver,2026-09-19,18,24.444
denver,2026-09-19,19,24.444
denver,2026-09-19,20,24.444
denver,2026-09-19,21,24.444
denver,2026-09-19,22,24.444
denver,2026-09-19,23,24.444
denver,2026-09-20,0,12.778
denver,2026-09-20,1,12.778
denver,2026-09-20,2,12.778
denver,2026-09-20,3,12.778
denver,2026-09-20,4,12.778
denver,2026-09-20,5,12.778
denver,2026-09-20,6,12.778
denver,2026-09-20,7,12.778
denver,2026-09-20,8,16.111
denver,2026-09-20,9,17.222
denver,2026-09-20,10,18.889
denver,2026-09-20,11,19.444
denver,2026-09-20,12,21.111
denver,2026-09-20,13,23.333
denver,2026-09-20,14,23.889
denver,2026-09-20,15,23.889
denver,2026-09-20,16,23.889
denver,2026-09-20,17,23.889
denver,2026-09-20,18,23.889
denver,2026-09-20,19,23.889
denver,2026-09-20,20,23.889
denver,2026-09-20,21,23.889
denver,2026-09-20,22,23.889
denver,2026-09-20,23,23.889
denver,2026-09-21,0,13.333
denver,2026-09-21,1,13.333
denver,2026-09-21,2,13.333
denver,2026-09-21,3,13.333
denver,2026-09-21,4,13.333
denver,2026-09-21,5,13.333
denver,2026-09-21,6,13.333
denver,2026-09-21,7,13.333
denver,2026-09-21,8,13.889
denver,2026-09-21,9,15.556
denver,2026-09-21,10,17.778
denver,2026-09-21,11,20.0
denver,2026-09-21,12,21.111
denver,2026-09-21,13,23.333
denver,2026-09-21,14,24.444
denver,2026-09-21,15,24.444
denver,2026-09-21,16,24.444
denver,2026-09-21,17,24.444
denver,2026-09-21,18,24.444
denver,2026-09-21,19,24.444
denver,2026-09-21,20,24.444
denver,2026-09-21,21,24.444
denver,2026-09-21,22,24.444
denver,2026-09-21,23,24.444
denver,2026-09-22,0,15.556
denver,2026-09-22,1,15.556
denver,2026-09-22,2,15.556
denver,2026-09-22,3,15.556
denver,2026-09-22,4,15.556
denver,2026-09-22,5,15.556
denver,2026-09-22,6,15.556
denver,2026-09-22,7,15.556
denver,2026-09-22,8,15.556
denver,2026-09-22,9,17.778
denver,2026-09-22,10,21.667
denver,2026-09-22,11,24.444
denver,2026-09-22,12,26.667
denver,2026-09-22,13,27.778
denver,2026-09-22,14,28.889
denver,2026-09-22,15,28.889
denver,2026-09-22,16,28.889
denver,2026-09-22,17,28.889
denver,2026-09-22,18,28.889
denver,2026-09-22,19,28.889
denver,2026-09-22,20,28.889
denver,2026-09-22,21,28.889
denver,2026-09-22,22,28.889
denver,2026-09-22,23,28.889
denver,2026-09-23,0,15.556
denver,2026-09-23,1,15.556
denver,2026-09-23,2,16.111
denver,2026-09-23,3,16.111
denver,2026-09-23,4,16.111
denver,2026-09-23,5,16.111
denver,2026-09-23,6,16.111
denver,2026-09-23,7,16.111
denver,2026-09-23,8,17.222
denver,2026-09-23,9,18.889
denver,2026-09-23,10,18.889
denver,2026-09-23,11,19.444
denver,2026-09-23,12,20.556
denver,2026-09-23,13,20.556
denver,2026-09-23,14,23.333
denver,2026-09-23,15,23.333
denver,2026-09-23,16,23.333
denver,2026-09-23,17,23.333
denver,2026-09-23,18,23.333
denver,2026-09-23,19,23.333
denver,2026-09-23,20,23.333
denver,2026-09-23,21,23.333
denver,2026-09-23,22,23.333
denver,2026-09-23,23,23.333
denver,2026-09-24,0,15.0
denver,2026-09-24,1,15.0
denver,2026-09-24,2,16.111
denver,2026-09-24,3,16.111
denver,2026-09-24,4,16.111
denver,2026-09-24,5,16.111
denver,2026-09-24,6,16.111
denver,2026-09-24,7,16.111
denver,2026-09-24,8,17.222
denver,2026-09-24,9,18.889
denver,2026-09-24,10,20.0
denver,2026-09-24,11,20.556
denver,2026-09-24,12,21.667
denver,2026-09-24,13,21.667
denver,2026-09-24,14,21.667
denver,2026-09-24,15,21.667
denver,2026-09-24,16,21.667
denver,2026-09-24,17,21.667
denver,2026-09-24,18,21.667
denver,2026-09-24,19,21.667
denver,2026-09-24,20,21.667
denver,2026-09-24,21,21.667
denver,2026-09-24,22,21.667
denver,2026-09-24,23,21.667
austin,2026-05-25,0,20.556
austin,2026-05-25,1,20.556
austin,2026-05-25,2,20.556
austin,2026-05-25,3,21.111
austin,2026-05-25,4,21.111
austin,2026-05-25,5,21.111
austin,2026-05-25,6,21.111
austin,2026-05-25,7,21.667
austin,2026-05-25,8,23.333
austin,2026-05-25,9,25.556
austin,2026-05-25,10,26.667
austin,2026-05-25,11,27.778
austin,2026-05-25,12,29.444
austin,2026-05-25,13,29.444
austin,2026-05-25,14,31.111
austin,2026-05-25,15,31.111
austin,2026-05-25,16,31.111
austin,2026-05-25,17,31.111
austin,2026-05-25,18,31.111
austin,2026-05-25,19,31.111
austin,2026-05-25,20,31.111
austin,2026-05-25,21,31.111
austin,2026-05-25,22,31.111
austin,2026-05-25,23,31.111
austin,2026-05-26,0,19.444
austin,2026-05-26,1,19.444
austin,2026-05-26,2,19.444
austin,2026-05-26,3,19.444
austin,2026-05-26,4,19.444
austin,2026-05-26,5,19.444
austin,2026-05-26,6,19.444
austin,2026-05-26,7,21.111
austin,2026-05-26,8,23.333
austin,2026-05-26,9,23.333
austin,2026-05-26,10,23.333
austin,2026-05-26,11,23.333
austin,2026-05-26,12,28.889
austin,2026-05-26,13,29.444
austin,2026-05-26,14,30.556
austin,2026-05-26,15,31.111
austin,2026-05-26,16,31.111
austin,2026-05-26,17,31.111
austin,2026-05-26,18,31.111
austin,2026-05-26,19,31.111
austin,2026-05-26,20,31.111
austin,2026-05-26,21,31.111
austin,2026-05-26,22,31.111
austin,2026-05-26,23,31.111
austin,2026-05-27,0,18.333
austin,2026-05-27,1,18.333
austin,2026-05-27,2,18.333
austin,2026-05-27,3,18.333
austin,2026-05-27,4,18.333
austin,2026-05-27,5,18.333
austin,2026-05-27,6,18.333
austin,2026-05-27,7,18.333
austin,2026-05-27,8,18.333
austin,2026-05-27,9,18.333
austin,2026-05-27,10,18.889
austin,2026-05-27,11,20.0
austin,2026-05-27,12,21.667
austin,2026-05-27,13,22.222
austin,2026-05-27,14,22.778
austin,2026-05-27,15,23.333
austin,2026-05-27,16,23.333
austin,2026-05-27,17,25.0
austin,2026-05-27,18,25.0
austin,2026-05-27,19,25.0
austin,2026-05-27,20,25.0
austin,2026-05-27,21,25.0
austin,2026-05-27,22,25.0
austin,2026-05-27,23,25.0
austin,2026-05-28,0,18.333
austin,2026-05-28,1,18.333
austin,2026-05-28,2,18.333
austin,2026-05-28,3,18.333
austin,2026-05-28,4,18.333
austin,2026-05-28,5,18.333
austin,2026-05-28,6,18.333
austin,2026-05-28,7,18.333
austin,2026-05-28,8,20.0
austin,2026-05-28,9,22.222
austin,2026-05-28,10,24.444
austin,2026-05-28,11,27.222
austin,2026-05-28,12,28.889
austin,2026-05-28,13,30.556
austin,2026-05-28,14,31.111
austin,2026-05-28,15,31.667
austin,2026-05-28,16,31.667
austin,2026-05-28,17,31.667
austin,2026-05-28,18,31.667
austin,2026-05-28,19,31.667
austin,2026-05-28,20,31.667
austin,2026-05-28,21,31.667
austin,2026-05-28,22,31.667
austin,2026-05-28,23,31.667
austin,2026-05-29,0,22.222
austin,2026-05-29,1,22.778
austin,2026-05-29,2,22.778
austin,2026-05-29,3,23.333
austin,2026-05-29,4,23.333
austin,2026-05-29,5,23.333
austin,2026-05-29,6,23.333
austin,2026-05-29,7,23.333
austin,2026-05-29,8,25.0
austin,2026-05-29,9,26.667
austin,2026-05-29,10,26.667
austin,2026-05-29,11,29.444
austin,2026-05-29,12,30.556
austin,2026-05-29,13,31.111
austin,2026-05-29,14,31.667
austin,2026-05-29,15,32.222
austin,2026-05-29,16,32.222
austin,2026-05-29,17,32.222
austin,2026-05-29,18,32.222
austin,2026-05-29,19,32.222
austin,2026-05-29,20,32.222
austin,2026-05-29,21,32.222
austin,2026-05-29,22,32.222
austin,2026-05-29,23,32.222
austin,2026-05-30,0,24.444
austin,2026-05-30,1,24.444
austin,2026-05-30,2,24.444
austin,2026-05-30,3,24.444
austin,2026-05-30,4,24.444
austin,2026-05-30,5,24.444
austin,2026-05-30,6,24.444
austin,2026-05-30,7,24.444
austin,2026-05-30,8,25.0
austin,2026-05-30,9,25.556
austin,2026-05-30,10,28.333
austin,2026-05-30,11,28.889
austin,2026-05-30,12,29.444
austin,2026-05-30,13,30.556
austin,2026-05-30,14,30.556
austin,2026-05-30,15,30.556
austin,2026-05-30,16,30.556
austin,2026-05-30,17,30.556
austin,2026-05-30,18,30.556
austin,2026-05-30,19,30.556
austin,2026-05-30,20,30.556
austin,2026-05-30,21,30.556
austin,2026-05-30,22,30.556
austin,2026-05-30,23,30.556
austin,2026-05-31,0,23.333
austin,2026-05-31,1,23.889
austin,2026-05-31,2,23.889
austin,2026-05-31,3,23.889
austin,2026-05-31,4,23.889
austin,2026-05-31,5,23.889
austin,2026-05-31,6,23.889
austin,2026-05-31,7,23.889
austin,2026-05-31,8,25.0
austin,2026-05-31,9,26.667
austin,2026-05-31,10,28.333
austin,2026-05-31,11,30.0
austin,2026-05-31,12,30.0
austin,2026-05-31,13,30.556
austin,2026-05-31,14,30.556
austin,2026-05-31,15,30.556
austin,2026-05-31,16,31.667
austin,2026-05-31,17,31.667
austin,2026-05-31,18,31.667
austin,2026-05-31,19,31.667
austin,2026-05-31,20,31.667
austin,2026-05-31,21,31.667
austin,2026-05-31,22,31.667
austin,2026-05-31,23,31.667
austin,2026-06-01,0,23.889
austin,2026-06-01,1,23.889
austin,2026-06-01,2,23.889
austin,2026-06-01,3,23.889
austin,2026-06-01,4,23.889
austin,2026-06-01,5,23.889
austin,2026-06-01,6,23.889
austin,2026-06-01,7,24.444
austin,2026-06-01,8,25.556
austin,2026-06-01,9,27.222
austin,2026-06-01,10,28.889
austin,2026-06-01,11,28.889
austin,2026-06-01,12,30.556
austin,2026-06-01,13,31.111
austin,2026-06-01,14,32.778
austin,2026-06-01,15,33.333
austin,2026-06-01,16,33.333
austin,2026-06-01,17,33.333
austin,2026-06-01,18,33.333
austin,2026-06-01,19,33.333
austin,2026-06-01,20,33.333
austin,2026-06-01,21,33.333
austin,2026-06-01,22,33.333
austin,2026-06-01,23,33.333
austin,2026-06-02,0,23.889
austin,2026-06-02,1,23.889
austin,2026-06-02,2,23.889
austin,2026-06-02,3,23.889
austin,2026-06-02,4,23.889
austin,2026-06-02,5,23.889
austin,2026-06-02,6,23.889
austin,2026-06-02,7,25.0
austin,2026-06-02,8,26.111
austin,2026-06-02,9,27.778
austin,2026-06-02,10,28.889
austin,2026-06-02,11,30.556
austin,2026-06-02,12,31.667
austin,2026-06-02,13,32.778
austin,2026-06-02,14,33.333
austin,2026-06-02,15,33.333
austin,2026-06-02,16,33.889
austin,2026-06-02,17,33.889
austin,2026-06-02,18,33.889
austin,2026-06-02,19,33.889
austin,2026-06-02,20,33.889
austin,2026-06-02,21,33.889
austin,2026-06-02,22,33.889
austin,2026-06-02,23,33.889
austin,2026-06-03,0,21.667
austin,2026-06-03,1,21.667
austin,2026-06-03,2,21.667
austin,2026-06-03,3,22.222
austin,2026-06-03,4,22.222
austin,2026-06-03,5,22.222
austin,2026-06-03,6,22.222
austin,2026-06-03,7,22.222
austin,2026-06-03,8,23.333
austin,2026-06-03,9,25.556
austin,2026-06-03,10,26.667
austin,2026-06-03,11,26.667
austin,2026-06-03,12,28.333
austin,2026-06-03,13,28.889
austin,2026-06-03,14,29.444
austin,2026-06-03,15,30.556
austin,2026-06-03,16,31.111
austin,2026-06-03,17,31.111
austin,2026-06-03,18,31.111
austin,2026-06-03,19,31.111
austin,2026-06-03,20,31.111
austin,2026-06-03,21,31.111
austin,2026-06-03,22,31.111
austin,2026-06-03,23,31.111
austin,2026-06-04,0,21.667
austin,2026-06-04,1,22.778
austin,2026-06-04,2,22.778
austin,2026-06-04,3,22.778
austin,2026-06-04,4,22.778
austin,2026-06-04,5,22.778
austin,2026-06-04,6,22.778
austin,2026-06-04,7,22.778
austin,2026-06-04,8,23.333
austin,2026-06-04,9,24.444
austin,2026-06-04,10,26.111
austin,2026-06-04,11,27.778
austin,2026-06-04,12,27.778
austin,2026-06-04,13,27.778
austin,2026-06-04,14,27.778
austin,2026-06-04,15,29.444
austin,2026-06-04,16,30.0
austin,2026-06-04,17,30.0
austin,2026-06-04,18,30.0
austin,2026-06-04,19,30.0
austin,2026-06-04,20,30.0
austin,2026-06-04,21,30.0
austin,2026-06-04,22,30.0
austin,2026-06-04,23,30.0
austin,2026-06-05,0,24.444
austin,2026-06-05,1,24.444
austin,2026-06-05,2,24.444
austin,2026-06-05,3,24.444
austin,2026-06-05,4,24.444
austin,2026-06-05,5,24.444
austin,2026-06-05,6,24.444
austin,2026-06-05,7,24.444
austin,2026-06-05,8,24.444
austin,2026-06-05,9,25.556
austin,2026-06-05,10,27.778
austin,2026-06-05,11,28.889
austin,2026-06-05,12,30.0
austin,2026-06-05,13,30.0
austin,2026-06-05,14,30.0
austin,2026-06-05,15,30.0
austin,2026-06-05,16,30.0
austin,2026-06-05,17,30.0
austin,2026-06-05,18,30.0
austin,2026-06-05,19,30.0
austin,2026-06-05,20,30.0
austin,2026-06-05,21,30.0
austin,2026-06-05,22,30.0
austin,2026-06-05,23,30.0
austin,2026-06-06,0,23.889
austin,2026-06-06,1,23.889
austin,2026-06-06,2,23.889
austin,2026-06-06,3,23.889
austin,2026-06-06,4,23.889
austin,2026-06-06,5,23.889
austin,2026-06-06,6,23.889
austin,2026-06-06,7,23.889
austin,2026-06-06,8,25.0
austin,2026-06-06,9,26.111
austin,2026-06-06,10,27.778
austin,2026-06-06,11,28.333
austin,2026-06-06,12,30.0
austin,2026-06-06,13,31.111
austin,2026-06-06,14,32.222
austin,2026-06-06,15,32.778
austin,2026-06-06,16,32.778
austin,2026-06-06,17,32.778
austin,2026-06-06,18,32.778
austin,2026-06-06,19,32.778
austin,2026-06-06,20,32.778
austin,2026-06-06,21,32.778
austin,2026-06-06,22,32.778
austin,2026-06-06,23,32.778
austin,2026-06-07,0,26.667
austin,2026-06-07,1,26.667
austin,2026-06-07,2,26.667
austin,2026-06-07,3,26.667
austin,2026-06-07,4,26.667
austin,2026-06-07,5,26.667
austin,2026-06-07,6,26.667
austin,2026-06-07,7,26.667
austin,2026-06-07,8,27.222
austin,2026-06-07,9,28.333
austin,2026-06-07,10,30.556
austin,2026-06-07,11,30.556
austin,2026-06-07,12,31.111
austin,2026-06-07,13,31.667
austin,2026-06-07,14,31.667
austin,2026-06-07,15,31.667
austin,2026-06-07,16,32.222
austin,2026-06-07,17,32.222
austin,2026-06-07,18,32.222
austin,2026-06-07,19,32.222
austin,2026-06-07,20,32.222
austin,2026-06-07,21,32.222
austin,2026-06-07,22,32.222
austin,2026-06-07,23,32.222
austin,2026-06-08,0,26.111
austin,2026-06-08,1,26.111
austin,2026-06-08,2,26.111
austin,2026-06-08,3,26.111
austin,2026-06-08,4,26.111
austin,2026-06-08,5,26.111
austin,2026-06-08,6,26.111
austin,2026-06-08,7,26.667
austin,2026-06-08,8,28.333
austin,2026-06-08,9,30.0
austin,2026-06-08,10,30.0
austin,2026-06-08,11,30.556
austin,2026-06-08,12,31.111
austin,2026-06-08,13,31.111
austin,2026-06-08,14,31.111
austin,2026-06-08,15,31.111
austin,2026-06-08,16,31.111
austin,2026-06-08,17,31.111
austin,2026-06-08,18,31.111
austin,2026-06-08,19,31.111
austin,2026-06-08,20,31.111
austin,2026-06-08,21,31.111
austin,2026-06-08,22,31.111
austin,2026-06-08,23,31.111
austin,2026-06-09,0,25.0
austin,2026-06-09,1,25.0
austin,2026-06-09,2,25.556
austin,2026-06-09,3,25.556
austin,2026-06-09,4,25.556
austin,2026-06-09,5,25.556
austin,2026-06-09,6,25.556
austin,2026-06-09,7,25.556
austin,2026-06-09,8,26.111
austin,2026-06-09,9,27.778
austin,2026-06-09,10,28.889
austin,2026-06-09,11,30.0
austin,2026-06-09,12,31.111
austin,2026-06-09,13,31.111
austin,2026-06-09,14,32.778
austin,2026-06-09,15,33.333
austin,2026-06-09,16,33.333
austin,2026-06-09,17,33.333
austin,2026-06-09,18,33.333
austin,2026-06-09,19,33.333
austin,2026-06-09,20,33.333
austin,2026-06-09,21,33.333
austin,2026-06-09,22,33.333
austin,2026-06-09,23,33.333
austin,2026-06-10,0,25.0
austin,2026-06-10,1,25.0
austin,2026-06-10,2,25.556
austin,2026-06-10,3,25.556
austin,2026-06-10,4,25.556
austin,2026-06-10,5,25.556
austin,2026-06-10,6,25.556
austin,2026-06-10,7,25.556
austin,2026-06-10,8,26.667
austin,2026-06-10,9,28.333
austin,2026-06-10,10,30.0
austin,2026-06-10,11,30.0
austin,2026-06-10,12,31.667
austin,2026-06-10,13,32.222
austin,2026-06-10,14,32.222
austin,2026-06-10,15,32.222
austin,2026-06-10,16,32.222
austin,2026-06-10,17,32.222
austin,2026-06-10,18,32.222
austin,2026-06-10,19,32.222
austin,2026-06-10,20,32.222
austin,2026-06-10,21,32.222
austin,2026-06-10,22,32.222
austin,2026-06-10,23,32.222
austin,2026-06-11,0,26.111
austin,2026-06-11,1,26.111
austin,2026-06-11,2,26.111
austin,2026-06-11,3,26.111
austin,2026-06-11,4,26.111
austin,2026-06-11,5,26.111
austin,2026-06-11,6,26.111
austin,2026-06-11,7,26.111
austin,2026-06-11,8,27.222
austin,2026-06-11,9,28.889
austin,2026-06-11,10,30.0
austin,2026-06-11,11,30.556
austin,2026-06-11,12,31.111
austin,2026-06-11,13,32.778
austin,2026-06-11,14,33.333
austin,2026-06-11,15,33.889
austin,2026-06-11,16,33.889
austin,2026-06-11,17,33.889
austin,2026-06-11,18,33.889
austin,2026-06-11,19,33.889
austin,2026-06-11,20,33.889
austin,2026-06-11,21,33.889
austin,2026-06-11,22,33.889
austin,2026-06-11,23,33.889
austin,2026-06-12,0,26.667
austin,2026-06-12,1,26.667
austin,2026-06-12,2,26.667
austin,2026-06-12,3,26.667
austin,2026-06-12,4,26.667
austin,2026-06-12,5,26.667
austin,2026-06-12,6,26.667
austin,2026-06-12,7,26.667
austin,2026-06-12,8,27.778
austin,2026-06-12,9,27.778
austin,2026-06-12,10,30.0
austin,2026-06-12,11,31.111
austin,2026-06-12,12,31.667
austin,2026-06-12,13,33.333
austin,2026-06-12,14,33.889
austin,2026-06-12,15,34.444
austin,2026-06-12,16,34.444
austin,2026-06-12,17,34.444
austin,2026-06-12,18,34.444
austin,2026-06-12,19,34.444
austin,2026-06-12,20,34.444
austin,2026-06-12,21,34.444
austin,2026-06-12,22,34.444
austin,2026-06-12,23,34.444
austin,2026-06-13,0,26.111
austin,2026-06-13,1,26.111
austin,2026-06-13,2,26.111
austin,2026-06-13,3,26.111
austin,2026-06-13,4,26.111
austin,2026-06-13,5,26.111
austin,2026-06-13,6,26.111
austin,2026-06-13,7,26.111
austin,2026-06-13,8,27.222
austin,2026-06-13,9,28.889
austin,2026-06-13,10,30.0
austin,2026-06-13,11,31.111
austin,2026-06-13,12,31.667
austin,2026-06-13,13,32.778
austin,2026-06-13,14,32.778
austin,2026-06-13,15,33.889
austin,2026-06-13,16,33.889
austin,2026-06-13,17,33.889
austin,2026-06-13,18,33.889
austin,2026-06-13,19,33.889
austin,2026-06-13,20,33.889
austin,2026-06-13,21,33.889
austin,2026-06-13,22,33.889
austin,2026-06-13,23,33.889
austin,2026-06-14,0,25.556
austin,2026-06-14,1,25.556
austin,2026-06-14,2,25.556
austin,2026-06-14,3,25.556
austin,2026-06-14,4,25.556
austin,2026-06-14,5,25.556
austin,2026-06-14,6,25.556
austin,2026-06-14,7,25.556
austin,2026-06-14,8,27.222
austin,2026-06-14,9,28.333
austin,2026-06-14,10,29.444
austin,2026-06-14,11,30.0
austin,2026-06-14,12,31.667
austin,2026-06-14,13,33.333
austin,2026-06-14,14,33.333
austin,2026-06-14,15,33.333
austin,2026-06-14,16,33.333
austin,2026-06-14,17,33.333
austin,2026-06-14,18,33.333
austin,2026-06-14,19,33.333
austin,2026-06-14,20,33.333
austin,2026-06-14,21,33.333
austin,2026-06-14,22,33.333
austin,2026-06-14,23,33.333
austin,2026-06-15,0,27.222
austin,2026-06-15,1,27.222
austin,2026-06-15,2,27.222
austin,2026-06-15,3,27.222
austin,2026-06-15,4,27.222
austin,2026-06-15,5,27.222
austin,2026-06-15,6,27.222
austin,2026-06-15,7,27.222
austin,2026-06-15,8,27.222
austin,2026-06-15,9,27.222
austin,2026-06-15,10,27.222
austin,2026-06-15,11,27.222
austin,2026-06-15,12,27.222
austin,2026-06-15,13,28.333
austin,2026-06-15,14,28.333
austin,2026-06-15,15,28.333
austin,2026-06-15,16,28.333
austin,2026-06-15,17,28.333
austin,2026-06-15,18,28.333
austin,2026-06-15,19,28.333
austin,2026-06-15,20,28.333
austin,2026-06-15,21,28.333
austin,2026-06-15,22,28.333
austin,2026-06-15,23,28.333
austin,2026-06-16,0,23.889
austin,2026-06-16,1,23.889
austin,2026-06-16,2,23.889
austin,2026-06-16,3,23.889
austin,2026-06-16,4,23.889
austin,2026-06-16,5,23.889
austin,2026-06-16,6,23.889
austin,2026-06-16,7,23.889
austin,2026-06-16,8,25.0
austin,2026-06-16,9,26.667
austin,2026-06-16,10,28.333
austin,2026-06-16,11,29.444
austin,2026-06-16,12,30.556
austin,2026-06-16,13,31.111
austin,2026-06-16,14,32.222
austin,2026-06-16,15,32.222
austin,2026-06-16,16,32.222
austin,2026-06-16,17,32.222
austin,2026-06-16,18,32.222
austin,2026-06-16,19,32.222
austin,2026-06-16,20,32.222
austin,2026-06-16,21,32.222
austin,2026-06-16,22,32.222
austin,2026-06-16,23,32.222
austin,2026-06-17,0,25.0
austin,2026-06-17,1,25.0
austin,2026-06-17,2,25.0
austin,2026-06-17,3,25.0
austin,2026-06-17,4,25.0
austin,2026-06-17,5,25.0
austin,2026-06-17,6,25.0
austin,2026-06-17,7,25.0
austin,2026-06-17,8,26.667
austin,2026-06-17,9,27.222
austin,2026-06-17,10,27.778
austin,2026-06-17,11,28.889
austin,2026-06-17,12,30.0
austin,2026-06-17,13,30.556
austin,2026-06-17,14,30.556
austin,2026-06-17,15,31.111
austin,2026-06-17,16,31.667
austin,2026-06-17,17,31.667
austin,2026-06-17,18,31.667
austin,2026-06-17,19,31.667
austin,2026-06-17,20,31.667
austin,2026-06-17,21,31.667
austin,2026-06-17,22,31.667
austin,2026-06-17,23,31.667
austin,2026-06-18,0,26.111
austin,2026-06-18,1,26.111
austin,2026-06-18,2,26.111
austin,2026-06-18,3,26.111
austin,2026-06-18,4,26.111
austin,2026-06-18,5,26.111
austin,2026-06-18,6,26.111
austin,2026-06-18,7,26.111
austin,2026-06-18,8,26.111
austin,2026-06-18,9,27.778
austin,2026-06-18,10,29.444
austin,2026-06-18,11,31.667
austin,2026-06-18,12,33.333
austin,2026-06-18,13,34.444
austin,2026-06-18,14,35.556
austin,2026-06-18,15,35.556
austin,2026-06-18,16,36.111
austin,2026-06-18,17,36.111
austin,2026-06-18,18,36.111
austin,2026-06-18,19,36.111
austin,2026-06-18,20,36.111
austin,2026-06-18,21,36.111
austin,2026-06-18,22,36.111
austin,2026-06-18,23,36.111
austin,2026-06-19,0,28.889
austin,2026-06-19,1,28.889
austin,2026-06-19,2,28.889
austin,2026-06-19,3,28.889
austin,2026-06-19,4,28.889
austin,2026-06-19,5,28.889
austin,2026-06-19,6,28.889
austin,2026-06-19,7,28.889
austin,2026-06-19,8,28.889
austin,2026-06-19,9,28.889
austin,2026-06-19,10,28.889
austin,2026-06-19,11,29.444
austin,2026-06-19,12,30.0
austin,2026-06-19,13,30.0
austin,2026-06-19,14,30.0
austin,2026-06-19,15,31.111
austin,2026-06-19,16,31.111
austin,2026-06-19,17,31.111
austin,2026-06-19,18,31.111
austin,2026-06-19,19,31.111
austin,2026-06-19,20,31.111
austin,2026-06-19,21,31.111
austin,2026-06-19,22,31.111
austin,2026-06-19,23,31.111
austin,2026-06-20,0,26.111
austin,2026-06-20,1,26.111
austin,2026-06-20,2,26.111
austin,2026-06-20,3,26.111
austin,2026-06-20,4,26.111
austin,2026-06-20,5,26.111
austin,2026-06-20,6,26.111
austin,2026-06-20,7,26.111
austin,2026-06-20,8,26.111
austin,2026-06-20,9,26.111
austin,2026-06-20,10,26.667
austin,2026-06-20,11,29.444
austin,2026-06-20,12,30.556
austin,2026-06-20,13,30.556
austin,2026-06-20,14,31.667
austin,2026-06-20,15,31.667
austin,2026-06-20,16,31.667
austin,2026-06-20,17,31.667
austin,2026-06-20,18,31.667
austin,2026-06-20,19,31.667
austin,2026-06-20,20,31.667
austin,2026-06-20,21,31.667
austin,2026-06-20,22,31.667
austin,2026-06-20,23,31.667
austin,2026-06-21,0,23.333
austin,2026-06-21,1,23.333
austin,2026-06-21,2,23.333
austin,2026-06-21,3,23.333
austin,2026-06-21,4,23.889
austin,2026-06-21,5,23.889
austin,2026-06-21,6,24.444
austin,2026-06-21,7,25.0
austin,2026-06-21,8,25.556
austin,2026-06-21,9,26.111
austin,2026-06-21,10,27.778
austin,2026-06-21,11,29.444
austin,2026-06-21,12,31.111
austin,2026-06-21,13,32.778
austin,2026-06-21,14,33.333
austin,2026-06-21,15,33.889
austin,2026-06-21,16,33.889
austin,2026-06-21,17,33.889
austin,2026-06-21,18,33.889
austin,2026-06-21,19,33.889
austin,2026-06-21,20,33.889
austin,2026-06-21,21,33.889
austin,2026-06-21,22,33.889
austin,2026-06-21,23,33.889
austin,2026-06-22,0,27.222
austin,2026-06-22,1,27.222
austin,2026-06-22,2,27.222
austin,2026-06-22,3,27.222
austin,2026-06-22,4,27.222
austin,2026-06-22,5,27.222
austin,2026-06-22,6,27.222
austin,2026-06-22,7,27.222
austin,2026-06-22,8,27.778
austin,2026-06-22,9,29.444
austin,2026-06-22,10,31.111
austin,2026-06-22,11,32.778
austin,2026-06-22,12,32.778
austin,2026-06-22,13,34.444
austin,2026-06-22,14,34.444
austin,2026-06-22,15,34.444
austin,2026-06-22,16,34.444
austin,2026-06-22,17,34.444
austin,2026-06-22,18,34.444
austin,2026-06-22,19,34.444
austin,2026-06-22,20,34.444
austin,2026-06-22,21,34.444
austin,2026-06-22,22,34.444
austin,2026-06-22,23,34.444
austin,2026-06-23,0,26.667
austin,2026-06-23,1,26.667
austin,2026-06-23,2,26.667
austin,2026-06-23,3,26.667
austin,2026-06-23,4,26.667
austin,2026-06-23,5,26.667
austin,2026-06-23,6,26.667
austin,2026-06-23,7,26.667
austin,2026-06-23,8,27.222
austin,2026-06-23,9,29.444
austin,2026-06-23,10,30.556
austin,2026-06-23,11,31.111
austin,2026-06-23,12,32.778
austin,2026-06-23,13,33.333
austin,2026-06-23,14,33.333
austin,2026-06-23,15,33.889
austin,2026-06-23,16,33.889
austin,2026-06-23,17,33.889
austin,2026-06-23,18,33.889
austin,2026-06-23,19,33.889
austin,2026-06-23,20,33.889
austin,2026-06-23,21,33.889
austin,2026-06-23,22,33.889
austin,2026-06-23,23,33.889
austin,2026-06-24,0,26.111
austin,2026-06-24,1,26.111
austin,2026-06-24,2,26.111
austin,2026-06-24,3,26.111
austin,2026-06-24,4,26.111
austin,2026-06-24,5,26.111
austin,2026-06-24,6,26.111
austin,2026-06-24,7,26.111
austin,2026-06-24,8,26.667
austin,2026-06-24,9,28.333
austin,2026-06-24,10,30.0
austin,2026-06-24,11,31.111
austin,2026-06-24,12,32.222
austin,2026-06-24,13,33.333
austin,2026-06-24,14,33.333
austin,2026-06-24,15,33.889
austin,2026-06-24,16,33.889
austin,2026-06-24,17,33.889
austin,2026-06-24,18,33.889
austin,2026-06-24,19,33.889
austin,2026-06-24,20,33.889
austin,2026-06-24,21,33.889
austin,2026-06-24,22,33.889
austin,2026-06-24,23,33.889
austin,2026-06-25,0,24.444
austin,2026-06-25,1,24.444
austin,2026-06-25,2,24.444
austin,2026-06-25,3,24.444
austin,2026-06-25,4,24.444
austin,2026-06-25,5,24.444
austin,2026-06-25,6,24.444
austin,2026-06-25,7,24.444
austin,2026-06-25,8,26.111
austin,2026-06-25,9,27.222
austin,2026-06-25,10,28.333
austin,2026-06-25,11,30.556
austin,2026-06-25,12,31.667
austin,2026-06-25,13,32.222
austin,2026-06-25,14,32.778
austin,2026-06-25,15,32.778
austin,2026-06-25,16,33.889
austin,2026-06-25,17,33.889
austin,2026-06-25,18,33.889
austin,2026-06-25,19,33.889
austin,2026-06-25,20,33.889
austin,2026-06-25,21,33.889
austin,2026-06-25,22,33.889
austin,2026-06-25,23,33.889
austin,2026-06-26,0,25.0
austin,2026-06-26,1,25.0
austin,2026-06-26,2,25.0
austin,2026-06-26,3,25.0
austin,2026-06-26,4,25.0
austin,2026-06-26,5,25.0
austin,2026-06-26,6,25.0
austin,2026-06-26,7,26.111
austin,2026-06-26,8,27.222
austin,2026-06-26,9,28.333
austin,2026-06-26,10,30.0
austin,2026-06-26,11,31.111
austin,2026-06-26,12,31.667
austin,2026-06-26,13,32.778
austin,2026-06-26,14,34.444
austin,2026-06-26,15,34.444
austin,2026-06-26,16,34.444
austin,2026-06-26,17,34.444
austin,2026-06-26,18,34.444
austin,2026-06-26,19,34.444
austin,2026-06-26,20,34.444
austin,2026-06-26,21,34.444
austin,2026-06-26,22,34.444
austin,2026-06-26,23,34.444
austin,2026-06-27,0,26.111
austin,2026-06-27,1,26.111
austin,2026-06-27,2,26.111
austin,2026-06-27,3,26.111
austin,2026-06-27,4,26.111
austin,2026-06-27,5,26.111
austin,2026-06-27,6,26.111
austin,2026-06-27,7,26.111
austin,2026-06-27,8,26.111
austin,2026-06-27,9,28.889
austin,2026-06-27,10,30.0
austin,2026-06-27,11,31.111
austin,2026-06-27,12,32.778
austin,2026-06-27,13,32.778
austin,2026-06-27,14,34.444
austin,2026-06-27,15,34.444
austin,2026-06-27,16,35.0
austin,2026-06-27,17,35.0
austin,2026-06-27,18,35.0
austin,2026-06-27,19,35.0
austin,2026-06-27,20,35.0
austin,2026-06-27,21,35.0
austin,2026-06-27,22,35.0
austin,2026-06-27,23,35.0
austin,2026-06-28,0,26.667
austin,2026-06-28,1,26.667
austin,2026-06-28,2,26.667
austin,2026-06-28,3,26.667
austin,2026-06-28,4,26.667
austin,2026-06-28,5,26.667
austin,2026-06-28,6,26.667
austin,2026-06-28,7,26.667
austin,2026-06-28,8,27.778
austin,2026-06-28,9,28.889
austin,2026-06-28,10,31.111
austin,2026-06-28,11,32.222
austin,2026-06-28,12,33.333
austin,2026-06-28,13,33.333
austin,2026-06-28,14,33.889
austin,2026-06-28,15,33.889
austin,2026-06-28,16,35.0
austin,2026-06-28,17,35.0
austin,2026-06-28,18,35.0
austin,2026-06-28,19,35.0
austin,2026-06-28,20,35.0
austin,2026-06-28,21,35.0
austin,2026-06-28,22,35.0
austin,2026-06-28,23,35.0
austin,2026-06-29,0,27.778
austin,2026-06-29,1,27.778
austin,2026-06-29,2,27.778
austin,2026-06-29,3,27.778
austin,2026-06-29,4,27.778
austin,2026-06-29,5,27.778
austin,2026-06-29,6,27.778
austin,2026-06-29,7,27.778
austin,2026-06-29,8,28.333
austin,2026-06-29,9,30.0
austin,2026-06-29,10,30.556
austin,2026-06-29,11,32.222
austin,2026-06-29,12,33.889
austin,2026-06-29,13,35.0
austin,2026-06-29,14,35.0
austin,2026-06-29,15,36.111
austin,2026-06-29,16,36.111
austin,2026-06-29,17,36.111
austin,2026-06-29,18,36.111
austin,2026-06-29,19,36.111
austin,2026-06-29,20,36.111
austin,2026-06-29,21,36.111
austin,2026-06-29,22,36.111
austin,2026-06-29,23,36.111
austin,2026-06-30,0,26.111
austin,2026-06-30,1,26.111
austin,2026-06-30,2,26.111
austin,2026-06-30,3,26.111
austin,2026-06-30,4,26.111
austin,2026-06-30,5,26.111
austin,2026-06-30,6,26.111
austin,2026-06-30,7,26.111
austin,2026-06-30,8,26.667
austin,2026-06-30,9,28.889
austin,2026-06-30,10,30.556
austin,2026-06-30,11,31.667
austin,2026-06-30,12,32.222
austin,2026-06-30,13,33.333
austin,2026-06-30,14,33.889
austin,2026-06-30,15,33.889
austin,2026-06-30,16,35.0
austin,2026-06-30,17,35.0
austin,2026-06-30,18,35.0
austin,2026-06-30,19,35.0
austin,2026-06-30,20,35.0
austin,2026-06-30,21,35.0
austin,2026-06-30,22,35.0
austin,2026-06-30,23,35.0
austin,2026-07-01,0,26.111
austin,2026-07-01,1,26.111
austin,2026-07-01,2,26.111
austin,2026-07-01,3,26.111
austin,2026-07-01,4,26.111
austin,2026-07-01,5,26.111
austin,2026-07-01,6,26.111
austin,2026-07-01,7,26.111
austin,2026-07-01,8,27.778
austin,2026-07-01,9,29.444
austin,2026-07-01,10,31.667
austin,2026-07-01,11,31.667
austin,2026-07-01,12,33.333
austin,2026-07-01,13,33.889
austin,2026-07-01,14,35.0
austin,2026-07-01,15,35.556
austin,2026-07-01,16,35.556
austin,2026-07-01,17,35.556
austin,2026-07-01,18,35.556
austin,2026-07-01,19,35.556
austin,2026-07-01,20,35.556
austin,2026-07-01,21,35.556
austin,2026-07-01,22,35.556
austin,2026-07-01,23,35.556
austin,2026-07-02,0,26.111
austin,2026-07-02,1,26.111
austin,2026-07-02,2,26.111
austin,2026-07-02,3,26.111
austin,2026-07-02,4,26.111
austin,2026-07-02,5,26.111
austin,2026-07-02,6,26.111
austin,2026-07-02,7,26.111
austin,2026-07-02,8,27.778
austin,2026-07-02,9,27.778
austin,2026-07-02,10,30.0
austin,2026-07-02,11,31.667
austin,2026-07-02,12,31.667
austin,2026-07-02,13,32.778
austin,2026-07-02,14,34.444
austin,2026-07-02,15,35.0
austin,2026-07-02,16,35.0
austin,2026-07-02,17,35.0
austin,2026-07-02,18,35.0
austin,2026-07-02,19,35.0
austin,2026-07-02,20,35.0
austin,2026-07-02,21,35.0
austin,2026-07-02,22,35.0
austin,2026-07-02,23,35.0
austin,2026-07-03,0,26.111
austin,2026-07-03,1,26.111
austin,2026-07-03,2,26.111
austin,2026-07-03,3,26.111
austin,2026-07-03,4,26.111
austin,2026-07-03,5,26.111
austin,2026-07-03,6,26.111
austin,2026-07-03,7,26.111
austin,2026-07-03,8,27.222
austin,2026-07-03,9,29.444
austin,2026-07-03,10,30.0
austin,2026-07-03,11,31.111
austin,2026-07-03,12,33.333
austin,2026-07-03,13,33.333
austin,2026-07-03,14,35.0
austin,2026-07-03,15,36.111
austin,2026-07-03,16,36.111
austin,2026-07-03,17,36.111
austin,2026-07-03,18,36.111
austin,2026-07-03,19,36.111
austin,2026-07-03,20,36.111
austin,2026-07-03,21,36.111
austin,2026-07-03,22,36.111
austin,2026-07-03,23,36.111
austin,2026-07-04,0,27.222
austin,2026-07-04,1,27.222
austin,2026-07-04,2,27.222
austin,2026-07-04,3,27.222
austin,2026-07-04,4,27.222
austin,2026-07-04,5,27.222
austin,2026-07-04,6,27.222
austin,2026-07-04,7,27.222
austin,2026-07-04,8,27.778
austin,2026-07-04,9,29.444
austin,2026-07-04,10,30.556
austin,2026-07-04,11,32.222
austin,2026-07-04,12,33.889
austin,2026-07-04,13,33.889
austin,2026-07-04,14,34.444
austin,2026-07-04,15,35.556
austin,2026-07-04,16,35.556
austin,2026-07-04,17,35.556
austin,2026-07-04,18,35.556
austin,2026-07-04,19,35.556
austin,2026-07-04,20,35.556
austin,2026-07-04,21,35.556
austin,2026-07-04,22,35.556
austin,2026-07-04,23,35.556
austin,2026-07-05,0,26.667
austin,2026-07-05,1,26.667
austin,2026-07-05,2,26.667
austin,2026-07-05,3,26.667
austin,2026-07-05,4,26.667
austin,2026-07-05,5,26.667
austin,2026-07-05,6,26.667
austin,2026-07-05,7,26.667
austin,2026-07-05,8,27.222
austin,2026-07-05,9,28.889
austin,2026-07-05,10,31.111
austin,2026-07-05,11,32.778
austin,2026-07-05,12,33.333
austin,2026-07-05,13,34.444
austin,2026-07-05,14,35.0
austin,2026-07-05,15,35.0
austin,2026-07-05,16,35.0
austin,2026-07-05,17,35.0
austin,2026-07-05,18,35.0
austin,2026-07-05,19,35.0
austin,2026-07-05,20,35.0
austin,2026-07-05,21,35.0
austin,2026-07-05,22,35.0
austin,2026-07-05,23,35.0
austin,2026-07-06,0,27.222
austin,2026-07-06,1,27.222
austin,2026-07-06,2,27.222
austin,2026-07-06,3,27.222
austin,2026-07-06,4,27.222
austin,2026-07-06,5,27.222
austin,2026-07-06,6,27.222
austin,2026-07-06,7,27.222
austin,2026-07-06,8,27.778
austin,2026-07-06,9,30.0
austin,2026-07-06,10,31.111
austin,2026-07-06,11,32.778
austin,2026-07-06,12,33.333
austin,2026-07-06,13,33.889
austin,2026-07-06,14,34.444
austin,2026-07-06,15,35.556
austin,2026-07-06,16,36.667
austin,2026-07-06,17,36.667
austin,2026-07-06,18,36.667
austin,2026-07-06,19,36.667
austin,2026-07-06,20,36.667
austin,2026-07-06,21,36.667
austin,2026-07-06,22,36.667
austin,2026-07-06,23,36.667
austin,2026-07-07,0,27.222
austin,2026-07-07,1,27.222
austin,2026-07-07,2,27.222
austin,2026-07-07,3,27.222
austin,2026-07-07,4,27.222
austin,2026-07-07,5,27.222
austin,2026-07-07,6,27.222
austin,2026-07-07,7,27.222
austin,2026-07-07,8,27.222
austin,2026-07-07,9,29.444
austin,2026-07-07,10,31.111
austin,2026-07-07,11,31.667
austin,2026-07-07,12,32.778
austin,2026-07-07,13,34.444
austin,2026-07-07,14,35.0
austin,2026-07-07,15,35.556
austin,2026-07-07,16,36.111
austin,2026-07-07,17,36.111
austin,2026-07-07,18,36.111
austin,2026-07-07,19,36.111
austin,2026-07-07,20,36.111
austin,2026-07-07,21,36.111
austin,2026-07-07,22,36.111
austin,2026-07-07,23,36.111
austin,2026-07-08,0,26.667
austin,2026-07-08,1,26.667
austin,2026-07-08,2,26.667
austin,2026-07-08,3,26.667
austin,2026-07-08,4,26.667
austin,2026-07-08,5,26.667
austin,2026-07-08,6,26.667
austin,2026-07-08,7,26.667
austin,2026-07-08,8,27.778
austin,2026-07-08,9,30.0
austin,2026-07-08,10,31.667
austin,2026-07-08,11,32.222
austin,2026-07-08,12,33.889
austin,2026-07-08,13,35.0
austin,2026-07-08,14,36.111
austin,2026-07-08,15,36.111
austin,2026-07-08,16,36.111
austin,2026-07-08,17,36.667
austin,2026-07-08,18,36.667
austin,2026-07-08,19,36.667
austin,2026-07-08,20,36.667
austin,2026-07-08,21,36.667
austin,2026-07-08,22,36.667
austin,2026-07-08,23,36.667
austin,2026-07-09,0,27.222
austin,2026-07-09,1,27.222
austin,2026-07-09,2,27.222
austin,2026-07-09,3,27.222
austin,2026-07-09,4,27.222
austin,2026-07-09,5,27.222
austin,2026-07-09,6,27.222
austin,2026-07-09,7,27.222
austin,2026-07-09,8,27.778
austin,2026-07-09,9,29.444
austin,2026-07-09,10,31.667
austin,2026-07-09,11,33.333
austin,2026-07-09,12,33.889
austin,2026-07-09,13,35.0
austin,2026-07-09,14,35.556
austin,2026-07-09,15,36.111
austin,2026-07-09,16,36.111
austin,2026-07-09,17,36.111
austin,2026-07-09,18,36.111
austin,2026-07-09,19,36.111
austin,2026-07-09,20,36.111
austin,2026-07-09,21,36.111
austin,2026-07-09,22,36.111
austin,2026-07-09,23,36.111
austin,2026-07-10,0,24.444
austin,2026-07-10,1,25.0
austin,2026-07-10,2,25.0
austin,2026-07-10,3,25.0
austin,2026-07-10,4,25.0
austin,2026-07-10,5,25.0
austin,2026-07-10,6,25.0
austin,2026-07-10,7,25.0
austin,2026-07-10,8,26.667
austin,2026-07-10,9,28.889
austin,2026-07-10,10,31.111
austin,2026-07-10,11,32.778
austin,2026-07-10,12,33.333
austin,2026-07-10,13,34.444
austin,2026-07-10,14,34.444
austin,2026-07-10,15,34.444
austin,2026-07-10,16,34.444
austin,2026-07-10,17,34.444
austin,2026-07-10,18,34.444
austin,2026-07-10,19,34.444
austin,2026-07-10,20,34.444
austin,2026-07-10,21,34.444
austin,2026-07-10,22,34.444
austin,2026-07-10,23,34.444
austin,2026-07-11,0,24.444
austin,2026-07-11,1,24.444
austin,2026-07-11,2,25.0
austin,2026-07-11,3,25.0
austin,2026-07-11,4,25.0
austin,2026-07-11,5,25.0
austin,2026-07-11,6,25.0
austin,2026-07-11,7,25.0
austin,2026-07-11,8,27.222
austin,2026-07-11,9,28.333
austin,2026-07-11,10,30.556
austin,2026-07-11,11,32.222
austin,2026-07-11,12,32.222
austin,2026-07-11,13,32.222
austin,2026-07-11,14,32.222
austin,2026-07-11,15,32.222
austin,2026-07-11,16,32.222
austin,2026-07-11,17,32.222
austin,2026-07-11,18,32.222
austin,2026-07-11,19,32.222
austin,2026-07-11,20,32.222
austin,2026-07-11,21,32.222
austin,2026-07-11,22,32.222
austin,2026-07-11,23,32.222
austin,2026-07-12,0,25.0
austin,2026-07-12,1,25.0
austin,2026-07-12,2,25.0
austin,2026-07-12,3,25.0
austin,2026-07-12,4,25.0
austin,2026-07-12,5,25.0
austin,2026-07-12,6,25.0
austin,2026-07-12,7,25.0
austin,2026-07-12,8,26.111
austin,2026-07-12,9,27.778
austin,2026-07-12,10,29.444
austin,2026-07-12,11,30.556
austin,2026-07-12,12,31.111
austin,2026-07-12,13,33.333
austin,2026-07-12,14,33.889
austin,2026-07-12,15,35.0
austin,2026-07-12,16,35.0
austin,2026-07-12,17,35.0
austin,2026-07-12,18,35.0
austin,2026-07-12,19,35.0
austin,2026-07-12,20,35.0
austin,2026-07-12,21,35.0
austin,2026-07-12,22,35.0
austin,2026-07-12,23,35.0
austin,2026-07-13,0,26.111
austin,2026-07-13,1,26.111
austin,2026-07-13,2,26.111
austin,2026-07-13,3,26.111
austin,2026-07-13,4,26.111
austin,2026-07-13,5,26.111
austin,2026-07-13,6,26.111
austin,2026-07-13,7,26.111
austin,2026-07-13,8,27.222
austin,2026-07-13,9,29.444
austin,2026-07-13,10,29.444
austin,2026-07-13,11,29.444
austin,2026-07-13,12,31.111
austin,2026-07-13,13,32.222
austin,2026-07-13,14,33.333
austin,2026-07-13,15,33.889
austin,2026-07-13,16,33.889
austin,2026-07-13,17,33.889
austin,2026-07-13,18,33.889
austin,2026-07-13,19,33.889
austin,2026-07-13,20,33.889
austin,2026-07-13,21,33.889
austin,2026-07-13,22,33.889
austin,2026-07-13,23,33.889
austin,2026-07-14,0,25.0
austin,2026-07-14,1,25.0
austin,2026-07-14,2,25.0
austin,2026-07-14,3,25.0
austin,2026-07-14,4,25.0
austin,2026-07-14,5,25.0
austin,2026-07-14,6,25.0
austin,2026-07-14,7,25.0
austin,2026-07-14,8,25.0
austin,2026-07-14,9,25.0
austin,2026-07-14,10,25.0
austin,2026-07-14,11,25.556
austin,2026-07-14,12,25.556
austin,2026-07-14,13,26.111
austin,2026-07-14,14,26.111
austin,2026-07-14,15,26.111
austin,2026-07-14,16,26.111
austin,2026-07-14,17,26.111
austin,2026-07-14,18,26.111
austin,2026-07-14,19,26.111
austin,2026-07-14,20,26.111
austin,2026-07-14,21,26.111
austin,2026-07-14,22,26.111
austin,2026-07-14,23,26.111
austin,2026-07-15,0,23.889
austin,2026-07-15,1,23.889
austin,2026-07-15,2,23.889
austin,2026-07-15,3,23.889
austin,2026-07-15,4,23.889
austin,2026-07-15,5,23.889
austin,2026-07-15,6,23.889
austin,2026-07-15,7,23.889
austin,2026-07-15,8,24.444
austin,2026-07-15,9,24.444
austin,2026-07-15,10,24.444
austin,2026-07-15,11,24.444
austin,2026-07-15,12,24.444
austin,2026-07-15,13,24.444
austin,2026-07-15,14,24.444
austin,2026-07-15,15,24.444
austin,2026-07-15,16,25.556
austin,2026-07-15,17,26.111
austin,2026-07-15,18,26.667
austin,2026-07-15,19,26.667
austin,2026-07-15,20,26.667
austin,2026-07-15,21,26.667
austin,2026-07-15,22,26.667
austin,2026-07-15,23,26.667
austin,2026-07-16,8,25.556
austin,2026-07-16,9,26.111
austin,2026-07-16,10,26.667
austin,2026-07-16,11,27.778
austin,2026-07-16,12,28.889
austin,2026-07-16,13,31.667
austin,2026-07-16,14,31.667
austin,2026-07-16,15,31.667
austin,2026-07-16,16,31.667
austin,2026-07-16,17,31.667
austin,2026-07-16,18,31.667
austin,2026-07-16,19,31.667
austin,2026-07-16,20,31.667
austin,2026-07-16,21,31.667
austin,2026-07-16,22,31.667
austin,2026-07-16,23,31.667
austin,2026-07-17,0,26.667
austin,2026-07-17,1,26.667
austin,2026-07-17,2,26.667
austin,2026-07-17,3,26.667
austin,2026-07-17,4,26.667
austin,2026-07-17,5,26.667
austin,2026-07-17,6,26.667
austin,2026-07-17,7,26.667
austin,2026-07-17,8,27.222
austin,2026-07-17,9,28.333
austin,2026-07-17,10,30.556
austin,2026-07-17,11,31.111
austin,2026-07-17,12,31.667
austin,2026-07-17,13,32.222
austin,2026-07-17,14,33.333
austin,2026-07-17,15,33.889
austin,2026-07-17,16,34.444
austin,2026-07-17,17,34.444
austin,2026-07-17,18,34.444
austin,2026-07-17,19,34.444
austin,2026-07-17,20,34.444
austin,2026-07-17,21,34.444
austin,2026-07-17,22,34.444
austin,2026-07-17,23,34.444
austin,2026-07-18,0,25.556
austin,2026-07-18,1,26.111
austin,2026-07-18,2,26.111
austin,2026-07-18,3,26.111
austin,2026-07-18,4,26.111
austin,2026-07-18,5,26.111
austin,2026-07-18,6,26.111
austin,2026-07-18,7,26.111
austin,2026-07-18,8,27.778
austin,2026-07-18,9,28.889
austin,2026-07-18,10,29.444
austin,2026-07-18,11,31.111
austin,2026-07-18,12,32.778
austin,2026-07-18,13,33.333
austin,2026-07-18,14,33.889
austin,2026-07-18,15,34.444
austin,2026-07-18,16,34.444
austin,2026-07-18,17,34.444
austin,2026-07-18,18,34.444
austin,2026-07-18,19,34.444
austin,2026-07-18,20,34.444
austin,2026-07-18,21,34.444
austin,2026-07-18,22,34.444
austin,2026-07-18,23,34.444
austin,2026-07-19,0,26.111
austin,2026-07-19,1,26.111
austin,2026-07-19,2,26.111
austin,2026-07-19,3,26.111
austin,2026-07-19,4,26.111
austin,2026-07-19,5,26.111
austin,2026-07-19,6,26.111
austin,2026-07-19,7,26.111
austin,2026-07-19,8,27.222
austin,2026-07-19,9,28.889
austin,2026-07-19,10,29.444
austin,2026-07-19,11,31.667
austin,2026-07-19,12,32.222
austin,2026-07-19,13,33.333
austin,2026-07-19,14,33.889
austin,2026-07-19,15,34.444
austin,2026-07-19,16,34.444
austin,2026-07-19,17,35.0
austin,2026-07-19,18,35.0
austin,2026-07-19,19,35.0
austin,2026-07-19,20,35.0
austin,2026-07-19,21,35.0
austin,2026-07-19,22,35.0
austin,2026-07-19,23,35.0
austin,2026-07-20,0,24.444
austin,2026-07-20,1,25.556
austin,2026-07-20,2,25.556
austin,2026-07-20,3,25.556
austin,2026-07-20,4,25.556
austin,2026-07-20,5,25.556
austin,2026-07-20,6,25.556
austin,2026-07-20,7,25.556
austin,2026-07-20,8,26.111
austin,2026-07-20,9,27.778
austin,2026-07-20,10,30.0
austin,2026-07-20,11,31.667
austin,2026-07-20,12,33.333
austin,2026-07-20,13,35.0
austin,2026-07-20,14,35.0
austin,2026-07-20,15,35.556
austin,2026-07-20,16,36.111
austin,2026-07-20,17,36.111
austin,2026-07-20,18,36.111
austin,2026-07-20,19,36.111
austin,2026-07-20,20,36.111
austin,2026-07-20,21,36.111
austin,2026-07-20,22,36.111
austin,2026-07-20,23,36.111
austin,2026-07-21,0,26.111
austin,2026-07-21,1,26.111
austin,2026-07-21,2,26.111
austin,2026-07-21,3,26.111
austin,2026-07-21,4,26.111
austin,2026-07-21,5,26.111
austin,2026-07-21,6,26.111
austin,2026-07-21,7,26.111
austin,2026-07-21,8,26.111
austin,2026-07-21,9,28.889
austin,2026-07-21,10,30.556
austin,2026-07-21,11,32.778
austin,2026-07-21,12,34.444
austin,2026-07-21,13,35.556
austin,2026-07-21,14,37.222
austin,2026-07-21,15,37.222
austin,2026-07-21,16,37.778
austin,2026-07-21,17,37.778
austin,2026-07-21,18,37.778
austin,2026-07-21,19,37.778
austin,2026-07-21,20,37.778
austin,2026-07-21,21,37.778
austin,2026-07-21,22,37.778
austin,2026-07-21,23,37.778
austin,2026-07-22,0,26.667
austin,2026-07-22,1,27.222
austin,2026-07-22,2,27.222
austin,2026-07-22,3,27.222
austin,2026-07-22,4,27.222
austin,2026-07-22,5,27.222
austin,2026-07-22,6,27.222
austin,2026-07-22,7,27.222
austin,2026-07-22,8,31.667
austin,2026-07-22,9,33.889
austin,2026-07-22,10,35.556
austin,2026-07-22,11,36.667
austin,2026-07-22,12,37.778
austin,2026-07-22,13,38.333
austin,2026-07-22,14,39.444
austin,2026-07-22,15,39.444
austin,2026-07-22,16,39.444
austin,2026-07-22,17,39.444
austin,2026-07-22,18,39.444
austin,2026-07-22,19,39.444
austin,2026-07-22,20,39.444
austin,2026-07-22,21,39.444
austin,2026-07-22,22,39.444
austin,2026-07-22,23,39.444
austin,2026-07-23,0,28.333
austin,2026-07-23,1,30.556
austin,2026-07-23,2,30.556
austin,2026-07-23,3,30.556
austin,2026-07-23,4,30.556
austin,2026-07-23,5,30.556
austin,2026-07-23,6,30.556
austin,2026-07-23,7,30.556
austin,2026-07-23,8,30.556
austin,2026-07-23,9,30.556
austin,2026-07-23,10,32.222
austin,2026-07-23,11,33.333
austin,2026-07-23,12,35.556
austin,2026-07-23,13,36.111
austin,2026-07-23,14,36.667
austin,2026-07-23,15,36.667
austin,2026-07-23,16,36.667
austin,2026-07-23,17,36.667
austin,2026-07-23,18,36.667
austin,2026-07-23,19,36.667
austin,2026-07-23,20,36.667
austin,2026-07-23,21,36.667
austin,2026-07-23,22,36.667
austin,2026-07-23,23,36.667
austin,2026-07-24,0,26.667
austin,2026-07-24,1,26.667
austin,2026-07-24,2,26.667
austin,2026-07-24,3,26.667
austin,2026-07-24,4,26.667
austin,2026-07-24,5,26.667
austin,2026-07-24,6,26.667
austin,2026-07-24,7,26.667
austin,2026-07-24,8,26.667
austin,2026-07-24,9,28.333
austin,2026-07-24,10,29.444
austin,2026-07-24,11,31.667
austin,2026-07-24,12,32.778
austin,2026-07-24,13,33.889
austin,2026-07-24,14,35.0
austin,2026-07-24,15,35.0
austin,2026-07-24,16,35.0
austin,2026-07-24,17,35.0
austin,2026-07-24,18,35.0
austin,2026-07-24,19,35.0
austin,2026-07-24,20,35.0
austin,2026-07-24,21,35.0
austin,2026-07-24,22,35.0
austin,2026-07-24,23,35.0
austin,2026-07-25,0,26.111
austin,2026-07-25,1,26.111
austin,2026-07-25,2,26.111
austin,2026-07-25,3,26.111
austin,2026-07-25,4,26.111
austin,2026-07-25,5,26.111
austin,2026-07-25,6,26.111
austin,2026-07-25,7,26.111
austin,2026-07-25,8,26.667
austin,2026-07-25,9,28.333
austin,2026-07-25,10,30.0
austin,2026-07-25,11,31.667
austin,2026-07-25,12,32.778
austin,2026-07-25,13,33.889
austin,2026-07-25,14,33.889
austin,2026-07-25,15,34.444
austin,2026-07-25,16,35.0
austin,2026-07-25,17,35.556
austin,2026-07-25,18,35.556
austin,2026-07-25,19,35.556
austin,2026-07-25,20,35.556
austin,2026-07-25,21,35.556
austin,2026-07-25,22,35.556
austin,2026-07-25,23,35.556
austin,2026-07-26,0,25.556
austin,2026-07-26,1,25.556
austin,2026-07-26,2,25.556
austin,2026-07-26,3,25.556
austin,2026-07-26,4,25.556
austin,2026-07-26,5,25.556
austin,2026-07-26,6,25.556
austin,2026-07-26,7,25.556
austin,2026-07-26,8,27.222
austin,2026-07-26,9,28.889
austin,2026-07-26,10,30.0
austin,2026-07-26,11,31.667
austin,2026-07-26,12,33.333
austin,2026-07-26,13,34.444
austin,2026-07-26,14,35.556
austin,2026-07-26,15,35.556
austin,2026-07-26,16,35.556
austin,2026-07-26,17,35.556
austin,2026-07-26,18,35.556
austin,2026-07-26,19,35.556
austin,2026-07-26,20,35.556
austin,2026-07-26,21,35.556
austin,2026-07-26,22,35.556
austin,2026-07-26,23,35.556
austin,2026-07-27,0,26.667
austin,2026-07-27,1,26.667
austin,2026-07-27,2,26.667
austin,2026-07-27,3,26.667
austin,2026-07-27,4,26.667
austin,2026-07-27,5,26.667
austin,2026-07-27,6,26.667
austin,2026-07-27,7,26.667
austin,2026-07-27,8,26.667
austin,2026-07-27,9,28.889
austin,2026-07-27,10,30.0
austin,2026-07-27,11,31.667
austin,2026-07-27,12,33.333
austin,2026-07-27,13,34.444
austin,2026-07-27,14,35.556
austin,2026-07-27,15,36.111
austin,2026-07-27,16,36.111
austin,2026-07-27,17,36.667
austin,2026-07-27,18,36.667
austin,2026-07-27,19,36.667
austin,2026-07-27,20,36.667
austin,2026-07-27,21,36.667
austin,2026-07-27,22,36.667
austin,2026-07-27,23,36.667
austin,2026-07-28,0,26.111
austin,2026-07-28,1,26.111
austin,2026-07-28,2,26.111
austin,2026-07-28,3,26.111
austin,2026-07-28,4,26.111
austin,2026-07-28,5,26.111
austin,2026-07-28,6,26.111
austin,2026-07-28,7,26.111
austin,2026-07-28,8,27.222
austin,2026-07-28,9,28.333
austin,2026-07-28,10,30.0
austin,2026-07-28,11,31.667
austin,2026-07-28,12,33.333
austin,2026-07-28,13,34.444
austin,2026-07-28,14,35.556
austin,2026-07-28,15,36.111
austin,2026-07-28,16,36.111
austin,2026-07-28,17,36.111
austin,2026-07-28,18,36.111
austin,2026-07-28,19,36.111
austin,2026-07-28,20,36.111
austin,2026-07-28,21,36.111
austin,2026-07-28,22,36.111
austin,2026-07-28,23,36.111
austin,2026-07-29,0,26.111
austin,2026-07-29,1,26.111
austin,2026-07-29,2,26.111
austin,2026-07-29,3,26.111
austin,2026-07-29,4,26.111
austin,2026-07-29,5,26.111
austin,2026-07-29,6,26.111
austin,2026-07-29,7,26.111
austin,2026-07-29,8,27.778
austin,2026-07-29,9,30.0
austin,2026-07-29,10,30.0
austin,2026-07-29,11,32.778
austin,2026-07-29,12,33.333
austin,2026-07-29,13,33.889
austin,2026-07-29,14,35.0
austin,2026-07-29,15,35.556
austin,2026-07-29,16,36.111
austin,2026-07-29,17,36.667
austin,2026-07-29,18,36.667
austin,2026-07-29,19,36.667
austin,2026-07-29,20,36.667
austin,2026-07-29,21,36.667
austin,2026-07-29,22,36.667
austin,2026-07-29,23,36.667
austin,2026-07-30,0,27.222
austin,2026-07-30,1,27.222
austin,2026-07-30,2,27.222
austin,2026-07-30,3,27.222
austin,2026-07-30,4,27.222
austin,2026-07-30,5,27.222
austin,2026-07-30,6,27.222
austin,2026-07-30,7,27.222
austin,2026-07-30,8,27.222
austin,2026-07-30,9,28.889
austin,2026-07-30,10,31.667
austin,2026-07-30,11,32.778
austin,2026-07-30,12,34.444
austin,2026-07-30,13,35.556
austin,2026-07-30,14,36.667
austin,2026-07-30,15,37.778
austin,2026-07-30,16,37.778
austin,2026-07-30,17,37.778
austin,2026-07-30,18,37.778
austin,2026-07-30,19,37.778
austin,2026-07-30,20,37.778
austin,2026-07-30,21,37.778
austin,2026-07-30,22,37.778
austin,2026-07-30,23,37.778
austin,2026-07-31,0,26.111
austin,2026-07-31,1,26.111
austin,2026-07-31,2,26.111
austin,2026-07-31,3,26.111
austin,2026-07-31,4,26.111
austin,2026-07-31,5,26.111
austin,2026-07-31,6,26.111
austin,2026-07-31,7,26.111
austin,2026-07-31,8,27.222
austin,2026-07-31,9,29.444
austin,2026-07-31,10,31.111
austin,2026-07-31,11,32.778
austin,2026-07-31,12,33.889
austin,2026-07-31,13,35.0
austin,2026-07-31,14,36.667
austin,2026-07-31,15,37.222
austin,2026-07-31,16,37.222
austin,2026-07-31,17,37.778
austin,2026-07-31,18,37.778
austin,2026-07-31,19,37.778
austin,2026-07-31,20,37.778
austin,2026-07-31,21,37.778
austin,2026-07-31,22,37.778
austin,2026-07-31,23,37.778
austin,2026-08-01,0,27.222
austin,2026-08-01,1,27.222
austin,2026-08-01,2,27.222
austin,2026-08-01,3,27.222
austin,2026-08-01,4,27.222
austin,2026-08-01,5,27.222
austin,2026-08-01,6,27.222
austin,2026-08-01,7,27.222
austin,2026-08-01,8,28.333
austin,2026-08-01,9,29.444
austin,2026-08-01,10,31.111
austin,2026-08-01,11,33.889
austin,2026-08-01,12,35.0
austin,2026-08-01,13,35.0
austin,2026-08-01,14,35.0
austin,2026-08-01,15,35.0
austin,2026-08-01,16,35.0
austin,2026-08-01,17,35.0
austin,2026-08-01,18,35.0
austin,2026-08-01,19,35.0
austin,2026-08-01,20,35.0
austin,2026-08-01,21,35.0
austin,2026-08-01,22,35.0
austin,2026-08-01,23,35.0
austin,2026-08-02,0,27.778
austin,2026-08-02,1,27.778
austin,2026-08-02,2,27.778
austin,2026-08-02,3,27.778
austin,2026-08-02,4,27.778
austin,2026-08-02,5,27.778
austin,2026-08-02,6,27.778
austin,2026-08-02,7,27.778
austin,2026-08-02,8,28.889
austin,2026-08-02,9,30.556
austin,2026-08-02,10,32.778
austin,2026-08-02,11,33.889
austin,2026-08-02,12,35.0
austin,2026-08-02,13,36.667
austin,2026-08-02,14,36.667
austin,2026-08-02,15,37.778
austin,2026-08-02,16,37.778
austin,2026-08-02,17,37.778
austin,2026-08-02,18,37.778
austin,2026-08-02,19,37.778
austin,2026-08-02,20,37.778
austin,2026-08-02,21,37.778
austin,2026-08-02,22,37.778
austin,2026-08-02,23,37.778
austin,2026-08-03,0,22.778
austin,2026-08-03,1,22.778
austin,2026-08-03,2,22.778
austin,2026-08-03,3,22.778
austin,2026-08-03,4,22.778
austin,2026-08-03,5,22.778
austin,2026-08-03,6,22.778
austin,2026-08-03,7,23.333
austin,2026-08-03,8,27.778
austin,2026-08-03,9,30.0
austin,2026-08-03,10,32.778
austin,2026-08-03,11,34.444
austin,2026-08-03,12,35.556
austin,2026-08-03,13,36.667
austin,2026-08-03,14,36.667
austin,2026-08-03,15,38.333
austin,2026-08-03,16,38.889
austin,2026-08-03,17,38.889
austin,2026-08-03,18,38.889
austin,2026-08-03,19,38.889
austin,2026-08-03,20,38.889
austin,2026-08-03,21,38.889
austin,2026-08-03,22,38.889
austin,2026-08-03,23,38.889
austin,2026-08-04,0,27.778
austin,2026-08-04,1,27.778
austin,2026-08-04,2,27.778
austin,2026-08-04,3,27.778
austin,2026-08-04,4,27.778
austin,2026-08-04,5,27.778
austin,2026-08-04,6,27.778
austin,2026-08-04,7,27.778
austin,2026-08-04,8,27.778
austin,2026-08-04,9,29.444
austin,2026-08-04,10,31.111
austin,2026-08-04,11,32.778
austin,2026-08-04,12,34.444
austin,2026-08-04,13,36.111
austin,2026-08-04,14,37.222
austin,2026-08-04,15,37.778
austin,2026-08-04,16,38.333
austin,2026-08-04,17,38.333
austin,2026-08-04,18,38.333
austin,2026-08-04,19,38.333
austin,2026-08-04,20,38.333
austin,2026-08-04,21,38.333
austin,2026-08-04,22,38.333
austin,2026-08-04,23,38.333
austin,2026-08-05,0,27.222
austin,2026-08-05,1,27.222
austin,2026-08-05,2,27.222
austin,2026-08-05,3,27.222
austin,2026-08-05,4,27.222
austin,2026-08-05,5,27.222
austin,2026-08-05,6,27.222
austin,2026-08-05,7,27.222
austin,2026-08-05,8,27.778
austin,2026-08-05,9,28.333
austin,2026-08-05,10,31.667
austin,2026-08-05,11,31.667
austin,2026-08-05,12,34.444
austin,2026-08-05,13,35.556
austin,2026-08-05,14,36.667
austin,2026-08-05,15,37.222
austin,2026-08-05,16,37.222
austin,2026-08-05,17,37.222
austin,2026-08-05,18,37.222
austin,2026-08-05,19,37.222
austin,2026-08-05,20,37.222
austin,2026-08-05,21,37.222
austin,2026-08-05,22,37.222
austin,2026-08-05,23,37.222
austin,2026-08-06,0,26.667
austin,2026-08-06,1,26.667
austin,2026-08-06,2,26.667
austin,2026-08-06,3,26.667
austin,2026-08-06,4,26.667
austin,2026-08-06,5,26.667
austin,2026-08-06,6,26.667
austin,2026-08-06,7,26.667
austin,2026-08-06,8,28.333
austin,2026-08-06,9,29.444
austin,2026-08-06,10,32.222
austin,2026-08-06,11,32.778
austin,2026-08-06,12,35.556
austin,2026-08-06,13,36.667
austin,2026-08-06,14,36.667
austin,2026-08-06,15,37.778
austin,2026-08-06,16,37.778
austin,2026-08-06,17,37.778
austin,2026-08-06,18,37.778
austin,2026-08-06,19,37.778
austin,2026-08-06,20,37.778
austin,2026-08-06,21,37.778
austin,2026-08-06,22,37.778
austin,2026-08-06,23,37.778
austin,2026-08-07,0,27.778
austin,2026-08-07,1,27.778
austin,2026-08-07,2,27.778
austin,2026-08-07,3,27.778
austin,2026-08-07,4,27.778
austin,2026-08-07,5,27.778
austin,2026-08-07,6,27.778
austin,2026-08-07,7,27.778
austin,2026-08-07,8,27.778
austin,2026-08-07,9,29.444
austin,2026-08-07,10,31.667
austin,2026-08-07,11,33.333
austin,2026-08-07,12,34.444
austin,2026-08-07,13,35.0
austin,2026-08-07,14,36.111
austin,2026-08-07,15,36.667
austin,2026-08-07,16,37.222
austin,2026-08-07,17,37.222
austin,2026-08-07,18,37.222
austin,2026-08-07,19,37.222
austin,2026-08-07,20,37.222
austin,2026-08-07,21,37.222
austin,2026-08-07,22,37.222
austin,2026-08-07,23,37.222
austin,2026-08-08,0,26.111
austin,2026-08-08,1,26.111
austin,2026-08-08,2,26.111
austin,2026-08-08,3,26.111
austin,2026-08-08,4,26.111
austin,2026-08-08,5,26.111
austin,2026-08-08,6,26.111
austin,2026-08-08,7,26.111
austin,2026-08-08,8,27.222
austin,2026-08-08,9,28.333
austin,2026-08-08,10,30.556
austin,2026-08-08,11,32.222
austin,2026-08-08,12,33.333
austin,2026-08-08,13,35.0
austin,2026-08-08,14,36.111
austin,2026-08-08,15,36.667
austin,2026-08-08,16,36.667
austin,2026-08-08,17,36.667
austin,2026-08-08,18,36.667
austin,2026-08-08,19,36.667
austin,2026-08-08,20,36.667
austin,2026-08-08,21,36.667
austin,2026-08-08,22,36.667
austin,2026-08-08,23,36.667
austin,2026-08-09,0,26.667
austin,2026-08-09,1,26.667
austin,2026-08-09,2,26.667
austin,2026-08-09,3,26.667
austin,2026-08-09,4,26.667
austin,2026-08-09,5,26.667
austin,2026-08-09,6,26.667
austin,2026-08-09,7,26.667
austin,2026-08-09,8,27.778
austin,2026-08-09,9,29.444
austin,2026-08-09,10,30.556
austin,2026-08-09,11,32.222
austin,2026-08-09,12,33.333
austin,2026-08-09,13,35.0
austin,2026-08-09,14,35.0
austin,2026-08-09,15,35.556
austin,2026-08-09,16,36.667
austin,2026-08-09,17,37.222
austin,2026-08-09,18,37.222
austin,2026-08-09,19,37.222
austin,2026-08-09,20,37.222
austin,2026-08-09,21,37.222
austin,2026-08-09,22,37.222
austin,2026-08-09,23,37.222
austin,2026-08-10,0,26.667
austin,2026-08-10,1,26.667
austin,2026-08-10,2,26.667
austin,2026-08-10,3,26.667
austin,2026-08-10,4,26.667
austin,2026-08-10,5,26.667
austin,2026-08-10,6,26.667
austin,2026-08-10,7,26.667
austin,2026-08-10,8,27.222
austin,2026-08-10,9,28.889
austin,2026-08-10,10,31.111
austin,2026-08-10,11,32.778
austin,2026-08-10,12,33.333
austin,2026-08-10,13,34.444
austin,2026-08-10,14,35.556
austin,2026-08-10,15,36.111
austin,2026-08-10,16,36.111
austin,2026-08-10,17,36.111
austin,2026-08-10,18,36.111
austin,2026-08-10,19,36.111
austin,2026-08-10,20,36.111
austin,2026-08-10,21,36.111
austin,2026-08-10,22,36.111
austin,2026-08-10,23,36.111
austin,2026-08-11,0,26.667
austin,2026-08-11,1,26.667
austin,2026-08-11,2,26.667
austin,2026-08-11,3,26.667
austin,2026-08-11,4,26.667
austin,2026-08-11,5,26.667
austin,2026-08-11,6,26.667
austin,2026-08-11,7,26.667
austin,2026-08-11,8,26.667
austin,2026-08-11,9,30.0
austin,2026-08-11,10,31.667
austin,2026-08-11,11,32.778
austin,2026-08-11,12,34.444
austin,2026-08-11,13,35.0
austin,2026-08-11,14,37.222
austin,2026-08-11,15,37.778
austin,2026-08-11,16,37.778
austin,2026-08-11,17,37.778
austin,2026-08-11,18,37.778
austin,2026-08-11,19,37.778
austin,2026-08-11,20,37.778
austin,2026-08-11,21,37.778
austin,2026-08-11,22,37.778
austin,2026-08-11,23,37.778
austin,2026-08-12,0,27.222
austin,2026-08-12,1,27.222
austin,2026-08-12,2,27.222
austin,2026-08-12,3,27.222
austin,2026-08-12,4,27.222
austin,2026-08-12,5,27.222
austin,2026-08-12,6,27.222
austin,2026-08-12,7,27.222
austin,2026-08-12,8,27.778
austin,2026-08-12,9,30.556
austin,2026-08-12,10,31.667
austin,2026-08-12,11,33.333
austin,2026-08-12,12,35.0
austin,2026-08-12,13,36.667
austin,2026-08-12,14,37.778
austin,2026-08-12,15,37.778
austin,2026-08-12,16,38.333
austin,2026-08-12,17,38.333
austin,2026-08-12,18,38.333
austin,2026-08-12,19,38.333
austin,2026-08-12,20,38.333
austin,2026-08-12,21,38.333
austin,2026-08-12,22,38.333
austin,2026-08-12,23,38.333
austin,2026-08-13,0,27.778
austin,2026-08-13,1,27.778
austin,2026-08-13,2,27.778
austin,2026-08-13,3,27.778
austin,2026-08-13,4,27.778
austin,2026-08-13,5,27.778
austin,2026-08-13,6,27.778
austin,2026-08-13,7,27.778
austin,2026-08-13,8,27.778
austin,2026-08-13,9,29.444
austin,2026-08-13,10,32.778
austin,2026-08-13,11,33.889
austin,2026-08-13,12,35.556
austin,2026-08-13,13,36.667
austin,2026-08-13,14,37.222
austin,2026-08-13,15,38.889
austin,2026-08-13,16,38.889
austin,2026-08-13,17,38.889
austin,2026-08-13,18,38.889
austin,2026-08-13,19,38.889
austin,2026-08-13,20,38.889
austin,2026-08-13,21,38.889
austin,2026-08-13,22,38.889
austin,2026-08-13,23,38.889
austin,2026-08-14,0,27.222
austin,2026-08-14,1,27.222
austin,2026-08-14,2,27.222
austin,2026-08-14,3,27.222
austin,2026-08-14,4,27.222
austin,2026-08-14,5,27.222
austin,2026-08-14,6,27.222
austin,2026-08-14,7,27.222
austin,2026-08-14,8,28.333
austin,2026-08-14,9,29.444
austin,2026-08-14,10,32.778
austin,2026-08-14,11,32.778
austin,2026-08-14,12,35.0
austin,2026-08-14,13,35.556
austin,2026-08-14,14,35.556
austin,2026-08-14,15,36.111
austin,2026-08-14,16,36.111
austin,2026-08-14,17,36.111
austin,2026-08-14,18,36.111
austin,2026-08-14,19,36.111
austin,2026-08-14,20,36.111
austin,2026-08-14,21,36.111
austin,2026-08-14,22,36.111
austin,2026-08-14,23,36.111
austin,2026-08-15,0,27.222
austin,2026-08-15,1,27.222
austin,2026-08-15,2,27.222
austin,2026-08-15,3,27.222
austin,2026-08-15,4,27.222
austin,2026-08-15,5,27.222
austin,2026-08-15,6,27.222
austin,2026-08-15,7,27.222
austin,2026-08-15,8,28.333
austin,2026-08-15,9,31.111
austin,2026-08-15,10,32.778
austin,2026-08-15,11,33.889
austin,2026-08-15,12,35.556
austin,2026-08-15,13,36.667
austin,2026-08-15,14,37.778
austin,2026-08-15,15,38.333
austin,2026-08-15,16,38.889
austin,2026-08-15,17,38.889
austin,2026-08-15,18,38.889
austin,2026-08-15,19,38.889
austin,2026-08-15,20,38.889
austin,2026-08-15,21,38.889
austin,2026-08-15,22,38.889
austin,2026-08-15,23,38.889
austin,2026-08-16,0,26.111
austin,2026-08-16,1,26.111
austin,2026-08-16,2,26.111
austin,2026-08-16,3,26.111
austin,2026-08-16,4,26.111
austin,2026-08-16,5,26.111
austin,2026-08-16,6,26.111
austin,2026-08-16,7,26.111
austin,2026-08-16,8,26.667
austin,2026-08-16,9,28.333
austin,2026-08-16,10,30.556
austin,2026-08-16,11,32.778
austin,2026-08-16,12,34.444
austin,2026-08-16,13,35.556
austin,2026-08-16,14,36.667
austin,2026-08-16,15,37.778
austin,2026-08-16,16,38.889
austin,2026-08-16,17,38.889
austin,2026-08-16,18,38.889
austin,2026-08-16,19,38.889
austin,2026-08-16,20,38.889
austin,2026-08-16,21,38.889
austin,2026-08-16,22,38.889
austin,2026-08-16,23,38.889
austin,2026-08-17,0,27.222
austin,2026-08-17,1,27.222
austin,2026-08-17,2,27.222
austin,2026-08-17,3,27.222
austin,2026-08-17,4,27.222
austin,2026-08-17,5,27.222
austin,2026-08-17,6,27.222
austin,2026-08-17,7,27.222
austin,2026-08-17,8,27.222
austin,2026-08-17,9,30.0
austin,2026-08-17,10,31.667
austin,2026-08-17,11,33.889
austin,2026-08-17,12,35.556
austin,2026-08-17,13,37.222
austin,2026-08-17,14,37.778
austin,2026-08-17,15,38.889
austin,2026-08-17,16,39.444
austin,2026-08-17,17,39.444
austin,2026-08-17,18,39.444
austin,2026-08-17,19,39.444
austin,2026-08-17,20,39.444
austin,2026-08-17,21,39.444
austin,2026-08-17,22,39.444
austin,2026-08-17,23,39.444
austin,2026-08-18,0,27.778
austin,2026-08-18,1,27.778
austin,2026-08-18,2,27.778
austin,2026-08-18,3,27.778
austin,2026-08-18,4,27.778
austin,2026-08-18,5,27.778
austin,2026-08-18,6,27.778
austin,2026-08-18,7,27.778
austin,2026-08-18,8,27.778
austin,2026-08-18,9,29.444
austin,2026-08-18,10,31.667
austin,2026-08-18,11,33.889
austin,2026-08-18,12,35.556
austin,2026-08-18,13,36.667
austin,2026-08-18,14,37.222
austin,2026-08-18,15,37.778
austin,2026-08-18,16,38.333
austin,2026-08-18,17,38.333
austin,2026-08-18,18,38.333
austin,2026-08-18,19,38.333
austin,2026-08-18,20,38.333
austin,2026-08-18,21,38.333
austin,2026-08-18,22,38.333
austin,2026-08-18,23,38.333
austin,2026-08-19,0,28.889
austin,2026-08-19,1,28.889
austin,2026-08-19,2,28.889
austin,2026-08-19,3,28.889
austin,2026-08-19,4,28.889
austin,2026-08-19,5,28.889
austin,2026-08-19,6,28.889
austin,2026-08-19,7,28.889
austin,2026-08-19,8,28.889
austin,2026-08-19,9,30.0
austin,2026-08-19,10,32.778
austin,2026-08-19,11,33.889
austin,2026-08-19,12,35.556
austin,2026-08-19,13,36.667
austin,2026-08-19,14,37.778
austin,2026-08-19,15,37.778
austin,2026-08-19,16,37.778
austin,2026-08-19,17,38.889
austin,2026-08-19,18,38.889
austin,2026-08-19,19,38.889
austin,2026-08-19,20,38.889
austin,2026-08-19,21,38.889
austin,2026-08-19,22,38.889
austin,2026-08-19,23,38.889
austin,2026-08-20,0,26.667
austin,2026-08-20,1,26.667
austin,2026-08-20,2,26.667
austin,2026-08-20,3,26.667
austin,2026-08-20,4,26.667
austin,2026-08-20,5,26.667
austin,2026-08-20,6,26.667
austin,2026-08-20,7,26.667
austin,2026-08-20,8,27.222
austin,2026-08-20,9,29.444
austin,2026-08-20,10,32.222
austin,2026-08-20,11,33.889
austin,2026-08-20,12,36.111
austin,2026-08-20,13,37.222
austin,2026-08-20,14,38.333
austin,2026-08-20,15,38.889
austin,2026-08-20,16,38.889
austin,2026-08-20,17,39.444
austin,2026-08-20,18,39.444
austin,2026-08-20,19,39.444
austin,2026-08-20,20,39.444
austin,2026-08-20,21,39.444
austin,2026-08-20,22,39.444
austin,2026-08-20,23,39.444
austin,2026-08-21,0,28.333
austin,2026-08-21,1,28.333
austin,2026-08-21,2,28.333
austin,2026-08-21,3,28.333
austin,2026-08-21,4,28.333
austin,2026-08-21,5,28.333
austin,2026-08-21,6,28.333
austin,2026-08-21,7,28.333
austin,2026-08-21,8,28.333
austin,2026-08-21,9,30.556
austin,2026-08-21,10,32.778
austin,2026-08-21,11,34.444
austin,2026-08-21,12,35.556
austin,2026-08-21,13,38.333
austin,2026-08-21,14,38.889
austin,2026-08-21,15,39.444
austin,2026-08-21,16,40.0
austin,2026-08-21,17,40.0
austin,2026-08-21,18,40.0
austin,2026-08-21,19,40.0
austin,2026-08-21,20,40.0
austin,2026-08-21,21,40.0
austin,2026-08-21,22,40.0
austin,2026-08-21,23,40.0
austin,2026-08-22,0,27.778
austin,2026-08-22,1,27.778
austin,2026-08-22,2,27.778
austin,2026-08-22,3,27.778
austin,2026-08-22,4,27.778
austin,2026-08-22,5,27.778
austin,2026-08-22,6,27.778
austin,2026-08-22,7,27.778
austin,2026-08-22,8,28.333
austin,2026-08-22,9,31.111
austin,2026-08-22,10,33.889
austin,2026-08-22,11,35.556
austin,2026-08-22,12,37.222
austin,2026-08-22,13,38.889
austin,2026-08-22,14,39.444
austin,2026-08-22,15,39.444
austin,2026-08-22,16,40.556
austin,2026-08-22,17,40.556
austin,2026-08-22,18,40.556
austin,2026-08-22,19,40.556
austin,2026-08-22,20,40.556
austin,2026-08-22,21,40.556
austin,2026-08-22,22,40.556
austin,2026-08-22,23,40.556
austin,2026-08-23,0,28.889
austin,2026-08-23,1,28.889
austin,2026-08-23,2,28.889
austin,2026-08-23,3,28.889
austin,2026-08-23,4,28.889
austin,2026-08-23,5,28.889
austin,2026-08-23,6,28.889
austin,2026-08-23,7,28.889
austin,2026-08-23,8,28.889
austin,2026-08-23,9,31.667
austin,2026-08-23,10,34.444
austin,2026-08-23,11,37.222
austin,2026-08-23,12,37.778
austin,2026-08-23,13,39.444
austin,2026-08-23,14,39.444
austin,2026-08-23,15,40.0
austin,2026-08-23,16,40.0
austin,2026-08-23,17,40.0
austin,2026-08-23,18,40.0
austin,2026-08-23,19,40.0
austin,2026-08-23,20,40.0
austin,2026-08-23,21,40.0
austin,2026-08-23,22,40.0
austin,2026-08-23,23,40.0
austin,2026-08-24,0,28.889
austin,2026-08-24,1,28.889
austin,2026-08-24,2,28.889
austin,2026-08-24,3,28.889
austin,2026-08-24,4,28.889
austin,2026-08-24,5,28.889
austin,2026-08-24,6,28.889
austin,2026-08-24,7,28.889
austin,2026-08-24,8,28.889
austin,2026-08-24,9,30.556
austin,2026-08-24,10,33.333
austin,2026-08-24,11,34.444
austin,2026-08-24,12,35.556
austin,2026-08-24,13,37.222
austin,2026-08-24,14,38.333
austin,2026-08-24,15,39.444
austin,2026-08-24,16,40.0
austin,2026-08-24,17,40.0
austin,2026-08-24,18,40.0
austin,2026-08-24,19,40.0
austin,2026-08-24,20,40.0
austin,2026-08-24,21,40.0
austin,2026-08-24,22,40.0
austin,2026-08-24,23,40.0
austin,2026-08-25,0,27.778
austin,2026-08-25,1,27.778
austin,2026-08-25,2,27.778
austin,2026-08-25,3,27.778
austin,2026-08-25,4,27.778
austin,2026-08-25,5,27.778
austin,2026-08-25,6,27.778
austin,2026-08-25,7,27.778
austin,2026-08-25,8,27.778
austin,2026-08-25,9,28.889
austin,2026-08-25,10,31.667
austin,2026-08-25,11,33.333
austin,2026-08-25,12,35.0
austin,2026-08-25,13,36.111
austin,2026-08-25,14,37.222
austin,2026-08-25,15,38.333
austin,2026-08-25,16,38.889
austin,2026-08-25,17,38.889
austin,2026-08-25,18,38.889
austin,2026-08-25,19,38.889
austin,2026-08-25,20,38.889
austin,2026-08-25,21,38.889
austin,2026-08-25,22,38.889
austin,2026-08-25,23,38.889
austin,2026-08-26,0,28.889
austin,2026-08-26,1,28.889
austin,2026-08-26,2,28.889
austin,2026-08-26,3,28.889
austin,2026-08-26,4,28.889
austin,2026-08-26,5,28.889
austin,2026-08-26,6,28.889
austin,2026-08-26,7,28.889
austin,2026-08-26,8,28.889
austin,2026-08-26,9,30.0
austin,2026-08-26,10,32.222
austin,2026-08-26,11,33.889
austin,2026-08-26,12,36.111
austin,2026-08-26,13,37.222
austin,2026-08-26,14,37.222
austin,2026-08-26,15,38.889
austin,2026-08-26,16,38.889
austin,2026-08-26,17,38.889
austin,2026-08-26,18,38.889
austin,2026-08-26,19,38.889
austin,2026-08-26,20,38.889
austin,2026-08-26,21,38.889
austin,2026-08-26,22,38.889
austin,2026-08-26,23,38.889
austin,2026-08-27,0,29.444
austin,2026-08-27,1,29.444
austin,2026-08-27,2,29.444
austin,2026-08-27,3,29.444
austin,2026-08-27,4,29.444
austin,2026-08-27,5,29.444
austin,2026-08-27,6,29.444
austin,2026-08-27,7,29.444
austin,2026-08-27,8,29.444
austin,2026-08-27,9,29.444
austin,2026-08-27,10,31.667
austin,2026-08-27,11,33.889
austin,2026-08-27,12,36.111
austin,2026-08-27,13,38.889
austin,2026-08-27,14,39.444
austin,2026-08-27,15,39.444
austin,2026-08-27,16,39.444
austin,2026-08-27,17,39.444
austin,2026-08-27,18,39.444
austin,2026-08-27,19,39.444
austin,2026-08-27,20,39.444
austin,2026-08-27,21,39.444
austin,2026-08-27,22,39.444
austin,2026-08-27,23,39.444
austin,2026-08-28,0,27.222
austin,2026-08-28,1,27.222
austin,2026-08-28,2,27.222
austin,2026-08-28,3,27.222
austin,2026-08-28,4,27.222
austin,2026-08-28,5,27.222
austin,2026-08-28,6,27.222
austin,2026-08-28,7,27.222
austin,2026-08-28,8,27.778
austin,2026-08-28,9,30.0
austin,2026-08-28,10,31.111
austin,2026-08-28,11,33.333
austin,2026-08-28,12,35.0
austin,2026-08-28,13,36.111
austin,2026-08-28,14,36.111
austin,2026-08-28,15,37.222
austin,2026-08-28,16,38.333
austin,2026-08-28,17,38.333
austin,2026-08-28,18,38.333
austin,2026-08-28,19,38.333
austin,2026-08-28,20,38.333
austin,2026-08-28,21,38.333
austin,2026-08-28,22,38.333
austin,2026-08-28,23,38.333
austin,2026-08-29,0,23.333
austin,2026-08-29,1,23.333
austin,2026-08-29,2,23.333
austin,2026-08-29,3,23.333
austin,2026-08-29,4,23.333
austin,2026-08-29,5,23.333
austin,2026-08-29,6,23.333
austin,2026-08-29,7,23.333
austin,2026-08-29,8,25.0
austin,2026-08-29,9,27.222
austin,2026-08-29,10,30.0
austin,2026-08-29,11,31.667
austin,2026-08-29,12,32.778
austin,2026-08-29,13,34.444
austin,2026-08-29,14,36.667
austin,2026-08-29,15,36.667
austin,2026-08-29,16,37.222
austin,2026-08-29,17,37.222
austin,2026-08-29,18,37.222
austin,2026-08-29,19,37.222
austin,2026-08-29,20,37.222
austin,2026-08-29,21,37.222
austin,2026-08-29,22,37.222
austin,2026-08-29,23,37.222
austin,2026-08-30,0,27.778
austin,2026-08-30,1,27.778
austin,2026-08-30,2,27.778
austin,2026-08-30,3,27.778
austin,2026-08-30,4,27.778
austin,2026-08-30,5,27.778
austin,2026-08-30,6,27.778
austin,2026-08-30,7,27.778
austin,2026-08-30,8,27.778
austin,2026-08-30,9,27.778
austin,2026-08-30,10,31.111
austin,2026-08-30,11,31.667
austin,2026-08-30,12,33.889
austin,2026-08-30,13,35.556
austin,2026-08-30,14,36.111
austin,2026-08-30,15,36.111
austin,2026-08-30,16,37.222
austin,2026-08-30,17,37.222
austin,2026-08-30,18,37.222
austin,2026-08-30,19,37.222
austin,2026-08-30,20,37.222
austin,2026-08-30,21,37.222
austin,2026-08-30,22,37.222
austin,2026-08-30,23,37.222
austin,2026-08-31,0,27.222
austin,2026-08-31,1,27.222
austin,2026-08-31,2,27.222
austin,2026-08-31,3,27.222
austin,2026-08-31,4,27.222
austin,2026-08-31,5,27.222
austin,2026-08-31,6,27.222
austin,2026-08-31,7,27.222
austin,2026-08-31,8,27.222
austin,2026-08-31,9,28.889
austin,2026-08-31,10,31.667
austin,2026-08-31,11,32.778
austin,2026-08-31,12,33.333
austin,2026-08-31,13,35.556
austin,2026-08-31,14,36.111
austin,2026-08-31,15,37.222
austin,2026-08-31,16,37.222
austin,2026-08-31,17,37.222
austin,2026-08-31,18,37.222
austin,2026-08-31,19,37.222
austin,2026-08-31,20,37.222
austin,2026-08-31,21,37.222
austin,2026-08-31,22,37.222
austin,2026-08-31,23,37.222
austin,2026-09-01,0,27.778
austin,2026-09-01,1,27.778
austin,2026-09-01,2,27.778
austin,2026-09-01,3,27.778
austin,2026-09-01,4,27.778
austin,2026-09-01,5,27.778
austin,2026-09-01,6,27.778
austin,2026-09-01,7,27.778
austin,2026-09-01,8,27.778
austin,2026-09-01,9,30.0
austin,2026-09-01,10,31.667
austin,2026-09-01,11,33.333
austin,2026-09-01,12,35.0
austin,2026-09-01,13,35.556
austin,2026-09-01,14,37.222
austin,2026-09-01,15,37.778
austin,2026-09-01,16,37.778
austin,2026-09-01,17,37.778
austin,2026-09-01,18,37.778
austin,2026-09-01,19,37.778
austin,2026-09-01,20,37.778
austin,2026-09-01,21,37.778
austin,2026-09-01,22,37.778
austin,2026-09-01,23,37.778
austin,2026-09-02,0,26.667
austin,2026-09-02,1,27.222
austin,2026-09-02,2,27.222
austin,2026-09-02,3,27.222
austin,2026-09-02,4,27.222
austin,2026-09-02,5,27.222
austin,2026-09-02,6,27.222
austin,2026-09-02,7,27.222
austin,2026-09-02,8,28.333
austin,2026-09-02,9,31.111
austin,2026-09-02,10,32.778
austin,2026-09-02,11,35.0
austin,2026-09-02,12,36.667
austin,2026-09-02,13,37.222
austin,2026-09-02,14,37.222
austin,2026-09-02,15,37.222
austin,2026-09-02,16,37.778
austin,2026-09-02,17,37.778
austin,2026-09-02,18,37.778
austin,2026-09-02,19,37.778
austin,2026-09-02,20,37.778
austin,2026-09-02,21,37.778
austin,2026-09-02,22,37.778
austin,2026-09-02,23,37.778
austin,2026-09-03,0,28.333
austin,2026-09-03,1,28.333
austin,2026-09-03,2,28.333
austin,2026-09-03,3,28.333
austin,2026-09-03,4,28.333
austin,2026-09-03,5,28.333
austin,2026-09-03,6,28.333
austin,2026-09-03,7,28.333
austin,2026-09-03,8,28.889
austin,2026-09-03,9,30.0
austin,2026-09-03,10,32.778
austin,2026-09-03,11,35.0
austin,2026-09-03,12,35.556
austin,2026-09-03,13,36.667
austin,2026-09-03,14,37.222
austin,2026-09-03,15,37.222
austin,2026-09-03,16,37.222
austin,2026-09-03,17,37.222
austin,2026-09-03,18,37.222
austin,2026-09-03,19,37.222
austin,2026-09-03,20,37.222
austin,2026-09-03,21,37.222
austin,2026-09-03,22,37.222
austin,2026-09-03,23,37.222
austin,2026-09-04,0,27.222
austin,2026-09-04,1,27.222
austin,2026-09-04,2,27.222
austin,2026-09-04,3,27.222
austin,2026-09-04,4,27.222
austin,2026-09-04,5,27.222
austin,2026-09-04,6,27.222
austin,2026-09-04,7,27.222
austin,2026-09-04,8,27.222
austin,2026-09-04,9,27.222
austin,2026-09-04,10,27.778
austin,2026-09-04,11,29.444
austin,2026-09-04,12,30.0
austin,2026-09-04,13,30.0
austin,2026-09-04,14,31.667
austin,2026-09-04,15,33.333
austin,2026-09-04,16,35.0
austin,2026-09-04,17,35.0
austin,2026-09-04,18,35.0
austin,2026-09-04,19,35.0
austin,2026-09-04,20,35.0
austin,2026-09-04,21,35.0
austin,2026-09-04,22,35.0
austin,2026-09-04,23,35.0
austin,2026-09-05,0,25.556
austin,2026-09-05,1,25.556
austin,2026-09-05,2,25.556
austin,2026-09-05,3,25.556
austin,2026-09-05,4,25.556
austin,2026-09-05,5,25.556
austin,2026-09-05,6,25.556
austin,2026-09-05,7,25.556
austin,2026-09-05,8,26.667
austin,2026-09-05,9,28.889
austin,2026-09-05,10,31.667
austin,2026-09-05,11,33.889
austin,2026-09-05,12,34.444
austin,2026-09-05,13,36.111
austin,2026-09-05,14,36.667
austin,2026-09-05,15,36.667
austin,2026-09-05,16,37.778
austin,2026-09-05,17,37.778
austin,2026-09-05,18,37.778
austin,2026-09-05,19,37.778
austin,2026-09-05,20,37.778
austin,2026-09-05,21,37.778
austin,2026-09-05,22,37.778
austin,2026-09-05,23,37.778
austin,2026-09-06,0,28.333
austin,2026-09-06,1,28.333
austin,2026-09-06,2,28.333
austin,2026-09-06,3,28.333
austin,2026-09-06,4,28.333
austin,2026-09-06,5,28.333
austin,2026-09-06,6,28.333
austin,2026-09-06,7,28.333
austin,2026-09-06,8,28.333
austin,2026-09-06,9,29.444
austin,2026-09-06,10,30.556
austin,2026-09-06,11,31.667
austin,2026-09-06,12,31.667
austin,2026-09-06,13,33.889
austin,2026-09-06,14,35.556
austin,2026-09-06,15,35.556
austin,2026-09-06,16,35.556
austin,2026-09-06,17,35.556
austin,2026-09-06,18,35.556
austin,2026-09-06,19,35.556
austin,2026-09-06,20,35.556
austin,2026-09-06,21,35.556
austin,2026-09-06,22,35.556
austin,2026-09-06,23,35.556
austin,2026-09-07,0,26.667
austin,2026-09-07,1,26.667
austin,2026-09-07,2,26.667
austin,2026-09-07,3,26.667
austin,2026-09-07,4,26.667
austin,2026-09-07,5,26.667
austin,2026-09-07,6,26.667
austin,2026-09-07,7,26.667
austin,2026-09-07,8,26.667
austin,2026-09-07,9,28.889
austin,2026-09-07,10,30.556
austin,2026-09-07,11,32.778
austin,2026-09-07,12,33.889
austin,2026-09-07,13,35.556
austin,2026-09-07,14,36.111
austin,2026-09-07,15,37.222
austin,2026-09-07,16,38.333
austin,2026-09-07,17,38.333
austin,2026-09-07,18,38.333
austin,2026-09-07,19,38.333
austin,2026-09-07,20,38.333
austin,2026-09-07,21,38.333
austin,2026-09-07,22,38.333
austin,2026-09-07,23,38.333
austin,2026-09-08,0,28.333
austin,2026-09-08,1,28.333
austin,2026-09-08,2,28.333
austin,2026-09-08,3,28.333
austin,2026-09-08,4,28.333
austin,2026-09-08,5,28.333
austin,2026-09-08,6,28.333
austin,2026-09-08,7,28.333
austin,2026-09-08,8,28.333
austin,2026-09-08,9,30.556
austin,2026-09-08,10,32.222
austin,2026-09-08,11,33.889
austin,2026-09-08,12,35.0
austin,2026-09-08,13,35.556
austin,2026-09-08,14,36.667
austin,2026-09-08,15,37.778
austin,2026-09-08,16,37.778
austin,2026-09-08,17,37.778
austin,2026-09-08,18,37.778
austin,2026-09-08,19,37.778
austin,2026-09-08,20,37.778
austin,2026-09-08,21,37.778
austin,2026-09-08,22,37.778
austin,2026-09-08,23,37.778
austin,2026-09-09,0,28.333
austin,2026-09-09,1,28.333
austin,2026-09-09,2,28.333
austin,2026-09-09,3,28.333
austin,2026-09-09,4,28.333
austin,2026-09-09,5,28.333
austin,2026-09-09,6,28.333
austin,2026-09-09,7,28.333
austin,2026-09-09,8,28.333
austin,2026-09-09,9,30.556
austin,2026-09-09,10,32.222
austin,2026-09-09,11,33.333
austin,2026-09-09,12,34.444
austin,2026-09-09,13,35.0
austin,2026-09-09,14,36.111
austin,2026-09-09,15,37.222
austin,2026-09-09,16,37.222
austin,2026-09-09,17,37.222
austin,2026-09-09,18,37.222
austin,2026-09-09,19,37.222
austin,2026-09-09,20,37.222
austin,2026-09-09,21,37.222
austin,2026-09-09,22,37.222
austin,2026-09-09,23,37.222
austin,2026-09-10,0,26.111
austin,2026-09-10,1,26.111
austin,2026-09-10,2,26.111
austin,2026-09-10,3,26.111
austin,2026-09-10,4,26.111
austin,2026-09-10,5,26.111
austin,2026-09-10,6,26.111
austin,2026-09-10,7,26.111
austin,2026-09-10,8,26.111
austin,2026-09-10,9,30.0
austin,2026-09-10,10,30.556
austin,2026-09-10,11,31.667
austin,2026-09-10,12,34.444
austin,2026-09-10,13,35.0
austin,2026-09-10,14,35.556
austin,2026-09-10,15,37.222
austin,2026-09-10,16,37.222
austin,2026-09-10,17,37.778
austin,2026-09-10,18,37.778
austin,2026-09-10,19,37.778
austin,2026-09-10,20,37.778
austin,2026-09-10,21,37.778
austin,2026-09-10,22,37.778
austin,2026-09-10,23,37.778
austin,2026-09-11,0,26.667
austin,2026-09-11,1,26.667
austin,2026-09-11,2,26.667
austin,2026-09-11,3,26.667
austin,2026-09-11,4,26.667
austin,2026-09-11,5,26.667
austin,2026-09-11,6,26.667
austin,2026-09-11,7,26.667
austin,2026-09-11,8,27.222
austin,2026-09-11,9,30.0
austin,2026-09-11,10,31.667
austin,2026-09-11,11,33.889
austin,2026-09-11,12,35.556
austin,2026-09-11,13,36.667
austin,2026-09-11,14,37.778
austin,2026-09-11,15,38.889
austin,2026-09-11,16,38.889
austin,2026-09-11,17,38.889
austin,2026-09-11,18,38.889
austin,2026-09-11,19,38.889
austin,2026-09-11,20,38.889
austin,2026-09-11,21,38.889
austin,2026-09-11,22,38.889
austin,2026-09-11,23,38.889
austin,2026-09-12,0,25.556
austin,2026-09-12,1,25.556
austin,2026-09-12,2,25.556
austin,2026-09-12,3,25.556
austin,2026-09-12,4,25.556
austin,2026-09-12,5,25.556
austin,2026-09-12,6,25.556
austin,2026-09-12,7,25.556
austin,2026-09-12,8,28.333
austin,2026-09-12,9,28.889
austin,2026-09-12,10,30.0
austin,2026-09-12,11,32.222
austin,2026-09-12,12,33.889
austin,2026-09-12,13,35.0
austin,2026-09-12,14,36.667
austin,2026-09-12,15,37.778
austin,2026-09-12,16,37.778
austin,2026-09-12,17,37.778
austin,2026-09-12,18,37.778
austin,2026-09-12,19,37.778
austin,2026-09-12,20,37.778
austin,2026-09-12,21,37.778
austin,2026-09-12,22,37.778
austin,2026-09-12,23,37.778
austin,2026-09-13,0,27.778
austin,2026-09-13,1,27.778
austin,2026-09-13,2,27.778
austin,2026-09-13,3,27.778
austin,2026-09-13,4,27.778
austin,2026-09-13,5,27.778
austin,2026-09-13,6,27.778
austin,2026-09-13,7,27.778
austin,2026-09-13,8,27.778
austin,2026-09-13,9,31.111
austin,2026-09-13,10,32.222
austin,2026-09-13,11,34.444
austin,2026-09-13,12,35.0
austin,2026-09-13,13,36.111
austin,2026-09-13,14,37.222
austin,2026-09-13,15,37.778
austin,2026-09-13,16,37.778
austin,2026-09-13,17,37.778
austin,2026-09-13,18,37.778
austin,2026-09-13,19,37.778
austin,2026-09-13,20,37.778
austin,2026-09-13,21,37.778
austin,2026-09-13,22,37.778
austin,2026-09-13,23,37.778
austin,2026-09-14,0,27.222
austin,2026-09-14,1,27.222
austin,2026-09-14,2,27.222
austin,2026-09-14,3,27.222
austin,2026-09-14,4,27.222
austin,2026-09-14,5,27.222
austin,2026-09-14,6,27.222
austin,2026-09-14,7,27.222
austin,2026-09-14,8,28.333
austin,2026-09-14,9,30.556
austin,2026-09-14,10,32.222
austin,2026-09-14,11,34.444
austin,2026-09-14,12,35.0
austin,2026-09-14,13,35.556
austin,2026-09-14,14,37.222
austin,2026-09-14,15,37.222
austin,2026-09-14,16,38.333
austin,2026-09-14,17,38.333
austin,2026-09-14,18,38.333
austin,2026-09-14,19,38.333
austin,2026-09-14,20,38.333
austin,2026-09-14,21,38.333
austin,2026-09-14,22,38.333
austin,2026-09-14,23,38.333
austin,2026-09-15,0,27.778
austin,2026-09-15,1,27.778
austin,2026-09-15,2,27.778
austin,2026-09-15,3,27.778
austin,2026-09-15,4,27.778
austin,2026-09-15,5,27.778
austin,2026-09-15,6,27.778
austin,2026-09-15,7,27.778
austin,2026-09-15,8,27.778
austin,2026-09-15,9,31.111
austin,2026-09-15,10,32.778
austin,2026-09-15,11,35.0
austin,2026-09-15,12,36.667
austin,2026-09-15,13,37.222
austin,2026-09-15,14,38.333
austin,2026-09-15,15,38.889
austin,2026-09-15,16,38.889
austin,2026-09-15,17,38.889
austin,2026-09-15,18,38.889
austin,2026-09-15,19,38.889
austin,2026-09-15,20,38.889
austin,2026-09-15,21,38.889
austin,2026-09-15,22,38.889
austin,2026-09-15,23,38.889
austin,2026-09-16,0,26.111
austin,2026-09-16,1,26.111
austin,2026-09-16,2,26.111
austin,2026-09-16,3,26.111
austin,2026-09-16,4,26.111
austin,2026-09-16,5,26.111
austin,2026-09-16,6,26.111
austin,2026-09-16,7,26.111
austin,2026-09-16,8,26.667
austin,2026-09-16,9,29.444
austin,2026-09-16,10,31.111
austin,2026-09-16,11,32.778
austin,2026-09-16,12,33.889
austin,2026-09-16,13,34.444
austin,2026-09-16,14,36.111
austin,2026-09-16,15,37.222
austin,2026-09-16,16,37.222
austin,2026-09-16,17,37.222
austin,2026-09-16,18,37.222
austin,2026-09-16,19,37.222
austin,2026-09-16,20,37.222
austin,2026-09-16,21,37.222
austin,2026-09-16,22,37.222
austin,2026-09-16,23,37.222
austin,2026-09-17,0,27.222
austin,2026-09-17,1,27.222
austin,2026-09-17,2,27.222
austin,2026-09-17,3,27.222
austin,2026-09-17,4,27.222
austin,2026-09-17,5,27.222
austin,2026-09-17,6,27.222
austin,2026-09-17,7,27.222
austin,2026-09-17,8,28.333
austin,2026-09-17,9,29.444
austin,2026-09-17,10,31.111
austin,2026-09-17,11,32.778
austin,2026-09-17,12,33.333
austin,2026-09-17,13,35.0
austin,2026-09-17,14,35.0
austin,2026-09-17,15,35.556
austin,2026-09-17,16,35.556
austin,2026-09-17,17,35.556
austin,2026-09-17,18,35.556
austin,2026-09-17,19,35.556
austin,2026-09-17,20,35.556
austin,2026-09-17,21,35.556
austin,2026-09-17,22,35.556
austin,2026-09-17,23,35.556
austin,2026-09-18,0,25.0
austin,2026-09-18,1,25.0
austin,2026-09-18,2,25.0
austin,2026-09-18,3,25.0
austin,2026-09-18,4,25.0
austin,2026-09-18,5,25.0
austin,2026-09-18,6,25.0
austin,2026-09-18,7,25.0
austin,2026-09-18,8,26.667
austin,2026-09-18,9,28.333
austin,2026-09-18,10,30.556
austin,2026-09-18,11,31.667
austin,2026-09-18,12,33.333
austin,2026-09-18,13,35.0
austin,2026-09-18,14,35.0
austin,2026-09-18,15,36.111
austin,2026-09-18,16,36.111
austin,2026-09-18,17,36.111
austin,2026-09-18,18,36.111
austin,2026-09-18,19,36.111
austin,2026-09-18,20,36.111
austin,2026-09-18,21,36.111
austin,2026-09-18,22,36.111
austin,2026-09-18,23,36.111
austin,2026-09-19,0,27.222
austin,2026-09-19,1,27.222
austin,2026-09-19,2,27.222
austin,2026-09-19,3,27.222
austin,2026-09-19,4,27.222
austin,2026-09-19,5,27.222
austin,2026-09-19,6,27.222
austin,2026-09-19,7,27.222
austin,2026-09-19,8,27.222
austin,2026-09-19,9,28.889
austin,2026-09-19,10,30.0
austin,2026-09-19,11,32.222
austin,2026-09-19,12,33.333
austin,2026-09-19,13,34.444
austin,2026-09-19,14,35.556
austin,2026-09-19,15,36.111
austin,2026-09-19,16,36.111
austin,2026-09-19,17,36.111
austin,2026-09-19,18,36.111
austin,2026-09-19,19,36.111
austin,2026-09-19,20,36.111
austin,2026-09-19,21,36.111
austin,2026-09-19,22,36.111
austin,2026-09-19,23,36.111
austin,2026-09-20,0,27.222
austin,2026-09-20,1,27.222
austin,2026-09-20,2,27.222
austin,2026-09-20,3,27.222
austin,2026-09-20,4,27.222
austin,2026-09-20,5,27.222
austin,2026-09-20,6,27.222
austin,2026-09-20,7,27.222
austin,2026-09-20,8,27.222
austin,2026-09-20,9,28.889
austin,2026-09-20,10,31.111
austin,2026-09-20,11,32.222
austin,2026-09-20,12,34.444
austin,2026-09-20,13,34.444
austin,2026-09-20,14,35.556
austin,2026-09-20,15,35.556
austin,2026-09-20,16,35.556
austin,2026-09-20,17,35.556
austin,2026-09-20,18,35.556
austin,2026-09-20,19,35.556
austin,2026-09-20,20,35.556
austin,2026-09-20,21,35.556
austin,2026-09-20,22,35.556
austin,2026-09-20,23,35.556
austin,2026-09-21,0,27.222
austin,2026-09-21,1,27.222
austin,2026-09-21,2,27.222
austin,2026-09-21,3,27.222
austin,2026-09-21,4,27.222
austin,2026-09-21,5,27.222
austin,2026-09-21,6,27.222
austin,2026-09-21,7,27.222
austin,2026-09-21,8,27.222
austin,2026-09-21,9,30.556
austin,2026-09-21,10,31.667
austin,2026-09-21,11,33.333
austin,2026-09-21,12,34.444
austin,2026-09-21,13,35.556
austin,2026-09-21,14,36.111
austin,2026-09-21,15,36.667
austin,2026-09-21,16,37.222
austin,2026-09-21,17,37.222
austin,2026-09-21,18,37.222
austin,2026-09-21,19,37.222
austin,2026-09-21,20,37.222
austin,2026-09-21,21,37.222
austin,2026-09-21,22,37.222
austin,2026-09-21,23,37.222
austin,2026-09-22,0,26.111
austin,2026-09-22,1,26.111
austin,2026-09-22,2,26.111
austin,2026-09-22,3,26.111
austin,2026-09-22,4,26.111
austin,2026-09-22,5,26.111
austin,2026-09-22,6,26.111
austin,2026-09-22,7,26.111
austin,2026-09-22,8,26.667
austin,2026-09-22,9,28.889
austin,2026-09-22,10,31.667
austin,2026-09-22,11,32.778
austin,2026-09-22,12,33.889
austin,2026-09-22,13,35.556
austin,2026-09-22,14,36.111
austin,2026-09-22,15,37.222
austin,2026-09-22,16,37.222
austin,2026-09-22,17,37.222
austin,2026-09-22,18,37.222
austin,2026-09-22,19,37.222
austin,2026-09-22,20,37.222
austin,2026-09-22,21,37.222
austin,2026-09-22,22,37.222
austin,2026-09-22,23,37.222
austin,2026-09-23,0,26.111
austin,2026-09-23,1,26.111
austin,2026-09-23,2,26.111
austin,2026-09-23,3,26.111
austin,2026-09-23,4,26.111
austin,2026-09-23,5,26.111
austin,2026-09-23,6,26.111
austin,2026-09-23,7,26.111
austin,2026-09-23,8,28.333
austin,2026-09-23,9,30.0
austin,2026-09-23,10,32.222
austin,2026-09-23,11,33.333
austin,2026-09-23,12,35.0
austin,2026-09-23,13,35.0
austin,2026-09-23,14,35.0
austin,2026-09-23,15,35.0
austin,2026-09-23,16,35.0
austin,2026-09-23,17,35.0
austin,2026-09-23,18,35.0
austin,2026-09-23,19,35.0
austin,2026-09-23,20,35.0
austin,2026-09-23,21,35.0
austin,2026-09-23,22,35.0
austin,2026-09-23,23,35.0
austin,2026-09-24,0,24.444
austin,2026-09-24,1,24.444
austin,2026-09-24,2,24.444
austin,2026-09-24,3,24.444
austin,2026-09-24,4,24.444
austin,2026-09-24,5,24.444
austin,2026-09-24,6,24.444
austin,2026-09-24,7,24.444
austin,2026-09-24,8,26.667
austin,2026-09-24,9,28.889
austin,2026-09-24,10,31.111
austin,2026-09-24,11,32.778
austin,2026-09-24,12,33.889
austin,2026-09-24,13,33.889
austin,2026-09-24,14,33.889
austin,2026-09-24,15,33.889
austin,2026-09-24,16,33.889
austin,2026-09-24,17,33.889
austin,2026-09-24,18,33.889
austin,2026-09-24,19,33.889
austin,2026-09-24,20,33.889
austin,2026-09-24,21,33.889
austin,2026-09-24,22,33.889
austin,2026-09-24,23,33.889
dallas,2026-05-25,0,21.111
dallas,2026-05-25,1,21.111
dallas,2026-05-25,2,21.111
dallas,2026-05-25,3,21.111
dallas,2026-05-25,4,21.111
dallas,2026-05-25,5,21.111
dallas,2026-05-25,6,21.111
dallas,2026-05-25,7,21.667
dallas,2026-05-25,8,23.889
dallas,2026-05-25,9,26.111
dallas,2026-05-25,10,27.778
dallas,2026-05-25,11,27.778
dallas,2026-05-25,12,28.889
dallas,2026-05-25,13,28.889
dallas,2026-05-25,14,30.0
dallas,2026-05-25,15,30.0
dallas,2026-05-25,16,30.0
dallas,2026-05-25,17,30.0
dallas,2026-05-25,18,30.0
dallas,2026-05-25,19,30.0
dallas,2026-05-25,20,30.0
dallas,2026-05-25,21,30.0
dallas,2026-05-25,22,30.0
dallas,2026-05-25,23,30.0
dallas,2026-05-26,1,21.111
dallas,2026-05-26,2,21.111
dallas,2026-05-26,3,21.111
dallas,2026-05-26,4,21.667
dallas,2026-05-26,5,21.667
dallas,2026-05-26,6,22.222
dallas,2026-05-26,7,22.222
dallas,2026-05-26,8,23.889
dallas,2026-05-26,9,24.444
dallas,2026-05-26,10,26.667
dallas,2026-05-26,11,27.778
dallas,2026-05-26,12,29.444
dallas,2026-05-26,13,30.0
dallas,2026-05-26,14,30.0
dallas,2026-05-26,15,30.0
dallas,2026-05-26,16,30.0
dallas,2026-05-26,17,30.0
dallas,2026-05-26,18,30.0
dallas,2026-05-26,19,30.0
dallas,2026-05-26,20,30.0
dallas,2026-05-26,21,30.0
dallas,2026-05-26,22,30.0
dallas,2026-05-26,23,30.0
dallas,2026-05-27,0,20.0
dallas,2026-05-27,1,20.0
dallas,2026-05-27,2,20.556
dallas,2026-05-27,3,21.111
dallas,2026-05-27,4,21.111
dallas,2026-05-27,5,21.111
dallas,2026-05-27,6,21.111
dallas,2026-05-27,7,21.111
dallas,2026-05-27,8,21.111
dallas,2026-05-27,9,21.667
dallas,2026-05-27,10,22.778
dallas,2026-05-27,11,22.778
dallas,2026-05-27,12,24.444
dallas,2026-05-27,13,26.111
dallas,2026-05-27,14,26.667
dallas,2026-05-27,15,27.222
dallas,2026-05-27,16,27.222
dallas,2026-05-27,17,28.333
dallas,2026-05-27,18,28.889
dallas,2026-05-27,19,28.889
dallas,2026-05-27,20,28.889
dallas,2026-05-27,21,28.889
dallas,2026-05-27,22,28.889
dallas,2026-05-27,23,28.889
dallas,2026-05-28,0,23.889
dallas,2026-05-28,1,23.889
dallas,2026-05-28,2,23.889
dallas,2026-05-28,3,23.889
dallas,2026-05-28,4,23.889
dallas,2026-05-28,5,23.889
dallas,2026-05-28,6,23.889
dallas,2026-05-28,7,23.889
dallas,2026-05-28,8,23.889
dallas,2026-05-28,9,25.0
dallas,2026-05-28,10,25.556
dallas,2026-05-28,11,25.556
dallas,2026-05-28,12,28.333
dallas,2026-05-28,13,29.444
dallas,2026-05-28,14,29.444
dallas,2026-05-28,15,29.444
dallas,2026-05-28,16,29.444
dallas,2026-05-28,17,30.0
dallas,2026-05-28,18,30.556
dallas,2026-05-28,19,30.556
dallas,2026-05-28,20,30.556
dallas,2026-05-28,21,30.556
dallas,2026-05-28,22,30.556
dallas,2026-05-28,23,30.556
dallas,2026-05-29,0,26.111
dallas,2026-05-29,1,26.111
dallas,2026-05-29,2,26.111
dallas,2026-05-29,3,26.111
dallas,2026-05-29,4,26.111
dallas,2026-05-29,5,26.111
dallas,2026-05-29,6,26.111
dallas,2026-05-29,7,26.111
dallas,2026-05-29,8,26.667
dallas,2026-05-29,9,26.667
dallas,2026-05-29,10,30.0
dallas,2026-05-29,11,30.556
dallas,2026-05-29,12,31.111
dallas,2026-05-29,13,31.667
dallas,2026-05-29,14,31.667
dallas,2026-05-29,15,31.667
dallas,2026-05-29,16,31.667
dallas,2026-05-29,17,32.222
dallas,2026-05-29,18,32.222
dallas,2026-05-29,19,32.222
dallas,2026-05-29,20,32.222
dallas,2026-05-29,21,32.222
dallas,2026-05-29,22,32.222
dallas,2026-05-29,23,32.222
dallas,2026-05-30,0,27.222
dallas,2026-05-30,1,27.222
dallas,2026-05-30,2,27.222
dallas,2026-05-30,3,27.222
dallas,2026-05-30,4,27.222
dallas,2026-05-30,5,27.222
dallas,2026-05-30,6,27.222
dallas,2026-05-30,7,27.222
dallas,2026-05-30,8,27.222
dallas,2026-05-30,9,28.333
dallas,2026-05-30,10,28.889
dallas,2026-05-30,11,30.556
dallas,2026-05-30,12,31.667
dallas,2026-05-30,13,31.667
dallas,2026-05-30,14,33.889
dallas,2026-05-30,15,33.889
dallas,2026-05-30,16,33.889
dallas,2026-05-30,17,33.889
dallas,2026-05-30,18,33.889
dallas,2026-05-30,19,33.889
dallas,2026-05-30,20,33.889
dallas,2026-05-30,21,33.889
dallas,2026-05-30,22,33.889
dallas,2026-05-30,23,33.889
dallas,2026-05-31,0,27.222
dallas,2026-05-31,1,27.222
dallas,2026-05-31,2,27.222
dallas,2026-05-31,3,27.222
dallas,2026-05-31,4,27.222
dallas,2026-05-31,5,27.222
dallas,2026-05-31,6,27.222
dallas,2026-05-31,7,27.222
dallas,2026-05-31,8,27.222
dallas,2026-05-31,9,29.444
dallas,2026-05-31,10,30.556
dallas,2026-05-31,11,31.667
dallas,2026-05-31,12,32.222
dallas,2026-05-31,13,33.333
dallas,2026-05-31,14,33.333
dallas,2026-05-31,15,33.333
dallas,2026-05-31,16,33.889
dallas,2026-05-31,17,33.889
dallas,2026-05-31,18,33.889
dallas,2026-05-31,19,33.889
dallas,2026-05-31,20,33.889
dallas,2026-05-31,21,33.889
dallas,2026-05-31,22,33.889
dallas,2026-05-31,23,33.889
dallas,2026-06-01,0,27.222
dallas,2026-06-01,1,27.222
dallas,2026-06-01,2,27.222
dallas,2026-06-01,3,27.222
dallas,2026-06-01,4,27.222
dallas,2026-06-01,5,27.222
dallas,2026-06-01,6,27.222
dallas,2026-06-01,7,27.222
dallas,2026-06-01,8,28.333
dallas,2026-06-01,9,30.0
dallas,2026-06-01,10,31.111
dallas,2026-06-01,11,31.667
dallas,2026-06-01,12,31.667
dallas,2026-06-01,13,32.778
dallas,2026-06-01,14,32.778
dallas,2026-06-01,15,33.889
dallas,2026-06-01,16,33.889
dallas,2026-06-01,17,34.444
dallas,2026-06-01,18,34.444
dallas,2026-06-01,19,34.444
dallas,2026-06-01,20,34.444
dallas,2026-06-01,21,34.444
dallas,2026-06-01,22,34.444
dallas,2026-06-01,23,34.444
dallas,2026-06-02,0,28.333
dallas,2026-06-02,1,28.333
dallas,2026-06-02,2,28.333
dallas,2026-06-02,3,28.333
dallas,2026-06-02,4,28.333
dallas,2026-06-02,5,28.333
dallas,2026-06-02,6,28.333
dallas,2026-06-02,7,28.333
dallas,2026-06-02,8,29.444
dallas,2026-06-02,9,31.111
dallas,2026-06-02,10,31.667
dallas,2026-06-02,11,32.778
dallas,2026-06-02,12,33.333
dallas,2026-06-02,13,33.889
dallas,2026-06-02,14,34.444
dallas,2026-06-02,15,35.556
dallas,2026-06-02,16,35.556
dallas,2026-06-02,17,35.556
dallas,2026-06-02,18,35.556
dallas,2026-06-02,19,35.556
dallas,2026-06-02,20,35.556
dallas,2026-06-02,21,35.556
dallas,2026-06-02,22,35.556
dallas,2026-06-02,23,35.556
dallas,2026-06-03,0,23.889
dallas,2026-06-03,1,23.889
dallas,2026-06-03,2,23.889
dallas,2026-06-03,3,23.889
dallas,2026-06-03,4,23.889
dallas,2026-06-03,5,23.889
dallas,2026-06-03,6,23.889
dallas,2026-06-03,7,23.889
dallas,2026-06-03,8,25.0
dallas,2026-06-03,9,25.556
dallas,2026-06-03,10,27.222
dallas,2026-06-03,11,28.889
dallas,2026-06-03,12,30.0
dallas,2026-06-03,13,31.111
dallas,2026-06-03,14,31.667
dallas,2026-06-03,15,31.667
dallas,2026-06-03,16,31.667
dallas,2026-06-03,17,31.667
dallas,2026-06-03,18,31.667
dallas,2026-06-03,19,31.667
dallas,2026-06-03,20,31.667
dallas,2026-06-03,21,31.667
dallas,2026-06-03,22,31.667
dallas,2026-06-03,23,31.667
dallas,2026-06-04,0,25.556
dallas,2026-06-04,1,25.556
dallas,2026-06-04,2,25.556
dallas,2026-06-04,3,25.556
dallas,2026-06-04,4,25.556
dallas,2026-06-04,5,25.556
dallas,2026-06-04,6,25.556
dallas,2026-06-04,7,25.556
dallas,2026-06-04,8,25.556
dallas,2026-06-04,9,26.111
dallas,2026-06-04,10,27.222
dallas,2026-06-04,11,28.333
dallas,2026-06-04,12,28.889
dallas,2026-06-04,13,28.889
dallas,2026-06-04,14,28.889
dallas,2026-06-04,15,29.444
dallas,2026-06-04,16,30.0
dallas,2026-06-04,17,30.0
dallas,2026-06-04,18,30.0
dallas,2026-06-04,19,30.0
dallas,2026-06-04,20,30.0
dallas,2026-06-04,21,30.0
dallas,2026-06-04,22,30.0
dallas,2026-06-04,23,30.0
dallas,2026-06-05,0,24.444
dallas,2026-06-05,1,24.444
dallas,2026-06-05,2,24.444
dallas,2026-06-05,3,24.444
dallas,2026-06-05,4,24.444
dallas,2026-06-05,5,24.444
dallas,2026-06-05,6,24.444
dallas,2026-06-05,7,24.444
dallas,2026-06-05,8,25.0
dallas,2026-06-05,9,26.111
dallas,2026-06-05,10,26.667
dallas,2026-06-05,11,27.778
dallas,2026-06-05,12,27.778
dallas,2026-06-05,13,27.778
dallas,2026-06-05,14,28.333
dallas,2026-06-05,15,28.333
dallas,2026-06-05,16,28.333
dallas,2026-06-05,17,28.333
dallas,2026-06-05,18,28.333
dallas,2026-06-05,19,28.333
dallas,2026-06-05,20,28.333
dallas,2026-06-05,21,28.333
dallas,2026-06-05,22,28.333
dallas,2026-06-05,23,28.333
dallas,2026-06-06,0,24.444
dallas,2026-06-06,1,24.444
dallas,2026-06-06,2,24.444
dallas,2026-06-06,3,24.444
dallas,2026-06-06,4,24.444
dallas,2026-06-06,5,24.444
dallas,2026-06-06,6,24.444
dallas,2026-06-06,7,24.444
dallas,2026-06-06,8,24.444
dallas,2026-06-06,9,24.444
dallas,2026-06-06,10,25.556
dallas,2026-06-06,11,27.222
dallas,2026-06-06,12,28.333
dallas,2026-06-06,13,28.889
dallas,2026-06-06,14,30.556
dallas,2026-06-06,15,31.111
dallas,2026-06-06,16,31.111
dallas,2026-06-06,17,31.111
dallas,2026-06-06,18,31.111
dallas,2026-06-06,19,31.111
dallas,2026-06-06,20,31.111
dallas,2026-06-06,21,31.111
dallas,2026-06-06,22,31.111
dallas,2026-06-06,23,31.111
dallas,2026-06-07,0,23.333
dallas,2026-06-07,1,23.333
dallas,2026-06-07,2,23.333
dallas,2026-06-07,3,23.333
dallas,2026-06-07,4,23.333
dallas,2026-06-07,5,23.333
dallas,2026-06-07,6,23.333
dallas,2026-06-07,7,23.333
dallas,2026-06-07,8,23.333
dallas,2026-06-07,9,25.556
dallas,2026-06-07,10,27.778
dallas,2026-06-07,11,27.778
dallas,2026-06-07,12,27.778
dallas,2026-06-07,13,27.778
dallas,2026-06-07,14,30.0
dallas,2026-06-07,15,32.778
dallas,2026-06-07,16,33.333
dallas,2026-06-07,17,33.333
dallas,2026-06-07,18,33.333
dallas,2026-06-07,19,33.333
dallas,2026-06-07,20,33.333
dallas,2026-06-07,21,33.333
dallas,2026-06-07,22,33.333
dallas,2026-06-07,23,33.333
dallas,2026-06-08,0,27.222
dallas,2026-06-08,1,27.222
dallas,2026-06-08,2,27.222
dallas,2026-06-08,3,27.222
dallas,2026-06-08,4,27.222
dallas,2026-06-08,5,27.222
dallas,2026-06-08,6,27.222
dallas,2026-06-08,7,27.222
dallas,2026-06-08,8,27.222
dallas,2026-06-08,9,27.778
dallas,2026-06-08,10,29.444
dallas,2026-06-08,11,30.0
dallas,2026-06-08,12,31.667
dallas,2026-06-08,13,32.778
dallas,2026-06-08,14,33.333
dallas,2026-06-08,15,34.444
dallas,2026-06-08,16,34.444
dallas,2026-06-08,17,34.444
dallas,2026-06-08,18,34.444
dallas,2026-06-08,19,34.444
dallas,2026-06-08,20,34.444
dallas,2026-06-08,21,34.444
dallas,2026-06-08,22,34.444
dallas,2026-06-08,23,34.444
dallas,2026-06-09,0,27.778
dallas,2026-06-09,1,27.778
dallas,2026-06-09,2,27.778
dallas,2026-06-09,3,27.778
dallas,2026-06-09,4,27.778
dallas,2026-06-09,5,27.778
dallas,2026-06-09,6,27.778
dallas,2026-06-09,7,27.778
dallas,2026-06-09,8,27.778
dallas,2026-06-09,9,27.778
dallas,2026-06-09,10,29.444
dallas,2026-06-09,11,30.0
dallas,2026-06-09,12,31.111
dallas,2026-06-09,13,31.667
dallas,2026-06-09,14,32.222
dallas,2026-06-09,15,32.778
dallas,2026-06-09,16,33.333
dallas,2026-06-09,17,33.333
dallas,2026-06-09,18,33.333
dallas,2026-06-09,19,33.333
dallas,2026-06-09,20,33.333
dallas,2026-06-09,21,33.333
dallas,2026-06-09,22,33.333
dallas,2026-06-09,23,33.333
dallas,2026-06-10,0,28.333
dallas,2026-06-10,1,28.333
dallas,2026-06-10,2,28.333
dallas,2026-06-10,3,28.333
dallas,2026-06-10,4,28.333
dallas,2026-06-10,5,28.333
dallas,2026-06-10,6,28.333
dallas,2026-06-10,7,28.333
dallas,2026-06-10,8,28.333
dallas,2026-06-10,9,28.333
dallas,2026-06-10,10,28.889
dallas,2026-06-10,11,30.556
dallas,2026-06-10,12,31.111
dallas,2026-06-10,13,32.222
dallas,2026-06-10,14,32.778
dallas,2026-06-10,15,33.333
dallas,2026-06-10,16,33.889
dallas,2026-06-10,17,33.889
dallas,2026-06-10,18,33.889
dallas,2026-06-10,19,33.889
dallas,2026-06-10,20,33.889
dallas,2026-06-10,21,33.889
dallas,2026-06-10,22,33.889
dallas,2026-06-10,23,33.889
dallas,2026-06-11,0,28.889
dallas,2026-06-11,1,28.889
dallas,2026-06-11,2,28.889
dallas,2026-06-11,3,28.889
dallas,2026-06-11,4,28.889
dallas,2026-06-11,5,28.889
dallas,2026-06-11,6,28.889
dallas,2026-06-11,7,28.889
dallas,2026-06-11,8,28.889
dallas,2026-06-11,9,28.889
dallas,2026-06-11,10,30.0
dallas,2026-06-11,11,31.111
dallas,2026-06-11,12,31.667
dallas,2026-06-11,13,32.222
dallas,2026-06-11,14,32.778
dallas,2026-06-11,15,33.333
dallas,2026-06-11,16,33.889
dallas,2026-06-11,17,33.889
dallas,2026-06-11,18,33.889
dallas,2026-06-11,19,33.889
dallas,2026-06-11,20,33.889
dallas,2026-06-11,21,33.889
dallas,2026-06-11,22,33.889
dallas,2026-06-11,23,33.889
dallas,2026-06-12,0,29.444
dallas,2026-06-12,1,29.444
dallas,2026-06-12,2,29.444
dallas,2026-06-12,3,29.444
dallas,2026-06-12,4,29.444
dallas,2026-06-12,5,29.444
dallas,2026-06-12,6,29.444
dallas,2026-06-12,7,29.444
dallas,2026-06-12,8,29.444
dallas,2026-06-12,9,29.444
dallas,2026-06-12,10,30.556
dallas,2026-06-12,11,31.667
dallas,2026-06-12,12,31.667
dallas,2026-06-12,13,31.667
dallas,2026-06-12,14,31.667
dallas,2026-06-12,15,31.667
dallas,2026-06-12,16,31.667
dallas,2026-06-12,17,31.667
dallas,2026-06-12,18,31.667
dallas,2026-06-12,19,31.667
dallas,2026-06-12,20,31.667
dallas,2026-06-12,21,31.667
dallas,2026-06-12,22,31.667
dallas,2026-06-12,23,31.667
dallas,2026-06-13,0,26.111
dallas,2026-06-13,1,26.111
dallas,2026-06-13,2,26.667
dallas,2026-06-13,3,26.667
dallas,2026-06-13,4,26.667
dallas,2026-06-13,5,26.667
dallas,2026-06-13,6,26.667
dallas,2026-06-13,7,26.667
dallas,2026-06-13,8,27.778
dallas,2026-06-13,9,29.444
dallas,2026-06-13,10,30.556
dallas,2026-06-13,11,31.111
dallas,2026-06-13,12,31.111
dallas,2026-06-13,13,32.222
dallas,2026-06-13,14,32.778
dallas,2026-06-13,15,32.778
dallas,2026-06-13,16,32.778
dallas,2026-06-13,17,32.778
dallas,2026-06-13,18,32.778
dallas,2026-06-13,19,32.778
dallas,2026-06-13,20,32.778
dallas,2026-06-13,21,32.778
dallas,2026-06-13,22,32.778
dallas,2026-06-13,23,32.778
dallas,2026-06-14,0,28.333
dallas,2026-06-14,1,28.333
dallas,2026-06-14,2,28.333
dallas,2026-06-14,3,28.333
dallas,2026-06-14,4,28.333
dallas,2026-06-14,5,28.333
dallas,2026-06-14,6,28.333
dallas,2026-06-14,7,28.333
dallas,2026-06-14,8,28.333
dallas,2026-06-14,9,28.333
dallas,2026-06-14,10,28.333
dallas,2026-06-14,11,28.333
dallas,2026-06-14,12,28.333
dallas,2026-06-14,13,28.889
dallas,2026-06-14,14,28.889
dallas,2026-06-14,15,28.889
dallas,2026-06-14,16,28.889
dallas,2026-06-14,17,28.889
dallas,2026-06-14,18,28.889
dallas,2026-06-14,19,28.889
dallas,2026-06-14,20,28.889
dallas,2026-06-14,21,28.889
dallas,2026-06-14,22,28.889
dallas,2026-06-14,23,28.889
dallas,2026-06-15,0,25.0
dallas,2026-06-15,1,25.0
dallas,2026-06-15,2,25.0
dallas,2026-06-15,3,25.0
dallas,2026-06-15,4,25.0
dallas,2026-06-15,5,25.0
dallas,2026-06-15,6,25.0
dallas,2026-06-15,7,25.0
dallas,2026-06-15,8,25.0
dallas,2026-06-15,9,26.667
dallas,2026-06-15,10,27.778
dallas,2026-06-15,11,28.333
dallas,2026-06-15,12,28.333
dallas,2026-06-15,13,28.333
dallas,2026-06-15,14,28.333
dallas,2026-06-15,15,28.333
dallas,2026-06-15,16,30.0
dallas,2026-06-15,17,30.0
dallas,2026-06-15,18,30.0
dallas,2026-06-15,19,30.0
dallas,2026-06-15,20,30.0
dallas,2026-06-15,21,30.0
dallas,2026-06-15,22,30.0
dallas,2026-06-15,23,30.0
dallas,2026-06-16,0,24.444
dallas,2026-06-16,1,24.444
dallas,2026-06-16,2,24.444
dallas,2026-06-16,3,24.444
dallas,2026-06-16,4,24.444
dallas,2026-06-16,5,24.444
dallas,2026-06-16,6,24.444
dallas,2026-06-16,7,24.444
dallas,2026-06-16,8,25.556
dallas,2026-06-16,9,26.111
dallas,2026-06-16,10,28.333
dallas,2026-06-16,11,28.889
dallas,2026-06-16,12,29.444
dallas,2026-06-16,13,31.111
dallas,2026-06-16,14,31.111
dallas,2026-06-16,15,31.111
dallas,2026-06-16,16,31.111
dallas,2026-06-16,17,31.667
dallas,2026-06-16,18,31.667
dallas,2026-06-16,19,31.667
dallas,2026-06-16,20,31.667
dallas,2026-06-16,21,31.667
dallas,2026-06-16,22,31.667
dallas,2026-06-16,23,31.667
dallas,2026-06-17,0,27.222
dallas,2026-06-17,1,27.222
dallas,2026-06-17,2,27.222
dallas,2026-06-17,3,27.222
dallas,2026-06-17,4,27.222
dallas,2026-06-17,5,27.222
dallas,2026-06-17,6,27.222
dallas,2026-06-17,7,27.222
dallas,2026-06-17,8,27.222
dallas,2026-06-17,9,27.222
dallas,2026-06-17,10,28.333
dallas,2026-06-17,11,29.444
dallas,2026-06-17,12,31.111
dallas,2026-06-17,13,31.667
dallas,2026-06-17,14,32.222
dallas,2026-06-17,15,32.778
dallas,2026-06-17,16,32.778
dallas,2026-06-17,17,32.778
dallas,2026-06-17,18,32.778
dallas,2026-06-17,19,32.778
dallas,2026-06-17,20,32.778
dallas,2026-06-17,21,32.778
dallas,2026-06-17,22,32.778
dallas,2026-06-17,23,32.778
dallas,2026-06-18,0,27.222
dallas,2026-06-18,1,27.222
dallas,2026-06-18,2,27.222
dallas,2026-06-18,3,27.222
dallas,2026-06-18,4,27.222
dallas,2026-06-18,5,27.222
dallas,2026-06-18,6,27.222
dallas,2026-06-18,7,27.222
dallas,2026-06-18,8,27.778
dallas,2026-06-18,9,28.889
dallas,2026-06-18,10,30.556
dallas,2026-06-18,11,31.111
dallas,2026-06-18,12,32.778
dallas,2026-06-18,13,32.778
dallas,2026-06-18,14,33.889
dallas,2026-06-18,15,34.444
dallas,2026-06-18,16,34.444
dallas,2026-06-18,17,34.444
dallas,2026-06-18,18,34.444
dallas,2026-06-18,19,34.444
dallas,2026-06-18,20,34.444
dallas,2026-06-18,21,34.444
dallas,2026-06-18,22,34.444
dallas,2026-06-18,23,34.444
dallas,2026-06-19,0,28.889
dallas,2026-06-19,1,28.889
dallas,2026-06-19,2,28.889
dallas,2026-06-19,3,28.889
dallas,2026-06-19,4,28.889
dallas,2026-06-19,5,28.889
dallas,2026-06-19,6,28.889
dallas,2026-06-19,7,28.889
dallas,2026-06-19,8,28.889
dallas,2026-06-19,9,28.889
dallas,2026-06-19,10,28.889
dallas,2026-06-19,11,28.889
dallas,2026-06-19,12,28.889
dallas,2026-06-19,13,28.889
dallas,2026-06-19,14,28.889
dallas,2026-06-19,15,28.889
dallas,2026-06-19,16,28.889
dallas,2026-06-19,17,28.889
dallas,2026-06-19,18,28.889
dallas,2026-06-19,19,28.889
dallas,2026-06-19,20,28.889
dallas,2026-06-19,21,28.889
dallas,2026-06-19,22,28.889
dallas,2026-06-19,23,28.889
dallas,2026-06-20,0,25.0
dallas,2026-06-20,1,25.0
dallas,2026-06-20,2,25.0
dallas,2026-06-20,3,25.0
dallas,2026-06-20,4,25.0
dallas,2026-06-20,5,25.0
dallas,2026-06-20,6,25.0
dallas,2026-06-20,7,25.0
dallas,2026-06-20,8,25.556
dallas,2026-06-20,9,27.222
dallas,2026-06-20,10,28.333
dallas,2026-06-20,11,28.889
dallas,2026-06-20,12,29.444
dallas,2026-06-20,13,31.111
dallas,2026-06-20,14,31.667
dallas,2026-06-20,15,32.222
dallas,2026-06-20,16,32.222
dallas,2026-06-20,17,33.333
dallas,2026-06-20,18,33.333
dallas,2026-06-20,19,33.333
dallas,2026-06-20,20,33.333
dallas,2026-06-20,21,33.333
dallas,2026-06-20,22,33.333
dallas,2026-06-20,23,33.333
dallas,2026-06-21,0,26.667
dallas,2026-06-21,1,26.667
dallas,2026-06-21,2,26.667
dallas,2026-06-21,3,26.667
dallas,2026-06-21,4,26.667
dallas,2026-06-21,5,26.667
dallas,2026-06-21,6,26.667
dallas,2026-06-21,7,26.667
dallas,2026-06-21,8,26.667
dallas,2026-06-21,9,27.778
dallas,2026-06-21,10,29.444
dallas,2026-06-21,11,29.444
dallas,2026-06-21,12,30.0
dallas,2026-06-21,13,30.556
dallas,2026-06-21,14,30.556
dallas,2026-06-21,15,31.667
dallas,2026-06-21,16,32.778
dallas,2026-06-21,17,33.333
dallas,2026-06-21,18,33.333
dallas,2026-06-21,19,33.333
dallas,2026-06-21,20,33.333
dallas,2026-06-21,21,33.333
dallas,2026-06-21,22,33.333
dallas,2026-06-21,23,33.333
dallas,2026-06-22,0,28.333
dallas,2026-06-22,1,28.333
dallas,2026-06-22,2,28.333
dallas,2026-06-22,3,28.333
dallas,2026-06-22,4,28.333
dallas,2026-06-22,5,28.333
dallas,2026-06-22,6,28.333
dallas,2026-06-22,7,28.333
dallas,2026-06-22,8,28.333
dallas,2026-06-22,9,28.333
dallas,2026-06-22,10,29.444
dallas,2026-06-22,11,31.111
dallas,2026-06-22,12,31.667
dallas,2026-06-22,13,32.778
dallas,2026-06-22,14,33.889
dallas,2026-06-22,15,33.889
dallas,2026-06-22,16,33.889
dallas,2026-06-22,17,34.444
dallas,2026-06-22,18,34.444
dallas,2026-06-22,19,34.444
dallas,2026-06-22,20,34.444
dallas,2026-06-22,21,34.444
dallas,2026-06-22,22,34.444
dallas,2026-06-22,23,34.444
dallas,2026-06-23,0,29.444
dallas,2026-06-23,1,29.444
dallas,2026-06-23,2,29.444
dallas,2026-06-23,3,29.444
dallas,2026-06-23,4,29.444
dallas,2026-06-23,5,29.444
dallas,2026-06-23,6,29.444
dallas,2026-06-23,7,29.444
dallas,2026-06-23,8,29.444
dallas,2026-06-23,9,29.444
dallas,2026-06-23,10,29.444
dallas,2026-06-23,11,31.111
dallas,2026-06-23,12,32.222
dallas,2026-06-23,13,32.222
dallas,2026-06-23,14,33.333
dallas,2026-06-23,15,33.889
dallas,2026-06-23,16,33.889
dallas,2026-06-23,17,33.889
dallas,2026-06-23,18,33.889
dallas,2026-06-23,19,33.889
dallas,2026-06-23,20,33.889
dallas,2026-06-23,21,33.889
dallas,2026-06-23,22,33.889
dallas,2026-06-23,23,33.889
dallas,2026-06-24,0,29.444
dallas,2026-06-24,1,29.444
dallas,2026-06-24,2,29.444
dallas,2026-06-24,3,29.444
dallas,2026-06-24,4,29.444
dallas,2026-06-24,5,29.444
dallas,2026-06-24,6,29.444
dallas,2026-06-24,7,29.444
dallas,2026-06-24,8,29.444
dallas,2026-06-24,9,29.444
dallas,2026-06-24,10,30.0
dallas,2026-06-24,11,31.111
dallas,2026-06-24,12,31.667
dallas,2026-06-24,13,33.333
dallas,2026-06-24,14,33.333
dallas,2026-06-24,15,33.889
dallas,2026-06-24,16,34.444
dallas,2026-06-24,17,34.444
dallas,2026-06-24,18,34.444
dallas,2026-06-24,19,34.444
dallas,2026-06-24,20,34.444
dallas,2026-06-24,21,34.444
dallas,2026-06-24,22,34.444
dallas,2026-06-24,23,34.444
dallas,2026-06-25,0,28.333
dallas,2026-06-25,1,28.333
dallas,2026-06-25,2,28.333
dallas,2026-06-25,3,28.333
dallas,2026-06-25,4,28.333
dallas,2026-06-25,5,28.333
dallas,2026-06-25,6,28.333
dallas,2026-06-25,7,28.333
dallas,2026-06-25,8,28.333
dallas,2026-06-25,9,28.333
dallas,2026-06-25,10,29.444
dallas,2026-06-25,11,31.667
dallas,2026-06-25,12,31.667
dallas,2026-06-25,13,31.667
dallas,2026-06-25,14,31.667
dallas,2026-06-25,15,32.222
dallas,2026-06-25,16,33.333
dallas,2026-06-25,17,33.333
dallas,2026-06-25,18,33.333
dallas,2026-06-25,19,33.333
dallas,2026-06-25,20,33.333
dallas,2026-06-25,21,33.333
dallas,2026-06-25,22,33.333
dallas,2026-06-25,23,33.333
dallas,2026-06-26,0,28.333
dallas,2026-06-26,1,28.333
dallas,2026-06-26,2,28.333
dallas,2026-06-26,3,28.333
dallas,2026-06-26,4,28.333
dallas,2026-06-26,5,28.333
dallas,2026-06-26,6,28.333
dallas,2026-06-26,7,28.333
dallas,2026-06-26,8,28.333
dallas,2026-06-26,9,28.889
dallas,2026-06-26,10,30.0
dallas,2026-06-26,11,31.667
dallas,2026-06-26,12,32.222
dallas,2026-06-26,13,33.333
dallas,2026-06-26,14,34.444
dallas,2026-06-26,15,34.444
dallas,2026-06-26,16,34.444
dallas,2026-06-26,17,34.444
dallas,2026-06-26,18,34.444
dallas,2026-06-26,19,34.444
dallas,2026-06-26,20,34.444
dallas,2026-06-26,21,34.444
dallas,2026-06-26,22,34.444
dallas,2026-06-26,23,34.444
dallas,2026-06-27,0,29.444
dallas,2026-06-27,1,29.444
dallas,2026-06-27,2,29.444
dallas,2026-06-27,3,29.444
dallas,2026-06-27,4,29.444
dallas,2026-06-27,5,29.444
dallas,2026-06-27,6,29.444
dallas,2026-06-27,7,29.444
dallas,2026-06-27,8,29.444
dallas,2026-06-27,9,29.444
dallas,2026-06-27,10,30.556
dallas,2026-06-27,11,32.222
dallas,2026-06-27,12,32.778
dallas,2026-06-27,13,33.889
dallas,2026-06-27,14,35.0
dallas,2026-06-27,15,35.556
dallas,2026-06-27,16,35.556
dallas,2026-06-27,17,35.556
dallas,2026-06-27,18,35.556
dallas,2026-06-27,19,35.556
dallas,2026-06-27,20,35.556
dallas,2026-06-27,21,35.556
dallas,2026-06-27,22,35.556
dallas,2026-06-27,23,35.556
dallas,2026-06-28,0,28.889
dallas,2026-06-28,1,28.889
dallas,2026-06-28,2,28.889
dallas,2026-06-28,3,28.889
dallas,2026-06-28,4,28.889
dallas,2026-06-28,5,28.889
dallas,2026-06-28,6,28.889
dallas,2026-06-28,7,28.889
dallas,2026-06-28,8,28.889
dallas,2026-06-28,9,29.444
dallas,2026-06-28,10,31.111
dallas,2026-06-28,11,32.222
dallas,2026-06-28,12,33.333
dallas,2026-06-28,13,33.889
dallas,2026-06-28,14,35.0
dallas,2026-06-28,15,35.556
dallas,2026-06-28,16,35.556
dallas,2026-06-28,17,35.556
dallas,2026-06-28,18,35.556
dallas,2026-06-28,19,35.556
dallas,2026-06-28,20,35.556
dallas,2026-06-28,21,35.556
dallas,2026-06-28,22,35.556
dallas,2026-06-28,23,35.556
dallas,2026-06-29,0,28.889
dallas,2026-06-29,1,28.889
dallas,2026-06-29,2,28.889
dallas,2026-06-29,3,28.889
dallas,2026-06-29,4,28.889
dallas,2026-06-29,5,28.889
dallas,2026-06-29,6,28.889
dallas,2026-06-29,7,28.889
dallas,2026-06-29,8,28.889
dallas,2026-06-29,9,30.0
dallas,2026-06-29,10,31.111
dallas,2026-06-29,11,32.222
dallas,2026-06-29,12,33.889
dallas,2026-06-29,13,34.444
dallas,2026-06-29,14,35.556
dallas,2026-06-29,15,35.556
dallas,2026-06-29,16,35.556
dallas,2026-06-29,17,35.556
dallas,2026-06-29,18,35.556
dallas,2026-06-29,19,35.556
dallas,2026-06-29,20,35.556
dallas,2026-06-29,21,35.556
dallas,2026-06-29,22,35.556
dallas,2026-06-29,23,35.556
dallas,2026-06-30,0,30.0
dallas,2026-06-30,1,30.0
dallas,2026-06-30,2,30.0
dallas,2026-06-30,3,30.0
dallas,2026-06-30,4,30.0
dallas,2026-06-30,5,30.0
dallas,2026-06-30,6,30.0
dallas,2026-06-30,7,30.0
dallas,2026-06-30,8,30.0
dallas,2026-06-30,9,30.0
dallas,2026-06-30,10,30.556
dallas,2026-06-30,11,31.667
dallas,2026-06-30,12,32.778
dallas,2026-06-30,13,33.333
dallas,2026-06-30,14,34.444
dallas,2026-06-30,15,34.444
dallas,2026-06-30,16,35.0
dallas,2026-06-30,17,35.0
dallas,2026-06-30,18,35.0
dallas,2026-06-30,19,35.0
dallas,2026-06-30,20,35.0
dallas,2026-06-30,21,35.0
dallas,2026-06-30,22,35.0
dallas,2026-06-30,23,35.0
dallas,2026-07-01,0,29.444
dallas,2026-07-01,1,29.444
dallas,2026-07-01,2,29.444
dallas,2026-07-01,3,29.444
dallas,2026-07-01,4,29.444
dallas,2026-07-01,5,29.444
dallas,2026-07-01,6,29.444
dallas,2026-07-01,7,29.444
dallas,2026-07-01,8,29.444
dallas,2026-07-01,9,29.444
dallas,2026-07-01,10,30.556
dallas,2026-07-01,11,31.667
dallas,2026-07-01,12,32.778
dallas,2026-07-01,13,33.889
dallas,2026-07-01,14,34.444
dallas,2026-07-01,15,34.444
dallas,2026-07-01,16,34.444
dallas,2026-07-01,17,35.0
dallas,2026-07-01,18,35.0
dallas,2026-07-01,19,35.0
dallas,2026-07-01,20,35.0
dallas,2026-07-01,21,35.0
dallas,2026-07-01,22,35.0
dallas,2026-07-01,23,35.0
dallas,2026-07-02,0,30.556
dallas,2026-07-02,1,30.556
dallas,2026-07-02,2,30.556
dallas,2026-07-02,3,30.556
dallas,2026-07-02,4,30.556
dallas,2026-07-02,5,30.556
dallas,2026-07-02,6,30.556
dallas,2026-07-02,7,30.556
dallas,2026-07-02,8,30.556
dallas,2026-07-02,9,30.556
dallas,2026-07-02,10,31.667
dallas,2026-07-02,11,31.667
dallas,2026-07-02,12,32.778
dallas,2026-07-02,13,33.889
dallas,2026-07-02,14,34.444
dallas,2026-07-02,15,34.444
dallas,2026-07-02,16,35.0
dallas,2026-07-02,17,35.0
dallas,2026-07-02,18,35.0
dallas,2026-07-02,19,35.0
dallas,2026-07-02,20,35.0
dallas,2026-07-02,21,35.0
dallas,2026-07-02,22,35.0
dallas,2026-07-02,23,35.0
dallas,2026-07-03,0,28.333
dallas,2026-07-03,1,28.333
dallas,2026-07-03,2,28.333
dallas,2026-07-03,3,28.333
dallas,2026-07-03,4,28.333
dallas,2026-07-03,5,28.333
dallas,2026-07-03,6,28.333
dallas,2026-07-03,7,28.333
dallas,2026-07-03,8,28.889
dallas,2026-07-03,9,30.556
dallas,2026-07-03,10,32.222
dallas,2026-07-03,11,33.333
dallas,2026-07-03,12,34.444
dallas,2026-07-03,13,35.0
dallas,2026-07-03,14,35.556
dallas,2026-07-03,15,36.111
dallas,2026-07-03,16,36.111
dallas,2026-07-03,17,36.111
dallas,2026-07-03,18,36.111
dallas,2026-07-03,19,36.111
dallas,2026-07-03,20,36.111
dallas,2026-07-03,21,36.111
dallas,2026-07-03,22,36.111
dallas,2026-07-03,23,36.111
dallas,2026-07-04,0,31.111
dallas,2026-07-04,1,31.111
dallas,2026-07-04,2,31.111
dallas,2026-07-04,3,31.111
dallas,2026-07-04,4,31.111
dallas,2026-07-04,5,31.111
dallas,2026-07-04,6,31.111
dallas,2026-07-04,7,31.111
dallas,2026-07-04,8,31.111
dallas,2026-07-04,9,32.222
dallas,2026-07-04,10,33.333
dallas,2026-07-04,11,33.889
dallas,2026-07-04,12,35.0
dallas,2026-07-04,13,35.556
dallas,2026-07-04,14,35.556
dallas,2026-07-04,15,36.667
dallas,2026-07-04,16,36.667
dallas,2026-07-04,17,36.667
dallas,2026-07-04,18,36.667
dallas,2026-07-04,19,36.667
dallas,2026-07-04,20,36.667
dallas,2026-07-04,21,36.667
dallas,2026-07-04,22,36.667
dallas,2026-07-04,23,36.667
dallas,2026-07-05,0,32.222
dallas,2026-07-05,1,32.222
dallas,2026-07-05,2,32.222
dallas,2026-07-05,3,32.222
dallas,2026-07-05,4,32.222
dallas,2026-07-05,5,32.222
dallas,2026-07-05,6,32.222
dallas,2026-07-05,7,32.222
dallas,2026-07-05,8,32.222
dallas,2026-07-05,9,32.222
dallas,2026-07-05,10,32.778
dallas,2026-07-05,11,33.889
dallas,2026-07-05,12,34.444
dallas,2026-07-05,13,36.111
dallas,2026-07-05,14,36.111
dallas,2026-07-05,15,36.111
dallas,2026-07-05,16,36.111
dallas,2026-07-05,17,36.111
dallas,2026-07-05,18,36.111
dallas,2026-07-05,19,36.111
dallas,2026-07-05,20,36.111
dallas,2026-07-05,21,36.111
dallas,2026-07-05,22,36.111
dallas,2026-07-05,23,36.111
dallas,2026-07-06,0,29.444
dallas,2026-07-06,1,29.444
dallas,2026-07-06,2,29.444
dallas,2026-07-06,3,29.444
dallas,2026-07-06,4,29.444
dallas,2026-07-06,5,29.444
dallas,2026-07-06,6,29.444
dallas,2026-07-06,7,29.444
dallas,2026-07-06,8,29.444
dallas,2026-07-06,9,30.0
dallas,2026-07-06,10,32.222
dallas,2026-07-06,11,33.889
dallas,2026-07-06,12,34.444
dallas,2026-07-06,13,35.556
dallas,2026-07-06,14,36.667
dallas,2026-07-06,15,36.667
dallas,2026-07-06,16,36.667
dallas,2026-07-06,17,36.667
dallas,2026-07-06,18,36.667
dallas,2026-07-06,19,36.667
dallas,2026-07-06,20,36.667
dallas,2026-07-06,21,36.667
dallas,2026-07-06,22,36.667
dallas,2026-07-06,23,36.667
dallas,2026-07-07,0,32.222
dallas,2026-07-07,1,32.222
dallas,2026-07-07,2,32.222
dallas,2026-07-07,3,32.222
dallas,2026-07-07,4,32.222
dallas,2026-07-07,5,32.222
dallas,2026-07-07,6,32.222
dallas,2026-07-07,7,32.222
dallas,2026-07-07,8,32.222
dallas,2026-07-07,9,32.222
dallas,2026-07-07,10,32.778
dallas,2026-07-07,11,34.444
dallas,2026-07-07,12,35.0
dallas,2026-07-07,13,35.556
dallas,2026-07-07,14,36.667
dallas,2026-07-07,15,37.778
dallas,2026-07-07,16,38.333
dallas,2026-07-07,17,38.333
dallas,2026-07-07,18,38.333
dallas,2026-07-07,19,38.333
dallas,2026-07-07,20,38.333
dallas,2026-07-07,21,38.333
dallas,2026-07-07,22,38.333
dallas,2026-07-07,23,38.333
dallas,2026-07-08,0,28.333
dallas,2026-07-08,1,28.333
dallas,2026-07-08,2,28.333
dallas,2026-07-08,3,28.333
dallas,2026-07-08,4,28.333
dallas,2026-07-08,5,28.333
dallas,2026-07-08,6,28.333
dallas,2026-07-08,7,28.333
dallas,2026-07-08,8,29.444
dallas,2026-07-08,9,31.667
dallas,2026-07-08,10,33.333
dallas,2026-07-08,11,35.0
dallas,2026-07-08,12,36.111
dallas,2026-07-08,13,37.222
dallas,2026-07-08,14,37.222
dallas,2026-07-08,15,37.778
dallas,2026-07-08,16,37.778
dallas,2026-07-08,17,38.333
dallas,2026-07-08,18,38.333
dallas,2026-07-08,19,38.333
dallas,2026-07-08,20,38.333
dallas,2026-07-08,21,38.333
dallas,2026-07-08,22,38.333
dallas,2026-07-08,23,38.333
dallas,2026-07-09,0,31.667
dallas,2026-07-09,1,31.667
dallas,2026-07-09,2,31.667
dallas,2026-07-09,3,31.667
dallas,2026-07-09,4,31.667
dallas,2026-07-09,5,31.667
dallas,2026-07-09,6,31.667
dallas,2026-07-09,7,31.667
dallas,2026-07-09,8,31.667
dallas,2026-07-09,9,31.667
dallas,2026-07-09,10,32.778
dallas,2026-07-09,11,34.444
dallas,2026-07-09,12,35.556
dallas,2026-07-09,13,36.667
dallas,2026-07-09,14,37.222
dallas,2026-07-09,15,37.778
dallas,2026-07-09,16,38.333
dallas,2026-07-09,17,38.333
dallas,2026-07-09,18,38.333
dallas,2026-07-09,19,38.333
dallas,2026-07-09,20,38.333
dallas,2026-07-09,21,38.333
dallas,2026-07-09,22,38.333
dallas,2026-07-09,23,38.333
dallas,2026-07-10,0,31.667
dallas,2026-07-10,1,31.667
dallas,2026-07-10,2,31.667
dallas,2026-07-10,3,31.667
dallas,2026-07-10,4,31.667
dallas,2026-07-10,5,31.667
dallas,2026-07-10,6,31.667
dallas,2026-07-10,7,31.667
dallas,2026-07-10,8,31.667
dallas,2026-07-10,9,31.667
dallas,2026-07-10,10,32.778
dallas,2026-07-10,11,33.889
dallas,2026-07-10,12,35.0
dallas,2026-07-10,13,35.556
dallas,2026-07-10,14,36.111
dallas,2026-07-10,15,36.667
dallas,2026-07-10,16,36.667
dallas,2026-07-10,17,36.667
dallas,2026-07-10,18,36.667
dallas,2026-07-10,19,36.667
dallas,2026-07-10,20,36.667
dallas,2026-07-10,21,36.667
dallas,2026-07-10,22,36.667
dallas,2026-07-10,23,36.667
dallas,2026-07-11,0,30.0
dallas,2026-07-11,1,30.0
dallas,2026-07-11,2,30.0
dallas,2026-07-11,3,30.0
dallas,2026-07-11,4,30.0
dallas,2026-07-11,5,30.0
dallas,2026-07-11,6,30.0
dallas,2026-07-11,7,30.0
dallas,2026-07-11,8,30.0
dallas,2026-07-11,9,30.556
dallas,2026-07-11,10,32.222
dallas,2026-07-11,11,33.333
dallas,2026-07-11,12,34.444
dallas,2026-07-11,13,34.444
dallas,2026-07-11,14,35.0
dallas,2026-07-11,15,35.0
dallas,2026-07-11,16,36.667
dallas,2026-07-11,17,36.667
dallas,2026-07-11,18,36.667
dallas,2026-07-11,19,36.667
dallas,2026-07-11,20,36.667
dallas,2026-07-11,21,36.667
dallas,2026-07-11,22,36.667
dallas,2026-07-11,23,36.667
dallas,2026-07-12,0,29.444
dallas,2026-07-12,1,29.444
dallas,2026-07-12,2,29.444
dallas,2026-07-12,3,29.444
dallas,2026-07-12,4,29.444
dallas,2026-07-12,5,29.444
dallas,2026-07-12,6,29.444
dallas,2026-07-12,7,29.444
dallas,2026-07-12,8,29.444
dallas,2026-07-12,9,29.444
dallas,2026-07-12,10,30.556
dallas,2026-07-12,11,32.222
dallas,2026-07-12,12,33.889
dallas,2026-07-12,13,34.444
dallas,2026-07-12,14,34.444
dallas,2026-07-12,15,36.111
dallas,2026-07-12,16,36.667
dallas,2026-07-12,17,36.667
dallas,2026-07-12,18,36.667
dallas,2026-07-12,19,36.667
dallas,2026-07-12,20,36.667
dallas,2026-07-12,21,36.667
dallas,2026-07-12,22,36.667
dallas,2026-07-12,23,36.667
dallas,2026-07-13,0,26.667
dallas,2026-07-13,1,26.667
dallas,2026-07-13,2,26.667
dallas,2026-07-13,3,26.667
dallas,2026-07-13,4,26.667
dallas,2026-07-13,5,26.667
dallas,2026-07-13,6,26.667
dallas,2026-07-13,7,26.667
dallas,2026-07-13,8,26.667
dallas,2026-07-13,9,26.667
dallas,2026-07-13,10,26.667
dallas,2026-07-13,11,27.778
dallas,2026-07-13,12,30.556
dallas,2026-07-13,13,31.111
dallas,2026-07-13,14,31.667
dallas,2026-07-13,15,33.333
dallas,2026-07-13,16,33.333
dallas,2026-07-13,17,33.333
dallas,2026-07-13,18,33.333
dallas,2026-07-13,19,33.333
dallas,2026-07-13,20,33.333
dallas,2026-07-13,21,33.333
dallas,2026-07-13,22,33.333
dallas,2026-07-13,23,33.333
dallas,2026-07-14,0,26.667
dallas,2026-07-14,1,26.667
dallas,2026-07-14,2,26.667
dallas,2026-07-14,3,26.667
dallas,2026-07-14,4,26.667
dallas,2026-07-14,5,26.667
dallas,2026-07-14,6,26.667
dallas,2026-07-14,7,26.667
dallas,2026-07-14,8,26.667
dallas,2026-07-14,9,27.778
dallas,2026-07-14,10,28.889
dallas,2026-07-14,11,31.111
dallas,2026-07-14,12,31.111
dallas,2026-07-14,13,32.778
dallas,2026-07-14,14,32.778
dallas,2026-07-14,15,32.778
dallas,2026-07-14,16,32.778
dallas,2026-07-14,17,32.778
dallas,2026-07-14,18,32.778
dallas,2026-07-14,19,32.778
dallas,2026-07-14,20,32.778
dallas,2026-07-14,21,32.778
dallas,2026-07-14,22,32.778
dallas,2026-07-14,23,32.778
dallas,2026-07-15,0,26.111
dallas,2026-07-15,1,26.111
dallas,2026-07-15,2,26.111
dallas,2026-07-15,3,26.111
dallas,2026-07-15,4,26.111
dallas,2026-07-15,5,26.111
dallas,2026-07-15,6,26.111
dallas,2026-07-15,7,26.111
dallas,2026-07-15,8,26.667
dallas,2026-07-15,9,27.778
dallas,2026-07-15,10,28.889
dallas,2026-07-15,11,30.556
dallas,2026-07-15,12,32.222
dallas,2026-07-15,13,32.778
dallas,2026-07-15,14,32.778
dallas,2026-07-15,15,32.778
dallas,2026-07-15,16,32.778
dallas,2026-07-15,17,32.778
dallas,2026-07-15,18,32.778
dallas,2026-07-15,19,32.778
dallas,2026-07-15,20,32.778
dallas,2026-07-15,21,32.778
dallas,2026-07-15,22,32.778
dallas,2026-07-15,23,32.778
dallas,2026-07-16,0,26.111
dallas,2026-07-16,1,26.111
dallas,2026-07-16,2,26.111
dallas,2026-07-16,3,26.111
dallas,2026-07-16,4,26.111
dallas,2026-07-16,5,26.111
dallas,2026-07-16,6,26.111
dallas,2026-07-16,7,26.111
dallas,2026-07-16,8,26.667
dallas,2026-07-16,9,27.778
dallas,2026-07-16,10,28.889
dallas,2026-07-16,11,30.556
dallas,2026-07-16,12,31.111
dallas,2026-07-16,13,31.111
dallas,2026-07-16,14,31.667
dallas,2026-07-16,15,31.667
dallas,2026-07-16,16,31.667
dallas,2026-07-16,17,31.667
dallas,2026-07-16,18,31.667
dallas,2026-07-16,19,31.667
dallas,2026-07-16,20,31.667
dallas,2026-07-16,21,31.667
dallas,2026-07-16,22,31.667
dallas,2026-07-16,23,31.667
dallas,2026-07-17,0,26.111
dallas,2026-07-17,1,26.111
dallas,2026-07-17,2,26.111
dallas,2026-07-17,3,26.111
dallas,2026-07-17,4,26.111
dallas,2026-07-17,5,26.111
dallas,2026-07-17,6,26.111
dallas,2026-07-17,7,26.667
dallas,2026-07-17,8,27.778
dallas,2026-07-17,9,28.889
dallas,2026-07-17,10,30.556
dallas,2026-07-17,11,31.667
dallas,2026-07-17,12,31.667
dallas,2026-07-17,13,33.333
dallas,2026-07-17,14,33.333
dallas,2026-07-17,15,33.333
dallas,2026-07-17,16,34.444
dallas,2026-07-17,17,34.444
dallas,2026-07-17,18,34.444
dallas,2026-07-17,19,34.444
dallas,2026-07-17,20,34.444
dallas,2026-07-17,21,34.444
dallas,2026-07-17,22,34.444
dallas,2026-07-17,23,34.444
dallas,2026-07-18,0,29.444
dallas,2026-07-18,1,29.444
dallas,2026-07-18,2,29.444
dallas,2026-07-18,3,29.444
dallas,2026-07-18,4,29.444
dallas,2026-07-18,5,29.444
dallas,2026-07-18,6,29.444
dallas,2026-07-18,7,29.444
dallas,2026-07-18,8,29.444
dallas,2026-07-18,9,30.0
dallas,2026-07-18,10,31.667
dallas,2026-07-18,11,32.778
dallas,2026-07-18,12,33.889
dallas,2026-07-18,13,33.889
dallas,2026-07-18,14,34.444
dallas,2026-07-18,15,35.0
dallas,2026-07-18,16,36.111
dallas,2026-07-18,17,36.111
dallas,2026-07-18,18,36.111
dallas,2026-07-18,19,36.111
dallas,2026-07-18,20,36.111
dallas,2026-07-18,21,36.111
dallas,2026-07-18,22,36.111
dallas,2026-07-18,23,36.111
dallas,2026-07-19,0,30.0
dallas,2026-07-19,1,30.0
dallas,2026-07-19,2,30.0
dallas,2026-07-19,3,30.0
dallas,2026-07-19,4,30.0
dallas,2026-07-19,5,30.0
dallas,2026-07-19,6,30.0
dallas,2026-07-19,7,30.0
dallas,2026-07-19,8,30.0
dallas,2026-07-19,9,30.556
dallas,2026-07-19,10,32.222
dallas,2026-07-19,11,33.333
dallas,2026-07-19,12,35.0
dallas,2026-07-19,13,36.111
dallas,2026-07-19,14,36.667
dallas,2026-07-19,15,36.667
dallas,2026-07-19,16,36.667
dallas,2026-07-19,17,36.667
dallas,2026-07-19,18,36.667
dallas,2026-07-19,19,36.667
dallas,2026-07-19,20,36.667
dallas,2026-07-19,21,36.667
dallas,2026-07-19,22,36.667
dallas,2026-07-19,23,36.667
dallas,2026-07-20,0,31.667
dallas,2026-07-20,1,31.667
dallas,2026-07-20,2,31.667
dallas,2026-07-20,3,31.667
dallas,2026-07-20,4,31.667
dallas,2026-07-20,5,31.667
dallas,2026-07-20,6,31.667
dallas,2026-07-20,7,31.667
dallas,2026-07-20,8,31.667
dallas,2026-07-20,9,31.667
dallas,2026-07-20,10,33.333
dallas,2026-07-20,11,35.0
dallas,2026-07-20,12,35.556
dallas,2026-07-20,13,36.667
dallas,2026-07-20,14,37.222
dallas,2026-07-20,15,38.889
dallas,2026-07-20,16,38.889
dallas,2026-07-20,17,38.889
dallas,2026-07-20,18,38.889
dallas,2026-07-20,19,38.889
dallas,2026-07-20,20,38.889
dallas,2026-07-20,21,38.889
dallas,2026-07-20,22,38.889
dallas,2026-07-20,23,38.889
dallas,2026-07-21,0,31.667
dallas,2026-07-21,1,31.667
dallas,2026-07-21,2,31.667
dallas,2026-07-21,3,31.667
dallas,2026-07-21,4,31.667
dallas,2026-07-21,5,31.667
dallas,2026-07-21,6,31.667
dallas,2026-07-21,7,31.667
dallas,2026-07-21,8,31.667
dallas,2026-07-21,9,33.333
dallas,2026-07-21,10,35.556
dallas,2026-07-21,11,37.778
dallas,2026-07-21,12,38.889
dallas,2026-07-21,13,40.0
dallas,2026-07-21,14,40.0
dallas,2026-07-21,15,41.111
dallas,2026-07-21,16,41.667
dallas,2026-07-21,17,41.667
dallas,2026-07-21,18,41.667
dallas,2026-07-21,19,41.667
dallas,2026-07-21,20,41.667
dallas,2026-07-21,21,41.667
dallas,2026-07-21,22,41.667
dallas,2026-07-21,23,41.667
dallas,2026-07-22,0,35.0
dallas,2026-07-22,1,35.0
dallas,2026-07-22,2,35.0
dallas,2026-07-22,3,35.0
dallas,2026-07-22,4,35.0
dallas,2026-07-22,5,35.0
dallas,2026-07-22,6,35.0
dallas,2026-07-22,7,35.0
dallas,2026-07-22,8,35.0
dallas,2026-07-22,9,36.667
dallas,2026-07-22,10,38.333
dallas,2026-07-22,11,40.0
dallas,2026-07-22,12,40.556
dallas,2026-07-22,13,41.111
dallas,2026-07-22,14,42.222
dallas,2026-07-22,15,42.222
dallas,2026-07-22,16,42.222
dallas,2026-07-22,17,42.222
dallas,2026-07-22,18,42.222
dallas,2026-07-22,19,42.222
dallas,2026-07-22,20,42.222
dallas,2026-07-22,21,42.222
dallas,2026-07-22,22,42.222
dallas,2026-07-22,23,42.222
dallas,2026-07-23,0,33.333
dallas,2026-07-23,1,33.333
dallas,2026-07-23,2,33.333
dallas,2026-07-23,3,33.333
dallas,2026-07-23,4,33.333
dallas,2026-07-23,5,33.333
dallas,2026-07-23,6,33.333
dallas,2026-07-23,7,33.333
dallas,2026-07-23,8,33.333
dallas,2026-07-23,9,33.333
dallas,2026-07-23,10,33.333
dallas,2026-07-23,11,33.333
dallas,2026-07-23,12,35.0
dallas,2026-07-23,13,35.0
dallas,2026-07-23,14,35.556
dallas,2026-07-23,15,36.111
dallas,2026-07-23,16,36.111
dallas,2026-07-23,17,36.111
dallas,2026-07-23,18,36.111
dallas,2026-07-23,19,36.111
dallas,2026-07-23,20,36.111
dallas,2026-07-23,21,36.111
dallas,2026-07-23,22,36.111
dallas,2026-07-23,23,36.111
dallas,2026-07-24,0,30.0
dallas,2026-07-24,1,30.0
dallas,2026-07-24,2,30.0
dallas,2026-07-24,3,30.0
dallas,2026-07-24,4,30.0
dallas,2026-07-24,5,30.0
dallas,2026-07-24,6,30.0
dallas,2026-07-24,7,30.0
dallas,2026-07-24,8,30.0
dallas,2026-07-24,9,30.0
dallas,2026-07-24,10,30.0
dallas,2026-07-24,11,30.556
dallas,2026-07-24,12,31.111
dallas,2026-07-24,13,32.778
dallas,2026-07-24,14,34.444
dallas,2026-07-24,15,34.444
dallas,2026-07-24,16,34.444
dallas,2026-07-24,17,34.444
dallas,2026-07-24,18,34.444
dallas,2026-07-24,19,34.444
dallas,2026-07-24,20,34.444
dallas,2026-07-24,21,34.444
dallas,2026-07-24,22,34.444
dallas,2026-07-24,23,34.444
dallas,2026-07-25,0,30.556
dallas,2026-07-25,1,30.556
dallas,2026-07-25,2,30.556
dallas,2026-07-25,3,30.556
dallas,2026-07-25,4,30.556
dallas,2026-07-25,5,30.556
dallas,2026-07-25,6,30.556
dallas,2026-07-25,7,30.556
dallas,2026-07-25,8,30.556
dallas,2026-07-25,9,30.556
dallas,2026-07-25,10,31.667
dallas,2026-07-25,11,33.333
dallas,2026-07-25,12,33.889
dallas,2026-07-25,13,35.0
dallas,2026-07-25,14,35.556
dallas,2026-07-25,15,36.111
dallas,2026-07-25,16,36.667
dallas,2026-07-25,17,36.667
dallas,2026-07-25,18,36.667
dallas,2026-07-25,19,36.667
dallas,2026-07-25,20,36.667
dallas,2026-07-25,21,36.667
dallas,2026-07-25,22,36.667
dallas,2026-07-25,23,36.667
dallas,2026-07-26,0,30.556
dallas,2026-07-26,1,30.556
dallas,2026-07-26,2,30.556
dallas,2026-07-26,3,30.556
dallas,2026-07-26,4,30.556
dallas,2026-07-26,5,30.556
dallas,2026-07-26,6,30.556
dallas,2026-07-26,7,30.556
dallas,2026-07-26,8,30.556
dallas,2026-07-26,9,30.556
dallas,2026-07-26,10,31.667
dallas,2026-07-26,11,32.778
dallas,2026-07-26,12,34.444
dallas,2026-07-26,13,35.556
dallas,2026-07-26,14,36.111
dallas,2026-07-26,15,36.667
dallas,2026-07-26,16,36.667
dallas,2026-07-26,17,36.667
dallas,2026-07-26,18,36.667
dallas,2026-07-26,19,36.667
dallas,2026-07-26,20,36.667
dallas,2026-07-26,21,36.667
dallas,2026-07-26,22,36.667
dallas,2026-07-26,23,36.667
dallas,2026-07-27,0,30.556
dallas,2026-07-27,1,30.556
dallas,2026-07-27,2,30.556
dallas,2026-07-27,3,30.556
dallas,2026-07-27,4,30.556
dallas,2026-07-27,5,30.556
dallas,2026-07-27,6,30.556
dallas,2026-07-27,7,30.556
dallas,2026-07-27,8,30.556
dallas,2026-07-27,9,31.111
dallas,2026-07-27,10,32.222
dallas,2026-07-27,11,33.889
dallas,2026-07-27,12,34.444
dallas,2026-07-27,13,35.556
dallas,2026-07-27,14,36.667
dallas,2026-07-27,15,37.222
dallas,2026-07-27,16,37.222
dallas,2026-07-27,17,37.222
dallas,2026-07-27,18,37.222
dallas,2026-07-27,19,37.222
dallas,2026-07-27,20,37.222
dallas,2026-07-27,21,37.222
dallas,2026-07-27,22,37.222
dallas,2026-07-27,23,37.222
dallas,2026-07-28,0,31.111
dallas,2026-07-28,1,31.111
dallas,2026-07-28,2,31.111
dallas,2026-07-28,3,31.111
dallas,2026-07-28,4,31.111
dallas,2026-07-28,5,31.111
dallas,2026-07-28,6,31.111
dallas,2026-07-28,7,31.111
dallas,2026-07-28,8,31.111
dallas,2026-07-28,9,31.111
dallas,2026-07-28,10,31.111
dallas,2026-07-28,11,33.333
dallas,2026-07-28,12,35.0
dallas,2026-07-28,13,36.111
dallas,2026-07-28,14,36.667
dallas,2026-07-28,15,37.222
dallas,2026-07-28,16,37.222
dallas,2026-07-28,17,37.222
dallas,2026-07-28,18,37.222
dallas,2026-07-28,19,37.222
dallas,2026-07-28,20,37.222
dallas,2026-07-28,21,37.222
dallas,2026-07-28,22,37.222
dallas,2026-07-28,23,37.222
dallas,2026-07-29,0,31.111
dallas,2026-07-29,1,31.111
dallas,2026-07-29,2,31.111
dallas,2026-07-29,3,31.111
dallas,2026-07-29,4,31.111
dallas,2026-07-29,5,31.111
dallas,2026-07-29,6,31.111
dallas,2026-07-29,7,31.111
dallas,2026-07-29,8,31.111
dallas,2026-07-29,9,31.111
dallas,2026-07-29,10,31.667
dallas,2026-07-29,11,33.333
dallas,2026-07-29,12,33.889
dallas,2026-07-29,13,35.0
dallas,2026-07-29,14,36.667
dallas,2026-07-29,15,36.667
dallas,2026-07-29,16,36.667
dallas,2026-07-29,17,36.667
dallas,2026-07-29,18,36.667
dallas,2026-07-29,19,36.667
dallas,2026-07-29,20,36.667
dallas,2026-07-29,21,36.667
dallas,2026-07-29,22,36.667
dallas,2026-07-29,23,36.667
dallas,2026-07-30,0,31.111
dallas,2026-07-30,1,31.111
dallas,2026-07-30,2,31.111
dallas,2026-07-30,3,31.111
dallas,2026-07-30,4,31.111
dallas,2026-07-30,5,31.111
dallas,2026-07-30,6,31.111
dallas,2026-07-30,7,31.111
dallas,2026-07-30,8,31.111
dallas,2026-07-30,9,31.111
dallas,2026-07-30,10,32.778
dallas,2026-07-30,11,33.889
dallas,2026-07-30,12,35.0
dallas,2026-07-30,13,35.556
dallas,2026-07-30,14,36.111
dallas,2026-07-30,15,37.222
dallas,2026-07-30,16,37.222
dallas,2026-07-30,17,37.222
dallas,2026-07-30,18,37.222
dallas,2026-07-30,19,37.222
dallas,2026-07-30,20,37.222
dallas,2026-07-30,21,37.222
dallas,2026-07-30,22,37.222
dallas,2026-07-30,23,37.222
dallas,2026-07-31,0,31.667
dallas,2026-07-31,1,31.667
dallas,2026-07-31,2,31.667
dallas,2026-07-31,3,31.667
dallas,2026-07-31,4,31.667
dallas,2026-07-31,5,31.667
dallas,2026-07-31,6,31.667
dallas,2026-07-31,7,31.667
dallas,2026-07-31,8,31.667
dallas,2026-07-31,9,31.667
dallas,2026-07-31,10,32.222
dallas,2026-07-31,11,34.444
dallas,2026-07-31,12,35.556
dallas,2026-07-31,13,37.222
dallas,2026-07-31,14,38.333
dallas,2026-07-31,15,38.333
dallas,2026-07-31,16,38.333
dallas,2026-07-31,17,38.889
dallas,2026-07-31,18,38.889
dallas,2026-07-31,19,38.889
dallas,2026-07-31,20,38.889
dallas,2026-07-31,21,38.889
dallas,2026-07-31,22,38.889
dallas,2026-07-31,23,38.889
dallas,2026-08-01,0,32.778
dallas,2026-08-01,1,32.778
dallas,2026-08-01,2,32.778
dallas,2026-08-01,3,32.778
dallas,2026-08-01,4,32.778
dallas,2026-08-01,5,32.778
dallas,2026-08-01,6,32.778
dallas,2026-08-01,7,32.778
dallas,2026-08-01,8,32.778
dallas,2026-08-01,9,32.778
dallas,2026-08-01,10,32.778
dallas,2026-08-01,11,32.778
dallas,2026-08-01,12,33.889
dallas,2026-08-01,13,35.0
dallas,2026-08-01,14,35.0
dallas,2026-08-01,15,36.111
dallas,2026-08-01,16,36.111
dallas,2026-08-01,17,36.111
dallas,2026-08-01,18,36.111
dallas,2026-08-01,19,36.111
dallas,2026-08-01,20,36.111
dallas,2026-08-01,21,36.111
dallas,2026-08-01,22,36.111
dallas,2026-08-01,23,36.111
dallas,2026-08-02,0,28.889
dallas,2026-08-02,1,28.889
dallas,2026-08-02,2,28.889
dallas,2026-08-02,3,28.889
dallas,2026-08-02,4,28.889
dallas,2026-08-02,5,28.889
dallas,2026-08-02,6,28.889
dallas,2026-08-02,7,28.889
dallas,2026-08-02,8,28.889
dallas,2026-08-02,9,29.444
dallas,2026-08-02,10,30.0
dallas,2026-08-02,11,32.222
dallas,2026-08-02,12,32.778
dallas,2026-08-02,13,33.333
dallas,2026-08-02,14,35.0
dallas,2026-08-02,15,35.0
dallas,2026-08-02,16,35.0
dallas,2026-08-02,17,35.0
dallas,2026-08-02,18,35.0
dallas,2026-08-02,19,35.0
dallas,2026-08-02,20,35.0
dallas,2026-08-02,21,35.0
dallas,2026-08-02,22,35.0
dallas,2026-08-02,23,35.0
dallas,2026-08-03,0,28.889
dallas,2026-08-03,1,28.889
dallas,2026-08-03,2,28.889
dallas,2026-08-03,3,28.889
dallas,2026-08-03,4,28.889
dallas,2026-08-03,5,28.889
dallas,2026-08-03,6,28.889
dallas,2026-08-03,7,28.889
dallas,2026-08-03,8,28.889
dallas,2026-08-03,9,30.556
dallas,2026-08-03,10,32.778
dallas,2026-08-03,11,33.889
dallas,2026-08-03,12,35.0
dallas,2026-08-03,13,36.111
dallas,2026-08-03,14,36.111
dallas,2026-08-03,15,37.222
dallas,2026-08-03,16,37.222
dallas,2026-08-03,17,37.222
dallas,2026-08-03,18,37.222
dallas,2026-08-03,19,37.222
dallas,2026-08-03,20,37.222
dallas,2026-08-03,21,37.222
dallas,2026-08-03,22,37.222
dallas,2026-08-03,23,37.222
dallas,2026-08-04,0,31.111
dallas,2026-08-04,1,31.111
dallas,2026-08-04,2,31.111
dallas,2026-08-04,3,31.111
dallas,2026-08-04,4,31.111
dallas,2026-08-04,5,31.111
dallas,2026-08-04,6,31.111
dallas,2026-08-04,7,31.111
dallas,2026-08-04,8,31.111
dallas,2026-08-04,9,31.111
dallas,2026-08-04,10,31.667
dallas,2026-08-04,11,33.889
dallas,2026-08-04,12,35.556
dallas,2026-08-04,13,36.111
dallas,2026-08-04,14,37.222
dallas,2026-08-04,15,37.778
dallas,2026-08-04,16,37.778
dallas,2026-08-04,17,37.778
dallas,2026-08-04,18,37.778
dallas,2026-08-04,19,37.778
dallas,2026-08-04,20,37.778
dallas,2026-08-04,21,37.778
dallas,2026-08-04,22,37.778
dallas,2026-08-04,23,37.778
dallas,2026-08-05,0,31.667
dallas,2026-08-05,1,31.667
dallas,2026-08-05,2,31.667
dallas,2026-08-05,3,31.667
dallas,2026-08-05,4,31.667
dallas,2026-08-05,5,31.667
dallas,2026-08-05,6,31.667
dallas,2026-08-05,7,31.667
dallas,2026-08-05,8,31.667
dallas,2026-08-05,9,31.667
dallas,2026-08-05,10,32.778
dallas,2026-08-05,11,34.444
dallas,2026-08-05,12,35.556
dallas,2026-08-05,13,36.667
dallas,2026-08-05,14,37.778
dallas,2026-08-05,15,37.778
dallas,2026-08-05,16,38.333
dallas,2026-08-05,17,38.333
dallas,2026-08-05,18,38.333
dallas,2026-08-05,19,38.333
dallas,2026-08-05,20,38.333
dallas,2026-08-05,21,38.333
dallas,2026-08-05,22,38.333
dallas,2026-08-05,23,38.333
dallas,2026-08-06,0,31.111
dallas,2026-08-06,1,31.111
dallas,2026-08-06,2,31.111
dallas,2026-08-06,3,31.111
dallas,2026-08-06,4,31.111
dallas,2026-08-06,5,31.111
dallas,2026-08-06,6,31.111
dallas,2026-08-06,7,31.111
dallas,2026-08-06,8,31.111
dallas,2026-08-06,9,31.111
dallas,2026-08-06,10,31.667
dallas,2026-08-06,11,32.778
dallas,2026-08-06,12,35.0
dallas,2026-08-06,13,36.667
dallas,2026-08-06,14,37.222
dallas,2026-08-06,15,37.222
dallas,2026-08-06,16,37.778
dallas,2026-08-06,17,37.778
dallas,2026-08-06,18,37.778
dallas,2026-08-06,19,37.778
dallas,2026-08-06,20,37.778
dallas,2026-08-06,21,37.778
dallas,2026-08-06,22,37.778
dallas,2026-08-06,23,37.778
dallas,2026-08-07,0,31.111
dallas,2026-08-07,1,31.111
dallas,2026-08-07,2,31.111
dallas,2026-08-07,3,31.111
dallas,2026-08-07,4,31.111
dallas,2026-08-07,5,31.111
dallas,2026-08-07,6,31.111
dallas,2026-08-07,7,31.111
dallas,2026-08-07,8,31.111
dallas,2026-08-07,9,31.111
dallas,2026-08-07,10,32.222
dallas,2026-08-07,11,35.0
dallas,2026-08-07,12,35.556
dallas,2026-08-07,13,36.667
dallas,2026-08-07,14,37.222
dallas,2026-08-07,15,37.222
dallas,2026-08-07,16,37.222
dallas,2026-08-07,17,37.778
dallas,2026-08-07,18,37.778
dallas,2026-08-07,19,37.778
dallas,2026-08-07,20,37.778
dallas,2026-08-07,21,37.778
dallas,2026-08-07,22,37.778
dallas,2026-08-07,23,37.778
dallas,2026-08-08,0,29.444
dallas,2026-08-08,1,29.444
dallas,2026-08-08,2,29.444
dallas,2026-08-08,3,29.444
dallas,2026-08-08,4,29.444
dallas,2026-08-08,5,29.444
dallas,2026-08-08,6,29.444
dallas,2026-08-08,7,29.444
dallas,2026-08-08,8,29.444
dallas,2026-08-08,9,30.0
dallas,2026-08-08,10,32.222
dallas,2026-08-08,11,33.889
dallas,2026-08-08,12,36.667
dallas,2026-08-08,13,37.222
dallas,2026-08-08,14,37.222
dallas,2026-08-08,15,37.222
dallas,2026-08-08,16,38.333
dallas,2026-08-08,17,38.333
dallas,2026-08-08,18,38.333
dallas,2026-08-08,19,38.333
dallas,2026-08-08,20,38.333
dallas,2026-08-08,21,38.333
dallas,2026-08-08,22,38.333
dallas,2026-08-08,23,38.333
dallas,2026-08-09,0,27.222
dallas,2026-08-09,1,27.222
dallas,2026-08-09,2,27.222
dallas,2026-08-09,3,27.222
dallas,2026-08-09,4,27.222
dallas,2026-08-09,5,27.222
dallas,2026-08-09,6,27.222
dallas,2026-08-09,7,27.222
dallas,2026-08-09,8,27.222
dallas,2026-08-09,9,30.0
dallas,2026-08-09,10,32.222
dallas,2026-08-09,11,33.889
dallas,2026-08-09,12,35.0
dallas,2026-08-09,13,35.0
dallas,2026-08-09,14,35.0
dallas,2026-08-09,15,36.667
dallas,2026-08-09,16,36.667
dallas,2026-08-09,17,36.667
dallas,2026-08-09,18,36.667
dallas,2026-08-09,19,36.667
dallas,2026-08-09,20,36.667
dallas,2026-08-09,21,36.667
dallas,2026-08-09,22,36.667
dallas,2026-08-09,23,36.667
dallas,2026-08-10,0,29.444
dallas,2026-08-10,1,29.444
dallas,2026-08-10,2,29.444
dallas,2026-08-10,3,29.444
dallas,2026-08-10,4,29.444
dallas,2026-08-10,5,29.444
dallas,2026-08-10,6,29.444
dallas,2026-08-10,7,29.444
dallas,2026-08-10,8,29.444
dallas,2026-08-10,9,30.0
dallas,2026-08-10,10,31.667
dallas,2026-08-10,11,33.333
dallas,2026-08-10,12,35.0
dallas,2026-08-10,13,35.556
dallas,2026-08-10,14,36.111
dallas,2026-08-10,15,36.667
dallas,2026-08-10,16,36.667
dallas,2026-08-10,17,36.667
dallas,2026-08-10,18,36.667
dallas,2026-08-10,19,36.667
dallas,2026-08-10,20,36.667
dallas,2026-08-10,21,36.667
dallas,2026-08-10,22,36.667
dallas,2026-08-10,23,36.667
dallas,2026-08-11,0,29.444
dallas,2026-08-11,1,29.444
dallas,2026-08-11,2,29.444
dallas,2026-08-11,3,29.444
dallas,2026-08-11,4,29.444
dallas,2026-08-11,5,29.444
dallas,2026-08-11,6,29.444
dallas,2026-08-11,7,29.444
dallas,2026-08-11,8,29.444
dallas,2026-08-11,9,30.0
dallas,2026-08-11,10,31.667
dallas,2026-08-11,11,33.333
dallas,2026-08-11,12,35.0
dallas,2026-08-11,13,36.111
dallas,2026-08-11,14,36.111
dallas,2026-08-11,15,36.667
dallas,2026-08-11,16,36.667
dallas,2026-08-11,17,37.222
dallas,2026-08-11,18,37.222
dallas,2026-08-11,19,37.222
dallas,2026-08-11,20,37.222
dallas,2026-08-11,21,37.222
dallas,2026-08-11,22,37.222
dallas,2026-08-11,23,37.222
dallas,2026-08-12,0,31.111
dallas,2026-08-12,1,31.111
dallas,2026-08-12,2,31.111
dallas,2026-08-12,3,31.111
dallas,2026-08-12,4,31.111
dallas,2026-08-12,5,31.111
dallas,2026-08-12,6,31.111
dallas,2026-08-12,7,31.111
dallas,2026-08-12,8,31.111
dallas,2026-08-12,9,31.111
dallas,2026-08-12,10,32.222
dallas,2026-08-12,11,33.889
dallas,2026-08-12,12,35.0
dallas,2026-08-12,13,36.111
dallas,2026-08-12,14,37.222
dallas,2026-08-12,15,37.778
dallas,2026-08-12,16,38.333
dallas,2026-08-12,17,38.333
dallas,2026-08-12,18,38.333
dallas,2026-08-12,19,38.333
dallas,2026-08-12,20,38.333
dallas,2026-08-12,21,38.333
dallas,2026-08-12,22,38.333
dallas,2026-08-12,23,38.333
dallas,2026-08-13,0,31.667
dallas,2026-08-13,1,31.667
dallas,2026-08-13,2,31.667
dallas,2026-08-13,3,31.667
dallas,2026-08-13,4,31.667
dallas,2026-08-13,5,31.667
dallas,2026-08-13,6,31.667
dallas,2026-08-13,7,31.667
dallas,2026-08-13,8,31.667
dallas,2026-08-13,9,31.667
dallas,2026-08-13,10,32.222
dallas,2026-08-13,11,33.889
dallas,2026-08-13,12,35.0
dallas,2026-08-13,13,36.111
dallas,2026-08-13,14,37.778
dallas,2026-08-13,15,37.778
dallas,2026-08-13,16,38.333
dallas,2026-08-13,17,38.333
dallas,2026-08-13,18,38.333
dallas,2026-08-13,19,38.333
dallas,2026-08-13,20,38.333
dallas,2026-08-13,21,38.333
dallas,2026-08-13,22,38.333
dallas,2026-08-13,23,38.333
dallas,2026-08-14,0,31.667
dallas,2026-08-14,1,31.667
dallas,2026-08-14,2,31.667
dallas,2026-08-14,3,31.667
dallas,2026-08-14,4,31.667
dallas,2026-08-14,5,31.667
dallas,2026-08-14,6,31.667
dallas,2026-08-14,7,31.667
dallas,2026-08-14,8,31.667
dallas,2026-08-14,9,31.667
dallas,2026-08-14,10,31.667
dallas,2026-08-14,11,33.889
dallas,2026-08-14,12,34.444
dallas,2026-08-14,13,36.111
dallas,2026-08-14,14,37.222
dallas,2026-08-14,15,37.778
dallas,2026-08-14,16,37.778
dallas,2026-08-14,17,37.778
dallas,2026-08-14,18,37.778
dallas,2026-08-14,19,37.778
dallas,2026-08-14,20,37.778
dallas,2026-08-14,21,37.778
dallas,2026-08-14,22,37.778
dallas,2026-08-14,23,37.778
dallas,2026-08-15,0,31.111
dallas,2026-08-15,1,31.111
dallas,2026-08-15,2,31.111
dallas,2026-08-15,3,31.111
dallas,2026-08-15,4,31.111
dallas,2026-08-15,5,31.111
dallas,2026-08-15,6,31.111
dallas,2026-08-15,7,31.111
dallas,2026-08-15,8,31.111
dallas,2026-08-15,9,31.111
dallas,2026-08-15,10,32.222
dallas,2026-08-15,11,33.333
dallas,2026-08-15,12,35.0
dallas,2026-08-15,13,36.667
dallas,2026-08-15,14,36.667
dallas,2026-08-15,15,37.222
dallas,2026-08-15,16,37.222
dallas,2026-08-15,17,37.778
dallas,2026-08-15,18,37.778
dallas,2026-08-15,19,37.778
dallas,2026-08-15,20,37.778
dallas,2026-08-15,21,37.778
dallas,2026-08-15,22,37.778
dallas,2026-08-15,23,37.778
dallas,2026-08-16,0,32.778
dallas,2026-08-16,1,32.778
dallas,2026-08-16,2,32.778
dallas,2026-08-16,3,32.778
dallas,2026-08-16,4,32.778
dallas,2026-08-16,5,32.778
dallas,2026-08-16,6,32.778
dallas,2026-08-16,7,32.778
dallas,2026-08-16,8,32.778
dallas,2026-08-16,9,32.778
dallas,2026-08-16,10,32.778
dallas,2026-08-16,11,34.444
dallas,2026-08-16,12,36.667
dallas,2026-08-16,13,37.222
dallas,2026-08-16,14,38.333
dallas,2026-08-16,15,39.444
dallas,2026-08-16,16,39.444
dallas,2026-08-16,17,39.444
dallas,2026-08-16,18,39.444
dallas,2026-08-16,19,39.444
dallas,2026-08-16,20,39.444
dallas,2026-08-16,21,39.444
dallas,2026-08-16,22,39.444
dallas,2026-08-16,23,39.444
dallas,2026-08-17,0,32.222
dallas,2026-08-17,1,32.222
dallas,2026-08-17,2,32.222
dallas,2026-08-17,3,32.222
dallas,2026-08-17,4,32.222
dallas,2026-08-17,5,32.222
dallas,2026-08-17,6,32.222
dallas,2026-08-17,7,32.222
dallas,2026-08-17,8,32.222
dallas,2026-08-17,9,32.222
dallas,2026-08-17,10,33.333
dallas,2026-08-17,11,36.667
dallas,2026-08-17,12,37.778
dallas,2026-08-17,13,38.889
dallas,2026-08-17,14,40.0
dallas,2026-08-17,15,40.0
dallas,2026-08-17,16,40.0
dallas,2026-08-17,17,40.0
dallas,2026-08-17,18,40.0
dallas,2026-08-17,19,40.0
dallas,2026-08-17,20,40.0
dallas,2026-08-17,21,40.0
dallas,2026-08-17,22,40.0
dallas,2026-08-17,23,40.0
dallas,2026-08-18,0,33.889
dallas,2026-08-18,1,33.889
dallas,2026-08-18,2,33.889
dallas,2026-08-18,3,33.889
dallas,2026-08-18,4,33.889
dallas,2026-08-18,5,33.889
dallas,2026-08-18,6,33.889
dallas,2026-08-18,7,33.889
dallas,2026-08-18,8,33.889
dallas,2026-08-18,9,33.889
dallas,2026-08-18,10,35.0
dallas,2026-08-18,11,37.778
dallas,2026-08-18,12,38.333
dallas,2026-08-18,13,38.889
dallas,2026-08-18,14,39.444
dallas,2026-08-18,15,40.0
dallas,2026-08-18,16,40.0
dallas,2026-08-18,17,40.0
dallas,2026-08-18,18,40.0
dallas,2026-08-18,19,40.0
dallas,2026-08-18,20,40.0
dallas,2026-08-18,21,40.0
dallas,2026-08-18,22,40.0
dallas,2026-08-18,23,40.0
dallas,2026-08-19,0,32.778
dallas,2026-08-19,1,32.778
dallas,2026-08-19,2,32.778
dallas,2026-08-19,3,32.778
dallas,2026-08-19,4,32.778
dallas,2026-08-19,5,32.778
dallas,2026-08-19,6,32.778
dallas,2026-08-19,7,32.778
dallas,2026-08-19,8,32.778
dallas,2026-08-19,9,32.778
dallas,2026-08-19,10,33.333
dallas,2026-08-19,11,35.556
dallas,2026-08-19,12,37.222
dallas,2026-08-19,13,38.333
dallas,2026-08-19,14,39.444
dallas,2026-08-19,15,39.444
dallas,2026-08-19,16,40.0
dallas,2026-08-19,17,40.0
dallas,2026-08-19,18,40.0
dallas,2026-08-19,19,40.0
dallas,2026-08-19,20,40.0
dallas,2026-08-19,21,40.0
dallas,2026-08-19,22,40.0
dallas,2026-08-19,23,40.0
dallas,2026-08-20,0,33.333
dallas,2026-08-20,1,33.333
dallas,2026-08-20,2,33.333
dallas,2026-08-20,3,33.333
dallas,2026-08-20,4,33.333
dallas,2026-08-20,5,33.333
dallas,2026-08-20,6,33.333
dallas,2026-08-20,7,33.333
dallas,2026-08-20,8,33.333
dallas,2026-08-20,9,33.333
dallas,2026-08-20,10,33.333
dallas,2026-08-20,11,34.444
dallas,2026-08-20,12,36.667
dallas,2026-08-20,13,38.333
dallas,2026-08-20,14,39.444
dallas,2026-08-20,15,39.444
dallas,2026-08-20,16,40.0
dallas,2026-08-20,17,40.0
dallas,2026-08-20,18,40.0
dallas,2026-08-20,19,40.0
dallas,2026-08-20,20,40.0
dallas,2026-08-20,21,40.0
dallas,2026-08-20,22,40.0
dallas,2026-08-20,23,40.0
dallas,2026-08-21,0,33.889
dallas,2026-08-21,1,33.889
dallas,2026-08-21,2,33.889
dallas,2026-08-21,3,33.889
dallas,2026-08-21,4,33.889
dallas,2026-08-21,5,33.889
dallas,2026-08-21,6,33.889
dallas,2026-08-21,7,33.889
dallas,2026-08-21,8,33.889
dallas,2026-08-21,9,33.889
dallas,2026-08-21,10,34.444
dallas,2026-08-21,11,36.111
dallas,2026-08-21,12,36.111
dallas,2026-08-21,13,36.111
dallas,2026-08-21,14,36.111
dallas,2026-08-21,15,36.111
dallas,2026-08-21,16,36.111
dallas,2026-08-21,17,36.667
dallas,2026-08-21,18,36.667
dallas,2026-08-21,19,36.667
dallas,2026-08-21,20,36.667
dallas,2026-08-21,21,36.667
dallas,2026-08-21,22,36.667
dallas,2026-08-21,23,36.667
dallas,2026-08-22,0,32.778
dallas,2026-08-22,1,32.778
dallas,2026-08-22,2,32.778
dallas,2026-08-22,3,32.778
dallas,2026-08-22,4,32.778
dallas,2026-08-22,5,32.778
dallas,2026-08-22,6,32.778
dallas,2026-08-22,7,32.778
dallas,2026-08-22,8,32.778
dallas,2026-08-22,9,32.778
dallas,2026-08-22,10,35.556
dallas,2026-08-22,11,37.778
dallas,2026-08-22,12,38.333
dallas,2026-08-22,13,38.889
dallas,2026-08-22,14,38.889
dallas,2026-08-22,15,38.889
dallas,2026-08-22,16,40.0
dallas,2026-08-22,17,40.0
dallas,2026-08-22,18,40.0
dallas,2026-08-22,19,40.0
dallas,2026-08-22,20,40.0
dallas,2026-08-22,21,40.0
dallas,2026-08-22,22,40.0
dallas,2026-08-22,23,40.0
dallas,2026-08-23,0,33.333
dallas,2026-08-23,1,33.333
dallas,2026-08-23,2,33.333
dallas,2026-08-23,3,33.333
dallas,2026-08-23,4,33.333
dallas,2026-08-23,5,33.333
dallas,2026-08-23,6,33.333
dallas,2026-08-23,7,33.333
dallas,2026-08-23,8,33.333
dallas,2026-08-23,9,33.333
dallas,2026-08-23,10,33.889
dallas,2026-08-23,11,36.667
dallas,2026-08-23,12,38.333
dallas,2026-08-23,13,39.444
dallas,2026-08-23,14,41.111
dallas,2026-08-23,15,41.667
dallas,2026-08-23,16,41.667
dallas,2026-08-23,17,42.222
dallas,2026-08-23,18,42.222
dallas,2026-08-23,19,42.222
dallas,2026-08-23,20,42.222
dallas,2026-08-23,21,42.222
dallas,2026-08-23,22,42.222
dallas,2026-08-23,23,42.222
dallas,2026-08-24,0,34.444
dallas,2026-08-24,1,34.444
dallas,2026-08-24,2,34.444
dallas,2026-08-24,3,34.444
dallas,2026-08-24,4,34.444
dallas,2026-08-24,5,34.444
dallas,2026-08-24,6,34.444
dallas,2026-08-24,7,34.444
dallas,2026-08-24,8,34.444
dallas,2026-08-24,9,34.444
dallas,2026-08-24,10,35.0
dallas,2026-08-24,11,37.778
dallas,2026-08-24,12,39.444
dallas,2026-08-24,13,40.556
dallas,2026-08-24,14,41.111
dallas,2026-08-24,15,41.667
dallas,2026-08-24,16,41.667
dallas,2026-08-24,17,41.667
dallas,2026-08-24,18,41.667
dallas,2026-08-24,19,41.667
dallas,2026-08-24,20,41.667
dallas,2026-08-24,21,41.667
dallas,2026-08-24,22,41.667
dallas,2026-08-24,23,41.667
dallas,2026-08-25,0,33.889
dallas,2026-08-25,1,33.889
dallas,2026-08-25,2,33.889
dallas,2026-08-25,3,33.889
dallas,2026-08-25,4,33.889
dallas,2026-08-25,5,33.889
dallas,2026-08-25,6,33.889
dallas,2026-08-25,7,33.889
dallas,2026-08-25,8,33.889
dallas,2026-08-25,9,33.889
dallas,2026-08-25,10,33.889
dallas,2026-08-25,11,33.889
dallas,2026-08-25,12,33.889
dallas,2026-08-25,13,35.556
dallas,2026-08-25,14,35.556
dallas,2026-08-25,15,37.778
dallas,2026-08-25,16,37.778
dallas,2026-08-25,17,37.778
dallas,2026-08-25,18,37.778
dallas,2026-08-25,19,37.778
dallas,2026-08-25,20,37.778
dallas,2026-08-25,21,37.778
dallas,2026-08-25,22,37.778
dallas,2026-08-25,23,37.778
dallas,2026-08-26,0,33.333
dallas,2026-08-26,1,33.333
dallas,2026-08-26,2,33.333
dallas,2026-08-26,3,33.333
dallas,2026-08-26,4,33.333
dallas,2026-08-26,5,33.333
dallas,2026-08-26,6,33.333
dallas,2026-08-26,7,33.333
dallas,2026-08-26,8,33.333
dallas,2026-08-26,9,33.333
dallas,2026-08-26,10,33.889
dallas,2026-08-26,11,35.0
dallas,2026-08-26,12,35.556
dallas,2026-08-26,13,35.556
dallas,2026-08-26,14,35.556
dallas,2026-08-26,15,36.111
dallas,2026-08-26,16,37.778
dallas,2026-08-26,17,37.778
dallas,2026-08-26,18,37.778
dallas,2026-08-26,19,37.778
dallas,2026-08-26,20,37.778
dallas,2026-08-26,21,37.778
dallas,2026-08-26,22,37.778
dallas,2026-08-26,23,37.778
dallas,2026-08-27,0,29.444
dallas,2026-08-27,1,29.444
dallas,2026-08-27,2,29.444
dallas,2026-08-27,3,29.444
dallas,2026-08-27,4,29.444
dallas,2026-08-27,5,29.444
dallas,2026-08-27,6,29.444
dallas,2026-08-27,7,29.444
dallas,2026-08-27,8,29.444
dallas,2026-08-27,9,31.111
dallas,2026-08-27,10,32.222
dallas,2026-08-27,11,34.444
dallas,2026-08-27,12,36.111
dallas,2026-08-27,13,37.222
dallas,2026-08-27,14,37.778
dallas,2026-08-27,15,37.778
dallas,2026-08-27,16,37.778
dallas,2026-08-27,17,37.778
dallas,2026-08-27,18,37.778
dallas,2026-08-27,19,37.778
dallas,2026-08-27,20,37.778
dallas,2026-08-27,21,37.778
dallas,2026-08-27,22,37.778
dallas,2026-08-27,23,37.778
dallas,2026-08-28,0,30.0
dallas,2026-08-28,1,30.0
dallas,2026-08-28,2,30.0
dallas,2026-08-28,3,30.0
dallas,2026-08-28,4,30.0
dallas,2026-08-28,5,30.0
dallas,2026-08-28,6,30.0
dallas,2026-08-28,7,30.0
dallas,2026-08-28,8,30.0
dallas,2026-08-28,9,31.667
dallas,2026-08-28,10,32.778
dallas,2026-08-28,11,35.0
dallas,2026-08-28,12,36.111
dallas,2026-08-28,13,37.778
dallas,2026-08-28,14,37.778
dallas,2026-08-28,15,37.778
dallas,2026-08-28,16,38.333
dallas,2026-08-28,17,38.333
dallas,2026-08-28,18,38.333
dallas,2026-08-28,19,38.333
dallas,2026-08-28,20,38.333
dallas,2026-08-28,21,38.333
dallas,2026-08-28,22,38.333
dallas,2026-08-28,23,38.333
dallas,2026-08-29,0,31.667
dallas,2026-08-29,1,31.667
dallas,2026-08-29,2,31.667
dallas,2026-08-29,3,31.667
dallas,2026-08-29,4,31.667
dallas,2026-08-29,5,31.667
dallas,2026-08-29,6,31.667
dallas,2026-08-29,7,31.667
dallas,2026-08-29,8,31.667
dallas,2026-08-29,9,31.667
dallas,2026-08-29,10,33.333
dallas,2026-08-29,11,35.0
dallas,2026-08-29,12,35.556
dallas,2026-08-29,13,37.222
dallas,2026-08-29,14,37.222
dallas,2026-08-29,15,38.333
dallas,2026-08-29,16,38.333
dallas,2026-08-29,17,38.333
dallas,2026-08-29,18,38.333
dallas,2026-08-29,19,38.333
dallas,2026-08-29,20,38.333
dallas,2026-08-29,21,38.333
dallas,2026-08-29,22,38.333
dallas,2026-08-29,23,38.333
dallas,2026-08-30,0,32.222
dallas,2026-08-30,1,32.222
dallas,2026-08-30,2,32.222
dallas,2026-08-30,3,32.222
dallas,2026-08-30,4,32.222
dallas,2026-08-30,5,32.222
dallas,2026-08-30,6,32.222
dallas,2026-08-30,7,32.222
dallas,2026-08-30,8,32.222
dallas,2026-08-30,9,32.222
dallas,2026-08-30,10,33.333
dallas,2026-08-30,11,35.0
dallas,2026-08-30,12,36.111
dallas,2026-08-30,13,36.667
dallas,2026-08-30,14,37.778
dallas,2026-08-30,15,37.778
dallas,2026-08-30,16,37.778
dallas,2026-08-30,17,37.778
dallas,2026-08-30,18,37.778
dallas,2026-08-30,19,37.778
dallas,2026-08-30,20,37.778
dallas,2026-08-30,21,37.778
dallas,2026-08-30,22,37.778
dallas,2026-08-30,23,37.778
dallas,2026-08-31,0,32.222
dallas,2026-08-31,1,32.222
dallas,2026-08-31,2,32.222
dallas,2026-08-31,3,32.222
dallas,2026-08-31,4,32.222
dallas,2026-08-31,5,32.222
dallas,2026-08-31,6,32.222
dallas,2026-08-31,7,32.222
dallas,2026-08-31,8,32.222
dallas,2026-08-31,9,32.222
dallas,2026-08-31,10,33.333
dallas,2026-08-31,11,35.0
dallas,2026-08-31,12,35.556
dallas,2026-08-31,13,36.111
dallas,2026-08-31,14,37.778
dallas,2026-08-31,15,37.778
dallas,2026-08-31,16,37.778
dallas,2026-08-31,17,37.778
dallas,2026-08-31,18,37.778
dallas,2026-08-31,19,37.778
dallas,2026-08-31,20,37.778
dallas,2026-08-31,21,37.778
dallas,2026-08-31,22,37.778
dallas,2026-08-31,23,37.778
dallas,2026-09-01,0,31.667
dallas,2026-09-01,1,31.667
dallas,2026-09-01,2,31.667
dallas,2026-09-01,3,31.667
dallas,2026-09-01,4,31.667
dallas,2026-09-01,5,31.667
dallas,2026-09-01,6,31.667
dallas,2026-09-01,7,31.667
dallas,2026-09-01,8,31.667
dallas,2026-09-01,9,31.667
dallas,2026-09-01,10,32.778
dallas,2026-09-01,11,33.889
dallas,2026-09-01,12,36.111
dallas,2026-09-01,13,36.667
dallas,2026-09-01,14,36.667
dallas,2026-09-01,15,37.222
dallas,2026-09-01,16,37.222
dallas,2026-09-01,17,37.222
dallas,2026-09-01,18,37.222
dallas,2026-09-01,19,37.222
dallas,2026-09-01,20,37.222
dallas,2026-09-01,21,37.222
dallas,2026-09-01,22,37.222
dallas,2026-09-01,23,37.222
dallas,2026-09-02,0,30.556
dallas,2026-09-02,1,30.556
dallas,2026-09-02,2,30.556
dallas,2026-09-02,3,30.556
dallas,2026-09-02,4,30.556
dallas,2026-09-02,5,30.556
dallas,2026-09-02,6,30.556
dallas,2026-09-02,7,30.556
dallas,2026-09-02,8,30.556
dallas,2026-09-02,9,30.556
dallas,2026-09-02,10,31.111
dallas,2026-09-02,11,33.333
dallas,2026-09-02,12,34.444
dallas,2026-09-02,13,35.0
dallas,2026-09-02,14,36.667
dallas,2026-09-02,15,37.778
dallas,2026-09-02,16,37.778
dallas,2026-09-02,17,37.778
dallas,2026-09-02,18,37.778
dallas,2026-09-02,19,37.778
dallas,2026-09-02,20,37.778
dallas,2026-09-02,21,37.778
dallas,2026-09-02,22,37.778
dallas,2026-09-02,23,37.778
dallas,2026-09-03,0,27.222
dallas,2026-09-03,1,27.222
dallas,2026-09-03,2,27.222
dallas,2026-09-03,3,27.222
dallas,2026-09-03,4,27.222
dallas,2026-09-03,5,27.222
dallas,2026-09-03,6,27.222
dallas,2026-09-03,7,27.222
dallas,2026-09-03,8,27.222
dallas,2026-09-03,9,27.778
dallas,2026-09-03,10,28.333
dallas,2026-09-03,11,30.0
dallas,2026-09-03,12,30.0
dallas,2026-09-03,13,30.556
dallas,2026-09-03,14,31.111
dallas,2026-09-03,15,32.778
dallas,2026-09-03,16,32.778
dallas,2026-09-03,17,32.778
dallas,2026-09-03,18,32.778
dallas,2026-09-03,19,32.778
dallas,2026-09-03,20,32.778
dallas,2026-09-03,21,32.778
dallas,2026-09-03,22,32.778
dallas,2026-09-03,23,32.778
dallas,2026-09-04,0,27.222
dallas,2026-09-04,1,27.222
dallas,2026-09-04,2,27.222
dallas,2026-09-04,3,27.222
dallas,2026-09-04,4,27.222
dallas,2026-09-04,5,27.222
dallas,2026-09-04,6,27.222
dallas,2026-09-04,7,27.222
dallas,2026-09-04,8,27.222
dallas,2026-09-04,9,28.333
dallas,2026-09-04,10,31.111
dallas,2026-09-04,11,32.778
dallas,2026-09-04,12,35.0
dallas,2026-09-04,13,35.556
dallas,2026-09-04,14,36.111
dallas,2026-09-04,15,36.667
dallas,2026-09-04,16,37.222
dallas,2026-09-04,17,37.222
dallas,2026-09-04,18,37.222
dallas,2026-09-04,19,37.222
dallas,2026-09-04,20,37.222
dallas,2026-09-04,21,37.222
dallas,2026-09-04,22,37.222
dallas,2026-09-04,23,37.222
dallas,2026-09-05,0,30.556
dallas,2026-09-05,1,30.556
dallas,2026-09-05,2,30.556
dallas,2026-09-05,3,30.556
dallas,2026-09-05,4,30.556
dallas,2026-09-05,5,30.556
dallas,2026-09-05,6,30.556
dallas,2026-09-05,7,30.556
dallas,2026-09-05,8,30.556
dallas,2026-09-05,9,31.111
dallas,2026-09-05,10,32.222
dallas,2026-09-05,11,33.889
dallas,2026-09-05,12,35.0
dallas,2026-09-05,13,36.111
dallas,2026-09-05,14,36.667
dallas,2026-09-05,15,37.222
dallas,2026-09-05,16,37.222
dallas,2026-09-05,17,37.222
dallas,2026-09-05,18,37.222
dallas,2026-09-05,19,37.222
dallas,2026-09-05,20,37.222
dallas,2026-09-05,21,37.222
dallas,2026-09-05,22,37.222
dallas,2026-09-05,23,37.222
dallas,2026-09-06,0,29.444
dallas,2026-09-06,1,29.444
dallas,2026-09-06,2,29.444
dallas,2026-09-06,3,29.444
dallas,2026-09-06,4,29.444
dallas,2026-09-06,5,29.444
dallas,2026-09-06,6,29.444
dallas,2026-09-06,7,29.444
dallas,2026-09-06,8,29.444
dallas,2026-09-06,9,30.0
dallas,2026-09-06,10,32.222
dallas,2026-09-06,11,33.889
dallas,2026-09-06,12,35.0
dallas,2026-09-06,13,36.111
dallas,2026-09-06,14,36.667
dallas,2026-09-06,15,36.667
dallas,2026-09-06,16,36.667
dallas,2026-09-06,17,36.667
dallas,2026-09-06,18,36.667
dallas,2026-09-06,19,36.667
dallas,2026-09-06,20,36.667
dallas,2026-09-06,21,36.667
dallas,2026-09-06,22,36.667
dallas,2026-09-06,23,36.667
dallas,2026-09-07,0,30.556
dallas,2026-09-07,1,30.556
dallas,2026-09-07,2,30.556
dallas,2026-09-07,3,30.556
dallas,2026-09-07,4,30.556
dallas,2026-09-07,5,30.556
dallas,2026-09-07,6,30.556
dallas,2026-09-07,7,30.556
dallas,2026-09-07,8,30.556
dallas,2026-09-07,9,31.111
dallas,2026-09-07,10,32.778
dallas,2026-09-07,11,34.444
dallas,2026-09-07,12,36.111
dallas,2026-09-07,13,36.667
dallas,2026-09-07,14,37.222
dallas,2026-09-07,15,37.222
dallas,2026-09-07,16,37.222
dallas,2026-09-07,17,37.778
dallas,2026-09-07,18,37.778
dallas,2026-09-07,19,37.778
dallas,2026-09-07,20,37.778
dallas,2026-09-07,21,37.778
dallas,2026-09-07,22,37.778
dallas,2026-09-07,23,37.778
dallas,2026-09-08,0,31.667
dallas,2026-09-08,1,31.667
dallas,2026-09-08,2,31.667
dallas,2026-09-08,3,31.667
dallas,2026-09-08,4,31.667
dallas,2026-09-08,5,31.667
dallas,2026-09-08,6,31.667
dallas,2026-09-08,7,31.667
dallas,2026-09-08,8,31.667
dallas,2026-09-08,9,32.222
dallas,2026-09-08,10,35.0
dallas,2026-09-08,11,36.111
dallas,2026-09-08,12,36.667
dallas,2026-09-08,13,36.667
dallas,2026-09-08,14,36.667
dallas,2026-09-08,15,37.778
dallas,2026-09-08,16,37.778
dallas,2026-09-08,17,37.778
dallas,2026-09-08,18,37.778
dallas,2026-09-08,19,37.778
dallas,2026-09-08,20,37.778
dallas,2026-09-08,21,37.778
dallas,2026-09-08,22,37.778
dallas,2026-09-08,23,37.778
dallas,2026-09-09,0,31.111
dallas,2026-09-09,1,31.111
dallas,2026-09-09,2,31.111
dallas,2026-09-09,3,31.111
dallas,2026-09-09,4,31.111
dallas,2026-09-09,5,31.111
dallas,2026-09-09,6,31.111
dallas,2026-09-09,7,31.111
dallas,2026-09-09,8,31.111
dallas,2026-09-09,9,31.111
dallas,2026-09-09,10,32.778
dallas,2026-09-09,11,34.444
dallas,2026-09-09,12,35.0
dallas,2026-09-09,13,36.111
dallas,2026-09-09,14,36.111
dallas,2026-09-09,15,37.222
dallas,2026-09-09,16,37.778
dallas,2026-09-09,17,37.778
dallas,2026-09-09,18,37.778
dallas,2026-09-09,19,37.778
dallas,2026-09-09,20,37.778
dallas,2026-09-09,21,37.778
dallas,2026-09-09,22,37.778
dallas,2026-09-09,23,37.778
dallas,2026-09-10,0,30.0
dallas,2026-09-10,1,30.0
dallas,2026-09-10,2,30.0
dallas,2026-09-10,3,30.0
dallas,2026-09-10,4,30.0
dallas,2026-09-10,5,30.0
dallas,2026-09-10,6,30.0
dallas,2026-09-10,7,30.0
dallas,2026-09-10,8,30.0
dallas,2026-09-10,9,30.0
dallas,2026-09-10,10,32.222
dallas,2026-09-10,11,33.333
dallas,2026-09-10,12,35.0
dallas,2026-09-10,13,36.667
dallas,2026-09-10,14,37.222
dallas,2026-09-10,15,37.222
dallas,2026-09-10,16,37.222
dallas,2026-09-10,17,37.222
dallas,2026-09-10,18,37.222
dallas,2026-09-10,19,37.222
dallas,2026-09-10,20,37.222
dallas,2026-09-10,21,37.222
dallas,2026-09-10,22,37.222
dallas,2026-09-10,23,37.222
dallas,2026-09-11,0,28.333
dallas,2026-09-11,1,28.889
dallas,2026-09-11,2,28.889
dallas,2026-09-11,3,28.889
dallas,2026-09-11,4,28.889
dallas,2026-09-11,5,28.889
dallas,2026-09-11,6,28.889
dallas,2026-09-11,7,28.889
dallas,2026-09-11,8,28.889
dallas,2026-09-11,9,30.0
dallas,2026-09-11,10,31.667
dallas,2026-09-11,11,33.333
dallas,2026-09-11,12,34.444
dallas,2026-09-11,13,35.556
dallas,2026-09-11,14,37.222
dallas,2026-09-11,15,37.222
dallas,2026-09-11,16,37.222
dallas,2026-09-11,17,37.222
dallas,2026-09-11,18,37.222
dallas,2026-09-11,19,37.222
dallas,2026-09-11,20,37.222
dallas,2026-09-11,21,37.222
dallas,2026-09-11,22,37.222
dallas,2026-09-11,23,37.222
dallas,2026-09-12,0,27.222
dallas,2026-09-12,1,27.222
dallas,2026-09-12,2,27.222
dallas,2026-09-12,3,27.222
dallas,2026-09-12,4,27.222
dallas,2026-09-12,5,27.222
dallas,2026-09-12,6,27.222
dallas,2026-09-12,7,27.222
dallas,2026-09-12,8,27.222
dallas,2026-09-12,9,28.333
dallas,2026-09-12,10,31.111
dallas,2026-09-12,11,33.889
dallas,2026-09-12,12,35.556
dallas,2026-09-12,13,36.667
dallas,2026-09-12,14,37.778
dallas,2026-09-12,15,38.333
dallas,2026-09-12,16,38.333
dallas,2026-09-12,17,38.333
dallas,2026-09-12,18,38.333
dallas,2026-09-12,19,38.333
dallas,2026-09-12,20,38.333
dallas,2026-09-12,21,38.333
dallas,2026-09-12,22,38.333
dallas,2026-09-12,23,38.333
dallas,2026-09-13,0,31.667
dallas,2026-09-13,1,31.667
dallas,2026-09-13,2,31.667
dallas,2026-09-13,3,31.667
dallas,2026-09-13,4,31.667
dallas,2026-09-13,5,31.667
dallas,2026-09-13,6,31.667
dallas,2026-09-13,7,31.667
dallas,2026-09-13,8,31.667
dallas,2026-09-13,9,31.667
dallas,2026-09-13,10,32.222
dallas,2026-09-13,11,33.333
dallas,2026-09-13,12,35.556
dallas,2026-09-13,13,36.111
dallas,2026-09-13,14,37.222
dallas,2026-09-13,15,37.222
dallas,2026-09-13,16,37.222
dallas,2026-09-13,17,37.222
dallas,2026-09-13,18,37.222
dallas,2026-09-13,19,37.222
dallas,2026-09-13,20,37.222
dallas,2026-09-13,21,37.222
dallas,2026-09-13,22,37.222
dallas,2026-09-13,23,37.222
dallas,2026-09-14,0,30.556
dallas,2026-09-14,1,30.556
dallas,2026-09-14,2,30.556
dallas,2026-09-14,3,30.556
dallas,2026-09-14,4,30.556
dallas,2026-09-14,5,30.556
dallas,2026-09-14,6,30.556
dallas,2026-09-14,7,30.556
dallas,2026-09-14,8,30.556
dallas,2026-09-14,9,30.556
dallas,2026-09-14,10,31.667
dallas,2026-09-14,11,32.778
dallas,2026-09-14,12,34.444
dallas,2026-09-14,13,35.556
dallas,2026-09-14,14,36.111
dallas,2026-09-14,15,37.222
dallas,2026-09-14,16,37.222
dallas,2026-09-14,17,37.222
dallas,2026-09-14,18,37.222
dallas,2026-09-14,19,37.222
dallas,2026-09-14,20,37.222
dallas,2026-09-14,21,37.222
dallas,2026-09-14,22,37.222
dallas,2026-09-14,23,37.222
dallas,2026-09-15,0,31.111
dallas,2026-09-15,1,31.111
dallas,2026-09-15,2,31.111
dallas,2026-09-15,3,31.111
dallas,2026-09-15,4,31.111
dallas,2026-09-15,5,31.111
dallas,2026-09-15,6,31.111
dallas,2026-09-15,7,31.111
dallas,2026-09-15,8,31.111
dallas,2026-09-15,9,31.111
dallas,2026-09-15,10,31.667
dallas,2026-09-15,11,33.333
dallas,2026-09-15,12,34.444
dallas,2026-09-15,13,36.111
dallas,2026-09-15,14,37.222
dallas,2026-09-15,15,37.222
dallas,2026-09-15,16,37.222
dallas,2026-09-15,17,37.222
dallas,2026-09-15,18,37.222
dallas,2026-09-15,19,37.222
dallas,2026-09-15,20,37.222
dallas,2026-09-15,21,37.222
dallas,2026-09-15,22,37.222
dallas,2026-09-15,23,37.222
dallas,2026-09-16,0,31.111
dallas,2026-09-16,1,31.111
dallas,2026-09-16,2,31.111
dallas,2026-09-16,3,31.111
dallas,2026-09-16,4,31.111
dallas,2026-09-16,5,31.111
dallas,2026-09-16,6,31.111
dallas,2026-09-16,7,31.111
dallas,2026-09-16,8,31.111
dallas,2026-09-16,9,31.111
dallas,2026-09-16,10,32.778
dallas,2026-09-16,11,33.889
dallas,2026-09-16,12,35.0
dallas,2026-09-16,13,35.556
dallas,2026-09-16,14,36.667
dallas,2026-09-16,15,36.667
dallas,2026-09-16,16,37.222
dallas,2026-09-16,17,37.222
dallas,2026-09-16,18,37.222
dallas,2026-09-16,19,37.222
dallas,2026-09-16,20,37.222
dallas,2026-09-16,21,37.222
dallas,2026-09-16,22,37.222
dallas,2026-09-16,23,37.222
dallas,2026-09-17,0,31.667
dallas,2026-09-17,1,31.667
dallas,2026-09-17,2,31.667
dallas,2026-09-17,3,31.667
dallas,2026-09-17,4,31.667
dallas,2026-09-17,5,31.667
dallas,2026-09-17,6,31.667
dallas,2026-09-17,7,31.667
dallas,2026-09-17,8,31.667
dallas,2026-09-17,9,31.667
dallas,2026-09-17,10,32.778
dallas,2026-09-17,11,33.333
dallas,2026-09-17,12,34.444
dallas,2026-09-17,13,35.556
dallas,2026-09-17,14,36.111
dallas,2026-09-17,15,36.111
dallas,2026-09-17,16,36.111
dallas,2026-09-17,17,36.111
dallas,2026-09-17,18,36.111
dallas,2026-09-17,19,36.111
dallas,2026-09-17,20,36.111
dallas,2026-09-17,21,36.111
dallas,2026-09-17,22,36.111
dallas,2026-09-17,23,36.111
dallas,2026-09-18,0,30.556
dallas,2026-09-18,1,30.556
dallas,2026-09-18,2,30.556
dallas,2026-09-18,3,30.556
dallas,2026-09-18,4,30.556
dallas,2026-09-18,5,30.556
dallas,2026-09-18,6,30.556
dallas,2026-09-18,7,30.556
dallas,2026-09-18,8,30.556
dallas,2026-09-18,9,30.556
dallas,2026-09-18,10,31.667
dallas,2026-09-18,11,33.333
dallas,2026-09-18,12,34.444
dallas,2026-09-18,13,35.556
dallas,2026-09-18,14,35.556
dallas,2026-09-18,15,36.111
dallas,2026-09-18,16,36.111
dallas,2026-09-18,17,36.111
dallas,2026-09-18,18,36.111
dallas,2026-09-18,19,36.111
dallas,2026-09-18,20,36.111
dallas,2026-09-18,21,36.111
dallas,2026-09-18,22,36.111
dallas,2026-09-18,23,36.111
dallas,2026-09-19,0,29.444
dallas,2026-09-19,1,29.444
dallas,2026-09-19,2,29.444
dallas,2026-09-19,3,29.444
dallas,2026-09-19,4,29.444
dallas,2026-09-19,5,29.444
dallas,2026-09-19,6,29.444
dallas,2026-09-19,7,29.444
dallas,2026-09-19,8,29.444
dallas,2026-09-19,9,29.444
dallas,2026-09-19,10,30.556
dallas,2026-09-19,11,31.667
dallas,2026-09-19,12,32.778
dallas,2026-09-19,13,34.444
dallas,2026-09-19,14,35.0
dallas,2026-09-19,15,35.556
dallas,2026-09-19,16,35.556
dallas,2026-09-19,17,35.556
dallas,2026-09-19,18,35.556
dallas,2026-09-19,19,35.556
dallas,2026-09-19,20,35.556
dallas,2026-09-19,21,35.556
dallas,2026-09-19,22,35.556
dallas,2026-09-19,23,35.556
dallas,2026-09-20,0,28.889
dallas,2026-09-20,1,28.889
dallas,2026-09-20,2,28.889
dallas,2026-09-20,3,28.889
dallas,2026-09-20,4,28.889
dallas,2026-09-20,5,28.889
dallas,2026-09-20,6,28.889
dallas,2026-09-20,7,28.889
dallas,2026-09-20,8,28.889
dallas,2026-09-20,9,29.444
dallas,2026-09-20,10,31.667
dallas,2026-09-20,11,33.889
dallas,2026-09-20,12,33.889
dallas,2026-09-20,13,34.444
dallas,2026-09-20,14,35.556
dallas,2026-09-20,15,35.556
dallas,2026-09-20,16,35.556
dallas,2026-09-20,17,35.556
dallas,2026-09-20,18,35.556
dallas,2026-09-20,19,35.556
dallas,2026-09-20,20,35.556
dallas,2026-09-20,21,35.556
dallas,2026-09-20,22,35.556
dallas,2026-09-20,23,35.556
dallas,2026-09-21,0,27.778
dallas,2026-09-21,1,27.778
dallas,2026-09-21,2,27.778
dallas,2026-09-21,3,27.778
dallas,2026-09-21,4,27.778
dallas,2026-09-21,5,27.778
dallas,2026-09-21,6,27.778
dallas,2026-09-21,7,27.778
dallas,2026-09-21,8,27.778
dallas,2026-09-21,9,28.333
dallas,2026-09-21,10,31.111
dallas,2026-09-21,11,33.333
dallas,2026-09-21,12,33.333
dallas,2026-09-21,13,35.0
dallas,2026-09-21,14,36.111
dallas,2026-09-21,15,36.111
dallas,2026-09-21,16,36.111
dallas,2026-09-21,17,36.111
dallas,2026-09-21,18,36.111
dallas,2026-09-21,19,36.111
dallas,2026-09-21,20,36.111
dallas,2026-09-21,21,36.111
dallas,2026-09-21,22,36.111
dallas,2026-09-21,23,36.111
dallas,2026-09-22,0,28.333
dallas,2026-09-22,1,28.333
dallas,2026-09-22,2,28.333
dallas,2026-09-22,3,28.333
dallas,2026-09-22,4,28.333
dallas,2026-09-22,5,28.333
dallas,2026-09-22,6,28.333
dallas,2026-09-22,7,28.333
dallas,2026-09-22,8,28.333
dallas,2026-09-22,9,28.333
dallas,2026-09-22,10,30.556
dallas,2026-09-22,11,32.222
dallas,2026-09-22,12,33.333
dallas,2026-09-22,13,34.444
dallas,2026-09-22,14,35.556
dallas,2026-09-22,15,35.556
dallas,2026-09-22,16,36.111
dallas,2026-09-22,17,36.111
dallas,2026-09-22,18,36.111
dallas,2026-09-22,19,36.111
dallas,2026-09-22,20,36.111
dallas,2026-09-22,21,36.111
dallas,2026-09-22,22,36.111
dallas,2026-09-22,23,36.111
dallas,2026-09-23,0,28.889
dallas,2026-09-23,1,28.889
dallas,2026-09-23,2,28.889
dallas,2026-09-23,3,28.889
dallas,2026-09-23,4,28.889
dallas,2026-09-23,5,28.889
dallas,2026-09-23,6,28.889
dallas,2026-09-23,7,28.889
dallas,2026-09-23,8,28.889
dallas,2026-09-23,9,28.889
dallas,2026-09-23,10,30.556
dallas,2026-09-23,11,32.778
dallas,2026-09-23,12,34.444
dallas,2026-09-23,13,35.0
dallas,2026-09-23,14,35.556
dallas,2026-09-23,15,36.667
dallas,2026-09-23,16,36.667
dallas,2026-09-23,17,36.667
dallas,2026-09-23,18,36.667
dallas,2026-09-23,19,36.667
dallas,2026-09-23,20,36.667
dallas,2026-09-23,21,36.667
dallas,2026-09-23,22,36.667
dallas,2026-09-23,23,36.667
dallas,2026-09-24,0,29.444
dallas,2026-09-24,1,29.444
dallas,2026-09-24,2,29.444
dallas,2026-09-24,3,29.444
dallas,2026-09-24,4,29.444
dallas,2026-09-24,5,29.444
dallas,2026-09-24,6,29.444
dallas,2026-09-24,7,29.444
dallas,2026-09-24,8,29.444
dallas,2026-09-24,9,29.444
dallas,2026-09-24,10,29.444
dallas,2026-09-24,11,30.556
dallas,2026-09-24,12,31.111
dallas,2026-09-24,13,32.778
dallas,2026-09-24,14,32.778
dallas,2026-09-24,15,32.778
dallas,2026-09-24,16,32.778
dallas,2026-09-24,17,32.778
dallas,2026-09-24,18,32.778
dallas,2026-09-24,19,32.778
dallas,2026-09-24,20,32.778
dallas,2026-09-24,21,32.778
dallas,2026-09-24,22,32.778
dallas,2026-09-24,23,32.778
houston,2026-05-25,1,22.778
houston,2026-05-25,2,22.778
houston,2026-05-25,3,22.778
houston,2026-05-25,4,22.778
houston,2026-05-25,5,22.778
houston,2026-05-25,6,22.778
houston,2026-05-25,7,23.889
houston,2026-05-25,8,25.556
houston,2026-05-25,9,26.667
houston,2026-05-25,10,27.222
houston,2026-05-25,11,27.222
houston,2026-05-25,12,27.222
houston,2026-05-25,13,30.556
houston,2026-05-25,14,31.111
houston,2026-05-25,15,31.111
houston,2026-05-25,16,31.111
houston,2026-05-25,17,31.111
houston,2026-05-25,18,31.111
houston,2026-05-25,19,31.111
houston,2026-05-25,20,31.111
houston,2026-05-25,21,31.111
houston,2026-05-25,22,31.111
houston,2026-05-25,23,31.111
houston,2026-05-26,0,23.889
houston,2026-05-26,1,23.889
houston,2026-05-26,2,23.889
houston,2026-05-26,3,23.889
houston,2026-05-26,4,23.889
houston,2026-05-26,5,23.889
houston,2026-05-26,6,23.889
houston,2026-05-26,7,24.444
houston,2026-05-26,8,24.444
houston,2026-05-26,9,27.778
houston,2026-05-26,10,28.889
houston,2026-05-26,11,28.889
houston,2026-05-26,12,29.444
houston,2026-05-26,13,29.444
houston,2026-05-26,14,30.556
houston,2026-05-26,15,31.111
houston,2026-05-26,16,31.111
houston,2026-05-26,17,31.111
houston,2026-05-26,18,31.111
houston,2026-05-26,19,31.111
houston,2026-05-26,20,31.111
houston,2026-05-26,21,31.111
houston,2026-05-26,22,31.111
houston,2026-05-26,23,31.111
houston,2026-05-27,0,26.111
houston,2026-05-27,1,26.111
houston,2026-05-27,2,26.111
houston,2026-05-27,3,26.111
houston,2026-05-27,4,26.111
houston,2026-05-27,5,26.111
houston,2026-05-27,6,26.111
houston,2026-05-27,7,26.111
houston,2026-05-27,8,26.111
houston,2026-05-27,9,26.111
houston,2026-05-27,10,26.111
houston,2026-05-27,11,26.111
houston,2026-05-27,12,26.111
houston,2026-05-27,13,26.111
houston,2026-05-27,14,26.111
houston,2026-05-27,15,26.111
houston,2026-05-27,16,26.111
houston,2026-05-27,17,26.111
houston,2026-05-27,18,26.111
houston,2026-05-27,19,26.111
houston,2026-05-27,20,26.111
houston,2026-05-27,21,26.111
houston,2026-05-27,22,26.111
houston,2026-05-27,23,26.111
houston,2026-05-28,0,20.556
houston,2026-05-28,1,20.556
houston,2026-05-28,2,20.556
houston,2026-05-28,3,20.556
houston,2026-05-28,4,20.556
houston,2026-05-28,5,20.556
houston,2026-05-28,6,20.556
houston,2026-05-28,7,21.111
houston,2026-05-28,8,23.333
houston,2026-05-28,9,25.556
houston,2026-05-28,10,26.111
houston,2026-05-28,11,27.778
houston,2026-05-28,12,27.778
houston,2026-05-28,13,30.0
houston,2026-05-28,14,30.556
houston,2026-05-28,15,31.111
houston,2026-05-28,16,31.111
houston,2026-05-28,17,31.667
houston,2026-05-28,18,31.667
houston,2026-05-28,19,31.667
houston,2026-05-28,20,31.667
houston,2026-05-28,21,31.667
houston,2026-05-28,22,31.667
houston,2026-05-28,23,31.667
houston,2026-05-29,0,23.889
houston,2026-05-29,1,23.889
houston,2026-05-29,2,23.889
houston,2026-05-29,3,23.889
houston,2026-05-29,4,23.889
houston,2026-05-29,5,23.889
houston,2026-05-29,6,23.889
houston,2026-05-29,7,24.444
houston,2026-05-29,8,25.0
houston,2026-05-29,9,25.0
houston,2026-05-29,10,28.333
houston,2026-05-29,11,28.889
houston,2026-05-29,12,30.556
houston,2026-05-29,13,30.556
houston,2026-05-29,14,31.667
houston,2026-05-29,15,32.222
houston,2026-05-29,16,32.222
houston,2026-05-29,17,32.222
houston,2026-05-29,18,32.222
houston,2026-05-29,19,32.222
houston,2026-05-29,20,32.222
houston,2026-05-29,21,32.222
houston,2026-05-29,22,32.222
houston,2026-05-29,23,32.222
houston,2026-05-30,0,25.0
houston,2026-05-30,1,25.0
houston,2026-05-30,2,25.0
houston,2026-05-30,3,25.0
houston,2026-05-30,4,25.0
houston,2026-05-30,5,25.0
houston,2026-05-30,6,25.0
houston,2026-05-30,7,25.556
houston,2026-05-30,8,26.667
houston,2026-05-30,9,27.778
houston,2026-05-30,10,29.444
houston,2026-05-30,11,30.0
houston,2026-05-30,12,31.111
houston,2026-05-30,13,31.667
houston,2026-05-30,14,32.222
houston,2026-05-30,15,32.778
houston,2026-05-30,16,32.778
houston,2026-05-30,17,32.778
houston,2026-05-30,18,32.778
houston,2026-05-30,19,32.778
houston,2026-05-30,20,32.778
houston,2026-05-30,21,32.778
houston,2026-05-30,22,32.778
houston,2026-05-30,23,32.778
houston,2026-05-31,0,25.556
houston,2026-05-31,1,25.556
houston,2026-05-31,2,25.556
houston,2026-05-31,3,25.556
houston,2026-05-31,4,25.556
houston,2026-05-31,5,25.556
houston,2026-05-31,6,25.556
houston,2026-05-31,7,26.111
houston,2026-05-31,8,27.778
houston,2026-05-31,9,28.889
houston,2026-05-31,10,29.444
houston,2026-05-31,11,31.111
houston,2026-05-31,12,31.667
houston,2026-05-31,13,32.222
houston,2026-05-31,14,32.222
houston,2026-05-31,15,32.222
houston,2026-05-31,16,32.222
houston,2026-05-31,17,32.222
houston,2026-05-31,18,32.222
houston,2026-05-31,19,32.222
houston,2026-05-31,20,32.222
houston,2026-05-31,21,32.222
houston,2026-05-31,22,32.222
houston,2026-05-31,23,32.222
houston,2026-06-01,0,25.556
houston,2026-06-01,1,25.556
houston,2026-06-01,2,25.556
houston,2026-06-01,3,25.556
houston,2026-06-01,4,25.556
houston,2026-06-01,5,25.556
houston,2026-06-01,6,25.556
houston,2026-06-01,7,26.667
houston,2026-06-01,8,27.778
houston,2026-06-01,9,28.889
houston,2026-06-01,10,30.556
houston,2026-06-01,11,32.222
houston,2026-06-01,12,32.222
houston,2026-06-01,13,32.778
houston,2026-06-01,14,32.778
houston,2026-06-01,15,32.778
houston,2026-06-01,16,32.778
houston,2026-06-01,17,32.778
houston,2026-06-01,18,32.778
houston,2026-06-01,19,32.778
houston,2026-06-01,20,32.778
houston,2026-06-01,21,32.778
houston,2026-06-01,22,32.778
houston,2026-06-01,23,32.778
houston,2026-06-02,0,26.667
houston,2026-06-02,1,26.667
houston,2026-06-02,2,26.667
houston,2026-06-02,3,26.667
houston,2026-06-02,4,26.667
houston,2026-06-02,5,26.667
houston,2026-06-02,6,26.667
houston,2026-06-02,7,26.667
houston,2026-06-02,8,27.222
houston,2026-06-02,9,27.222
houston,2026-06-02,10,28.889
houston,2026-06-02,11,30.556
houston,2026-06-02,12,32.222
houston,2026-06-02,13,32.222
houston,2026-06-02,14,32.222
houston,2026-06-02,15,32.222
houston,2026-06-02,16,32.222
houston,2026-06-02,17,32.222
houston,2026-06-02,18,32.222
houston,2026-06-02,19,32.222
houston,2026-06-02,20,32.222
houston,2026-06-02,21,32.222
houston,2026-06-02,22,32.222
houston,2026-06-02,23,32.222
houston,2026-06-03,0,24.444
houston,2026-06-03,1,25.556
houston,2026-06-03,2,25.556
houston,2026-06-03,3,25.556
houston,2026-06-03,4,25.556
houston,2026-06-03,5,25.556
houston,2026-06-03,6,25.556
houston,2026-06-03,7,25.556
houston,2026-06-03,8,26.111
houston,2026-06-03,9,26.667
houston,2026-06-03,10,28.333
houston,2026-06-03,11,28.889
houston,2026-06-03,12,28.889
houston,2026-06-03,13,28.889
houston,2026-06-03,14,28.889
houston,2026-06-03,15,28.889
houston,2026-06-03,16,28.889
houston,2026-06-03,17,28.889
houston,2026-06-03,18,28.889
houston,2026-06-03,19,28.889
houston,2026-06-03,20,28.889
houston,2026-06-03,21,28.889
houston,2026-06-03,22,28.889
houston,2026-06-03,23,28.889
houston,2026-06-04,0,23.333
houston,2026-06-04,1,23.333
houston,2026-06-04,2,23.333
houston,2026-06-04,3,23.889
houston,2026-06-04,4,23.889
houston,2026-06-04,5,23.889
houston,2026-06-04,6,23.889
houston,2026-06-04,7,23.889
houston,2026-06-04,8,24.444
houston,2026-06-04,9,25.556
houston,2026-06-04,10,26.111
houston,2026-06-04,11,26.667
houston,2026-06-04,12,27.222
houston,2026-06-04,13,28.889
houston,2026-06-04,14,28.889
houston,2026-06-04,15,29.444
houston,2026-06-04,16,29.444
houston,2026-06-04,17,29.444
houston,2026-06-04,18,29.444
houston,2026-06-04,19,29.444
houston,2026-06-04,20,29.444
houston,2026-06-04,21,29.444
houston,2026-06-04,22,29.444
houston,2026-06-04,23,29.444
houston,2026-06-05,0,26.111
houston,2026-06-05,1,26.111
houston,2026-06-05,2,26.111
houston,2026-06-05,3,26.111
houston,2026-06-05,4,26.111
houston,2026-06-05,5,26.111
houston,2026-06-05,6,26.111
houston,2026-06-05,7,26.111
houston,2026-06-05,8,26.111
houston,2026-06-05,9,27.778
houston,2026-06-05,10,28.333
houston,2026-06-05,11,28.889
houston,2026-06-05,12,28.889
houston,2026-06-05,13,28.889
houston,2026-06-05,14,28.889
houston,2026-06-05,15,28.889
houston,2026-06-05,16,28.889
houston,2026-06-05,17,28.889
houston,2026-06-05,18,28.889
houston,2026-06-05,19,28.889
houston,2026-06-05,20,28.889
houston,2026-06-05,21,28.889
houston,2026-06-05,22,28.889
houston,2026-06-05,23,28.889
houston,2026-06-06,0,25.556
houston,2026-06-06,1,25.556
houston,2026-06-06,2,25.556
houston,2026-06-06,3,25.556
houston,2026-06-06,4,25.556
houston,2026-06-06,5,25.556
houston,2026-06-06,6,25.556
houston,2026-06-06,7,26.111
houston,2026-06-06,8,26.667
houston,2026-06-06,9,28.333
houston,2026-06-06,10,29.444
houston,2026-06-06,11,31.111
houston,2026-06-06,12,31.111
houston,2026-06-06,13,31.111
houston,2026-06-06,14,31.111
houston,2026-06-06,15,31.111
houston,2026-06-06,16,31.111
houston,2026-06-06,17,31.111
houston,2026-06-06,18,31.111
houston,2026-06-06,19,31.111
houston,2026-06-06,20,31.111
houston,2026-06-06,21,31.111
houston,2026-06-06,22,31.111
houston,2026-06-06,23,31.111
houston,2026-06-07,0,26.667
houston,2026-06-07,1,26.667
houston,2026-06-07,2,26.667
houston,2026-06-07,3,26.667
houston,2026-06-07,4,26.667
houston,2026-06-07,5,26.667
houston,2026-06-07,6,26.667
houston,2026-06-07,7,26.667
houston,2026-06-07,8,27.222
houston,2026-06-07,9,28.333
houston,2026-06-07,10,28.889
houston,2026-06-07,11,29.444
houston,2026-06-07,12,29.444
houston,2026-06-07,13,29.444
houston,2026-06-07,14,29.444
houston,2026-06-07,15,29.444
houston,2026-06-07,16,29.444
houston,2026-06-07,17,29.444
houston,2026-06-07,18,29.444
houston,2026-06-07,19,29.444
houston,2026-06-07,20,29.444
houston,2026-06-07,21,29.444
houston,2026-06-07,22,29.444
houston,2026-06-07,23,29.444
houston,2026-06-08,0,27.222
houston,2026-06-08,1,27.222
houston,2026-06-08,2,27.222
houston,2026-06-08,3,27.222
houston,2026-06-08,4,27.222
houston,2026-06-08,5,27.222
houston,2026-06-08,6,27.222
houston,2026-06-08,7,27.222
houston,2026-06-08,8,27.222
houston,2026-06-08,9,28.333
houston,2026-06-08,10,28.889
houston,2026-06-08,11,30.556
houston,2026-06-08,12,31.111
houston,2026-06-08,13,32.222
houston,2026-06-08,14,32.222
houston,2026-06-08,15,32.222
houston,2026-06-08,16,32.222
houston,2026-06-08,17,32.222
houston,2026-06-08,18,32.222
houston,2026-06-08,19,32.222
houston,2026-06-08,20,32.222
houston,2026-06-08,21,32.222
houston,2026-06-08,22,32.222
houston,2026-06-08,23,32.222
houston,2026-06-09,0,26.111
houston,2026-06-09,1,26.111
houston,2026-06-09,2,26.111
houston,2026-06-09,3,26.111
houston,2026-06-09,4,26.111
houston,2026-06-09,5,26.111
houston,2026-06-09,6,26.111
houston,2026-06-09,7,27.222
houston,2026-06-09,8,28.333
houston,2026-06-09,9,30.0
houston,2026-06-09,10,31.111
houston,2026-06-09,11,31.111
houston,2026-06-09,12,31.111
houston,2026-06-09,13,31.667
houston,2026-06-09,14,31.667
houston,2026-06-09,15,31.667
houston,2026-06-09,16,32.222
houston,2026-06-09,17,32.222
houston,2026-06-09,18,32.222
houston,2026-06-09,19,32.222
houston,2026-06-09,20,32.222
houston,2026-06-09,21,32.222
houston,2026-06-09,22,32.222
houston,2026-06-09,23,32.222
houston,2026-06-10,0,27.222
houston,2026-06-10,1,27.222
houston,2026-06-10,2,27.222
houston,2026-06-10,3,27.222
houston,2026-06-10,4,27.222
houston,2026-06-10,5,27.222
houston,2026-06-10,6,27.222
houston,2026-06-10,7,27.778
houston,2026-06-10,8,28.889
houston,2026-06-10,9,30.0
houston,2026-06-10,10,31.111
houston,2026-06-10,11,32.222
houston,2026-06-10,12,32.222
houston,2026-06-10,13,32.778
houston,2026-06-10,14,32.778
houston,2026-06-10,15,32.778
houston,2026-06-10,16,32.778
houston,2026-06-10,17,32.778
houston,2026-06-10,18,32.778
houston,2026-06-10,19,32.778
houston,2026-06-10,20,32.778
houston,2026-06-10,21,32.778
houston,2026-06-10,22,32.778
houston,2026-06-10,23,32.778
houston,2026-06-11,0,27.222
houston,2026-06-11,1,27.222
houston,2026-06-11,2,27.222
houston,2026-06-11,3,27.222
houston,2026-06-11,4,27.222
houston,2026-06-11,5,27.222
houston,2026-06-11,6,27.222
houston,2026-06-11,7,27.778
houston,2026-06-11,8,28.889
houston,2026-06-11,9,30.556
houston,2026-06-11,10,31.111
houston,2026-06-11,11,32.222
houston,2026-06-11,12,32.778
houston,2026-06-11,13,33.333
houston,2026-06-11,14,33.333
houston,2026-06-11,15,33.333
houston,2026-06-11,16,33.333
houston,2026-06-11,17,33.333
houston,2026-06-11,18,33.333
houston,2026-06-11,19,33.333
houston,2026-06-11,20,33.333
houston,2026-06-11,21,33.333
houston,2026-06-11,22,33.333
houston,2026-06-11,23,33.333
houston,2026-06-12,0,27.222
houston,2026-06-12,1,27.222
houston,2026-06-12,2,27.222
houston,2026-06-12,3,27.222
houston,2026-06-12,4,27.222
houston,2026-06-12,5,27.222
houston,2026-06-12,6,27.222
houston,2026-06-12,7,27.778
houston,2026-06-12,8,28.889
houston,2026-06-12,9,30.0
houston,2026-06-12,10,31.111
houston,2026-06-12,11,32.222
houston,2026-06-12,12,32.222
houston,2026-06-12,13,32.778
houston,2026-06-12,14,32.778
houston,2026-06-12,15,32.778
houston,2026-06-12,16,32.778
houston,2026-06-12,17,32.778
houston,2026-06-12,18,32.778
houston,2026-06-12,19,32.778
houston,2026-06-12,20,32.778
houston,2026-06-12,21,32.778
houston,2026-06-12,22,32.778
houston,2026-06-12,23,32.778
houston,2026-06-13,0,26.667
houston,2026-06-13,1,26.667
houston,2026-06-13,2,26.667
houston,2026-06-13,3,26.667
houston,2026-06-13,4,26.667
houston,2026-06-13,5,26.667
houston,2026-06-13,6,26.667
houston,2026-06-13,7,27.778
houston,2026-06-13,8,29.444
houston,2026-06-13,9,30.0
houston,2026-06-13,10,31.667
houston,2026-06-13,11,32.222
houston,2026-06-13,12,32.778
houston,2026-06-13,13,33.333
houston,2026-06-13,14,33.333
houston,2026-06-13,15,33.333
houston,2026-06-13,16,33.333
houston,2026-06-13,17,33.333
houston,2026-06-13,18,33.333
houston,2026-06-13,19,33.333
houston,2026-06-13,20,33.333
houston,2026-06-13,21,33.333
houston,2026-06-13,22,33.333
houston,2026-06-13,23,33.333
houston,2026-06-14,0,27.778
houston,2026-06-14,1,27.778
houston,2026-06-14,2,27.778
houston,2026-06-14,3,27.778
houston,2026-06-14,4,27.778
houston,2026-06-14,5,27.778
houston,2026-06-14,6,27.778
houston,2026-06-14,7,28.333
houston,2026-06-14,8,29.444
houston,2026-06-14,9,29.444
houston,2026-06-14,10,30.0
houston,2026-06-14,11,30.0
houston,2026-06-14,12,30.0
houston,2026-06-14,13,30.0
houston,2026-06-14,14,31.667
houston,2026-06-14,15,32.222
houston,2026-06-14,16,32.222
houston,2026-06-14,17,32.222
houston,2026-06-14,18,32.222
houston,2026-06-14,19,32.222
houston,2026-06-14,20,32.222
houston,2026-06-14,21,32.222
houston,2026-06-14,22,32.222
houston,2026-06-14,23,32.222
houston,2026-06-15,0,27.778
houston,2026-06-15,1,27.778
houston,2026-06-15,2,27.778
houston,2026-06-15,3,27.778
houston,2026-06-15,4,27.778
houston,2026-06-15,5,27.778
houston,2026-06-15,6,27.778
houston,2026-06-15,7,27.778
houston,2026-06-15,8,27.778
houston,2026-06-15,9,27.778
houston,2026-06-15,10,27.778
houston,2026-06-15,11,27.778
houston,2026-06-15,12,27.778
houston,2026-06-15,13,27.778
houston,2026-06-15,14,27.778
houston,2026-06-15,15,27.778
houston,2026-06-15,16,27.778
houston,2026-06-15,17,27.778
houston,2026-06-15,18,27.778
houston,2026-06-15,19,27.778
houston,2026-06-15,20,27.778
houston,2026-06-15,21,27.778
houston,2026-06-15,22,27.778
houston,2026-06-15,23,27.778
houston,2026-06-16,0,26.111
houston,2026-06-16,1,26.111
houston,2026-06-16,2,26.111
houston,2026-06-16,3,26.111
houston,2026-06-16,4,26.111
houston,2026-06-16,5,26.111
houston,2026-06-16,6,26.111
houston,2026-06-16,7,26.111
houston,2026-06-16,8,26.111
houston,2026-06-16,9,26.111
houston,2026-06-16,10,26.111
houston,2026-06-16,11,26.111
houston,2026-06-16,12,26.111
houston,2026-06-16,13,26.667
houston,2026-06-16,14,26.667
houston,2026-06-16,15,26.667
houston,2026-06-16,16,26.667
houston,2026-06-16,17,27.222
houston,2026-06-16,18,27.778
houston,2026-06-16,19,27.778
houston,2026-06-16,20,27.778
houston,2026-06-16,21,27.778
houston,2026-06-16,22,27.778
houston,2026-06-16,23,27.778
houston,2026-06-17,0,26.111
houston,2026-06-17,1,26.111
houston,2026-06-17,2,26.111
houston,2026-06-17,3,26.111
houston,2026-06-17,4,26.111
houston,2026-06-17,5,26.111
houston,2026-06-17,6,26.111
houston,2026-06-17,7,26.111
houston,2026-06-17,8,26.111
houston,2026-06-17,9,26.111
houston,2026-06-17,10,26.667
houston,2026-06-17,11,28.333
houston,2026-06-17,12,30.0
houston,2026-06-17,13,31.111
houston,2026-06-17,14,31.111
houston,2026-06-17,15,31.111
houston,2026-06-17,16,31.111
houston,2026-06-17,17,31.111
houston,2026-06-17,18,31.111
houston,2026-06-17,19,31.111
houston,2026-06-17,20,31.111
houston,2026-06-17,21,31.111
houston,2026-06-17,22,31.111
houston,2026-06-17,23,31.111
houston,2026-06-18,0,25.556
houston,2026-06-18,1,25.556
houston,2026-06-18,2,25.556
houston,2026-06-18,3,26.667
houston,2026-06-18,4,26.667
houston,2026-06-18,5,27.222
houston,2026-06-18,6,27.222
houston,2026-06-18,7,27.778
houston,2026-06-18,8,29.444
houston,2026-06-18,9,31.111
houston,2026-06-18,10,31.667
houston,2026-06-18,11,32.778
houston,2026-06-18,12,33.333
houston,2026-06-18,13,33.889
houston,2026-06-18,14,33.889
houston,2026-06-18,15,34.444
houston,2026-06-18,16,34.444
houston,2026-06-18,17,34.444
houston,2026-06-18,18,34.444
houston,2026-06-18,19,34.444
houston,2026-06-18,20,34.444
houston,2026-06-18,21,34.444
houston,2026-06-18,22,34.444
houston,2026-06-18,23,34.444
houston,2026-06-19,0,28.333
houston,2026-06-19,1,28.333
houston,2026-06-19,2,28.333
houston,2026-06-19,3,28.333
houston,2026-06-19,4,28.333
houston,2026-06-19,5,28.333
houston,2026-06-19,6,28.333
houston,2026-06-19,7,28.333
houston,2026-06-19,8,30.0
houston,2026-06-19,9,31.111
houston,2026-06-19,10,31.667
houston,2026-06-19,11,32.222
houston,2026-06-19,12,32.778
houston,2026-06-19,13,33.333
houston,2026-06-19,14,33.333
houston,2026-06-19,15,33.333
houston,2026-06-19,16,33.333
houston,2026-06-19,17,33.333
houston,2026-06-19,18,33.333
houston,2026-06-19,19,33.333
houston,2026-06-19,20,33.333
houston,2026-06-19,21,33.333
houston,2026-06-19,22,33.333
houston,2026-06-19,23,33.333
houston,2026-06-20,0,28.333
houston,2026-06-20,1,28.333
houston,2026-06-20,2,28.333
houston,2026-06-20,3,28.333
houston,2026-06-20,4,28.333
houston,2026-06-20,5,28.333
houston,2026-06-20,6,28.333
houston,2026-06-20,7,28.333
houston,2026-06-20,8,28.333
houston,2026-06-20,9,29.444
houston,2026-06-20,10,29.444
houston,2026-06-20,11,29.444
houston,2026-06-20,12,29.444
houston,2026-06-20,13,29.444
houston,2026-06-20,14,29.444
houston,2026-06-20,15,29.444
houston,2026-06-20,16,29.444
houston,2026-06-20,17,29.444
houston,2026-06-20,18,29.444
houston,2026-06-20,19,29.444
houston,2026-06-20,20,29.444
houston,2026-06-20,21,29.444
houston,2026-06-20,22,29.444
houston,2026-06-20,23,29.444
houston,2026-06-21,0,25.0
houston,2026-06-21,1,25.0
houston,2026-06-21,2,25.0
houston,2026-06-21,3,25.0
houston,2026-06-21,4,25.556
houston,2026-06-21,5,25.556
houston,2026-06-21,6,25.556
houston,2026-06-21,7,25.556
houston,2026-06-21,8,25.556
houston,2026-06-21,9,25.556
houston,2026-06-21,10,25.556
houston,2026-06-21,11,27.222
houston,2026-06-21,12,30.556
houston,2026-06-21,13,31.111
houston,2026-06-21,14,31.111
houston,2026-06-21,15,31.111
houston,2026-06-21,16,31.111
houston,2026-06-21,17,31.111
houston,2026-06-21,18,31.111
houston,2026-06-21,19,31.111
houston,2026-06-21,20,31.111
houston,2026-06-21,21,31.111
houston,2026-06-21,22,31.111
houston,2026-06-21,23,31.111
houston,2026-06-22,0,27.222
houston,2026-06-22,1,27.222
houston,2026-06-22,2,27.222
houston,2026-06-22,3,27.778
houston,2026-06-22,4,27.778
houston,2026-06-22,5,27.778
houston,2026-06-22,6,27.778
houston,2026-06-22,7,28.333
houston,2026-06-22,8,30.0
houston,2026-06-22,9,30.556
houston,2026-06-22,10,31.667
houston,2026-06-22,11,32.778
houston,2026-06-22,12,32.778
houston,2026-06-22,13,33.333
houston,2026-06-22,14,33.333
houston,2026-06-22,15,33.333
houston,2026-06-22,16,33.333
houston,2026-06-22,17,33.333
houston,2026-06-22,18,33.333
houston,2026-06-22,19,33.333
houston,2026-06-22,20,33.333
houston,2026-06-22,21,33.333
houston,2026-06-22,22,33.333
houston,2026-06-22,23,33.333
houston,2026-06-23,0,27.222
houston,2026-06-23,1,27.222
houston,2026-06-23,2,27.222
houston,2026-06-23,3,27.222
houston,2026-06-23,4,27.222
houston,2026-06-23,5,27.222
houston,2026-06-23,6,27.222
houston,2026-06-23,7,27.778
houston,2026-06-23,8,29.444
houston,2026-06-23,9,30.556
houston,2026-06-23,10,31.111
houston,2026-06-23,11,32.222
houston,2026-06-23,12,32.222
houston,2026-06-23,13,33.333
houston,2026-06-23,14,33.333
houston,2026-06-23,15,33.889
houston,2026-06-23,16,33.889
houston,2026-06-23,17,33.889
houston,2026-06-23,18,33.889
houston,2026-06-23,19,33.889
houston,2026-06-23,20,33.889
houston,2026-06-23,21,33.889
houston,2026-06-23,22,33.889
houston,2026-06-23,23,33.889
houston,2026-06-24,0,26.667
houston,2026-06-24,1,26.667
houston,2026-06-24,2,26.667
houston,2026-06-24,3,26.667
houston,2026-06-24,4,26.667
houston,2026-06-24,5,26.667
houston,2026-06-24,6,26.667
houston,2026-06-24,7,27.222
houston,2026-06-24,8,28.889
houston,2026-06-24,9,30.0
houston,2026-06-24,10,31.111
houston,2026-06-24,11,32.222
houston,2026-06-24,12,32.222
houston,2026-06-24,13,32.778
houston,2026-06-24,14,33.889
houston,2026-06-24,15,33.889
houston,2026-06-24,16,33.889
houston,2026-06-24,17,33.889
houston,2026-06-24,18,33.889
houston,2026-06-24,19,33.889
houston,2026-06-24,20,33.889
houston,2026-06-24,21,33.889
houston,2026-06-24,22,33.889
houston,2026-06-24,23,33.889
houston,2026-06-25,0,26.111
houston,2026-06-25,1,26.111
houston,2026-06-25,2,26.111
houston,2026-06-25,3,26.111
houston,2026-06-25,4,26.111
houston,2026-06-25,5,26.111
houston,2026-06-25,6,26.111
houston,2026-06-25,7,26.111
houston,2026-06-25,8,27.778
houston,2026-06-25,9,28.889
houston,2026-06-25,10,30.0
houston,2026-06-25,11,31.667
houston,2026-06-25,12,32.222
houston,2026-06-25,13,33.333
houston,2026-06-25,14,33.333
houston,2026-06-25,15,33.333
houston,2026-06-25,16,33.333
houston,2026-06-25,17,33.333
houston,2026-06-25,18,33.333
houston,2026-06-25,19,33.333
houston,2026-06-25,20,33.333
houston,2026-06-25,21,33.333
houston,2026-06-25,22,33.333
houston,2026-06-25,23,33.333
houston,2026-06-26,0,27.222
houston,2026-06-26,1,27.222
houston,2026-06-26,2,27.222
houston,2026-06-26,3,27.222
houston,2026-06-26,4,27.222
houston,2026-06-26,5,27.222
houston,2026-06-26,6,27.222
houston,2026-06-26,7,27.778
houston,2026-06-26,8,28.889
houston,2026-06-26,9,30.556
houston,2026-06-26,10,31.111
houston,2026-06-26,11,32.778
houston,2026-06-26,12,32.778
houston,2026-06-26,13,33.333
houston,2026-06-26,14,33.333
houston,2026-06-26,15,33.333
houston,2026-06-26,16,33.333
houston,2026-06-26,17,33.333
houston,2026-06-26,18,33.333
houston,2026-06-26,19,33.333
houston,2026-06-26,20,33.333
houston,2026-06-26,21,33.333
houston,2026-06-26,22,33.333
houston,2026-06-26,23,33.333
houston,2026-06-27,0,27.222
houston,2026-06-27,1,27.222
houston,2026-06-27,2,27.222
houston,2026-06-27,3,27.222
houston,2026-06-27,4,27.222
houston,2026-06-27,5,27.222
houston,2026-06-27,6,27.222
houston,2026-06-27,7,27.222
houston,2026-06-27,8,28.889
houston,2026-06-27,9,31.111
houston,2026-06-27,10,31.111
houston,2026-06-27,11,33.333
houston,2026-06-27,12,33.333
houston,2026-06-27,13,33.889
houston,2026-06-27,14,34.444
houston,2026-06-27,15,34.444
houston,2026-06-27,16,34.444
houston,2026-06-27,17,34.444
houston,2026-06-27,18,34.444
houston,2026-06-27,19,34.444
houston,2026-06-27,20,34.444
houston,2026-06-27,21,34.444
houston,2026-06-27,22,34.444
houston,2026-06-27,23,34.444
houston,2026-06-28,0,27.222
houston,2026-06-28,1,27.778
houston,2026-06-28,2,27.778
houston,2026-06-28,3,27.778
houston,2026-06-28,4,27.778
houston,2026-06-28,5,27.778
houston,2026-06-28,6,27.778
houston,2026-06-28,7,28.333
houston,2026-06-28,8,30.0
houston,2026-06-28,9,30.0
houston,2026-06-28,10,32.222
houston,2026-06-28,11,33.333
houston,2026-06-28,12,33.889
houston,2026-06-28,13,33.889
houston,2026-06-28,14,34.444
houston,2026-06-28,15,34.444
houston,2026-06-28,16,34.444
houston,2026-06-28,17,34.444
houston,2026-06-28,18,34.444
houston,2026-06-28,19,34.444
houston,2026-06-28,20,34.444
houston,2026-06-28,21,34.444
houston,2026-06-28,22,34.444
houston,2026-06-28,23,34.444
houston,2026-06-29,0,28.333
houston,2026-06-29,1,28.333
houston,2026-06-29,2,28.333
houston,2026-06-29,3,28.333
houston,2026-06-29,4,28.333
houston,2026-06-29,5,28.333
houston,2026-06-29,6,28.333
houston,2026-06-29,7,28.333
houston,2026-06-29,8,29.444
houston,2026-06-29,9,31.111
houston,2026-06-29,10,32.778
houston,2026-06-29,11,33.889
houston,2026-06-29,12,33.889
houston,2026-06-29,13,34.444
houston,2026-06-29,14,34.444
houston,2026-06-29,15,35.0
houston,2026-06-29,16,35.0
houston,2026-06-29,17,35.0
houston,2026-06-29,18,35.0
houston,2026-06-29,19,35.0
houston,2026-06-29,20,35.0
houston,2026-06-29,21,35.0
houston,2026-06-29,22,35.0
houston,2026-06-29,23,35.0
houston,2026-06-30,0,27.222
houston,2026-06-30,1,27.222
houston,2026-06-30,2,27.222
houston,2026-06-30,3,27.222
houston,2026-06-30,4,27.222
houston,2026-06-30,5,27.222
houston,2026-06-30,6,27.222
houston,2026-06-30,7,27.778
houston,2026-06-30,8,30.0
houston,2026-06-30,9,31.111
houston,2026-06-30,10,31.667
houston,2026-06-30,11,32.778
houston,2026-06-30,12,33.889
houston,2026-06-30,13,34.444
houston,2026-06-30,14,34.444
houston,2026-06-30,15,34.444
houston,2026-06-30,16,34.444
houston,2026-06-30,17,34.444
houston,2026-06-30,18,34.444
houston,2026-06-30,19,34.444
houston,2026-06-30,20,34.444
houston,2026-06-30,21,34.444
houston,2026-06-30,22,34.444
houston,2026-06-30,23,34.444
houston,2026-07-01,0,27.778
houston,2026-07-01,1,27.778
houston,2026-07-01,2,27.778
houston,2026-07-01,3,27.778
houston,2026-07-01,4,27.778
houston,2026-07-01,5,27.778
houston,2026-07-01,6,27.778
houston,2026-07-01,7,27.778
houston,2026-07-01,8,30.0
houston,2026-07-01,9,31.111
houston,2026-07-01,10,33.333
houston,2026-07-01,11,34.444
houston,2026-07-01,12,34.444
houston,2026-07-01,13,35.0
houston,2026-07-01,14,35.0
houston,2026-07-01,15,35.0
houston,2026-07-01,16,35.0
houston,2026-07-01,17,35.0
houston,2026-07-01,18,35.0
houston,2026-07-01,19,35.0
houston,2026-07-01,20,35.0
houston,2026-07-01,21,35.0
houston,2026-07-01,22,35.0
houston,2026-07-01,23,35.0
houston,2026-07-02,0,27.222
houston,2026-07-02,1,27.222
houston,2026-07-02,2,27.222
houston,2026-07-02,3,27.222
houston,2026-07-02,4,27.222
houston,2026-07-02,5,27.222
houston,2026-07-02,6,27.222
houston,2026-07-02,7,28.333
houston,2026-07-02,8,28.889
houston,2026-07-02,9,31.111
houston,2026-07-02,10,31.667
houston,2026-07-02,11,34.444
houston,2026-07-02,12,35.0
houston,2026-07-02,13,35.0
houston,2026-07-02,14,35.0
houston,2026-07-02,15,35.0
houston,2026-07-02,16,35.0
houston,2026-07-02,17,35.0
houston,2026-07-02,18,35.0
houston,2026-07-02,19,35.0
houston,2026-07-02,20,35.0
houston,2026-07-02,21,35.0
houston,2026-07-02,22,35.0
houston,2026-07-02,23,35.0
houston,2026-07-03,0,26.667
houston,2026-07-03,1,26.667
houston,2026-07-03,2,26.667
houston,2026-07-03,3,26.667
houston,2026-07-03,4,26.667
houston,2026-07-03,5,26.667
houston,2026-07-03,6,26.667
houston,2026-07-03,7,30.556
houston,2026-07-03,8,30.556
houston,2026-07-03,9,31.111
houston,2026-07-03,10,33.889
houston,2026-07-03,11,35.556
houston,2026-07-03,12,35.556
houston,2026-07-03,13,35.556
houston,2026-07-03,14,35.556
houston,2026-07-03,15,35.556
houston,2026-07-03,16,35.556
houston,2026-07-03,17,35.556
houston,2026-07-03,18,35.556
houston,2026-07-03,19,35.556
houston,2026-07-03,20,35.556
houston,2026-07-03,21,35.556
houston,2026-07-03,22,35.556
houston,2026-07-03,23,35.556
houston,2026-07-04,0,26.667
houston,2026-07-04,1,26.667
houston,2026-07-04,2,26.667
houston,2026-07-04,3,26.667
houston,2026-07-04,4,26.667
houston,2026-07-04,5,26.667
houston,2026-07-04,6,26.667
houston,2026-07-04,7,27.778
houston,2026-07-04,8,28.889
houston,2026-07-04,9,31.111
houston,2026-07-04,10,32.222
houston,2026-07-04,11,34.444
houston,2026-07-04,12,35.0
houston,2026-07-04,13,36.111
houston,2026-07-04,14,36.667
houston,2026-07-04,15,36.667
houston,2026-07-04,16,36.667
houston,2026-07-04,17,36.667
houston,2026-07-04,18,36.667
houston,2026-07-04,19,36.667
houston,2026-07-04,20,36.667
houston,2026-07-04,21,36.667
houston,2026-07-04,22,36.667
houston,2026-07-04,23,36.667
houston,2026-07-05,0,26.667
houston,2026-07-05,1,26.667
houston,2026-07-05,2,26.667
houston,2026-07-05,3,26.667
houston,2026-07-05,4,26.667
houston,2026-07-05,5,26.667
houston,2026-07-05,6,26.667
houston,2026-07-05,7,27.222
houston,2026-07-05,8,29.444
houston,2026-07-05,9,30.0
houston,2026-07-05,10,32.778
houston,2026-07-05,11,33.889
houston,2026-07-05,12,35.0
houston,2026-07-05,13,35.0
houston,2026-07-05,14,35.0
houston,2026-07-05,15,36.667
houston,2026-07-05,16,36.667
houston,2026-07-05,17,36.667
houston,2026-07-05,18,36.667
houston,2026-07-05,19,36.667
houston,2026-07-05,20,36.667
houston,2026-07-05,21,36.667
houston,2026-07-05,22,36.667
houston,2026-07-05,23,36.667
houston,2026-07-06,0,27.222
houston,2026-07-06,1,27.222
houston,2026-07-06,2,27.222
houston,2026-07-06,3,27.222
houston,2026-07-06,4,27.222
houston,2026-07-06,5,27.222
houston,2026-07-06,6,27.222
houston,2026-07-06,7,28.889
houston,2026-07-06,8,29.444
houston,2026-07-06,9,31.111
houston,2026-07-06,10,32.222
houston,2026-07-06,11,33.889
houston,2026-07-06,12,35.0
houston,2026-07-06,13,36.111
houston,2026-07-06,14,36.111
houston,2026-07-06,15,36.111
houston,2026-07-06,16,36.111
houston,2026-07-06,17,36.111
houston,2026-07-06,18,36.111
houston,2026-07-06,19,36.111
houston,2026-07-06,20,36.111
houston,2026-07-06,21,36.111
houston,2026-07-06,22,36.111
houston,2026-07-06,23,36.111
houston,2026-07-07,0,27.222
houston,2026-07-07,1,27.222
houston,2026-07-07,2,27.222
houston,2026-07-07,3,27.222
houston,2026-07-07,4,27.222
houston,2026-07-07,5,27.222
houston,2026-07-07,6,27.222
houston,2026-07-07,7,28.333
houston,2026-07-07,8,29.444
houston,2026-07-07,9,30.556
houston,2026-07-07,10,31.667
houston,2026-07-07,11,31.667
houston,2026-07-07,12,33.333
houston,2026-07-07,13,33.333
houston,2026-07-07,14,33.889
houston,2026-07-07,15,33.889
houston,2026-07-07,16,33.889
houston,2026-07-07,17,33.889
houston,2026-07-07,18,33.889
houston,2026-07-07,19,33.889
houston,2026-07-07,20,33.889
houston,2026-07-07,21,33.889
houston,2026-07-07,22,33.889
houston,2026-07-07,23,33.889
houston,2026-07-08,0,25.556
houston,2026-07-08,1,25.556
houston,2026-07-08,2,25.556
houston,2026-07-08,3,26.111
houston,2026-07-08,4,26.111
houston,2026-07-08,5,26.111
houston,2026-07-08,6,26.111
houston,2026-07-08,7,27.222
houston,2026-07-08,8,28.889
houston,2026-07-08,9,30.556
houston,2026-07-08,10,31.667
houston,2026-07-08,11,31.667
houston,2026-07-08,12,33.333
houston,2026-07-08,13,33.333
houston,2026-07-08,14,33.333
houston,2026-07-08,15,33.333
houston,2026-07-08,16,33.333
houston,2026-07-08,17,33.333
houston,2026-07-08,18,33.333
houston,2026-07-08,19,33.333
houston,2026-07-08,20,33.333
houston,2026-07-08,21,33.333
houston,2026-07-08,22,33.333
houston,2026-07-08,23,33.333
houston,2026-07-09,0,26.667
houston,2026-07-09,1,26.667
houston,2026-07-09,2,26.667
houston,2026-07-09,3,26.667
houston,2026-07-09,4,26.667
houston,2026-07-09,5,26.667
houston,2026-07-09,6,26.667
houston,2026-07-09,7,27.222
houston,2026-07-09,8,28.889
houston,2026-07-09,9,30.556
houston,2026-07-09,10,31.667
houston,2026-07-09,11,32.222
houston,2026-07-09,12,33.333
houston,2026-07-09,13,33.333
houston,2026-07-09,14,33.333
houston,2026-07-09,15,33.889
houston,2026-07-09,16,33.889
houston,2026-07-09,17,33.889
houston,2026-07-09,18,33.889
houston,2026-07-09,19,33.889
houston,2026-07-09,20,33.889
houston,2026-07-09,21,33.889
houston,2026-07-09,22,33.889
houston,2026-07-09,23,33.889
houston,2026-07-10,0,27.778
houston,2026-07-10,1,27.778
houston,2026-07-10,2,27.778
houston,2026-07-10,3,27.778
houston,2026-07-10,4,27.778
houston,2026-07-10,5,27.778
houston,2026-07-10,6,27.778
houston,2026-07-10,7,28.333
houston,2026-07-10,8,29.444
houston,2026-07-10,9,30.0
houston,2026-07-10,10,30.0
houston,2026-07-10,11,30.0
houston,2026-07-10,12,30.0
houston,2026-07-10,13,30.556
houston,2026-07-10,14,30.556
houston,2026-07-10,15,30.556
houston,2026-07-10,16,33.333
houston,2026-07-10,17,33.333
houston,2026-07-10,18,33.333
houston,2026-07-10,19,33.333
houston,2026-07-10,20,33.333
houston,2026-07-10,21,33.333
houston,2026-07-10,22,33.333
houston,2026-07-10,23,33.333
houston,2026-07-11,0,26.667
houston,2026-07-11,1,26.667
houston,2026-07-11,2,26.667
houston,2026-07-11,3,26.667
houston,2026-07-11,4,26.667
houston,2026-07-11,5,26.667
houston,2026-07-11,6,26.667
houston,2026-07-11,7,28.333
houston,2026-07-11,8,29.444
houston,2026-07-11,9,29.444
houston,2026-07-11,10,29.444
houston,2026-07-11,11,29.444
houston,2026-07-11,12,30.556
houston,2026-07-11,13,31.111
houston,2026-07-11,14,31.667
houston,2026-07-11,15,31.667
houston,2026-07-11,16,31.667
houston,2026-07-11,17,31.667
houston,2026-07-11,18,31.667
houston,2026-07-11,19,31.667
houston,2026-07-11,20,31.667
houston,2026-07-11,21,31.667
houston,2026-07-11,22,31.667
houston,2026-07-11,23,31.667
houston,2026-07-12,0,27.222
houston,2026-07-12,1,27.222
houston,2026-07-12,2,27.222
houston,2026-07-12,3,27.222
houston,2026-07-12,4,27.222
houston,2026-07-12,5,27.222
houston,2026-07-12,6,27.222
houston,2026-07-12,7,27.778
houston,2026-07-12,8,29.444
houston,2026-07-12,9,30.556
houston,2026-07-12,10,31.667
houston,2026-07-12,11,32.778
houston,2026-07-12,12,33.889
houston,2026-07-12,13,33.889
houston,2026-07-12,14,33.889
houston,2026-07-12,15,33.889
houston,2026-07-12,16,33.889
houston,2026-07-12,17,33.889
houston,2026-07-12,18,33.889
houston,2026-07-12,19,33.889
houston,2026-07-12,20,33.889
houston,2026-07-12,21,33.889
houston,2026-07-12,22,33.889
houston,2026-07-12,23,33.889
houston,2026-07-13,0,27.222
houston,2026-07-13,1,27.222
houston,2026-07-13,2,27.222
houston,2026-07-13,3,27.222
houston,2026-07-13,4,27.222
houston,2026-07-13,5,27.222
houston,2026-07-13,6,27.222
houston,2026-07-13,7,27.778
houston,2026-07-13,8,27.778
houston,2026-07-13,9,28.889
houston,2026-07-13,10,28.889
houston,2026-07-13,11,28.889
houston,2026-07-13,12,28.889
houston,2026-07-13,13,28.889
houston,2026-07-13,14,28.889
houston,2026-07-13,15,28.889
houston,2026-07-13,16,28.889
houston,2026-07-13,17,28.889
houston,2026-07-13,18,28.889
houston,2026-07-13,19,28.889
houston,2026-07-13,20,28.889
houston,2026-07-13,21,28.889
houston,2026-07-13,22,28.889
houston,2026-07-13,23,28.889
houston,2026-07-14,0,26.111
houston,2026-07-14,1,26.111
houston,2026-07-14,2,26.111
houston,2026-07-14,3,26.111
houston,2026-07-14,4,26.111
houston,2026-07-14,5,26.111
houston,2026-07-14,6,26.111
houston,2026-07-14,7,26.111
houston,2026-07-14,8,26.111
houston,2026-07-14,9,26.111
houston,2026-07-14,10,26.111
houston,2026-07-14,11,26.111
houston,2026-07-14,12,26.111
houston,2026-07-14,13,26.111
houston,2026-07-14,14,26.111
houston,2026-07-14,15,26.111
houston,2026-07-14,16,26.667
houston,2026-07-14,17,27.222
houston,2026-07-14,18,27.222
houston,2026-07-14,19,27.222
houston,2026-07-14,20,27.222
houston,2026-07-14,21,27.222
houston,2026-07-14,22,27.222
houston,2026-07-14,23,27.222
houston,2026-07-15,0,25.556
houston,2026-07-15,1,25.556
houston,2026-07-15,2,25.556
houston,2026-07-15,3,25.556
houston,2026-07-15,4,26.111
houston,2026-07-15,5,26.111
houston,2026-07-15,6,26.111
houston,2026-07-15,7,26.111
houston,2026-07-15,8,26.111
houston,2026-07-15,9,26.667
houston,2026-07-15,10,27.222
houston,2026-07-15,11,27.222
houston,2026-07-15,12,27.222
houston,2026-07-15,13,27.222
houston,2026-07-15,14,27.778
houston,2026-07-15,15,28.333
houston,2026-07-15,16,30.556
houston,2026-07-15,17,30.556
houston,2026-07-15,18,30.556
houston,2026-07-15,19,30.556
houston,2026-07-15,20,30.556
houston,2026-07-15,21,30.556
houston,2026-07-15,22,30.556
houston,2026-07-15,23,30.556
houston,2026-07-16,0,26.667
houston,2026-07-16,1,26.667
houston,2026-07-16,2,26.667
houston,2026-07-16,3,26.667
houston,2026-07-16,4,26.667
houston,2026-07-16,5,26.667
houston,2026-07-16,6,26.667
houston,2026-07-16,7,27.222
houston,2026-07-16,8,28.889
houston,2026-07-16,9,29.444
houston,2026-07-16,10,31.111
houston,2026-07-16,11,32.222
houston,2026-07-16,12,32.778
houston,2026-07-16,13,32.778
houston,2026-07-16,14,32.778
houston,2026-07-16,15,32.778
houston,2026-07-16,16,32.778
houston,2026-07-16,17,32.778
houston,2026-07-16,18,32.778
houston,2026-07-16,19,32.778
houston,2026-07-16,20,32.778
houston,2026-07-16,21,32.778
houston,2026-07-16,22,32.778
houston,2026-07-16,23,32.778
houston,2026-07-17,0,27.222
houston,2026-07-17,1,27.222
houston,2026-07-17,2,27.222
houston,2026-07-17,3,27.222
houston,2026-07-17,4,27.222
houston,2026-07-17,5,27.222
houston,2026-07-17,6,27.222
houston,2026-07-17,7,27.778
houston,2026-07-17,8,29.444
houston,2026-07-17,9,29.444
houston,2026-07-17,10,31.667
houston,2026-07-17,11,32.778
houston,2026-07-17,12,32.778
houston,2026-07-17,13,32.778
houston,2026-07-17,14,33.333
houston,2026-07-17,15,33.333
houston,2026-07-17,16,33.333
houston,2026-07-17,17,33.333
houston,2026-07-17,18,33.333
houston,2026-07-17,19,33.333
houston,2026-07-17,20,33.333
houston,2026-07-17,21,33.333
houston,2026-07-17,22,33.333
houston,2026-07-17,23,33.333
houston,2026-07-18,0,27.222
houston,2026-07-18,1,27.222
houston,2026-07-18,2,27.222
houston,2026-07-18,3,27.222
houston,2026-07-18,4,27.222
houston,2026-07-18,5,27.222
houston,2026-07-18,6,27.222
houston,2026-07-18,7,27.222
houston,2026-07-18,8,29.444
houston,2026-07-18,9,30.0
houston,2026-07-18,10,31.667
houston,2026-07-18,11,31.667
houston,2026-07-18,12,32.222
houston,2026-07-18,13,33.333
houston,2026-07-18,14,33.889
houston,2026-07-18,15,33.889
houston,2026-07-18,16,33.889
houston,2026-07-18,17,33.889
houston,2026-07-18,18,33.889
houston,2026-07-18,19,33.889
houston,2026-07-18,20,33.889
houston,2026-07-18,21,33.889
houston,2026-07-18,22,33.889
houston,2026-07-18,23,33.889
houston,2026-07-19,0,27.222
houston,2026-07-19,1,27.222
houston,2026-07-19,2,27.222
houston,2026-07-19,3,27.222
houston,2026-07-19,4,27.222
houston,2026-07-19,5,27.222
houston,2026-07-19,6,27.222
houston,2026-07-19,7,27.222
houston,2026-07-19,8,28.333
houston,2026-07-19,9,30.0
houston,2026-07-19,10,30.556
houston,2026-07-19,11,31.667
houston,2026-07-19,12,32.778
houston,2026-07-19,13,33.333
houston,2026-07-19,14,33.889
houston,2026-07-19,15,34.444
houston,2026-07-19,16,35.0
houston,2026-07-19,17,35.0
houston,2026-07-19,18,35.0
houston,2026-07-19,19,35.0
houston,2026-07-19,20,35.0
houston,2026-07-19,21,35.0
houston,2026-07-19,22,35.0
houston,2026-07-19,23,35.0
houston,2026-07-20,0,26.667
houston,2026-07-20,1,26.667
houston,2026-07-20,2,26.667
houston,2026-07-20,3,26.667
houston,2026-07-20,4,26.667
houston,2026-07-20,5,26.667
houston,2026-07-20,6,26.667
houston,2026-07-20,7,26.667
houston,2026-07-20,8,27.778
houston,2026-07-20,9,29.444
houston,2026-07-20,10,30.556
houston,2026-07-20,11,31.667
houston,2026-07-20,12,32.222
houston,2026-07-20,13,33.333
houston,2026-07-20,14,34.444
houston,2026-07-20,15,35.0
houston,2026-07-20,16,35.0
houston,2026-07-20,17,35.0
houston,2026-07-20,18,35.0
houston,2026-07-20,19,35.0
houston,2026-07-20,20,35.0
houston,2026-07-20,21,35.0
houston,2026-07-20,22,35.0
houston,2026-07-20,23,35.0
houston,2026-07-21,0,26.667
houston,2026-07-21,1,26.667
houston,2026-07-21,2,26.667
houston,2026-07-21,3,26.667
houston,2026-07-21,4,26.667
houston,2026-07-21,5,26.667
houston,2026-07-21,6,26.667
houston,2026-07-21,7,26.667
houston,2026-07-21,8,27.778
houston,2026-07-21,9,28.889
houston,2026-07-21,10,30.556
houston,2026-07-21,11,31.667
houston,2026-07-21,12,32.778
houston,2026-07-21,13,33.889
houston,2026-07-21,14,35.556
houston,2026-07-21,15,36.111
houston,2026-07-21,16,36.111
houston,2026-07-21,17,36.111
houston,2026-07-21,18,36.111
houston,2026-07-21,19,36.111
houston,2026-07-21,20,36.111
houston,2026-07-21,21,36.111
houston,2026-07-21,22,36.111
houston,2026-07-21,23,36.111
houston,2026-07-22,0,28.333
houston,2026-07-22,1,28.333
houston,2026-07-22,2,28.333
houston,2026-07-22,3,28.333
houston,2026-07-22,4,28.333
houston,2026-07-22,5,28.333
houston,2026-07-22,6,28.333
houston,2026-07-22,7,28.333
houston,2026-07-22,8,29.444
houston,2026-07-22,9,31.111
houston,2026-07-22,10,33.333
houston,2026-07-22,11,35.0
houston,2026-07-22,12,36.111
houston,2026-07-22,13,37.222
houston,2026-07-22,14,37.778
houston,2026-07-22,15,37.778
houston,2026-07-22,16,38.889
houston,2026-07-22,17,38.889
houston,2026-07-22,18,38.889
houston,2026-07-22,19,38.889
houston,2026-07-22,20,38.889
houston,2026-07-22,21,38.889
houston,2026-07-22,22,38.889
houston,2026-07-22,23,38.889
houston,2026-07-23,0,32.222
houston,2026-07-23,1,32.222
houston,2026-07-23,2,32.222
houston,2026-07-23,3,32.222
houston,2026-07-23,4,32.222
houston,2026-07-23,5,32.222
houston,2026-07-23,6,32.222
houston,2026-07-23,7,32.222
houston,2026-07-23,8,32.222
houston,2026-07-23,9,32.222
houston,2026-07-23,10,32.222
houston,2026-07-23,11,32.222
houston,2026-07-23,12,32.222
houston,2026-07-23,13,32.222
houston,2026-07-23,14,32.222
houston,2026-07-23,15,32.222
houston,2026-07-23,16,32.222
houston,2026-07-23,17,32.222
houston,2026-07-23,18,32.222
houston,2026-07-23,19,32.222
houston,2026-07-23,20,32.222
houston,2026-07-23,21,32.222
houston,2026-07-23,22,32.222
houston,2026-07-23,23,32.222
houston,2026-07-24,0,25.556
houston,2026-07-24,1,25.556
houston,2026-07-24,2,25.556
houston,2026-07-24,3,26.111
houston,2026-07-24,4,26.111
houston,2026-07-24,5,26.111
houston,2026-07-24,6,26.111
houston,2026-07-24,7,27.222
houston,2026-07-24,8,29.444
houston,2026-07-24,9,30.556
houston,2026-07-24,10,31.111
houston,2026-07-24,11,32.778
houston,2026-07-24,12,33.333
houston,2026-07-24,13,33.333
houston,2026-07-24,14,33.889
houston,2026-07-24,15,33.889
houston,2026-07-24,16,33.889
houston,2026-07-24,17,33.889
houston,2026-07-24,18,33.889
houston,2026-07-24,19,33.889
houston,2026-07-24,20,33.889
houston,2026-07-24,21,33.889
houston,2026-07-24,22,33.889
houston,2026-07-24,23,33.889
houston,2026-07-25,0,27.222
houston,2026-07-25,1,27.222
houston,2026-07-25,2,27.222
houston,2026-07-25,3,27.222
houston,2026-07-25,4,27.222
houston,2026-07-25,5,27.222
houston,2026-07-25,6,27.222
houston,2026-07-25,7,27.222
houston,2026-07-25,8,28.889
houston,2026-07-25,9,30.0
houston,2026-07-25,10,30.556
houston,2026-07-25,11,31.667
houston,2026-07-25,12,32.222
houston,2026-07-25,13,32.778
houston,2026-07-25,14,33.333
houston,2026-07-25,15,33.333
houston,2026-07-25,16,33.333
houston,2026-07-25,17,33.333
houston,2026-07-25,18,33.333
houston,2026-07-25,19,33.333
houston,2026-07-25,20,33.333
houston,2026-07-25,21,33.333
houston,2026-07-25,22,33.333
houston,2026-07-25,23,33.333
houston,2026-07-26,0,26.667
houston,2026-07-26,1,26.667
houston,2026-07-26,2,26.667
houston,2026-07-26,3,26.667
houston,2026-07-26,4,26.667
houston,2026-07-26,5,26.667
houston,2026-07-26,6,26.667
houston,2026-07-26,7,27.222
houston,2026-07-26,8,28.889
houston,2026-07-26,9,30.0
houston,2026-07-26,10,31.111
houston,2026-07-26,11,32.222
houston,2026-07-26,12,33.333
houston,2026-07-26,13,33.333
houston,2026-07-26,14,34.444
houston,2026-07-26,15,34.444
houston,2026-07-26,16,34.444
houston,2026-07-26,17,34.444
houston,2026-07-26,18,34.444
houston,2026-07-26,19,34.444
houston,2026-07-26,20,34.444
houston,2026-07-26,21,34.444
houston,2026-07-26,22,34.444
houston,2026-07-26,23,34.444
houston,2026-07-27,0,26.667
houston,2026-07-27,1,26.667
houston,2026-07-27,2,26.667
houston,2026-07-27,3,26.667
houston,2026-07-27,4,26.667
houston,2026-07-27,5,26.667
houston,2026-07-27,6,26.667
houston,2026-07-27,7,27.222
houston,2026-07-27,8,27.222
houston,2026-07-27,9,30.0
houston,2026-07-27,10,31.111
houston,2026-07-27,11,31.667
houston,2026-07-27,12,32.222
houston,2026-07-27,13,32.778
houston,2026-07-27,14,33.333
houston,2026-07-27,15,34.444
houston,2026-07-27,16,34.444
houston,2026-07-27,17,34.444
houston,2026-07-27,18,34.444
houston,2026-07-27,19,34.444
houston,2026-07-27,20,34.444
houston,2026-07-27,21,34.444
houston,2026-07-27,22,34.444
houston,2026-07-27,23,34.444
houston,2026-07-28,0,26.667
houston,2026-07-28,1,26.667
houston,2026-07-28,2,26.667
houston,2026-07-28,3,26.667
houston,2026-07-28,4,26.667
houston,2026-07-28,5,26.667
houston,2026-07-28,6,26.667
houston,2026-07-28,7,26.667
houston,2026-07-28,8,28.889
houston,2026-07-28,9,30.0
houston,2026-07-28,10,31.667
houston,2026-07-28,11,31.667
houston,2026-07-28,12,33.333
houston,2026-07-28,13,33.889
houston,2026-07-28,14,34.444
houston,2026-07-28,15,35.0
houston,2026-07-28,16,35.0
houston,2026-07-28,17,35.0
houston,2026-07-28,18,35.0
houston,2026-07-28,19,35.0
houston,2026-07-28,20,35.0
houston,2026-07-28,21,35.0
houston,2026-07-28,22,35.0
houston,2026-07-28,23,35.0
houston,2026-07-29,0,26.667
houston,2026-07-29,1,26.667
houston,2026-07-29,2,26.667
houston,2026-07-29,3,26.667
houston,2026-07-29,4,26.667
houston,2026-07-29,5,26.667
houston,2026-07-29,6,26.667
houston,2026-07-29,7,26.667
houston,2026-07-29,8,28.889
houston,2026-07-29,9,30.556
houston,2026-07-29,10,31.667
houston,2026-07-29,11,32.778
houston,2026-07-29,12,32.778
houston,2026-07-29,13,35.0
houston,2026-07-29,14,35.0
houston,2026-07-29,15,35.0
houston,2026-07-29,16,35.0
houston,2026-07-29,17,35.0
houston,2026-07-29,18,35.0
houston,2026-07-29,19,35.0
houston,2026-07-29,20,35.0
houston,2026-07-29,21,35.0
houston,2026-07-29,22,35.0
houston,2026-07-29,23,35.0
houston,2026-07-30,0,27.222
houston,2026-07-30,1,27.222
houston,2026-07-30,2,27.222
houston,2026-07-30,3,27.222
houston,2026-07-30,4,27.222
houston,2026-07-30,5,27.222
houston,2026-07-30,6,27.222
houston,2026-07-30,7,27.222
houston,2026-07-30,8,28.889
houston,2026-07-30,9,30.0
houston,2026-07-30,10,31.111
houston,2026-07-30,11,32.778
houston,2026-07-30,12,33.333
houston,2026-07-30,13,34.444
houston,2026-07-30,14,34.444
houston,2026-07-30,15,35.556
houston,2026-07-30,16,35.556
houston,2026-07-30,17,35.556
houston,2026-07-30,18,35.556
houston,2026-07-30,19,35.556
houston,2026-07-30,20,35.556
houston,2026-07-30,21,35.556
houston,2026-07-30,22,35.556
houston,2026-07-30,23,35.556
houston,2026-07-31,0,27.222
houston,2026-07-31,1,27.222
houston,2026-07-31,2,27.222
houston,2026-07-31,3,27.222
houston,2026-07-31,4,27.222
houston,2026-07-31,5,27.222
houston,2026-07-31,6,27.222
houston,2026-07-31,7,27.222
houston,2026-07-31,8,28.889
houston,2026-07-31,9,30.0
houston,2026-07-31,10,31.667
houston,2026-07-31,11,32.222
houston,2026-07-31,12,32.778
houston,2026-07-31,13,33.889
houston,2026-07-31,14,34.444
houston,2026-07-31,15,35.556
houston,2026-07-31,16,35.556
houston,2026-07-31,17,35.556
houston,2026-07-31,18,35.556
houston,2026-07-31,19,35.556
houston,2026-07-31,20,35.556
houston,2026-07-31,21,35.556
houston,2026-07-31,22,35.556
houston,2026-07-31,23,35.556
houston,2026-08-01,0,26.667
houston,2026-08-01,1,26.667
houston,2026-08-01,2,26.667
houston,2026-08-01,3,26.667
houston,2026-08-01,4,26.667
houston,2026-08-01,5,26.667
houston,2026-08-01,6,26.667
houston,2026-08-01,7,27.222
houston,2026-08-01,8,28.889
houston,2026-08-01,9,30.556
houston,2026-08-01,10,31.111
houston,2026-08-01,11,32.778
houston,2026-08-01,12,33.889
houston,2026-08-01,13,34.444
houston,2026-08-01,14,34.444
houston,2026-08-01,15,34.444
houston,2026-08-01,16,34.444
houston,2026-08-01,17,34.444
houston,2026-08-01,18,34.444
houston,2026-08-01,19,34.444
houston,2026-08-01,20,34.444
houston,2026-08-01,21,34.444
houston,2026-08-01,22,34.444
houston,2026-08-01,23,34.444
houston,2026-08-02,0,28.333
houston,2026-08-02,1,28.333
houston,2026-08-02,2,28.333
houston,2026-08-02,3,28.333
houston,2026-08-02,4,28.333
houston,2026-08-02,5,28.333
houston,2026-08-02,6,28.333
houston,2026-08-02,7,28.333
houston,2026-08-02,8,30.0
houston,2026-08-02,9,31.667
houston,2026-08-02,10,32.222
houston,2026-08-02,11,33.333
houston,2026-08-02,12,34.444
houston,2026-08-02,13,35.556
houston,2026-08-02,14,35.556
houston,2026-08-02,15,36.667
houston,2026-08-02,16,36.667
houston,2026-08-02,17,36.667
houston,2026-08-02,18,36.667
houston,2026-08-02,19,36.667
houston,2026-08-02,20,36.667
houston,2026-08-02,21,36.667
houston,2026-08-02,22,36.667
houston,2026-08-02,23,36.667
houston,2026-08-03,0,27.778
houston,2026-08-03,1,27.778
houston,2026-08-03,2,27.778
houston,2026-08-03,3,27.778
houston,2026-08-03,4,27.778
houston,2026-08-03,5,27.778
houston,2026-08-03,6,27.778
houston,2026-08-03,7,27.778
houston,2026-08-03,8,28.889
houston,2026-08-03,9,30.0
houston,2026-08-03,10,31.667
houston,2026-08-03,11,33.333
houston,2026-08-03,12,33.889
houston,2026-08-03,13,34.444
houston,2026-08-03,14,35.556
houston,2026-08-03,15,35.556
houston,2026-08-03,16,35.556
houston,2026-08-03,17,35.556
houston,2026-08-03,18,35.556
houston,2026-08-03,19,35.556
houston,2026-08-03,20,35.556
houston,2026-08-03,21,35.556
houston,2026-08-03,22,35.556
houston,2026-08-03,23,35.556
houston,2026-08-04,0,26.667
houston,2026-08-04,1,26.667
houston,2026-08-04,2,26.667
houston,2026-08-04,3,26.667
houston,2026-08-04,4,26.667
houston,2026-08-04,5,26.667
houston,2026-08-04,6,26.667
houston,2026-08-04,7,27.222
houston,2026-08-04,8,28.889
houston,2026-08-04,9,30.556
houston,2026-08-04,10,31.667
houston,2026-08-04,11,33.333
houston,2026-08-04,12,33.889
houston,2026-08-04,13,35.0
houston,2026-08-04,14,35.0
houston,2026-08-04,15,35.0
houston,2026-08-04,16,35.0
houston,2026-08-04,17,35.0
houston,2026-08-04,18,35.0
houston,2026-08-04,19,35.0
houston,2026-08-04,20,35.0
houston,2026-08-04,21,35.0
houston,2026-08-04,22,35.0
houston,2026-08-04,23,35.0
houston,2026-08-05,0,27.778
houston,2026-08-05,1,27.778
houston,2026-08-05,2,27.778
houston,2026-08-05,3,27.778
houston,2026-08-05,4,27.778
houston,2026-08-05,5,27.778
houston,2026-08-05,6,27.778
houston,2026-08-05,7,27.778
houston,2026-08-05,8,28.889
houston,2026-08-05,9,30.0
houston,2026-08-05,10,31.667
houston,2026-08-05,11,32.778
houston,2026-08-05,12,32.778
houston,2026-08-05,13,34.444
houston,2026-08-05,14,35.556
houston,2026-08-05,15,35.556
houston,2026-08-05,16,35.556
houston,2026-08-05,17,35.556
houston,2026-08-05,18,35.556
houston,2026-08-05,19,35.556
houston,2026-08-05,20,35.556
houston,2026-08-05,21,35.556
houston,2026-08-05,22,35.556
houston,2026-08-05,23,35.556
houston,2026-08-06,0,27.778
houston,2026-08-06,1,27.778
houston,2026-08-06,2,27.778
houston,2026-08-06,3,27.778
houston,2026-08-06,4,27.778
houston,2026-08-06,5,27.778
houston,2026-08-06,6,27.778
houston,2026-08-06,7,27.778
houston,2026-08-06,8,29.444
houston,2026-08-06,9,31.111
houston,2026-08-06,10,32.222
houston,2026-08-06,11,33.333
houston,2026-08-06,12,33.333
houston,2026-08-06,13,33.333
houston,2026-08-06,14,33.333
houston,2026-08-06,15,33.333
houston,2026-08-06,16,33.333
houston,2026-08-06,17,33.333
houston,2026-08-06,18,33.333
houston,2026-08-06,19,33.333
houston,2026-08-06,20,33.333
houston,2026-08-06,21,33.333
houston,2026-08-06,22,33.333
houston,2026-08-06,23,33.333
houston,2026-08-07,0,27.222
houston,2026-08-07,1,27.222
houston,2026-08-07,2,27.222
houston,2026-08-07,3,27.222
houston,2026-08-07,4,27.222
houston,2026-08-07,5,27.222
houston,2026-08-07,6,27.222
houston,2026-08-07,7,27.778
houston,2026-08-07,8,29.444
houston,2026-08-07,9,30.0
houston,2026-08-07,10,30.556
houston,2026-08-07,11,31.667
houston,2026-08-07,12,33.333
houston,2026-08-07,13,33.889
houston,2026-08-07,14,33.889
houston,2026-08-07,15,33.889
houston,2026-08-07,16,33.889
houston,2026-08-07,17,33.889
houston,2026-08-07,18,33.889
houston,2026-08-07,19,33.889
houston,2026-08-07,20,33.889
houston,2026-08-07,21,33.889
houston,2026-08-07,22,33.889
houston,2026-08-07,23,33.889
houston,2026-08-08,0,26.667
houston,2026-08-08,1,26.667
houston,2026-08-08,2,26.667
houston,2026-08-08,3,26.667
houston,2026-08-08,4,26.667
houston,2026-08-08,5,26.667
houston,2026-08-08,6,26.667
houston,2026-08-08,7,27.778
houston,2026-08-08,8,29.444
houston,2026-08-08,9,30.556
houston,2026-08-08,10,31.667
houston,2026-08-08,11,32.778
houston,2026-08-08,12,32.778
houston,2026-08-08,13,32.778
houston,2026-08-08,14,32.778
houston,2026-08-08,15,32.778
houston,2026-08-08,16,33.333
houston,2026-08-08,17,33.333
houston,2026-08-08,18,33.333
houston,2026-08-08,19,33.333
houston,2026-08-08,20,33.333
houston,2026-08-08,21,33.333
houston,2026-08-08,22,33.333
houston,2026-08-08,23,33.333
houston,2026-08-09,0,27.778
houston,2026-08-09,1,27.778
houston,2026-08-09,2,27.778
houston,2026-08-09,3,27.778
houston,2026-08-09,4,27.778
houston,2026-08-09,5,27.778
houston,2026-08-09,6,27.778
houston,2026-08-09,7,27.778
houston,2026-08-09,8,29.444
houston,2026-08-09,9,29.444
houston,2026-08-09,10,31.667
houston,2026-08-09,11,32.778
houston,2026-08-09,12,33.333
houston,2026-08-09,13,33.333
houston,2026-08-09,14,33.333
houston,2026-08-09,15,33.333
houston,2026-08-09,16,33.889
houston,2026-08-09,17,33.889
houston,2026-08-09,18,33.889
houston,2026-08-09,19,33.889
houston,2026-08-09,20,33.889
houston,2026-08-09,21,33.889
houston,2026-08-09,22,33.889
houston,2026-08-09,23,33.889
houston,2026-08-10,0,27.222
houston,2026-08-10,1,27.778
houston,2026-08-10,2,27.778
houston,2026-08-10,3,27.778
houston,2026-08-10,4,27.778
houston,2026-08-10,5,27.778
houston,2026-08-10,6,27.778
houston,2026-08-10,7,28.333
houston,2026-08-10,8,29.444
houston,2026-08-10,9,29.444
houston,2026-08-10,10,29.444
houston,2026-08-10,11,29.444
houston,2026-08-10,12,30.0
houston,2026-08-10,13,30.0
houston,2026-08-10,14,30.0
houston,2026-08-10,15,30.0
houston,2026-08-10,16,30.0
houston,2026-08-10,17,30.0
houston,2026-08-10,18,30.0
houston,2026-08-10,19,30.0
houston,2026-08-10,20,30.0
houston,2026-08-10,21,30.0
houston,2026-08-10,22,30.0
houston,2026-08-10,23,30.0
houston,2026-08-11,0,25.0
houston,2026-08-11,1,25.556
houston,2026-08-11,2,25.556
houston,2026-08-11,3,25.556
houston,2026-08-11,4,25.556
houston,2026-08-11,5,25.556
houston,2026-08-11,6,25.556
houston,2026-08-11,7,26.667
houston,2026-08-11,8,28.889
houston,2026-08-11,9,30.0
houston,2026-08-11,10,31.111
houston,2026-08-11,11,32.222
houston,2026-08-11,12,32.222
houston,2026-08-11,13,32.778
houston,2026-08-11,14,33.333
houston,2026-08-11,15,33.333
houston,2026-08-11,16,33.333
houston,2026-08-11,17,33.333
houston,2026-08-11,18,33.333
houston,2026-08-11,19,33.333
houston,2026-08-11,20,33.333
houston,2026-08-11,21,33.333
houston,2026-08-11,22,33.333
houston,2026-08-11,23,33.333
houston,2026-08-12,0,27.222
houston,2026-08-12,1,27.222
houston,2026-08-12,2,27.222
houston,2026-08-12,3,27.222
houston,2026-08-12,4,27.222
houston,2026-08-12,5,27.222
houston,2026-08-12,6,27.222
houston,2026-08-12,7,27.778
houston,2026-08-12,8,30.0
houston,2026-08-12,9,30.556
houston,2026-08-12,10,32.222
houston,2026-08-12,11,32.778
houston,2026-08-12,12,33.889
houston,2026-08-12,13,35.0
houston,2026-08-12,14,35.0
houston,2026-08-12,15,35.0
houston,2026-08-12,16,35.0
houston,2026-08-12,17,35.0
houston,2026-08-12,18,35.0
houston,2026-08-12,19,35.0
houston,2026-08-12,20,35.0
houston,2026-08-12,21,35.0
houston,2026-08-12,22,35.0
houston,2026-08-12,23,35.0
houston,2026-08-13,0,27.778
houston,2026-08-13,1,27.778
houston,2026-08-13,2,27.778
houston,2026-08-13,3,27.778
houston,2026-08-13,4,27.778
houston,2026-08-13,5,27.778
houston,2026-08-13,6,27.778
houston,2026-08-13,7,27.778
houston,2026-08-13,8,29.444
houston,2026-08-13,9,31.111
houston,2026-08-13,10,32.222
houston,2026-08-13,11,33.333
houston,2026-08-13,12,34.444
houston,2026-08-13,13,34.444
houston,2026-08-13,14,35.0
houston,2026-08-13,15,35.0
houston,2026-08-13,16,35.0
houston,2026-08-13,17,35.0
houston,2026-08-13,18,35.0
houston,2026-08-13,19,35.0
houston,2026-08-13,20,35.0
houston,2026-08-13,21,35.0
houston,2026-08-13,22,35.0
houston,2026-08-13,23,35.0
houston,2026-08-14,0,27.778
houston,2026-08-14,1,27.778
houston,2026-08-14,2,27.778
houston,2026-08-14,3,27.778
houston,2026-08-14,4,27.778
houston,2026-08-14,5,27.778
houston,2026-08-14,6,27.778
houston,2026-08-14,7,27.778
houston,2026-08-14,8,29.444
houston,2026-08-14,9,31.111
houston,2026-08-14,10,32.222
houston,2026-08-14,11,32.222
houston,2026-08-14,12,33.333
houston,2026-08-14,13,33.333
houston,2026-08-14,14,33.333
houston,2026-08-14,15,33.889
houston,2026-08-14,16,33.889
houston,2026-08-14,17,33.889
houston,2026-08-14,18,33.889
houston,2026-08-14,19,33.889
houston,2026-08-14,20,33.889
houston,2026-08-14,21,33.889
houston,2026-08-14,22,33.889
houston,2026-08-14,23,33.889
houston,2026-08-15,0,28.333
houston,2026-08-15,1,28.333
houston,2026-08-15,2,28.333
houston,2026-08-15,3,28.333
houston,2026-08-15,4,28.333
houston,2026-08-15,5,28.333
houston,2026-08-15,6,28.333
houston,2026-08-15,7,28.333
houston,2026-08-15,8,29.444
houston,2026-08-15,9,31.111
houston,2026-08-15,10,32.222
houston,2026-08-15,11,32.778
houston,2026-08-15,12,33.889
houston,2026-08-15,13,34.444
houston,2026-08-15,14,35.0
houston,2026-08-15,15,35.556
houston,2026-08-15,16,35.556
houston,2026-08-15,17,35.556
houston,2026-08-15,18,35.556
houston,2026-08-15,19,35.556
houston,2026-08-15,20,35.556
houston,2026-08-15,21,35.556
houston,2026-08-15,22,35.556
houston,2026-08-15,23,35.556
houston,2026-08-16,0,26.667
houston,2026-08-16,1,26.667
houston,2026-08-16,2,26.667
houston,2026-08-16,3,26.667
houston,2026-08-16,4,26.667
houston,2026-08-16,5,26.667
houston,2026-08-16,6,26.667
houston,2026-08-16,7,26.667
houston,2026-08-16,8,28.333
houston,2026-08-16,9,29.444
houston,2026-08-16,10,31.111
houston,2026-08-16,11,31.667
houston,2026-08-16,12,32.222
houston,2026-08-16,13,33.889
houston,2026-08-16,14,34.444
houston,2026-08-16,15,35.0
houston,2026-08-16,16,35.0
houston,2026-08-16,17,35.0
houston,2026-08-16,18,35.0
houston,2026-08-16,19,35.0
houston,2026-08-16,20,35.0
houston,2026-08-16,21,35.0
houston,2026-08-16,22,35.0
houston,2026-08-16,23,35.0
houston,2026-08-17,0,25.556
houston,2026-08-17,1,25.556
houston,2026-08-17,2,25.556
houston,2026-08-17,3,25.556
houston,2026-08-17,4,25.556
houston,2026-08-17,5,25.556
houston,2026-08-17,6,25.556
houston,2026-08-17,7,25.556
houston,2026-08-17,8,27.222
houston,2026-08-17,9,28.889
houston,2026-08-17,10,30.0
houston,2026-08-17,11,31.667
houston,2026-08-17,12,32.778
houston,2026-08-17,13,34.444
houston,2026-08-17,14,35.0
houston,2026-08-17,15,35.0
houston,2026-08-17,16,35.556
houston,2026-08-17,17,35.556
houston,2026-08-17,18,35.556
houston,2026-08-17,19,35.556
houston,2026-08-17,20,35.556
houston,2026-08-17,21,35.556
houston,2026-08-17,22,35.556
houston,2026-08-17,23,35.556
houston,2026-08-18,0,27.222
houston,2026-08-18,1,27.222
houston,2026-08-18,2,27.222
houston,2026-08-18,3,27.222
houston,2026-08-18,4,27.222
houston,2026-08-18,5,27.222
houston,2026-08-18,6,27.222
houston,2026-08-18,7,27.222
houston,2026-08-18,8,28.889
houston,2026-08-18,9,30.556
houston,2026-08-18,10,31.111
houston,2026-08-18,11,32.222
houston,2026-08-18,12,32.778
houston,2026-08-18,13,33.889
houston,2026-08-18,14,34.444
houston,2026-08-18,15,34.444
houston,2026-08-18,16,34.444
houston,2026-08-18,17,34.444
houston,2026-08-18,18,34.444
houston,2026-08-18,19,34.444
houston,2026-08-18,20,34.444
houston,2026-08-18,21,34.444
houston,2026-08-18,22,34.444
houston,2026-08-18,23,34.444
houston,2026-08-19,0,27.222
houston,2026-08-19,1,27.222
houston,2026-08-19,2,27.222
houston,2026-08-19,3,27.222
houston,2026-08-19,4,27.222
houston,2026-08-19,5,27.222
houston,2026-08-19,6,27.222
houston,2026-08-19,7,27.222
houston,2026-08-19,8,28.889
houston,2026-08-19,9,30.556
houston,2026-08-19,10,32.222
houston,2026-08-19,11,32.778
houston,2026-08-19,12,33.333
houston,2026-08-19,13,33.889
houston,2026-08-19,14,33.889
houston,2026-08-19,15,35.0
houston,2026-08-19,16,35.556
houston,2026-08-19,17,35.556
houston,2026-08-19,18,35.556
houston,2026-08-19,19,35.556
houston,2026-08-19,20,35.556
houston,2026-08-19,21,35.556
houston,2026-08-19,22,35.556
houston,2026-08-19,23,35.556
houston,2026-08-20,0,26.111
houston,2026-08-20,1,26.111
houston,2026-08-20,2,26.111
houston,2026-08-20,3,26.111
houston,2026-08-20,4,26.111
houston,2026-08-20,5,26.111
houston,2026-08-20,6,26.111
houston,2026-08-20,7,26.667
houston,2026-08-20,8,28.889
houston,2026-08-20,9,30.556
houston,2026-08-20,10,32.222
houston,2026-08-20,11,33.333
houston,2026-08-20,12,33.889
houston,2026-08-20,13,35.556
houston,2026-08-20,14,35.556
houston,2026-08-20,15,36.111
houston,2026-08-20,16,36.111
houston,2026-08-20,17,36.111
houston,2026-08-20,18,36.111
houston,2026-08-20,19,36.111
houston,2026-08-20,20,36.111
houston,2026-08-20,21,36.111
houston,2026-08-20,22,36.111
houston,2026-08-20,23,36.111
houston,2026-08-21,0,27.222
houston,2026-08-21,1,27.222
houston,2026-08-21,2,27.222
houston,2026-08-21,3,27.222
houston,2026-08-21,4,27.222
houston,2026-08-21,5,27.222
houston,2026-08-21,6,27.222
houston,2026-08-21,7,27.222
houston,2026-08-21,8,28.889
houston,2026-08-21,9,30.556
houston,2026-08-21,10,32.222
houston,2026-08-21,11,33.889
houston,2026-08-21,12,35.0
houston,2026-08-21,13,35.0
houston,2026-08-21,14,36.111
houston,2026-08-21,15,36.667
houston,2026-08-21,16,36.667
houston,2026-08-21,17,36.667
houston,2026-08-21,18,36.667
houston,2026-08-21,19,36.667
houston,2026-08-21,20,36.667
houston,2026-08-21,21,36.667
houston,2026-08-21,22,36.667
houston,2026-08-21,23,36.667
houston,2026-08-22,0,27.778
houston,2026-08-22,1,27.778
houston,2026-08-22,2,27.778
houston,2026-08-22,3,27.778
houston,2026-08-22,4,27.778
houston,2026-08-22,5,27.778
houston,2026-08-22,6,27.778
houston,2026-08-22,7,27.778
houston,2026-08-22,8,28.333
houston,2026-08-22,9,30.556
houston,2026-08-22,10,32.222
houston,2026-08-22,11,33.889
houston,2026-08-22,12,35.0
houston,2026-08-22,13,36.111
houston,2026-08-22,14,37.222
houston,2026-08-22,15,37.778
houston,2026-08-22,16,37.778
houston,2026-08-22,17,37.778
houston,2026-08-22,18,37.778
houston,2026-08-22,19,37.778
houston,2026-08-22,20,37.778
houston,2026-08-22,21,37.778
houston,2026-08-22,22,37.778
houston,2026-08-22,23,37.778
houston,2026-08-23,0,27.778
houston,2026-08-23,1,27.778
houston,2026-08-23,2,27.778
houston,2026-08-23,3,27.778
houston,2026-08-23,4,27.778
houston,2026-08-23,5,27.778
houston,2026-08-23,6,27.778
houston,2026-08-23,7,27.778
houston,2026-08-23,8,27.778
houston,2026-08-23,9,28.333
houston,2026-08-23,10,30.0
houston,2026-08-23,11,32.222
houston,2026-08-23,12,34.444
houston,2026-08-23,13,34.444
houston,2026-08-23,14,36.111
houston,2026-08-23,15,36.667
houston,2026-08-23,16,36.667
houston,2026-08-23,17,36.667
houston,2026-08-23,18,36.667
houston,2026-08-23,19,36.667
houston,2026-08-23,20,36.667
houston,2026-08-23,21,36.667
houston,2026-08-23,22,36.667
houston,2026-08-23,23,36.667
houston,2026-08-24,0,26.667
houston,2026-08-24,1,26.667
houston,2026-08-24,2,26.667
houston,2026-08-24,3,26.667
houston,2026-08-24,4,26.667
houston,2026-08-24,5,26.667
houston,2026-08-24,6,26.667
houston,2026-08-24,7,26.667
houston,2026-08-24,8,28.889
houston,2026-08-24,9,29.444
houston,2026-08-24,10,31.667
houston,2026-08-24,11,32.778
houston,2026-08-24,12,33.889
houston,2026-08-24,13,35.556
houston,2026-08-24,14,36.111
houston,2026-08-24,15,36.667
houston,2026-08-24,16,36.667
houston,2026-08-24,17,36.667
houston,2026-08-24,18,36.667
houston,2026-08-24,19,36.667
houston,2026-08-24,20,36.667
houston,2026-08-24,21,36.667
houston,2026-08-24,22,36.667
houston,2026-08-24,23,36.667
houston,2026-08-25,0,27.222
houston,2026-08-25,1,27.222
houston,2026-08-25,2,27.222
houston,2026-08-25,3,27.222
houston,2026-08-25,4,27.222
houston,2026-08-25,5,27.222
houston,2026-08-25,6,27.222
houston,2026-08-25,7,27.222
houston,2026-08-25,8,28.889
houston,2026-08-25,9,30.556
houston,2026-08-25,10,32.222
houston,2026-08-25,11,32.222
houston,2026-08-25,12,33.889
houston,2026-08-25,13,35.556
houston,2026-08-25,14,35.556
houston,2026-08-25,15,36.111
houston,2026-08-25,16,36.111
houston,2026-08-25,17,36.111
houston,2026-08-25,18,36.111
houston,2026-08-25,19,36.111
houston,2026-08-25,20,36.111
houston,2026-08-25,21,36.111
houston,2026-08-25,22,36.111
houston,2026-08-25,23,36.111
houston,2026-08-26,0,27.778
houston,2026-08-26,1,28.333
houston,2026-08-26,2,28.333
houston,2026-08-26,3,28.333
houston,2026-08-26,4,28.333
houston,2026-08-26,5,28.333
houston,2026-08-26,6,28.333
houston,2026-08-26,7,28.333
houston,2026-08-26,8,29.444
houston,2026-08-26,9,30.556
houston,2026-08-26,10,32.222
houston,2026-08-26,11,32.778
houston,2026-08-26,12,34.444
houston,2026-08-26,13,35.556
houston,2026-08-26,14,36.111
houston,2026-08-26,15,36.667
houston,2026-08-26,16,36.667
houston,2026-08-26,17,36.667
houston,2026-08-26,18,36.667
houston,2026-08-26,19,36.667
houston,2026-08-26,20,36.667
houston,2026-08-26,21,36.667
houston,2026-08-26,22,36.667
houston,2026-08-26,23,36.667
houston,2026-08-27,0,28.333
houston,2026-08-27,1,28.333
houston,2026-08-27,2,28.333
houston,2026-08-27,3,28.333
houston,2026-08-27,4,28.333
houston,2026-08-27,5,28.333
houston,2026-08-27,6,28.333
houston,2026-08-27,7,28.333
houston,2026-08-27,8,29.444
houston,2026-08-27,9,30.0
houston,2026-08-27,10,30.0
houston,2026-08-27,11,31.667
houston,2026-08-27,12,32.778
houston,2026-08-27,13,33.333
houston,2026-08-27,14,34.444
houston,2026-08-27,15,36.111
houston,2026-08-27,16,36.111
houston,2026-08-27,17,36.111
houston,2026-08-27,18,36.111
houston,2026-08-27,19,36.111
houston,2026-08-27,20,36.111
houston,2026-08-27,21,36.111
houston,2026-08-27,22,36.111
houston,2026-08-27,23,36.111
houston,2026-08-28,0,28.333
houston,2026-08-28,1,28.333
houston,2026-08-28,2,28.333
houston,2026-08-28,3,28.333
houston,2026-08-28,4,28.333
houston,2026-08-28,5,28.333
houston,2026-08-28,6,28.333
houston,2026-08-28,7,28.333
houston,2026-08-28,8,29.444
houston,2026-08-28,9,31.111
houston,2026-08-28,10,32.222
houston,2026-08-28,11,33.333
houston,2026-08-28,12,35.0
houston,2026-08-28,13,35.0
houston,2026-08-28,14,35.0
houston,2026-08-28,15,35.0
houston,2026-08-28,16,35.0
houston,2026-08-28,17,35.0
houston,2026-08-28,18,35.0
houston,2026-08-28,19,35.0
houston,2026-08-28,20,35.0
houston,2026-08-28,21,35.0
houston,2026-08-28,22,35.0
houston,2026-08-28,23,35.0
houston,2026-08-29,0,25.556
houston,2026-08-29,1,25.556
houston,2026-08-29,2,25.556
houston,2026-08-29,3,25.556
houston,2026-08-29,4,25.556
houston,2026-08-29,5,25.556
houston,2026-08-29,6,25.556
houston,2026-08-29,7,26.111
houston,2026-08-29,8,28.333
houston,2026-08-29,9,29.444
houston,2026-08-29,10,31.111
houston,2026-08-29,11,32.222
houston,2026-08-29,12,32.222
houston,2026-08-29,13,33.889
houston,2026-08-29,14,34.444
houston,2026-08-29,15,35.0
houston,2026-08-29,16,35.0
houston,2026-08-29,17,35.0
houston,2026-08-29,18,35.0
houston,2026-08-29,19,35.0
houston,2026-08-29,20,35.0
houston,2026-08-29,21,35.0
houston,2026-08-29,22,35.0
houston,2026-08-29,23,35.0
houston,2026-08-30,0,26.111
houston,2026-08-30,1,26.111
houston,2026-08-30,2,26.111
houston,2026-08-30,3,26.111
houston,2026-08-30,4,26.111
houston,2026-08-30,5,26.111
houston,2026-08-30,6,26.111
houston,2026-08-30,7,26.667
houston,2026-08-30,8,28.333
houston,2026-08-30,9,29.444
houston,2026-08-30,10,31.111
houston,2026-08-30,11,31.667
houston,2026-08-30,12,33.333
houston,2026-08-30,13,34.444
houston,2026-08-30,14,35.0
houston,2026-08-30,15,35.556
houston,2026-08-30,16,35.556
houston,2026-08-30,17,35.556
houston,2026-08-30,18,35.556
houston,2026-08-30,19,35.556
houston,2026-08-30,20,35.556
houston,2026-08-30,21,35.556
houston,2026-08-30,22,35.556
houston,2026-08-30,23,35.556
houston,2026-08-31,0,26.667
houston,2026-08-31,1,26.667
houston,2026-08-31,2,26.667
houston,2026-08-31,3,26.667
houston,2026-08-31,4,26.667
houston,2026-08-31,5,26.667
houston,2026-08-31,6,26.667
houston,2026-08-31,7,26.667
houston,2026-08-31,8,28.333
houston,2026-08-31,9,30.556
houston,2026-08-31,10,30.556
houston,2026-08-31,11,31.667
houston,2026-08-31,12,31.667
houston,2026-08-31,13,31.667
houston,2026-08-31,14,31.667
houston,2026-08-31,15,32.222
houston,2026-08-31,16,32.222
houston,2026-08-31,17,32.222
houston,2026-08-31,18,32.222
houston,2026-08-31,19,32.222
houston,2026-08-31,20,32.222
houston,2026-08-31,21,32.222
houston,2026-08-31,22,32.222
houston,2026-08-31,23,32.222
houston,2026-09-01,0,27.778
houston,2026-09-01,1,27.778
houston,2026-09-01,2,27.778
houston,2026-09-01,3,27.778
houston,2026-09-01,4,27.778
houston,2026-09-01,5,27.778
houston,2026-09-01,6,27.778
houston,2026-09-01,7,27.778
houston,2026-09-01,8,27.778
houston,2026-09-01,9,28.889
houston,2026-09-01,10,30.556
houston,2026-09-01,11,30.556
houston,2026-09-01,12,30.556
houston,2026-09-01,13,30.556
houston,2026-09-01,14,30.556
houston,2026-09-01,15,30.556
houston,2026-09-01,16,30.556
houston,2026-09-01,17,30.556
houston,2026-09-01,18,30.556
houston,2026-09-01,19,30.556
houston,2026-09-01,20,30.556
houston,2026-09-01,21,30.556
houston,2026-09-01,22,30.556
houston,2026-09-01,23,30.556
houston,2026-09-02,0,27.778
houston,2026-09-02,1,27.778
houston,2026-09-02,2,27.778
houston,2026-09-02,3,27.778
houston,2026-09-02,4,27.778
houston,2026-09-02,5,27.778
houston,2026-09-02,6,27.778
houston,2026-09-02,7,27.778
houston,2026-09-02,8,27.778
houston,2026-09-02,9,28.889
houston,2026-09-02,10,30.0
houston,2026-09-02,11,32.778
houston,2026-09-02,12,33.889
houston,2026-09-02,13,33.889
houston,2026-09-02,14,33.889
houston,2026-09-02,15,34.444
houston,2026-09-02,16,35.0
houston,2026-09-02,17,35.0
houston,2026-09-02,18,35.0
houston,2026-09-02,19,35.0
houston,2026-09-02,20,35.0
houston,2026-09-02,21,35.0
houston,2026-09-02,22,35.0
houston,2026-09-02,23,35.0
houston,2026-09-03,0,28.333
houston,2026-09-03,1,28.333
houston,2026-09-03,2,28.333
houston,2026-09-03,3,28.333
houston,2026-09-03,4,28.333
houston,2026-09-03,5,28.333
houston,2026-09-03,6,28.333
houston,2026-09-03,7,28.333
houston,2026-09-03,8,28.333
houston,2026-09-03,9,28.333
houston,2026-09-03,10,28.889
houston,2026-09-03,11,31.111
houston,2026-09-03,12,32.222
houston,2026-09-03,13,33.333
houston,2026-09-03,14,33.333
houston,2026-09-03,15,33.333
houston,2026-09-03,16,33.333
houston,2026-09-03,17,33.333
houston,2026-09-03,18,33.333
houston,2026-09-03,19,33.333
houston,2026-09-03,20,33.333
houston,2026-09-03,21,33.333
houston,2026-09-03,22,33.333
houston,2026-09-03,23,33.333
houston,2026-09-04,0,27.222
houston,2026-09-04,1,27.222
houston,2026-09-04,2,27.222
houston,2026-09-04,3,27.222
houston,2026-09-04,4,27.222
houston,2026-09-04,5,27.222
houston,2026-09-04,6,27.222
houston,2026-09-04,7,27.778
houston,2026-09-04,8,29.444
houston,2026-09-04,9,29.444
houston,2026-09-04,10,29.444
houston,2026-09-04,11,30.0
houston,2026-09-04,12,31.111
houston,2026-09-04,13,32.222
houston,2026-09-04,14,32.222
houston,2026-09-04,15,32.222
houston,2026-09-04,16,32.778
houston,2026-09-04,17,32.778
houston,2026-09-04,18,32.778
houston,2026-09-04,19,32.778
houston,2026-09-04,20,32.778
houston,2026-09-04,21,32.778
houston,2026-09-04,22,32.778
houston,2026-09-04,23,32.778
houston,2026-09-05,0,27.222
houston,2026-09-05,1,27.222
houston,2026-09-05,2,27.222
houston,2026-09-05,3,27.222
houston,2026-09-05,4,27.222
houston,2026-09-05,5,27.222
houston,2026-09-05,6,27.222
houston,2026-09-05,7,27.222
houston,2026-09-05,8,28.889
houston,2026-09-05,9,30.556
houston,2026-09-05,10,30.556
houston,2026-09-05,11,30.556
houston,2026-09-05,12,30.556
houston,2026-09-05,13,31.111
houston,2026-09-05,14,32.778
houston,2026-09-05,15,32.778
houston,2026-09-05,16,32.778
houston,2026-09-05,17,32.778
houston,2026-09-05,18,32.778
houston,2026-09-05,19,32.778
houston,2026-09-05,20,32.778
houston,2026-09-05,21,32.778
houston,2026-09-05,22,32.778
houston,2026-09-05,23,32.778
houston,2026-09-06,0,27.222
houston,2026-09-06,1,27.778
houston,2026-09-06,2,27.778
houston,2026-09-06,3,27.778
houston,2026-09-06,4,27.778
houston,2026-09-06,5,27.778
houston,2026-09-06,6,27.778
houston,2026-09-06,7,27.778
houston,2026-09-06,8,29.444
houston,2026-09-06,9,30.556
houston,2026-09-06,10,30.556
houston,2026-09-06,11,30.556
houston,2026-09-06,12,30.556
houston,2026-09-06,13,30.556
houston,2026-09-06,14,31.667
houston,2026-09-06,15,31.667
houston,2026-09-06,16,31.667
houston,2026-09-06,17,31.667
houston,2026-09-06,18,31.667
houston,2026-09-06,19,31.667
houston,2026-09-06,20,31.667
houston,2026-09-06,21,31.667
houston,2026-09-06,22,31.667
houston,2026-09-06,23,31.667
houston,2026-09-07,0,26.667
houston,2026-09-07,1,26.667
houston,2026-09-07,2,26.667
houston,2026-09-07,3,26.667
houston,2026-09-07,4,26.667
houston,2026-09-07,5,26.667
houston,2026-09-07,6,26.667
houston,2026-09-07,7,26.667
houston,2026-09-07,8,28.889
houston,2026-09-07,9,30.556
houston,2026-09-07,10,31.667
houston,2026-09-07,11,32.778
houston,2026-09-07,12,32.778
houston,2026-09-07,13,33.333
houston,2026-09-07,14,35.0
houston,2026-09-07,15,35.0
houston,2026-09-07,16,35.0
houston,2026-09-07,17,35.0
houston,2026-09-07,18,35.0
houston,2026-09-07,19,35.0
houston,2026-09-07,20,35.0
houston,2026-09-07,21,35.0
houston,2026-09-07,22,35.0
houston,2026-09-07,23,35.0
houston,2026-09-08,0,27.778
houston,2026-09-08,1,27.778
houston,2026-09-08,2,27.778
houston,2026-09-08,3,27.778
houston,2026-09-08,4,27.778
houston,2026-09-08,5,27.778
houston,2026-09-08,6,27.778
houston,2026-09-08,7,27.778
houston,2026-09-08,8,29.444
houston,2026-09-08,9,30.556
houston,2026-09-08,10,31.667
houston,2026-09-08,11,33.889
houston,2026-09-08,12,33.889
houston,2026-09-08,13,33.889
houston,2026-09-08,14,33.889
houston,2026-09-08,15,33.889
houston,2026-09-08,16,33.889
houston,2026-09-08,17,33.889
houston,2026-09-08,18,33.889
houston,2026-09-08,19,33.889
houston,2026-09-08,20,33.889
houston,2026-09-08,21,33.889
houston,2026-09-08,22,33.889
houston,2026-09-08,23,33.889
houston,2026-09-09,0,27.778
houston,2026-09-09,1,27.778
houston,2026-09-09,2,27.778
houston,2026-09-09,3,27.778
houston,2026-09-09,4,27.778
houston,2026-09-09,5,27.778
houston,2026-09-09,6,27.778
houston,2026-09-09,7,27.778
houston,2026-09-09,8,28.333
houston,2026-09-09,9,28.333
houston,2026-09-09,10,28.333
houston,2026-09-09,11,30.0
houston,2026-09-09,12,32.222
houston,2026-09-09,13,32.222
houston,2026-09-09,14,32.222
houston,2026-09-09,15,32.778
houston,2026-09-09,16,32.778
houston,2026-09-09,17,32.778
houston,2026-09-09,18,32.778
houston,2026-09-09,19,32.778
houston,2026-09-09,20,32.778
houston,2026-09-09,21,32.778
houston,2026-09-09,22,32.778
houston,2026-09-09,23,32.778
houston,2026-09-10,0,27.222
houston,2026-09-10,1,27.222
houston,2026-09-10,2,27.222
houston,2026-09-10,3,27.222
houston,2026-09-10,4,27.222
houston,2026-09-10,5,27.222
houston,2026-09-10,6,27.222
houston,2026-09-10,7,27.222
houston,2026-09-10,8,27.778
houston,2026-09-10,9,28.889
houston,2026-09-10,10,31.111
houston,2026-09-10,11,31.667
houston,2026-09-10,12,31.667
houston,2026-09-10,13,31.667
houston,2026-09-10,14,31.667
houston,2026-09-10,15,31.667
houston,2026-09-10,16,31.667
houston,2026-09-10,17,31.667
houston,2026-09-10,18,31.667
houston,2026-09-10,19,31.667
houston,2026-09-10,20,31.667
houston,2026-09-10,21,31.667
houston,2026-09-10,22,31.667
houston,2026-09-10,23,31.667
houston,2026-09-11,0,25.556
houston,2026-09-11,1,25.556
houston,2026-09-11,2,25.556
houston,2026-09-11,3,25.556
houston,2026-09-11,4,25.556
houston,2026-09-11,5,25.556
houston,2026-09-11,6,25.556
houston,2026-09-11,7,26.667
houston,2026-09-11,8,28.333
houston,2026-09-11,9,28.889
houston,2026-09-11,10,30.556
houston,2026-09-11,11,32.222
houston,2026-09-11,12,33.333
houston,2026-09-11,13,33.889
houston,2026-09-11,14,34.444
houston,2026-09-11,15,34.444
houston,2026-09-11,16,34.444
houston,2026-09-11,17,34.444
houston,2026-09-11,18,34.444
houston,2026-09-11,19,34.444
houston,2026-09-11,20,34.444
houston,2026-09-11,21,34.444
houston,2026-09-11,22,34.444
houston,2026-09-11,23,34.444
houston,2026-09-12,0,27.778
houston,2026-09-12,1,27.778
houston,2026-09-12,2,27.778
houston,2026-09-12,3,27.778
houston,2026-09-12,4,27.778
houston,2026-09-12,5,27.778
houston,2026-09-12,6,27.778
houston,2026-09-12,7,27.778
houston,2026-09-12,8,29.444
houston,2026-09-12,9,31.111
houston,2026-09-12,10,32.222
houston,2026-09-12,11,33.889
houston,2026-09-12,12,34.444
houston,2026-09-12,13,35.0
houston,2026-09-12,14,35.556
houston,2026-09-12,15,35.556
houston,2026-09-12,16,35.556
houston,2026-09-12,17,35.556
houston,2026-09-12,18,35.556
houston,2026-09-12,19,35.556
houston,2026-09-12,20,35.556
houston,2026-09-12,21,35.556
houston,2026-09-12,22,35.556
houston,2026-09-12,23,35.556
houston,2026-09-13,0,27.222
houston,2026-09-13,1,27.222
houston,2026-09-13,2,27.222
houston,2026-09-13,3,27.222
houston,2026-09-13,4,27.222
houston,2026-09-13,5,27.222
houston,2026-09-13,6,27.222
houston,2026-09-13,7,27.778
houston,2026-09-13,8,30.0
houston,2026-09-13,9,30.0
houston,2026-09-13,10,30.0
houston,2026-09-13,11,30.0
houston,2026-09-13,12,30.0
houston,2026-09-13,13,32.778
houston,2026-09-13,14,33.889
houston,2026-09-13,15,33.889
houston,2026-09-13,16,33.889
houston,2026-09-13,17,33.889
houston,2026-09-13,18,33.889
houston,2026-09-13,19,33.889
houston,2026-09-13,20,33.889
houston,2026-09-13,21,33.889
houston,2026-09-13,22,33.889
houston,2026-09-13,23,33.889
houston,2026-09-14,0,27.778
houston,2026-09-14,1,27.778
houston,2026-09-14,2,27.778
houston,2026-09-14,3,27.778
houston,2026-09-14,4,27.778
houston,2026-09-14,5,27.778
houston,2026-09-14,6,27.778
houston,2026-09-14,7,27.778
houston,2026-09-14,8,29.444
houston,2026-09-14,9,31.111
houston,2026-09-14,10,32.222
houston,2026-09-14,11,32.778
houston,2026-09-14,12,32.778
houston,2026-09-14,13,34.444
houston,2026-09-14,14,34.444
houston,2026-09-14,15,34.444
houston,2026-09-14,16,34.444
houston,2026-09-14,17,34.444
houston,2026-09-14,18,34.444
houston,2026-09-14,19,34.444
houston,2026-09-14,20,34.444
houston,2026-09-14,21,34.444
houston,2026-09-14,22,34.444
houston,2026-09-14,23,34.444
houston,2026-09-15,0,27.222
houston,2026-09-15,1,27.222
houston,2026-09-15,2,27.222
houston,2026-09-15,3,27.222
houston,2026-09-15,4,27.222
houston,2026-09-15,5,27.222
houston,2026-09-15,6,27.222
houston,2026-09-15,7,27.222
houston,2026-09-15,8,29.444
houston,2026-09-15,9,31.111
houston,2026-09-15,10,32.222
houston,2026-09-15,11,32.778
houston,2026-09-15,12,33.889
houston,2026-09-15,13,33.889
houston,2026-09-15,14,34.444
houston,2026-09-15,15,34.444
houston,2026-09-15,16,34.444
houston,2026-09-15,17,34.444
houston,2026-09-15,18,34.444
houston,2026-09-15,19,34.444
houston,2026-09-15,20,34.444
houston,2026-09-15,21,34.444
houston,2026-09-15,22,34.444
houston,2026-09-15,23,34.444
houston,2026-09-16,0,27.222
houston,2026-09-16,1,27.222
houston,2026-09-16,2,27.222
houston,2026-09-16,3,27.222
houston,2026-09-16,4,27.222
houston,2026-09-16,5,27.222
houston,2026-09-16,6,27.222
houston,2026-09-16,7,27.222
houston,2026-09-16,8,29.444
houston,2026-09-16,9,31.111
houston,2026-09-16,10,31.667
houston,2026-09-16,11,32.222
houston,2026-09-16,12,33.333
houston,2026-09-16,13,33.889
houston,2026-09-16,14,33.889
houston,2026-09-16,15,33.889
houston,2026-09-16,16,33.889
houston,2026-09-16,17,33.889
houston,2026-09-16,18,33.889
houston,2026-09-16,19,33.889
houston,2026-09-16,20,33.889
houston,2026-09-16,21,33.889
houston,2026-09-16,22,33.889
houston,2026-09-16,23,33.889
houston,2026-09-17,0,28.889
houston,2026-09-17,1,29.444
houston,2026-09-17,2,29.444
houston,2026-09-17,3,29.444
houston,2026-09-17,4,29.444
houston,2026-09-17,5,29.444
houston,2026-09-17,6,29.444
houston,2026-09-17,7,29.444
houston,2026-09-17,8,29.444
houston,2026-09-17,9,29.444
houston,2026-09-17,10,29.444
houston,2026-09-17,11,30.556
houston,2026-09-17,12,30.556
houston,2026-09-17,13,30.556
houston,2026-09-17,14,30.556
houston,2026-09-17,15,30.556
houston,2026-09-17,16,30.556
houston,2026-09-17,17,30.556
houston,2026-09-17,18,30.556
houston,2026-09-17,19,30.556
houston,2026-09-17,20,30.556
houston,2026-09-17,21,30.556
houston,2026-09-17,22,30.556
houston,2026-09-17,23,30.556
houston,2026-09-18,0,26.111
houston,2026-09-18,1,26.111
houston,2026-09-18,2,26.111
houston,2026-09-18,3,26.111
houston,2026-09-18,4,26.111
houston,2026-09-18,5,26.667
houston,2026-09-18,6,26.667
houston,2026-09-18,7,27.222
houston,2026-09-18,8,28.333
houston,2026-09-18,9,30.0
houston,2026-09-18,10,31.111
houston,2026-09-18,11,31.111
houston,2026-09-18,12,31.667
houston,2026-09-18,13,32.778
houston,2026-09-18,14,33.333
houston,2026-09-18,15,33.333
houston,2026-09-18,16,33.333
houston,2026-09-18,17,33.333
houston,2026-09-18,18,33.333
houston,2026-09-18,19,33.333
houston,2026-09-18,20,33.333
houston,2026-09-18,21,33.333
houston,2026-09-18,22,33.333
houston,2026-09-18,23,33.333
houston,2026-09-19,0,26.667
houston,2026-09-19,1,26.667
houston,2026-09-19,2,26.667
houston,2026-09-19,3,26.667
houston,2026-09-19,4,26.667
houston,2026-09-19,5,26.667
houston,2026-09-19,6,26.667
houston,2026-09-19,7,26.667
houston,2026-09-19,8,28.333
houston,2026-09-19,9,29.444
houston,2026-09-19,10,30.0
houston,2026-09-19,11,31.111
houston,2026-09-19,12,32.222
houston,2026-09-19,13,32.222
houston,2026-09-19,14,33.333
houston,2026-09-19,15,33.333
houston,2026-09-19,16,33.333
houston,2026-09-19,17,33.333
houston,2026-09-19,18,33.333
houston,2026-09-19,19,33.333
houston,2026-09-19,20,33.333
houston,2026-09-19,21,33.333
houston,2026-09-19,22,33.333
houston,2026-09-19,23,33.333
houston,2026-09-20,0,25.556
houston,2026-09-20,1,25.556
houston,2026-09-20,2,25.556
houston,2026-09-20,3,25.556
houston,2026-09-20,4,25.556
houston,2026-09-20,5,25.556
houston,2026-09-20,6,25.556
houston,2026-09-20,7,26.667
houston,2026-09-20,8,28.333
houston,2026-09-20,9,29.444
houston,2026-09-20,10,30.556
houston,2026-09-20,11,32.222
houston,2026-09-20,12,32.222
houston,2026-09-20,13,33.333
houston,2026-09-20,14,33.333
houston,2026-09-20,15,33.333
houston,2026-09-20,16,33.333
houston,2026-09-20,17,33.333
houston,2026-09-20,18,33.333
houston,2026-09-20,19,33.333
houston,2026-09-20,20,33.333
houston,2026-09-20,21,33.333
houston,2026-09-20,22,33.333
houston,2026-09-20,23,33.333
houston,2026-09-21,0,27.778
houston,2026-09-21,1,27.778
houston,2026-09-21,2,27.778
houston,2026-09-21,3,27.778
houston,2026-09-21,4,27.778
houston,2026-09-21,5,27.778
houston,2026-09-21,6,27.778
houston,2026-09-21,7,27.778
houston,2026-09-21,8,28.889
houston,2026-09-21,9,30.0
houston,2026-09-21,10,30.556
houston,2026-09-21,11,32.222
houston,2026-09-21,12,33.333
houston,2026-09-21,13,33.333
houston,2026-09-21,14,33.333
houston,2026-09-21,15,33.333
houston,2026-09-21,16,33.333
houston,2026-09-21,17,33.333
houston,2026-09-21,18,33.333
houston,2026-09-21,19,33.333
houston,2026-09-21,20,33.333
houston,2026-09-21,21,33.333
houston,2026-09-21,22,33.333
houston,2026-09-21,23,33.333
houston,2026-09-22,0,26.667
houston,2026-09-22,1,26.667
houston,2026-09-22,2,26.667
houston,2026-09-22,3,26.667
houston,2026-09-22,4,26.667
houston,2026-09-22,5,26.667
houston,2026-09-22,6,26.667
houston,2026-09-22,7,26.667
houston,2026-09-22,8,28.333
houston,2026-09-22,9,29.444
houston,2026-09-22,10,31.111
houston,2026-09-22,11,32.778
houston,2026-09-22,12,33.333
houston,2026-09-22,13,34.444
houston,2026-09-22,14,35.0
houston,2026-09-22,15,35.0
houston,2026-09-22,16,35.556
houston,2026-09-22,17,35.556
houston,2026-09-22,18,35.556
houston,2026-09-22,19,35.556
houston,2026-09-22,20,35.556
houston,2026-09-22,21,35.556
houston,2026-09-22,22,35.556
houston,2026-09-22,23,35.556
houston,2026-09-23,0,27.778
houston,2026-09-23,1,27.778
houston,2026-09-23,2,27.778
houston,2026-09-23,3,27.778
houston,2026-09-23,4,27.778
houston,2026-09-23,5,27.778
houston,2026-09-23,6,27.778
houston,2026-09-23,7,27.778
houston,2026-09-23,8,28.889
houston,2026-09-23,9,30.556
houston,2026-09-23,10,31.667
houston,2026-09-23,11,32.778
houston,2026-09-23,12,33.333
houston,2026-09-23,13,34.444
houston,2026-09-23,14,34.444
houston,2026-09-23,15,34.444
houston,2026-09-23,16,34.444
houston,2026-09-23,17,34.444
houston,2026-09-23,18,34.444
houston,2026-09-23,19,34.444
houston,2026-09-23,20,34.444
houston,2026-09-23,21,34.444
houston,2026-09-23,22,34.444
houston,2026-09-23,23,34.444
houston,2026-09-24,0,27.778
houston,2026-09-24,1,27.778
houston,2026-09-24,2,27.778
houston,2026-09-24,3,27.778
houston,2026-09-24,4,27.778
houston,2026-09-24,5,27.778
houston,2026-09-24,6,27.778
houston,2026-09-24,7,27.778
houston,2026-09-24,8,28.333
houston,2026-09-24,9,29.444
houston,2026-09-24,10,30.556
houston,2026-09-24,11,31.667
houston,2026-09-24,12,32.778
houston,2026-09-24,13,33.333
houston,2026-09-24,14,33.333
houston,2026-09-24,15,33.333
houston,2026-09-24,16,33.333
houston,2026-09-24,17,33.333
houston,2026-09-24,18,33.333
houston,2026-09-24,19,33.333
houston,2026-09-24,20,33.333
houston,2026-09-24,21,33.333
houston,2026-09-24,22,33.333
houston,2026-09-24,23,33.333
atlanta,2026-05-25,0,22.222
atlanta,2026-05-25,1,22.222
atlanta,2026-05-25,2,22.222
atlanta,2026-05-25,3,22.222
atlanta,2026-05-25,4,22.222
atlanta,2026-05-25,5,22.222
atlanta,2026-05-25,6,22.222
atlanta,2026-05-25,7,22.222
atlanta,2026-05-25,8,22.222
atlanta,2026-05-25,9,22.222
atlanta,2026-05-25,10,23.333
atlanta,2026-05-25,11,23.889
atlanta,2026-05-25,12,25.556
atlanta,2026-05-25,13,25.556
atlanta,2026-05-25,14,25.556
atlanta,2026-05-25,15,25.556
atlanta,2026-05-25,16,26.111
atlanta,2026-05-25,17,26.111
atlanta,2026-05-25,18,26.111
atlanta,2026-05-25,19,26.111
atlanta,2026-05-25,20,26.111
atlanta,2026-05-25,21,26.111
atlanta,2026-05-25,22,26.111
atlanta,2026-05-25,23,26.111
atlanta,2026-05-26,0,21.111
atlanta,2026-05-26,1,21.111
atlanta,2026-05-26,2,21.111
atlanta,2026-05-26,3,21.111
atlanta,2026-05-26,4,21.667
atlanta,2026-05-26,5,21.667
atlanta,2026-05-26,6,21.667
atlanta,2026-05-26,7,22.222
atlanta,2026-05-26,8,22.222
atlanta,2026-05-26,9,22.778
atlanta,2026-05-26,10,24.444
atlanta,2026-05-26,11,25.0
atlanta,2026-05-26,12,27.222
atlanta,2026-05-26,13,27.222
atlanta,2026-05-26,14,27.222
atlanta,2026-05-26,15,27.222
atlanta,2026-05-26,16,27.222
atlanta,2026-05-26,17,27.222
atlanta,2026-05-26,18,27.222
atlanta,2026-05-26,19,27.222
atlanta,2026-05-26,20,27.222
atlanta,2026-05-26,21,27.222
atlanta,2026-05-26,22,27.222
atlanta,2026-05-26,23,27.222
atlanta,2026-05-27,0,22.222
atlanta,2026-05-27,1,22.222
atlanta,2026-05-27,2,22.222
atlanta,2026-05-27,3,22.222
atlanta,2026-05-27,4,22.222
atlanta,2026-05-27,5,22.222
atlanta,2026-05-27,6,22.222
atlanta,2026-05-27,7,22.222
atlanta,2026-05-27,8,22.778
atlanta,2026-05-27,9,23.333
atlanta,2026-05-27,10,25.0
atlanta,2026-05-27,11,26.111
atlanta,2026-05-27,12,26.667
atlanta,2026-05-27,13,27.778
atlanta,2026-05-27,14,28.333
atlanta,2026-05-27,15,28.889
atlanta,2026-05-27,16,28.889
atlanta,2026-05-27,17,28.889
atlanta,2026-05-27,18,28.889
atlanta,2026-05-27,19,28.889
atlanta,2026-05-27,20,28.889
atlanta,2026-05-27,21,28.889
atlanta,2026-05-27,22,28.889
atlanta,2026-05-27,23,28.889
atlanta,2026-05-28,0,23.333
atlanta,2026-05-28,1,23.333
atlanta,2026-05-28,2,23.333
atlanta,2026-05-28,3,23.333
atlanta,2026-05-28,4,23.333
atlanta,2026-05-28,5,23.333
atlanta,2026-05-28,6,23.333
atlanta,2026-05-28,7,23.333
atlanta,2026-05-28,8,24.444
atlanta,2026-05-28,9,26.111
atlanta,2026-05-28,10,27.778
atlanta,2026-05-28,11,27.778
atlanta,2026-05-28,12,28.333
atlanta,2026-05-28,13,30.0
atlanta,2026-05-28,14,30.0
atlanta,2026-05-28,15,30.0
atlanta,2026-05-28,16,30.0
atlanta,2026-05-28,17,30.0
atlanta,2026-05-28,18,30.0
atlanta,2026-05-28,19,30.0
atlanta,2026-05-28,20,30.0
atlanta,2026-05-28,21,30.0
atlanta,2026-05-28,22,30.0
atlanta,2026-05-28,23,30.0
atlanta,2026-05-29,0,23.889
atlanta,2026-05-29,1,24.444
atlanta,2026-05-29,2,24.444
atlanta,2026-05-29,3,24.444
atlanta,2026-05-29,4,24.444
atlanta,2026-05-29,5,24.444
atlanta,2026-05-29,6,24.444
atlanta,2026-05-29,7,24.444
atlanta,2026-05-29,8,24.444
atlanta,2026-05-29,9,24.444
atlanta,2026-05-29,10,25.556
atlanta,2026-05-29,11,26.667
atlanta,2026-05-29,12,26.667
atlanta,2026-05-29,13,27.778
atlanta,2026-05-29,14,27.778
atlanta,2026-05-29,15,28.333
atlanta,2026-05-29,16,28.333
atlanta,2026-05-29,17,28.333
atlanta,2026-05-29,18,28.333
atlanta,2026-05-29,19,28.333
atlanta,2026-05-29,20,28.333
atlanta,2026-05-29,21,28.333
atlanta,2026-05-29,22,28.333
atlanta,2026-05-29,23,28.333
atlanta,2026-05-30,0,21.667
atlanta,2026-05-30,1,21.667
atlanta,2026-05-30,2,21.667
atlanta,2026-05-30,3,21.667
atlanta,2026-05-30,4,21.667
atlanta,2026-05-30,5,21.667
atlanta,2026-05-30,6,21.667
atlanta,2026-05-30,7,21.667
atlanta,2026-05-30,8,22.778
atlanta,2026-05-30,9,23.889
atlanta,2026-05-30,10,24.444
atlanta,2026-05-30,11,25.556
atlanta,2026-05-30,12,27.222
atlanta,2026-05-30,13,27.778
atlanta,2026-05-30,14,27.778
atlanta,2026-05-30,15,28.889
atlanta,2026-05-30,16,28.889
atlanta,2026-05-30,17,28.889
atlanta,2026-05-30,18,28.889
atlanta,2026-05-30,19,28.889
atlanta,2026-05-30,20,28.889
atlanta,2026-05-30,21,28.889
atlanta,2026-05-30,22,28.889
atlanta,2026-05-30,23,28.889
atlanta,2026-05-31,0,23.889
atlanta,2026-05-31,1,23.889
atlanta,2026-05-31,2,23.889
atlanta,2026-05-31,3,23.889
atlanta,2026-05-31,4,23.889
atlanta,2026-05-31,5,23.889
atlanta,2026-05-31,6,23.889
atlanta,2026-05-31,7,23.889
atlanta,2026-05-31,8,23.889
atlanta,2026-05-31,9,23.889
atlanta,2026-05-31,10,23.889
atlanta,2026-05-31,11,23.889
atlanta,2026-05-31,12,23.889
atlanta,2026-05-31,13,23.889
atlanta,2026-05-31,14,23.889
atlanta,2026-05-31,15,23.889
atlanta,2026-05-31,16,23.889
atlanta,2026-05-31,17,23.889
atlanta,2026-05-31,18,23.889
atlanta,2026-05-31,19,23.889
atlanta,2026-05-31,20,23.889
atlanta,2026-05-31,21,23.889
atlanta,2026-05-31,22,23.889
atlanta,2026-05-31,23,23.889
atlanta,2026-06-01,0,18.333
atlanta,2026-06-01,1,18.889
atlanta,2026-06-01,2,18.889
atlanta,2026-06-01,3,18.889
atlanta,2026-06-01,4,18.889
atlanta,2026-06-01,5,18.889
atlanta,2026-06-01,6,18.889
atlanta,2026-06-01,7,19.444
atlanta,2026-06-01,8,20.556
atlanta,2026-06-01,9,21.667
atlanta,2026-06-01,10,22.222
atlanta,2026-06-01,11,22.778
atlanta,2026-06-01,12,23.889
atlanta,2026-06-01,13,26.111
atlanta,2026-06-01,14,27.778
atlanta,2026-06-01,15,28.889
atlanta,2026-06-01,16,28.889
atlanta,2026-06-01,17,28.889
atlanta,2026-06-01,18,28.889
atlanta,2026-06-01,19,28.889
atlanta,2026-06-01,20,28.889
atlanta,2026-06-01,21,28.889
atlanta,2026-06-01,22,28.889
atlanta,2026-06-01,23,28.889
atlanta,2026-06-02,0,22.222
atlanta,2026-06-02,1,22.222
atlanta,2026-06-02,2,22.222
atlanta,2026-06-02,3,22.222
atlanta,2026-06-02,4,22.222
atlanta,2026-06-02,5,22.222
atlanta,2026-06-02,6,22.222
atlanta,2026-06-02,7,22.222
atlanta,2026-06-02,8,22.778
atlanta,2026-06-02,9,24.444
atlanta,2026-06-02,10,24.444
atlanta,2026-06-02,11,26.667
atlanta,2026-06-02,12,27.778
atlanta,2026-06-02,13,27.778
atlanta,2026-06-02,14,27.778
atlanta,2026-06-02,15,27.778
atlanta,2026-06-02,16,27.778
atlanta,2026-06-02,17,27.778
atlanta,2026-06-02,18,27.778
atlanta,2026-06-02,19,27.778
atlanta,2026-06-02,20,27.778
atlanta,2026-06-02,21,27.778
atlanta,2026-06-02,22,27.778
atlanta,2026-06-02,23,27.778
atlanta,2026-06-03,0,17.222
atlanta,2026-06-03,1,17.222
atlanta,2026-06-03,2,17.222
atlanta,2026-06-03,3,17.222
atlanta,2026-06-03,4,17.222
atlanta,2026-06-03,5,17.222
atlanta,2026-06-03,6,17.222
atlanta,2026-06-03,7,17.222
atlanta,2026-06-03,8,18.333
atlanta,2026-06-03,9,20.0
atlanta,2026-06-03,10,21.111
atlanta,2026-06-03,11,22.778
atlanta,2026-06-03,12,23.889
atlanta,2026-06-03,13,25.0
atlanta,2026-06-03,14,25.0
atlanta,2026-06-03,15,25.556
atlanta,2026-06-03,16,25.556
atlanta,2026-06-03,17,25.556
atlanta,2026-06-03,18,25.556
atlanta,2026-06-03,19,25.556
atlanta,2026-06-03,20,25.556
atlanta,2026-06-03,21,25.556
atlanta,2026-06-03,22,25.556
atlanta,2026-06-03,23,25.556
atlanta,2026-06-04,0,18.889
atlanta,2026-06-04,1,18.889
atlanta,2026-06-04,2,18.889
atlanta,2026-06-04,3,18.889
atlanta,2026-06-04,4,18.889
atlanta,2026-06-04,5,18.889
atlanta,2026-06-04,6,18.889
atlanta,2026-06-04,7,18.889
atlanta,2026-06-04,8,21.111
atlanta,2026-06-04,9,22.778
atlanta,2026-06-04,10,25.0
atlanta,2026-06-04,11,25.0
atlanta,2026-06-04,12,26.111
atlanta,2026-06-04,13,26.667
atlanta,2026-06-04,14,27.222
atlanta,2026-06-04,15,27.222
atlanta,2026-06-04,16,27.778
atlanta,2026-06-04,17,27.778
atlanta,2026-06-04,18,27.778
atlanta,2026-06-04,19,27.778
atlanta,2026-06-04,20,27.778
atlanta,2026-06-04,21,27.778
atlanta,2026-06-04,22,27.778
atlanta,2026-06-04,23,27.778
atlanta,2026-06-05,0,21.111
atlanta,2026-06-05,1,21.111
atlanta,2026-06-05,2,21.111
atlanta,2026-06-05,3,21.111
atlanta,2026-06-05,4,21.111
atlanta,2026-06-05,5,21.111
atlanta,2026-06-05,6,21.111
atlanta,2026-06-05,7,21.111
atlanta,2026-06-05,8,21.111
atlanta,2026-06-05,9,23.889
atlanta,2026-06-05,10,25.556
atlanta,2026-06-05,11,26.111
atlanta,2026-06-05,12,27.222
atlanta,2026-06-05,13,27.778
atlanta,2026-06-05,14,28.333
atlanta,2026-06-05,15,28.889
atlanta,2026-06-05,16,29.444
atlanta,2026-06-05,17,29.444
atlanta,2026-06-05,18,29.444
atlanta,2026-06-05,19,29.444
atlanta,2026-06-05,20,29.444
atlanta,2026-06-05,21,29.444
atlanta,2026-06-05,22,29.444
atlanta,2026-06-05,23,29.444
atlanta,2026-06-06,0,22.222
atlanta,2026-06-06,1,22.222
atlanta,2026-06-06,2,22.222
atlanta,2026-06-06,3,22.222
atlanta,2026-06-06,4,22.222
atlanta,2026-06-06,5,22.222
atlanta,2026-06-06,6,22.222
atlanta,2026-06-06,7,22.222
atlanta,2026-06-06,8,22.222
atlanta,2026-06-06,9,25.0
atlanta,2026-06-06,10,26.667
atlanta,2026-06-06,11,28.333
atlanta,2026-06-06,12,28.889
atlanta,2026-06-06,13,28.889
atlanta,2026-06-06,14,29.444
atlanta,2026-06-06,15,30.0
atlanta,2026-06-06,16,30.0
atlanta,2026-06-06,17,30.0
atlanta,2026-06-06,18,30.0
atlanta,2026-06-06,19,30.0
atlanta,2026-06-06,20,30.0
atlanta,2026-06-06,21,30.0
atlanta,2026-06-06,22,30.0
atlanta,2026-06-06,23,30.0
atlanta,2026-06-07,0,23.889
atlanta,2026-06-07,1,23.889
atlanta,2026-06-07,2,23.889
atlanta,2026-06-07,3,23.889
atlanta,2026-06-07,4,23.889
atlanta,2026-06-07,5,23.889
atlanta,2026-06-07,6,23.889
atlanta,2026-06-07,7,23.889
atlanta,2026-06-07,8,23.889
atlanta,2026-06-07,9,24.444
atlanta,2026-06-07,10,25.556
atlanta,2026-06-07,11,27.222
atlanta,2026-06-07,12,27.778
atlanta,2026-06-07,13,28.333
atlanta,2026-06-07,14,28.889
atlanta,2026-06-07,15,28.889
atlanta,2026-06-07,16,28.889
atlanta,2026-06-07,17,28.889
atlanta,2026-06-07,18,28.889
atlanta,2026-06-07,19,28.889
atlanta,2026-06-07,20,28.889
atlanta,2026-06-07,21,28.889
atlanta,2026-06-07,22,28.889
atlanta,2026-06-07,23,28.889
atlanta,2026-06-08,0,21.667
atlanta,2026-06-08,1,21.667
atlanta,2026-06-08,2,21.667
atlanta,2026-06-08,3,21.667
atlanta,2026-06-08,4,21.667
atlanta,2026-06-08,5,21.667
atlanta,2026-06-08,6,21.667
atlanta,2026-06-08,7,22.222
atlanta,2026-06-08,8,22.778
atlanta,2026-06-08,9,23.333
atlanta,2026-06-08,10,25.0
atlanta,2026-06-08,11,26.111
atlanta,2026-06-08,12,26.667
atlanta,2026-06-08,13,27.222
atlanta,2026-06-08,14,27.222
atlanta,2026-06-08,15,27.222
atlanta,2026-06-08,16,27.222
atlanta,2026-06-08,17,27.222
atlanta,2026-06-08,18,27.222
atlanta,2026-06-08,19,27.222
atlanta,2026-06-08,20,27.222
atlanta,2026-06-08,21,27.222
atlanta,2026-06-08,22,27.222
atlanta,2026-06-08,23,27.222
atlanta,2026-06-09,0,23.889
atlanta,2026-06-09,1,23.889
atlanta,2026-06-09,2,23.889
atlanta,2026-06-09,3,23.889
atlanta,2026-06-09,4,23.889
atlanta,2026-06-09,5,23.889
atlanta,2026-06-09,6,23.889
atlanta,2026-06-09,7,23.889
atlanta,2026-06-09,8,23.889
atlanta,2026-06-09,9,24.444
atlanta,2026-06-09,10,25.556
atlanta,2026-06-09,11,26.111
atlanta,2026-06-09,12,26.667
atlanta,2026-06-09,13,27.222
atlanta,2026-06-09,14,27.778
atlanta,2026-06-09,15,27.778
atlanta,2026-06-09,16,27.778
atlanta,2026-06-09,17,27.778
atlanta,2026-06-09,18,27.778
atlanta,2026-06-09,19,27.778
atlanta,2026-06-09,20,27.778
atlanta,2026-06-09,21,27.778
atlanta,2026-06-09,22,27.778
atlanta,2026-06-09,23,27.778
atlanta,2026-06-10,0,23.333
atlanta,2026-06-10,1,23.333
atlanta,2026-06-10,2,23.333
atlanta,2026-06-10,3,23.333
atlanta,2026-06-10,4,23.333
atlanta,2026-06-10,5,23.333
atlanta,2026-06-10,6,23.333
atlanta,2026-06-10,7,23.333
atlanta,2026-06-10,8,24.444
atlanta,2026-06-10,9,26.111
atlanta,2026-06-10,10,26.667
atlanta,2026-06-10,11,27.778
atlanta,2026-06-10,12,28.889
atlanta,2026-06-10,13,29.444
atlanta,2026-06-10,14,30.556
atlanta,2026-06-10,15,31.111
atlanta,2026-06-10,16,31.111
atlanta,2026-06-10,17,31.111
atlanta,2026-06-10,18,31.111
atlanta,2026-06-10,19,31.111
atlanta,2026-06-10,20,31.111
atlanta,2026-06-10,21,31.111
atlanta,2026-06-10,22,31.111
atlanta,2026-06-10,23,31.111
atlanta,2026-06-11,0,25.556
atlanta,2026-06-11,1,25.556
atlanta,2026-06-11,2,25.556
atlanta,2026-06-11,3,25.556
atlanta,2026-06-11,4,25.556
atlanta,2026-06-11,5,25.556
atlanta,2026-06-11,6,25.556
atlanta,2026-06-11,7,25.556
atlanta,2026-06-11,8,27.778
atlanta,2026-06-11,9,29.444
atlanta,2026-06-11,10,30.556
atlanta,2026-06-11,11,30.556
atlanta,2026-06-11,12,31.667
atlanta,2026-06-11,13,32.222
atlanta,2026-06-11,14,32.222
atlanta,2026-06-11,15,32.778
atlanta,2026-06-11,16,33.333
atlanta,2026-06-11,17,33.333
atlanta,2026-06-11,18,33.333
atlanta,2026-06-11,19,33.333
atlanta,2026-06-11,20,33.333
atlanta,2026-06-11,21,33.333
atlanta,2026-06-11,22,33.333
atlanta,2026-06-11,23,33.333
atlanta,2026-06-12,0,26.667
atlanta,2026-06-12,1,26.667
atlanta,2026-06-12,2,26.667
atlanta,2026-06-12,3,26.667
atlanta,2026-06-12,4,26.667
atlanta,2026-06-12,5,26.667
atlanta,2026-06-12,6,26.667
atlanta,2026-06-12,7,26.667
atlanta,2026-06-12,8,28.333
atlanta,2026-06-12,9,29.444
atlanta,2026-06-12,10,30.0
atlanta,2026-06-12,11,31.667
atlanta,2026-06-12,12,32.222
atlanta,2026-06-12,13,32.222
atlanta,2026-06-12,14,32.778
atlanta,2026-06-12,15,32.778
atlanta,2026-06-12,16,32.778
atlanta,2026-06-12,17,32.778
atlanta,2026-06-12,18,32.778
atlanta,2026-06-12,19,32.778
atlanta,2026-06-12,20,32.778
atlanta,2026-06-12,21,32.778
atlanta,2026-06-12,22,32.778
atlanta,2026-06-12,23,32.778
atlanta,2026-06-13,0,26.667
atlanta,2026-06-13,1,26.667
atlanta,2026-06-13,2,26.667
atlanta,2026-06-13,3,26.667
atlanta,2026-06-13,4,26.667
atlanta,2026-06-13,5,26.667
atlanta,2026-06-13,6,26.667
atlanta,2026-06-13,7,26.667
atlanta,2026-06-13,8,27.222
atlanta,2026-06-13,9,28.889
atlanta,2026-06-13,10,30.556
atlanta,2026-06-13,11,31.111
atlanta,2026-06-13,12,32.222
atlanta,2026-06-13,13,32.778
atlanta,2026-06-13,14,32.778
atlanta,2026-06-13,15,33.333
atlanta,2026-06-13,16,33.889
atlanta,2026-06-13,17,33.889
atlanta,2026-06-13,18,33.889
atlanta,2026-06-13,19,33.889
atlanta,2026-06-13,20,33.889
atlanta,2026-06-13,21,33.889
atlanta,2026-06-13,22,33.889
atlanta,2026-06-13,23,33.889
atlanta,2026-06-14,0,27.222
atlanta,2026-06-14,1,27.222
atlanta,2026-06-14,2,27.222
atlanta,2026-06-14,3,27.222
atlanta,2026-06-14,4,27.222
atlanta,2026-06-14,5,27.222
atlanta,2026-06-14,6,27.222
atlanta,2026-06-14,7,27.222
atlanta,2026-06-14,8,27.222
atlanta,2026-06-14,9,27.222
atlanta,2026-06-14,10,29.444
atlanta,2026-06-14,11,30.556
atlanta,2026-06-14,12,30.556
atlanta,2026-06-14,13,30.556
atlanta,2026-06-14,14,30.556
atlanta,2026-06-14,15,30.556
atlanta,2026-06-14,16,31.667
atlanta,2026-06-14,17,32.222
atlanta,2026-06-14,18,32.222
atlanta,2026-06-14,19,32.222
atlanta,2026-06-14,20,32.222
atlanta,2026-06-14,21,32.222
atlanta,2026-06-14,22,32.222
atlanta,2026-06-14,23,32.222
atlanta,2026-06-15,0,22.778
atlanta,2026-06-15,1,22.778
atlanta,2026-06-15,2,22.778
atlanta,2026-06-15,3,22.778
atlanta,2026-06-15,4,22.778
atlanta,2026-06-15,5,22.778
atlanta,2026-06-15,6,22.778
atlanta,2026-06-15,7,22.778
atlanta,2026-06-15,8,22.778
atlanta,2026-06-15,9,23.333
atlanta,2026-06-15,10,25.0
atlanta,2026-06-15,11,25.556
atlanta,2026-06-15,12,25.556
atlanta,2026-06-15,13,25.556
atlanta,2026-06-15,14,26.667
atlanta,2026-06-15,15,26.667
atlanta,2026-06-15,16,26.667
atlanta,2026-06-15,17,26.667
atlanta,2026-06-15,18,26.667
atlanta,2026-06-15,19,26.667
atlanta,2026-06-15,20,26.667
atlanta,2026-06-15,21,26.667
atlanta,2026-06-15,22,26.667
atlanta,2026-06-15,23,26.667
atlanta,2026-06-16,0,22.778
atlanta,2026-06-16,1,22.778
atlanta,2026-06-16,2,22.778
atlanta,2026-06-16,3,22.778
atlanta,2026-06-16,4,22.778
atlanta,2026-06-16,5,22.778
atlanta,2026-06-16,6,22.778
atlanta,2026-06-16,7,22.778
atlanta,2026-06-16,8,22.778
atlanta,2026-06-16,9,22.778
atlanta,2026-06-16,10,22.778
atlanta,2026-06-16,11,22.778
atlanta,2026-06-16,12,22.778
atlanta,2026-06-16,13,22.778
atlanta,2026-06-16,14,22.778
atlanta,2026-06-16,15,22.778
atlanta,2026-06-16,16,22.778
atlanta,2026-06-16,17,22.778
atlanta,2026-06-16,18,22.778
atlanta,2026-06-16,19,22.778
atlanta,2026-06-16,20,22.778
atlanta,2026-06-16,21,22.778
atlanta,2026-06-16,22,22.778
atlanta,2026-06-16,23,22.778
atlanta,2026-06-17,0,21.667
atlanta,2026-06-17,1,21.667
atlanta,2026-06-17,2,21.667
atlanta,2026-06-17,3,21.667
atlanta,2026-06-17,4,21.667
atlanta,2026-06-17,5,21.667
atlanta,2026-06-17,6,21.667
atlanta,2026-06-17,7,22.222
atlanta,2026-06-17,8,22.778
atlanta,2026-06-17,9,23.889
atlanta,2026-06-17,10,25.0
atlanta,2026-06-17,11,26.111
atlanta,2026-06-17,12,27.778
atlanta,2026-06-17,13,28.889
atlanta,2026-06-17,14,28.889
atlanta,2026-06-17,15,29.444
atlanta,2026-06-17,16,29.444
atlanta,2026-06-17,17,29.444
atlanta,2026-06-17,18,29.444
atlanta,2026-06-17,19,29.444
atlanta,2026-06-17,20,29.444
atlanta,2026-06-17,21,29.444
atlanta,2026-06-17,22,29.444
atlanta,2026-06-17,23,29.444
atlanta,2026-06-18,0,25.0
atlanta,2026-06-18,1,25.0
atlanta,2026-06-18,2,25.0
atlanta,2026-06-18,3,25.0
atlanta,2026-06-18,4,25.0
atlanta,2026-06-18,5,25.0
atlanta,2026-06-18,6,25.0
atlanta,2026-06-18,7,25.556
atlanta,2026-06-18,8,25.556
atlanta,2026-06-18,9,26.667
atlanta,2026-06-18,10,28.333
atlanta,2026-06-18,11,28.333
atlanta,2026-06-18,12,30.0
atlanta,2026-06-18,13,30.556
atlanta,2026-06-18,14,30.556
atlanta,2026-06-18,15,30.556
atlanta,2026-06-18,16,30.556
atlanta,2026-06-18,17,30.556
atlanta,2026-06-18,18,30.556
atlanta,2026-06-18,19,30.556
atlanta,2026-06-18,20,30.556
atlanta,2026-06-18,21,30.556
atlanta,2026-06-18,22,30.556
atlanta,2026-06-18,23,30.556
atlanta,2026-06-19,0,22.222
atlanta,2026-06-19,1,22.222
atlanta,2026-06-19,2,22.222
atlanta,2026-06-19,3,22.778
atlanta,2026-06-19,4,22.778
atlanta,2026-06-19,5,22.778
atlanta,2026-06-19,6,22.778
atlanta,2026-06-19,7,23.333
atlanta,2026-06-19,8,24.444
atlanta,2026-06-19,9,25.556
atlanta,2026-06-19,10,26.111
atlanta,2026-06-19,11,27.222
atlanta,2026-06-19,12,28.333
atlanta,2026-06-19,13,29.444
atlanta,2026-06-19,14,30.556
atlanta,2026-06-19,15,31.111
atlanta,2026-06-19,16,31.111
atlanta,2026-06-19,17,31.111
atlanta,2026-06-19,18,31.111
atlanta,2026-06-19,19,31.111
atlanta,2026-06-19,20,31.111
atlanta,2026-06-19,21,31.111
atlanta,2026-06-19,22,31.111
atlanta,2026-06-19,23,31.111
atlanta,2026-06-20,0,25.0
atlanta,2026-06-20,1,25.556
atlanta,2026-06-20,2,25.556
atlanta,2026-06-20,3,25.556
atlanta,2026-06-20,4,25.556
atlanta,2026-06-20,5,25.556
atlanta,2026-06-20,6,25.556
atlanta,2026-06-20,7,25.556
atlanta,2026-06-20,8,26.111
atlanta,2026-06-20,9,26.667
atlanta,2026-06-20,10,26.667
atlanta,2026-06-20,11,26.667
atlanta,2026-06-20,12,27.222
atlanta,2026-06-20,13,28.333
atlanta,2026-06-20,14,29.444
atlanta,2026-06-20,15,30.0
atlanta,2026-06-20,16,30.0
atlanta,2026-06-20,17,30.0
atlanta,2026-06-20,18,30.0
atlanta,2026-06-20,19,30.0
atlanta,2026-06-20,20,30.0
atlanta,2026-06-20,21,30.0
atlanta,2026-06-20,22,30.0
atlanta,2026-06-20,23,30.0
atlanta,2026-06-21,0,22.778
atlanta,2026-06-21,1,22.778
atlanta,2026-06-21,2,22.778
atlanta,2026-06-21,3,22.778
atlanta,2026-06-21,4,22.778
atlanta,2026-06-21,5,22.778
atlanta,2026-06-21,6,22.778
atlanta,2026-06-21,7,22.778
atlanta,2026-06-21,8,22.778
atlanta,2026-06-21,9,22.778
atlanta,2026-06-21,10,23.889
atlanta,2026-06-21,11,25.556
atlanta,2026-06-21,12,27.222
atlanta,2026-06-21,13,27.778
atlanta,2026-06-21,14,28.889
atlanta,2026-06-21,15,29.444
atlanta,2026-06-21,16,30.0
atlanta,2026-06-21,17,30.0
atlanta,2026-06-21,18,30.0
atlanta,2026-06-21,19,30.0
atlanta,2026-06-21,20,30.0
atlanta,2026-06-21,21,30.0
atlanta,2026-06-21,22,30.0
atlanta,2026-06-21,23,30.0
atlanta,2026-06-22,0,23.889
atlanta,2026-06-22,1,25.0
atlanta,2026-06-22,2,25.0
atlanta,2026-06-22,3,25.0
atlanta,2026-06-22,4,25.0
atlanta,2026-06-22,5,25.0
atlanta,2026-06-22,6,25.0
atlanta,2026-06-22,7,25.0
atlanta,2026-06-22,8,25.0
atlanta,2026-06-22,9,25.556
atlanta,2026-06-22,10,27.222
atlanta,2026-06-22,11,28.333
atlanta,2026-06-22,12,28.889
atlanta,2026-06-22,13,30.556
atlanta,2026-06-22,14,31.667
atlanta,2026-06-22,15,31.667
atlanta,2026-06-22,16,31.667
atlanta,2026-06-22,17,31.667
atlanta,2026-06-22,18,31.667
atlanta,2026-06-22,19,31.667
atlanta,2026-06-22,20,31.667
atlanta,2026-06-22,21,31.667
atlanta,2026-06-22,22,31.667
atlanta,2026-06-22,23,31.667
atlanta,2026-06-23,0,25.0
atlanta,2026-06-23,1,25.0
atlanta,2026-06-23,2,25.0
atlanta,2026-06-23,3,25.0
atlanta,2026-06-23,4,25.0
atlanta,2026-06-23,5,25.0
atlanta,2026-06-23,6,25.0
atlanta,2026-06-23,7,25.0
atlanta,2026-06-23,8,25.0
atlanta,2026-06-23,9,25.0
atlanta,2026-06-23,10,26.111
atlanta,2026-06-23,11,26.667
atlanta,2026-06-23,12,28.333
atlanta,2026-06-23,13,28.333
atlanta,2026-06-23,14,28.333
atlanta,2026-06-23,15,28.333
atlanta,2026-06-23,16,28.333
atlanta,2026-06-23,17,28.333
atlanta,2026-06-23,18,28.333
atlanta,2026-06-23,19,28.333
atlanta,2026-06-23,20,28.333
atlanta,2026-06-23,21,28.333
atlanta,2026-06-23,22,28.333
atlanta,2026-06-23,23,28.333
atlanta,2026-06-24,0,20.556
atlanta,2026-06-24,1,20.556
atlanta,2026-06-24,2,20.556
atlanta,2026-06-24,3,20.556
atlanta,2026-06-24,4,20.556
atlanta,2026-06-24,5,20.556
atlanta,2026-06-24,6,20.556
atlanta,2026-06-24,7,20.556
atlanta,2026-06-24,8,22.778
atlanta,2026-06-24,9,24.444
atlanta,2026-06-24,10,25.0
atlanta,2026-06-24,11,26.111
atlanta,2026-06-24,12,26.667
atlanta,2026-06-24,13,28.333
atlanta,2026-06-24,14,28.333
atlanta,2026-06-24,15,28.889
atlanta,2026-06-24,16,30.0
atlanta,2026-06-24,17,30.0
atlanta,2026-06-24,18,30.0
atlanta,2026-06-24,19,30.0
atlanta,2026-06-24,20,30.0
atlanta,2026-06-24,21,30.0
atlanta,2026-06-24,22,30.0
atlanta,2026-06-24,23,30.0
atlanta,2026-06-25,0,23.889
atlanta,2026-06-25,1,23.889
atlanta,2026-06-25,2,23.889
atlanta,2026-06-25,3,23.889
atlanta,2026-06-25,4,23.889
atlanta,2026-06-25,5,23.889
atlanta,2026-06-25,6,23.889
atlanta,2026-06-25,7,23.889
atlanta,2026-06-25,8,23.889
atlanta,2026-06-25,9,25.556
atlanta,2026-06-25,10,25.556
atlanta,2026-06-25,11,25.556
atlanta,2026-06-25,12,26.111
atlanta,2026-06-25,13,27.222
atlanta,2026-06-25,14,27.222
atlanta,2026-06-25,15,27.778
atlanta,2026-06-25,16,28.333
atlanta,2026-06-25,17,28.333
atlanta,2026-06-25,18,28.333
atlanta,2026-06-25,19,28.333
atlanta,2026-06-25,20,28.333
atlanta,2026-06-25,21,28.333
atlanta,2026-06-25,22,28.333
atlanta,2026-06-25,23,28.333
atlanta,2026-06-26,0,23.889
atlanta,2026-06-26,1,23.889
atlanta,2026-06-26,2,23.889
atlanta,2026-06-26,3,23.889
atlanta,2026-06-26,4,23.889
atlanta,2026-06-26,5,23.889
atlanta,2026-06-26,6,23.889
atlanta,2026-06-26,7,23.889
atlanta,2026-06-26,8,24.444
atlanta,2026-06-26,9,26.111
atlanta,2026-06-26,10,27.222
atlanta,2026-06-26,11,27.778
atlanta,2026-06-26,12,29.444
atlanta,2026-06-26,13,31.111
atlanta,2026-06-26,14,31.111
atlanta,2026-06-26,15,31.111
atlanta,2026-06-26,16,31.667
atlanta,2026-06-26,17,31.667
atlanta,2026-06-26,18,31.667
atlanta,2026-06-26,19,31.667
atlanta,2026-06-26,20,31.667
atlanta,2026-06-26,21,31.667
atlanta,2026-06-26,22,31.667
atlanta,2026-06-26,23,31.667
atlanta,2026-06-27,0,25.556
atlanta,2026-06-27,1,25.556
atlanta,2026-06-27,2,25.556
atlanta,2026-06-27,3,25.556
atlanta,2026-06-27,4,25.556
atlanta,2026-06-27,5,25.556
atlanta,2026-06-27,6,25.556
atlanta,2026-06-27,7,25.556
atlanta,2026-06-27,8,25.556
atlanta,2026-06-27,9,27.222
atlanta,2026-06-27,10,30.0
atlanta,2026-06-27,11,30.0
atlanta,2026-06-27,12,31.667
atlanta,2026-06-27,13,32.778
atlanta,2026-06-27,14,33.889
atlanta,2026-06-27,15,33.889
atlanta,2026-06-27,16,33.889
atlanta,2026-06-27,17,33.889
atlanta,2026-06-27,18,33.889
atlanta,2026-06-27,19,33.889
atlanta,2026-06-27,20,33.889
atlanta,2026-06-27,21,33.889
atlanta,2026-06-27,22,33.889
atlanta,2026-06-27,23,33.889
atlanta,2026-06-28,0,26.667
atlanta,2026-06-28,1,26.667
atlanta,2026-06-28,2,26.667
atlanta,2026-06-28,3,26.667
atlanta,2026-06-28,4,26.667
atlanta,2026-06-28,5,26.667
atlanta,2026-06-28,6,26.667
atlanta,2026-06-28,7,26.667
atlanta,2026-06-28,8,27.778
atlanta,2026-06-28,9,28.889
atlanta,2026-06-28,10,30.556
atlanta,2026-06-28,11,30.556
atlanta,2026-06-28,12,32.222
atlanta,2026-06-28,13,32.778
atlanta,2026-06-28,14,33.333
atlanta,2026-06-28,15,33.333
atlanta,2026-06-28,16,33.333
atlanta,2026-06-28,17,33.889
atlanta,2026-06-28,18,33.889
atlanta,2026-06-28,19,33.889
atlanta,2026-06-28,20,33.889
atlanta,2026-06-28,21,33.889
atlanta,2026-06-28,22,33.889
atlanta,2026-06-28,23,33.889
atlanta,2026-06-29,0,27.222
atlanta,2026-06-29,1,27.222
atlanta,2026-06-29,2,27.222
atlanta,2026-06-29,3,27.222
atlanta,2026-06-29,4,27.222
atlanta,2026-06-29,5,27.222
atlanta,2026-06-29,6,27.222
atlanta,2026-06-29,7,27.222
atlanta,2026-06-29,8,27.778
atlanta,2026-06-29,9,29.444
atlanta,2026-06-29,10,30.556
atlanta,2026-06-29,11,32.222
atlanta,2026-06-29,12,32.222
atlanta,2026-06-29,13,33.889
atlanta,2026-06-29,14,33.889
atlanta,2026-06-29,15,33.889
atlanta,2026-06-29,16,33.889
atlanta,2026-06-29,17,34.444
atlanta,2026-06-29,18,34.444
atlanta,2026-06-29,19,34.444
atlanta,2026-06-29,20,34.444
atlanta,2026-06-29,21,34.444
atlanta,2026-06-29,22,34.444
atlanta,2026-06-29,23,34.444
atlanta,2026-06-30,0,28.889
atlanta,2026-06-30,1,28.889
atlanta,2026-06-30,2,28.889
atlanta,2026-06-30,3,28.889
atlanta,2026-06-30,4,28.889
atlanta,2026-06-30,5,28.889
atlanta,2026-06-30,6,28.889
atlanta,2026-06-30,7,28.889
atlanta,2026-06-30,8,28.889
atlanta,2026-06-30,9,29.444
atlanta,2026-06-30,10,30.556
atlanta,2026-06-30,11,32.222
atlanta,2026-06-30,12,33.333
atlanta,2026-06-30,13,33.889
atlanta,2026-06-30,14,33.889
atlanta,2026-06-30,15,34.444
atlanta,2026-06-30,16,34.444
atlanta,2026-06-30,17,34.444
atlanta,2026-06-30,18,34.444
atlanta,2026-06-30,19,34.444
atlanta,2026-06-30,20,34.444
atlanta,2026-06-30,21,34.444
atlanta,2026-06-30,22,34.444
atlanta,2026-06-30,23,34.444
atlanta,2026-07-01,0,29.444
atlanta,2026-07-01,1,29.444
atlanta,2026-07-01,2,29.444
atlanta,2026-07-01,3,29.444
atlanta,2026-07-01,4,29.444
atlanta,2026-07-01,5,29.444
atlanta,2026-07-01,6,29.444
atlanta,2026-07-01,7,29.444
atlanta,2026-07-01,8,29.444
atlanta,2026-07-01,9,30.556
atlanta,2026-07-01,10,31.111
atlanta,2026-07-01,11,32.778
atlanta,2026-07-01,12,32.778
atlanta,2026-07-01,13,33.889
atlanta,2026-07-01,14,35.0
atlanta,2026-07-01,15,35.0
atlanta,2026-07-01,16,35.0
atlanta,2026-07-01,17,35.0
atlanta,2026-07-01,18,35.0
atlanta,2026-07-01,19,35.0
atlanta,2026-07-01,20,35.0
atlanta,2026-07-01,21,35.0
atlanta,2026-07-01,22,35.0
atlanta,2026-07-01,23,35.0
atlanta,2026-07-02,0,27.222
atlanta,2026-07-02,1,27.222
atlanta,2026-07-02,2,27.222
atlanta,2026-07-02,3,27.222
atlanta,2026-07-02,4,27.222
atlanta,2026-07-02,5,27.222
atlanta,2026-07-02,6,27.222
atlanta,2026-07-02,7,27.778
atlanta,2026-07-02,8,29.444
atlanta,2026-07-02,9,31.111
atlanta,2026-07-02,10,32.778
atlanta,2026-07-02,11,33.333
atlanta,2026-07-02,12,33.333
atlanta,2026-07-02,13,34.444
atlanta,2026-07-02,14,35.556
atlanta,2026-07-02,15,36.111
atlanta,2026-07-02,16,36.667
atlanta,2026-07-02,17,36.667
atlanta,2026-07-02,18,36.667
atlanta,2026-07-02,19,36.667
atlanta,2026-07-02,20,36.667
atlanta,2026-07-02,21,36.667
atlanta,2026-07-02,22,36.667
atlanta,2026-07-02,23,36.667
atlanta,2026-07-03,0,28.889
atlanta,2026-07-03,1,28.889
atlanta,2026-07-03,2,28.889
atlanta,2026-07-03,3,28.889
atlanta,2026-07-03,4,28.889
atlanta,2026-07-03,5,28.889
atlanta,2026-07-03,6,28.889
atlanta,2026-07-03,7,28.889
atlanta,2026-07-03,8,30.0
atlanta,2026-07-03,9,31.111
atlanta,2026-07-03,10,32.222
atlanta,2026-07-03,11,33.889
atlanta,2026-07-03,12,33.889
atlanta,2026-07-03,13,33.889
atlanta,2026-07-03,14,33.889
atlanta,2026-07-03,15,33.889
atlanta,2026-07-03,16,33.889
atlanta,2026-07-03,17,33.889
atlanta,2026-07-03,18,33.889
atlanta,2026-07-03,19,33.889
atlanta,2026-07-03,20,33.889
atlanta,2026-07-03,21,33.889
atlanta,2026-07-03,22,33.889
atlanta,2026-07-03,23,33.889
atlanta,2026-07-04,0,24.444
atlanta,2026-07-04,1,24.444
atlanta,2026-07-04,2,24.444
atlanta,2026-07-04,3,24.444
atlanta,2026-07-04,4,24.444
atlanta,2026-07-04,5,24.444
atlanta,2026-07-04,6,24.444
atlanta,2026-07-04,7,24.444
atlanta,2026-07-04,8,26.111
atlanta,2026-07-04,9,27.778
atlanta,2026-07-04,10,30.556
atlanta,2026-07-04,11,32.222
atlanta,2026-07-04,12,32.222
atlanta,2026-07-04,13,32.778
atlanta,2026-07-04,14,32.778
atlanta,2026-07-04,15,32.778
atlanta,2026-07-04,16,33.333
atlanta,2026-07-04,17,33.889
atlanta,2026-07-04,18,33.889
atlanta,2026-07-04,19,33.889
atlanta,2026-07-04,20,33.889
atlanta,2026-07-04,21,33.889
atlanta,2026-07-04,22,33.889
atlanta,2026-07-04,23,33.889
atlanta,2026-07-05,0,27.778
atlanta,2026-07-05,1,27.778
atlanta,2026-07-05,2,27.778
atlanta,2026-07-05,3,27.778
atlanta,2026-07-05,4,27.778
atlanta,2026-07-05,5,27.778
atlanta,2026-07-05,6,27.778
atlanta,2026-07-05,7,27.778
atlanta,2026-07-05,8,27.778
atlanta,2026-07-05,9,30.556
atlanta,2026-07-05,10,31.667
atlanta,2026-07-05,11,32.222
atlanta,2026-07-05,12,32.778
atlanta,2026-07-05,13,33.889
atlanta,2026-07-05,14,33.889
atlanta,2026-07-05,15,33.889
atlanta,2026-07-05,16,33.889
atlanta,2026-07-05,17,33.889
atlanta,2026-07-05,18,33.889
atlanta,2026-07-05,19,33.889
atlanta,2026-07-05,20,33.889
atlanta,2026-07-05,21,33.889
atlanta,2026-07-05,22,33.889
atlanta,2026-07-05,23,33.889
atlanta,2026-07-06,0,22.778
atlanta,2026-07-06,1,22.778
atlanta,2026-07-06,2,23.333
atlanta,2026-07-06,3,23.333
atlanta,2026-07-06,4,23.333
atlanta,2026-07-06,5,23.333
atlanta,2026-07-06,6,23.333
atlanta,2026-07-06,7,23.889
atlanta,2026-07-06,8,25.0
atlanta,2026-07-06,9,25.0
atlanta,2026-07-06,10,26.667
atlanta,2026-07-06,11,28.889
atlanta,2026-07-06,12,30.0
atlanta,2026-07-06,13,31.111
atlanta,2026-07-06,14,31.111
atlanta,2026-07-06,15,31.667
atlanta,2026-07-06,16,32.222
atlanta,2026-07-06,17,32.222
atlanta,2026-07-06,18,32.222
atlanta,2026-07-06,19,32.222
atlanta,2026-07-06,20,32.222
atlanta,2026-07-06,21,32.222
atlanta,2026-07-06,22,32.222
atlanta,2026-07-06,23,32.222
atlanta,2026-07-07,0,25.0
atlanta,2026-07-07,1,25.0
atlanta,2026-07-07,2,25.0
atlanta,2026-07-07,3,25.0
atlanta,2026-07-07,4,25.0
atlanta,2026-07-07,5,25.0
atlanta,2026-07-07,6,25.0
atlanta,2026-07-07,7,25.0
atlanta,2026-07-07,8,25.556
atlanta,2026-07-07,9,27.222
atlanta,2026-07-07,10,29.444
atlanta,2026-07-07,11,30.0
atlanta,2026-07-07,12,31.667
atlanta,2026-07-07,13,32.778
atlanta,2026-07-07,14,32.778
atlanta,2026-07-07,15,33.333
atlanta,2026-07-07,16,33.333
atlanta,2026-07-07,17,33.333
atlanta,2026-07-07,18,33.333
atlanta,2026-07-07,19,33.333
atlanta,2026-07-07,20,33.333
atlanta,2026-07-07,21,33.333
atlanta,2026-07-07,22,33.333
atlanta,2026-07-07,23,33.333
atlanta,2026-07-08,0,25.0
atlanta,2026-07-08,1,25.0
atlanta,2026-07-08,2,25.0
atlanta,2026-07-08,3,25.0
atlanta,2026-07-08,4,25.0
atlanta,2026-07-08,5,25.0
atlanta,2026-07-08,6,25.0
atlanta,2026-07-08,7,25.0
atlanta,2026-07-08,8,26.667
atlanta,2026-07-08,9,28.333
atlanta,2026-07-08,10,29.444
atlanta,2026-07-08,11,31.111
atlanta,2026-07-08,12,31.667
atlanta,2026-07-08,13,32.222
atlanta,2026-07-08,14,33.889
atlanta,2026-07-08,15,33.889
atlanta,2026-07-08,16,33.889
atlanta,2026-07-08,17,33.889
atlanta,2026-07-08,18,33.889
atlanta,2026-07-08,19,33.889
atlanta,2026-07-08,20,33.889
atlanta,2026-07-08,21,33.889
atlanta,2026-07-08,22,33.889
atlanta,2026-07-08,23,33.889
atlanta,2026-07-09,0,26.667
atlanta,2026-07-09,1,26.667
atlanta,2026-07-09,2,26.667
atlanta,2026-07-09,3,26.667
atlanta,2026-07-09,4,26.667
atlanta,2026-07-09,5,26.667
atlanta,2026-07-09,6,26.667
atlanta,2026-07-09,7,26.667
atlanta,2026-07-09,8,27.778
atlanta,2026-07-09,9,29.444
atlanta,2026-07-09,10,31.111
atlanta,2026-07-09,11,32.222
atlanta,2026-07-09,12,32.222
atlanta,2026-07-09,13,33.889
atlanta,2026-07-09,14,35.0
atlanta,2026-07-09,15,35.0
atlanta,2026-07-09,16,35.0
atlanta,2026-07-09,17,35.0
atlanta,2026-07-09,18,35.0
atlanta,2026-07-09,19,35.0
atlanta,2026-07-09,20,35.0
atlanta,2026-07-09,21,35.0
atlanta,2026-07-09,22,35.0
atlanta,2026-07-09,23,35.0
atlanta,2026-07-10,0,25.556
atlanta,2026-07-10,1,25.556
atlanta,2026-07-10,2,25.556
atlanta,2026-07-10,3,25.556
atlanta,2026-07-10,4,25.556
atlanta,2026-07-10,5,25.556
atlanta,2026-07-10,6,25.556
atlanta,2026-07-10,7,25.556
atlanta,2026-07-10,8,26.667
atlanta,2026-07-10,9,28.889
atlanta,2026-07-10,10,30.556
atlanta,2026-07-10,11,32.222
atlanta,2026-07-10,12,32.778
atlanta,2026-07-10,13,33.333
atlanta,2026-07-10,14,33.333
atlanta,2026-07-10,15,33.333
atlanta,2026-07-10,16,33.333
atlanta,2026-07-10,17,33.333
atlanta,2026-07-10,18,33.333
atlanta,2026-07-10,19,33.333
atlanta,2026-07-10,20,33.333
atlanta,2026-07-10,21,33.333
atlanta,2026-07-10,22,33.333
atlanta,2026-07-10,23,33.333
atlanta,2026-07-11,0,26.111
atlanta,2026-07-11,1,26.111
atlanta,2026-07-11,2,26.111
atlanta,2026-07-11,3,26.111
atlanta,2026-07-11,4,26.111
atlanta,2026-07-11,5,26.111
atlanta,2026-07-11,6,26.111
atlanta,2026-07-11,7,26.111
atlanta,2026-07-11,8,26.667
atlanta,2026-07-11,9,28.333
atlanta,2026-07-11,10,30.0
atlanta,2026-07-11,11,30.556
atlanta,2026-07-11,12,32.222
atlanta,2026-07-11,13,32.778
atlanta,2026-07-11,14,33.333
atlanta,2026-07-11,15,34.444
atlanta,2026-07-11,16,34.444
atlanta,2026-07-11,17,34.444
atlanta,2026-07-11,18,34.444
atlanta,2026-07-11,19,34.444
atlanta,2026-07-11,20,34.444
atlanta,2026-07-11,21,34.444
atlanta,2026-07-11,22,34.444
atlanta,2026-07-11,23,34.444
atlanta,2026-07-12,0,26.111
atlanta,2026-07-12,1,26.111
atlanta,2026-07-12,2,26.111
atlanta,2026-07-12,3,26.111
atlanta,2026-07-12,4,26.111
atlanta,2026-07-12,5,26.111
atlanta,2026-07-12,6,26.111
atlanta,2026-07-12,7,26.111
atlanta,2026-07-12,8,26.667
atlanta,2026-07-12,9,27.778
atlanta,2026-07-12,10,30.0
atlanta,2026-07-12,11,31.111
atlanta,2026-07-12,12,32.222
atlanta,2026-07-12,13,33.333
atlanta,2026-07-12,14,33.333
atlanta,2026-07-12,15,33.333
atlanta,2026-07-12,16,33.333
atlanta,2026-07-12,17,33.333
atlanta,2026-07-12,18,33.333
atlanta,2026-07-12,19,33.333
atlanta,2026-07-12,20,33.333
atlanta,2026-07-12,21,33.333
atlanta,2026-07-12,22,33.333
atlanta,2026-07-12,23,33.333
atlanta,2026-07-13,0,24.444
atlanta,2026-07-13,1,24.444
atlanta,2026-07-13,2,24.444
atlanta,2026-07-13,3,24.444
atlanta,2026-07-13,4,24.444
atlanta,2026-07-13,5,24.444
atlanta,2026-07-13,6,24.444
atlanta,2026-07-13,7,24.444
atlanta,2026-07-13,8,24.444
atlanta,2026-07-13,9,25.0
atlanta,2026-07-13,10,25.556
atlanta,2026-07-13,11,26.111
atlanta,2026-07-13,12,26.667
atlanta,2026-07-13,13,27.222
atlanta,2026-07-13,14,27.222
atlanta,2026-07-13,15,27.222
atlanta,2026-07-13,16,27.222
atlanta,2026-07-13,17,27.778
atlanta,2026-07-13,18,27.778
atlanta,2026-07-13,19,27.778
atlanta,2026-07-13,20,27.778
atlanta,2026-07-13,21,27.778
atlanta,2026-07-13,22,27.778
atlanta,2026-07-13,23,27.778
atlanta,2026-07-14,0,23.889
atlanta,2026-07-14,1,23.889
atlanta,2026-07-14,2,23.889
atlanta,2026-07-14,3,23.889
atlanta,2026-07-14,4,23.889
atlanta,2026-07-14,5,23.889
atlanta,2026-07-14,6,23.889
atlanta,2026-07-14,7,23.889
atlanta,2026-07-14,8,23.889
atlanta,2026-07-14,9,24.444
atlanta,2026-07-14,10,25.556
atlanta,2026-07-14,11,26.667
atlanta,2026-07-14,12,27.778
atlanta,2026-07-14,13,28.889
atlanta,2026-07-14,14,28.889
atlanta,2026-07-14,15,28.889
atlanta,2026-07-14,16,28.889
atlanta,2026-07-14,17,28.889
atlanta,2026-07-14,18,28.889
atlanta,2026-07-14,19,28.889
atlanta,2026-07-14,20,28.889
atlanta,2026-07-14,21,28.889
atlanta,2026-07-14,22,28.889
atlanta,2026-07-14,23,28.889
atlanta,2026-07-15,0,23.889
atlanta,2026-07-15,1,23.889
atlanta,2026-07-15,2,23.889
atlanta,2026-07-15,3,23.889
atlanta,2026-07-15,4,23.889
atlanta,2026-07-15,5,23.889
atlanta,2026-07-15,6,23.889
atlanta,2026-07-15,7,23.889
atlanta,2026-07-15,8,25.0
atlanta,2026-07-15,9,25.0
atlanta,2026-07-15,10,27.222
atlanta,2026-07-15,11,27.778
atlanta,2026-07-15,12,28.333
atlanta,2026-07-15,13,30.0
atlanta,2026-07-15,14,31.667
atlanta,2026-07-15,15,31.667
atlanta,2026-07-15,16,31.667
atlanta,2026-07-15,17,31.667
atlanta,2026-07-15,18,31.667
atlanta,2026-07-15,19,31.667
atlanta,2026-07-15,20,31.667
atlanta,2026-07-15,21,31.667
atlanta,2026-07-15,22,31.667
atlanta,2026-07-15,23,31.667
atlanta,2026-07-16,0,26.111
atlanta,2026-07-16,1,26.111
atlanta,2026-07-16,2,26.111
atlanta,2026-07-16,3,26.111
atlanta,2026-07-16,4,26.111
atlanta,2026-07-16,5,26.111
atlanta,2026-07-16,6,26.111
atlanta,2026-07-16,7,26.111
atlanta,2026-07-16,8,26.667
atlanta,2026-07-16,9,28.889
atlanta,2026-07-16,10,30.0
atlanta,2026-07-16,11,30.0
atlanta,2026-07-16,12,30.556
atlanta,2026-07-16,13,30.556
atlanta,2026-07-16,14,32.222
atlanta,2026-07-16,15,33.333
atlanta,2026-07-16,16,33.333
atlanta,2026-07-16,17,33.333
atlanta,2026-07-16,18,33.333
atlanta,2026-07-16,19,33.333
atlanta,2026-07-16,20,33.333
atlanta,2026-07-16,21,33.333
atlanta,2026-07-16,22,33.333
atlanta,2026-07-16,23,33.333
atlanta,2026-07-17,0,25.0
atlanta,2026-07-17,1,25.0
atlanta,2026-07-17,2,25.0
atlanta,2026-07-17,3,25.0
atlanta,2026-07-17,4,25.0
atlanta,2026-07-17,5,25.0
atlanta,2026-07-17,6,25.0
atlanta,2026-07-17,7,25.0
atlanta,2026-07-17,8,26.667
atlanta,2026-07-17,9,28.889
atlanta,2026-07-17,10,30.556
atlanta,2026-07-17,11,31.111
atlanta,2026-07-17,12,31.111
atlanta,2026-07-17,13,31.667
atlanta,2026-07-17,14,31.667
atlanta,2026-07-17,15,31.667
atlanta,2026-07-17,16,31.667
atlanta,2026-07-17,17,31.667
atlanta,2026-07-17,18,31.667
atlanta,2026-07-17,19,31.667
atlanta,2026-07-17,20,31.667
atlanta,2026-07-17,21,31.667
atlanta,2026-07-17,22,31.667
atlanta,2026-07-17,23,31.667
atlanta,2026-07-18,0,25.0
atlanta,2026-07-18,1,25.0
atlanta,2026-07-18,2,25.0
atlanta,2026-07-18,3,25.0
atlanta,2026-07-18,4,25.0
atlanta,2026-07-18,5,25.0
atlanta,2026-07-18,6,25.0
atlanta,2026-07-18,7,25.0
atlanta,2026-07-18,8,25.556
atlanta,2026-07-18,9,26.667
atlanta,2026-07-18,10,29.444
atlanta,2026-07-18,11,31.111
atlanta,2026-07-18,12,32.222
atlanta,2026-07-18,13,32.778
atlanta,2026-07-18,14,32.778
atlanta,2026-07-18,15,33.889
atlanta,2026-07-18,16,33.889
atlanta,2026-07-18,17,33.889
atlanta,2026-07-18,18,33.889
atlanta,2026-07-18,19,33.889
atlanta,2026-07-18,20,33.889
atlanta,2026-07-18,21,33.889
atlanta,2026-07-18,22,33.889
atlanta,2026-07-18,23,33.889
atlanta,2026-07-19,0,26.111
atlanta,2026-07-19,1,26.111
atlanta,2026-07-19,2,26.111
atlanta,2026-07-19,3,26.111
atlanta,2026-07-19,4,26.111
atlanta,2026-07-19,5,26.111
atlanta,2026-07-19,6,26.111
atlanta,2026-07-19,7,26.111
atlanta,2026-07-19,8,26.111
atlanta,2026-07-19,9,28.889
atlanta,2026-07-19,10,30.556
atlanta,2026-07-19,11,31.667
atlanta,2026-07-19,12,32.778
atlanta,2026-07-19,13,32.778
atlanta,2026-07-19,14,32.778
atlanta,2026-07-19,15,32.778
atlanta,2026-07-19,16,32.778
atlanta,2026-07-19,17,32.778
atlanta,2026-07-19,18,32.778
atlanta,2026-07-19,19,32.778
atlanta,2026-07-19,20,32.778
atlanta,2026-07-19,21,32.778
atlanta,2026-07-19,22,32.778
atlanta,2026-07-19,23,32.778
atlanta,2026-07-20,0,24.444
atlanta,2026-07-20,1,24.444
atlanta,2026-07-20,2,24.444
atlanta,2026-07-20,3,24.444
atlanta,2026-07-20,4,24.444
atlanta,2026-07-20,5,24.444
atlanta,2026-07-20,6,24.444
atlanta,2026-07-20,7,25.0
atlanta,2026-07-20,8,26.111
atlanta,2026-07-20,9,27.778
atlanta,2026-07-20,10,29.444
atlanta,2026-07-20,11,30.556
atlanta,2026-07-20,12,31.111
atlanta,2026-07-20,13,32.222
atlanta,2026-07-20,14,33.889
atlanta,2026-07-20,15,33.889
atlanta,2026-07-20,16,33.889
atlanta,2026-07-20,17,33.889
atlanta,2026-07-20,18,33.889
atlanta,2026-07-20,19,33.889
atlanta,2026-07-20,20,33.889
atlanta,2026-07-20,21,33.889
atlanta,2026-07-20,22,33.889
atlanta,2026-07-20,23,33.889
atlanta,2026-07-21,0,25.556
atlanta,2026-07-21,1,25.556
atlanta,2026-07-21,2,25.556
atlanta,2026-07-21,3,25.556
atlanta,2026-07-21,4,25.556
atlanta,2026-07-21,5,25.556
atlanta,2026-07-21,6,25.556
atlanta,2026-07-21,7,25.556
atlanta,2026-07-21,8,25.556
atlanta,2026-07-21,9,26.111
atlanta,2026-07-21,10,28.333
atlanta,2026-07-21,11,28.333
atlanta,2026-07-21,12,29.444
atlanta,2026-07-21,13,30.0
atlanta,2026-07-21,14,31.667
atlanta,2026-07-21,15,31.667
atlanta,2026-07-21,16,32.222
atlanta,2026-07-21,17,32.222
atlanta,2026-07-21,18,32.222
atlanta,2026-07-21,19,32.222
atlanta,2026-07-21,20,32.222
atlanta,2026-07-21,21,32.222
atlanta,2026-07-21,22,32.222
atlanta,2026-07-21,23,32.222
atlanta,2026-07-22,0,26.111
atlanta,2026-07-22,1,26.111
atlanta,2026-07-22,2,26.111
atlanta,2026-07-22,3,26.111
atlanta,2026-07-22,4,26.111
atlanta,2026-07-22,5,26.111
atlanta,2026-07-22,6,26.111
atlanta,2026-07-22,7,26.111
atlanta,2026-07-22,8,26.111
atlanta,2026-07-22,9,26.667
atlanta,2026-07-22,10,27.778
atlanta,2026-07-22,11,28.333
atlanta,2026-07-22,12,29.444
atlanta,2026-07-22,13,30.556
atlanta,2026-07-22,14,30.556
atlanta,2026-07-22,15,31.111
atlanta,2026-07-22,16,31.111
atlanta,2026-07-22,17,31.111
atlanta,2026-07-22,18,31.111
atlanta,2026-07-22,19,31.111
atlanta,2026-07-22,20,31.111
atlanta,2026-07-22,21,31.111
atlanta,2026-07-22,22,31.111
atlanta,2026-07-22,23,31.111
atlanta,2026-07-23,0,25.0
atlanta,2026-07-23,1,25.0
atlanta,2026-07-23,2,25.0
atlanta,2026-07-23,3,25.0
atlanta,2026-07-23,4,25.0
atlanta,2026-07-23,5,25.0
atlanta,2026-07-23,6,25.0
atlanta,2026-07-23,7,25.0
atlanta,2026-07-23,8,25.0
atlanta,2026-07-23,9,26.111
atlanta,2026-07-23,10,27.778
atlanta,2026-07-23,11,28.333
atlanta,2026-07-23,12,30.0
atlanta,2026-07-23,13,30.0
atlanta,2026-07-23,14,31.111
atlanta,2026-07-23,15,31.667
atlanta,2026-07-23,16,31.667
atlanta,2026-07-23,17,31.667
atlanta,2026-07-23,18,31.667
atlanta,2026-07-23,19,31.667
atlanta,2026-07-23,20,31.667
atlanta,2026-07-23,21,31.667
atlanta,2026-07-23,22,31.667
atlanta,2026-07-23,23,31.667
atlanta,2026-07-24,0,26.667
atlanta,2026-07-24,1,26.667
atlanta,2026-07-24,2,27.222
atlanta,2026-07-24,3,27.222
atlanta,2026-07-24,4,27.222
atlanta,2026-07-24,5,27.222
atlanta,2026-07-24,6,27.222
atlanta,2026-07-24,7,27.222
atlanta,2026-07-24,8,27.222
atlanta,2026-07-24,9,27.778
atlanta,2026-07-24,10,28.333
atlanta,2026-07-24,11,28.889
atlanta,2026-07-24,12,29.444
atlanta,2026-07-24,13,31.111
atlanta,2026-07-24,14,31.111
atlanta,2026-07-24,15,31.111
atlanta,2026-07-24,16,31.111
atlanta,2026-07-24,17,31.111
atlanta,2026-07-24,18,31.111
atlanta,2026-07-24,19,31.111
atlanta,2026-07-24,20,31.111
atlanta,2026-07-24,21,31.111
atlanta,2026-07-24,22,31.111
atlanta,2026-07-24,23,31.111
atlanta,2026-07-25,0,23.889
atlanta,2026-07-25,1,23.889
atlanta,2026-07-25,2,24.444
atlanta,2026-07-25,3,24.444
atlanta,2026-07-25,4,24.444
atlanta,2026-07-25,5,24.444
atlanta,2026-07-25,6,24.444
atlanta,2026-07-25,7,24.444
atlanta,2026-07-25,8,24.444
atlanta,2026-07-25,9,25.0
atlanta,2026-07-25,10,26.111
atlanta,2026-07-25,11,28.333
atlanta,2026-07-25,12,29.444
atlanta,2026-07-25,13,31.111
atlanta,2026-07-25,14,31.111
atlanta,2026-07-25,15,31.111
atlanta,2026-07-25,16,31.111
atlanta,2026-07-25,17,31.111
atlanta,2026-07-25,18,31.111
atlanta,2026-07-25,19,31.111
atlanta,2026-07-25,20,31.111
atlanta,2026-07-25,21,31.111
atlanta,2026-07-25,22,31.111
atlanta,2026-07-25,23,31.111
atlanta,2026-07-26,0,23.333
atlanta,2026-07-26,1,23.333
atlanta,2026-07-26,2,23.333
atlanta,2026-07-26,3,23.333
atlanta,2026-07-26,4,23.333
atlanta,2026-07-26,5,23.333
atlanta,2026-07-26,6,23.333
atlanta,2026-07-26,7,23.333
atlanta,2026-07-26,8,24.444
atlanta,2026-07-26,9,24.444
atlanta,2026-07-26,10,25.556
atlanta,2026-07-26,11,27.222
atlanta,2026-07-26,12,30.0
atlanta,2026-07-26,13,30.556
atlanta,2026-07-26,14,32.222
atlanta,2026-07-26,15,32.778
atlanta,2026-07-26,16,32.778
atlanta,2026-07-26,17,32.778
atlanta,2026-07-26,18,32.778
atlanta,2026-07-26,19,32.778
atlanta,2026-07-26,20,32.778
atlanta,2026-07-26,21,32.778
atlanta,2026-07-26,22,32.778
atlanta,2026-07-26,23,32.778
atlanta,2026-07-27,0,26.667
atlanta,2026-07-27,1,26.667
atlanta,2026-07-27,2,26.667
atlanta,2026-07-27,3,26.667
atlanta,2026-07-27,4,26.667
atlanta,2026-07-27,5,26.667
atlanta,2026-07-27,6,26.667
atlanta,2026-07-27,7,26.667
atlanta,2026-07-27,8,27.222
atlanta,2026-07-27,9,27.222
atlanta,2026-07-27,10,27.222
atlanta,2026-07-27,11,27.222
atlanta,2026-07-27,12,27.778
atlanta,2026-07-27,13,29.444
atlanta,2026-07-27,14,32.222
atlanta,2026-07-27,15,32.222
atlanta,2026-07-27,16,32.222
atlanta,2026-07-27,17,32.778
atlanta,2026-07-27,18,32.778
atlanta,2026-07-27,19,32.778
atlanta,2026-07-27,20,32.778
atlanta,2026-07-27,21,32.778
atlanta,2026-07-27,22,32.778
atlanta,2026-07-27,23,32.778
atlanta,2026-07-28,0,26.667
atlanta,2026-07-28,1,26.667
atlanta,2026-07-28,2,26.667
atlanta,2026-07-28,3,26.667
atlanta,2026-07-28,4,26.667
atlanta,2026-07-28,5,26.667
atlanta,2026-07-28,6,26.667
atlanta,2026-07-28,7,26.667
atlanta,2026-07-28,8,26.667
atlanta,2026-07-28,9,28.333
atlanta,2026-07-28,10,30.0
atlanta,2026-07-28,11,31.667
atlanta,2026-07-28,12,32.778
atlanta,2026-07-28,13,33.333
atlanta,2026-07-28,14,34.444
atlanta,2026-07-28,15,34.444
atlanta,2026-07-28,16,34.444
atlanta,2026-07-28,17,34.444
atlanta,2026-07-28,18,34.444
atlanta,2026-07-28,19,34.444
atlanta,2026-07-28,20,34.444
atlanta,2026-07-28,21,34.444
atlanta,2026-07-28,22,34.444
atlanta,2026-07-28,23,34.444
atlanta,2026-07-29,0,29.444
atlanta,2026-07-29,1,29.444
atlanta,2026-07-29,2,29.444
atlanta,2026-07-29,3,29.444
atlanta,2026-07-29,4,29.444
atlanta,2026-07-29,5,29.444
atlanta,2026-07-29,6,29.444
atlanta,2026-07-29,7,29.444
atlanta,2026-07-29,8,29.444
atlanta,2026-07-29,9,29.444
atlanta,2026-07-29,10,29.444
atlanta,2026-07-29,11,29.444
atlanta,2026-07-29,12,29.444
atlanta,2026-07-29,13,29.444
atlanta,2026-07-29,14,29.444
atlanta,2026-07-29,15,30.556
atlanta,2026-07-29,16,31.111
atlanta,2026-07-29,17,31.667
atlanta,2026-07-29,18,31.667
atlanta,2026-07-29,19,31.667
atlanta,2026-07-29,20,31.667
atlanta,2026-07-29,21,31.667
atlanta,2026-07-29,22,31.667
atlanta,2026-07-29,23,31.667
atlanta,2026-07-30,0,26.667
atlanta,2026-07-30,1,26.667
atlanta,2026-07-30,2,26.667
atlanta,2026-07-30,3,26.667
atlanta,2026-07-30,4,26.667
atlanta,2026-07-30,5,26.667
atlanta,2026-07-30,6,26.667
atlanta,2026-07-30,7,26.667
atlanta,2026-07-30,8,26.667
atlanta,2026-07-30,9,26.667
atlanta,2026-07-30,10,27.778
atlanta,2026-07-30,11,28.889
atlanta,2026-07-30,12,29.444
atlanta,2026-07-30,13,30.556
atlanta,2026-07-30,14,31.667
atlanta,2026-07-30,15,31.667
atlanta,2026-07-30,16,31.667
atlanta,2026-07-30,17,31.667
atlanta,2026-07-30,18,31.667
atlanta,2026-07-30,19,31.667
atlanta,2026-07-30,20,31.667
atlanta,2026-07-30,21,31.667
atlanta,2026-07-30,22,31.667
atlanta,2026-07-30,23,31.667
atlanta,2026-07-31,0,23.889
atlanta,2026-07-31,1,23.889
atlanta,2026-07-31,2,23.889
atlanta,2026-07-31,3,23.889
atlanta,2026-07-31,4,23.889
atlanta,2026-07-31,5,23.889
atlanta,2026-07-31,6,23.889
atlanta,2026-07-31,7,23.889
atlanta,2026-07-31,8,24.444
atlanta,2026-07-31,9,26.111
atlanta,2026-07-31,10,27.778
atlanta,2026-07-31,11,29.444
atlanta,2026-07-31,12,29.444
atlanta,2026-07-31,13,30.556
atlanta,2026-07-31,14,31.667
atlanta,2026-07-31,15,31.667
atlanta,2026-07-31,16,32.222
atlanta,2026-07-31,17,32.222
atlanta,2026-07-31,18,32.222
atlanta,2026-07-31,19,32.222
atlanta,2026-07-31,20,32.222
atlanta,2026-07-31,21,32.222
atlanta,2026-07-31,22,32.222
atlanta,2026-07-31,23,32.222
atlanta,2026-08-01,0,25.556
atlanta,2026-08-01,1,25.556
atlanta,2026-08-01,2,25.556
atlanta,2026-08-01,3,25.556
atlanta,2026-08-01,4,25.556
atlanta,2026-08-01,5,25.556
atlanta,2026-08-01,6,25.556
atlanta,2026-08-01,7,25.556
atlanta,2026-08-01,8,25.556
atlanta,2026-08-01,9,25.556
atlanta,2026-08-01,10,26.667
atlanta,2026-08-01,11,27.222
atlanta,2026-08-01,12,27.778
atlanta,2026-08-01,13,28.333
atlanta,2026-08-01,14,28.889
atlanta,2026-08-01,15,28.889
atlanta,2026-08-01,16,30.0
atlanta,2026-08-01,17,30.0
atlanta,2026-08-01,18,30.0
atlanta,2026-08-01,19,30.0
atlanta,2026-08-01,20,30.0
atlanta,2026-08-01,21,30.0
atlanta,2026-08-01,22,30.0
atlanta,2026-08-01,23,30.0
atlanta,2026-08-02,0,25.0
atlanta,2026-08-02,1,25.0
atlanta,2026-08-02,2,25.0
atlanta,2026-08-02,3,25.556
atlanta,2026-08-02,4,25.556
atlanta,2026-08-02,5,25.556
atlanta,2026-08-02,6,25.556
atlanta,2026-08-02,7,25.556
atlanta,2026-08-02,8,26.111
atlanta,2026-08-02,9,26.667
atlanta,2026-08-02,10,28.889
atlanta,2026-08-02,11,30.556
atlanta,2026-08-02,12,30.556
atlanta,2026-08-02,13,32.222
atlanta,2026-08-02,14,32.778
atlanta,2026-08-02,15,32.778
atlanta,2026-08-02,16,32.778
atlanta,2026-08-02,17,32.778
atlanta,2026-08-02,18,32.778
atlanta,2026-08-02,19,32.778
atlanta,2026-08-02,20,32.778
atlanta,2026-08-02,21,32.778
atlanta,2026-08-02,22,32.778
atlanta,2026-08-02,23,32.778
atlanta,2026-08-03,0,23.333
atlanta,2026-08-03,1,23.333
atlanta,2026-08-03,2,23.333
atlanta,2026-08-03,3,23.333
atlanta,2026-08-03,4,23.333
atlanta,2026-08-03,5,23.333
atlanta,2026-08-03,6,23.333
atlanta,2026-08-03,7,23.333
atlanta,2026-08-03,8,23.889
atlanta,2026-08-03,9,25.556
atlanta,2026-08-03,10,27.222
atlanta,2026-08-03,11,27.222
atlanta,2026-08-03,12,28.333
atlanta,2026-08-03,13,28.333
atlanta,2026-08-03,14,29.444
atlanta,2026-08-03,15,29.444
atlanta,2026-08-03,16,30.0
atlanta,2026-08-03,17,30.0
atlanta,2026-08-03,18,30.0
atlanta,2026-08-03,19,30.0
atlanta,2026-08-03,20,30.0
atlanta,2026-08-03,21,30.0
atlanta,2026-08-03,22,30.0
atlanta,2026-08-03,23,30.0
atlanta,2026-08-04,0,25.0
atlanta,2026-08-04,1,25.0
atlanta,2026-08-04,2,25.0
atlanta,2026-08-04,3,25.0
atlanta,2026-08-04,4,25.0
atlanta,2026-08-04,5,25.0
atlanta,2026-08-04,6,25.0
atlanta,2026-08-04,7,25.0
atlanta,2026-08-04,8,26.111
atlanta,2026-08-04,9,26.667
atlanta,2026-08-04,10,28.889
atlanta,2026-08-04,11,28.889
atlanta,2026-08-04,12,28.889
atlanta,2026-08-04,13,28.889
atlanta,2026-08-04,14,28.889
atlanta,2026-08-04,15,28.889
atlanta,2026-08-04,16,28.889
atlanta,2026-08-04,17,28.889
atlanta,2026-08-04,18,28.889
atlanta,2026-08-04,19,28.889
atlanta,2026-08-04,20,28.889
atlanta,2026-08-04,21,28.889
atlanta,2026-08-04,22,28.889
atlanta,2026-08-04,23,28.889
atlanta,2026-08-05,0,23.889
atlanta,2026-08-05,1,23.889
atlanta,2026-08-05,2,23.889
atlanta,2026-08-05,3,23.889
atlanta,2026-08-05,4,23.889
atlanta,2026-08-05,5,23.889
atlanta,2026-08-05,6,23.889
atlanta,2026-08-05,7,23.889
atlanta,2026-08-05,8,23.889
atlanta,2026-08-05,9,25.0
atlanta,2026-08-05,10,27.778
atlanta,2026-08-05,11,28.889
atlanta,2026-08-05,12,30.0
atlanta,2026-08-05,13,30.0
atlanta,2026-08-05,14,31.667
atlanta,2026-08-05,15,31.667
atlanta,2026-08-05,16,31.667
atlanta,2026-08-05,17,31.667
atlanta,2026-08-05,18,31.667
atlanta,2026-08-05,19,31.667
atlanta,2026-08-05,20,31.667
atlanta,2026-08-05,21,31.667
atlanta,2026-08-05,22,31.667
atlanta,2026-08-05,23,31.667
atlanta,2026-08-06,0,23.889
atlanta,2026-08-06,1,23.889
atlanta,2026-08-06,2,23.889
atlanta,2026-08-06,3,23.889
atlanta,2026-08-06,4,23.889
atlanta,2026-08-06,5,23.889
atlanta,2026-08-06,6,23.889
atlanta,2026-08-06,7,23.889
atlanta,2026-08-06,8,23.889
atlanta,2026-08-06,9,24.444
atlanta,2026-08-06,10,25.0
atlanta,2026-08-06,11,26.667
atlanta,2026-08-06,12,28.333
atlanta,2026-08-06,13,28.333
atlanta,2026-08-06,14,30.0
atlanta,2026-08-06,15,30.0
atlanta,2026-08-06,16,31.111
atlanta,2026-08-06,17,31.111
atlanta,2026-08-06,18,31.111
atlanta,2026-08-06,19,31.111
atlanta,2026-08-06,20,31.111
atlanta,2026-08-06,21,31.111
atlanta,2026-08-06,22,31.111
atlanta,2026-08-06,23,31.111
atlanta,2026-08-07,0,23.333
atlanta,2026-08-07,1,23.333
atlanta,2026-08-07,2,23.333
atlanta,2026-08-07,3,23.333
atlanta,2026-08-07,4,23.333
atlanta,2026-08-07,5,23.333
atlanta,2026-08-07,6,23.333
atlanta,2026-08-07,7,23.333
atlanta,2026-08-07,8,23.333
atlanta,2026-08-07,9,23.889
atlanta,2026-08-07,10,25.556
atlanta,2026-08-07,11,27.222
atlanta,2026-08-07,12,28.333
atlanta,2026-08-07,13,28.333
atlanta,2026-08-07,14,28.333
atlanta,2026-08-07,15,28.889
atlanta,2026-08-07,16,30.556
atlanta,2026-08-07,17,30.556
atlanta,2026-08-07,18,30.556
atlanta,2026-08-07,19,30.556
atlanta,2026-08-07,20,30.556
atlanta,2026-08-07,21,30.556
atlanta,2026-08-07,22,30.556
atlanta,2026-08-07,23,30.556
atlanta,2026-08-08,0,25.0
atlanta,2026-08-08,1,25.0
atlanta,2026-08-08,2,25.0
atlanta,2026-08-08,3,25.0
atlanta,2026-08-08,4,25.0
atlanta,2026-08-08,5,25.0
atlanta,2026-08-08,6,25.0
atlanta,2026-08-08,7,25.0
atlanta,2026-08-08,8,25.556
atlanta,2026-08-08,9,27.778
atlanta,2026-08-08,10,29.444
atlanta,2026-08-08,11,30.0
atlanta,2026-08-08,12,30.0
atlanta,2026-08-08,13,31.667
atlanta,2026-08-08,14,31.667
atlanta,2026-08-08,15,31.667
atlanta,2026-08-08,16,32.778
atlanta,2026-08-08,17,32.778
atlanta,2026-08-08,18,32.778
atlanta,2026-08-08,19,32.778
atlanta,2026-08-08,20,32.778
atlanta,2026-08-08,21,32.778
atlanta,2026-08-08,22,32.778
atlanta,2026-08-08,23,32.778
atlanta,2026-08-09,0,24.444
atlanta,2026-08-09,1,24.444
atlanta,2026-08-09,2,24.444
atlanta,2026-08-09,3,24.444
atlanta,2026-08-09,4,24.444
atlanta,2026-08-09,5,24.444
atlanta,2026-08-09,6,24.444
atlanta,2026-08-09,7,24.444
atlanta,2026-08-09,8,25.556
atlanta,2026-08-09,9,27.778
atlanta,2026-08-09,10,29.444
atlanta,2026-08-09,11,30.556
atlanta,2026-08-09,12,31.111
atlanta,2026-08-09,13,32.222
atlanta,2026-08-09,14,32.778
atlanta,2026-08-09,15,32.778
atlanta,2026-08-09,16,32.778
atlanta,2026-08-09,17,32.778
atlanta,2026-08-09,18,32.778
atlanta,2026-08-09,19,32.778
atlanta,2026-08-09,20,32.778
atlanta,2026-08-09,21,32.778
atlanta,2026-08-09,22,32.778
atlanta,2026-08-09,23,32.778
atlanta,2026-08-10,0,26.667
atlanta,2026-08-10,1,26.667
atlanta,2026-08-10,2,26.667
atlanta,2026-08-10,3,26.667
atlanta,2026-08-10,4,26.667
atlanta,2026-08-10,5,26.667
atlanta,2026-08-10,6,26.667
atlanta,2026-08-10,7,26.667
atlanta,2026-08-10,8,26.667
atlanta,2026-08-10,9,28.889
atlanta,2026-08-10,10,30.0
atlanta,2026-08-10,11,30.556
atlanta,2026-08-10,12,31.667
atlanta,2026-08-10,13,32.778
atlanta,2026-08-10,14,33.333
atlanta,2026-08-10,15,34.444
atlanta,2026-08-10,16,34.444
atlanta,2026-08-10,17,34.444
atlanta,2026-08-10,18,34.444
atlanta,2026-08-10,19,34.444
atlanta,2026-08-10,20,34.444
atlanta,2026-08-10,21,34.444
atlanta,2026-08-10,22,34.444
atlanta,2026-08-10,23,34.444
atlanta,2026-08-11,0,26.667
atlanta,2026-08-11,1,26.667
atlanta,2026-08-11,2,26.667
atlanta,2026-08-11,3,26.667
atlanta,2026-08-11,4,26.667
atlanta,2026-08-11,5,26.667
atlanta,2026-08-11,6,26.667
atlanta,2026-08-11,7,26.667
atlanta,2026-08-11,8,27.778
atlanta,2026-08-11,9,28.889
atlanta,2026-08-11,10,30.0
atlanta,2026-08-11,11,31.667
atlanta,2026-08-11,12,31.667
atlanta,2026-08-11,13,32.222
atlanta,2026-08-11,14,33.889
atlanta,2026-08-11,15,33.889
atlanta,2026-08-11,16,33.889
atlanta,2026-08-11,17,33.889
atlanta,2026-08-11,18,33.889
atlanta,2026-08-11,19,33.889
atlanta,2026-08-11,20,33.889
atlanta,2026-08-11,21,33.889
atlanta,2026-08-11,22,33.889
atlanta,2026-08-11,23,33.889
atlanta,2026-08-12,0,22.222
atlanta,2026-08-12,1,22.222
atlanta,2026-08-12,2,22.222
atlanta,2026-08-12,3,23.889
atlanta,2026-08-12,4,23.889
atlanta,2026-08-12,5,23.889
atlanta,2026-08-12,6,23.889
atlanta,2026-08-12,7,23.889
atlanta,2026-08-12,8,23.889
atlanta,2026-08-12,9,25.0
atlanta,2026-08-12,10,26.667
atlanta,2026-08-12,11,28.333
atlanta,2026-08-12,12,30.556
atlanta,2026-08-12,13,32.222
atlanta,2026-08-12,14,32.778
atlanta,2026-08-12,15,32.778
atlanta,2026-08-12,16,33.333
atlanta,2026-08-12,17,33.333
atlanta,2026-08-12,18,33.333
atlanta,2026-08-12,19,33.333
atlanta,2026-08-12,20,33.333
atlanta,2026-08-12,21,33.333
atlanta,2026-08-12,22,33.333
atlanta,2026-08-12,23,33.333
atlanta,2026-08-13,0,27.222
atlanta,2026-08-13,1,27.222
atlanta,2026-08-13,2,27.222
atlanta,2026-08-13,3,27.222
atlanta,2026-08-13,4,27.222
atlanta,2026-08-13,5,27.222
atlanta,2026-08-13,6,27.222
atlanta,2026-08-13,7,27.222
atlanta,2026-08-13,8,27.778
atlanta,2026-08-13,9,29.444
atlanta,2026-08-13,10,31.111
atlanta,2026-08-13,11,32.778
atlanta,2026-08-13,12,33.889
atlanta,2026-08-13,13,34.444
atlanta,2026-08-13,14,34.444
atlanta,2026-08-13,15,34.444
atlanta,2026-08-13,16,34.444
atlanta,2026-08-13,17,34.444
atlanta,2026-08-13,18,34.444
atlanta,2026-08-13,19,34.444
atlanta,2026-08-13,20,34.444
atlanta,2026-08-13,21,34.444
atlanta,2026-08-13,22,34.444
atlanta,2026-08-13,23,34.444
atlanta,2026-08-14,0,27.778
atlanta,2026-08-14,1,27.778
atlanta,2026-08-14,2,27.778
atlanta,2026-08-14,3,27.778
atlanta,2026-08-14,4,27.778
atlanta,2026-08-14,5,27.778
atlanta,2026-08-14,6,27.778
atlanta,2026-08-14,7,27.778
atlanta,2026-08-14,8,27.778
atlanta,2026-08-14,9,30.556
atlanta,2026-08-14,10,32.222
atlanta,2026-08-14,11,33.333
atlanta,2026-08-14,12,34.444
atlanta,2026-08-14,13,34.444
atlanta,2026-08-14,14,34.444
atlanta,2026-08-14,15,34.444
atlanta,2026-08-14,16,34.444
atlanta,2026-08-14,17,34.444
atlanta,2026-08-14,18,34.444
atlanta,2026-08-14,19,34.444
atlanta,2026-08-14,20,34.444
atlanta,2026-08-14,21,34.444
atlanta,2026-08-14,22,34.444
atlanta,2026-08-14,23,34.444
atlanta,2026-08-15,0,25.0
atlanta,2026-08-15,1,25.0
atlanta,2026-08-15,2,25.0
atlanta,2026-08-15,3,25.0
atlanta,2026-08-15,4,25.0
atlanta,2026-08-15,5,25.0
atlanta,2026-08-15,6,25.0
atlanta,2026-08-15,7,25.0
atlanta,2026-08-15,8,26.667
atlanta,2026-08-15,9,28.889
atlanta,2026-08-15,10,31.111
atlanta,2026-08-15,11,32.778
atlanta,2026-08-15,12,32.778
atlanta,2026-08-15,13,33.333
atlanta,2026-08-15,14,35.0
atlanta,2026-08-15,15,35.0
atlanta,2026-08-15,16,35.0
atlanta,2026-08-15,17,35.0
atlanta,2026-08-15,18,35.0
atlanta,2026-08-15,19,35.0
atlanta,2026-08-15,20,35.0
atlanta,2026-08-15,21,35.0
atlanta,2026-08-15,22,35.0
atlanta,2026-08-15,23,35.0
atlanta,2026-08-16,0,28.333
atlanta,2026-08-16,1,28.333
atlanta,2026-08-16,2,28.333
atlanta,2026-08-16,3,28.333
atlanta,2026-08-16,4,28.333
atlanta,2026-08-16,5,28.333
atlanta,2026-08-16,6,28.333
atlanta,2026-08-16,7,28.333
atlanta,2026-08-16,8,28.333
atlanta,2026-08-16,9,30.0
atlanta,2026-08-16,10,31.667
atlanta,2026-08-16,11,33.333
atlanta,2026-08-16,12,33.889
atlanta,2026-08-16,13,35.0
atlanta,2026-08-16,14,35.0
atlanta,2026-08-16,15,35.0
atlanta,2026-08-16,16,35.0
atlanta,2026-08-16,17,35.0
atlanta,2026-08-16,18,35.0
atlanta,2026-08-16,19,35.0
atlanta,2026-08-16,20,35.0
atlanta,2026-08-16,21,35.0
atlanta,2026-08-16,22,35.0
atlanta,2026-08-16,23,35.0
atlanta,2026-08-17,0,28.333
atlanta,2026-08-17,1,28.333
atlanta,2026-08-17,2,28.333
atlanta,2026-08-17,3,28.333
atlanta,2026-08-17,4,28.333
atlanta,2026-08-17,5,28.333
atlanta,2026-08-17,6,28.333
atlanta,2026-08-17,7,28.333
atlanta,2026-08-17,8,28.889
atlanta,2026-08-17,9,30.556
atlanta,2026-08-17,10,32.222
atlanta,2026-08-17,11,33.889
atlanta,2026-08-17,12,34.444
atlanta,2026-08-17,13,35.556
atlanta,2026-08-17,14,36.667
atlanta,2026-08-17,15,36.667
atlanta,2026-08-17,16,36.667
atlanta,2026-08-17,17,36.667
atlanta,2026-08-17,18,36.667
atlanta,2026-08-17,19,36.667
atlanta,2026-08-17,20,36.667
atlanta,2026-08-17,21,36.667
atlanta,2026-08-17,22,36.667
atlanta,2026-08-17,23,36.667
atlanta,2026-08-18,0,23.889
atlanta,2026-08-18,1,23.889
atlanta,2026-08-18,2,23.889
atlanta,2026-08-18,3,23.889
atlanta,2026-08-18,4,23.889
atlanta,2026-08-18,5,23.889
atlanta,2026-08-18,6,23.889
atlanta,2026-08-18,7,23.889
atlanta,2026-08-18,8,25.0
atlanta,2026-08-18,9,27.222
atlanta,2026-08-18,10,28.333
atlanta,2026-08-18,11,30.556
atlanta,2026-08-18,12,31.111
atlanta,2026-08-18,13,31.667
atlanta,2026-08-18,14,32.778
atlanta,2026-08-18,15,32.778
atlanta,2026-08-18,16,33.333
atlanta,2026-08-18,17,33.333
atlanta,2026-08-18,18,33.333
atlanta,2026-08-18,19,33.333
atlanta,2026-08-18,20,33.333
atlanta,2026-08-18,21,33.333
atlanta,2026-08-18,22,33.333
atlanta,2026-08-18,23,33.333
atlanta,2026-08-19,0,25.556
atlanta,2026-08-19,1,25.556
atlanta,2026-08-19,2,25.556
atlanta,2026-08-19,3,25.556
atlanta,2026-08-19,4,25.556
atlanta,2026-08-19,5,25.556
atlanta,2026-08-19,6,25.556
atlanta,2026-08-19,7,25.556
atlanta,2026-08-19,8,25.556
atlanta,2026-08-19,9,27.778
atlanta,2026-08-19,10,28.889
atlanta,2026-08-19,11,30.556
atlanta,2026-08-19,12,31.667
atlanta,2026-08-19,13,32.778
atlanta,2026-08-19,14,33.333
atlanta,2026-08-19,15,33.889
atlanta,2026-08-19,16,34.444
atlanta,2026-08-19,17,34.444
atlanta,2026-08-19,18,34.444
atlanta,2026-08-19,19,34.444
atlanta,2026-08-19,20,34.444
atlanta,2026-08-19,21,34.444
atlanta,2026-08-19,22,34.444
atlanta,2026-08-19,23,34.444
atlanta,2026-08-20,0,27.222
atlanta,2026-08-20,1,27.222
atlanta,2026-08-20,2,27.222
atlanta,2026-08-20,3,27.222
atlanta,2026-08-20,4,27.222
atlanta,2026-08-20,5,27.222
atlanta,2026-08-20,6,27.222
atlanta,2026-08-20,7,27.222
atlanta,2026-08-20,8,27.222
atlanta,2026-08-20,9,28.333
atlanta,2026-08-20,10,31.111
atlanta,2026-08-20,11,32.222
atlanta,2026-08-20,12,33.889
atlanta,2026-08-20,13,33.889
atlanta,2026-08-20,14,35.0
atlanta,2026-08-20,15,36.111
atlanta,2026-08-20,16,36.111
atlanta,2026-08-20,17,36.111
atlanta,2026-08-20,18,36.111
atlanta,2026-08-20,19,36.111
atlanta,2026-08-20,20,36.111
atlanta,2026-08-20,21,36.111
atlanta,2026-08-20,22,36.111
atlanta,2026-08-20,23,36.111
atlanta,2026-08-21,0,28.889
atlanta,2026-08-21,1,28.889
atlanta,2026-08-21,2,28.889
atlanta,2026-08-21,3,28.889
atlanta,2026-08-21,4,28.889
atlanta,2026-08-21,5,28.889
atlanta,2026-08-21,6,28.889
atlanta,2026-08-21,7,28.889
atlanta,2026-08-21,8,28.889
atlanta,2026-08-21,9,28.889
atlanta,2026-08-21,10,28.889
atlanta,2026-08-21,11,30.0
atlanta,2026-08-21,12,30.556
atlanta,2026-08-21,13,32.222
atlanta,2026-08-21,14,33.333
atlanta,2026-08-21,15,34.444
atlanta,2026-08-21,16,34.444
atlanta,2026-08-21,17,34.444
atlanta,2026-08-21,18,34.444
atlanta,2026-08-21,19,34.444
atlanta,2026-08-21,20,34.444
atlanta,2026-08-21,21,34.444
atlanta,2026-08-21,22,34.444
atlanta,2026-08-21,23,34.444
atlanta,2026-08-22,0,25.0
atlanta,2026-08-22,1,25.0
atlanta,2026-08-22,2,25.0
atlanta,2026-08-22,3,25.0
atlanta,2026-08-22,4,25.0
atlanta,2026-08-22,5,25.0
atlanta,2026-08-22,6,25.0
atlanta,2026-08-22,7,25.0
atlanta,2026-08-22,8,25.0
atlanta,2026-08-22,9,26.111
atlanta,2026-08-22,10,29.444
atlanta,2026-08-22,11,30.0
atlanta,2026-08-22,12,31.111
atlanta,2026-08-22,13,32.778
atlanta,2026-08-22,14,33.889
atlanta,2026-08-22,15,33.889
atlanta,2026-08-22,16,33.889
atlanta,2026-08-22,17,33.889
atlanta,2026-08-22,18,33.889
atlanta,2026-08-22,19,33.889
atlanta,2026-08-22,20,33.889
atlanta,2026-08-22,21,33.889
atlanta,2026-08-22,22,33.889
atlanta,2026-08-22,23,33.889
atlanta,2026-08-23,0,26.111
atlanta,2026-08-23,1,26.111
atlanta,2026-08-23,2,26.111
atlanta,2026-08-23,3,26.111
atlanta,2026-08-23,4,26.111
atlanta,2026-08-23,5,26.111
atlanta,2026-08-23,6,26.111
atlanta,2026-08-23,7,26.111
atlanta,2026-08-23,8,26.111
atlanta,2026-08-23,9,27.778
atlanta,2026-08-23,10,29.444
atlanta,2026-08-23,11,30.0
atlanta,2026-08-23,12,32.222
atlanta,2026-08-23,13,32.222
atlanta,2026-08-23,14,32.778
atlanta,2026-08-23,15,33.333
atlanta,2026-08-23,16,33.333
atlanta,2026-08-23,17,33.333
atlanta,2026-08-23,18,33.333
atlanta,2026-08-23,19,33.333
atlanta,2026-08-23,20,33.333
atlanta,2026-08-23,21,33.333
atlanta,2026-08-23,22,33.333
atlanta,2026-08-23,23,33.333
atlanta,2026-08-24,0,27.222
atlanta,2026-08-24,1,27.222
atlanta,2026-08-24,2,27.222
atlanta,2026-08-24,3,27.222
atlanta,2026-08-24,4,27.222
atlanta,2026-08-24,5,27.222
atlanta,2026-08-24,6,27.222
atlanta,2026-08-24,7,27.222
atlanta,2026-08-24,8,27.222
atlanta,2026-08-24,9,28.333
atlanta,2026-08-24,10,29.444
atlanta,2026-08-24,11,30.0
atlanta,2026-08-24,12,31.667
atlanta,2026-08-24,13,32.222
atlanta,2026-08-24,14,32.778
atlanta,2026-08-24,15,32.778
atlanta,2026-08-24,16,32.778
atlanta,2026-08-24,17,32.778
atlanta,2026-08-24,18,32.778
atlanta,2026-08-24,19,32.778
atlanta,2026-08-24,20,32.778
atlanta,2026-08-24,21,32.778
atlanta,2026-08-24,22,32.778
atlanta,2026-08-24,23,32.778
atlanta,2026-08-25,0,26.667
atlanta,2026-08-25,1,26.667
atlanta,2026-08-25,2,26.667
atlanta,2026-08-25,3,26.667
atlanta,2026-08-25,4,26.667
atlanta,2026-08-25,5,26.667
atlanta,2026-08-25,6,26.667
atlanta,2026-08-25,7,26.667
atlanta,2026-08-25,8,26.667
atlanta,2026-08-25,9,27.222
atlanta,2026-08-25,10,28.889
atlanta,2026-08-25,11,30.556
atlanta,2026-08-25,12,31.667
atlanta,2026-08-25,13,32.222
atlanta,2026-08-25,14,33.333
atlanta,2026-08-25,15,33.333
atlanta,2026-08-25,16,33.333
atlanta,2026-08-25,17,33.333
atlanta,2026-08-25,18,33.333
atlanta,2026-08-25,19,33.333
atlanta,2026-08-25,20,33.333
atlanta,2026-08-25,21,33.333
atlanta,2026-08-25,22,33.333
atlanta,2026-08-25,23,33.333
atlanta,2026-08-26,0,26.111
atlanta,2026-08-26,1,26.111
atlanta,2026-08-26,2,26.111
atlanta,2026-08-26,3,26.111
atlanta,2026-08-26,4,26.111
atlanta,2026-08-26,5,26.111
atlanta,2026-08-26,6,26.111
atlanta,2026-08-26,7,26.111
atlanta,2026-08-26,8,26.111
atlanta,2026-08-26,9,26.111
atlanta,2026-08-26,10,27.222
atlanta,2026-08-26,11,30.0
atlanta,2026-08-26,12,30.0
atlanta,2026-08-26,13,30.556
atlanta,2026-08-26,14,32.222
atlanta,2026-08-26,15,32.778
atlanta,2026-08-26,16,32.778
atlanta,2026-08-26,17,32.778
atlanta,2026-08-26,18,32.778
atlanta,2026-08-26,19,32.778
atlanta,2026-08-26,20,32.778
atlanta,2026-08-26,21,32.778
atlanta,2026-08-26,22,32.778
atlanta,2026-08-26,23,32.778
atlanta,2026-08-27,0,25.0
atlanta,2026-08-27,1,25.0
atlanta,2026-08-27,2,25.0
atlanta,2026-08-27,3,25.0
atlanta,2026-08-27,4,25.0
atlanta,2026-08-27,5,25.0
atlanta,2026-08-27,6,25.0
atlanta,2026-08-27,7,25.0
atlanta,2026-08-27,8,25.0
atlanta,2026-08-27,9,25.0
atlanta,2026-08-27,10,25.0
atlanta,2026-08-27,11,25.0
atlanta,2026-08-27,12,25.0
atlanta,2026-08-27,13,26.667
atlanta,2026-08-27,14,28.889
atlanta,2026-08-27,15,30.556
atlanta,2026-08-27,16,30.556
atlanta,2026-08-27,17,31.111
atlanta,2026-08-27,18,31.111
atlanta,2026-08-27,19,31.111
atlanta,2026-08-27,20,31.111
atlanta,2026-08-27,21,31.111
atlanta,2026-08-27,22,31.111
atlanta,2026-08-27,23,31.111
atlanta,2026-08-28,0,24.444
atlanta,2026-08-28,1,24.444
atlanta,2026-08-28,2,24.444
atlanta,2026-08-28,3,24.444
atlanta,2026-08-28,4,24.444
atlanta,2026-08-28,5,24.444
atlanta,2026-08-28,6,24.444
atlanta,2026-08-28,7,24.444
atlanta,2026-08-28,8,24.444
atlanta,2026-08-28,9,27.222
atlanta,2026-08-28,10,29.444
atlanta,2026-08-28,11,31.667
atlanta,2026-08-28,12,31.667
atlanta,2026-08-28,13,31.667
atlanta,2026-08-28,14,32.778
atlanta,2026-08-28,15,32.778
atlanta,2026-08-28,16,32.778
atlanta,2026-08-28,17,32.778
atlanta,2026-08-28,18,32.778
atlanta,2026-08-28,19,32.778
atlanta,2026-08-28,20,32.778
atlanta,2026-08-28,21,32.778
atlanta,2026-08-28,22,32.778
atlanta,2026-08-28,23,32.778
atlanta,2026-08-29,0,24.444
atlanta,2026-08-29,1,24.444
atlanta,2026-08-29,2,24.444
atlanta,2026-08-29,3,24.444
atlanta,2026-08-29,4,25.0
atlanta,2026-08-29,5,25.0
atlanta,2026-08-29,6,25.0
atlanta,2026-08-29,7,25.0
atlanta,2026-08-29,8,25.0
atlanta,2026-08-29,9,25.0
atlanta,2026-08-29,10,25.0
atlanta,2026-08-29,11,25.556
atlanta,2026-08-29,12,26.667
atlanta,2026-08-29,13,28.333
atlanta,2026-08-29,14,30.0
atlanta,2026-08-29,15,31.111
atlanta,2026-08-29,16,31.667
atlanta,2026-08-29,17,31.667
atlanta,2026-08-29,18,31.667
atlanta,2026-08-29,19,31.667
atlanta,2026-08-29,20,31.667
atlanta,2026-08-29,21,31.667
atlanta,2026-08-29,22,31.667
atlanta,2026-08-29,23,31.667
atlanta,2026-08-30,0,25.0
atlanta,2026-08-30,1,25.0
atlanta,2026-08-30,2,25.0
atlanta,2026-08-30,3,25.0
atlanta,2026-08-30,4,25.0
atlanta,2026-08-30,5,25.0
atlanta,2026-08-30,6,25.0
atlanta,2026-08-30,7,25.0
atlanta,2026-08-30,8,25.0
atlanta,2026-08-30,9,26.667
atlanta,2026-08-30,10,28.889
atlanta,2026-08-30,11,28.889
atlanta,2026-08-30,12,30.0
atlanta,2026-08-30,13,31.111
atlanta,2026-08-30,14,31.667
atlanta,2026-08-30,15,31.667
atlanta,2026-08-30,16,31.667
atlanta,2026-08-30,17,32.222
atlanta,2026-08-30,18,32.222
atlanta,2026-08-30,19,32.222
atlanta,2026-08-30,20,32.222
atlanta,2026-08-30,21,32.222
atlanta,2026-08-30,22,32.222
atlanta,2026-08-30,23,32.222
atlanta,2026-08-31,0,26.667
atlanta,2026-08-31,1,26.667
atlanta,2026-08-31,2,26.667
atlanta,2026-08-31,3,26.667
atlanta,2026-08-31,4,26.667
atlanta,2026-08-31,5,26.667
atlanta,2026-08-31,6,26.667
atlanta,2026-08-31,7,26.667
atlanta,2026-08-31,8,26.667
atlanta,2026-08-31,9,27.778
atlanta,2026-08-31,10,30.0
atlanta,2026-08-31,11,30.0
atlanta,2026-08-31,12,31.667
atlanta,2026-08-31,13,32.778
atlanta,2026-08-31,14,33.333
atlanta,2026-08-31,15,33.333
atlanta,2026-08-31,16,33.889
atlanta,2026-08-31,17,33.889
atlanta,2026-08-31,18,33.889
atlanta,2026-08-31,19,33.889
atlanta,2026-08-31,20,33.889
atlanta,2026-08-31,21,33.889
atlanta,2026-08-31,22,33.889
atlanta,2026-08-31,23,33.889
atlanta,2026-09-01,0,27.778
atlanta,2026-09-01,1,27.778
atlanta,2026-09-01,2,27.778
atlanta,2026-09-01,3,27.778
atlanta,2026-09-01,4,27.778
atlanta,2026-09-01,5,27.778
atlanta,2026-09-01,6,27.778
atlanta,2026-09-01,7,27.778
atlanta,2026-09-01,8,27.778
atlanta,2026-09-01,9,28.889
atlanta,2026-09-01,10,30.0
atlanta,2026-09-01,11,31.667
atlanta,2026-09-01,12,32.222
atlanta,2026-09-01,13,32.222
atlanta,2026-09-01,14,33.889
atlanta,2026-09-01,15,33.889
atlanta,2026-09-01,16,33.889
atlanta,2026-09-01,17,33.889
atlanta,2026-09-01,18,33.889
atlanta,2026-09-01,19,33.889
atlanta,2026-09-01,20,33.889
atlanta,2026-09-01,21,33.889
atlanta,2026-09-01,22,33.889
atlanta,2026-09-01,23,33.889
atlanta,2026-09-02,0,27.222
atlanta,2026-09-02,1,27.778
atlanta,2026-09-02,2,27.778
atlanta,2026-09-02,3,27.778
atlanta,2026-09-02,4,27.778
atlanta,2026-09-02,5,27.778
atlanta,2026-09-02,6,27.778
atlanta,2026-09-02,7,27.778
atlanta,2026-09-02,8,27.778
atlanta,2026-09-02,9,29.444
atlanta,2026-09-02,10,31.111
atlanta,2026-09-02,11,32.222
atlanta,2026-09-02,12,32.778
atlanta,2026-09-02,13,33.333
atlanta,2026-09-02,14,35.0
atlanta,2026-09-02,15,35.0
atlanta,2026-09-02,16,35.0
atlanta,2026-09-02,17,35.0
atlanta,2026-09-02,18,35.0
atlanta,2026-09-02,19,35.0
atlanta,2026-09-02,20,35.0
atlanta,2026-09-02,21,35.0
atlanta,2026-09-02,22,35.0
atlanta,2026-09-02,23,35.0
atlanta,2026-09-03,0,28.333
atlanta,2026-09-03,1,28.333
atlanta,2026-09-03,2,28.333
atlanta,2026-09-03,3,28.333
atlanta,2026-09-03,4,28.333
atlanta,2026-09-03,5,28.333
atlanta,2026-09-03,6,28.333
atlanta,2026-09-03,7,28.333
atlanta,2026-09-03,8,28.333
atlanta,2026-09-03,9,30.0
atlanta,2026-09-03,10,31.667
atlanta,2026-09-03,11,32.222
atlanta,2026-09-03,12,32.778
atlanta,2026-09-03,13,33.889
atlanta,2026-09-03,14,35.0
atlanta,2026-09-03,15,35.0
atlanta,2026-09-03,16,35.0
atlanta,2026-09-03,17,35.0
atlanta,2026-09-03,18,35.0
atlanta,2026-09-03,19,35.0
atlanta,2026-09-03,20,35.0
atlanta,2026-09-03,21,35.0
atlanta,2026-09-03,22,35.0
atlanta,2026-09-03,23,35.0
atlanta,2026-09-04,0,28.333
atlanta,2026-09-04,1,28.333
atlanta,2026-09-04,2,28.333
atlanta,2026-09-04,3,28.333
atlanta,2026-09-04,4,28.333
atlanta,2026-09-04,5,28.333
atlanta,2026-09-04,6,28.333
atlanta,2026-09-04,7,28.333
atlanta,2026-09-04,8,28.333
atlanta,2026-09-04,9,28.333
atlanta,2026-09-04,10,29.444
atlanta,2026-09-04,11,30.556
atlanta,2026-09-04,12,32.222
atlanta,2026-09-04,13,33.333
atlanta,2026-09-04,14,33.333
atlanta,2026-09-04,15,33.889
atlanta,2026-09-04,16,34.444
atlanta,2026-09-04,17,34.444
atlanta,2026-09-04,18,34.444
atlanta,2026-09-04,19,34.444
atlanta,2026-09-04,20,34.444
atlanta,2026-09-04,21,34.444
atlanta,2026-09-04,22,34.444
atlanta,2026-09-04,23,34.444
atlanta,2026-09-05,0,27.222
atlanta,2026-09-05,1,27.222
atlanta,2026-09-05,2,27.222
atlanta,2026-09-05,3,27.222
atlanta,2026-09-05,4,27.222
atlanta,2026-09-05,5,27.222
atlanta,2026-09-05,6,27.222
atlanta,2026-09-05,7,27.222
atlanta,2026-09-05,8,27.222
atlanta,2026-09-05,9,29.444
atlanta,2026-09-05,10,31.667
atlanta,2026-09-05,11,32.778
atlanta,2026-09-05,12,33.333
atlanta,2026-09-05,13,35.556
atlanta,2026-09-05,14,36.111
atlanta,2026-09-05,15,36.111
atlanta,2026-09-05,16,36.111
atlanta,2026-09-05,17,36.111
atlanta,2026-09-05,18,36.111
atlanta,2026-09-05,19,36.111
atlanta,2026-09-05,20,36.111
atlanta,2026-09-05,21,36.111
atlanta,2026-09-05,22,36.111
atlanta,2026-09-05,23,36.111
atlanta,2026-09-06,0,23.889
atlanta,2026-09-06,1,25.0
atlanta,2026-09-06,2,25.0
atlanta,2026-09-06,3,25.0
atlanta,2026-09-06,4,25.0
atlanta,2026-09-06,5,25.0
atlanta,2026-09-06,6,25.0
atlanta,2026-09-06,7,25.0
atlanta,2026-09-06,8,25.0
atlanta,2026-09-06,9,27.222
atlanta,2026-09-06,10,28.889
atlanta,2026-09-06,11,31.111
atlanta,2026-09-06,12,32.222
atlanta,2026-09-06,13,33.333
atlanta,2026-09-06,14,34.444
atlanta,2026-09-06,15,34.444
atlanta,2026-09-06,16,34.444
atlanta,2026-09-06,17,34.444
atlanta,2026-09-06,18,34.444
atlanta,2026-09-06,19,34.444
atlanta,2026-09-06,20,34.444
atlanta,2026-09-06,21,34.444
atlanta,2026-09-06,22,34.444
atlanta,2026-09-06,23,34.444
atlanta,2026-09-07,0,24.444
atlanta,2026-09-07,1,24.444
atlanta,2026-09-07,2,24.444
atlanta,2026-09-07,3,24.444
atlanta,2026-09-07,4,24.444
atlanta,2026-09-07,5,24.444
atlanta,2026-09-07,6,24.444
atlanta,2026-09-07,7,24.444
atlanta,2026-09-07,8,24.444
atlanta,2026-09-07,9,24.444
atlanta,2026-09-07,10,25.556
atlanta,2026-09-07,11,26.667
atlanta,2026-09-07,12,27.222
atlanta,2026-09-07,13,27.778
atlanta,2026-09-07,14,27.778
atlanta,2026-09-07,15,27.778
atlanta,2026-09-07,16,27.778
atlanta,2026-09-07,17,27.778
atlanta,2026-09-07,18,27.778
atlanta,2026-09-07,19,27.778
atlanta,2026-09-07,20,27.778
atlanta,2026-09-07,21,27.778
atlanta,2026-09-07,22,27.778
atlanta,2026-09-07,23,27.778
atlanta,2026-09-08,0,23.889
atlanta,2026-09-08,1,23.889
atlanta,2026-09-08,2,23.889
atlanta,2026-09-08,3,23.889
atlanta,2026-09-08,4,23.889
atlanta,2026-09-08,5,23.889
atlanta,2026-09-08,6,23.889
atlanta,2026-09-08,7,23.889
atlanta,2026-09-08,8,23.889
atlanta,2026-09-08,9,25.0
atlanta,2026-09-08,10,26.667
atlanta,2026-09-08,11,27.222
atlanta,2026-09-08,12,28.333
atlanta,2026-09-08,13,28.889
atlanta,2026-09-08,14,30.0
atlanta,2026-09-08,15,30.0
atlanta,2026-09-08,16,31.111
atlanta,2026-09-08,17,31.111
atlanta,2026-09-08,18,31.111
atlanta,2026-09-08,19,31.111
atlanta,2026-09-08,20,31.111
atlanta,2026-09-08,21,31.111
atlanta,2026-09-08,22,31.111
atlanta,2026-09-08,23,31.111
atlanta,2026-09-09,0,24.444
atlanta,2026-09-09,1,24.444
atlanta,2026-09-09,2,24.444
atlanta,2026-09-09,3,24.444
atlanta,2026-09-09,4,24.444
atlanta,2026-09-09,5,24.444
atlanta,2026-09-09,6,24.444
atlanta,2026-09-09,7,24.444
atlanta,2026-09-09,8,24.444
atlanta,2026-09-09,9,25.556
atlanta,2026-09-09,10,26.667
atlanta,2026-09-09,11,28.333
atlanta,2026-09-09,12,29.444
atlanta,2026-09-09,13,30.556
atlanta,2026-09-09,14,31.111
atlanta,2026-09-09,15,31.667
atlanta,2026-09-09,16,31.667
atlanta,2026-09-09,17,31.667
atlanta,2026-09-09,18,31.667
atlanta,2026-09-09,19,31.667
atlanta,2026-09-09,20,31.667
atlanta,2026-09-09,21,31.667
atlanta,2026-09-09,22,31.667
atlanta,2026-09-09,23,31.667
atlanta,2026-09-10,0,25.556
atlanta,2026-09-10,1,25.556
atlanta,2026-09-10,2,25.556
atlanta,2026-09-10,3,25.556
atlanta,2026-09-10,4,25.556
atlanta,2026-09-10,5,25.556
atlanta,2026-09-10,6,25.556
atlanta,2026-09-10,7,25.556
atlanta,2026-09-10,8,25.556
atlanta,2026-09-10,9,26.111
atlanta,2026-09-10,10,27.222
atlanta,2026-09-10,11,28.333
atlanta,2026-09-10,12,28.889
atlanta,2026-09-10,13,30.556
atlanta,2026-09-10,14,31.111
atlanta,2026-09-10,15,32.222
atlanta,2026-09-10,16,32.222
atlanta,2026-09-10,17,32.222
atlanta,2026-09-10,18,32.222
atlanta,2026-09-10,19,32.222
atlanta,2026-09-10,20,32.222
atlanta,2026-09-10,21,32.222
atlanta,2026-09-10,22,32.222
atlanta,2026-09-10,23,32.222
atlanta,2026-09-11,0,25.556
atlanta,2026-09-11,1,25.556
atlanta,2026-09-11,2,25.556
atlanta,2026-09-11,3,25.556
atlanta,2026-09-11,4,25.556
atlanta,2026-09-11,5,25.556
atlanta,2026-09-11,6,25.556
atlanta,2026-09-11,7,25.556
atlanta,2026-09-11,8,25.556
atlanta,2026-09-11,9,27.778
atlanta,2026-09-11,10,28.889
atlanta,2026-09-11,11,28.889
atlanta,2026-09-11,12,28.889
atlanta,2026-09-11,13,31.111
atlanta,2026-09-11,14,31.111
atlanta,2026-09-11,15,31.111
atlanta,2026-09-11,16,31.111
atlanta,2026-09-11,17,31.111
atlanta,2026-09-11,18,31.111
atlanta,2026-09-11,19,31.111
atlanta,2026-09-11,20,31.111
atlanta,2026-09-11,21,31.111
atlanta,2026-09-11,22,31.111
atlanta,2026-09-11,23,31.111
atlanta,2026-09-12,0,22.778
atlanta,2026-09-12,1,22.778
atlanta,2026-09-12,2,22.778
atlanta,2026-09-12,3,22.778
atlanta,2026-09-12,4,22.778
atlanta,2026-09-12,5,22.778
atlanta,2026-09-12,6,22.778
atlanta,2026-09-12,7,22.778
atlanta,2026-09-12,8,22.778
atlanta,2026-09-12,9,23.333
atlanta,2026-09-12,10,23.333
atlanta,2026-09-12,11,23.333
atlanta,2026-09-12,12,25.0
atlanta,2026-09-12,13,27.222
atlanta,2026-09-12,14,27.222
atlanta,2026-09-12,15,28.333
atlanta,2026-09-12,16,28.889
atlanta,2026-09-12,17,28.889
atlanta,2026-09-12,18,28.889
atlanta,2026-09-12,19,28.889
atlanta,2026-09-12,20,28.889
atlanta,2026-09-12,21,28.889
atlanta,2026-09-12,22,28.889
atlanta,2026-09-12,23,28.889
atlanta,2026-09-13,0,23.889
atlanta,2026-09-13,1,23.889
atlanta,2026-09-13,2,23.889
atlanta,2026-09-13,3,23.889
atlanta,2026-09-13,4,23.889
atlanta,2026-09-13,5,23.889
atlanta,2026-09-13,6,23.889
atlanta,2026-09-13,7,23.889
atlanta,2026-09-13,8,23.889
atlanta,2026-09-13,9,25.556
atlanta,2026-09-13,10,27.778
atlanta,2026-09-13,11,30.0
atlanta,2026-09-13,12,30.556
atlanta,2026-09-13,13,31.111
atlanta,2026-09-13,14,31.111
atlanta,2026-09-13,15,31.667
atlanta,2026-09-13,16,32.222
atlanta,2026-09-13,17,32.222
atlanta,2026-09-13,18,32.222
atlanta,2026-09-13,19,32.222
atlanta,2026-09-13,20,32.222
atlanta,2026-09-13,21,32.222
atlanta,2026-09-13,22,32.222
atlanta,2026-09-13,23,32.222
atlanta,2026-09-14,0,25.0
atlanta,2026-09-14,1,25.0
atlanta,2026-09-14,2,25.0
atlanta,2026-09-14,3,25.0
atlanta,2026-09-14,4,25.0
atlanta,2026-09-14,5,25.0
atlanta,2026-09-14,6,25.0
atlanta,2026-09-14,7,25.0
atlanta,2026-09-14,8,25.556
atlanta,2026-09-14,9,28.333
atlanta,2026-09-14,10,30.0
atlanta,2026-09-14,11,31.111
atlanta,2026-09-14,12,31.667
atlanta,2026-09-14,13,32.222
atlanta,2026-09-14,14,33.333
atlanta,2026-09-14,15,33.333
atlanta,2026-09-14,16,33.333
atlanta,2026-09-14,17,33.333
atlanta,2026-09-14,18,33.333
atlanta,2026-09-14,19,33.333
atlanta,2026-09-14,20,33.333
atlanta,2026-09-14,21,33.333
atlanta,2026-09-14,22,33.333
atlanta,2026-09-14,23,33.333
atlanta,2026-09-15,0,26.667
atlanta,2026-09-15,1,26.667
atlanta,2026-09-15,2,26.667
atlanta,2026-09-15,3,26.667
atlanta,2026-09-15,4,26.667
atlanta,2026-09-15,5,26.667
atlanta,2026-09-15,6,26.667
atlanta,2026-09-15,7,26.667
atlanta,2026-09-15,8,26.667
atlanta,2026-09-15,9,26.667
atlanta,2026-09-15,10,28.333
atlanta,2026-09-15,11,29.444
atlanta,2026-09-15,12,30.556
atlanta,2026-09-15,13,31.667
atlanta,2026-09-15,14,31.667
atlanta,2026-09-15,15,32.222
atlanta,2026-09-15,16,32.222
atlanta,2026-09-15,17,32.222
atlanta,2026-09-15,18,32.222
atlanta,2026-09-15,19,32.222
atlanta,2026-09-15,20,32.222
atlanta,2026-09-15,21,32.222
atlanta,2026-09-15,22,32.222
atlanta,2026-09-15,23,32.222
atlanta,2026-09-16,0,24.444
atlanta,2026-09-16,1,24.444
atlanta,2026-09-16,2,24.444
atlanta,2026-09-16,3,24.444
atlanta,2026-09-16,4,24.444
atlanta,2026-09-16,5,24.444
atlanta,2026-09-16,6,24.444
atlanta,2026-09-16,7,24.444
atlanta,2026-09-16,8,24.444
atlanta,2026-09-16,9,24.444
atlanta,2026-09-16,10,26.111
atlanta,2026-09-16,11,27.778
atlanta,2026-09-16,12,28.889
atlanta,2026-09-16,13,30.0
atlanta,2026-09-16,14,30.0
atlanta,2026-09-16,15,31.111
atlanta,2026-09-16,16,31.111
atlanta,2026-09-16,17,31.111
atlanta,2026-09-16,18,31.111
atlanta,2026-09-16,19,31.111
atlanta,2026-09-16,20,31.111
atlanta,2026-09-16,21,31.111
atlanta,2026-09-16,22,31.111
atlanta,2026-09-16,23,31.111
atlanta,2026-09-17,0,24.444
atlanta,2026-09-17,1,24.444
atlanta,2026-09-17,2,24.444
atlanta,2026-09-17,3,24.444
atlanta,2026-09-17,4,24.444
atlanta,2026-09-17,5,24.444
atlanta,2026-09-17,6,24.444
atlanta,2026-09-17,7,24.444
atlanta,2026-09-17,8,24.444
atlanta,2026-09-17,9,25.0
atlanta,2026-09-17,10,26.111
atlanta,2026-09-17,11,26.667
atlanta,2026-09-17,12,28.889
atlanta,2026-09-17,13,30.0
atlanta,2026-09-17,14,31.111
atlanta,2026-09-17,15,31.667
atlanta,2026-09-17,16,31.667
atlanta,2026-09-17,17,31.667
atlanta,2026-09-17,18,31.667
atlanta,2026-09-17,19,31.667
atlanta,2026-09-17,20,31.667
atlanta,2026-09-17,21,31.667
atlanta,2026-09-17,22,31.667
atlanta,2026-09-17,23,31.667
atlanta,2026-09-18,0,25.556
atlanta,2026-09-18,1,25.556
atlanta,2026-09-18,2,25.556
atlanta,2026-09-18,3,25.556
atlanta,2026-09-18,4,25.556
atlanta,2026-09-18,5,25.556
atlanta,2026-09-18,6,25.556
atlanta,2026-09-18,7,25.556
atlanta,2026-09-18,8,25.556
atlanta,2026-09-18,9,26.667
atlanta,2026-09-18,10,29.444
atlanta,2026-09-18,11,31.111
atlanta,2026-09-18,12,31.667
atlanta,2026-09-18,13,32.222
atlanta,2026-09-18,14,32.778
atlanta,2026-09-18,15,33.889
atlanta,2026-09-18,16,33.889
atlanta,2026-09-18,17,33.889
atlanta,2026-09-18,18,33.889
atlanta,2026-09-18,19,33.889
atlanta,2026-09-18,20,33.889
atlanta,2026-09-18,21,33.889
atlanta,2026-09-18,22,33.889
atlanta,2026-09-18,23,33.889
atlanta,2026-09-19,0,27.222
atlanta,2026-09-19,1,27.222
atlanta,2026-09-19,2,27.222
atlanta,2026-09-19,3,27.222
atlanta,2026-09-19,4,27.222
atlanta,2026-09-19,5,27.222
atlanta,2026-09-19,6,27.222
atlanta,2026-09-19,7,27.222
atlanta,2026-09-19,8,27.222
atlanta,2026-09-19,9,27.222
atlanta,2026-09-19,10,27.222
atlanta,2026-09-19,11,27.222
atlanta,2026-09-19,12,28.333
atlanta,2026-09-19,13,30.556
atlanta,2026-09-19,14,32.222
atlanta,2026-09-19,15,32.778
atlanta,2026-09-19,16,32.778
atlanta,2026-09-19,17,32.778
atlanta,2026-09-19,18,32.778
atlanta,2026-09-19,19,32.778
atlanta,2026-09-19,20,32.778
atlanta,2026-09-19,21,32.778
atlanta,2026-09-19,22,32.778
atlanta,2026-09-19,23,32.778
atlanta,2026-09-20,0,22.778
atlanta,2026-09-20,1,22.778
atlanta,2026-09-20,2,22.778
atlanta,2026-09-20,3,22.778
atlanta,2026-09-20,4,22.778
atlanta,2026-09-20,5,22.778
atlanta,2026-09-20,6,22.778
atlanta,2026-09-20,7,22.778
atlanta,2026-09-20,8,22.778
atlanta,2026-09-20,9,22.778
atlanta,2026-09-20,10,23.889
atlanta,2026-09-20,11,25.0
atlanta,2026-09-20,12,26.667
atlanta,2026-09-20,13,28.333
atlanta,2026-09-20,14,29.444
atlanta,2026-09-20,15,30.0
atlanta,2026-09-20,16,30.556
atlanta,2026-09-20,17,31.111
atlanta,2026-09-20,18,31.111
atlanta,2026-09-20,19,31.111
atlanta,2026-09-20,20,31.111
atlanta,2026-09-20,21,31.111
atlanta,2026-09-20,22,31.111
atlanta,2026-09-20,23,31.111
atlanta,2026-09-21,0,24.444
atlanta,2026-09-21,1,24.444
atlanta,2026-09-21,2,24.444
atlanta,2026-09-21,3,24.444
atlanta,2026-09-21,4,24.444
atlanta,2026-09-21,5,24.444
atlanta,2026-09-21,6,24.444
atlanta,2026-09-21,7,24.444
atlanta,2026-09-21,8,24.444
atlanta,2026-09-21,9,26.667
atlanta,2026-09-21,10,27.778
atlanta,2026-09-21,11,28.889
atlanta,2026-09-21,12,30.0
atlanta,2026-09-21,13,31.111
atlanta,2026-09-21,14,31.667
atlanta,2026-09-21,15,31.667
atlanta,2026-09-21,16,32.222
atlanta,2026-09-21,17,32.222
atlanta,2026-09-21,18,32.222
atlanta,2026-09-21,19,32.222
atlanta,2026-09-21,20,32.222
atlanta,2026-09-21,21,32.222
atlanta,2026-09-21,22,32.222
atlanta,2026-09-21,23,32.222
atlanta,2026-09-22,0,24.444
atlanta,2026-09-22,1,25.0
atlanta,2026-09-22,2,25.0
atlanta,2026-09-22,3,25.0
atlanta,2026-09-22,4,25.0
atlanta,2026-09-22,5,25.0
atlanta,2026-09-22,6,25.0
atlanta,2026-09-22,7,25.0
atlanta,2026-09-22,8,25.0
atlanta,2026-09-22,9,25.0
atlanta,2026-09-22,10,25.556
atlanta,2026-09-22,11,26.667
atlanta,2026-09-22,12,28.333
atlanta,2026-09-22,13,28.333
atlanta,2026-09-22,14,29.444
atlanta,2026-09-22,15,30.0
atlanta,2026-09-22,16,30.0
atlanta,2026-09-22,17,30.0
atlanta,2026-09-22,18,30.0
atlanta,2026-09-22,19,30.0
atlanta,2026-09-22,20,30.0
atlanta,2026-09-22,21,30.0
atlanta,2026-09-22,22,30.0
atlanta,2026-09-22,23,30.0
atlanta,2026-09-23,0,23.889
atlanta,2026-09-23,1,23.889
atlanta,2026-09-23,2,23.889
atlanta,2026-09-23,3,23.889
atlanta,2026-09-23,4,23.889
atlanta,2026-09-23,5,23.889
atlanta,2026-09-23,6,23.889
atlanta,2026-09-23,7,23.889
atlanta,2026-09-23,8,23.889
atlanta,2026-09-23,9,23.889
atlanta,2026-09-23,10,23.889
atlanta,2026-09-23,11,23.889
atlanta,2026-09-23,12,25.556
atlanta,2026-09-23,13,25.556
atlanta,2026-09-23,14,26.111
atlanta,2026-09-23,15,26.667
atlanta,2026-09-23,16,26.667
atlanta,2026-09-23,17,26.667
atlanta,2026-09-23,18,26.667
atlanta,2026-09-23,19,26.667
atlanta,2026-09-23,20,26.667
atlanta,2026-09-23,21,26.667
atlanta,2026-09-23,22,26.667
atlanta,2026-09-23,23,26.667
atlanta,2026-09-24,0,19.444
atlanta,2026-09-24,1,19.444
atlanta,2026-09-24,2,19.444
atlanta,2026-09-24,3,19.444
atlanta,2026-09-24,4,19.444
atlanta,2026-09-24,5,19.444
atlanta,2026-09-24,6,19.444
atlanta,2026-09-24,7,19.444
atlanta,2026-09-24,8,19.444
atlanta,2026-09-24,9,19.444
atlanta,2026-09-24,10,19.444
atlanta,2026-09-24,11,19.444
atlanta,2026-09-24,12,19.444
atlanta,2026-09-24,13,19.444
atlanta,2026-09-24,14,19.444
atlanta,2026-09-24,15,19.444
atlanta,2026-09-24,16,19.444
atlanta,2026-09-24,17,19.444
atlanta,2026-09-24,18,19.444
atlanta,2026-09-24,19,19.444
atlanta,2026-09-24,20,19.444
atlanta,2026-09-24,21,19.444
atlanta,2026-09-24,22,19.444
atlanta,2026-09-24,23,19.444
seattle,2026-05-25,0,15.0
seattle,2026-05-25,1,15.0
seattle,2026-05-25,2,15.0
seattle,2026-05-25,3,15.0
seattle,2026-05-25,4,15.0
seattle,2026-05-25,5,15.0
seattle,2026-05-25,6,15.0
seattle,2026-05-25,7,15.0
seattle,2026-05-25,8,15.0
seattle,2026-05-25,9,15.0
seattle,2026-05-25,10,15.0
seattle,2026-05-25,11,15.0
seattle,2026-05-25,12,15.0
seattle,2026-05-25,13,15.0
seattle,2026-05-25,14,15.0
seattle,2026-05-25,15,15.0
seattle,2026-05-25,16,15.0
seattle,2026-05-25,17,15.0
seattle,2026-05-25,18,15.0
seattle,2026-05-25,19,15.0
seattle,2026-05-25,20,15.0
seattle,2026-05-25,21,15.0
seattle,2026-05-25,22,15.0
seattle,2026-05-25,23,15.0
seattle,2026-05-26,1,9.444
seattle,2026-05-26,2,9.444
seattle,2026-05-26,3,9.444
seattle,2026-05-26,4,9.444
seattle,2026-05-26,5,9.444
seattle,2026-05-26,6,9.444
seattle,2026-05-26,7,10.0
seattle,2026-05-26,8,10.556
seattle,2026-05-26,9,10.556
seattle,2026-05-26,10,10.556
seattle,2026-05-26,11,11.111
seattle,2026-05-26,12,12.222
seattle,2026-05-26,13,13.333
seattle,2026-05-26,14,15.0
seattle,2026-05-26,15,15.0
seattle,2026-05-26,16,15.556
seattle,2026-05-26,17,16.111
seattle,2026-05-26,18,16.111
seattle,2026-05-26,19,16.111
seattle,2026-05-26,20,16.111
seattle,2026-05-26,21,16.111
seattle,2026-05-26,22,16.111
seattle,2026-05-26,23,16.111
seattle,2026-05-27,0,12.778
seattle,2026-05-27,1,12.778
seattle,2026-05-27,2,12.778
seattle,2026-05-27,3,12.778
seattle,2026-05-27,4,12.778
seattle,2026-05-27,5,12.778
seattle,2026-05-27,6,12.778
seattle,2026-05-27,7,13.333
seattle,2026-05-27,8,15.556
seattle,2026-05-27,9,17.778
seattle,2026-05-27,10,17.778
seattle,2026-05-27,11,18.333
seattle,2026-05-27,12,18.333
seattle,2026-05-27,13,21.111
seattle,2026-05-27,14,21.111
seattle,2026-05-27,15,22.778
seattle,2026-05-27,16,23.333
seattle,2026-05-27,17,23.333
seattle,2026-05-27,18,23.333
seattle,2026-05-27,19,23.333
seattle,2026-05-27,20,23.333
seattle,2026-05-27,21,23.333
seattle,2026-05-27,22,23.333
seattle,2026-05-27,23,23.333
seattle,2026-05-28,0,16.667
seattle,2026-05-28,1,16.667
seattle,2026-05-28,2,16.667
seattle,2026-05-28,3,16.667
seattle,2026-05-28,4,16.667
seattle,2026-05-28,5,16.667
seattle,2026-05-28,6,16.667
seattle,2026-05-28,7,16.667
seattle,2026-05-28,8,17.778
seattle,2026-05-28,9,19.444
seattle,2026-05-28,10,21.667
seattle,2026-05-28,11,22.222
seattle,2026-05-28,12,24.444
seattle,2026-05-28,13,25.0
seattle,2026-05-28,14,25.556
seattle,2026-05-28,15,26.111
seattle,2026-05-28,16,26.111
seattle,2026-05-28,17,26.111
seattle,2026-05-28,18,26.111
seattle,2026-05-28,19,26.111
seattle,2026-05-28,20,26.111
seattle,2026-05-28,21,26.111
seattle,2026-05-28,22,26.111
seattle,2026-05-28,23,26.111
seattle,2026-05-29,1,13.333
seattle,2026-05-29,2,13.333
seattle,2026-05-29,3,13.333
seattle,2026-05-29,4,13.333
seattle,2026-05-29,5,13.333
seattle,2026-05-29,6,13.333
seattle,2026-05-29,7,13.333
seattle,2026-05-29,8,13.333
seattle,2026-05-29,9,13.333
seattle,2026-05-29,10,13.333
seattle,2026-05-29,11,13.333
seattle,2026-05-29,12,13.333
seattle,2026-05-29,13,13.333
seattle,2026-05-29,14,13.889
seattle,2026-05-29,15,15.0
seattle,2026-05-29,16,15.0
seattle,2026-05-29,17,15.0
seattle,2026-05-29,18,15.0
seattle,2026-05-29,19,15.0
seattle,2026-05-29,20,15.0
seattle,2026-05-29,21,15.0
seattle,2026-05-29,22,15.0
seattle,2026-05-29,23,15.0
seattle,2026-05-30,0,9.444
seattle,2026-05-30,1,9.444
seattle,2026-05-30,2,9.444
seattle,2026-05-30,3,9.444
seattle,2026-05-30,4,9.444
seattle,2026-05-30,5,9.444
seattle,2026-05-30,6,9.444
seattle,2026-05-30,7,9.444
seattle,2026-05-30,8,11.111
seattle,2026-05-30,9,12.222
seattle,2026-05-30,10,12.222
seattle,2026-05-30,11,12.222
seattle,2026-05-30,12,13.889
seattle,2026-05-30,13,15.0
seattle,2026-05-30,14,15.556
seattle,2026-05-30,15,16.111
seattle,2026-05-30,16,17.222
seattle,2026-05-30,17,17.222
seattle,2026-05-30,18,17.222
seattle,2026-05-30,19,17.222
seattle,2026-05-30,20,17.222
seattle,2026-05-30,21,17.222
seattle,2026-05-30,22,17.222
seattle,2026-05-30,23,17.222
seattle,2026-05-31,0,10.556
seattle,2026-05-31,1,10.556
seattle,2026-05-31,2,10.556
seattle,2026-05-31,3,10.556
seattle,2026-05-31,4,10.556
seattle,2026-05-31,5,10.556
seattle,2026-05-31,6,10.556
seattle,2026-05-31,7,11.111
seattle,2026-05-31,8,11.667
seattle,2026-05-31,9,13.333
seattle,2026-05-31,10,14.444
seattle,2026-05-31,11,15.556
seattle,2026-05-31,12,17.222
seattle,2026-05-31,13,18.333
seattle,2026-05-31,14,18.889
seattle,2026-05-31,15,19.444
seattle,2026-05-31,16,19.444
seattle,2026-05-31,17,19.444
seattle,2026-05-31,18,19.444
seattle,2026-05-31,19,19.444
seattle,2026-05-31,20,19.444
seattle,2026-05-31,21,19.444
seattle,2026-05-31,22,19.444
seattle,2026-05-31,23,19.444
seattle,2026-06-01,0,12.778
seattle,2026-06-01,1,12.778
seattle,2026-06-01,2,12.778
seattle,2026-06-01,3,12.778
seattle,2026-06-01,4,12.778
seattle,2026-06-01,5,12.778
seattle,2026-06-01,6,12.778
seattle,2026-06-01,7,14.444
seattle,2026-06-01,8,15.556
seattle,2026-06-01,9,17.222
seattle,2026-06-01,10,18.333
seattle,2026-06-01,11,20.0
seattle,2026-06-01,12,21.667
seattle,2026-06-01,13,22.222
seattle,2026-06-01,14,23.333
seattle,2026-06-01,15,23.889
seattle,2026-06-01,16,24.444
seattle,2026-06-01,17,24.444
seattle,2026-06-01,18,24.444
seattle,2026-06-01,19,24.444
seattle,2026-06-01,20,24.444
seattle,2026-06-01,21,24.444
seattle,2026-06-01,22,24.444
seattle,2026-06-01,23,24.444
seattle,2026-06-02,0,16.111
seattle,2026-06-02,1,16.667
seattle,2026-06-02,2,16.667
seattle,2026-06-02,3,16.667
seattle,2026-06-02,4,16.667
seattle,2026-06-02,5,16.667
seattle,2026-06-02,6,16.667
seattle,2026-06-02,7,16.667
seattle,2026-06-02,8,18.889
seattle,2026-06-02,9,20.556
seattle,2026-06-02,10,22.778
seattle,2026-06-02,11,25.0
seattle,2026-06-02,12,26.111
seattle,2026-06-02,13,27.778
seattle,2026-06-02,14,28.333
seattle,2026-06-02,15,28.889
seattle,2026-06-02,16,29.444
seattle,2026-06-02,17,29.444
seattle,2026-06-02,18,29.444
seattle,2026-06-02,19,29.444
seattle,2026-06-02,20,29.444
seattle,2026-06-02,21,29.444
seattle,2026-06-02,22,29.444
seattle,2026-06-02,23,29.444
seattle,2026-06-03,0,19.444
seattle,2026-06-03,1,19.444
seattle,2026-06-03,2,19.444
seattle,2026-06-03,3,19.444
seattle,2026-06-03,4,19.444
seattle,2026-06-03,5,19.444
seattle,2026-06-03,6,19.444
seattle,2026-06-03,7,19.444
seattle,2026-06-03,8,19.444
seattle,2026-06-03,9,19.444
seattle,2026-06-03,10,19.444
seattle,2026-06-03,11,19.444
seattle,2026-06-03,12,19.444
seattle,2026-06-03,13,19.444
seattle,2026-06-03,14,19.444
seattle,2026-06-03,15,19.444
seattle,2026-06-03,16,19.444
seattle,2026-06-03,17,19.444
seattle,2026-06-03,18,19.444
seattle,2026-06-03,19,19.444
seattle,2026-06-03,20,19.444
seattle,2026-06-03,21,19.444
seattle,2026-06-03,22,19.444
seattle,2026-06-03,23,19.444
seattle,2026-06-04,0,14.444
seattle,2026-06-04,1,14.444
seattle,2026-06-04,2,14.444
seattle,2026-06-04,3,14.444
seattle,2026-06-04,4,14.444
seattle,2026-06-04,5,14.444
seattle,2026-06-04,6,14.444
seattle,2026-06-04,7,14.444
seattle,2026-06-04,8,14.444
seattle,2026-06-04,9,15.556
seattle,2026-06-04,10,15.556
seattle,2026-06-04,11,16.667
seattle,2026-06-04,12,18.333
seattle,2026-06-04,13,18.333
seattle,2026-06-04,14,19.444
seattle,2026-06-04,15,19.444
seattle,2026-06-04,16,20.0
seattle,2026-06-04,17,20.0
seattle,2026-06-04,18,20.0
seattle,2026-06-04,19,20.0
seattle,2026-06-04,20,20.0
seattle,2026-06-04,21,20.0
seattle,2026-06-04,22,20.0
seattle,2026-06-04,23,20.0
seattle,2026-06-05,0,12.222
seattle,2026-06-05,1,12.222
seattle,2026-06-05,2,12.222
seattle,2026-06-05,3,12.222
seattle,2026-06-05,4,12.222
seattle,2026-06-05,5,12.222
seattle,2026-06-05,6,12.222
seattle,2026-06-05,7,12.222
seattle,2026-06-05,8,12.222
seattle,2026-06-05,9,13.333
seattle,2026-06-05,10,15.556
seattle,2026-06-05,11,16.667
seattle,2026-06-05,12,16.667
seattle,2026-06-05,13,16.667
seattle,2026-06-05,14,16.667
seattle,2026-06-05,15,16.667
seattle,2026-06-05,16,16.667
seattle,2026-06-05,17,16.667
seattle,2026-06-05,18,16.667
seattle,2026-06-05,19,16.667
seattle,2026-06-05,20,16.667
seattle,2026-06-05,21,16.667
seattle,2026-06-05,22,16.667
seattle,2026-06-05,23,16.667
seattle,2026-06-06,0,10.556
seattle,2026-06-06,1,10.556
seattle,2026-06-06,2,10.556
seattle,2026-06-06,3,10.556
seattle,2026-06-06,4,10.556
seattle,2026-06-06,5,10.556
seattle,2026-06-06,6,10.556
seattle,2026-06-06,7,10.556
seattle,2026-06-06,8,11.111
seattle,2026-06-06,9,11.667
seattle,2026-06-06,10,12.222
seattle,2026-06-06,11,15.0
seattle,2026-06-06,12,15.0
seattle,2026-06-06,13,15.556
seattle,2026-06-06,14,16.667
seattle,2026-06-06,15,16.667
seattle,2026-06-06,16,16.667
seattle,2026-06-06,17,16.667
seattle,2026-06-06,18,16.667
seattle,2026-06-06,19,16.667
seattle,2026-06-06,20,16.667
seattle,2026-06-06,21,16.667
seattle,2026-06-06,22,16.667
seattle,2026-06-06,23,16.667
seattle,2026-06-07,0,8.889
seattle,2026-06-07,1,8.889
seattle,2026-06-07,2,8.889
seattle,2026-06-07,3,9.444
seattle,2026-06-07,4,9.444
seattle,2026-06-07,5,9.444
seattle,2026-06-07,6,9.444
seattle,2026-06-07,7,9.444
seattle,2026-06-07,8,11.111
seattle,2026-06-07,9,12.778
seattle,2026-06-07,10,12.778
seattle,2026-06-07,11,13.889
seattle,2026-06-07,12,16.111
seattle,2026-06-07,13,16.111
seattle,2026-06-07,14,17.222
seattle,2026-06-07,15,17.222
seattle,2026-06-07,16,18.333
seattle,2026-06-07,17,18.333
seattle,2026-06-07,18,18.333
seattle,2026-06-07,19,18.333
seattle,2026-06-07,20,18.333
seattle,2026-06-07,21,18.333
seattle,2026-06-07,22,18.333
seattle,2026-06-07,23,18.333
seattle,2026-06-08,0,12.222
seattle,2026-06-08,1,12.222
seattle,2026-06-08,2,12.222
seattle,2026-06-08,3,12.222
seattle,2026-06-08,4,12.222
seattle,2026-06-08,5,12.222
seattle,2026-06-08,6,12.222
seattle,2026-06-08,7,13.333
seattle,2026-06-08,8,13.889
seattle,2026-06-08,9,13.889
seattle,2026-06-08,10,15.0
seattle,2026-06-08,11,16.111
seattle,2026-06-08,12,16.111
seattle,2026-06-08,13,16.111
seattle,2026-06-08,14,16.111
seattle,2026-06-08,15,16.111
seattle,2026-06-08,16,16.111
seattle,2026-06-08,17,16.111
seattle,2026-06-08,18,16.111
seattle,2026-06-08,19,16.111
seattle,2026-06-08,20,16.111
seattle,2026-06-08,21,16.111
seattle,2026-06-08,22,16.111
seattle,2026-06-08,23,16.111
seattle,2026-06-09,0,12.778
seattle,2026-06-09,1,12.778
seattle,2026-06-09,2,12.778
seattle,2026-06-09,3,12.778
seattle,2026-06-09,4,12.778
seattle,2026-06-09,5,12.778
seattle,2026-06-09,6,12.778
seattle,2026-06-09,7,12.778
seattle,2026-06-09,8,13.333
seattle,2026-06-09,9,14.444
seattle,2026-06-09,10,15.0
seattle,2026-06-09,11,15.556
seattle,2026-06-09,12,16.111
seattle,2026-06-09,13,16.667
seattle,2026-06-09,14,17.222
seattle,2026-06-09,15,17.222
seattle,2026-06-09,16,17.222
seattle,2026-06-09,17,17.222
seattle,2026-06-09,18,17.222
seattle,2026-06-09,19,17.222
seattle,2026-06-09,20,17.222
seattle,2026-06-09,21,17.222
seattle,2026-06-09,22,17.222
seattle,2026-06-09,23,17.222
seattle,2026-06-10,0,10.556
seattle,2026-06-10,1,10.556
seattle,2026-06-10,2,10.556
seattle,2026-06-10,3,10.556
seattle,2026-06-10,4,10.556
seattle,2026-06-10,5,10.556
seattle,2026-06-10,6,10.556
seattle,2026-06-10,7,10.556
seattle,2026-06-10,8,11.111
seattle,2026-06-10,9,12.222
seattle,2026-06-10,10,14.444
seattle,2026-06-10,11,15.556
seattle,2026-06-10,12,16.667
seattle,2026-06-10,13,17.778
seattle,2026-06-10,14,18.333
seattle,2026-06-10,15,18.889
seattle,2026-06-10,16,18.889
seattle,2026-06-10,17,18.889
seattle,2026-06-10,18,18.889
seattle,2026-06-10,19,18.889
seattle,2026-06-10,20,18.889
seattle,2026-06-10,21,18.889
seattle,2026-06-10,22,18.889
seattle,2026-06-10,23,18.889
seattle,2026-06-11,0,12.778
seattle,2026-06-11,1,12.778
seattle,2026-06-11,2,12.778
seattle,2026-06-11,3,12.778
seattle,2026-06-11,4,12.778
seattle,2026-06-11,5,12.778
seattle,2026-06-11,6,12.778
seattle,2026-06-11,7,13.333
seattle,2026-06-11,8,13.889
seattle,2026-06-11,9,15.556
seattle,2026-06-11,10,16.667
seattle,2026-06-11,11,17.778
seattle,2026-06-11,12,19.444
seattle,2026-06-11,13,20.0
seattle,2026-06-11,14,21.111
seattle,2026-06-11,15,21.667
seattle,2026-06-11,16,22.222
seattle,2026-06-11,17,22.222
seattle,2026-06-11,18,22.222
seattle,2026-06-11,19,22.222
seattle,2026-06-11,20,22.222
seattle,2026-06-11,21,22.222
seattle,2026-06-11,22,22.222
seattle,2026-06-11,23,22.222
seattle,2026-06-12,0,15.556
seattle,2026-06-12,1,15.556
seattle,2026-06-12,2,15.556
seattle,2026-06-12,3,15.556
seattle,2026-06-12,4,15.556
seattle,2026-06-12,5,15.556
seattle,2026-06-12,6,15.556
seattle,2026-06-12,7,15.556
seattle,2026-06-12,8,16.111
seattle,2026-06-12,9,17.222
seattle,2026-06-12,10,18.889
seattle,2026-06-12,11,20.0
seattle,2026-06-12,12,21.111
seattle,2026-06-12,13,21.111
seattle,2026-06-12,14,22.778
seattle,2026-06-12,15,22.778
seattle,2026-06-12,16,23.333
seattle,2026-06-12,17,23.333
seattle,2026-06-12,18,23.333
seattle,2026-06-12,19,23.333
seattle,2026-06-12,20,23.333
seattle,2026-06-12,21,23.333
seattle,2026-06-12,22,23.333
seattle,2026-06-12,23,23.333
seattle,2026-06-13,0,16.111
seattle,2026-06-13,1,16.111
seattle,2026-06-13,2,16.111
seattle,2026-06-13,3,16.111
seattle,2026-06-13,4,16.111
seattle,2026-06-13,5,16.111
seattle,2026-06-13,6,16.111
seattle,2026-06-13,7,17.778
seattle,2026-06-13,8,19.444
seattle,2026-06-13,9,21.667
seattle,2026-06-13,10,22.778
seattle,2026-06-13,11,24.444
seattle,2026-06-13,12,26.111
seattle,2026-06-13,13,26.111
seattle,2026-06-13,14,26.667
seattle,2026-06-13,15,27.778
seattle,2026-06-13,16,27.778
seattle,2026-06-13,17,27.778
seattle,2026-06-13,18,27.778
seattle,2026-06-13,19,27.778
seattle,2026-06-13,20,27.778
seattle,2026-06-13,21,27.778
seattle,2026-06-13,22,27.778
seattle,2026-06-13,23,27.778
seattle,2026-06-14,0,20.556
seattle,2026-06-14,1,20.556
seattle,2026-06-14,2,20.556
seattle,2026-06-14,3,20.556
seattle,2026-06-14,4,20.556
seattle,2026-06-14,5,20.556
seattle,2026-06-14,6,20.556
seattle,2026-06-14,7,20.556
seattle,2026-06-14,8,23.333
seattle,2026-06-14,9,24.444
seattle,2026-06-14,10,26.111
seattle,2026-06-14,11,27.222
seattle,2026-06-14,12,29.444
seattle,2026-06-14,13,30.0
seattle,2026-06-14,14,30.556
seattle,2026-06-14,15,31.111
seattle,2026-06-14,16,31.111
seattle,2026-06-14,17,31.111
seattle,2026-06-14,18,31.111
seattle,2026-06-14,19,31.111
seattle,2026-06-14,20,31.111
seattle,2026-06-14,21,31.111
seattle,2026-06-14,22,31.111
seattle,2026-06-14,23,31.111
seattle,2026-06-15,0,22.778
seattle,2026-06-15,1,22.778
seattle,2026-06-15,2,22.778
seattle,2026-06-15,3,22.778
seattle,2026-06-15,4,22.778
seattle,2026-06-15,5,22.778
seattle,2026-06-15,6,22.778
seattle,2026-06-15,7,22.778
seattle,2026-06-15,8,23.889
seattle,2026-06-15,9,24.444
seattle,2026-06-15,10,27.222
seattle,2026-06-15,11,29.444
seattle,2026-06-15,12,30.556
seattle,2026-06-15,13,31.111
seattle,2026-06-15,14,31.667
seattle,2026-06-15,15,31.667
seattle,2026-06-15,16,31.667
seattle,2026-06-15,17,31.667
seattle,2026-06-15,18,31.667
seattle,2026-06-15,19,31.667
seattle,2026-06-15,20,31.667
seattle,2026-06-15,21,31.667
seattle,2026-06-15,22,31.667
seattle,2026-06-15,23,31.667
seattle,2026-06-16,0,18.889
seattle,2026-06-16,1,18.889
seattle,2026-06-16,2,18.889
seattle,2026-06-16,3,18.889
seattle,2026-06-16,4,18.889
seattle,2026-06-16,5,18.889
seattle,2026-06-16,6,18.889
seattle,2026-06-16,7,18.889
seattle,2026-06-16,8,18.889
seattle,2026-06-16,9,18.889
seattle,2026-06-16,10,19.444
seattle,2026-06-16,11,20.556
seattle,2026-06-16,12,22.222
seattle,2026-06-16,13,22.778
seattle,2026-06-16,14,23.889
seattle,2026-06-16,15,23.889
seattle,2026-06-16,16,25.0
seattle,2026-06-16,17,25.0
seattle,2026-06-16,18,25.0
seattle,2026-06-16,19,25.0
seattle,2026-06-16,20,25.0
seattle,2026-06-16,21,25.0
seattle,2026-06-16,22,25.0
seattle,2026-06-16,23,25.0
seattle,2026-06-17,0,15.0
seattle,2026-06-17,1,15.0
seattle,2026-06-17,2,15.0
seattle,2026-06-17,3,15.0
seattle,2026-06-17,4,15.0
seattle,2026-06-17,5,15.0
seattle,2026-06-17,6,15.0
seattle,2026-06-17,7,15.0
seattle,2026-06-17,8,15.0
seattle,2026-06-17,9,15.0
seattle,2026-06-17,10,16.111
seattle,2026-06-17,11,17.778
seattle,2026-06-17,12,18.333
seattle,2026-06-17,13,19.444
seattle,2026-06-17,14,20.0
seattle,2026-06-17,15,21.111
seattle,2026-06-17,16,22.222
seattle,2026-06-17,17,22.222
seattle,2026-06-17,18,22.222
seattle,2026-06-17,19,22.222
seattle,2026-06-17,20,22.222
seattle,2026-06-17,21,22.222
seattle,2026-06-17,22,22.222
seattle,2026-06-17,23,22.222
seattle,2026-06-18,0,16.111
seattle,2026-06-18,1,16.111
seattle,2026-06-18,2,16.111
seattle,2026-06-18,3,16.111
seattle,2026-06-18,4,16.111
seattle,2026-06-18,5,16.111
seattle,2026-06-18,6,16.111
seattle,2026-06-18,7,16.667
seattle,2026-06-18,8,17.778
seattle,2026-06-18,9,19.444
seattle,2026-06-18,10,20.556
seattle,2026-06-18,11,22.222
seattle,2026-06-18,12,23.333
seattle,2026-06-18,13,23.889
seattle,2026-06-18,14,25.0
seattle,2026-06-18,15,25.556
seattle,2026-06-18,16,25.556
seattle,2026-06-18,17,25.556
seattle,2026-06-18,18,25.556
seattle,2026-06-18,19,25.556
seattle,2026-06-18,20,25.556
seattle,2026-06-18,21,25.556
seattle,2026-06-18,22,25.556
seattle,2026-06-18,23,25.556
seattle,2026-06-19,0,17.222
seattle,2026-06-19,1,17.778
seattle,2026-06-19,2,17.778
seattle,2026-06-19,3,17.778
seattle,2026-06-19,4,17.778
seattle,2026-06-19,5,17.778
seattle,2026-06-19,6,17.778
seattle,2026-06-19,7,19.444
seattle,2026-06-19,8,21.111
seattle,2026-06-19,9,21.667
seattle,2026-06-19,10,21.667
seattle,2026-06-19,11,23.333
seattle,2026-06-19,12,23.889
seattle,2026-06-19,13,23.889
seattle,2026-06-19,14,26.111
seattle,2026-06-19,15,26.111
seattle,2026-06-19,16,26.667
seattle,2026-06-19,17,27.222
seattle,2026-06-19,18,27.222
seattle,2026-06-19,19,27.222
seattle,2026-06-19,20,27.222
seattle,2026-06-19,21,27.222
seattle,2026-06-19,22,27.222
seattle,2026-06-19,23,27.222
seattle,2026-06-20,0,13.889
seattle,2026-06-20,1,13.889
seattle,2026-06-20,2,13.889
seattle,2026-06-20,3,13.889
seattle,2026-06-20,4,13.889
seattle,2026-06-20,5,13.889
seattle,2026-06-20,6,13.889
seattle,2026-06-20,7,13.889
seattle,2026-06-20,8,14.444
seattle,2026-06-20,9,15.0
seattle,2026-06-20,10,16.111
seattle,2026-06-20,11,18.333
seattle,2026-06-20,12,18.333
seattle,2026-06-20,13,20.0
seattle,2026-06-20,14,20.556
seattle,2026-06-20,15,21.667
seattle,2026-06-20,16,21.667
seattle,2026-06-20,17,21.667
seattle,2026-06-20,18,21.667
seattle,2026-06-20,19,21.667
seattle,2026-06-20,20,21.667
seattle,2026-06-20,21,21.667
seattle,2026-06-20,22,21.667
seattle,2026-06-20,23,21.667
seattle,2026-06-21,0,12.778
seattle,2026-06-21,1,12.778
seattle,2026-06-21,2,12.778
seattle,2026-06-21,3,12.778
seattle,2026-06-21,4,12.778
seattle,2026-06-21,5,12.778
seattle,2026-06-21,6,12.778
seattle,2026-06-21,7,13.333
seattle,2026-06-21,8,15.0
seattle,2026-06-21,9,16.111
seattle,2026-06-21,10,17.778
seattle,2026-06-21,11,17.778
seattle,2026-06-21,12,20.0
seattle,2026-06-21,13,21.111
seattle,2026-06-21,14,23.889
seattle,2026-06-21,15,25.0
seattle,2026-06-21,16,25.0
seattle,2026-06-21,17,25.0
seattle,2026-06-21,18,25.0
seattle,2026-06-21,19,25.0
seattle,2026-06-21,20,25.0
seattle,2026-06-21,21,25.0
seattle,2026-06-21,22,25.0
seattle,2026-06-21,23,25.0
seattle,2026-06-22,0,18.333
seattle,2026-06-22,1,18.333
seattle,2026-06-22,2,18.333
seattle,2026-06-22,3,18.333
seattle,2026-06-22,4,18.333
seattle,2026-06-22,5,18.333
seattle,2026-06-22,6,18.333
seattle,2026-06-22,7,18.333
seattle,2026-06-22,8,21.111
seattle,2026-06-22,9,21.111
seattle,2026-06-22,10,22.778
seattle,2026-06-22,11,23.889
seattle,2026-06-22,12,25.556
seattle,2026-06-22,13,26.667
seattle,2026-06-22,14,27.778
seattle,2026-06-22,15,28.889
seattle,2026-06-22,16,29.444
seattle,2026-06-22,17,29.444
seattle,2026-06-22,18,29.444
seattle,2026-06-22,19,29.444
seattle,2026-06-22,20,29.444
seattle,2026-06-22,21,29.444
seattle,2026-06-22,22,29.444
seattle,2026-06-22,23,29.444
seattle,2026-06-23,0,21.111
seattle,2026-06-23,1,21.667
seattle,2026-06-23,2,21.667
seattle,2026-06-23,3,21.667
seattle,2026-06-23,4,21.667
seattle,2026-06-23,5,21.667
seattle,2026-06-23,6,21.667
seattle,2026-06-23,7,22.222
seattle,2026-06-23,8,23.889
seattle,2026-06-23,9,23.889
seattle,2026-06-23,10,26.667
seattle,2026-06-23,11,27.778
seattle,2026-06-23,12,28.889
seattle,2026-06-23,13,30.556
seattle,2026-06-23,14,30.556
seattle,2026-06-23,15,31.111
seattle,2026-06-23,16,31.667
seattle,2026-06-23,17,31.667
seattle,2026-06-23,18,31.667
seattle,2026-06-23,19,31.667
seattle,2026-06-23,20,31.667
seattle,2026-06-23,21,31.667
seattle,2026-06-23,22,31.667
seattle,2026-06-23,23,31.667
seattle,2026-06-24,0,22.778
seattle,2026-06-24,1,22.778
seattle,2026-06-24,2,22.778
seattle,2026-06-24,3,22.778
seattle,2026-06-24,4,22.778
seattle,2026-06-24,5,22.778
seattle,2026-06-24,6,22.778
seattle,2026-06-24,7,22.778
seattle,2026-06-24,8,22.778
seattle,2026-06-24,9,22.778
seattle,2026-06-24,10,23.889
seattle,2026-06-24,11,25.556
seattle,2026-06-24,12,27.222
seattle,2026-06-24,13,28.889
seattle,2026-06-24,14,29.444
seattle,2026-06-24,15,30.0
seattle,2026-06-24,16,30.0
seattle,2026-06-24,17,30.0
seattle,2026-06-24,18,30.0
seattle,2026-06-24,19,30.0
seattle,2026-06-24,20,30.0
seattle,2026-06-24,21,30.0
seattle,2026-06-24,22,30.0
seattle,2026-06-24,23,30.0
seattle,2026-06-25,0,15.0
seattle,2026-06-25,1,15.0
seattle,2026-06-25,2,15.0
seattle,2026-06-25,3,15.0
seattle,2026-06-25,4,15.0
seattle,2026-06-25,5,15.0
seattle,2026-06-25,6,15.0
seattle,2026-06-25,7,15.0
seattle,2026-06-25,8,15.0
seattle,2026-06-25,9,15.556
seattle,2026-06-25,10,17.222
seattle,2026-06-25,11,17.222
seattle,2026-06-25,12,17.222
seattle,2026-06-25,13,17.778
seattle,2026-06-25,14,17.778
seattle,2026-06-25,15,17.778
seattle,2026-06-25,16,17.778
seattle,2026-06-25,17,17.778
seattle,2026-06-25,18,17.778
seattle,2026-06-25,19,17.778
seattle,2026-06-25,20,17.778
seattle,2026-06-25,21,17.778
seattle,2026-06-25,22,17.778
seattle,2026-06-25,23,17.778
seattle,2026-06-26,0,12.778
seattle,2026-06-26,1,12.778
seattle,2026-06-26,2,12.778
seattle,2026-06-26,3,12.778
seattle,2026-06-26,4,12.778
seattle,2026-06-26,5,12.778
seattle,2026-06-26,6,13.333
seattle,2026-06-26,7,13.889
seattle,2026-06-26,8,14.444
seattle,2026-06-26,9,15.556
seattle,2026-06-26,10,17.222
seattle,2026-06-26,11,17.778
seattle,2026-06-26,12,17.778
seattle,2026-06-26,13,17.778
seattle,2026-06-26,14,17.778
seattle,2026-06-26,15,17.778
seattle,2026-06-26,16,17.778
seattle,2026-06-26,17,17.778
seattle,2026-06-26,18,17.778
seattle,2026-06-26,19,17.778
seattle,2026-06-26,20,17.778
seattle,2026-06-26,21,17.778
seattle,2026-06-26,22,17.778
seattle,2026-06-26,23,17.778
seattle,2026-06-27,0,12.778
seattle,2026-06-27,1,12.778
seattle,2026-06-27,2,12.778
seattle,2026-06-27,3,12.778
seattle,2026-06-27,4,12.778
seattle,2026-06-27,5,12.778
seattle,2026-06-27,6,12.778
seattle,2026-06-27,7,12.778
seattle,2026-06-27,8,12.778
seattle,2026-06-27,9,14.444
seattle,2026-06-27,10,15.556
seattle,2026-06-27,11,16.667
seattle,2026-06-27,12,17.778
seattle,2026-06-27,13,18.333
seattle,2026-06-27,14,18.333
seattle,2026-06-27,15,20.556
seattle,2026-06-27,16,20.556
seattle,2026-06-27,17,20.556
seattle,2026-06-27,18,20.556
seattle,2026-06-27,19,20.556
seattle,2026-06-27,20,20.556
seattle,2026-06-27,21,20.556
seattle,2026-06-27,22,20.556
seattle,2026-06-27,23,20.556
seattle,2026-06-28,0,12.778
seattle,2026-06-28,1,12.778
seattle,2026-06-28,2,12.778
seattle,2026-06-28,3,12.778
seattle,2026-06-28,4,12.778
seattle,2026-06-28,5,12.778
seattle,2026-06-28,6,12.778
seattle,2026-06-28,7,13.333
seattle,2026-06-28,8,13.333
seattle,2026-06-28,9,13.889
seattle,2026-06-28,10,13.889
seattle,2026-06-28,11,16.111
seattle,2026-06-28,12,16.667
seattle,2026-06-28,13,18.333
seattle,2026-06-28,14,18.889
seattle,2026-06-28,15,18.889
seattle,2026-06-28,16,19.444
seattle,2026-06-28,17,19.444
seattle,2026-06-28,18,19.444
seattle,2026-06-28,19,19.444
seattle,2026-06-28,20,19.444
seattle,2026-06-28,21,19.444
seattle,2026-06-28,22,19.444
seattle,2026-06-28,23,19.444
seattle,2026-06-29,0,13.333
seattle,2026-06-29,1,13.333
seattle,2026-06-29,2,13.333
seattle,2026-06-29,3,13.333
seattle,2026-06-29,4,13.333
seattle,2026-06-29,5,13.333
seattle,2026-06-29,6,13.333
seattle,2026-06-29,7,13.333
seattle,2026-06-29,8,13.333
seattle,2026-06-29,9,13.333
seattle,2026-06-29,10,13.333
seattle,2026-06-29,11,13.889
seattle,2026-06-29,12,15.0
seattle,2026-06-29,13,16.667
seattle,2026-06-29,14,17.222
seattle,2026-06-29,15,17.222
seattle,2026-06-29,16,17.222
seattle,2026-06-29,17,17.222
seattle,2026-06-29,18,17.222
seattle,2026-06-29,19,17.222
seattle,2026-06-29,20,17.222
seattle,2026-06-29,21,17.222
seattle,2026-06-29,22,17.222
seattle,2026-06-29,23,17.222
seattle,2026-06-30,0,12.778
seattle,2026-06-30,1,12.778
seattle,2026-06-30,2,12.778
seattle,2026-06-30,3,12.778
seattle,2026-06-30,4,12.778
seattle,2026-06-30,5,12.778
seattle,2026-06-30,6,12.778
seattle,2026-06-30,7,12.778
seattle,2026-06-30,8,12.778
seattle,2026-06-30,9,12.778
seattle,2026-06-30,10,13.333
seattle,2026-06-30,11,13.333
seattle,2026-06-30,12,13.333
seattle,2026-06-30,13,14.444
seattle,2026-06-30,14,15.556
seattle,2026-06-30,15,16.111
seattle,2026-06-30,16,16.667
seattle,2026-06-30,17,17.778
seattle,2026-06-30,18,17.778
seattle,2026-06-30,19,17.778
seattle,2026-06-30,20,17.778
seattle,2026-06-30,21,17.778
seattle,2026-06-30,22,17.778
seattle,2026-06-30,23,17.778
seattle,2026-07-01,0,12.222
seattle,2026-07-01,1,12.222
seattle,2026-07-01,2,12.222
seattle,2026-07-01,3,12.222
seattle,2026-07-01,4,12.222
seattle,2026-07-01,5,12.222
seattle,2026-07-01,6,12.222
seattle,2026-07-01,7,12.222
seattle,2026-07-01,8,12.778
seattle,2026-07-01,9,13.889
seattle,2026-07-01,10,14.444
seattle,2026-07-01,11,16.111
seattle,2026-07-01,12,17.222
seattle,2026-07-01,13,17.222
seattle,2026-07-01,14,17.222
seattle,2026-07-01,15,17.222
seattle,2026-07-01,16,17.222
seattle,2026-07-01,17,17.222
seattle,2026-07-01,18,17.222
seattle,2026-07-01,19,17.222
seattle,2026-07-01,20,17.222
seattle,2026-07-01,21,17.222
seattle,2026-07-01,22,17.222
seattle,2026-07-01,23,17.222
seattle,2026-07-02,0,13.333
seattle,2026-07-02,1,13.333
seattle,2026-07-02,2,13.333
seattle,2026-07-02,3,13.333
seattle,2026-07-02,4,13.333
seattle,2026-07-02,5,13.333
seattle,2026-07-02,6,13.333
seattle,2026-07-02,7,13.333
seattle,2026-07-02,8,13.333
seattle,2026-07-02,9,13.889
seattle,2026-07-02,10,15.0
seattle,2026-07-02,11,16.667
seattle,2026-07-02,12,18.333
seattle,2026-07-02,13,18.333
seattle,2026-07-02,14,18.333
seattle,2026-07-02,15,18.333
seattle,2026-07-02,16,18.333
seattle,2026-07-02,17,18.333
seattle,2026-07-02,18,18.333
seattle,2026-07-02,19,18.333
seattle,2026-07-02,20,18.333
seattle,2026-07-02,21,18.333
seattle,2026-07-02,22,18.333
seattle,2026-07-02,23,18.333
seattle,2026-07-03,0,15.556
seattle,2026-07-03,1,15.556
seattle,2026-07-03,2,15.556
seattle,2026-07-03,3,15.556
seattle,2026-07-03,4,15.556
seattle,2026-07-03,5,15.556
seattle,2026-07-03,6,15.556
seattle,2026-07-03,7,15.556
seattle,2026-07-03,8,16.111
seattle,2026-07-03,9,16.667
seattle,2026-07-03,10,17.778
seattle,2026-07-03,11,18.889
seattle,2026-07-03,12,20.556
seattle,2026-07-03,13,21.111
seattle,2026-07-03,14,22.222
seattle,2026-07-03,15,22.222
seattle,2026-07-03,16,22.222
seattle,2026-07-03,17,22.222
seattle,2026-07-03,18,22.222
seattle,2026-07-03,19,22.222
seattle,2026-07-03,20,22.222
seattle,2026-07-03,21,22.222
seattle,2026-07-03,22,22.222
seattle,2026-07-03,23,22.222
seattle,2026-07-04,0,13.889
seattle,2026-07-04,1,14.444
seattle,2026-07-04,2,14.444
seattle,2026-07-04,3,14.444
seattle,2026-07-04,4,14.444
seattle,2026-07-04,5,14.444
seattle,2026-07-04,6,14.444
seattle,2026-07-04,7,14.444
seattle,2026-07-04,8,14.444
seattle,2026-07-04,9,15.0
seattle,2026-07-04,10,15.556
seattle,2026-07-04,11,16.667
seattle,2026-07-04,12,17.222
seattle,2026-07-04,13,17.778
seattle,2026-07-04,14,19.444
seattle,2026-07-04,15,20.0
seattle,2026-07-04,16,20.556
seattle,2026-07-04,17,21.111
seattle,2026-07-04,18,21.111
seattle,2026-07-04,19,21.111
seattle,2026-07-04,20,21.111
seattle,2026-07-04,21,21.111
seattle,2026-07-04,22,21.111
seattle,2026-07-04,23,21.111
seattle,2026-07-05,0,15.0
seattle,2026-07-05,1,15.0
seattle,2026-07-05,2,15.0
seattle,2026-07-05,3,15.0
seattle,2026-07-05,4,15.0
seattle,2026-07-05,5,15.0
seattle,2026-07-05,6,15.0
seattle,2026-07-05,7,15.0
seattle,2026-07-05,8,15.0
seattle,2026-07-05,9,16.111
seattle,2026-07-05,10,18.333
seattle,2026-07-05,11,19.444
seattle,2026-07-05,12,21.111
seattle,2026-07-05,13,22.222
seattle,2026-07-05,14,23.333
seattle,2026-07-05,15,23.889
seattle,2026-07-05,16,24.444
seattle,2026-07-05,17,24.444
seattle,2026-07-05,18,24.444
seattle,2026-07-05,19,24.444
seattle,2026-07-05,20,24.444
seattle,2026-07-05,21,24.444
seattle,2026-07-05,22,24.444
seattle,2026-07-05,23,24.444
seattle,2026-07-06,0,17.222
seattle,2026-07-06,1,17.222
seattle,2026-07-06,2,17.222
seattle,2026-07-06,3,17.222
seattle,2026-07-06,4,17.222
seattle,2026-07-06,5,17.222
seattle,2026-07-06,6,17.222
seattle,2026-07-06,7,17.222
seattle,2026-07-06,8,19.444
seattle,2026-07-06,9,21.111
seattle,2026-07-06,10,22.222
seattle,2026-07-06,11,23.889
seattle,2026-07-06,12,25.556
seattle,2026-07-06,13,26.667
seattle,2026-07-06,14,27.222
seattle,2026-07-06,15,28.333
seattle,2026-07-06,16,29.444
seattle,2026-07-06,17,29.444
seattle,2026-07-06,18,29.444
seattle,2026-07-06,19,29.444
seattle,2026-07-06,20,29.444
seattle,2026-07-06,21,29.444
seattle,2026-07-06,22,29.444
seattle,2026-07-06,23,29.444
seattle,2026-07-07,0,15.556
seattle,2026-07-07,1,15.556
seattle,2026-07-07,2,15.556
seattle,2026-07-07,3,15.556
seattle,2026-07-07,4,15.556
seattle,2026-07-07,5,15.556
seattle,2026-07-07,6,15.556
seattle,2026-07-07,7,15.556
seattle,2026-07-07,8,15.556
seattle,2026-07-07,9,16.111
seattle,2026-07-07,10,16.111
seattle,2026-07-07,11,17.778
seattle,2026-07-07,12,18.889
seattle,2026-07-07,13,20.556
seattle,2026-07-07,14,21.111
seattle,2026-07-07,15,21.667
seattle,2026-07-07,16,22.778
seattle,2026-07-07,17,23.333
seattle,2026-07-07,18,23.333
seattle,2026-07-07,19,23.333
seattle,2026-07-07,20,23.333
seattle,2026-07-07,21,23.333
seattle,2026-07-07,22,23.333
seattle,2026-07-07,23,23.333
seattle,2026-07-08,0,16.667
seattle,2026-07-08,1,16.667
seattle,2026-07-08,2,16.667
seattle,2026-07-08,3,16.667
seattle,2026-07-08,4,16.667
seattle,2026-07-08,5,16.667
seattle,2026-07-08,6,16.667
seattle,2026-07-08,7,16.667
seattle,2026-07-08,8,16.667
seattle,2026-07-08,9,16.667
seattle,2026-07-08,10,16.667
seattle,2026-07-08,11,17.222
seattle,2026-07-08,12,17.778
seattle,2026-07-08,13,18.333
seattle,2026-07-08,14,19.444
seattle,2026-07-08,15,19.444
seattle,2026-07-08,16,20.556
seattle,2026-07-08,17,20.556
seattle,2026-07-08,18,20.556
seattle,2026-07-08,19,20.556
seattle,2026-07-08,20,20.556
seattle,2026-07-08,21,20.556
seattle,2026-07-08,22,20.556
seattle,2026-07-08,23,20.556
seattle,2026-07-09,0,14.444
seattle,2026-07-09,1,14.444
seattle,2026-07-09,2,14.444
seattle,2026-07-09,3,14.444
seattle,2026-07-09,4,14.444
seattle,2026-07-09,5,14.444
seattle,2026-07-09,6,14.444
seattle,2026-07-09,7,14.444
seattle,2026-07-09,8,14.444
seattle,2026-07-09,9,15.556
seattle,2026-07-09,10,17.222
seattle,2026-07-09,11,18.889
seattle,2026-07-09,12,20.556
seattle,2026-07-09,13,22.222
seattle,2026-07-09,14,23.333
seattle,2026-07-09,15,25.0
seattle,2026-07-09,16,25.556
seattle,2026-07-09,17,25.556
seattle,2026-07-09,18,25.556
seattle,2026-07-09,19,25.556
seattle,2026-07-09,20,25.556
seattle,2026-07-09,21,25.556
seattle,2026-07-09,22,25.556
seattle,2026-07-09,23,25.556
seattle,2026-07-10,0,15.0
seattle,2026-07-10,1,17.778
seattle,2026-07-10,2,17.778
seattle,2026-07-10,3,17.778
seattle,2026-07-10,4,17.778
seattle,2026-07-10,5,17.778
seattle,2026-07-10,6,17.778
seattle,2026-07-10,7,17.778
seattle,2026-07-10,8,17.778
seattle,2026-07-10,9,17.778
seattle,2026-07-10,10,19.444
seattle,2026-07-10,11,20.556
seattle,2026-07-10,12,21.667
seattle,2026-07-10,13,23.333
seattle,2026-07-10,14,23.889
seattle,2026-07-10,15,24.444
seattle,2026-07-10,16,24.444
seattle,2026-07-10,17,24.444
seattle,2026-07-10,18,24.444
seattle,2026-07-10,19,24.444
seattle,2026-07-10,20,24.444
seattle,2026-07-10,21,24.444
seattle,2026-07-10,22,24.444
seattle,2026-07-10,23,24.444
seattle,2026-07-11,0,15.0
seattle,2026-07-11,1,15.0
seattle,2026-07-11,2,15.0
seattle,2026-07-11,3,15.0
seattle,2026-07-11,4,15.0
seattle,2026-07-11,5,15.0
seattle,2026-07-11,6,15.0
seattle,2026-07-11,7,15.0
seattle,2026-07-11,8,16.667
seattle,2026-07-11,9,17.778
seattle,2026-07-11,10,17.778
seattle,2026-07-11,11,19.444
seattle,2026-07-11,12,19.444
seattle,2026-07-11,13,22.222
seattle,2026-07-11,14,23.333
seattle,2026-07-11,15,23.333
seattle,2026-07-11,16,23.889
seattle,2026-07-11,17,23.889
seattle,2026-07-11,18,23.889
seattle,2026-07-11,19,23.889
seattle,2026-07-11,20,23.889
seattle,2026-07-11,21,23.889
seattle,2026-07-11,22,23.889
seattle,2026-07-11,23,23.889
seattle,2026-07-12,0,15.0
seattle,2026-07-12,1,15.0
seattle,2026-07-12,2,15.0
seattle,2026-07-12,3,15.0
seattle,2026-07-12,4,15.0
seattle,2026-07-12,5,15.0
seattle,2026-07-12,6,15.0
seattle,2026-07-12,7,15.0
seattle,2026-07-12,8,15.0
seattle,2026-07-12,9,15.0
seattle,2026-07-12,10,17.222
seattle,2026-07-12,11,17.778
seattle,2026-07-12,12,18.889
seattle,2026-07-12,13,20.0
seattle,2026-07-12,14,21.111
seattle,2026-07-12,15,21.667
seattle,2026-07-12,16,22.222
seattle,2026-07-12,17,22.222
seattle,2026-07-12,18,22.222
seattle,2026-07-12,19,22.222
seattle,2026-07-12,20,22.222
seattle,2026-07-12,21,22.222
seattle,2026-07-12,22,22.222
seattle,2026-07-12,23,22.222
seattle,2026-07-13,0,15.0
seattle,2026-07-13,1,15.0
seattle,2026-07-13,2,15.0
seattle,2026-07-13,3,15.0
seattle,2026-07-13,4,15.0
seattle,2026-07-13,5,15.0
seattle,2026-07-13,6,15.0
seattle,2026-07-13,7,15.556
seattle,2026-07-13,8,16.667
seattle,2026-07-13,9,17.778
seattle,2026-07-13,10,20.0
seattle,2026-07-13,11,21.667
seattle,2026-07-13,12,22.778
seattle,2026-07-13,13,23.889
seattle,2026-07-13,14,24.444
seattle,2026-07-13,15,26.111
seattle,2026-07-13,16,26.111
seattle,2026-07-13,17,26.111
seattle,2026-07-13,18,26.111
seattle,2026-07-13,19,26.111
seattle,2026-07-13,20,26.111
seattle,2026-07-13,21,26.111
seattle,2026-07-13,22,26.111
seattle,2026-07-13,23,26.111
seattle,2026-07-14,0,15.556
seattle,2026-07-14,1,15.556
seattle,2026-07-14,2,16.111
seattle,2026-07-14,3,16.111
seattle,2026-07-14,4,16.111
seattle,2026-07-14,5,16.111
seattle,2026-07-14,6,16.111
seattle,2026-07-14,7,18.333
seattle,2026-07-14,8,18.889
seattle,2026-07-14,9,20.556
seattle,2026-07-14,10,22.222
seattle,2026-07-14,11,23.889
seattle,2026-07-14,12,26.111
seattle,2026-07-14,13,27.222
seattle,2026-07-14,14,27.778
seattle,2026-07-14,15,28.333
seattle,2026-07-14,16,29.444
seattle,2026-07-14,17,29.444
seattle,2026-07-14,18,29.444
seattle,2026-07-14,19,29.444
seattle,2026-07-14,20,29.444
seattle,2026-07-14,21,29.444
seattle,2026-07-14,22,29.444
seattle,2026-07-14,23,29.444
seattle,2026-07-15,0,16.111
seattle,2026-07-15,1,16.111
seattle,2026-07-15,2,16.111
seattle,2026-07-15,3,16.111
seattle,2026-07-15,4,16.111
seattle,2026-07-15,5,16.111
seattle,2026-07-15,6,16.111
seattle,2026-07-15,7,16.111
seattle,2026-07-15,8,17.778
seattle,2026-07-15,9,18.889
seattle,2026-07-15,10,21.667
seattle,2026-07-15,11,22.778
seattle,2026-07-15,12,24.444
seattle,2026-07-15,13,26.667
seattle,2026-07-15,14,27.222
seattle,2026-07-15,15,27.778
seattle,2026-07-15,16,28.333
seattle,2026-07-15,17,28.333
seattle,2026-07-15,18,28.333
seattle,2026-07-15,19,28.333
seattle,2026-07-15,20,28.333
seattle,2026-07-15,21,28.333
seattle,2026-07-15,22,28.333
seattle,2026-07-15,23,28.333
seattle,2026-07-16,0,17.222
seattle,2026-07-16,1,17.222
seattle,2026-07-16,2,17.222
seattle,2026-07-16,3,17.222
seattle,2026-07-16,4,17.222
seattle,2026-07-16,5,17.222
seattle,2026-07-16,6,17.222
seattle,2026-07-16,7,17.222
seattle,2026-07-16,8,17.222
seattle,2026-07-16,9,17.222
seattle,2026-07-16,10,17.222
seattle,2026-07-16,11,17.222
seattle,2026-07-16,12,17.222
seattle,2026-07-16,13,17.222
seattle,2026-07-16,14,17.222
seattle,2026-07-16,15,17.778
seattle,2026-07-16,16,17.778
seattle,2026-07-16,17,17.778
seattle,2026-07-16,18,17.778
seattle,2026-07-16,19,17.778
seattle,2026-07-16,20,17.778
seattle,2026-07-16,21,17.778
seattle,2026-07-16,22,17.778
seattle,2026-07-16,23,17.778
seattle,2026-07-17,0,14.444
seattle,2026-07-17,1,14.444
seattle,2026-07-17,2,14.444
seattle,2026-07-17,3,14.444
seattle,2026-07-17,4,14.444
seattle,2026-07-17,5,14.444
seattle,2026-07-17,6,15.0
seattle,2026-07-17,7,15.556
seattle,2026-07-17,8,15.556
seattle,2026-07-17,9,17.778
seattle,2026-07-17,10,17.778
seattle,2026-07-17,11,18.889
seattle,2026-07-17,12,18.889
seattle,2026-07-17,13,19.444
seattle,2026-07-17,14,20.556
seattle,2026-07-17,15,20.556
seattle,2026-07-17,16,21.667
seattle,2026-07-17,17,21.667
seattle,2026-07-17,18,21.667
seattle,2026-07-17,19,21.667
seattle,2026-07-17,20,21.667
seattle,2026-07-17,21,21.667
seattle,2026-07-17,22,21.667
seattle,2026-07-17,23,21.667
seattle,2026-07-18,0,16.111
seattle,2026-07-18,1,16.111
seattle,2026-07-18,2,16.111
seattle,2026-07-18,3,16.111
seattle,2026-07-18,4,16.111
seattle,2026-07-18,5,16.111
seattle,2026-07-18,6,16.111
seattle,2026-07-18,7,16.111
seattle,2026-07-18,8,16.111
seattle,2026-07-18,9,16.111
seattle,2026-07-18,10,17.222
seattle,2026-07-18,11,18.889
seattle,2026-07-18,12,20.556
seattle,2026-07-18,13,21.667
seattle,2026-07-18,14,21.667
seattle,2026-07-18,15,22.778
seattle,2026-07-18,16,23.333
seattle,2026-07-18,17,23.333
seattle,2026-07-18,18,23.333
seattle,2026-07-18,19,23.333
seattle,2026-07-18,20,23.333
seattle,2026-07-18,21,23.333
seattle,2026-07-18,22,23.333
seattle,2026-07-18,23,23.333
seattle,2026-07-19,0,16.667
seattle,2026-07-19,1,16.667
seattle,2026-07-19,2,16.667
seattle,2026-07-19,3,16.667
seattle,2026-07-19,4,16.667
seattle,2026-07-19,5,16.667
seattle,2026-07-19,6,16.667
seattle,2026-07-19,7,16.667
seattle,2026-07-19,8,17.222
seattle,2026-07-19,9,17.778
seattle,2026-07-19,10,18.333
seattle,2026-07-19,11,20.556
seattle,2026-07-19,12,21.111
seattle,2026-07-19,13,23.889
seattle,2026-07-19,14,23.889
seattle,2026-07-19,15,24.444
seattle,2026-07-19,16,25.556
seattle,2026-07-19,17,25.556
seattle,2026-07-19,18,25.556
seattle,2026-07-19,19,25.556
seattle,2026-07-19,20,25.556
seattle,2026-07-19,21,25.556
seattle,2026-07-19,22,25.556
seattle,2026-07-19,23,25.556
seattle,2026-07-20,0,18.889
seattle,2026-07-20,1,18.889
seattle,2026-07-20,2,18.889
seattle,2026-07-20,3,18.889
seattle,2026-07-20,4,18.889
seattle,2026-07-20,5,18.889
seattle,2026-07-20,6,18.889
seattle,2026-07-20,7,18.889
seattle,2026-07-20,8,18.889
seattle,2026-07-20,9,20.556
seattle,2026-07-20,10,22.222
seattle,2026-07-20,11,23.333
seattle,2026-07-20,12,25.0
seattle,2026-07-20,13,25.0
seattle,2026-07-20,14,26.111
seattle,2026-07-20,15,27.222
seattle,2026-07-20,16,27.222
seattle,2026-07-20,17,27.778
seattle,2026-07-20,18,27.778
seattle,2026-07-20,19,27.778
seattle,2026-07-20,20,27.778
seattle,2026-07-20,21,27.778
seattle,2026-07-20,22,27.778
seattle,2026-07-20,23,27.778
seattle,2026-07-21,0,20.556
seattle,2026-07-21,1,20.556
seattle,2026-07-21,2,21.111
seattle,2026-07-21,3,21.111
seattle,2026-07-21,4,21.111
seattle,2026-07-21,5,21.111
seattle,2026-07-21,6,21.111
seattle,2026-07-21,7,21.111
seattle,2026-07-21,8,22.778
seattle,2026-07-21,9,22.778
seattle,2026-07-21,10,24.444
seattle,2026-07-21,11,26.667
seattle,2026-07-21,12,27.778
seattle,2026-07-21,13,29.444
seattle,2026-07-21,14,31.667
seattle,2026-07-21,15,32.222
seattle,2026-07-21,16,33.333
seattle,2026-07-21,17,33.333
seattle,2026-07-21,18,33.333
seattle,2026-07-21,19,33.333
seattle,2026-07-21,20,33.333
seattle,2026-07-21,21,33.333
seattle,2026-07-21,22,33.333
seattle,2026-07-21,23,33.333
seattle,2026-07-22,0,24.444
seattle,2026-07-22,1,24.444
seattle,2026-07-22,2,24.444
seattle,2026-07-22,3,24.444
seattle,2026-07-22,4,24.444
seattle,2026-07-22,5,24.444
seattle,2026-07-22,6,24.444
seattle,2026-07-22,7,24.444
seattle,2026-07-22,8,26.111
seattle,2026-07-22,9,27.222
seattle,2026-07-22,10,28.889
seattle,2026-07-22,11,30.0
seattle,2026-07-22,12,31.667
seattle,2026-07-22,13,32.222
seattle,2026-07-22,14,33.889
seattle,2026-07-22,15,34.444
seattle,2026-07-22,16,34.444
seattle,2026-07-22,17,34.444
seattle,2026-07-22,18,34.444
seattle,2026-07-22,19,34.444
seattle,2026-07-22,20,34.444
seattle,2026-07-22,21,34.444
seattle,2026-07-22,22,34.444
seattle,2026-07-22,23,34.444
seattle,2026-07-23,0,18.333
seattle,2026-07-23,1,18.333
seattle,2026-07-23,2,18.333
seattle,2026-07-23,3,18.333
seattle,2026-07-23,4,18.333
seattle,2026-07-23,5,18.333
seattle,2026-07-23,6,18.333
seattle,2026-07-23,7,18.333
seattle,2026-07-23,8,18.333
seattle,2026-07-23,9,18.333
seattle,2026-07-23,10,18.889
seattle,2026-07-23,11,20.556
seattle,2026-07-23,12,21.667
seattle,2026-07-23,13,22.778
seattle,2026-07-23,14,23.889
seattle,2026-07-23,15,23.889
seattle,2026-07-23,16,23.889
seattle,2026-07-23,17,23.889
seattle,2026-07-23,18,23.889
seattle,2026-07-23,19,23.889
seattle,2026-07-23,20,23.889
seattle,2026-07-23,21,23.889
seattle,2026-07-23,22,23.889
seattle,2026-07-23,23,23.889
seattle,2026-07-24,0,16.667
seattle,2026-07-24,1,16.667
seattle,2026-07-24,2,16.667
seattle,2026-07-24,3,16.667
seattle,2026-07-24,4,16.667
seattle,2026-07-24,5,16.667
seattle,2026-07-24,6,16.667
seattle,2026-07-24,7,16.667
seattle,2026-07-24,8,16.667
seattle,2026-07-24,9,16.667
seattle,2026-07-24,10,18.333
seattle,2026-07-24,11,20.0
seattle,2026-07-24,12,22.222
seattle,2026-07-24,13,23.889
seattle,2026-07-24,14,25.556
seattle,2026-07-24,15,26.111
seattle,2026-07-24,16,27.222
seattle,2026-07-24,17,27.778
seattle,2026-07-24,18,27.778
seattle,2026-07-24,19,27.778
seattle,2026-07-24,20,27.778
seattle,2026-07-24,21,27.778
seattle,2026-07-24,22,27.778
seattle,2026-07-24,23,27.778
seattle,2026-07-25,0,16.111
seattle,2026-07-25,1,16.111
seattle,2026-07-25,2,16.111
seattle,2026-07-25,3,16.111
seattle,2026-07-25,4,16.111
seattle,2026-07-25,5,16.111
seattle,2026-07-25,6,16.111
seattle,2026-07-25,7,16.111
seattle,2026-07-25,8,16.111
seattle,2026-07-25,9,17.222
seattle,2026-07-25,10,18.333
seattle,2026-07-25,11,20.0
seattle,2026-07-25,12,20.556
seattle,2026-07-25,13,21.111
seattle,2026-07-25,14,21.111
seattle,2026-07-25,15,22.222
seattle,2026-07-25,16,22.222
seattle,2026-07-25,17,22.222
seattle,2026-07-25,18,22.222
seattle,2026-07-25,19,22.222
seattle,2026-07-25,20,22.222
seattle,2026-07-25,21,22.222
seattle,2026-07-25,22,22.222
seattle,2026-07-25,23,22.222
seattle,2026-07-26,0,17.222
seattle,2026-07-26,1,17.222
seattle,2026-07-26,2,17.222
seattle,2026-07-26,3,17.222
seattle,2026-07-26,4,17.222
seattle,2026-07-26,5,17.222
seattle,2026-07-26,6,17.222
seattle,2026-07-26,7,17.222
seattle,2026-07-26,8,17.222
seattle,2026-07-26,9,18.333
seattle,2026-07-26,10,18.889
seattle,2026-07-26,11,20.556
seattle,2026-07-26,12,22.222
seattle,2026-07-26,13,22.222
seattle,2026-07-26,14,22.222
seattle,2026-07-26,15,22.222
seattle,2026-07-26,16,22.222
seattle,2026-07-26,17,22.222
seattle,2026-07-26,18,22.222
seattle,2026-07-26,19,22.222
seattle,2026-07-26,20,22.222
seattle,2026-07-26,21,22.222
seattle,2026-07-26,22,22.222
seattle,2026-07-26,23,22.222
seattle,2026-07-27,0,15.0
seattle,2026-07-27,1,15.0
seattle,2026-07-27,2,15.0
seattle,2026-07-27,3,16.111
seattle,2026-07-27,4,16.111
seattle,2026-07-27,5,16.111
seattle,2026-07-27,6,16.111
seattle,2026-07-27,7,16.111
seattle,2026-07-27,8,17.778
seattle,2026-07-27,9,18.889
seattle,2026-07-27,10,20.0
seattle,2026-07-27,11,21.111
seattle,2026-07-27,12,22.222
seattle,2026-07-27,13,23.333
seattle,2026-07-27,14,24.444
seattle,2026-07-27,15,25.556
seattle,2026-07-27,16,25.556
seattle,2026-07-27,17,25.556
seattle,2026-07-27,18,25.556
seattle,2026-07-27,19,25.556
seattle,2026-07-27,20,25.556
seattle,2026-07-27,21,25.556
seattle,2026-07-27,22,25.556
seattle,2026-07-27,23,25.556
seattle,2026-07-28,0,17.222
seattle,2026-07-28,1,17.222
seattle,2026-07-28,2,17.222
seattle,2026-07-28,3,17.222
seattle,2026-07-28,4,17.222
seattle,2026-07-28,5,17.222
seattle,2026-07-28,6,17.222
seattle,2026-07-28,7,17.222
seattle,2026-07-28,8,17.778
seattle,2026-07-28,9,19.444
seattle,2026-07-28,10,20.556
seattle,2026-07-28,11,22.222
seattle,2026-07-28,12,22.222
seattle,2026-07-28,13,22.222
seattle,2026-07-28,14,22.222
seattle,2026-07-28,15,22.222
seattle,2026-07-28,16,22.222
seattle,2026-07-28,17,22.222
seattle,2026-07-28,18,22.222
seattle,2026-07-28,19,22.222
seattle,2026-07-28,20,22.222
seattle,2026-07-28,21,22.222
seattle,2026-07-28,22,22.222
seattle,2026-07-28,23,22.222
seattle,2026-07-29,0,15.0
seattle,2026-07-29,1,15.0
seattle,2026-07-29,2,16.111
seattle,2026-07-29,3,16.111
seattle,2026-07-29,4,16.111
seattle,2026-07-29,5,16.111
seattle,2026-07-29,6,16.111
seattle,2026-07-29,7,16.667
seattle,2026-07-29,8,17.778
seattle,2026-07-29,9,18.889
seattle,2026-07-29,10,19.444
seattle,2026-07-29,11,20.556
seattle,2026-07-29,12,21.667
seattle,2026-07-29,13,22.778
seattle,2026-07-29,14,23.333
seattle,2026-07-29,15,23.889
seattle,2026-07-29,16,23.889
seattle,2026-07-29,17,23.889
seattle,2026-07-29,18,23.889
seattle,2026-07-29,19,23.889
seattle,2026-07-29,20,23.889
seattle,2026-07-29,21,23.889
seattle,2026-07-29,22,23.889
seattle,2026-07-29,23,23.889
seattle,2026-07-30,0,13.333
seattle,2026-07-30,1,13.333
seattle,2026-07-30,2,13.333
seattle,2026-07-30,3,13.333
seattle,2026-07-30,4,13.333
seattle,2026-07-30,5,13.333
seattle,2026-07-30,6,13.333
seattle,2026-07-30,7,14.444
seattle,2026-07-30,8,15.556
seattle,2026-07-30,9,17.778
seattle,2026-07-30,10,18.889
seattle,2026-07-30,11,20.556
seattle,2026-07-30,12,21.111
seattle,2026-07-30,13,22.778
seattle,2026-07-30,14,22.778
seattle,2026-07-30,15,23.889
seattle,2026-07-30,16,25.0
seattle,2026-07-30,17,25.556
seattle,2026-07-30,18,25.556
seattle,2026-07-30,19,25.556
seattle,2026-07-30,20,25.556
seattle,2026-07-30,21,25.556
seattle,2026-07-30,22,25.556
seattle,2026-07-30,23,25.556
seattle,2026-07-31,0,16.111
seattle,2026-07-31,1,16.111
seattle,2026-07-31,2,16.111
seattle,2026-07-31,3,16.111
seattle,2026-07-31,4,16.111
seattle,2026-07-31,5,16.111
seattle,2026-07-31,6,16.111
seattle,2026-07-31,7,16.667
seattle,2026-07-31,8,17.778
seattle,2026-07-31,9,19.444
seattle,2026-07-31,10,20.556
seattle,2026-07-31,11,22.222
seattle,2026-07-31,12,23.889
seattle,2026-07-31,13,25.0
seattle,2026-07-31,14,26.111
seattle,2026-07-31,15,27.222
seattle,2026-07-31,16,27.778
seattle,2026-07-31,17,27.778
seattle,2026-07-31,18,27.778
seattle,2026-07-31,19,27.778
seattle,2026-07-31,20,27.778
seattle,2026-07-31,21,27.778
seattle,2026-07-31,22,27.778
seattle,2026-07-31,23,27.778
seattle,2026-08-01,0,17.222
seattle,2026-08-01,1,17.222
seattle,2026-08-01,2,17.222
seattle,2026-08-01,3,17.222
seattle,2026-08-01,4,17.222
seattle,2026-08-01,5,17.222
seattle,2026-08-01,6,17.222
seattle,2026-08-01,7,17.778
seattle,2026-08-01,8,18.333
seattle,2026-08-01,9,19.444
seattle,2026-08-01,10,19.444
seattle,2026-08-01,11,19.444
seattle,2026-08-01,12,20.0
seattle,2026-08-01,13,21.111
seattle,2026-08-01,14,21.667
seattle,2026-08-01,15,21.667
seattle,2026-08-01,16,21.667
seattle,2026-08-01,17,21.667
seattle,2026-08-01,18,21.667
seattle,2026-08-01,19,21.667
seattle,2026-08-01,20,21.667
seattle,2026-08-01,21,21.667
seattle,2026-08-01,22,21.667
seattle,2026-08-01,23,21.667
seattle,2026-08-02,0,14.444
seattle,2026-08-02,1,14.444
seattle,2026-08-02,2,14.444
seattle,2026-08-02,3,14.444
seattle,2026-08-02,4,14.444
seattle,2026-08-02,5,14.444
seattle,2026-08-02,6,14.444
seattle,2026-08-02,7,14.444
seattle,2026-08-02,8,14.444
seattle,2026-08-02,9,14.444
seattle,2026-08-02,10,16.111
seattle,2026-08-02,11,18.333
seattle,2026-08-02,12,18.889
seattle,2026-08-02,13,20.556
seattle,2026-08-02,14,20.556
seattle,2026-08-02,15,20.556
seattle,2026-08-02,16,20.556
seattle,2026-08-02,17,20.556
seattle,2026-08-02,18,20.556
seattle,2026-08-02,19,20.556
seattle,2026-08-02,20,20.556
seattle,2026-08-02,21,20.556
seattle,2026-08-02,22,20.556
seattle,2026-08-02,23,20.556
seattle,2026-08-03,0,13.889
seattle,2026-08-03,1,13.889
seattle,2026-08-03,2,13.889
seattle,2026-08-03,3,13.889
seattle,2026-08-03,4,13.889
seattle,2026-08-03,5,13.889
seattle,2026-08-03,6,13.889
seattle,2026-08-03,7,14.444
seattle,2026-08-03,8,16.111
seattle,2026-08-03,9,17.222
seattle,2026-08-03,10,18.889
seattle,2026-08-03,11,20.556
seattle,2026-08-03,12,20.556
seattle,2026-08-03,13,21.667
seattle,2026-08-03,14,22.222
seattle,2026-08-03,15,22.778
seattle,2026-08-03,16,23.889
seattle,2026-08-03,17,23.889
seattle,2026-08-03,18,23.889
seattle,2026-08-03,19,23.889
seattle,2026-08-03,20,23.889
seattle,2026-08-03,21,23.889
seattle,2026-08-03,22,23.889
seattle,2026-08-03,23,23.889
seattle,2026-08-04,0,18.333
seattle,2026-08-04,1,18.333
seattle,2026-08-04,2,18.333
seattle,2026-08-04,3,18.333
seattle,2026-08-04,4,18.333
seattle,2026-08-04,5,18.333
seattle,2026-08-04,6,18.333
seattle,2026-08-04,7,18.333
seattle,2026-08-04,8,18.333
seattle,2026-08-04,9,20.0
seattle,2026-08-04,10,21.111
seattle,2026-08-04,11,22.778
seattle,2026-08-04,12,23.889
seattle,2026-08-04,13,25.556
seattle,2026-08-04,14,26.111
seattle,2026-08-04,15,26.667
seattle,2026-08-04,16,26.667
seattle,2026-08-04,17,26.667
seattle,2026-08-04,18,26.667
seattle,2026-08-04,19,26.667
seattle,2026-08-04,20,26.667
seattle,2026-08-04,21,26.667
seattle,2026-08-04,22,26.667
seattle,2026-08-04,23,26.667
seattle,2026-08-05,0,18.889
seattle,2026-08-05,1,18.889
seattle,2026-08-05,2,18.889
seattle,2026-08-05,3,18.889
seattle,2026-08-05,4,18.889
seattle,2026-08-05,5,18.889
seattle,2026-08-05,6,18.889
seattle,2026-08-05,7,18.889
seattle,2026-08-05,8,19.444
seattle,2026-08-05,9,21.667
seattle,2026-08-05,10,23.333
seattle,2026-08-05,11,24.444
seattle,2026-08-05,12,26.111
seattle,2026-08-05,13,27.778
seattle,2026-08-05,14,28.889
seattle,2026-08-05,15,29.444
seattle,2026-08-05,16,30.0
seattle,2026-08-05,17,30.0
seattle,2026-08-05,18,30.0
seattle,2026-08-05,19,30.0
seattle,2026-08-05,20,30.0
seattle,2026-08-05,21,30.0
seattle,2026-08-05,22,30.0
seattle,2026-08-05,23,30.0
seattle,2026-08-06,0,20.556
seattle,2026-08-06,1,20.556
seattle,2026-08-06,2,20.556
seattle,2026-08-06,3,20.556
seattle,2026-08-06,4,20.556
seattle,2026-08-06,5,20.556
seattle,2026-08-06,6,20.556
seattle,2026-08-06,7,20.556
seattle,2026-08-06,8,20.556
seattle,2026-08-06,9,20.556
seattle,2026-08-06,10,21.667
seattle,2026-08-06,11,23.333
seattle,2026-08-06,12,26.111
seattle,2026-08-06,13,27.778
seattle,2026-08-06,14,28.889
seattle,2026-08-06,15,30.0
seattle,2026-08-06,16,30.556
seattle,2026-08-06,17,30.556
seattle,2026-08-06,18,30.556
seattle,2026-08-06,19,30.556
seattle,2026-08-06,20,30.556
seattle,2026-08-06,21,30.556
seattle,2026-08-06,22,30.556
seattle,2026-08-06,23,30.556
seattle,2026-08-07,0,18.889
seattle,2026-08-07,1,18.889
seattle,2026-08-07,2,18.889
seattle,2026-08-07,3,18.889
seattle,2026-08-07,4,18.889
seattle,2026-08-07,5,18.889
seattle,2026-08-07,6,18.889
seattle,2026-08-07,7,18.889
seattle,2026-08-07,8,18.889
seattle,2026-08-07,9,18.889
seattle,2026-08-07,10,19.444
seattle,2026-08-07,11,21.667
seattle,2026-08-07,12,24.444
seattle,2026-08-07,13,25.556
seattle,2026-08-07,14,27.778
seattle,2026-08-07,15,29.444
seattle,2026-08-07,16,29.444
seattle,2026-08-07,17,29.444
seattle,2026-08-07,18,29.444
seattle,2026-08-07,19,29.444
seattle,2026-08-07,20,29.444
seattle,2026-08-07,21,29.444
seattle,2026-08-07,22,29.444
seattle,2026-08-07,23,29.444
seattle,2026-08-08,0,18.333
seattle,2026-08-08,1,18.333
seattle,2026-08-08,2,18.333
seattle,2026-08-08,3,18.333
seattle,2026-08-08,4,18.333
seattle,2026-08-08,5,18.333
seattle,2026-08-08,6,18.333
seattle,2026-08-08,7,18.333
seattle,2026-08-08,8,18.333
seattle,2026-08-08,9,18.333
seattle,2026-08-08,10,18.333
seattle,2026-08-08,11,20.556
seattle,2026-08-08,12,22.778
seattle,2026-08-08,13,23.889
seattle,2026-08-08,14,25.556
seattle,2026-08-08,15,27.222
seattle,2026-08-08,16,28.333
seattle,2026-08-08,17,28.333
seattle,2026-08-08,18,28.333
seattle,2026-08-08,19,28.333
seattle,2026-08-08,20,28.333
seattle,2026-08-08,21,28.333
seattle,2026-08-08,22,28.333
seattle,2026-08-08,23,28.333
seattle,2026-08-09,0,17.778
seattle,2026-08-09,1,17.778
seattle,2026-08-09,2,17.778
seattle,2026-08-09,3,17.778
seattle,2026-08-09,4,17.778
seattle,2026-08-09,5,17.778
seattle,2026-08-09,6,17.778
seattle,2026-08-09,7,17.778
seattle,2026-08-09,8,17.778
seattle,2026-08-09,9,17.778
seattle,2026-08-09,10,17.778
seattle,2026-08-09,11,18.333
seattle,2026-08-09,12,21.111
seattle,2026-08-09,13,22.778
seattle,2026-08-09,14,24.444
seattle,2026-08-09,15,25.0
seattle,2026-08-09,16,25.0
seattle,2026-08-09,17,25.0
seattle,2026-08-09,18,25.0
seattle,2026-08-09,19,25.0
seattle,2026-08-09,20,25.0
seattle,2026-08-09,21,25.0
seattle,2026-08-09,22,25.0
seattle,2026-08-09,23,25.0
seattle,2026-08-10,0,14.444
seattle,2026-08-10,1,14.444
seattle,2026-08-10,2,14.444
seattle,2026-08-10,3,14.444
seattle,2026-08-10,4,14.444
seattle,2026-08-10,5,14.444
seattle,2026-08-10,6,14.444
seattle,2026-08-10,7,14.444
seattle,2026-08-10,8,14.444
seattle,2026-08-10,9,14.444
seattle,2026-08-10,10,15.0
seattle,2026-08-10,11,16.111
seattle,2026-08-10,12,17.778
seattle,2026-08-10,13,18.889
seattle,2026-08-10,14,20.556
seattle,2026-08-10,15,21.667
seattle,2026-08-10,16,23.333
seattle,2026-08-10,17,23.333
seattle,2026-08-10,18,23.333
seattle,2026-08-10,19,23.333
seattle,2026-08-10,20,23.333
seattle,2026-08-10,21,23.333
seattle,2026-08-10,22,23.333
seattle,2026-08-10,23,23.333
seattle,2026-08-11,0,15.556
seattle,2026-08-11,1,15.556
seattle,2026-08-11,2,15.556
seattle,2026-08-11,3,15.556
seattle,2026-08-11,4,15.556
seattle,2026-08-11,5,15.556
seattle,2026-08-11,6,15.556
seattle,2026-08-11,7,15.556
seattle,2026-08-11,8,15.556
seattle,2026-08-11,9,15.556
seattle,2026-08-11,10,17.222
seattle,2026-08-11,11,18.889
seattle,2026-08-11,12,21.111
seattle,2026-08-11,13,23.333
seattle,2026-08-11,14,24.444
seattle,2026-08-11,15,25.0
seattle,2026-08-11,16,25.556
seattle,2026-08-11,17,25.556
seattle,2026-08-11,18,25.556
seattle,2026-08-11,19,25.556
seattle,2026-08-11,20,25.556
seattle,2026-08-11,21,25.556
seattle,2026-08-11,22,25.556
seattle,2026-08-11,23,25.556
seattle,2026-08-12,0,17.778
seattle,2026-08-12,1,17.778
seattle,2026-08-12,2,17.778
seattle,2026-08-12,3,17.778
seattle,2026-08-12,4,17.778
seattle,2026-08-12,5,17.778
seattle,2026-08-12,6,17.778
seattle,2026-08-12,7,17.778
seattle,2026-08-12,8,17.778
seattle,2026-08-12,9,17.778
seattle,2026-08-12,10,19.444
seattle,2026-08-12,11,22.222
seattle,2026-08-12,12,22.778
seattle,2026-08-12,13,24.444
seattle,2026-08-12,14,25.0
seattle,2026-08-12,15,25.556
seattle,2026-08-12,16,25.556
seattle,2026-08-12,17,25.556
seattle,2026-08-12,18,25.556
seattle,2026-08-12,19,25.556
seattle,2026-08-12,20,25.556
seattle,2026-08-12,21,25.556
seattle,2026-08-12,22,25.556
seattle,2026-08-12,23,25.556
seattle,2026-08-13,0,17.778
seattle,2026-08-13,1,17.778
seattle,2026-08-13,2,17.778
seattle,2026-08-13,3,17.778
seattle,2026-08-13,4,17.778
seattle,2026-08-13,5,17.778
seattle,2026-08-13,6,17.778
seattle,2026-08-13,7,17.778
seattle,2026-08-13,8,17.778
seattle,2026-08-13,9,17.778
seattle,2026-08-13,10,17.778
seattle,2026-08-13,11,18.889
seattle,2026-08-13,12,21.667
seattle,2026-08-13,13,23.333
seattle,2026-08-13,14,23.889
seattle,2026-08-13,15,26.667
seattle,2026-08-13,16,26.667
seattle,2026-08-13,17,26.667
seattle,2026-08-13,18,26.667
seattle,2026-08-13,19,26.667
seattle,2026-08-13,20,26.667
seattle,2026-08-13,21,26.667
seattle,2026-08-13,22,26.667
seattle,2026-08-13,23,26.667
seattle,2026-08-14,0,17.778
seattle,2026-08-14,1,17.778
seattle,2026-08-14,2,17.778
seattle,2026-08-14,3,17.778
seattle,2026-08-14,4,17.778
seattle,2026-08-14,5,17.778
seattle,2026-08-14,6,17.778
seattle,2026-08-14,7,17.778
seattle,2026-08-14,8,17.778
seattle,2026-08-14,9,17.778
seattle,2026-08-14,10,17.778
seattle,2026-08-14,11,17.778
seattle,2026-08-14,12,19.444
seattle,2026-08-14,13,21.667
seattle,2026-08-14,14,23.333
seattle,2026-08-14,15,24.444
seattle,2026-08-14,16,24.444
seattle,2026-08-14,17,25.0
seattle,2026-08-14,18,25.0
seattle,2026-08-14,19,25.0
seattle,2026-08-14,20,25.0
seattle,2026-08-14,21,25.0
seattle,2026-08-14,22,25.0
seattle,2026-08-14,23,25.0
seattle,2026-08-15,0,15.0
seattle,2026-08-15,1,15.0
seattle,2026-08-15,2,15.0
seattle,2026-08-15,3,15.0
seattle,2026-08-15,4,15.0
seattle,2026-08-15,5,15.0
seattle,2026-08-15,6,15.0
seattle,2026-08-15,7,15.0
seattle,2026-08-15,8,15.0
seattle,2026-08-15,9,16.111
seattle,2026-08-15,10,17.222
seattle,2026-08-15,11,18.333
seattle,2026-08-15,12,20.0
seattle,2026-08-15,13,21.111
seattle,2026-08-15,14,22.222
seattle,2026-08-15,15,22.778
seattle,2026-08-15,16,23.333
seattle,2026-08-15,17,23.889
seattle,2026-08-15,18,23.889
seattle,2026-08-15,19,23.889
seattle,2026-08-15,20,23.889
seattle,2026-08-15,21,23.889
seattle,2026-08-15,22,23.889
seattle,2026-08-15,23,23.889
seattle,2026-08-16,0,15.556
seattle,2026-08-16,1,15.556
seattle,2026-08-16,2,15.556
seattle,2026-08-16,3,15.556
seattle,2026-08-16,4,15.556
seattle,2026-08-16,5,15.556
seattle,2026-08-16,6,15.556
seattle,2026-08-16,7,15.556
seattle,2026-08-16,8,15.556
seattle,2026-08-16,9,15.556
seattle,2026-08-16,10,16.111
seattle,2026-08-16,11,17.778
seattle,2026-08-16,12,18.333
seattle,2026-08-16,13,20.0
seattle,2026-08-16,14,21.667
seattle,2026-08-16,15,22.222
seattle,2026-08-16,16,23.889
seattle,2026-08-16,17,23.889
seattle,2026-08-16,18,23.889
seattle,2026-08-16,19,23.889
seattle,2026-08-16,20,23.889
seattle,2026-08-16,21,23.889
seattle,2026-08-16,22,23.889
seattle,2026-08-16,23,23.889
seattle,2026-08-17,0,14.444
seattle,2026-08-17,1,14.444
seattle,2026-08-17,2,14.444
seattle,2026-08-17,3,14.444
seattle,2026-08-17,4,14.444
seattle,2026-08-17,5,14.444
seattle,2026-08-17,6,14.444
seattle,2026-08-17,7,14.444
seattle,2026-08-17,8,14.444
seattle,2026-08-17,9,16.111
seattle,2026-08-17,10,17.222
seattle,2026-08-17,11,20.0
seattle,2026-08-17,12,21.667
seattle,2026-08-17,13,23.333
seattle,2026-08-17,14,24.444
seattle,2026-08-17,15,25.556
seattle,2026-08-17,16,25.556
seattle,2026-08-17,17,25.556
seattle,2026-08-17,18,25.556
seattle,2026-08-17,19,25.556
seattle,2026-08-17,20,25.556
seattle,2026-08-17,21,25.556
seattle,2026-08-17,22,25.556
seattle,2026-08-17,23,25.556
seattle,2026-08-18,0,16.667
seattle,2026-08-18,1,16.667
seattle,2026-08-18,2,16.667
seattle,2026-08-18,3,16.667
seattle,2026-08-18,4,16.667
seattle,2026-08-18,5,16.667
seattle,2026-08-18,6,16.667
seattle,2026-08-18,7,16.667
seattle,2026-08-18,8,16.667
seattle,2026-08-18,9,16.667
seattle,2026-08-18,10,16.667
seattle,2026-08-18,11,18.889
seattle,2026-08-18,12,20.0
seattle,2026-08-18,13,22.222
seattle,2026-08-18,14,23.333
seattle,2026-08-18,15,25.0
seattle,2026-08-18,16,25.556
seattle,2026-08-18,17,25.556
seattle,2026-08-18,18,25.556
seattle,2026-08-18,19,25.556
seattle,2026-08-18,20,25.556
seattle,2026-08-18,21,25.556
seattle,2026-08-18,22,25.556
seattle,2026-08-18,23,25.556
seattle,2026-08-19,0,15.556
seattle,2026-08-19,1,15.556
seattle,2026-08-19,2,15.556
seattle,2026-08-19,3,15.556
seattle,2026-08-19,4,15.556
seattle,2026-08-19,5,15.556
seattle,2026-08-19,6,15.556
seattle,2026-08-19,7,15.556
seattle,2026-08-19,8,15.556
seattle,2026-08-19,9,17.222
seattle,2026-08-19,10,18.333
seattle,2026-08-19,11,20.556
seattle,2026-08-19,12,21.667
seattle,2026-08-19,13,23.889
seattle,2026-08-19,14,25.0
seattle,2026-08-19,15,26.667
seattle,2026-08-19,16,27.778
seattle,2026-08-19,17,27.778
seattle,2026-08-19,18,27.778
seattle,2026-08-19,19,27.778
seattle,2026-08-19,20,27.778
seattle,2026-08-19,21,27.778
seattle,2026-08-19,22,27.778
seattle,2026-08-19,23,27.778
seattle,2026-08-20,0,17.778
seattle,2026-08-20,1,17.778
seattle,2026-08-20,2,17.778
seattle,2026-08-20,3,17.778
seattle,2026-08-20,4,17.778
seattle,2026-08-20,5,17.778
seattle,2026-08-20,6,17.778
seattle,2026-08-20,7,17.778
seattle,2026-08-20,8,19.444
seattle,2026-08-20,9,20.0
seattle,2026-08-20,10,22.222
seattle,2026-08-20,11,23.889
seattle,2026-08-20,12,25.0
seattle,2026-08-20,13,26.667
seattle,2026-08-20,14,27.778
seattle,2026-08-20,15,28.333
seattle,2026-08-20,16,28.889
seattle,2026-08-20,17,29.444
seattle,2026-08-20,18,29.444
seattle,2026-08-20,19,29.444
seattle,2026-08-20,20,29.444
seattle,2026-08-20,21,29.444
seattle,2026-08-20,22,29.444
seattle,2026-08-20,23,29.444
seattle,2026-08-21,0,20.0
seattle,2026-08-21,1,20.0
seattle,2026-08-21,2,20.0
seattle,2026-08-21,3,20.0
seattle,2026-08-21,4,20.0
seattle,2026-08-21,5,20.0
seattle,2026-08-21,6,20.0
seattle,2026-08-21,7,20.0
seattle,2026-08-21,8,20.556
seattle,2026-08-21,9,22.778
seattle,2026-08-21,10,23.889
seattle,2026-08-21,11,25.556
seattle,2026-08-21,12,26.667
seattle,2026-08-21,13,26.667
seattle,2026-08-21,14,26.667
seattle,2026-08-21,15,26.667
seattle,2026-08-21,16,26.667
seattle,2026-08-21,17,26.667
seattle,2026-08-21,18,26.667
seattle,2026-08-21,19,26.667
seattle,2026-08-21,20,26.667
seattle,2026-08-21,21,26.667
seattle,2026-08-21,22,26.667
seattle,2026-08-21,23,26.667
seattle,2026-08-22,0,15.556
seattle,2026-08-22,1,15.556
seattle,2026-08-22,2,15.556
seattle,2026-08-22,3,15.556
seattle,2026-08-22,4,15.556
seattle,2026-08-22,5,15.556
seattle,2026-08-22,6,15.556
seattle,2026-08-22,7,15.556
seattle,2026-08-22,8,15.556
seattle,2026-08-22,9,16.111
seattle,2026-08-22,10,16.667
seattle,2026-08-22,11,17.778
seattle,2026-08-22,12,18.889
seattle,2026-08-22,13,20.556
seattle,2026-08-22,14,22.222
seattle,2026-08-22,15,23.889
seattle,2026-08-22,16,23.889
seattle,2026-08-22,17,23.889
seattle,2026-08-22,18,23.889
seattle,2026-08-22,19,23.889
seattle,2026-08-22,20,23.889
seattle,2026-08-22,21,23.889
seattle,2026-08-22,22,23.889
seattle,2026-08-22,23,23.889
seattle,2026-08-23,0,16.667
seattle,2026-08-23,1,16.667
seattle,2026-08-23,2,16.667
seattle,2026-08-23,3,16.667
seattle,2026-08-23,4,16.667
seattle,2026-08-23,5,16.667
seattle,2026-08-23,6,16.667
seattle,2026-08-23,7,16.667
seattle,2026-08-23,8,17.222
seattle,2026-08-23,9,17.222
seattle,2026-08-23,10,18.889
seattle,2026-08-23,11,21.667
seattle,2026-08-23,12,21.667
seattle,2026-08-23,13,22.222
seattle,2026-08-23,14,22.222
seattle,2026-08-23,15,22.222
seattle,2026-08-23,16,23.889
seattle,2026-08-23,17,23.889
seattle,2026-08-23,18,23.889
seattle,2026-08-23,19,23.889
seattle,2026-08-23,20,23.889
seattle,2026-08-23,21,23.889
seattle,2026-08-23,22,23.889
seattle,2026-08-23,23,23.889
seattle,2026-08-24,0,16.667
seattle,2026-08-24,1,16.667
seattle,2026-08-24,2,16.667
seattle,2026-08-24,3,16.667
seattle,2026-08-24,4,16.667
seattle,2026-08-24,5,16.667
seattle,2026-08-24,6,16.667
seattle,2026-08-24,7,16.667
seattle,2026-08-24,8,16.667
seattle,2026-08-24,9,17.778
seattle,2026-08-24,10,20.0
seattle,2026-08-24,11,21.667
seattle,2026-08-24,12,23.889
seattle,2026-08-24,13,23.889
seattle,2026-08-24,14,25.556
seattle,2026-08-24,15,26.667
seattle,2026-08-24,16,26.667
seattle,2026-08-24,17,26.667
seattle,2026-08-24,18,26.667
seattle,2026-08-24,19,26.667
seattle,2026-08-24,20,26.667
seattle,2026-08-24,21,26.667
seattle,2026-08-24,22,26.667
seattle,2026-08-24,23,26.667
seattle,2026-08-25,0,20.0
seattle,2026-08-25,1,20.0
seattle,2026-08-25,2,20.0
seattle,2026-08-25,3,20.0
seattle,2026-08-25,4,20.0
seattle,2026-08-25,5,20.0
seattle,2026-08-25,6,20.0
seattle,2026-08-25,7,20.0
seattle,2026-08-25,8,20.0
seattle,2026-08-25,9,20.556
seattle,2026-08-25,10,22.778
seattle,2026-08-25,11,24.444
seattle,2026-08-25,12,26.111
seattle,2026-08-25,13,27.222
seattle,2026-08-25,14,28.889
seattle,2026-08-25,15,28.889
seattle,2026-08-25,16,28.889
seattle,2026-08-25,17,28.889
seattle,2026-08-25,18,28.889
seattle,2026-08-25,19,28.889
seattle,2026-08-25,20,28.889
seattle,2026-08-25,21,28.889
seattle,2026-08-25,22,28.889
seattle,2026-08-25,23,28.889
seattle,2026-08-26,0,15.0
seattle,2026-08-26,1,15.0
seattle,2026-08-26,2,15.0
seattle,2026-08-26,3,15.0
seattle,2026-08-26,4,15.0
seattle,2026-08-26,5,15.0
seattle,2026-08-26,6,15.556
seattle,2026-08-26,7,15.556
seattle,2026-08-26,8,15.556
seattle,2026-08-26,9,15.556
seattle,2026-08-26,10,16.667
seattle,2026-08-26,11,17.222
seattle,2026-08-26,12,18.889
seattle,2026-08-26,13,21.111
seattle,2026-08-26,14,22.222
seattle,2026-08-26,15,23.889
seattle,2026-08-26,16,24.444
seattle,2026-08-26,17,25.0
seattle,2026-08-26,18,25.0
seattle,2026-08-26,19,25.0
seattle,2026-08-26,20,25.0
seattle,2026-08-26,21,25.0
seattle,2026-08-26,22,25.0
seattle,2026-08-26,23,25.0
seattle,2026-08-27,0,17.222
seattle,2026-08-27,1,17.222
seattle,2026-08-27,2,17.222
seattle,2026-08-27,3,17.222
seattle,2026-08-27,4,17.222
seattle,2026-08-27,5,17.222
seattle,2026-08-27,6,17.222
seattle,2026-08-27,7,17.222
seattle,2026-08-27,8,17.222
seattle,2026-08-27,9,18.889
seattle,2026-08-27,10,18.889
seattle,2026-08-27,11,19.444
seattle,2026-08-27,12,20.0
seattle,2026-08-27,13,22.222
seattle,2026-08-27,14,22.222
seattle,2026-08-27,15,22.778
seattle,2026-08-27,16,22.778
seattle,2026-08-27,17,22.778
seattle,2026-08-27,18,22.778
seattle,2026-08-27,19,22.778
seattle,2026-08-27,20,22.778
seattle,2026-08-27,21,22.778
seattle,2026-08-27,22,22.778
seattle,2026-08-27,23,22.778
seattle,2026-08-28,0,15.556
seattle,2026-08-28,1,15.556
seattle,2026-08-28,2,15.556
seattle,2026-08-28,3,15.556
seattle,2026-08-28,4,15.556
seattle,2026-08-28,5,15.556
seattle,2026-08-28,6,15.556
seattle,2026-08-28,7,15.556
seattle,2026-08-28,8,15.556
seattle,2026-08-28,9,16.111
seattle,2026-08-28,10,17.222
seattle,2026-08-28,11,18.333
seattle,2026-08-28,12,20.0
seattle,2026-08-28,13,20.556
seattle,2026-08-28,14,21.111
seattle,2026-08-28,15,22.222
seattle,2026-08-28,16,22.222
seattle,2026-08-28,17,22.222
seattle,2026-08-28,18,22.222
seattle,2026-08-28,19,22.222
seattle,2026-08-28,20,22.222
seattle,2026-08-28,21,22.222
seattle,2026-08-28,22,22.222
seattle,2026-08-28,23,22.222
seattle,2026-08-29,0,15.0
seattle,2026-08-29,1,15.0
seattle,2026-08-29,2,15.0
seattle,2026-08-29,3,15.0
seattle,2026-08-29,4,15.0
seattle,2026-08-29,5,15.0
seattle,2026-08-29,6,15.0
seattle,2026-08-29,7,15.0
seattle,2026-08-29,8,15.0
seattle,2026-08-29,9,15.0
seattle,2026-08-29,10,15.0
seattle,2026-08-29,11,16.667
seattle,2026-08-29,12,18.333
seattle,2026-08-29,13,19.444
seattle,2026-08-29,14,20.0
seattle,2026-08-29,15,21.667
seattle,2026-08-29,16,21.667
seattle,2026-08-29,17,21.667
seattle,2026-08-29,18,21.667
seattle,2026-08-29,19,21.667
seattle,2026-08-29,20,21.667
seattle,2026-08-29,21,21.667
seattle,2026-08-29,22,21.667
seattle,2026-08-29,23,21.667
seattle,2026-08-30,0,13.889
seattle,2026-08-30,1,13.889
seattle,2026-08-30,2,13.889
seattle,2026-08-30,3,13.889
seattle,2026-08-30,4,13.889
seattle,2026-08-30,5,13.889
seattle,2026-08-30,6,13.889
seattle,2026-08-30,7,13.889
seattle,2026-08-30,8,14.444
seattle,2026-08-30,9,15.0
seattle,2026-08-30,10,16.111
seattle,2026-08-30,11,16.667
seattle,2026-08-30,12,19.444
seattle,2026-08-30,13,20.0
seattle,2026-08-30,14,20.556
seattle,2026-08-30,15,20.556
seattle,2026-08-30,16,21.111
seattle,2026-08-30,17,21.111
seattle,2026-08-30,18,21.111
seattle,2026-08-30,19,21.111
seattle,2026-08-30,20,21.111
seattle,2026-08-30,21,21.111
seattle,2026-08-30,22,21.111
seattle,2026-08-30,23,21.111
seattle,2026-08-31,0,15.0
seattle,2026-08-31,1,15.0
seattle,2026-08-31,2,15.0
seattle,2026-08-31,3,15.0
seattle,2026-08-31,4,15.0
seattle,2026-08-31,5,15.0
seattle,2026-08-31,6,15.0
seattle,2026-08-31,7,15.0
seattle,2026-08-31,8,15.556
seattle,2026-08-31,9,16.667
seattle,2026-08-31,10,19.444
seattle,2026-08-31,11,21.111
seattle,2026-08-31,12,21.667
seattle,2026-08-31,13,22.778
seattle,2026-08-31,14,23.889
seattle,2026-08-31,15,24.444
seattle,2026-08-31,16,24.444
seattle,2026-08-31,17,24.444
seattle,2026-08-31,18,24.444
seattle,2026-08-31,19,24.444
seattle,2026-08-31,20,24.444
seattle,2026-08-31,21,24.444
seattle,2026-08-31,22,24.444
seattle,2026-08-31,23,24.444
seattle,2026-09-01,0,15.556
seattle,2026-09-01,1,16.111
seattle,2026-09-01,2,16.111
seattle,2026-09-01,3,16.111
seattle,2026-09-01,4,16.111
seattle,2026-09-01,5,16.111
seattle,2026-09-01,6,16.111
seattle,2026-09-01,7,16.111
seattle,2026-09-01,8,16.111
seattle,2026-09-01,9,16.111
seattle,2026-09-01,10,17.222
seattle,2026-09-01,11,18.889
seattle,2026-09-01,12,18.889
seattle,2026-09-01,13,18.889
seattle,2026-09-01,14,18.889
seattle,2026-09-01,15,18.889
seattle,2026-09-01,16,18.889
seattle,2026-09-01,17,18.889
seattle,2026-09-01,18,18.889
seattle,2026-09-01,19,18.889
seattle,2026-09-01,20,18.889
seattle,2026-09-01,21,18.889
seattle,2026-09-01,22,18.889
seattle,2026-09-01,23,18.889
seattle,2026-09-02,0,15.556
seattle,2026-09-02,1,15.556
seattle,2026-09-02,2,15.556
seattle,2026-09-02,3,15.556
seattle,2026-09-02,4,15.556
seattle,2026-09-02,5,15.556
seattle,2026-09-02,6,15.556
seattle,2026-09-02,7,16.111
seattle,2026-09-02,8,17.222
seattle,2026-09-02,9,17.778
seattle,2026-09-02,10,18.333
seattle,2026-09-02,11,20.556
seattle,2026-09-02,12,20.556
seattle,2026-09-02,13,20.556
seattle,2026-09-02,14,20.556
seattle,2026-09-02,15,20.556
seattle,2026-09-02,16,20.556
seattle,2026-09-02,17,20.556
seattle,2026-09-02,18,20.556
seattle,2026-09-02,19,20.556
seattle,2026-09-02,20,20.556
seattle,2026-09-02,21,20.556
seattle,2026-09-02,22,20.556
seattle,2026-09-02,23,20.556
seattle,2026-09-03,0,13.333
seattle,2026-09-03,1,13.333
seattle,2026-09-03,2,13.333
seattle,2026-09-03,3,13.333
seattle,2026-09-03,4,13.333
seattle,2026-09-03,5,13.333
seattle,2026-09-03,6,13.333
seattle,2026-09-03,7,13.333
seattle,2026-09-03,8,13.333
seattle,2026-09-03,9,13.889
seattle,2026-09-03,10,15.556
seattle,2026-09-03,11,16.111
seattle,2026-09-03,12,16.667
seattle,2026-09-03,13,17.222
seattle,2026-09-03,14,17.778
seattle,2026-09-03,15,19.444
seattle,2026-09-03,16,20.0
seattle,2026-09-03,17,20.0
seattle,2026-09-03,18,20.0
seattle,2026-09-03,19,20.0
seattle,2026-09-03,20,20.0
seattle,2026-09-03,21,20.0
seattle,2026-09-03,22,20.0
seattle,2026-09-03,23,20.0
seattle,2026-09-04,0,13.333
seattle,2026-09-04,1,13.333
seattle,2026-09-04,2,13.333
seattle,2026-09-04,3,13.333
seattle,2026-09-04,4,13.333
seattle,2026-09-04,5,13.333
seattle,2026-09-04,6,13.333
seattle,2026-09-04,7,13.333
seattle,2026-09-04,8,13.333
seattle,2026-09-04,9,14.444
seattle,2026-09-04,10,15.556
seattle,2026-09-04,11,16.667
seattle,2026-09-04,12,17.778
seattle,2026-09-04,13,19.444
seattle,2026-09-04,14,20.0
seattle,2026-09-04,15,20.0
seattle,2026-09-04,16,20.556
seattle,2026-09-04,17,20.556
seattle,2026-09-04,18,20.556
seattle,2026-09-04,19,20.556
seattle,2026-09-04,20,20.556
seattle,2026-09-04,21,20.556
seattle,2026-09-04,22,20.556
seattle,2026-09-04,23,20.556
seattle,2026-09-05,0,13.889
seattle,2026-09-05,1,13.889
seattle,2026-09-05,2,13.889
seattle,2026-09-05,3,13.889
seattle,2026-09-05,4,13.889
seattle,2026-09-05,5,13.889
seattle,2026-09-05,6,13.889
seattle,2026-09-05,7,13.889
seattle,2026-09-05,8,13.889
seattle,2026-09-05,9,15.0
seattle,2026-09-05,10,15.556
seattle,2026-09-05,11,17.222
seattle,2026-09-05,12,17.222
seattle,2026-09-05,13,17.222
seattle,2026-09-05,14,18.333
seattle,2026-09-05,15,19.444
seattle,2026-09-05,16,20.556
seattle,2026-09-05,17,20.556
seattle,2026-09-05,18,20.556
seattle,2026-09-05,19,20.556
seattle,2026-09-05,20,20.556
seattle,2026-09-05,21,20.556
seattle,2026-09-05,22,20.556
seattle,2026-09-05,23,20.556
seattle,2026-09-06,0,14.444
seattle,2026-09-06,1,14.444
seattle,2026-09-06,2,14.444
seattle,2026-09-06,3,14.444
seattle,2026-09-06,4,14.444
seattle,2026-09-06,5,14.444
seattle,2026-09-06,6,14.444
seattle,2026-09-06,7,14.444
seattle,2026-09-06,8,15.0
seattle,2026-09-06,9,17.222
seattle,2026-09-06,10,18.333
seattle,2026-09-06,11,20.0
seattle,2026-09-06,12,20.556
seattle,2026-09-06,13,22.222
seattle,2026-09-06,14,22.222
seattle,2026-09-06,15,22.222
seattle,2026-09-06,16,22.778
seattle,2026-09-06,17,22.778
seattle,2026-09-06,18,22.778
seattle,2026-09-06,19,22.778
seattle,2026-09-06,20,22.778
seattle,2026-09-06,21,22.778
seattle,2026-09-06,22,22.778
seattle,2026-09-06,23,22.778
seattle,2026-09-07,0,14.444
seattle,2026-09-07,1,14.444
seattle,2026-09-07,2,14.444
seattle,2026-09-07,3,14.444
seattle,2026-09-07,4,14.444
seattle,2026-09-07,5,14.444
seattle,2026-09-07,6,15.0
seattle,2026-09-07,7,15.0
seattle,2026-09-07,8,15.0
seattle,2026-09-07,9,15.0
seattle,2026-09-07,10,15.0
seattle,2026-09-07,11,15.556
seattle,2026-09-07,12,17.222
seattle,2026-09-07,13,18.889
seattle,2026-09-07,14,19.444
seattle,2026-09-07,15,20.0
seattle,2026-09-07,16,21.111
seattle,2026-09-07,17,21.111
seattle,2026-09-07,18,21.111
seattle,2026-09-07,19,21.111
seattle,2026-09-07,20,21.111
seattle,2026-09-07,21,21.111
seattle,2026-09-07,22,21.111
seattle,2026-09-07,23,21.111
seattle,2026-09-08,0,15.556
seattle,2026-09-08,1,15.556
seattle,2026-09-08,2,15.556
seattle,2026-09-08,3,15.556
seattle,2026-09-08,4,15.556
seattle,2026-09-08,5,15.556
seattle,2026-09-08,6,15.556
seattle,2026-09-08,7,15.556
seattle,2026-09-08,8,16.111
seattle,2026-09-08,9,16.667
seattle,2026-09-08,10,18.889
seattle,2026-09-08,11,18.889
seattle,2026-09-08,12,20.556
seattle,2026-09-08,13,22.222
seattle,2026-09-08,14,22.778
seattle,2026-09-08,15,22.778
seattle,2026-09-08,16,23.333
seattle,2026-09-08,17,23.333
seattle,2026-09-08,18,23.333
seattle,2026-09-08,19,23.333
seattle,2026-09-08,20,23.333
seattle,2026-09-08,21,23.333
seattle,2026-09-08,22,23.333
seattle,2026-09-08,23,23.333
seattle,2026-09-09,0,16.667
seattle,2026-09-09,1,16.667
seattle,2026-09-09,2,16.667
seattle,2026-09-09,3,16.667
seattle,2026-09-09,4,16.667
seattle,2026-09-09,5,16.667
seattle,2026-09-09,6,16.667
seattle,2026-09-09,7,16.667
seattle,2026-09-09,8,16.667
seattle,2026-09-09,9,17.778
seattle,2026-09-09,10,19.444
seattle,2026-09-09,11,20.556
seattle,2026-09-09,12,21.111
seattle,2026-09-09,13,23.333
seattle,2026-09-09,14,24.444
seattle,2026-09-09,15,25.0
seattle,2026-09-09,16,25.0
seattle,2026-09-09,17,25.0
seattle,2026-09-09,18,25.0
seattle,2026-09-09,19,25.0
seattle,2026-09-09,20,25.0
seattle,2026-09-09,21,25.0
seattle,2026-09-09,22,25.0
seattle,2026-09-09,23,25.0
seattle,2026-09-10,0,17.222
seattle,2026-09-10,1,17.222
seattle,2026-09-10,2,17.778
seattle,2026-09-10,3,17.778
seattle,2026-09-10,4,17.778
seattle,2026-09-10,5,17.778
seattle,2026-09-10,6,17.778
seattle,2026-09-10,7,17.778
seattle,2026-09-10,8,17.778
seattle,2026-09-10,9,17.778
seattle,2026-09-10,10,18.333
seattle,2026-09-10,11,18.889
seattle,2026-09-10,12,20.0
seattle,2026-09-10,13,20.0
seattle,2026-09-10,14,21.111
seattle,2026-09-10,15,21.111
seattle,2026-09-10,16,21.111
seattle,2026-09-10,17,21.111
seattle,2026-09-10,18,21.111
seattle,2026-09-10,19,21.111
seattle,2026-09-10,20,21.111
seattle,2026-09-10,21,21.111
seattle,2026-09-10,22,21.111
seattle,2026-09-10,23,21.111
seattle,2026-09-11,0,13.333
seattle,2026-09-11,1,13.333
seattle,2026-09-11,2,13.333
seattle,2026-09-11,3,13.333
seattle,2026-09-11,4,13.333
seattle,2026-09-11,5,13.333
seattle,2026-09-11,6,13.333
seattle,2026-09-11,7,13.333
seattle,2026-09-11,8,13.889
seattle,2026-09-11,9,15.0
seattle,2026-09-11,10,15.556
seattle,2026-09-11,11,16.111
seattle,2026-09-11,12,17.222
seattle,2026-09-11,13,18.333
seattle,2026-09-11,14,18.889
seattle,2026-09-11,15,18.889
seattle,2026-09-11,16,18.889
seattle,2026-09-11,17,18.889
seattle,2026-09-11,18,18.889
seattle,2026-09-11,19,18.889
seattle,2026-09-11,20,18.889
seattle,2026-09-11,21,18.889
seattle,2026-09-11,22,18.889
seattle,2026-09-11,23,18.889
seattle,2026-09-12,0,13.889
seattle,2026-09-12,1,13.889
seattle,2026-09-12,2,13.889
seattle,2026-09-12,3,13.889
seattle,2026-09-12,4,13.889
seattle,2026-09-12,5,13.889
seattle,2026-09-12,6,13.889
seattle,2026-09-12,7,13.889
seattle,2026-09-12,8,13.889
seattle,2026-09-12,9,15.556
seattle,2026-09-12,10,16.667
seattle,2026-09-12,11,16.667
seattle,2026-09-12,12,17.778
seattle,2026-09-12,13,18.333
seattle,2026-09-12,14,18.333
seattle,2026-09-12,15,18.333
seattle,2026-09-12,16,18.889
seattle,2026-09-12,17,18.889
seattle,2026-09-12,18,18.889
seattle,2026-09-12,19,18.889
seattle,2026-09-12,20,18.889
seattle,2026-09-12,21,18.889
seattle,2026-09-12,22,18.889
seattle,2026-09-12,23,18.889
seattle,2026-09-13,0,12.778
seattle,2026-09-13,1,12.778
seattle,2026-09-13,2,12.778
seattle,2026-09-13,3,12.778
seattle,2026-09-13,4,12.778
seattle,2026-09-13,5,12.778
seattle,2026-09-13,6,12.778
seattle,2026-09-13,7,12.778
seattle,2026-09-13,8,12.778
seattle,2026-09-13,9,12.778
seattle,2026-09-13,10,12.778
seattle,2026-09-13,11,12.778
seattle,2026-09-13,12,13.333
seattle,2026-09-13,13,13.889
seattle,2026-09-13,14,15.0
seattle,2026-09-13,15,15.0
seattle,2026-09-13,16,15.0
seattle,2026-09-13,17,15.556
seattle,2026-09-13,18,15.556
seattle,2026-09-13,19,15.556
seattle,2026-09-13,20,15.556
seattle,2026-09-13,21,15.556
seattle,2026-09-13,22,15.556
seattle,2026-09-13,23,15.556
seattle,2026-09-14,0,13.889
seattle,2026-09-14,1,13.889
seattle,2026-09-14,2,13.889
seattle,2026-09-14,3,13.889
seattle,2026-09-14,4,13.889
seattle,2026-09-14,5,13.889
seattle,2026-09-14,6,13.889
seattle,2026-09-14,7,13.889
seattle,2026-09-14,8,15.0
seattle,2026-09-14,9,15.0
seattle,2026-09-14,10,16.667
seattle,2026-09-14,11,17.778
seattle,2026-09-14,12,17.778
seattle,2026-09-14,13,18.333
seattle,2026-09-14,14,18.333
seattle,2026-09-14,15,18.333
seattle,2026-09-14,16,18.889
seattle,2026-09-14,17,18.889
seattle,2026-09-14,18,18.889
seattle,2026-09-14,19,18.889
seattle,2026-09-14,20,18.889
seattle,2026-09-14,21,18.889
seattle,2026-09-14,22,18.889
seattle,2026-09-14,23,18.889
seattle,2026-09-15,0,12.778
seattle,2026-09-15,1,12.778
seattle,2026-09-15,2,12.778
seattle,2026-09-15,3,13.333
seattle,2026-09-15,4,13.333
seattle,2026-09-15,5,13.333
seattle,2026-09-15,6,13.333
seattle,2026-09-15,7,13.333
seattle,2026-09-15,8,14.444
seattle,2026-09-15,9,15.0
seattle,2026-09-15,10,15.556
seattle,2026-09-15,11,16.111
seattle,2026-09-15,12,17.222
seattle,2026-09-15,13,17.778
seattle,2026-09-15,14,18.889
seattle,2026-09-15,15,19.444
seattle,2026-09-15,16,19.444
seattle,2026-09-15,17,19.444
seattle,2026-09-15,18,19.444
seattle,2026-09-15,19,19.444
seattle,2026-09-15,20,19.444
seattle,2026-09-15,21,19.444
seattle,2026-09-15,22,19.444
seattle,2026-09-15,23,19.444
seattle,2026-09-16,0,14.444
seattle,2026-09-16,1,14.444
seattle,2026-09-16,2,14.444
seattle,2026-09-16,3,14.444
seattle,2026-09-16,4,14.444
seattle,2026-09-16,5,14.444
seattle,2026-09-16,6,14.444
seattle,2026-09-16,7,14.444
seattle,2026-09-16,8,16.111
seattle,2026-09-16,9,17.778
seattle,2026-09-16,10,18.333
seattle,2026-09-16,11,20.0
seattle,2026-09-16,12,21.667
seattle,2026-09-16,13,22.222
seattle,2026-09-16,14,22.778
seattle,2026-09-16,15,22.778
seattle,2026-09-16,16,23.333
seattle,2026-09-16,17,23.333
seattle,2026-09-16,18,23.333
seattle,2026-09-16,19,23.333
seattle,2026-09-16,20,23.333
seattle,2026-09-16,21,23.333
seattle,2026-09-16,22,23.333
seattle,2026-09-16,23,23.333
seattle,2026-09-17,0,15.556
seattle,2026-09-17,1,15.556
seattle,2026-09-17,2,15.556
seattle,2026-09-17,3,15.556
seattle,2026-09-17,4,15.556
seattle,2026-09-17,5,15.556
seattle,2026-09-17,6,15.556
seattle,2026-09-17,7,15.556
seattle,2026-09-17,8,15.556
seattle,2026-09-17,9,17.222
seattle,2026-09-17,10,19.444
seattle,2026-09-17,11,19.444
seattle,2026-09-17,12,20.0
seattle,2026-09-17,13,22.778
seattle,2026-09-17,14,22.778
seattle,2026-09-17,15,23.889
seattle,2026-09-17,16,24.444
seattle,2026-09-17,17,24.444
seattle,2026-09-17,18,24.444
seattle,2026-09-17,19,24.444
seattle,2026-09-17,20,24.444
seattle,2026-09-17,21,24.444
seattle,2026-09-17,22,24.444
seattle,2026-09-17,23,24.444
seattle,2026-09-18,0,15.556
seattle,2026-09-18,1,15.556
seattle,2026-09-18,2,15.556
seattle,2026-09-18,3,15.556
seattle,2026-09-18,4,15.556
seattle,2026-09-18,5,15.556
seattle,2026-09-18,6,15.556
seattle,2026-09-18,7,15.556
seattle,2026-09-18,8,15.556
seattle,2026-09-18,9,15.556
seattle,2026-09-18,10,15.556
seattle,2026-09-18,11,15.556
seattle,2026-09-18,12,17.222
seattle,2026-09-18,13,18.333
seattle,2026-09-18,14,19.444
seattle,2026-09-18,15,19.444
seattle,2026-09-18,16,20.0
seattle,2026-09-18,17,20.0
seattle,2026-09-18,18,20.0
seattle,2026-09-18,19,20.0
seattle,2026-09-18,20,20.0
seattle,2026-09-18,21,20.0
seattle,2026-09-18,22,20.0
seattle,2026-09-18,23,20.0
seattle,2026-09-19,0,12.778
seattle,2026-09-19,1,12.778
seattle,2026-09-19,2,12.778
seattle,2026-09-19,3,12.778
seattle,2026-09-19,4,12.778
seattle,2026-09-19,5,12.778
seattle,2026-09-19,6,12.778
seattle,2026-09-19,7,12.778
seattle,2026-09-19,8,12.778
seattle,2026-09-19,9,12.778
seattle,2026-09-19,10,12.778
seattle,2026-09-19,11,12.778
seattle,2026-09-19,12,13.889
seattle,2026-09-19,13,14.444
seattle,2026-09-19,14,15.556
seattle,2026-09-19,15,16.111
seattle,2026-09-19,16,16.667
seattle,2026-09-19,17,17.222
seattle,2026-09-19,18,17.222
seattle,2026-09-19,19,17.222
seattle,2026-09-19,20,17.222
seattle,2026-09-19,21,17.222
seattle,2026-09-19,22,17.222
seattle,2026-09-19,23,17.222
seattle,2026-09-20,0,12.222
seattle,2026-09-20,1,12.222
seattle,2026-09-20,2,12.222
seattle,2026-09-20,3,12.222
seattle,2026-09-20,4,12.222
seattle,2026-09-20,5,12.222
seattle,2026-09-20,6,12.222
seattle,2026-09-20,7,12.222
seattle,2026-09-20,8,13.333
seattle,2026-09-20,9,14.444
seattle,2026-09-20,10,16.667
seattle,2026-09-20,11,17.222
seattle,2026-09-20,12,18.333
seattle,2026-09-20,13,19.444
seattle,2026-09-20,14,20.0
seattle,2026-09-20,15,21.111
seattle,2026-09-20,16,21.111
seattle,2026-09-20,17,21.111
seattle,2026-09-20,18,21.111
seattle,2026-09-20,19,21.111
seattle,2026-09-20,20,21.111
seattle,2026-09-20,21,21.111
seattle,2026-09-20,22,21.111
seattle,2026-09-20,23,21.111
seattle,2026-09-21,0,12.778
seattle,2026-09-21,1,12.778
seattle,2026-09-21,2,12.778
seattle,2026-09-21,3,12.778
seattle,2026-09-21,4,12.778
seattle,2026-09-21,5,12.778
seattle,2026-09-21,6,12.778
seattle,2026-09-21,7,12.778
seattle,2026-09-21,8,13.889
seattle,2026-09-21,9,15.0
seattle,2026-09-21,10,15.0
seattle,2026-09-21,11,15.556
seattle,2026-09-21,12,17.778
seattle,2026-09-21,13,18.333
seattle,2026-09-21,14,18.889
seattle,2026-09-21,15,18.889
seattle,2026-09-21,16,18.889
seattle,2026-09-21,17,18.889
seattle,2026-09-21,18,18.889
seattle,2026-09-21,19,18.889
seattle,2026-09-21,20,18.889
seattle,2026-09-21,21,18.889
seattle,2026-09-21,22,18.889
seattle,2026-09-21,23,18.889
seattle,2026-09-22,0,13.889
seattle,2026-09-22,1,14.444
seattle,2026-09-22,2,14.444
seattle,2026-09-22,3,15.0
seattle,2026-09-22,4,15.0
seattle,2026-09-22,5,15.0
seattle,2026-09-22,6,15.0
seattle,2026-09-22,7,15.0
seattle,2026-09-22,8,15.0
seattle,2026-09-22,9,15.556
seattle,2026-09-22,10,16.667
seattle,2026-09-22,11,18.333
seattle,2026-09-22,12,18.889
seattle,2026-09-22,13,19.444
seattle,2026-09-22,14,19.444
seattle,2026-09-22,15,20.0
seattle,2026-09-22,16,20.0
seattle,2026-09-22,17,20.0
seattle,2026-09-22,18,20.0
seattle,2026-09-22,19,20.0
seattle,2026-09-22,20,20.0
seattle,2026-09-22,21,20.0
seattle,2026-09-22,22,20.0
seattle,2026-09-22,23,20.0
seattle,2026-09-23,0,12.778
seattle,2026-09-23,1,12.778
seattle,2026-09-23,2,12.778
seattle,2026-09-23,3,12.778
seattle,2026-09-23,4,12.778
seattle,2026-09-23,5,12.778
seattle,2026-09-23,6,12.778
seattle,2026-09-23,7,12.778
seattle,2026-09-23,8,13.333
seattle,2026-09-23,9,13.333
seattle,2026-09-23,10,15.0
seattle,2026-09-23,11,15.556
seattle,2026-09-23,12,16.111
seattle,2026-09-23,13,17.222
seattle,2026-09-23,14,18.889
seattle,2026-09-23,15,18.889
seattle,2026-09-23,16,18.889
seattle,2026-09-23,17,18.889
seattle,2026-09-23,18,18.889
seattle,2026-09-23,19,18.889
seattle,2026-09-23,20,18.889
seattle,2026-09-23,21,18.889
seattle,2026-09-23,22,18.889
seattle,2026-09-23,23,18.889
seattle,2026-09-24,0,12.778
seattle,2026-09-24,1,12.778
seattle,2026-09-24,2,12.778
seattle,2026-09-24,3,12.778
seattle,2026-09-24,4,12.778
seattle,2026-09-24,5,12.778
seattle,2026-09-24,6,12.778
seattle,2026-09-24,7,12.778
seattle,2026-09-24,8,12.778
seattle,2026-09-24,9,13.889
seattle,2026-09-24,10,14.444
seattle,2026-09-24,11,15.0
seattle,2026-09-24,12,15.0
seattle,2026-09-24,13,15.0
seattle,2026-09-24,14,15.0
seattle,2026-09-24,15,15.0
seattle,2026-09-24,16,15.0
seattle,2026-09-24,17,15.0
seattle,2026-09-24,18,15.0
seattle,2026-09-24,19,15.0
seattle,2026-09-24,20,15.0
seattle,2026-09-24,21,15.0
seattle,2026-09-24,22,15.0
seattle,2026-09-24,23,15.0
los-angeles,2026-05-25,0,16.111
los-angeles,2026-05-25,1,16.111
los-angeles,2026-05-25,2,16.111
los-angeles,2026-05-25,3,16.111
los-angeles,2026-05-25,4,16.111
los-angeles,2026-05-25,5,16.111
los-angeles,2026-05-25,6,16.111
los-angeles,2026-05-25,7,16.111
los-angeles,2026-05-25,8,17.222
los-angeles,2026-05-25,9,17.222
los-angeles,2026-05-25,10,17.222
los-angeles,2026-05-25,11,20.0
los-angeles,2026-05-25,12,20.0
los-angeles,2026-05-25,13,20.0
los-angeles,2026-05-25,14,20.0
los-angeles,2026-05-25,15,20.0
los-angeles,2026-05-25,16,20.0
los-angeles,2026-05-25,17,20.0
los-angeles,2026-05-25,18,20.0
los-angeles,2026-05-25,19,20.0
los-angeles,2026-05-25,20,20.0
los-angeles,2026-05-25,21,20.0
los-angeles,2026-05-25,22,20.0
los-angeles,2026-05-25,23,20.0
los-angeles,2026-05-26,0,15.556
los-angeles,2026-05-26,1,15.556
los-angeles,2026-05-26,2,16.111
los-angeles,2026-05-26,3,16.111
los-angeles,2026-05-26,4,16.111
los-angeles,2026-05-26,5,16.111
los-angeles,2026-05-26,6,16.111
los-angeles,2026-05-26,7,16.111
los-angeles,2026-05-26,8,17.222
los-angeles,2026-05-26,9,18.333
los-angeles,2026-05-26,10,18.333
los-angeles,2026-05-26,11,18.333
los-angeles,2026-05-26,12,19.444
los-angeles,2026-05-26,13,20.0
los-angeles,2026-05-26,14,20.0
los-angeles,2026-05-26,15,20.0
los-angeles,2026-05-26,16,20.0
los-angeles,2026-05-26,17,20.0
los-angeles,2026-05-26,18,20.0
los-angeles,2026-05-26,19,20.0
los-angeles,2026-05-26,20,20.0
los-angeles,2026-05-26,21,20.0
los-angeles,2026-05-26,22,20.0
los-angeles,2026-05-26,23,20.0
los-angeles,2026-05-27,0,14.444
los-angeles,2026-05-27,1,14.444
los-angeles,2026-05-27,2,14.444
los-angeles,2026-05-27,3,14.444
los-angeles,2026-05-27,4,14.444
los-angeles,2026-05-27,5,14.444
los-angeles,2026-05-27,6,15.0
los-angeles,2026-05-27,7,15.556
los-angeles,2026-05-27,8,16.111
los-angeles,2026-05-27,9,16.111
los-angeles,2026-05-27,10,18.333
los-angeles,2026-05-27,11,18.333
los-angeles,2026-05-27,12,18.333
los-angeles,2026-05-27,13,18.333
los-angeles,2026-05-27,14,18.333
los-angeles,2026-05-27,15,18.333
los-angeles,2026-05-27,16,18.333
los-angeles,2026-05-27,17,18.333
los-angeles,2026-05-27,18,18.333
los-angeles,2026-05-27,19,18.333
los-angeles,2026-05-27,20,18.333
los-angeles,2026-05-27,21,18.333
los-angeles,2026-05-27,22,18.333
los-angeles,2026-05-27,23,18.333
los-angeles,2026-05-28,1,14.444
los-angeles,2026-05-28,2,14.444
los-angeles,2026-05-28,3,14.444
los-angeles,2026-05-28,4,14.444
los-angeles,2026-05-28,5,14.444
los-angeles,2026-05-28,6,14.444
los-angeles,2026-05-28,7,15.556
los-angeles,2026-05-28,8,16.111
los-angeles,2026-05-28,9,16.667
los-angeles,2026-05-28,10,17.222
los-angeles,2026-05-28,11,17.778
los-angeles,2026-05-28,12,18.889
los-angeles,2026-05-28,13,20.0
los-angeles,2026-05-28,14,20.0
los-angeles,2026-05-28,15,20.0
los-angeles,2026-05-28,16,20.0
los-angeles,2026-05-28,17,20.0
los-angeles,2026-05-28,18,20.0
los-angeles,2026-05-28,19,20.0
los-angeles,2026-05-28,20,20.0
los-angeles,2026-05-28,21,20.0
los-angeles,2026-05-28,22,20.0
los-angeles,2026-05-28,23,20.0
los-angeles,2026-05-29,0,15.556
los-angeles,2026-05-29,1,15.556
los-angeles,2026-05-29,2,15.556
los-angeles,2026-05-29,3,15.556
los-angeles,2026-05-29,4,15.556
los-angeles,2026-05-29,5,15.556
los-angeles,2026-05-29,6,15.556
los-angeles,2026-05-29,7,15.556
los-angeles,2026-05-29,8,17.222
los-angeles,2026-05-29,9,18.889
los-angeles,2026-05-29,10,18.889
los-angeles,2026-05-29,11,18.889
los-angeles,2026-05-29,12,19.444
los-angeles,2026-05-29,13,19.444
los-angeles,2026-05-29,14,19.444
los-angeles,2026-05-29,15,19.444
los-angeles,2026-05-29,16,19.444
los-angeles,2026-05-29,17,19.444
los-angeles,2026-05-29,18,19.444
los-angeles,2026-05-29,19,19.444
los-angeles,2026-05-29,20,19.444
los-angeles,2026-05-29,21,19.444
los-angeles,2026-05-29,22,19.444
los-angeles,2026-05-29,23,19.444
los-angeles,2026-05-30,0,16.111
los-angeles,2026-05-30,1,16.111
los-angeles,2026-05-30,2,16.111
los-angeles,2026-05-30,3,16.667
los-angeles,2026-05-30,4,16.667
los-angeles,2026-05-30,5,16.667
los-angeles,2026-05-30,6,16.667
los-angeles,2026-05-30,7,17.222
los-angeles,2026-05-30,8,18.889
los-angeles,2026-05-30,9,20.0
los-angeles,2026-05-30,10,20.556
los-angeles,2026-05-30,11,20.556
los-angeles,2026-05-30,12,20.556
los-angeles,2026-05-30,13,20.556
los-angeles,2026-05-30,14,20.556
los-angeles,2026-05-30,15,20.556
los-angeles,2026-05-30,16,20.556
los-angeles,2026-05-30,17,20.556
los-angeles,2026-05-30,18,20.556
los-angeles,2026-05-30,19,20.556
los-angeles,2026-05-30,20,20.556
los-angeles,2026-05-30,21,20.556
los-angeles,2026-05-30,22,20.556
los-angeles,2026-05-30,23,20.556
los-angeles,2026-05-31,0,16.667
los-angeles,2026-05-31,1,16.667
los-angeles,2026-05-31,2,16.667
los-angeles,2026-05-31,3,16.667
los-angeles,2026-05-31,4,16.667
los-angeles,2026-05-31,5,16.667
los-angeles,2026-05-31,6,16.667
los-angeles,2026-05-31,7,17.222
los-angeles,2026-05-31,8,18.889
los-angeles,2026-05-31,9,20.556
los-angeles,2026-05-31,10,20.556
los-angeles,2026-05-31,11,21.111
los-angeles,2026-05-31,12,21.111
los-angeles,2026-05-31,13,21.667
los-angeles,2026-05-31,14,21.667
los-angeles,2026-05-31,15,21.667
los-angeles,2026-05-31,16,21.667
los-angeles,2026-05-31,17,21.667
los-angeles,2026-05-31,18,21.667
los-angeles,2026-05-31,19,21.667
los-angeles,2026-05-31,20,21.667
los-angeles,2026-05-31,21,21.667
los-angeles,2026-05-31,22,21.667
los-angeles,2026-05-31,23,21.667
los-angeles,2026-06-01,0,17.222
los-angeles,2026-06-01,1,17.222
los-angeles,2026-06-01,2,17.222
los-angeles,2026-06-01,3,17.222
los-angeles,2026-06-01,4,17.222
los-angeles,2026-06-01,5,17.222
los-angeles,2026-06-01,6,17.222
los-angeles,2026-06-01,7,18.333
los-angeles,2026-06-01,8,18.889
los-angeles,2026-06-01,9,20.0
los-angeles,2026-06-01,10,21.667
los-angeles,2026-06-01,11,21.667
los-angeles,2026-06-01,12,21.667
los-angeles,2026-06-01,13,21.667
los-angeles,2026-06-01,14,21.667
los-angeles,2026-06-01,15,21.667
los-angeles,2026-06-01,16,21.667
los-angeles,2026-06-01,17,21.667
los-angeles,2026-06-01,18,21.667
los-angeles,2026-06-01,19,21.667
los-angeles,2026-06-01,20,21.667
los-angeles,2026-06-01,21,21.667
los-angeles,2026-06-01,22,21.667
los-angeles,2026-06-01,23,21.667
los-angeles,2026-06-02,0,16.667
los-angeles,2026-06-02,1,16.667
los-angeles,2026-06-02,2,16.667
los-angeles,2026-06-02,3,17.222
los-angeles,2026-06-02,4,17.222
los-angeles,2026-06-02,5,17.222
los-angeles,2026-06-02,6,17.222
los-angeles,2026-06-02,7,17.222
los-angeles,2026-06-02,8,17.222
los-angeles,2026-06-02,9,17.222
los-angeles,2026-06-02,10,18.333
los-angeles,2026-06-02,11,19.444
los-angeles,2026-06-02,12,20.556
los-angeles,2026-06-02,13,20.556
los-angeles,2026-06-02,14,20.556
los-angeles,2026-06-02,15,20.556
los-angeles,2026-06-02,16,20.556
los-angeles,2026-06-02,17,20.556
los-angeles,2026-06-02,18,20.556
los-angeles,2026-06-02,19,20.556
los-angeles,2026-06-02,20,20.556
los-angeles,2026-06-02,21,20.556
los-angeles,2026-06-02,22,20.556
los-angeles,2026-06-02,23,20.556
los-angeles,2026-06-03,0,16.111
los-angeles,2026-06-03,1,16.111
los-angeles,2026-06-03,2,16.111
los-angeles,2026-06-03,3,16.111
los-angeles,2026-06-03,4,16.111
los-angeles,2026-06-03,5,16.111
los-angeles,2026-06-03,6,16.667
los-angeles,2026-06-03,7,17.222
los-angeles,2026-06-03,8,17.222
los-angeles,2026-06-03,9,18.333
los-angeles,2026-06-03,10,19.444
los-angeles,2026-06-03,11,19.444
los-angeles,2026-06-03,12,19.444
los-angeles,2026-06-03,13,20.0
los-angeles,2026-06-03,14,20.0
los-angeles,2026-06-03,15,20.0
los-angeles,2026-06-03,16,20.0
los-angeles,2026-06-03,17,20.0
los-angeles,2026-06-03,18,20.0
los-angeles,2026-06-03,19,20.0
los-angeles,2026-06-03,20,20.0
los-angeles,2026-06-03,21,20.0
los-angeles,2026-06-03,22,20.0
los-angeles,2026-06-03,23,20.0
los-angeles,2026-06-04,0,16.667
los-angeles,2026-06-04,1,17.222
los-angeles,2026-06-04,2,17.222
los-angeles,2026-06-04,3,17.222
los-angeles,2026-06-04,4,17.222
los-angeles,2026-06-04,5,17.222
los-angeles,2026-06-04,6,17.222
los-angeles,2026-06-04,7,17.778
los-angeles,2026-06-04,8,18.333
los-angeles,2026-06-04,9,18.333
los-angeles,2026-06-04,10,18.889
los-angeles,2026-06-04,11,21.111
los-angeles,2026-06-04,12,21.111
los-angeles,2026-06-04,13,21.667
los-angeles,2026-06-04,14,21.667
los-angeles,2026-06-04,15,21.667
los-angeles,2026-06-04,16,21.667
los-angeles,2026-06-04,17,21.667
los-angeles,2026-06-04,18,21.667
los-angeles,2026-06-04,19,21.667
los-angeles,2026-06-04,20,21.667
los-angeles,2026-06-04,21,21.667
los-angeles,2026-06-04,22,21.667
los-angeles,2026-06-04,23,21.667
los-angeles,2026-06-05,0,17.778
los-angeles,2026-06-05,1,17.778
los-angeles,2026-06-05,2,18.333
los-angeles,2026-06-05,3,18.333
los-angeles,2026-06-05,4,18.333
los-angeles,2026-06-05,5,18.333
los-angeles,2026-06-05,6,18.333
los-angeles,2026-06-05,7,18.333
los-angeles,2026-06-05,8,18.333
los-angeles,2026-06-05,9,18.333
los-angeles,2026-06-05,10,18.333
los-angeles,2026-06-05,11,19.444
los-angeles,2026-06-05,12,20.0
los-angeles,2026-06-05,13,20.0
los-angeles,2026-06-05,14,20.556
los-angeles,2026-06-05,15,21.111
los-angeles,2026-06-05,16,21.111
los-angeles,2026-06-05,17,21.111
los-angeles,2026-06-05,18,21.111
los-angeles,2026-06-05,19,21.111
los-angeles,2026-06-05,20,21.111
los-angeles,2026-06-05,21,21.111
los-angeles,2026-06-05,22,21.111
los-angeles,2026-06-05,23,21.111
los-angeles,2026-06-06,0,18.889
los-angeles,2026-06-06,1,18.889
los-angeles,2026-06-06,2,18.889
los-angeles,2026-06-06,3,18.889
los-angeles,2026-06-06,4,18.889
los-angeles,2026-06-06,5,18.889
los-angeles,2026-06-06,6,18.889
los-angeles,2026-06-06,7,18.889
los-angeles,2026-06-06,8,18.889
los-angeles,2026-06-06,9,19.444
los-angeles,2026-06-06,10,20.556
los-angeles,2026-06-06,11,21.111
los-angeles,2026-06-06,12,21.667
los-angeles,2026-06-06,13,21.667
los-angeles,2026-06-06,14,21.667
los-angeles,2026-06-06,15,21.667
los-angeles,2026-06-06,16,21.667
los-angeles,2026-06-06,17,21.667
los-angeles,2026-06-06,18,21.667
los-angeles,2026-06-06,19,21.667
los-angeles,2026-06-06,20,21.667
los-angeles,2026-06-06,21,21.667
los-angeles,2026-06-06,22,21.667
los-angeles,2026-06-06,23,21.667
los-angeles,2026-06-07,0,17.222
los-angeles,2026-06-07,1,17.778
los-angeles,2026-06-07,2,17.778
los-angeles,2026-06-07,3,17.778
los-angeles,2026-06-07,4,17.778
los-angeles,2026-06-07,5,17.778
los-angeles,2026-06-07,6,18.333
los-angeles,2026-06-07,7,18.889
los-angeles,2026-06-07,8,18.889
los-angeles,2026-06-07,9,19.444
los-angeles,2026-06-07,10,20.556
los-angeles,2026-06-07,11,21.667
los-angeles,2026-06-07,12,21.667
los-angeles,2026-06-07,13,21.667
los-angeles,2026-06-07,14,21.667
los-angeles,2026-06-07,15,21.667
los-angeles,2026-06-07,16,21.667
los-angeles,2026-06-07,17,21.667
los-angeles,2026-06-07,18,21.667
los-angeles,2026-06-07,19,21.667
los-angeles,2026-06-07,20,21.667
los-angeles,2026-06-07,21,21.667
los-angeles,2026-06-07,22,21.667
los-angeles,2026-06-07,23,21.667
los-angeles,2026-06-08,0,17.222
los-angeles,2026-06-08,1,17.222
los-angeles,2026-06-08,2,17.222
los-angeles,2026-06-08,3,17.778
los-angeles,2026-06-08,4,17.778
los-angeles,2026-06-08,5,18.333
los-angeles,2026-06-08,6,18.333
los-angeles,2026-06-08,7,18.889
los-angeles,2026-06-08,8,19.444
los-angeles,2026-06-08,9,20.0
los-angeles,2026-06-08,10,21.111
los-angeles,2026-06-08,11,21.667
los-angeles,2026-06-08,12,22.222
los-angeles,2026-06-08,13,22.222
los-angeles,2026-06-08,14,22.222
los-angeles,2026-06-08,15,22.222
los-angeles,2026-06-08,16,22.222
los-angeles,2026-06-08,17,22.222
los-angeles,2026-06-08,18,22.222
los-angeles,2026-06-08,19,22.222
los-angeles,2026-06-08,20,22.222
los-angeles,2026-06-08,21,22.222
los-angeles,2026-06-08,22,22.222
los-angeles,2026-06-08,23,22.222
los-angeles,2026-06-09,0,17.222
los-angeles,2026-06-09,1,17.222
los-angeles,2026-06-09,2,17.222
los-angeles,2026-06-09,3,17.222
los-angeles,2026-06-09,4,17.222
los-angeles,2026-06-09,5,17.222
los-angeles,2026-06-09,6,17.778
los-angeles,2026-06-09,7,18.333
los-angeles,2026-06-09,8,19.444
los-angeles,2026-06-09,9,21.111
los-angeles,2026-06-09,10,21.667
los-angeles,2026-06-09,11,21.667
los-angeles,2026-06-09,12,21.667
los-angeles,2026-06-09,13,21.667
los-angeles,2026-06-09,14,22.222
los-angeles,2026-06-09,15,22.222
los-angeles,2026-06-09,16,22.222
los-angeles,2026-06-09,17,22.222
los-angeles,2026-06-09,18,22.222
los-angeles,2026-06-09,19,22.222
los-angeles,2026-06-09,20,22.222
los-angeles,2026-06-09,21,22.222
los-angeles,2026-06-09,22,22.222
los-angeles,2026-06-09,23,22.222
los-angeles,2026-06-10,0,18.889
los-angeles,2026-06-10,1,18.889
los-angeles,2026-06-10,2,18.889
los-angeles,2026-06-10,3,18.889
los-angeles,2026-06-10,4,18.889
los-angeles,2026-06-10,5,18.889
los-angeles,2026-06-10,6,18.889
los-angeles,2026-06-10,7,20.0
los-angeles,2026-06-10,8,21.667
los-angeles,2026-06-10,9,22.222
los-angeles,2026-06-10,10,22.778
los-angeles,2026-06-10,11,22.778
los-angeles,2026-06-10,12,22.778
los-angeles,2026-06-10,13,22.778
los-angeles,2026-06-10,14,23.333
los-angeles,2026-06-10,15,23.333
los-angeles,2026-06-10,16,23.333
los-angeles,2026-06-10,17,23.333
los-angeles,2026-06-10,18,23.333
los-angeles,2026-06-10,19,23.333
los-angeles,2026-06-10,20,23.333
los-angeles,2026-06-10,21,23.333
los-angeles,2026-06-10,22,23.333
los-angeles,2026-06-10,23,23.333
los-angeles,2026-06-11,0,19.444
los-angeles,2026-06-11,1,19.444
los-angeles,2026-06-11,2,19.444
los-angeles,2026-06-11,3,19.444
los-angeles,2026-06-11,4,19.444
los-angeles,2026-06-11,5,19.444
los-angeles,2026-06-11,6,19.444
los-angeles,2026-06-11,7,20.0
los-angeles,2026-06-11,8,21.667
los-angeles,2026-06-11,9,22.222
los-angeles,2026-06-11,10,22.778
los-angeles,2026-06-11,11,23.333
los-angeles,2026-06-11,12,23.333
los-angeles,2026-06-11,13,23.333
los-angeles,2026-06-11,14,23.333
los-angeles,2026-06-11,15,23.333
los-angeles,2026-06-11,16,23.333
los-angeles,2026-06-11,17,23.333
los-angeles,2026-06-11,18,23.333
los-angeles,2026-06-11,19,23.333
los-angeles,2026-06-11,20,23.333
los-angeles,2026-06-11,21,23.333
los-angeles,2026-06-11,22,23.333
los-angeles,2026-06-11,23,23.333
los-angeles,2026-06-12,0,18.333
los-angeles,2026-06-12,1,18.333
los-angeles,2026-06-12,2,18.333
los-angeles,2026-06-12,3,18.333
los-angeles,2026-06-12,4,18.333
los-angeles,2026-06-12,5,18.333
los-angeles,2026-06-12,6,18.889
los-angeles,2026-06-12,7,19.444
los-angeles,2026-06-12,8,21.111
los-angeles,2026-06-12,9,22.222
los-angeles,2026-06-12,10,22.778
los-angeles,2026-06-12,11,22.778
los-angeles,2026-06-12,12,22.778
los-angeles,2026-06-12,13,22.778
los-angeles,2026-06-12,14,22.778
los-angeles,2026-06-12,15,22.778
los-angeles,2026-06-12,16,22.778
los-angeles,2026-06-12,17,22.778
los-angeles,2026-06-12,18,22.778
los-angeles,2026-06-12,19,22.778
los-angeles,2026-06-12,20,22.778
los-angeles,2026-06-12,21,22.778
los-angeles,2026-06-12,22,22.778
los-angeles,2026-06-12,23,22.778
los-angeles,2026-06-13,0,17.222
los-angeles,2026-06-13,1,17.222
los-angeles,2026-06-13,2,17.222
los-angeles,2026-06-13,3,17.778
los-angeles,2026-06-13,4,17.778
los-angeles,2026-06-13,5,17.778
los-angeles,2026-06-13,6,17.778
los-angeles,2026-06-13,7,18.889
los-angeles,2026-06-13,8,20.556
los-angeles,2026-06-13,9,21.111
los-angeles,2026-06-13,10,21.111
los-angeles,2026-06-13,11,21.111
los-angeles,2026-06-13,12,21.667
los-angeles,2026-06-13,13,22.222
los-angeles,2026-06-13,14,22.222
los-angeles,2026-06-13,15,22.222
los-angeles,2026-06-13,16,22.222
los-angeles,2026-06-13,17,22.222
los-angeles,2026-06-13,18,22.222
los-angeles,2026-06-13,19,22.222
los-angeles,2026-06-13,20,22.222
los-angeles,2026-06-13,21,22.222
los-angeles,2026-06-13,22,22.222
los-angeles,2026-06-13,23,22.222
los-angeles,2026-06-14,0,16.667
los-angeles,2026-06-14,1,16.667
los-angeles,2026-06-14,2,16.667
los-angeles,2026-06-14,3,16.667
los-angeles,2026-06-14,4,16.667
los-angeles,2026-06-14,5,16.667
los-angeles,2026-06-14,6,17.778
los-angeles,2026-06-14,7,18.889
los-angeles,2026-06-14,8,20.556
los-angeles,2026-06-14,9,20.556
los-angeles,2026-06-14,10,20.556
los-angeles,2026-06-14,11,21.111
los-angeles,2026-06-14,12,21.667
los-angeles,2026-06-14,13,21.667
los-angeles,2026-06-14,14,21.667
los-angeles,2026-06-14,15,21.667
los-angeles,2026-06-14,16,21.667
los-angeles,2026-06-14,17,21.667
los-angeles,2026-06-14,18,21.667
los-angeles,2026-06-14,19,21.667
los-angeles,2026-06-14,20,21.667
los-angeles,2026-06-14,21,21.667
los-angeles,2026-06-14,22,21.667
los-angeles,2026-06-14,23,21.667
los-angeles,2026-06-15,0,17.778
los-angeles,2026-06-15,1,17.778
los-angeles,2026-06-15,2,17.778
los-angeles,2026-06-15,3,17.778
los-angeles,2026-06-15,4,17.778
los-angeles,2026-06-15,5,17.778
los-angeles,2026-06-15,6,17.778
los-angeles,2026-06-15,7,19.444
los-angeles,2026-06-15,8,19.444
los-angeles,2026-06-15,9,19.444
los-angeles,2026-06-15,10,20.556
los-angeles,2026-06-15,11,20.556
los-angeles,2026-06-15,12,20.556
los-angeles,2026-06-15,13,21.111
los-angeles,2026-06-15,14,21.667
los-angeles,2026-06-15,15,21.667
los-angeles,2026-06-15,16,21.667
los-angeles,2026-06-15,17,21.667
los-angeles,2026-06-15,18,21.667
los-angeles,2026-06-15,19,21.667
los-angeles,2026-06-15,20,21.667
los-angeles,2026-06-15,21,21.667
los-angeles,2026-06-15,22,21.667
los-angeles,2026-06-15,23,21.667
los-angeles,2026-06-16,0,17.222
los-angeles,2026-06-16,1,17.222
los-angeles,2026-06-16,2,17.222
los-angeles,2026-06-16,3,17.222
los-angeles,2026-06-16,4,17.222
los-angeles,2026-06-16,5,17.222
los-angeles,2026-06-16,6,17.222
los-angeles,2026-06-16,7,17.778
los-angeles,2026-06-16,8,17.778
los-angeles,2026-06-16,9,18.889
los-angeles,2026-06-16,10,20.0
los-angeles,2026-06-16,11,20.556
los-angeles,2026-06-16,12,20.556
los-angeles,2026-06-16,13,20.556
los-angeles,2026-06-16,14,20.556
los-angeles,2026-06-16,15,20.556
los-angeles,2026-06-16,16,20.556
los-angeles,2026-06-16,17,20.556
los-angeles,2026-06-16,18,20.556
los-angeles,2026-06-16,19,20.556
los-angeles,2026-06-16,20,20.556
los-angeles,2026-06-16,21,20.556
los-angeles,2026-06-16,22,20.556
los-angeles,2026-06-16,23,20.556
los-angeles,2026-06-17,0,16.667
los-angeles,2026-06-17,1,16.667
los-angeles,2026-06-17,2,16.667
los-angeles,2026-06-17,3,16.667
los-angeles,2026-06-17,4,16.667
los-angeles,2026-06-17,5,16.667
los-angeles,2026-06-17,6,17.222
los-angeles,2026-06-17,7,17.778
los-angeles,2026-06-17,8,18.333
los-angeles,2026-06-17,9,20.0
los-angeles,2026-06-17,10,20.0
los-angeles,2026-06-17,11,21.111
los-angeles,2026-06-17,12,21.111
los-angeles,2026-06-17,13,21.111
los-angeles,2026-06-17,14,21.111
los-angeles,2026-06-17,15,21.111
los-angeles,2026-06-17,16,21.111
los-angeles,2026-06-17,17,21.111
los-angeles,2026-06-17,18,21.111
los-angeles,2026-06-17,19,21.111
los-angeles,2026-06-17,20,21.111
los-angeles,2026-06-17,21,21.111
los-angeles,2026-06-17,22,21.111
los-angeles,2026-06-17,23,21.111
los-angeles,2026-06-18,0,17.222
los-angeles,2026-06-18,1,17.222
los-angeles,2026-06-18,2,17.222
los-angeles,2026-06-18,3,17.222
los-angeles,2026-06-18,4,17.222
los-angeles,2026-06-18,5,17.778
los-angeles,2026-06-18,6,17.778
los-angeles,2026-06-18,7,17.778
los-angeles,2026-06-18,8,18.333
los-angeles,2026-06-18,9,18.889
los-angeles,2026-06-18,10,18.889
los-angeles,2026-06-18,11,20.0
los-angeles,2026-06-18,12,20.0
los-angeles,2026-06-18,13,20.556
los-angeles,2026-06-18,14,21.111
los-angeles,2026-06-18,15,21.111
los-angeles,2026-06-18,16,21.111
los-angeles,2026-06-18,17,21.111
los-angeles,2026-06-18,18,21.111
los-angeles,2026-06-18,19,21.111
los-angeles,2026-06-18,20,21.111
los-angeles,2026-06-18,21,21.111
los-angeles,2026-06-18,22,21.111
los-angeles,2026-06-18,23,21.111
los-angeles,2026-06-19,0,17.222
los-angeles,2026-06-19,1,17.222
los-angeles,2026-06-19,2,17.222
los-angeles,2026-06-19,3,17.222
los-angeles,2026-06-19,4,17.222
los-angeles,2026-06-19,5,17.222
los-angeles,2026-06-19,6,17.222
los-angeles,2026-06-19,7,17.222
los-angeles,2026-06-19,8,17.222
los-angeles,2026-06-19,9,18.333
los-angeles,2026-06-19,10,19.444
los-angeles,2026-06-19,11,21.111
los-angeles,2026-06-19,12,21.111
los-angeles,2026-06-19,13,21.111
los-angeles,2026-06-19,14,21.111
los-angeles,2026-06-19,15,21.111
los-angeles,2026-06-19,16,21.111
los-angeles,2026-06-19,17,21.111
los-angeles,2026-06-19,18,21.111
los-angeles,2026-06-19,19,21.111
los-angeles,2026-06-19,20,21.111
los-angeles,2026-06-19,21,21.111
los-angeles,2026-06-19,22,21.111
los-angeles,2026-06-19,23,21.111
los-angeles,2026-06-20,0,16.111
los-angeles,2026-06-20,1,16.111
los-angeles,2026-06-20,2,16.111
los-angeles,2026-06-20,3,16.111
los-angeles,2026-06-20,4,16.111
los-angeles,2026-06-20,5,16.111
los-angeles,2026-06-20,6,16.111
los-angeles,2026-06-20,7,17.222
los-angeles,2026-06-20,8,18.333
los-angeles,2026-06-20,9,18.889
los-angeles,2026-06-20,10,20.0
los-angeles,2026-06-20,11,20.0
los-angeles,2026-06-20,12,20.556
los-angeles,2026-06-20,13,21.111
los-angeles,2026-06-20,14,21.111
los-angeles,2026-06-20,15,21.111
los-angeles,2026-06-20,16,21.111
los-angeles,2026-06-20,17,21.111
los-angeles,2026-06-20,18,21.111
los-angeles,2026-06-20,19,21.111
los-angeles,2026-06-20,20,21.111
los-angeles,2026-06-20,21,21.111
los-angeles,2026-06-20,22,21.111
los-angeles,2026-06-20,23,21.111
los-angeles,2026-06-21,0,16.667
los-angeles,2026-06-21,1,16.667
los-angeles,2026-06-21,2,16.667
los-angeles,2026-06-21,3,16.667
los-angeles,2026-06-21,4,16.667
los-angeles,2026-06-21,5,16.667
los-angeles,2026-06-21,6,16.667
los-angeles,2026-06-21,7,17.778
los-angeles,2026-06-21,8,18.333
los-angeles,2026-06-21,9,18.889
los-angeles,2026-06-21,10,19.444
los-angeles,2026-06-21,11,20.556
los-angeles,2026-06-21,12,21.111
los-angeles,2026-06-21,13,21.111
los-angeles,2026-06-21,14,21.111
los-angeles,2026-06-21,15,21.111
los-angeles,2026-06-21,16,21.111
los-angeles,2026-06-21,17,21.111
los-angeles,2026-06-21,18,21.111
los-angeles,2026-06-21,19,21.111
los-angeles,2026-06-21,20,21.111
los-angeles,2026-06-21,21,21.111
los-angeles,2026-06-21,22,21.111
los-angeles,2026-06-21,23,21.111
los-angeles,2026-06-22,0,16.667
los-angeles,2026-06-22,1,16.667
los-angeles,2026-06-22,2,16.667
los-angeles,2026-06-22,3,17.222
los-angeles,2026-06-22,4,17.222
los-angeles,2026-06-22,5,17.222
los-angeles,2026-06-22,6,17.222
los-angeles,2026-06-22,7,17.778
los-angeles,2026-06-22,8,18.333
los-angeles,2026-06-22,9,20.556
los-angeles,2026-06-22,10,20.556
los-angeles,2026-06-22,11,21.111
los-angeles,2026-06-22,12,21.111
los-angeles,2026-06-22,13,21.667
los-angeles,2026-06-22,14,21.667
los-angeles,2026-06-22,15,21.667
los-angeles,2026-06-22,16,21.667
los-angeles,2026-06-22,17,21.667
los-angeles,2026-06-22,18,21.667
los-angeles,2026-06-22,19,21.667
los-angeles,2026-06-22,20,21.667
los-angeles,2026-06-22,21,21.667
los-angeles,2026-06-22,22,21.667
los-angeles,2026-06-22,23,21.667
los-angeles,2026-06-23,0,17.222
los-angeles,2026-06-23,1,17.222
los-angeles,2026-06-23,2,17.222
los-angeles,2026-06-23,3,17.222
los-angeles,2026-06-23,4,17.778
los-angeles,2026-06-23,5,17.778
los-angeles,2026-06-23,6,17.778
los-angeles,2026-06-23,7,18.333
los-angeles,2026-06-23,8,18.889
los-angeles,2026-06-23,9,18.889
los-angeles,2026-06-23,10,19.444
los-angeles,2026-06-23,11,20.0
los-angeles,2026-06-23,12,21.667
los-angeles,2026-06-23,13,21.667
los-angeles,2026-06-23,14,21.667
los-angeles,2026-06-23,15,21.667
los-angeles,2026-06-23,16,21.667
los-angeles,2026-06-23,17,21.667
los-angeles,2026-06-23,18,21.667
los-angeles,2026-06-23,19,21.667
los-angeles,2026-06-23,20,21.667
los-angeles,2026-06-23,21,21.667
los-angeles,2026-06-23,22,21.667
los-angeles,2026-06-23,23,21.667
los-angeles,2026-06-24,0,17.778
los-angeles,2026-06-24,1,17.778
los-angeles,2026-06-24,2,17.778
los-angeles,2026-06-24,3,17.778
los-angeles,2026-06-24,4,17.778
los-angeles,2026-06-24,5,17.778
los-angeles,2026-06-24,6,17.778
los-angeles,2026-06-24,7,17.778
los-angeles,2026-06-24,8,18.889
los-angeles,2026-06-24,9,20.0
los-angeles,2026-06-24,10,21.111
los-angeles,2026-06-24,11,21.111
los-angeles,2026-06-24,12,21.111
los-angeles,2026-06-24,13,21.111
los-angeles,2026-06-24,14,21.111
los-angeles,2026-06-24,15,21.111
los-angeles,2026-06-24,16,21.111
los-angeles,2026-06-24,17,21.111
los-angeles,2026-06-24,18,21.111
los-angeles,2026-06-24,19,21.111
los-angeles,2026-06-24,20,21.111
los-angeles,2026-06-24,21,21.111
los-angeles,2026-06-24,22,21.111
los-angeles,2026-06-24,23,21.111
los-angeles,2026-06-25,0,16.667
los-angeles,2026-06-25,1,16.667
los-angeles,2026-06-25,2,17.222
los-angeles,2026-06-25,3,17.222
los-angeles,2026-06-25,4,17.222
los-angeles,2026-06-25,5,17.222
los-angeles,2026-06-25,6,17.778
los-angeles,2026-06-25,7,18.333
los-angeles,2026-06-25,8,18.889
los-angeles,2026-06-25,9,19.444
los-angeles,2026-06-25,10,20.0
los-angeles,2026-06-25,11,21.111
los-angeles,2026-06-25,12,22.222
los-angeles,2026-06-25,13,22.222
los-angeles,2026-06-25,14,22.222
los-angeles,2026-06-25,15,22.222
los-angeles,2026-06-25,16,22.222
los-angeles,2026-06-25,17,22.222
los-angeles,2026-06-25,18,22.222
los-angeles,2026-06-25,19,22.222
los-angeles,2026-06-25,20,22.222
los-angeles,2026-06-25,21,22.222
los-angeles,2026-06-25,22,22.222
los-angeles,2026-06-25,23,22.222
los-angeles,2026-06-26,0,16.667
los-angeles,2026-06-26,1,17.222
los-angeles,2026-06-26,2,17.222
los-angeles,2026-06-26,3,17.222
los-angeles,2026-06-26,4,17.222
los-angeles,2026-06-26,5,17.222
los-angeles,2026-06-26,6,17.222
los-angeles,2026-06-26,7,18.333
los-angeles,2026-06-26,8,18.889
los-angeles,2026-06-26,9,19.444
los-angeles,2026-06-26,10,20.556
los-angeles,2026-06-26,11,21.111
los-angeles,2026-06-26,12,21.111
los-angeles,2026-06-26,13,21.111
los-angeles,2026-06-26,14,21.111
los-angeles,2026-06-26,15,21.111
los-angeles,2026-06-26,16,21.111
los-angeles,2026-06-26,17,21.111
los-angeles,2026-06-26,18,21.111
los-angeles,2026-06-26,19,21.111
los-angeles,2026-06-26,20,21.111
los-angeles,2026-06-26,21,21.111
los-angeles,2026-06-26,22,21.111
los-angeles,2026-06-26,23,21.111
los-angeles,2026-06-27,0,17.778
los-angeles,2026-06-27,1,17.778
los-angeles,2026-06-27,2,17.778
los-angeles,2026-06-27,3,17.778
los-angeles,2026-06-27,4,17.778
los-angeles,2026-06-27,5,18.333
los-angeles,2026-06-27,6,18.889
los-angeles,2026-06-27,7,18.889
los-angeles,2026-06-27,8,20.556
los-angeles,2026-06-27,9,21.111
los-angeles,2026-06-27,10,21.111
los-angeles,2026-06-27,11,22.222
los-angeles,2026-06-27,12,22.222
los-angeles,2026-06-27,13,22.222
los-angeles,2026-06-27,14,22.222
los-angeles,2026-06-27,15,22.222
los-angeles,2026-06-27,16,22.222
los-angeles,2026-06-27,17,22.222
los-angeles,2026-06-27,18,22.222
los-angeles,2026-06-27,19,22.222
los-angeles,2026-06-27,20,22.222
los-angeles,2026-06-27,21,22.222
los-angeles,2026-06-27,22,22.222
los-angeles,2026-06-27,23,22.222
los-angeles,2026-06-28,0,17.222
los-angeles,2026-06-28,1,17.222
los-angeles,2026-06-28,2,17.778
los-angeles,2026-06-28,3,17.778
los-angeles,2026-06-28,4,17.778
los-angeles,2026-06-28,5,17.778
los-angeles,2026-06-28,6,17.778
los-angeles,2026-06-28,7,18.889
los-angeles,2026-06-28,8,19.444
los-angeles,2026-06-28,9,19.444
los-angeles,2026-06-28,10,19.444
los-angeles,2026-06-28,11,19.444
los-angeles,2026-06-28,12,21.667
los-angeles,2026-06-28,13,21.667
los-angeles,2026-06-28,14,21.667
los-angeles,2026-06-28,15,21.667
los-angeles,2026-06-28,16,21.667
los-angeles,2026-06-28,17,21.667
los-angeles,2026-06-28,18,21.667
los-angeles,2026-06-28,19,21.667
los-angeles,2026-06-28,20,21.667
los-angeles,2026-06-28,21,21.667
los-angeles,2026-06-28,22,21.667
los-angeles,2026-06-28,23,21.667
los-angeles,2026-06-29,0,17.222
los-angeles,2026-06-29,1,17.222
los-angeles,2026-06-29,2,17.222
los-angeles,2026-06-29,3,17.222
los-angeles,2026-06-29,4,17.222
los-angeles,2026-06-29,5,17.222
los-angeles,2026-06-29,6,17.778
los-angeles,2026-06-29,7,18.889
los-angeles,2026-06-29,8,20.0
los-angeles,2026-06-29,9,20.0
los-angeles,2026-06-29,10,20.0
los-angeles,2026-06-29,11,20.0
los-angeles,2026-06-29,12,20.0
los-angeles,2026-06-29,13,21.667
los-angeles,2026-06-29,14,22.222
los-angeles,2026-06-29,15,22.222
los-angeles,2026-06-29,16,22.222
los-angeles,2026-06-29,17,22.222
los-angeles,2026-06-29,18,22.222
los-angeles,2026-06-29,19,22.222
los-angeles,2026-06-29,20,22.222
los-angeles,2026-06-29,21,22.222
los-angeles,2026-06-29,22,22.222
los-angeles,2026-06-29,23,22.222
los-angeles,2026-06-30,0,18.333
los-angeles,2026-06-30,1,18.333
los-angeles,2026-06-30,2,18.333
los-angeles,2026-06-30,3,18.333
los-angeles,2026-06-30,4,18.333
los-angeles,2026-06-30,5,18.333
los-angeles,2026-06-30,6,18.333
los-angeles,2026-06-30,7,18.333
los-angeles,2026-06-30,8,19.444
los-angeles,2026-06-30,9,19.444
los-angeles,2026-06-30,10,20.0
los-angeles,2026-06-30,11,20.556
los-angeles,2026-06-30,12,21.111
los-angeles,2026-06-30,13,21.111
los-angeles,2026-06-30,14,21.111
los-angeles,2026-06-30,15,21.111
los-angeles,2026-06-30,16,21.111
los-angeles,2026-06-30,17,21.111
los-angeles,2026-06-30,18,21.111
los-angeles,2026-06-30,19,21.111
los-angeles,2026-06-30,20,21.111
los-angeles,2026-06-30,21,21.111
los-angeles,2026-06-30,22,21.111
los-angeles,2026-06-30,23,21.111
los-angeles,2026-07-01,0,17.778
los-angeles,2026-07-01,1,17.778
los-angeles,2026-07-01,2,17.778
los-angeles,2026-07-01,3,17.778
los-angeles,2026-07-01,4,17.778
los-angeles,2026-07-01,5,17.778
los-angeles,2026-07-01,6,17.778
los-angeles,2026-07-01,7,18.333
los-angeles,2026-07-01,8,18.889
los-angeles,2026-07-01,9,18.889
los-angeles,2026-07-01,10,19.444
los-angeles,2026-07-01,11,20.0
los-angeles,2026-07-01,12,20.0
los-angeles,2026-07-01,13,20.556
los-angeles,2026-07-01,14,21.111
los-angeles,2026-07-01,15,21.111
los-angeles,2026-07-01,16,21.111
los-angeles,2026-07-01,17,21.111
los-angeles,2026-07-01,18,21.111
los-angeles,2026-07-01,19,21.111
los-angeles,2026-07-01,20,21.111
los-angeles,2026-07-01,21,21.111
los-angeles,2026-07-01,22,21.111
los-angeles,2026-07-01,23,21.111
los-angeles,2026-07-02,0,17.222
los-angeles,2026-07-02,1,17.222
los-angeles,2026-07-02,2,17.778
los-angeles,2026-07-02,3,17.778
los-angeles,2026-07-02,4,18.333
los-angeles,2026-07-02,5,18.333
los-angeles,2026-07-02,6,18.333
los-angeles,2026-07-02,7,18.333
los-angeles,2026-07-02,8,19.444
los-angeles,2026-07-02,9,19.444
los-angeles,2026-07-02,10,19.444
los-angeles,2026-07-02,11,20.556
los-angeles,2026-07-02,12,22.222
los-angeles,2026-07-02,13,22.222
los-angeles,2026-07-02,14,22.222
los-angeles,2026-07-02,15,22.222
los-angeles,2026-07-02,16,22.222
los-angeles,2026-07-02,17,22.222
los-angeles,2026-07-02,18,22.222
los-angeles,2026-07-02,19,22.222
los-angeles,2026-07-02,20,22.222
los-angeles,2026-07-02,21,22.222
los-angeles,2026-07-02,22,22.222
los-angeles,2026-07-02,23,22.222
los-angeles,2026-07-03,0,17.222
los-angeles,2026-07-03,1,17.778
los-angeles,2026-07-03,2,17.778
los-angeles,2026-07-03,3,17.778
los-angeles,2026-07-03,4,17.778
los-angeles,2026-07-03,5,17.778
los-angeles,2026-07-03,6,17.778
los-angeles,2026-07-03,7,18.333
los-angeles,2026-07-03,8,18.889
los-angeles,2026-07-03,9,20.0
los-angeles,2026-07-03,10,21.667
los-angeles,2026-07-03,11,21.667
los-angeles,2026-07-03,12,21.667
los-angeles,2026-07-03,13,22.222
los-angeles,2026-07-03,14,22.222
los-angeles,2026-07-03,15,22.222
los-angeles,2026-07-03,16,22.222
los-angeles,2026-07-03,17,22.222
los-angeles,2026-07-03,18,22.222
los-angeles,2026-07-03,19,22.222
los-angeles,2026-07-03,20,22.222
los-angeles,2026-07-03,21,22.222
los-angeles,2026-07-03,22,22.222
los-angeles,2026-07-03,23,22.222
los-angeles,2026-07-04,0,17.222
los-angeles,2026-07-04,1,17.222
los-angeles,2026-07-04,2,17.222
los-angeles,2026-07-04,3,17.222
los-angeles,2026-07-04,4,17.222
los-angeles,2026-07-04,5,17.222
los-angeles,2026-07-04,6,17.778
los-angeles,2026-07-04,7,18.889
los-angeles,2026-07-04,8,20.556
los-angeles,2026-07-04,9,20.556
los-angeles,2026-07-04,10,21.111
los-angeles,2026-07-04,11,21.667
los-angeles,2026-07-04,12,22.222
los-angeles,2026-07-04,13,23.333
los-angeles,2026-07-04,14,23.889
los-angeles,2026-07-04,15,23.889
los-angeles,2026-07-04,16,23.889
los-angeles,2026-07-04,17,23.889
los-angeles,2026-07-04,18,23.889
los-angeles,2026-07-04,19,23.889
los-angeles,2026-07-04,20,23.889
los-angeles,2026-07-04,21,23.889
los-angeles,2026-07-04,22,23.889
los-angeles,2026-07-04,23,23.889
los-angeles,2026-07-05,0,18.333
los-angeles,2026-07-05,1,18.333
los-angeles,2026-07-05,2,18.333
los-angeles,2026-07-05,3,18.333
los-angeles,2026-07-05,4,18.333
los-angeles,2026-07-05,5,18.333
los-angeles,2026-07-05,6,18.889
los-angeles,2026-07-05,7,19.444
los-angeles,2026-07-05,8,21.111
los-angeles,2026-07-05,9,22.222
los-angeles,2026-07-05,10,22.222
los-angeles,2026-07-05,11,22.222
los-angeles,2026-07-05,12,22.222
los-angeles,2026-07-05,13,23.889
los-angeles,2026-07-05,14,23.889
los-angeles,2026-07-05,15,23.889
los-angeles,2026-07-05,16,23.889
los-angeles,2026-07-05,17,23.889
los-angeles,2026-07-05,18,23.889
los-angeles,2026-07-05,19,23.889
los-angeles,2026-07-05,20,23.889
los-angeles,2026-07-05,21,23.889
los-angeles,2026-07-05,22,23.889
los-angeles,2026-07-05,23,23.889
los-angeles,2026-07-06,0,18.333
los-angeles,2026-07-06,1,18.333
los-angeles,2026-07-06,2,18.333
los-angeles,2026-07-06,3,18.333
los-angeles,2026-07-06,4,18.333
los-angeles,2026-07-06,5,18.333
los-angeles,2026-07-06,6,18.333
los-angeles,2026-07-06,7,19.444
los-angeles,2026-07-06,8,21.111
los-angeles,2026-07-06,9,22.222
los-angeles,2026-07-06,10,23.333
los-angeles,2026-07-06,11,23.333
los-angeles,2026-07-06,12,23.333
los-angeles,2026-07-06,13,23.333
los-angeles,2026-07-06,14,23.333
los-angeles,2026-07-06,15,23.333
los-angeles,2026-07-06,16,23.333
los-angeles,2026-07-06,17,23.333
los-angeles,2026-07-06,18,23.333
los-angeles,2026-07-06,19,23.333
los-angeles,2026-07-06,20,23.333
los-angeles,2026-07-06,21,23.333
los-angeles,2026-07-06,22,23.333
los-angeles,2026-07-06,23,23.333
los-angeles,2026-07-07,0,17.778
los-angeles,2026-07-07,1,17.778
los-angeles,2026-07-07,2,17.778
los-angeles,2026-07-07,3,17.778
los-angeles,2026-07-07,4,17.778
los-angeles,2026-07-07,5,17.778
los-angeles,2026-07-07,6,18.333
los-angeles,2026-07-07,7,19.444
los-angeles,2026-07-07,8,21.111
los-angeles,2026-07-07,9,21.111
los-angeles,2026-07-07,10,21.667
los-angeles,2026-07-07,11,22.222
los-angeles,2026-07-07,12,22.778
los-angeles,2026-07-07,13,23.333
los-angeles,2026-07-07,14,23.333
los-angeles,2026-07-07,15,23.333
los-angeles,2026-07-07,16,23.333
los-angeles,2026-07-07,17,23.333
los-angeles,2026-07-07,18,23.333
los-angeles,2026-07-07,19,23.333
los-angeles,2026-07-07,20,23.333
los-angeles,2026-07-07,21,23.333
los-angeles,2026-07-07,22,23.333
los-angeles,2026-07-07,23,23.333
los-angeles,2026-07-08,0,18.889
los-angeles,2026-07-08,1,18.889
los-angeles,2026-07-08,2,18.889
los-angeles,2026-07-08,3,18.889
los-angeles,2026-07-08,4,18.889
los-angeles,2026-07-08,5,18.889
los-angeles,2026-07-08,6,18.889
los-angeles,2026-07-08,7,20.0
los-angeles,2026-07-08,8,21.111
los-angeles,2026-07-08,9,22.222
los-angeles,2026-07-08,10,22.222
los-angeles,2026-07-08,11,22.222
los-angeles,2026-07-08,12,23.333
los-angeles,2026-07-08,13,23.333
los-angeles,2026-07-08,14,23.333
los-angeles,2026-07-08,15,23.333
los-angeles,2026-07-08,16,23.333
los-angeles,2026-07-08,17,23.333
los-angeles,2026-07-08,18,23.333
los-angeles,2026-07-08,19,23.333
los-angeles,2026-07-08,20,23.333
los-angeles,2026-07-08,21,23.333
los-angeles,2026-07-08,22,23.333
los-angeles,2026-07-08,23,23.333
los-angeles,2026-07-09,0,18.889
los-angeles,2026-07-09,1,18.889
los-angeles,2026-07-09,2,18.889
los-angeles,2026-07-09,3,18.889
los-angeles,2026-07-09,4,18.889
los-angeles,2026-07-09,5,18.889
los-angeles,2026-07-09,6,18.889
los-angeles,2026-07-09,7,20.0
los-angeles,2026-07-09,8,21.667
los-angeles,2026-07-09,9,21.667
los-angeles,2026-07-09,10,21.667
los-angeles,2026-07-09,11,22.222
los-angeles,2026-07-09,12,22.222
los-angeles,2026-07-09,13,23.333
los-angeles,2026-07-09,14,23.333
los-angeles,2026-07-09,15,23.333
los-angeles,2026-07-09,16,23.333
los-angeles,2026-07-09,17,23.333
los-angeles,2026-07-09,18,23.333
los-angeles,2026-07-09,19,23.333
los-angeles,2026-07-09,20,23.333
los-angeles,2026-07-09,21,23.333
los-angeles,2026-07-09,22,23.333
los-angeles,2026-07-09,23,23.333
los-angeles,2026-07-10,0,18.333
los-angeles,2026-07-10,1,18.333
los-angeles,2026-07-10,2,18.889
los-angeles,2026-07-10,3,18.889
los-angeles,2026-07-10,4,18.889
los-angeles,2026-07-10,5,18.889
los-angeles,2026-07-10,6,18.889
los-angeles,2026-07-10,7,18.889
los-angeles,2026-07-10,8,20.0
los-angeles,2026-07-10,9,22.222
los-angeles,2026-07-10,10,23.333
los-angeles,2026-07-10,11,23.333
los-angeles,2026-07-10,12,23.333
los-angeles,2026-07-10,13,23.333
los-angeles,2026-07-10,14,23.333
los-angeles,2026-07-10,15,23.333
los-angeles,2026-07-10,16,23.333
los-angeles,2026-07-10,17,23.333
los-angeles,2026-07-10,18,23.333
los-angeles,2026-07-10,19,23.333
los-angeles,2026-07-10,20,23.333
los-angeles,2026-07-10,21,23.333
los-angeles,2026-07-10,22,23.333
los-angeles,2026-07-10,23,23.333
los-angeles,2026-07-11,0,18.889
los-angeles,2026-07-11,1,18.889
los-angeles,2026-07-11,2,19.444
los-angeles,2026-07-11,3,19.444
los-angeles,2026-07-11,4,19.444
los-angeles,2026-07-11,5,20.0
los-angeles,2026-07-11,6,20.0
los-angeles,2026-07-11,7,20.556
los-angeles,2026-07-11,8,20.556
los-angeles,2026-07-11,9,21.667
los-angeles,2026-07-11,10,23.889
los-angeles,2026-07-11,11,23.889
los-angeles,2026-07-11,12,23.889
los-angeles,2026-07-11,13,23.889
los-angeles,2026-07-11,14,23.889
los-angeles,2026-07-11,15,23.889
los-angeles,2026-07-11,16,23.889
los-angeles,2026-07-11,17,23.889
los-angeles,2026-07-11,18,23.889
los-angeles,2026-07-11,19,23.889
los-angeles,2026-07-11,20,23.889
los-angeles,2026-07-11,21,23.889
los-angeles,2026-07-11,22,23.889
los-angeles,2026-07-11,23,23.889
los-angeles,2026-07-12,0,20.0
los-angeles,2026-07-12,1,20.0
los-angeles,2026-07-12,2,20.0
los-angeles,2026-07-12,3,20.0
los-angeles,2026-07-12,4,20.0
los-angeles,2026-07-12,5,20.0
los-angeles,2026-07-12,6,20.0
los-angeles,2026-07-12,7,21.111
los-angeles,2026-07-12,8,22.222
los-angeles,2026-07-12,9,23.333
los-angeles,2026-07-12,10,23.333
los-angeles,2026-07-12,11,23.333
los-angeles,2026-07-12,12,23.333
los-angeles,2026-07-12,13,23.333
los-angeles,2026-07-12,14,23.333
los-angeles,2026-07-12,15,23.333
los-angeles,2026-07-12,16,23.333
los-angeles,2026-07-12,17,23.333
los-angeles,2026-07-12,18,23.333
los-angeles,2026-07-12,19,23.333
los-angeles,2026-07-12,20,23.333
los-angeles,2026-07-12,21,23.333
los-angeles,2026-07-12,22,23.333
los-angeles,2026-07-12,23,23.333
los-angeles,2026-07-13,0,20.556
los-angeles,2026-07-13,1,20.556
los-angeles,2026-07-13,2,20.556
los-angeles,2026-07-13,3,20.556
los-angeles,2026-07-13,4,20.556
los-angeles,2026-07-13,5,20.556
los-angeles,2026-07-13,6,20.556
los-angeles,2026-07-13,7,20.556
los-angeles,2026-07-13,8,21.111
los-angeles,2026-07-13,9,22.222
los-angeles,2026-07-13,10,22.778
los-angeles,2026-07-13,11,23.889
los-angeles,2026-07-13,12,23.889
los-angeles,2026-07-13,13,23.889
los-angeles,2026-07-13,14,23.889
los-angeles,2026-07-13,15,23.889
los-angeles,2026-07-13,16,23.889
los-angeles,2026-07-13,17,23.889
los-angeles,2026-07-13,18,23.889
los-angeles,2026-07-13,19,23.889
los-angeles,2026-07-13,20,23.889
los-angeles,2026-07-13,21,23.889
los-angeles,2026-07-13,22,23.889
los-angeles,2026-07-13,23,23.889
los-angeles,2026-07-14,0,20.0
los-angeles,2026-07-14,1,20.0
los-angeles,2026-07-14,2,20.0
los-angeles,2026-07-14,3,20.0
los-angeles,2026-07-14,4,20.0
los-angeles,2026-07-14,5,20.0
los-angeles,2026-07-14,6,20.0
los-angeles,2026-07-14,7,21.111
los-angeles,2026-07-14,8,21.667
los-angeles,2026-07-14,9,21.667
los-angeles,2026-07-14,10,22.778
los-angeles,2026-07-14,11,23.333
los-angeles,2026-07-14,12,23.889
los-angeles,2026-07-14,13,24.444
los-angeles,2026-07-14,14,25.0
los-angeles,2026-07-14,15,25.0
los-angeles,2026-07-14,16,25.0
los-angeles,2026-07-14,17,25.0
los-angeles,2026-07-14,18,25.0
los-angeles,2026-07-14,19,25.0
los-angeles,2026-07-14,20,25.0
los-angeles,2026-07-14,21,25.0
los-angeles,2026-07-14,22,25.0
los-angeles,2026-07-14,23,25.0
los-angeles,2026-07-15,0,21.111
los-angeles,2026-07-15,1,21.111
los-angeles,2026-07-15,2,21.111
los-angeles,2026-07-15,3,21.111
los-angeles,2026-07-15,4,21.111
los-angeles,2026-07-15,5,21.111
los-angeles,2026-07-15,6,21.111
los-angeles,2026-07-15,7,22.778
los-angeles,2026-07-15,8,24.444
los-angeles,2026-07-15,9,25.0
los-angeles,2026-07-15,10,25.556
los-angeles,2026-07-15,11,26.111
los-angeles,2026-07-15,12,26.667
los-angeles,2026-07-15,13,26.667
los-angeles,2026-07-15,14,26.667
los-angeles,2026-07-15,15,26.667
los-angeles,2026-07-15,16,26.667
los-angeles,2026-07-15,17,26.667
los-angeles,2026-07-15,18,26.667
los-angeles,2026-07-15,19,26.667
los-angeles,2026-07-15,20,26.667
los-angeles,2026-07-15,21,26.667
los-angeles,2026-07-15,22,26.667
los-angeles,2026-07-15,23,26.667
los-angeles,2026-07-16,0,21.667
los-angeles,2026-07-16,1,21.667
los-angeles,2026-07-16,2,21.667
los-angeles,2026-07-16,3,21.667
los-angeles,2026-07-16,4,21.667
los-angeles,2026-07-16,5,21.667
los-angeles,2026-07-16,6,21.667
los-angeles,2026-07-16,7,22.778
los-angeles,2026-07-16,8,24.444
los-angeles,2026-07-16,9,25.556
los-angeles,2026-07-16,10,27.222
los-angeles,2026-07-16,11,27.778
los-angeles,2026-07-16,12,27.778
los-angeles,2026-07-16,13,27.778
los-angeles,2026-07-16,14,27.778
los-angeles,2026-07-16,15,27.778
los-angeles,2026-07-16,16,27.778
los-angeles,2026-07-16,17,27.778
los-angeles,2026-07-16,18,27.778
los-angeles,2026-07-16,19,27.778
los-angeles,2026-07-16,20,27.778
los-angeles,2026-07-16,21,27.778
los-angeles,2026-07-16,22,27.778
los-angeles,2026-07-16,23,27.778
los-angeles,2026-07-17,0,21.111
los-angeles,2026-07-17,1,21.111
los-angeles,2026-07-17,2,21.111
los-angeles,2026-07-17,3,21.111
los-angeles,2026-07-17,4,21.111
los-angeles,2026-07-17,5,21.111
los-angeles,2026-07-17,6,21.667
los-angeles,2026-07-17,7,22.222
los-angeles,2026-07-17,8,23.333
los-angeles,2026-07-17,9,24.444
los-angeles,2026-07-17,10,26.111
los-angeles,2026-07-17,11,27.222
los-angeles,2026-07-17,12,28.889
los-angeles,2026-07-17,13,30.0
los-angeles,2026-07-17,14,30.0
los-angeles,2026-07-17,15,30.0
los-angeles,2026-07-17,16,30.0
los-angeles,2026-07-17,17,30.0
los-angeles,2026-07-17,18,30.0
los-angeles,2026-07-17,19,30.0
los-angeles,2026-07-17,20,30.0
los-angeles,2026-07-17,21,30.0
los-angeles,2026-07-17,22,30.0
los-angeles,2026-07-17,23,30.0
los-angeles,2026-07-18,0,21.667
los-angeles,2026-07-18,1,21.667
los-angeles,2026-07-18,2,21.667
los-angeles,2026-07-18,3,21.667
los-angeles,2026-07-18,4,21.667
los-angeles,2026-07-18,5,21.667
los-angeles,2026-07-18,6,21.667
los-angeles,2026-07-18,7,22.222
los-angeles,2026-07-18,8,23.889
los-angeles,2026-07-18,9,24.444
los-angeles,2026-07-18,10,25.0
los-angeles,2026-07-18,11,25.0
los-angeles,2026-07-18,12,25.0
los-angeles,2026-07-18,13,25.556
los-angeles,2026-07-18,14,25.556
los-angeles,2026-07-18,15,25.556
los-angeles,2026-07-18,16,25.556
los-angeles,2026-07-18,17,25.556
los-angeles,2026-07-18,18,25.556
los-angeles,2026-07-18,19,25.556
los-angeles,2026-07-18,20,25.556
los-angeles,2026-07-18,21,25.556
los-angeles,2026-07-18,22,25.556
los-angeles,2026-07-18,23,25.556
los-angeles,2026-07-19,0,20.556
los-angeles,2026-07-19,1,20.556
los-angeles,2026-07-19,2,20.556
los-angeles,2026-07-19,3,20.556
los-angeles,2026-07-19,4,20.556
los-angeles,2026-07-19,5,20.556
los-angeles,2026-07-19,6,21.111
los-angeles,2026-07-19,7,21.667
los-angeles,2026-07-19,8,22.222
los-angeles,2026-07-19,9,24.444
los-angeles,2026-07-19,10,24.444
los-angeles,2026-07-19,11,25.0
los-angeles,2026-07-19,12,25.0
los-angeles,2026-07-19,13,25.0
los-angeles,2026-07-19,14,25.0
los-angeles,2026-07-19,15,25.0
los-angeles,2026-07-19,16,25.0
los-angeles,2026-07-19,17,25.0
los-angeles,2026-07-19,18,25.0
los-angeles,2026-07-19,19,25.0
los-angeles,2026-07-19,20,25.0
los-angeles,2026-07-19,21,25.0
los-angeles,2026-07-19,22,25.0
los-angeles,2026-07-19,23,25.0
los-angeles,2026-07-20,0,21.111
los-angeles,2026-07-20,1,21.111
los-angeles,2026-07-20,2,21.111
los-angeles,2026-07-20,3,21.111
los-angeles,2026-07-20,4,21.111
los-angeles,2026-07-20,5,21.111
los-angeles,2026-07-20,6,21.111
los-angeles,2026-07-20,7,21.111
los-angeles,2026-07-20,8,23.333
los-angeles,2026-07-20,9,25.556
los-angeles,2026-07-20,10,27.222
los-angeles,2026-07-20,11,27.222
los-angeles,2026-07-20,12,27.222
los-angeles,2026-07-20,13,27.222
los-angeles,2026-07-20,14,27.222
los-angeles,2026-07-20,15,27.222
los-angeles,2026-07-20,16,27.222
los-angeles,2026-07-20,17,27.222
los-angeles,2026-07-20,18,27.222
los-angeles,2026-07-20,19,27.222
los-angeles,2026-07-20,20,27.222
los-angeles,2026-07-20,21,27.222
los-angeles,2026-07-20,22,27.222
los-angeles,2026-07-20,23,27.222
los-angeles,2026-07-21,0,22.222
los-angeles,2026-07-21,1,22.222
los-angeles,2026-07-21,2,22.222
los-angeles,2026-07-21,3,22.222
los-angeles,2026-07-21,4,22.222
los-angeles,2026-07-21,5,22.222
los-angeles,2026-07-21,6,22.222
los-angeles,2026-07-21,7,22.778
los-angeles,2026-07-21,8,24.444
los-angeles,2026-07-21,9,25.556
los-angeles,2026-07-21,10,27.222
los-angeles,2026-07-21,11,27.222
los-angeles,2026-07-21,12,27.222
los-angeles,2026-07-21,13,27.222
los-angeles,2026-07-21,14,27.222
los-angeles,2026-07-21,15,27.222
los-angeles,2026-07-21,16,27.222
los-angeles,2026-07-21,17,27.222
los-angeles,2026-07-21,18,27.222
los-angeles,2026-07-21,19,27.222
los-angeles,2026-07-21,20,27.222
los-angeles,2026-07-21,21,27.222
los-angeles,2026-07-21,22,27.222
los-angeles,2026-07-21,23,27.222
los-angeles,2026-07-22,0,22.222
los-angeles,2026-07-22,1,22.222
los-angeles,2026-07-22,2,22.222
los-angeles,2026-07-22,3,22.222
los-angeles,2026-07-22,4,22.222
los-angeles,2026-07-22,5,22.222
los-angeles,2026-07-22,6,22.222
los-angeles,2026-07-22,7,22.222
los-angeles,2026-07-22,8,22.222
los-angeles,2026-07-22,9,22.222
los-angeles,2026-07-22,10,22.778
los-angeles,2026-07-22,11,23.889
los-angeles,2026-07-22,12,23.889
los-angeles,2026-07-22,13,24.444
los-angeles,2026-07-22,14,25.0
los-angeles,2026-07-22,15,25.0
los-angeles,2026-07-22,16,25.0
los-angeles,2026-07-22,17,25.0
los-angeles,2026-07-22,18,25.0
los-angeles,2026-07-22,19,25.0
los-angeles,2026-07-22,20,25.0
los-angeles,2026-07-22,21,25.0
los-angeles,2026-07-22,22,25.0
los-angeles,2026-07-22,23,25.0
los-angeles,2026-07-23,0,21.111
los-angeles,2026-07-23,1,21.111
los-angeles,2026-07-23,2,21.111
los-angeles,2026-07-23,3,21.111
los-angeles,2026-07-23,4,21.111
los-angeles,2026-07-23,5,21.111
los-angeles,2026-07-23,6,21.667
los-angeles,2026-07-23,7,22.222
los-angeles,2026-07-23,8,24.444
los-angeles,2026-07-23,9,24.444
los-angeles,2026-07-23,10,25.556
los-angeles,2026-07-23,11,26.111
los-angeles,2026-07-23,12,26.111
los-angeles,2026-07-23,13,26.667
los-angeles,2026-07-23,14,26.667
los-angeles,2026-07-23,15,26.667
los-angeles,2026-07-23,16,26.667
los-angeles,2026-07-23,17,26.667
los-angeles,2026-07-23,18,26.667
los-angeles,2026-07-23,19,26.667
los-angeles,2026-07-23,20,26.667
los-angeles,2026-07-23,21,26.667
los-angeles,2026-07-23,22,26.667
los-angeles,2026-07-23,23,26.667
los-angeles,2026-07-24,0,21.667
los-angeles,2026-07-24,1,21.667
los-angeles,2026-07-24,2,21.667
los-angeles,2026-07-24,3,21.667
los-angeles,2026-07-24,4,21.667
los-angeles,2026-07-24,5,21.667
los-angeles,2026-07-24,6,21.667
los-angeles,2026-07-24,7,21.667
los-angeles,2026-07-24,8,22.778
los-angeles,2026-07-24,9,23.889
los-angeles,2026-07-24,10,25.0
los-angeles,2026-07-24,11,25.556
los-angeles,2026-07-24,12,25.556
los-angeles,2026-07-24,13,25.556
los-angeles,2026-07-24,14,25.556
los-angeles,2026-07-24,15,25.556
los-angeles,2026-07-24,16,25.556
los-angeles,2026-07-24,17,25.556
los-angeles,2026-07-24,18,25.556
los-angeles,2026-07-24,19,25.556
los-angeles,2026-07-24,20,25.556
los-angeles,2026-07-24,21,25.556
los-angeles,2026-07-24,22,25.556
los-angeles,2026-07-24,23,25.556
los-angeles,2026-07-25,0,22.222
los-angeles,2026-07-25,1,22.222
los-angeles,2026-07-25,2,22.222
los-angeles,2026-07-25,3,22.222
los-angeles,2026-07-25,4,22.222
los-angeles,2026-07-25,5,22.222
los-angeles,2026-07-25,6,22.222
los-angeles,2026-07-25,7,22.222
los-angeles,2026-07-25,8,23.889
los-angeles,2026-07-25,9,25.0
los-angeles,2026-07-25,10,25.0
los-angeles,2026-07-25,11,25.556
los-angeles,2026-07-25,12,25.556
los-angeles,2026-07-25,13,25.556
los-angeles,2026-07-25,14,25.556
los-angeles,2026-07-25,15,25.556
los-angeles,2026-07-25,16,25.556
los-angeles,2026-07-25,17,25.556
los-angeles,2026-07-25,18,25.556
los-angeles,2026-07-25,19,25.556
los-angeles,2026-07-25,20,25.556
los-angeles,2026-07-25,21,25.556
los-angeles,2026-07-25,22,25.556
los-angeles,2026-07-25,23,25.556
los-angeles,2026-07-26,0,21.667
los-angeles,2026-07-26,1,21.667
los-angeles,2026-07-26,2,21.667
los-angeles,2026-07-26,3,21.667
los-angeles,2026-07-26,4,21.667
los-angeles,2026-07-26,5,21.667
los-angeles,2026-07-26,6,21.667
los-angeles,2026-07-26,7,21.667
los-angeles,2026-07-26,8,22.778
los-angeles,2026-07-26,9,23.889
los-angeles,2026-07-26,10,23.889
los-angeles,2026-07-26,11,25.0
los-angeles,2026-07-26,12,26.111
los-angeles,2026-07-26,13,26.111
los-angeles,2026-07-26,14,26.111
los-angeles,2026-07-26,15,26.111
los-angeles,2026-07-26,16,26.111
los-angeles,2026-07-26,17,26.111
los-angeles,2026-07-26,18,26.111
los-angeles,2026-07-26,19,26.111
los-angeles,2026-07-26,20,26.111
los-angeles,2026-07-26,21,26.111
los-angeles,2026-07-26,22,26.111
los-angeles,2026-07-26,23,26.111
los-angeles,2026-07-27,0,21.667
los-angeles,2026-07-27,1,21.667
los-angeles,2026-07-27,2,21.667
los-angeles,2026-07-27,3,21.667
los-angeles,2026-07-27,4,21.667
los-angeles,2026-07-27,5,21.667
los-angeles,2026-07-27,6,21.667
los-angeles,2026-07-27,7,22.222
los-angeles,2026-07-27,8,23.333
los-angeles,2026-07-27,9,26.111
los-angeles,2026-07-27,10,26.111
los-angeles,2026-07-27,11,26.111
los-angeles,2026-07-27,12,26.111
los-angeles,2026-07-27,13,26.111
los-angeles,2026-07-27,14,26.111
los-angeles,2026-07-27,15,26.111
los-angeles,2026-07-27,16,26.111
los-angeles,2026-07-27,17,26.111
los-angeles,2026-07-27,18,26.111
los-angeles,2026-07-27,19,26.111
los-angeles,2026-07-27,20,26.111
los-angeles,2026-07-27,21,26.111
los-angeles,2026-07-27,22,26.111
los-angeles,2026-07-27,23,26.111
los-angeles,2026-07-28,0,22.222
los-angeles,2026-07-28,1,22.222
los-angeles,2026-07-28,2,22.222
los-angeles,2026-07-28,3,22.222
los-angeles,2026-07-28,4,22.222
los-angeles,2026-07-28,5,22.222
los-angeles,2026-07-28,6,22.222
los-angeles,2026-07-28,7,22.222
los-angeles,2026-07-28,8,23.333
los-angeles,2026-07-28,9,24.444
los-angeles,2026-07-28,10,24.444
los-angeles,2026-07-28,11,25.0
los-angeles,2026-07-28,12,25.556
los-angeles,2026-07-28,13,25.556
los-angeles,2026-07-28,14,25.556
los-angeles,2026-07-28,15,25.556
los-angeles,2026-07-28,16,25.556
los-angeles,2026-07-28,17,25.556
los-angeles,2026-07-28,18,25.556
los-angeles,2026-07-28,19,25.556
los-angeles,2026-07-28,20,25.556
los-angeles,2026-07-28,21,25.556
los-angeles,2026-07-28,22,25.556
los-angeles,2026-07-28,23,25.556
los-angeles,2026-07-29,0,21.111
los-angeles,2026-07-29,1,21.111
los-angeles,2026-07-29,2,21.111
los-angeles,2026-07-29,3,21.111
los-angeles,2026-07-29,4,21.111
los-angeles,2026-07-29,5,21.667
los-angeles,2026-07-29,6,21.667
los-angeles,2026-07-29,7,21.667
los-angeles,2026-07-29,8,22.778
los-angeles,2026-07-29,9,24.444
los-angeles,2026-07-29,10,26.111
los-angeles,2026-07-29,11,26.111
los-angeles,2026-07-29,12,26.111
los-angeles,2026-07-29,13,26.111
los-angeles,2026-07-29,14,26.111
los-angeles,2026-07-29,15,26.111
los-angeles,2026-07-29,16,26.111
los-angeles,2026-07-29,17,26.111
los-angeles,2026-07-29,18,26.111
los-angeles,2026-07-29,19,26.111
los-angeles,2026-07-29,20,26.111
los-angeles,2026-07-29,21,26.111
los-angeles,2026-07-29,22,26.111
los-angeles,2026-07-29,23,26.111
los-angeles,2026-07-30,0,21.111
los-angeles,2026-07-30,1,21.111
los-angeles,2026-07-30,2,21.667
los-angeles,2026-07-30,3,21.667
los-angeles,2026-07-30,4,21.667
los-angeles,2026-07-30,5,21.667
los-angeles,2026-07-30,6,21.667
los-angeles,2026-07-30,7,22.222
los-angeles,2026-07-30,8,23.889
los-angeles,2026-07-30,9,23.889
los-angeles,2026-07-30,10,23.889
los-angeles,2026-07-30,11,25.0
los-angeles,2026-07-30,12,25.0
los-angeles,2026-07-30,13,25.0
los-angeles,2026-07-30,14,25.0
los-angeles,2026-07-30,15,25.0
los-angeles,2026-07-30,16,25.0
los-angeles,2026-07-30,17,25.0
los-angeles,2026-07-30,18,25.0
los-angeles,2026-07-30,19,25.0
los-angeles,2026-07-30,20,25.0
los-angeles,2026-07-30,21,25.0
los-angeles,2026-07-30,22,25.0
los-angeles,2026-07-30,23,25.0
los-angeles,2026-07-31,0,19.444
los-angeles,2026-07-31,1,19.444
los-angeles,2026-07-31,2,20.0
los-angeles,2026-07-31,3,20.0
los-angeles,2026-07-31,4,21.111
los-angeles,2026-07-31,5,21.111
los-angeles,2026-07-31,6,21.111
los-angeles,2026-07-31,7,21.111
los-angeles,2026-07-31,8,23.889
los-angeles,2026-07-31,9,25.556
los-angeles,2026-07-31,10,26.111
los-angeles,2026-07-31,11,26.111
los-angeles,2026-07-31,12,26.111
los-angeles,2026-07-31,13,26.111
los-angeles,2026-07-31,14,26.111
los-angeles,2026-07-31,15,26.111
los-angeles,2026-07-31,16,26.111
los-angeles,2026-07-31,17,26.111
los-angeles,2026-07-31,18,26.111
los-angeles,2026-07-31,19,26.111
los-angeles,2026-07-31,20,26.111
los-angeles,2026-07-31,21,26.111
los-angeles,2026-07-31,22,26.111
los-angeles,2026-07-31,23,26.111
los-angeles,2026-08-01,0,21.111
los-angeles,2026-08-01,1,21.111
los-angeles,2026-08-01,2,21.111
los-angeles,2026-08-01,3,21.111
los-angeles,2026-08-01,4,21.111
los-angeles,2026-08-01,5,21.111
los-angeles,2026-08-01,6,21.111
los-angeles,2026-08-01,7,21.667
los-angeles,2026-08-01,8,23.889
los-angeles,2026-08-01,9,25.0
los-angeles,2026-08-01,10,25.0
los-angeles,2026-08-01,11,26.111
los-angeles,2026-08-01,12,26.111
los-angeles,2026-08-01,13,26.111
los-angeles,2026-08-01,14,26.111
los-angeles,2026-08-01,15,26.111
los-angeles,2026-08-01,16,26.111
los-angeles,2026-08-01,17,26.111
los-angeles,2026-08-01,18,26.111
los-angeles,2026-08-01,19,26.111
los-angeles,2026-08-01,20,26.111
los-angeles,2026-08-01,21,26.111
los-angeles,2026-08-01,22,26.111
los-angeles,2026-08-01,23,26.111
los-angeles,2026-08-02,0,21.111
los-angeles,2026-08-02,1,21.111
los-angeles,2026-08-02,2,21.111
los-angeles,2026-08-02,3,21.111
los-angeles,2026-08-02,4,21.111
los-angeles,2026-08-02,5,21.111
los-angeles,2026-08-02,6,21.111
los-angeles,2026-08-02,7,22.222
los-angeles,2026-08-02,8,23.889
los-angeles,2026-08-02,9,25.0
los-angeles,2026-08-02,10,25.0
los-angeles,2026-08-02,11,25.556
los-angeles,2026-08-02,12,25.556
los-angeles,2026-08-02,13,25.556
los-angeles,2026-08-02,14,25.556
los-angeles,2026-08-02,15,25.556
los-angeles,2026-08-02,16,25.556
los-angeles,2026-08-02,17,25.556
los-angeles,2026-08-02,18,25.556
los-angeles,2026-08-02,19,25.556
los-angeles,2026-08-02,20,25.556
los-angeles,2026-08-02,21,25.556
los-angeles,2026-08-02,22,25.556
los-angeles,2026-08-02,23,25.556
los-angeles,2026-08-03,0,20.0
los-angeles,2026-08-03,1,20.556
los-angeles,2026-08-03,2,20.556
los-angeles,2026-08-03,3,20.556
los-angeles,2026-08-03,4,20.556
los-angeles,2026-08-03,5,20.556
los-angeles,2026-08-03,6,20.556
los-angeles,2026-08-03,7,21.667
los-angeles,2026-08-03,8,22.222
los-angeles,2026-08-03,9,23.333
los-angeles,2026-08-03,10,23.889
los-angeles,2026-08-03,11,25.556
los-angeles,2026-08-03,12,25.556
los-angeles,2026-08-03,13,25.556
los-angeles,2026-08-03,14,25.556
los-angeles,2026-08-03,15,25.556
los-angeles,2026-08-03,16,25.556
los-angeles,2026-08-03,17,25.556
los-angeles,2026-08-03,18,25.556
los-angeles,2026-08-03,19,25.556
los-angeles,2026-08-03,20,25.556
los-angeles,2026-08-03,21,25.556
los-angeles,2026-08-03,22,25.556
los-angeles,2026-08-03,23,25.556
los-angeles,2026-08-04,0,19.444
los-angeles,2026-08-04,1,19.444
los-angeles,2026-08-04,2,19.444
los-angeles,2026-08-04,3,20.0
los-angeles,2026-08-04,4,20.0
los-angeles,2026-08-04,5,20.0
los-angeles,2026-08-04,6,20.556
los-angeles,2026-08-04,7,21.111
los-angeles,2026-08-04,8,21.111
los-angeles,2026-08-04,9,23.889
los-angeles,2026-08-04,10,23.889
los-angeles,2026-08-04,11,25.0
los-angeles,2026-08-04,12,25.0
los-angeles,2026-08-04,13,25.0
los-angeles,2026-08-04,14,25.0
los-angeles,2026-08-04,15,25.0
los-angeles,2026-08-04,16,25.0
los-angeles,2026-08-04,17,25.0
los-angeles,2026-08-04,18,25.0
los-angeles,2026-08-04,19,25.0
los-angeles,2026-08-04,20,25.0
los-angeles,2026-08-04,21,25.0
los-angeles,2026-08-04,22,25.0
los-angeles,2026-08-04,23,25.0
los-angeles,2026-08-05,0,20.0
los-angeles,2026-08-05,1,20.556
los-angeles,2026-08-05,2,20.556
los-angeles,2026-08-05,3,20.556
los-angeles,2026-08-05,4,20.556
los-angeles,2026-08-05,5,20.556
los-angeles,2026-08-05,6,20.556
los-angeles,2026-08-05,7,20.556
los-angeles,2026-08-05,8,21.111
los-angeles,2026-08-05,9,22.222
los-angeles,2026-08-05,10,23.889
los-angeles,2026-08-05,11,24.444
los-angeles,2026-08-05,12,24.444
los-angeles,2026-08-05,13,24.444
los-angeles,2026-08-05,14,24.444
los-angeles,2026-08-05,15,24.444
los-angeles,2026-08-05,16,24.444
los-angeles,2026-08-05,17,24.444
los-angeles,2026-08-05,18,24.444
los-angeles,2026-08-05,19,24.444
los-angeles,2026-08-05,20,24.444
los-angeles,2026-08-05,21,24.444
los-angeles,2026-08-05,22,24.444
los-angeles,2026-08-05,23,24.444
los-angeles,2026-08-06,0,20.0
los-angeles,2026-08-06,1,20.0
los-angeles,2026-08-06,2,20.0
los-angeles,2026-08-06,3,20.0
los-angeles,2026-08-06,4,20.0
los-angeles,2026-08-06,5,20.0
los-angeles,2026-08-06,6,20.556
los-angeles,2026-08-06,7,21.667
los-angeles,2026-08-06,8,22.778
los-angeles,2026-08-06,9,23.333
los-angeles,2026-08-06,10,24.444
los-angeles,2026-08-06,11,24.444
los-angeles,2026-08-06,12,25.0
los-angeles,2026-08-06,13,25.0
los-angeles,2026-08-06,14,25.0
los-angeles,2026-08-06,15,25.0
los-angeles,2026-08-06,16,25.0
los-angeles,2026-08-06,17,25.0
los-angeles,2026-08-06,18,25.0
los-angeles,2026-08-06,19,25.0
los-angeles,2026-08-06,20,25.0
los-angeles,2026-08-06,21,25.0
los-angeles,2026-08-06,22,25.0
los-angeles,2026-08-06,23,25.0
los-angeles,2026-08-07,0,20.556
los-angeles,2026-08-07,1,20.556
los-angeles,2026-08-07,2,20.556
los-angeles,2026-08-07,3,20.556
los-angeles,2026-08-07,4,20.556
los-angeles,2026-08-07,5,20.556
los-angeles,2026-08-07,6,20.556
los-angeles,2026-08-07,7,21.667
los-angeles,2026-08-07,8,22.222
los-angeles,2026-08-07,9,23.333
los-angeles,2026-08-07,10,25.0
los-angeles,2026-08-07,11,25.556
los-angeles,2026-08-07,12,25.556
los-angeles,2026-08-07,13,26.111
los-angeles,2026-08-07,14,26.111
los-angeles,2026-08-07,15,26.111
los-angeles,2026-08-07,16,26.111
los-angeles,2026-08-07,17,26.111
los-angeles,2026-08-07,18,26.111
los-angeles,2026-08-07,19,26.111
los-angeles,2026-08-07,20,26.111
los-angeles,2026-08-07,21,26.111
los-angeles,2026-08-07,22,26.111
los-angeles,2026-08-07,23,26.111
los-angeles,2026-08-08,0,21.111
los-angeles,2026-08-08,1,21.111
los-angeles,2026-08-08,2,21.111
los-angeles,2026-08-08,3,21.111
los-angeles,2026-08-08,4,21.111
los-angeles,2026-08-08,5,21.111
los-angeles,2026-08-08,6,21.111
los-angeles,2026-08-08,7,21.667
los-angeles,2026-08-08,8,23.333
los-angeles,2026-08-08,9,23.889
los-angeles,2026-08-08,10,25.0
los-angeles,2026-08-08,11,25.0
los-angeles,2026-08-08,12,25.556
los-angeles,2026-08-08,13,25.556
los-angeles,2026-08-08,14,26.111
los-angeles,2026-08-08,15,26.111
los-angeles,2026-08-08,16,26.111
los-angeles,2026-08-08,17,26.111
los-angeles,2026-08-08,18,26.111
los-angeles,2026-08-08,19,26.111
los-angeles,2026-08-08,20,26.111
los-angeles,2026-08-08,21,26.111
los-angeles,2026-08-08,22,26.111
los-angeles,2026-08-08,23,26.111
los-angeles,2026-08-09,0,21.667
los-angeles,2026-08-09,1,21.667
los-angeles,2026-08-09,2,21.667
los-angeles,2026-08-09,3,21.667
los-angeles,2026-08-09,4,21.667
los-angeles,2026-08-09,5,21.667
los-angeles,2026-08-09,6,21.667
los-angeles,2026-08-09,7,22.222
los-angeles,2026-08-09,8,23.333
los-angeles,2026-08-09,9,24.444
los-angeles,2026-08-09,10,24.444
los-angeles,2026-08-09,11,25.0
los-angeles,2026-08-09,12,25.556
los-angeles,2026-08-09,13,25.556
los-angeles,2026-08-09,14,26.667
los-angeles,2026-08-09,15,26.667
los-angeles,2026-08-09,16,26.667
los-angeles,2026-08-09,17,26.667
los-angeles,2026-08-09,18,26.667
los-angeles,2026-08-09,19,26.667
los-angeles,2026-08-09,20,26.667
los-angeles,2026-08-09,21,26.667
los-angeles,2026-08-09,22,26.667
los-angeles,2026-08-09,23,26.667
los-angeles,2026-08-10,0,21.111
los-angeles,2026-08-10,1,21.111
los-angeles,2026-08-10,2,21.111
los-angeles,2026-08-10,3,21.111
los-angeles,2026-08-10,4,21.111
los-angeles,2026-08-10,5,21.111
los-angeles,2026-08-10,6,21.111
los-angeles,2026-08-10,7,22.222
los-angeles,2026-08-10,8,23.333
los-angeles,2026-08-10,9,23.889
los-angeles,2026-08-10,10,24.444
los-angeles,2026-08-10,11,25.556
los-angeles,2026-08-10,12,25.556
los-angeles,2026-08-10,13,25.556
los-angeles,2026-08-10,14,25.556
los-angeles,2026-08-10,15,25.556
los-angeles,2026-08-10,16,25.556
los-angeles,2026-08-10,17,25.556
los-angeles,2026-08-10,18,25.556
los-angeles,2026-08-10,19,25.556
los-angeles,2026-08-10,20,25.556
los-angeles,2026-08-10,21,25.556
los-angeles,2026-08-10,22,25.556
los-angeles,2026-08-10,23,25.556
los-angeles,2026-08-11,0,21.111
los-angeles,2026-08-11,1,21.111
los-angeles,2026-08-11,2,21.111
los-angeles,2026-08-11,3,21.111
los-angeles,2026-08-11,4,21.111
los-angeles,2026-08-11,5,21.111
los-angeles,2026-08-11,6,21.111
los-angeles,2026-08-11,7,22.222
los-angeles,2026-08-11,8,23.333
los-angeles,2026-08-11,9,24.444
los-angeles,2026-08-11,10,26.667
los-angeles,2026-08-11,11,26.667
los-angeles,2026-08-11,12,26.667
los-angeles,2026-08-11,13,26.667
los-angeles,2026-08-11,14,26.667
los-angeles,2026-08-11,15,26.667
los-angeles,2026-08-11,16,26.667
los-angeles,2026-08-11,17,26.667
los-angeles,2026-08-11,18,26.667
los-angeles,2026-08-11,19,26.667
los-angeles,2026-08-11,20,26.667
los-angeles,2026-08-11,21,26.667
los-angeles,2026-08-11,22,26.667
los-angeles,2026-08-11,23,26.667
los-angeles,2026-08-12,0,21.111
los-angeles,2026-08-12,1,21.111
los-angeles,2026-08-12,2,21.111
los-angeles,2026-08-12,3,21.111
los-angeles,2026-08-12,4,21.111
los-angeles,2026-08-12,5,21.111
los-angeles,2026-08-12,6,21.111
los-angeles,2026-08-12,7,22.222
los-angeles,2026-08-12,8,23.333
los-angeles,2026-08-12,9,23.333
los-angeles,2026-08-12,10,24.444
los-angeles,2026-08-12,11,24.444
los-angeles,2026-08-12,12,24.444
los-angeles,2026-08-12,13,24.444
los-angeles,2026-08-12,14,24.444
los-angeles,2026-08-12,15,24.444
los-angeles,2026-08-12,16,24.444
los-angeles,2026-08-12,17,24.444
los-angeles,2026-08-12,18,24.444
los-angeles,2026-08-12,19,24.444
los-angeles,2026-08-12,20,24.444
los-angeles,2026-08-12,21,24.444
los-angeles,2026-08-12,22,24.444
los-angeles,2026-08-12,23,24.444
los-angeles,2026-08-13,0,20.556
los-angeles,2026-08-13,1,21.111
los-angeles,2026-08-13,2,21.111
los-angeles,2026-08-13,3,21.111
los-angeles,2026-08-13,4,21.667
los-angeles,2026-08-13,5,21.667
los-angeles,2026-08-13,6,21.667
los-angeles,2026-08-13,7,21.667
los-angeles,2026-08-13,8,22.222
los-angeles,2026-08-13,9,22.778
los-angeles,2026-08-13,10,22.778
los-angeles,2026-08-13,11,24.444
los-angeles,2026-08-13,12,24.444
los-angeles,2026-08-13,13,25.0
los-angeles,2026-08-13,14,25.0
los-angeles,2026-08-13,15,25.0
los-angeles,2026-08-13,16,25.0
los-angeles,2026-08-13,17,25.0
los-angeles,2026-08-13,18,25.0
los-angeles,2026-08-13,19,25.0
los-angeles,2026-08-13,20,25.0
los-angeles,2026-08-13,21,25.0
los-angeles,2026-08-13,22,25.0
los-angeles,2026-08-13,23,25.0
los-angeles,2026-08-14,0,20.556
los-angeles,2026-08-14,1,20.556
los-angeles,2026-08-14,2,20.556
los-angeles,2026-08-14,3,20.556
los-angeles,2026-08-14,4,21.111
los-angeles,2026-08-14,5,21.111
los-angeles,2026-08-14,6,21.667
los-angeles,2026-08-14,7,21.667
los-angeles,2026-08-14,8,22.222
los-angeles,2026-08-14,9,23.333
los-angeles,2026-08-14,10,24.444
los-angeles,2026-08-14,11,25.0
los-angeles,2026-08-14,12,25.556
los-angeles,2026-08-14,13,25.556
los-angeles,2026-08-14,14,25.556
los-angeles,2026-08-14,15,25.556
los-angeles,2026-08-14,16,25.556
los-angeles,2026-08-14,17,25.556
los-angeles,2026-08-14,18,25.556
los-angeles,2026-08-14,19,25.556
los-angeles,2026-08-14,20,25.556
los-angeles,2026-08-14,21,25.556
los-angeles,2026-08-14,22,25.556
los-angeles,2026-08-14,23,25.556
los-angeles,2026-08-15,0,20.556
los-angeles,2026-08-15,1,20.556
los-angeles,2026-08-15,2,20.556
los-angeles,2026-08-15,3,20.556
los-angeles,2026-08-15,4,20.556
los-angeles,2026-08-15,5,20.556
los-angeles,2026-08-15,6,20.556
los-angeles,2026-08-15,7,21.111
los-angeles,2026-08-15,8,21.667
los-angeles,2026-08-15,9,22.222
los-angeles,2026-08-15,10,23.889
los-angeles,2026-08-15,11,23.889
los-angeles,2026-08-15,12,24.444
los-angeles,2026-08-15,13,24.444
los-angeles,2026-08-15,14,24.444
los-angeles,2026-08-15,15,24.444
los-angeles,2026-08-15,16,24.444
los-angeles,2026-08-15,17,24.444
los-angeles,2026-08-15,18,24.444
los-angeles,2026-08-15,19,24.444
los-angeles,2026-08-15,20,24.444
los-angeles,2026-08-15,21,24.444
los-angeles,2026-08-15,22,24.444
los-angeles,2026-08-15,23,24.444
los-angeles,2026-08-16,0,19.444
los-angeles,2026-08-16,1,19.444
los-angeles,2026-08-16,2,19.444
los-angeles,2026-08-16,3,19.444
los-angeles,2026-08-16,4,20.0
los-angeles,2026-08-16,5,20.0
los-angeles,2026-08-16,6,20.0
los-angeles,2026-08-16,7,21.111
los-angeles,2026-08-16,8,22.222
los-angeles,2026-08-16,9,22.778
los-angeles,2026-08-16,10,23.333
los-angeles,2026-08-16,11,23.889
los-angeles,2026-08-16,12,23.889
los-angeles,2026-08-16,13,23.889
los-angeles,2026-08-16,14,23.889
los-angeles,2026-08-16,15,24.444
los-angeles,2026-08-16,16,24.444
los-angeles,2026-08-16,17,24.444
los-angeles,2026-08-16,18,24.444
los-angeles,2026-08-16,19,24.444
los-angeles,2026-08-16,20,24.444
los-angeles,2026-08-16,21,24.444
los-angeles,2026-08-16,22,24.444
los-angeles,2026-08-16,23,24.444
los-angeles,2026-08-17,0,20.556
los-angeles,2026-08-17,1,20.556
los-angeles,2026-08-17,2,20.556
los-angeles,2026-08-17,3,20.556
los-angeles,2026-08-17,4,20.556
los-angeles,2026-08-17,5,20.556
los-angeles,2026-08-17,6,20.556
los-angeles,2026-08-17,7,20.556
los-angeles,2026-08-17,8,21.667
los-angeles,2026-08-17,9,23.889
los-angeles,2026-08-17,10,24.444
los-angeles,2026-08-17,11,25.0
los-angeles,2026-08-17,12,25.0
los-angeles,2026-08-17,13,25.0
los-angeles,2026-08-17,14,25.0
los-angeles,2026-08-17,15,25.0
los-angeles,2026-08-17,16,25.0
los-angeles,2026-08-17,17,25.0
los-angeles,2026-08-17,18,25.0
los-angeles,2026-08-17,19,25.0
los-angeles,2026-08-17,20,25.0
los-angeles,2026-08-17,21,25.0
los-angeles,2026-08-17,22,25.0
los-angeles,2026-08-17,23,25.0
los-angeles,2026-08-18,0,20.556
los-angeles,2026-08-18,1,20.556
los-angeles,2026-08-18,2,20.556
los-angeles,2026-08-18,3,20.556
los-angeles,2026-08-18,4,20.556
los-angeles,2026-08-18,5,20.556
los-angeles,2026-08-18,6,20.556
los-angeles,2026-08-18,7,21.667
los-angeles,2026-08-18,8,22.778
los-angeles,2026-08-18,9,23.333
los-angeles,2026-08-18,10,24.444
los-angeles,2026-08-18,11,24.444
los-angeles,2026-08-18,12,26.111
los-angeles,2026-08-18,13,27.222
los-angeles,2026-08-18,14,27.222
los-angeles,2026-08-18,15,27.222
los-angeles,2026-08-18,16,27.222
los-angeles,2026-08-18,17,27.222
los-angeles,2026-08-18,18,27.222
los-angeles,2026-08-18,19,27.222
los-angeles,2026-08-18,20,27.222
los-angeles,2026-08-18,21,27.222
los-angeles,2026-08-18,22,27.222
los-angeles,2026-08-18,23,27.222
los-angeles,2026-08-19,0,20.556
los-angeles,2026-08-19,1,20.556
los-angeles,2026-08-19,2,20.556
los-angeles,2026-08-19,3,20.556
los-angeles,2026-08-19,4,20.556
los-angeles,2026-08-19,5,20.556
los-angeles,2026-08-19,6,20.556
los-angeles,2026-08-19,7,21.111
los-angeles,2026-08-19,8,22.778
los-angeles,2026-08-19,9,24.444
los-angeles,2026-08-19,10,26.667
los-angeles,2026-08-19,11,26.667
los-angeles,2026-08-19,12,26.667
los-angeles,2026-08-19,13,26.667
los-angeles,2026-08-19,14,26.667
los-angeles,2026-08-19,15,26.667
los-angeles,2026-08-19,16,26.667
los-angeles,2026-08-19,17,26.667
los-angeles,2026-08-19,18,26.667
los-angeles,2026-08-19,19,26.667
los-angeles,2026-08-19,20,26.667
los-angeles,2026-08-19,21,26.667
los-angeles,2026-08-19,22,26.667
los-angeles,2026-08-19,23,26.667
los-angeles,2026-08-20,0,21.111
los-angeles,2026-08-20,1,21.111
los-angeles,2026-08-20,2,21.111
los-angeles,2026-08-20,3,21.111
los-angeles,2026-08-20,4,21.111
los-angeles,2026-08-20,5,21.111
los-angeles,2026-08-20,6,21.111
los-angeles,2026-08-20,7,21.111
los-angeles,2026-08-20,8,23.333
los-angeles,2026-08-20,9,23.889
los-angeles,2026-08-20,10,23.889
los-angeles,2026-08-20,11,24.444
los-angeles,2026-08-20,12,24.444
los-angeles,2026-08-20,13,24.444
los-angeles,2026-08-20,14,25.0
los-angeles,2026-08-20,15,25.0
los-angeles,2026-08-20,16,25.0
los-angeles,2026-08-20,17,25.0
los-angeles,2026-08-20,18,25.0
los-angeles,2026-08-20,19,25.0
los-angeles,2026-08-20,20,25.0
los-angeles,2026-08-20,21,25.0
los-angeles,2026-08-20,22,25.0
los-angeles,2026-08-20,23,25.0
los-angeles,2026-08-21,0,21.111
los-angeles,2026-08-21,1,21.111
los-angeles,2026-08-21,2,21.111
los-angeles,2026-08-21,3,21.111
los-angeles,2026-08-21,4,21.111
los-angeles,2026-08-21,5,21.111
los-angeles,2026-08-21,6,21.667
los-angeles,2026-08-21,7,23.333
los-angeles,2026-08-21,8,25.556
los-angeles,2026-08-21,9,25.556
los-angeles,2026-08-21,10,26.111
los-angeles,2026-08-21,11,27.222
los-angeles,2026-08-21,12,27.222
los-angeles,2026-08-21,13,27.222
los-angeles,2026-08-21,14,27.222
los-angeles,2026-08-21,15,27.222
los-angeles,2026-08-21,16,27.222
los-angeles,2026-08-21,17,27.222
los-angeles,2026-08-21,18,27.222
los-angeles,2026-08-21,19,27.222
los-angeles,2026-08-21,20,27.222
los-angeles,2026-08-21,21,27.222
los-angeles,2026-08-21,22,27.222
los-angeles,2026-08-21,23,27.222
los-angeles,2026-08-22,0,22.222
los-angeles,2026-08-22,1,22.778
los-angeles,2026-08-22,2,22.778
los-angeles,2026-08-22,3,22.778
los-angeles,2026-08-22,4,22.778
los-angeles,2026-08-22,5,22.778
los-angeles,2026-08-22,6,22.778
los-angeles,2026-08-22,7,22.778
los-angeles,2026-08-22,8,23.333
los-angeles,2026-08-22,9,25.0
los-angeles,2026-08-22,10,27.778
los-angeles,2026-08-22,11,27.778
los-angeles,2026-08-22,12,27.778
los-angeles,2026-08-22,13,27.778
los-angeles,2026-08-22,14,27.778
los-angeles,2026-08-22,15,27.778
los-angeles,2026-08-22,16,27.778
los-angeles,2026-08-22,17,27.778
los-angeles,2026-08-22,18,27.778
los-angeles,2026-08-22,19,27.778
los-angeles,2026-08-22,20,27.778
los-angeles,2026-08-22,21,27.778
los-angeles,2026-08-22,22,27.778
los-angeles,2026-08-22,23,27.778
los-angeles,2026-08-23,0,22.222
los-angeles,2026-08-23,1,22.222
los-angeles,2026-08-23,2,22.222
los-angeles,2026-08-23,3,22.222
los-angeles,2026-08-23,4,22.222
los-angeles,2026-08-23,5,22.222
los-angeles,2026-08-23,6,22.222
los-angeles,2026-08-23,7,22.778
los-angeles,2026-08-23,8,25.556
los-angeles,2026-08-23,9,28.333
los-angeles,2026-08-23,10,28.333
los-angeles,2026-08-23,11,28.333
los-angeles,2026-08-23,12,28.333
los-angeles,2026-08-23,13,28.333
los-angeles,2026-08-23,14,28.333
los-angeles,2026-08-23,15,28.889
los-angeles,2026-08-23,16,28.889
los-angeles,2026-08-23,17,28.889
los-angeles,2026-08-23,18,28.889
los-angeles,2026-08-23,19,28.889
los-angeles,2026-08-23,20,28.889
los-angeles,2026-08-23,21,28.889
los-angeles,2026-08-23,22,28.889
los-angeles,2026-08-23,23,28.889
los-angeles,2026-08-24,0,22.222
los-angeles,2026-08-24,1,22.222
los-angeles,2026-08-24,2,22.222
los-angeles,2026-08-24,3,22.222
los-angeles,2026-08-24,4,22.222
los-angeles,2026-08-24,5,22.222
los-angeles,2026-08-24,6,22.222
los-angeles,2026-08-24,7,22.778
los-angeles,2026-08-24,8,25.0
los-angeles,2026-08-24,9,27.222
los-angeles,2026-08-24,10,27.778
los-angeles,2026-08-24,11,27.778
los-angeles,2026-08-24,12,27.778
los-angeles,2026-08-24,13,27.778
los-angeles,2026-08-24,14,27.778
los-angeles,2026-08-24,15,27.778
los-angeles,2026-08-24,16,27.778
los-angeles,2026-08-24,17,27.778
los-angeles,2026-08-24,18,27.778
los-angeles,2026-08-24,19,27.778
los-angeles,2026-08-24,20,27.778
los-angeles,2026-08-24,21,27.778
los-angeles,2026-08-24,22,27.778
los-angeles,2026-08-24,23,27.778
los-angeles,2026-08-25,0,22.778
los-angeles,2026-08-25,1,22.778
los-angeles,2026-08-25,2,22.778
los-angeles,2026-08-25,3,22.778
los-angeles,2026-08-25,4,22.778
los-angeles,2026-08-25,5,22.778
los-angeles,2026-08-25,6,22.778
los-angeles,2026-08-25,7,23.333
los-angeles,2026-08-25,8,25.556
los-angeles,2026-08-25,9,27.222
los-angeles,2026-08-25,10,28.889
los-angeles,2026-08-25,11,28.889
los-angeles,2026-08-25,12,28.889
los-angeles,2026-08-25,13,28.889
los-angeles,2026-08-25,14,28.889
los-angeles,2026-08-25,15,28.889
los-angeles,2026-08-25,16,28.889
los-angeles,2026-08-25,17,28.889
los-angeles,2026-08-25,18,28.889
los-angeles,2026-08-25,19,28.889
los-angeles,2026-08-25,20,28.889
los-angeles,2026-08-25,21,28.889
los-angeles,2026-08-25,22,28.889
los-angeles,2026-08-25,23,28.889
los-angeles,2026-08-26,0,22.778
los-angeles,2026-08-26,1,22.778
los-angeles,2026-08-26,2,22.778
los-angeles,2026-08-26,3,23.333
los-angeles,2026-08-26,4,23.889
los-angeles,2026-08-26,5,23.889
los-angeles,2026-08-26,6,23.889
los-angeles,2026-08-26,7,23.889
los-angeles,2026-08-26,8,26.111
los-angeles,2026-08-26,9,27.222
los-angeles,2026-08-26,10,28.333
los-angeles,2026-08-26,11,29.444
los-angeles,2026-08-26,12,29.444
los-angeles,2026-08-26,13,29.444
los-angeles,2026-08-26,14,29.444
los-angeles,2026-08-26,15,30.556
los-angeles,2026-08-26,16,30.556
los-angeles,2026-08-26,17,30.556
los-angeles,2026-08-26,18,30.556
los-angeles,2026-08-26,19,30.556
los-angeles,2026-08-26,20,30.556
los-angeles,2026-08-26,21,30.556
los-angeles,2026-08-26,22,30.556
los-angeles,2026-08-26,23,30.556
los-angeles,2026-08-27,0,24.444
los-angeles,2026-08-27,1,24.444
los-angeles,2026-08-27,2,24.444
los-angeles,2026-08-27,3,24.444
los-angeles,2026-08-27,4,24.444
los-angeles,2026-08-27,5,24.444
los-angeles,2026-08-27,6,25.0
los-angeles,2026-08-27,7,26.111
los-angeles,2026-08-27,8,26.667
los-angeles,2026-08-27,9,28.889
los-angeles,2026-08-27,10,28.889
los-angeles,2026-08-27,11,28.889
los-angeles,2026-08-27,12,31.111
los-angeles,2026-08-27,13,31.111
los-angeles,2026-08-27,14,31.111
los-angeles,2026-08-27,15,31.111
los-angeles,2026-08-27,16,31.111
los-angeles,2026-08-27,17,31.111
los-angeles,2026-08-27,18,31.111
los-angeles,2026-08-27,19,31.111
los-angeles,2026-08-27,20,31.111
los-angeles,2026-08-27,21,31.111
los-angeles,2026-08-27,22,31.111
los-angeles,2026-08-27,23,31.111
los-angeles,2026-08-28,0,25.0
los-angeles,2026-08-28,1,25.0
los-angeles,2026-08-28,2,25.0
los-angeles,2026-08-28,3,25.0
los-angeles,2026-08-28,4,25.0
los-angeles,2026-08-28,5,25.0
los-angeles,2026-08-28,6,25.0
los-angeles,2026-08-28,7,25.556
los-angeles,2026-08-28,8,27.778
los-angeles,2026-08-28,9,28.889
los-angeles,2026-08-28,10,29.444
los-angeles,2026-08-28,11,29.444
los-angeles,2026-08-28,12,29.444
los-angeles,2026-08-28,13,29.444
los-angeles,2026-08-28,14,29.444
los-angeles,2026-08-28,15,29.444
los-angeles,2026-08-28,16,29.444
los-angeles,2026-08-28,17,29.444
los-angeles,2026-08-28,18,29.444
los-angeles,2026-08-28,19,29.444
los-angeles,2026-08-28,20,29.444
los-angeles,2026-08-28,21,29.444
los-angeles,2026-08-28,22,29.444
los-angeles,2026-08-28,23,29.444
los-angeles,2026-08-29,0,25.0
los-angeles,2026-08-29,1,25.0
los-angeles,2026-08-29,2,25.0
los-angeles,2026-08-29,3,25.0
los-angeles,2026-08-29,4,25.0
los-angeles,2026-08-29,5,25.0
los-angeles,2026-08-29,6,25.0
los-angeles,2026-08-29,7,25.0
los-angeles,2026-08-29,8,26.111
los-angeles,2026-08-29,9,27.778
los-angeles,2026-08-29,10,28.889
los-angeles,2026-08-29,11,29.444
los-angeles,2026-08-29,12,29.444
los-angeles,2026-08-29,13,29.444
los-angeles,2026-08-29,14,29.444
los-angeles,2026-08-29,15,29.444
los-angeles,2026-08-29,16,29.444
los-angeles,2026-08-29,17,29.444
los-angeles,2026-08-29,18,29.444
los-angeles,2026-08-29,19,29.444
los-angeles,2026-08-29,20,29.444
los-angeles,2026-08-29,21,29.444
los-angeles,2026-08-29,22,29.444
los-angeles,2026-08-29,23,29.444
los-angeles,2026-08-30,0,22.778
los-angeles,2026-08-30,1,22.778
los-angeles,2026-08-30,2,22.778
los-angeles,2026-08-30,3,22.778
los-angeles,2026-08-30,4,22.778
los-angeles,2026-08-30,5,22.778
los-angeles,2026-08-30,6,22.778
los-angeles,2026-08-30,7,23.333
los-angeles,2026-08-30,8,25.0
los-angeles,2026-08-30,9,26.667
los-angeles,2026-08-30,10,28.333
los-angeles,2026-08-30,11,28.333
los-angeles,2026-08-30,12,28.333
los-angeles,2026-08-30,13,28.333
los-angeles,2026-08-30,14,28.333
los-angeles,2026-08-30,15,28.333
los-angeles,2026-08-30,16,28.333
los-angeles,2026-08-30,17,28.333
los-angeles,2026-08-30,18,28.333
los-angeles,2026-08-30,19,28.333
los-angeles,2026-08-30,20,28.333
los-angeles,2026-08-30,21,28.333
los-angeles,2026-08-30,22,28.333
los-angeles,2026-08-30,23,28.333
los-angeles,2026-08-31,0,21.667
los-angeles,2026-08-31,1,21.667
los-angeles,2026-08-31,2,21.667
los-angeles,2026-08-31,3,21.667
los-angeles,2026-08-31,4,21.667
los-angeles,2026-08-31,5,21.667
los-angeles,2026-08-31,6,21.667
los-angeles,2026-08-31,7,22.222
los-angeles,2026-08-31,8,23.333
los-angeles,2026-08-31,9,24.444
los-angeles,2026-08-31,10,24.444
los-angeles,2026-08-31,11,25.556
los-angeles,2026-08-31,12,25.556
los-angeles,2026-08-31,13,25.556
los-angeles,2026-08-31,14,25.556
los-angeles,2026-08-31,15,25.556
los-angeles,2026-08-31,16,25.556
los-angeles,2026-08-31,17,25.556
los-angeles,2026-08-31,18,25.556
los-angeles,2026-08-31,19,25.556
los-angeles,2026-08-31,20,25.556
los-angeles,2026-08-31,21,25.556
los-angeles,2026-08-31,22,25.556
los-angeles,2026-08-31,23,25.556
los-angeles,2026-09-01,0,19.444
los-angeles,2026-09-01,1,19.444
los-angeles,2026-09-01,2,19.444
los-angeles,2026-09-01,3,19.444
los-angeles,2026-09-01,4,19.444
los-angeles,2026-09-01,5,19.444
los-angeles,2026-09-01,6,19.444
los-angeles,2026-09-01,7,20.0
los-angeles,2026-09-01,8,21.111
los-angeles,2026-09-01,9,21.667
los-angeles,2026-09-01,10,22.778
los-angeles,2026-09-01,11,23.889
los-angeles,2026-09-01,12,23.889
los-angeles,2026-09-01,13,23.889
los-angeles,2026-09-01,14,23.889
los-angeles,2026-09-01,15,23.889
los-angeles,2026-09-01,16,23.889
los-angeles,2026-09-01,17,23.889
los-angeles,2026-09-01,18,23.889
los-angeles,2026-09-01,19,23.889
los-angeles,2026-09-01,20,23.889
los-angeles,2026-09-01,21,23.889
los-angeles,2026-09-01,22,23.889
los-angeles,2026-09-01,23,23.889
los-angeles,2026-09-02,0,20.0
los-angeles,2026-09-02,1,20.0
los-angeles,2026-09-02,2,20.0
los-angeles,2026-09-02,3,20.0
los-angeles,2026-09-02,4,20.0
los-angeles,2026-09-02,5,20.0
los-angeles,2026-09-02,6,20.0
los-angeles,2026-09-02,7,20.0
los-angeles,2026-09-02,8,21.111
los-angeles,2026-09-02,9,22.778
los-angeles,2026-09-02,10,23.333
los-angeles,2026-09-02,11,23.889
los-angeles,2026-09-02,12,24.444
los-angeles,2026-09-02,13,24.444
los-angeles,2026-09-02,14,24.444
los-angeles,2026-09-02,15,24.444
los-angeles,2026-09-02,16,24.444
los-angeles,2026-09-02,17,24.444
los-angeles,2026-09-02,18,24.444
los-angeles,2026-09-02,19,24.444
los-angeles,2026-09-02,20,24.444
los-angeles,2026-09-02,21,24.444
los-angeles,2026-09-02,22,24.444
los-angeles,2026-09-02,23,24.444
los-angeles,2026-09-03,0,21.111
los-angeles,2026-09-03,1,21.111
los-angeles,2026-09-03,2,21.111
los-angeles,2026-09-03,3,21.111
los-angeles,2026-09-03,4,21.111
los-angeles,2026-09-03,5,21.111
los-angeles,2026-09-03,6,21.111
los-angeles,2026-09-03,7,21.111
los-angeles,2026-09-03,8,21.111
los-angeles,2026-09-03,9,22.222
los-angeles,2026-09-03,10,23.889
los-angeles,2026-09-03,11,24.444
los-angeles,2026-09-03,12,25.0
los-angeles,2026-09-03,13,25.0
los-angeles,2026-09-03,14,25.0
los-angeles,2026-09-03,15,25.0
los-angeles,2026-09-03,16,25.0
los-angeles,2026-09-03,17,25.0
los-angeles,2026-09-03,18,25.0
los-angeles,2026-09-03,19,25.0
los-angeles,2026-09-03,20,25.0
los-angeles,2026-09-03,21,25.0
los-angeles,2026-09-03,22,25.0
los-angeles,2026-09-03,23,25.0
los-angeles,2026-09-04,0,20.0
los-angeles,2026-09-04,1,20.0
los-angeles,2026-09-04,2,20.0
los-angeles,2026-09-04,3,20.0
los-angeles,2026-09-04,4,20.0
los-angeles,2026-09-04,5,20.0
los-angeles,2026-09-04,6,20.0
los-angeles,2026-09-04,7,20.556
los-angeles,2026-09-04,8,21.667
los-angeles,2026-09-04,9,22.778
los-angeles,2026-09-04,10,23.889
los-angeles,2026-09-04,11,25.0
los-angeles,2026-09-04,12,25.0
los-angeles,2026-09-04,13,25.0
los-angeles,2026-09-04,14,25.0
los-angeles,2026-09-04,15,25.0
los-angeles,2026-09-04,16,25.0
los-angeles,2026-09-04,17,25.0
los-angeles,2026-09-04,18,25.0
los-angeles,2026-09-04,19,25.0
los-angeles,2026-09-04,20,25.0
los-angeles,2026-09-04,21,25.0
los-angeles,2026-09-04,22,25.0
los-angeles,2026-09-04,23,25.0
los-angeles,2026-09-05,0,20.556
los-angeles,2026-09-05,1,20.556
los-angeles,2026-09-05,2,20.556
los-angeles,2026-09-05,3,20.556
los-angeles,2026-09-05,4,20.556
los-angeles,2026-09-05,5,20.556
los-angeles,2026-09-05,6,20.556
los-angeles,2026-09-05,7,20.556
los-angeles,2026-09-05,8,22.222
los-angeles,2026-09-05,9,23.889
los-angeles,2026-09-05,10,26.111
los-angeles,2026-09-05,11,26.667
los-angeles,2026-09-05,12,26.667
los-angeles,2026-09-05,13,26.667
los-angeles,2026-09-05,14,26.667
los-angeles,2026-09-05,15,26.667
los-angeles,2026-09-05,16,26.667
los-angeles,2026-09-05,17,26.667
los-angeles,2026-09-05,18,26.667
los-angeles,2026-09-05,19,26.667
los-angeles,2026-09-05,20,26.667
los-angeles,2026-09-05,21,26.667
los-angeles,2026-09-05,22,26.667
los-angeles,2026-09-05,23,26.667
los-angeles,2026-09-06,0,22.778
los-angeles,2026-09-06,1,22.778
los-angeles,2026-09-06,2,23.333
los-angeles,2026-09-06,3,23.889
los-angeles,2026-09-06,4,23.889
los-angeles,2026-09-06,5,23.889
los-angeles,2026-09-06,6,23.889
los-angeles,2026-09-06,7,23.889
los-angeles,2026-09-06,8,23.889
los-angeles,2026-09-06,9,23.889
los-angeles,2026-09-06,10,23.889
los-angeles,2026-09-06,11,23.889
los-angeles,2026-09-06,12,23.889
los-angeles,2026-09-06,13,23.889
los-angeles,2026-09-06,14,23.889
los-angeles,2026-09-06,15,23.889
los-angeles,2026-09-06,16,24.444
los-angeles,2026-09-06,17,24.444
los-angeles,2026-09-06,18,24.444
los-angeles,2026-09-06,19,24.444
los-angeles,2026-09-06,20,24.444
los-angeles,2026-09-06,21,24.444
los-angeles,2026-09-06,22,24.444
los-angeles,2026-09-06,23,24.444
los-angeles,2026-09-07,0,22.778
los-angeles,2026-09-07,1,22.778
los-angeles,2026-09-07,2,22.778
los-angeles,2026-09-07,3,22.778
los-angeles,2026-09-07,4,22.778
los-angeles,2026-09-07,5,22.778
los-angeles,2026-09-07,6,23.333
los-angeles,2026-09-07,7,24.444
los-angeles,2026-09-07,8,25.0
los-angeles,2026-09-07,9,26.111
los-angeles,2026-09-07,10,26.667
los-angeles,2026-09-07,11,28.333
los-angeles,2026-09-07,12,28.889
los-angeles,2026-09-07,13,28.889
los-angeles,2026-09-07,14,28.889
los-angeles,2026-09-07,15,28.889
los-angeles,2026-09-07,16,28.889
los-angeles,2026-09-07,17,28.889
los-angeles,2026-09-07,18,28.889
los-angeles,2026-09-07,19,28.889
los-angeles,2026-09-07,20,28.889
los-angeles,2026-09-07,21,28.889
los-angeles,2026-09-07,22,28.889
los-angeles,2026-09-07,23,28.889
los-angeles,2026-09-08,0,25.0
los-angeles,2026-09-08,1,25.0
los-angeles,2026-09-08,2,25.0
los-angeles,2026-09-08,3,25.0
los-angeles,2026-09-08,4,25.0
los-angeles,2026-09-08,5,25.0
los-angeles,2026-09-08,6,25.0
los-angeles,2026-09-08,7,26.667
los-angeles,2026-09-08,8,27.778
los-angeles,2026-09-08,9,27.778
los-angeles,2026-09-08,10,27.778
los-angeles,2026-09-08,11,27.778
los-angeles,2026-09-08,12,29.444
los-angeles,2026-09-08,13,29.444
los-angeles,2026-09-08,14,29.444
los-angeles,2026-09-08,15,29.444
los-angeles,2026-09-08,16,32.222
los-angeles,2026-09-08,17,32.778
los-angeles,2026-09-08,18,32.778
los-angeles,2026-09-08,19,32.778
los-angeles,2026-09-08,20,32.778
los-angeles,2026-09-08,21,32.778
los-angeles,2026-09-08,22,32.778
los-angeles,2026-09-08,23,32.778
los-angeles,2026-09-09,0,27.222
los-angeles,2026-09-09,1,27.222
los-angeles,2026-09-09,2,27.222
los-angeles,2026-09-09,3,27.222
los-angeles,2026-09-09,4,27.222
los-angeles,2026-09-09,5,27.222
los-angeles,2026-09-09,6,27.222
los-angeles,2026-09-09,7,27.222
los-angeles,2026-09-09,8,30.556
los-angeles,2026-09-09,9,33.889
los-angeles,2026-09-09,10,36.111
los-angeles,2026-09-09,11,36.111
los-angeles,2026-09-09,12,36.111
los-angeles,2026-09-09,13,36.111
los-angeles,2026-09-09,14,36.111
los-angeles,2026-09-09,15,36.111
los-angeles,2026-09-09,16,36.111
los-angeles,2026-09-09,17,36.111
los-angeles,2026-09-09,18,36.111
los-angeles,2026-09-09,19,36.111
los-angeles,2026-09-09,20,36.111
los-angeles,2026-09-09,21,36.111
los-angeles,2026-09-09,22,36.111
los-angeles,2026-09-09,23,36.111
los-angeles,2026-09-10,0,26.667
los-angeles,2026-09-10,1,26.667
los-angeles,2026-09-10,2,26.667
los-angeles,2026-09-10,3,26.667
los-angeles,2026-09-10,4,26.667
los-angeles,2026-09-10,5,26.667
los-angeles,2026-09-10,6,26.667
los-angeles,2026-09-10,7,26.667
los-angeles,2026-09-10,8,28.333
los-angeles,2026-09-10,9,30.0
los-angeles,2026-09-10,10,31.667
los-angeles,2026-09-10,11,32.778
los-angeles,2026-09-10,12,32.778
los-angeles,2026-09-10,13,32.778
los-angeles,2026-09-10,14,32.778
los-angeles,2026-09-10,15,32.778
los-angeles,2026-09-10,16,32.778
los-angeles,2026-09-10,17,32.778
los-angeles,2026-09-10,18,32.778
los-angeles,2026-09-10,19,32.778
los-angeles,2026-09-10,20,32.778
los-angeles,2026-09-10,21,32.778
los-angeles,2026-09-10,22,32.778
los-angeles,2026-09-10,23,32.778
los-angeles,2026-09-11,0,23.889
los-angeles,2026-09-11,1,23.889
los-angeles,2026-09-11,2,23.889
los-angeles,2026-09-11,3,23.889
los-angeles,2026-09-11,4,23.889
los-angeles,2026-09-11,5,23.889
los-angeles,2026-09-11,6,23.889
los-angeles,2026-09-11,7,24.444
los-angeles,2026-09-11,8,26.667
los-angeles,2026-09-11,9,27.222
los-angeles,2026-09-11,10,29.444
los-angeles,2026-09-11,11,29.444
los-angeles,2026-09-11,12,29.444
los-angeles,2026-09-11,13,29.444
los-angeles,2026-09-11,14,29.444
los-angeles,2026-09-11,15,29.444
los-angeles,2026-09-11,16,29.444
los-angeles,2026-09-11,17,29.444
los-angeles,2026-09-11,18,29.444
los-angeles,2026-09-11,19,29.444
los-angeles,2026-09-11,20,29.444
los-angeles,2026-09-11,21,29.444
los-angeles,2026-09-11,22,29.444
los-angeles,2026-09-11,23,29.444
los-angeles,2026-09-12,0,22.778
los-angeles,2026-09-12,1,22.778
los-angeles,2026-09-12,2,22.778
los-angeles,2026-09-12,3,23.333
los-angeles,2026-09-12,4,23.333
los-angeles,2026-09-12,5,23.333
los-angeles,2026-09-12,6,23.333
los-angeles,2026-09-12,7,23.333
los-angeles,2026-09-12,8,25.0
los-angeles,2026-09-12,9,25.556
los-angeles,2026-09-12,10,27.222
los-angeles,2026-09-12,11,27.222
los-angeles,2026-09-12,12,27.222
los-angeles,2026-09-12,13,27.222
los-angeles,2026-09-12,14,27.222
los-angeles,2026-09-12,15,27.222
los-angeles,2026-09-12,16,27.222
los-angeles,2026-09-12,17,27.222
los-angeles,2026-09-12,18,27.222
los-angeles,2026-09-12,19,27.222
los-angeles,2026-09-12,20,27.222
los-angeles,2026-09-12,21,27.222
los-angeles,2026-09-12,22,27.222
los-angeles,2026-09-12,23,27.222
los-angeles,2026-09-13,0,21.667
los-angeles,2026-09-13,1,21.667
los-angeles,2026-09-13,2,21.667
los-angeles,2026-09-13,3,21.667
los-angeles,2026-09-13,4,21.667
los-angeles,2026-09-13,5,21.667
los-angeles,2026-09-13,6,22.222
los-angeles,2026-09-13,7,22.222
los-angeles,2026-09-13,8,22.778
los-angeles,2026-09-13,9,24.444
los-angeles,2026-09-13,10,24.444
los-angeles,2026-09-13,11,25.0
los-angeles,2026-09-13,12,25.556
los-angeles,2026-09-13,13,25.556
los-angeles,2026-09-13,14,25.556
los-angeles,2026-09-13,15,25.556
los-angeles,2026-09-13,16,25.556
los-angeles,2026-09-13,17,25.556
los-angeles,2026-09-13,18,25.556
los-angeles,2026-09-13,19,25.556
los-angeles,2026-09-13,20,25.556
los-angeles,2026-09-13,21,25.556
los-angeles,2026-09-13,22,25.556
los-angeles,2026-09-13,23,25.556
los-angeles,2026-09-14,0,21.111
los-angeles,2026-09-14,1,21.111
los-angeles,2026-09-14,2,21.111
los-angeles,2026-09-14,3,21.111
los-angeles,2026-09-14,4,21.111
los-angeles,2026-09-14,5,21.111
los-angeles,2026-09-14,6,21.667
los-angeles,2026-09-14,7,22.222
los-angeles,2026-09-14,8,22.778
los-angeles,2026-09-14,9,23.333
los-angeles,2026-09-14,10,25.0
los-angeles,2026-09-14,11,25.556
los-angeles,2026-09-14,12,25.556
los-angeles,2026-09-14,13,25.556
los-angeles,2026-09-14,14,25.556
los-angeles,2026-09-14,15,25.556
los-angeles,2026-09-14,16,25.556
los-angeles,2026-09-14,17,25.556
los-angeles,2026-09-14,18,25.556
los-angeles,2026-09-14,19,25.556
los-angeles,2026-09-14,20,25.556
los-angeles,2026-09-14,21,25.556
los-angeles,2026-09-14,22,25.556
los-angeles,2026-09-14,23,25.556
los-angeles,2026-09-15,0,21.111
los-angeles,2026-09-15,1,21.111
los-angeles,2026-09-15,2,21.111
los-angeles,2026-09-15,3,21.111
los-angeles,2026-09-15,4,21.111
los-angeles,2026-09-15,5,21.111
los-angeles,2026-09-15,6,21.667
los-angeles,2026-09-15,7,22.222
los-angeles,2026-09-15,8,22.778
los-angeles,2026-09-15,9,22.778
los-angeles,2026-09-15,10,24.444
los-angeles,2026-09-15,11,24.444
los-angeles,2026-09-15,12,25.556
los-angeles,2026-09-15,13,26.667
los-angeles,2026-09-15,14,26.667
los-angeles,2026-09-15,15,26.667
los-angeles,2026-09-15,16,26.667
los-angeles,2026-09-15,17,26.667
los-angeles,2026-09-15,18,26.667
los-angeles,2026-09-15,19,26.667
los-angeles,2026-09-15,20,26.667
los-angeles,2026-09-15,21,26.667
los-angeles,2026-09-15,22,26.667
los-angeles,2026-09-15,23,26.667
los-angeles,2026-09-16,0,21.667
los-angeles,2026-09-16,1,21.667
los-angeles,2026-09-16,2,21.667
los-angeles,2026-09-16,3,21.667
los-angeles,2026-09-16,4,21.667
los-angeles,2026-09-16,5,21.667
los-angeles,2026-09-16,6,21.667
los-angeles,2026-09-16,7,21.667
los-angeles,2026-09-16,8,22.222
los-angeles,2026-09-16,9,23.333
los-angeles,2026-09-16,10,23.889
los-angeles,2026-09-16,11,25.556
los-angeles,2026-09-16,12,25.556
los-angeles,2026-09-16,13,25.556
los-angeles,2026-09-16,14,25.556
los-angeles,2026-09-16,15,25.556
los-angeles,2026-09-16,16,25.556
los-angeles,2026-09-16,17,25.556
los-angeles,2026-09-16,18,25.556
los-angeles,2026-09-16,19,25.556
los-angeles,2026-09-16,20,25.556
los-angeles,2026-09-16,21,25.556
los-angeles,2026-09-16,22,25.556
los-angeles,2026-09-16,23,25.556
los-angeles,2026-09-17,0,20.556
los-angeles,2026-09-17,1,20.556
los-angeles,2026-09-17,2,20.556
los-angeles,2026-09-17,3,20.556
los-angeles,2026-09-17,4,20.556
los-angeles,2026-09-17,5,21.111
los-angeles,2026-09-17,6,21.111
los-angeles,2026-09-17,7,21.111
los-angeles,2026-09-17,8,22.222
los-angeles,2026-09-17,9,22.222
los-angeles,2026-09-17,10,22.222
los-angeles,2026-09-17,11,23.889
los-angeles,2026-09-17,12,24.444
los-angeles,2026-09-17,13,24.444
los-angeles,2026-09-17,14,24.444
los-angeles,2026-09-17,15,24.444
los-angeles,2026-09-17,16,24.444
los-angeles,2026-09-17,17,24.444
los-angeles,2026-09-17,18,24.444
los-angeles,2026-09-17,19,24.444
los-angeles,2026-09-17,20,24.444
los-angeles,2026-09-17,21,24.444
los-angeles,2026-09-17,22,24.444
los-angeles,2026-09-17,23,24.444
los-angeles,2026-09-18,0,20.556
los-angeles,2026-09-18,1,20.556
los-angeles,2026-09-18,2,20.556
los-angeles,2026-09-18,3,20.556
los-angeles,2026-09-18,4,20.556
los-angeles,2026-09-18,5,20.556
los-angeles,2026-09-18,6,20.556
los-angeles,2026-09-18,7,20.556
los-angeles,2026-09-18,8,21.667
los-angeles,2026-09-18,9,23.333
los-angeles,2026-09-18,10,23.333
los-angeles,2026-09-18,11,24.444
los-angeles,2026-09-18,12,24.444
los-angeles,2026-09-18,13,24.444
los-angeles,2026-09-18,14,24.444
los-angeles,2026-09-18,15,24.444
los-angeles,2026-09-18,16,24.444
los-angeles,2026-09-18,17,24.444
los-angeles,2026-09-18,18,24.444
los-angeles,2026-09-18,19,24.444
los-angeles,2026-09-18,20,24.444
los-angeles,2026-09-18,21,24.444
los-angeles,2026-09-18,22,24.444
los-angeles,2026-09-18,23,24.444
los-angeles,2026-09-19,0,20.556
los-angeles,2026-09-19,1,20.556
los-angeles,2026-09-19,2,20.556
los-angeles,2026-09-19,3,20.556
los-angeles,2026-09-19,4,20.556
los-angeles,2026-09-19,5,20.556
los-angeles,2026-09-19,6,20.556
los-angeles,2026-09-19,7,20.556
los-angeles,2026-09-19,8,21.667
los-angeles,2026-09-19,9,22.222
los-angeles,2026-09-19,10,23.333
los-angeles,2026-09-19,11,23.889
los-angeles,2026-09-19,12,24.444
los-angeles,2026-09-19,13,25.0
los-angeles,2026-09-19,14,25.0
los-angeles,2026-09-19,15,25.0
los-angeles,2026-09-19,16,25.0
los-angeles,2026-09-19,17,25.0
los-angeles,2026-09-19,18,25.0
los-angeles,2026-09-19,19,25.0
los-angeles,2026-09-19,20,25.0
los-angeles,2026-09-19,21,25.0
los-angeles,2026-09-19,22,25.0
los-angeles,2026-09-19,23,25.0
los-angeles,2026-09-20,0,20.556
los-angeles,2026-09-20,1,20.556
los-angeles,2026-09-20,2,20.556
los-angeles,2026-09-20,3,20.556
los-angeles,2026-09-20,4,20.556
los-angeles,2026-09-20,5,20.556
los-angeles,2026-09-20,6,21.111
los-angeles,2026-09-20,7,21.111
los-angeles,2026-09-20,8,21.667
los-angeles,2026-09-20,9,21.667
los-angeles,2026-09-20,10,22.222
los-angeles,2026-09-20,11,23.333
los-angeles,2026-09-20,12,25.0
los-angeles,2026-09-20,13,25.0
los-angeles,2026-09-20,14,25.0
los-angeles,2026-09-20,15,25.0
los-angeles,2026-09-20,16,25.0
los-angeles,2026-09-20,17,25.0
los-angeles,2026-09-20,18,25.0
los-angeles,2026-09-20,19,25.0
los-angeles,2026-09-20,20,25.0
los-angeles,2026-09-20,21,25.0
los-angeles,2026-09-20,22,25.0
los-angeles,2026-09-20,23,25.0
los-angeles,2026-09-21,0,20.0
los-angeles,2026-09-21,1,20.0
los-angeles,2026-09-21,2,20.556
los-angeles,2026-09-21,3,20.556
los-angeles,2026-09-21,4,20.556
los-angeles,2026-09-21,5,20.556
los-angeles,2026-09-21,6,20.556
los-angeles,2026-09-21,7,20.556
los-angeles,2026-09-21,8,21.111
los-angeles,2026-09-21,9,22.778
los-angeles,2026-09-21,10,23.889
los-angeles,2026-09-21,11,23.889
los-angeles,2026-09-21,12,23.889
los-angeles,2026-09-21,13,25.0
los-angeles,2026-09-21,14,25.0
los-angeles,2026-09-21,15,25.0
los-angeles,2026-09-21,16,25.0
los-angeles,2026-09-21,17,25.0
los-angeles,2026-09-21,18,25.0
los-angeles,2026-09-21,19,25.0
los-angeles,2026-09-21,20,25.0
los-angeles,2026-09-21,21,25.0
los-angeles,2026-09-21,22,25.0
los-angeles,2026-09-21,23,25.0
los-angeles,2026-09-22,0,20.556
los-angeles,2026-09-22,1,20.556
los-angeles,2026-09-22,2,20.556
los-angeles,2026-09-22,3,20.556
los-angeles,2026-09-22,4,20.556
los-angeles,2026-09-22,5,20.556
los-angeles,2026-09-22,6,20.556
los-angeles,2026-09-22,7,20.556
los-angeles,2026-09-22,8,21.667
los-angeles,2026-09-22,9,22.778
los-angeles,2026-09-22,10,22.778
los-angeles,2026-09-22,11,24.444
los-angeles,2026-09-22,12,24.444
los-angeles,2026-09-22,13,24.444
los-angeles,2026-09-22,14,24.444
los-angeles,2026-09-22,15,24.444
los-angeles,2026-09-22,16,24.444
los-angeles,2026-09-22,17,24.444
los-angeles,2026-09-22,18,24.444
los-angeles,2026-09-22,19,24.444
los-angeles,2026-09-22,20,24.444
los-angeles,2026-09-22,21,24.444
los-angeles,2026-09-22,22,24.444
los-angeles,2026-09-22,23,24.444
los-angeles,2026-09-23,0,20.0
los-angeles,2026-09-23,1,20.0
los-angeles,2026-09-23,2,20.0
los-angeles,2026-09-23,3,20.0
los-angeles,2026-09-23,4,20.0
los-angeles,2026-09-23,5,20.0
los-angeles,2026-09-23,6,20.0
los-angeles,2026-09-23,7,20.556
los-angeles,2026-09-23,8,22.222
los-angeles,2026-09-23,9,23.889
los-angeles,2026-09-23,10,25.0
los-angeles,2026-09-23,11,25.0
los-angeles,2026-09-23,12,25.0
los-angeles,2026-09-23,13,25.0
los-angeles,2026-09-23,14,25.0
los-angeles,2026-09-23,15,25.0
los-angeles,2026-09-23,16,25.0
los-angeles,2026-09-23,17,25.0
los-angeles,2026-09-23,18,25.0
los-angeles,2026-09-23,19,25.0
los-angeles,2026-09-23,20,25.0
los-angeles,2026-09-23,21,25.0
los-angeles,2026-09-23,22,25.0
los-angeles,2026-09-23,23,25.0
los-angeles,2026-09-24,0,22.222
los-angeles,2026-09-24,1,22.222
los-angeles,2026-09-24,2,22.222
los-angeles,2026-09-24,3,22.222
los-angeles,2026-09-24,4,22.222
los-angeles,2026-09-24,5,22.222
los-angeles,2026-09-24,6,22.222
los-angeles,2026-09-24,7,22.222
los-angeles,2026-09-24,8,22.778
los-angeles,2026-09-24,9,22.778
los-angeles,2026-09-24,10,23.889
los-angeles,2026-09-24,11,24.444
los-angeles,2026-09-24,12,25.0
los-angeles,2026-09-24,13,25.0
los-angeles,2026-09-24,14,25.0
los-angeles,2026-09-24,15,25.0
los-angeles,2026-09-24,16,25.0
los-angeles,2026-09-24,17,25.0
los-angeles,2026-09-24,18,25.0
los-angeles,2026-09-24,19,25.0
los-angeles,2026-09-24,20,25.0
los-angeles,2026-09-24,21,25.0
los-angeles,2026-09-24,22,25.0
los-angeles,2026-09-24,23,25.0
san-francisco,2026-05-25,0,13.333
san-francisco,2026-05-25,1,13.333
san-francisco,2026-05-25,2,13.333
san-francisco,2026-05-25,3,13.333
san-francisco,2026-05-25,4,13.333
san-francisco,2026-05-25,5,13.333
san-francisco,2026-05-25,6,13.333
san-francisco,2026-05-25,7,13.333
san-francisco,2026-05-25,8,13.333
san-francisco,2026-05-25,9,13.333
san-francisco,2026-05-25,10,15.556
san-francisco,2026-05-25,11,15.556
san-francisco,2026-05-25,12,18.333
san-francisco,2026-05-25,13,18.333
san-francisco,2026-05-25,14,18.333
san-francisco,2026-05-25,15,18.333
san-francisco,2026-05-25,16,18.333
san-francisco,2026-05-25,17,18.333
san-francisco,2026-05-25,18,18.333
san-francisco,2026-05-25,19,18.333
san-francisco,2026-05-25,20,18.333
san-francisco,2026-05-25,21,18.333
san-francisco,2026-05-25,22,18.333
san-francisco,2026-05-25,23,18.333
san-francisco,2026-05-26,0,13.889
san-francisco,2026-05-26,1,13.889
san-francisco,2026-05-26,2,13.889
san-francisco,2026-05-26,3,13.889
san-francisco,2026-05-26,4,13.889
san-francisco,2026-05-26,5,13.889
san-francisco,2026-05-26,6,13.889
san-francisco,2026-05-26,7,13.889
san-francisco,2026-05-26,8,13.889
san-francisco,2026-05-26,9,13.889
san-francisco,2026-05-26,10,13.889
san-francisco,2026-05-26,11,16.111
san-francisco,2026-05-26,12,16.667
san-francisco,2026-05-26,13,17.222
san-francisco,2026-05-26,14,17.222
san-francisco,2026-05-26,15,17.222
san-francisco,2026-05-26,16,17.222
san-francisco,2026-05-26,17,17.222
san-francisco,2026-05-26,18,17.222
san-francisco,2026-05-26,19,17.222
san-francisco,2026-05-26,20,17.222
san-francisco,2026-05-26,21,17.222
san-francisco,2026-05-26,22,17.222
san-francisco,2026-05-26,23,17.222
san-francisco,2026-05-27,0,11.667
san-francisco,2026-05-27,1,11.667
san-francisco,2026-05-27,2,11.667
san-francisco,2026-05-27,3,11.667
san-francisco,2026-05-27,4,11.667
san-francisco,2026-05-27,5,11.667
san-francisco,2026-05-27,6,11.667
san-francisco,2026-05-27,7,11.667
san-francisco,2026-05-27,8,15.0
san-francisco,2026-05-27,9,15.556
san-francisco,2026-05-27,10,16.667
san-francisco,2026-05-27,11,17.222
san-francisco,2026-05-27,12,18.889
san-francisco,2026-05-27,13,19.444
san-francisco,2026-05-27,14,20.0
san-francisco,2026-05-27,15,20.0
san-francisco,2026-05-27,16,20.0
san-francisco,2026-05-27,17,20.0
san-francisco,2026-05-27,18,20.0
san-francisco,2026-05-27,19,20.0
san-francisco,2026-05-27,20,20.0
san-francisco,2026-05-27,21,20.0
san-francisco,2026-05-27,22,20.0
san-francisco,2026-05-27,23,20.0
san-francisco,2026-05-28,0,13.333
san-francisco,2026-05-28,1,13.333
san-francisco,2026-05-28,2,13.333
san-francisco,2026-05-28,3,13.333
san-francisco,2026-05-28,4,13.333
san-francisco,2026-05-28,5,13.333
san-francisco,2026-05-28,6,13.333
san-francisco,2026-05-28,7,13.333
san-francisco,2026-05-28,8,13.889
san-francisco,2026-05-28,9,13.889
san-francisco,2026-05-28,10,15.0
san-francisco,2026-05-28,11,16.667
san-francisco,2026-05-28,12,17.222
san-francisco,2026-05-28,13,17.222
san-francisco,2026-05-28,14,17.222
san-francisco,2026-05-28,15,18.333
san-francisco,2026-05-28,16,18.889
san-francisco,2026-05-28,17,18.889
san-francisco,2026-05-28,18,18.889
san-francisco,2026-05-28,19,18.889
san-francisco,2026-05-28,20,18.889
san-francisco,2026-05-28,21,18.889
san-francisco,2026-05-28,22,18.889
san-francisco,2026-05-28,23,18.889
san-francisco,2026-05-29,0,14.444
san-francisco,2026-05-29,1,14.444
san-francisco,2026-05-29,2,14.444
san-francisco,2026-05-29,3,14.444
san-francisco,2026-05-29,4,14.444
san-francisco,2026-05-29,5,14.444
san-francisco,2026-05-29,6,14.444
san-francisco,2026-05-29,7,14.444
san-francisco,2026-05-29,8,14.444
san-francisco,2026-05-29,9,14.444
san-francisco,2026-05-29,10,15.556
san-francisco,2026-05-29,11,16.111
san-francisco,2026-05-29,12,16.111
san-francisco,2026-05-29,13,16.111
san-francisco,2026-05-29,14,16.111
san-francisco,2026-05-29,15,16.111
san-francisco,2026-05-29,16,16.111
san-francisco,2026-05-29,17,16.111
san-francisco,2026-05-29,18,16.111
san-francisco,2026-05-29,19,16.111
san-francisco,2026-05-29,20,16.111
san-francisco,2026-05-29,21,16.111
san-francisco,2026-05-29,22,16.111
san-francisco,2026-05-29,23,16.111
san-francisco,2026-05-30,0,12.778
san-francisco,2026-05-30,1,12.778
san-francisco,2026-05-30,2,12.778
san-francisco,2026-05-30,3,12.778
san-francisco,2026-05-30,4,12.778
san-francisco,2026-05-30,5,12.778
san-francisco,2026-05-30,6,12.778
san-francisco,2026-05-30,7,13.333
san-francisco,2026-05-30,8,14.444
san-francisco,2026-05-30,9,15.556
san-francisco,2026-05-30,10,16.111
san-francisco,2026-05-30,11,16.111
san-francisco,2026-05-30,12,17.778
san-francisco,2026-05-30,13,18.333
san-francisco,2026-05-30,14,18.333
san-francisco,2026-05-30,15,18.333
san-francisco,2026-05-30,16,18.333
san-francisco,2026-05-30,17,18.333
san-francisco,2026-05-30,18,18.333
san-francisco,2026-05-30,19,18.333
san-francisco,2026-05-30,20,18.333
san-francisco,2026-05-30,21,18.333
san-francisco,2026-05-30,22,18.333
san-francisco,2026-05-30,23,18.333
san-francisco,2026-05-31,0,11.111
san-francisco,2026-05-31,1,11.111
san-francisco,2026-05-31,2,11.111
san-francisco,2026-05-31,3,11.111
san-francisco,2026-05-31,4,11.111
san-francisco,2026-05-31,5,11.111
san-francisco,2026-05-31,6,12.222
san-francisco,2026-05-31,7,13.889
san-francisco,2026-05-31,8,15.0
san-francisco,2026-05-31,9,16.111
san-francisco,2026-05-31,10,17.778
san-francisco,2026-05-31,11,18.889
san-francisco,2026-05-31,12,21.667
san-francisco,2026-05-31,13,21.667
san-francisco,2026-05-31,14,21.667
san-francisco,2026-05-31,15,21.667
san-francisco,2026-05-31,16,21.667
san-francisco,2026-05-31,17,21.667
san-francisco,2026-05-31,18,21.667
san-francisco,2026-05-31,19,21.667
san-francisco,2026-05-31,20,21.667
san-francisco,2026-05-31,21,21.667
san-francisco,2026-05-31,22,21.667
san-francisco,2026-05-31,23,21.667
san-francisco,2026-06-01,0,12.222
san-francisco,2026-06-01,1,12.222
san-francisco,2026-06-01,2,12.222
san-francisco,2026-06-01,3,12.222
san-francisco,2026-06-01,4,12.222
san-francisco,2026-06-01,5,12.222
san-francisco,2026-06-01,6,12.778
san-francisco,2026-06-01,7,15.0
san-francisco,2026-06-01,8,16.667
san-francisco,2026-06-01,9,18.889
san-francisco,2026-06-01,10,20.0
san-francisco,2026-06-01,11,21.111
san-francisco,2026-06-01,12,21.111
san-francisco,2026-06-01,13,21.111
san-francisco,2026-06-01,14,21.111
san-francisco,2026-06-01,15,21.111
san-francisco,2026-06-01,16,21.111
san-francisco,2026-06-01,17,21.111
san-francisco,2026-06-01,18,21.111
san-francisco,2026-06-01,19,21.111
san-francisco,2026-06-01,20,21.111
san-francisco,2026-06-01,21,21.111
san-francisco,2026-06-01,22,21.111
san-francisco,2026-06-01,23,21.111
san-francisco,2026-06-02,0,12.222
san-francisco,2026-06-02,1,12.222
san-francisco,2026-06-02,2,12.222
san-francisco,2026-06-02,3,12.222
san-francisco,2026-06-02,4,12.222
san-francisco,2026-06-02,5,12.222
san-francisco,2026-06-02,6,12.222
san-francisco,2026-06-02,7,13.333
san-francisco,2026-06-02,8,15.0
san-francisco,2026-06-02,9,16.111
san-francisco,2026-06-02,10,17.222
san-francisco,2026-06-02,11,17.778
san-francisco,2026-06-02,12,18.889
san-francisco,2026-06-02,13,18.889
san-francisco,2026-06-02,14,18.889
san-francisco,2026-06-02,15,18.889
san-francisco,2026-06-02,16,18.889
san-francisco,2026-06-02,17,18.889
san-francisco,2026-06-02,18,18.889
san-francisco,2026-06-02,19,18.889
san-francisco,2026-06-02,20,18.889
san-francisco,2026-06-02,21,18.889
san-francisco,2026-06-02,22,18.889
san-francisco,2026-06-02,23,18.889
san-francisco,2026-06-03,0,12.778
san-francisco,2026-06-03,1,12.778
san-francisco,2026-06-03,2,12.778
san-francisco,2026-06-03,3,12.778
san-francisco,2026-06-03,4,12.778
san-francisco,2026-06-03,5,12.778
san-francisco,2026-06-03,6,12.778
san-francisco,2026-06-03,7,13.333
san-francisco,2026-06-03,8,13.333
san-francisco,2026-06-03,9,15.556
san-francisco,2026-06-03,10,16.667
san-francisco,2026-06-03,11,17.222
san-francisco,2026-06-03,12,18.889
san-francisco,2026-06-03,13,20.0
san-francisco,2026-06-03,14,20.556
san-francisco,2026-06-03,15,21.111
san-francisco,2026-06-03,16,21.111
san-francisco,2026-06-03,17,21.111
san-francisco,2026-06-03,18,21.111
san-francisco,2026-06-03,19,21.111
san-francisco,2026-06-03,20,21.111
san-francisco,2026-06-03,21,21.111
san-francisco,2026-06-03,22,21.111
san-francisco,2026-06-03,23,21.111
san-francisco,2026-06-04,0,12.778
san-francisco,2026-06-04,1,12.778
san-francisco,2026-06-04,2,12.778
san-francisco,2026-06-04,3,12.778
san-francisco,2026-06-04,4,12.778
san-francisco,2026-06-04,5,12.778
san-francisco,2026-06-04,6,12.778
san-francisco,2026-06-04,7,14.444
san-francisco,2026-06-04,8,15.556
san-francisco,2026-06-04,9,17.222
san-francisco,2026-06-04,10,18.333
san-francisco,2026-06-04,11,18.889
san-francisco,2026-06-04,12,18.889
san-francisco,2026-06-04,13,18.889
san-francisco,2026-06-04,14,18.889
san-francisco,2026-06-04,15,18.889
san-francisco,2026-06-04,16,18.889
san-francisco,2026-06-04,17,18.889
san-francisco,2026-06-04,18,18.889
san-francisco,2026-06-04,19,18.889
san-francisco,2026-06-04,20,18.889
san-francisco,2026-06-04,21,18.889
san-francisco,2026-06-04,22,18.889
san-francisco,2026-06-04,23,18.889
san-francisco,2026-06-05,0,12.778
san-francisco,2026-06-05,1,12.778
san-francisco,2026-06-05,2,12.778
san-francisco,2026-06-05,3,12.778
san-francisco,2026-06-05,4,12.778
san-francisco,2026-06-05,5,12.778
san-francisco,2026-06-05,6,12.778
san-francisco,2026-06-05,7,14.444
san-francisco,2026-06-05,8,16.111
san-francisco,2026-06-05,9,17.778
san-francisco,2026-06-05,10,20.0
san-francisco,2026-06-05,11,20.0
san-francisco,2026-06-05,12,20.556
san-francisco,2026-06-05,13,21.111
san-francisco,2026-06-05,14,21.111
san-francisco,2026-06-05,15,21.111
san-francisco,2026-06-05,16,21.111
san-francisco,2026-06-05,17,21.111
san-francisco,2026-06-05,18,21.111
san-francisco,2026-06-05,19,21.111
san-francisco,2026-06-05,20,21.111
san-francisco,2026-06-05,21,21.111
san-francisco,2026-06-05,22,21.111
san-francisco,2026-06-05,23,21.111
san-francisco,2026-06-06,0,12.778
san-francisco,2026-06-06,1,12.778
san-francisco,2026-06-06,2,12.778
san-francisco,2026-06-06,3,12.778
san-francisco,2026-06-06,4,12.778
san-francisco,2026-06-06,5,12.778
san-francisco,2026-06-06,6,12.778
san-francisco,2026-06-06,7,13.333
san-francisco,2026-06-06,8,14.444
san-francisco,2026-06-06,9,15.0
san-francisco,2026-06-06,10,16.667
san-francisco,2026-06-06,11,17.222
san-francisco,2026-06-06,12,17.222
san-francisco,2026-06-06,13,17.222
san-francisco,2026-06-06,14,17.222
san-francisco,2026-06-06,15,17.222
san-francisco,2026-06-06,16,17.222
san-francisco,2026-06-06,17,17.222
san-francisco,2026-06-06,18,17.222
san-francisco,2026-06-06,19,17.222
san-francisco,2026-06-06,20,17.222
san-francisco,2026-06-06,21,17.222
san-francisco,2026-06-06,22,17.222
san-francisco,2026-06-06,23,17.222
san-francisco,2026-06-07,0,11.111
san-francisco,2026-06-07,1,11.111
san-francisco,2026-06-07,2,11.111
san-francisco,2026-06-07,3,11.111
san-francisco,2026-06-07,4,11.111
san-francisco,2026-06-07,5,11.111
san-francisco,2026-06-07,6,11.111
san-francisco,2026-06-07,7,12.778
san-francisco,2026-06-07,8,13.889
san-francisco,2026-06-07,9,15.0
san-francisco,2026-06-07,10,16.667
san-francisco,2026-06-07,11,18.889
san-francisco,2026-06-07,12,19.444
san-francisco,2026-06-07,13,19.444
san-francisco,2026-06-07,14,19.444
san-francisco,2026-06-07,15,19.444
san-francisco,2026-06-07,16,19.444
san-francisco,2026-06-07,17,19.444
san-francisco,2026-06-07,18,19.444
san-francisco,2026-06-07,19,19.444
san-francisco,2026-06-07,20,19.444
san-francisco,2026-06-07,21,19.444
san-francisco,2026-06-07,22,19.444
san-francisco,2026-06-07,23,19.444
san-francisco,2026-06-08,0,11.667
san-francisco,2026-06-08,1,11.667
san-francisco,2026-06-08,2,11.667
san-francisco,2026-06-08,3,11.667
san-francisco,2026-06-08,4,11.667
san-francisco,2026-06-08,5,11.667
san-francisco,2026-06-08,6,12.222
san-francisco,2026-06-08,7,13.333
san-francisco,2026-06-08,8,13.889
san-francisco,2026-06-08,9,15.556
san-francisco,2026-06-08,10,16.111
san-francisco,2026-06-08,11,17.222
san-francisco,2026-06-08,12,17.778
san-francisco,2026-06-08,13,17.778
san-francisco,2026-06-08,14,17.778
san-francisco,2026-06-08,15,17.778
san-francisco,2026-06-08,16,17.778
san-francisco,2026-06-08,17,17.778
san-francisco,2026-06-08,18,17.778
san-francisco,2026-06-08,19,17.778
san-francisco,2026-06-08,20,17.778
san-francisco,2026-06-08,21,17.778
san-francisco,2026-06-08,22,17.778
san-francisco,2026-06-08,23,17.778
san-francisco,2026-06-09,0,15.0
san-francisco,2026-06-09,1,15.556
san-francisco,2026-06-09,2,15.556
san-francisco,2026-06-09,3,15.556
san-francisco,2026-06-09,4,15.556
san-francisco,2026-06-09,5,15.556
san-francisco,2026-06-09,6,15.556
san-francisco,2026-06-09,7,16.111
san-francisco,2026-06-09,8,16.667
san-francisco,2026-06-09,9,18.889
san-francisco,2026-06-09,10,18.889
san-francisco,2026-06-09,11,19.444
san-francisco,2026-06-09,12,19.444
san-francisco,2026-06-09,13,19.444
san-francisco,2026-06-09,14,19.444
san-francisco,2026-06-09,15,19.444
san-francisco,2026-06-09,16,19.444
san-francisco,2026-06-09,17,19.444
san-francisco,2026-06-09,18,19.444
san-francisco,2026-06-09,19,19.444
san-francisco,2026-06-09,20,19.444
san-francisco,2026-06-09,21,19.444
san-francisco,2026-06-09,22,19.444
san-francisco,2026-06-09,23,19.444
san-francisco,2026-06-10,0,12.778
san-francisco,2026-06-10,1,12.778
san-francisco,2026-06-10,2,12.778
san-francisco,2026-06-10,3,12.778
san-francisco,2026-06-10,4,12.778
san-francisco,2026-06-10,5,12.778
san-francisco,2026-06-10,6,13.889
san-francisco,2026-06-10,7,16.111
san-francisco,2026-06-10,8,17.778
san-francisco,2026-06-10,9,18.889
san-francisco,2026-06-10,10,20.0
san-francisco,2026-06-10,11,21.667
san-francisco,2026-06-10,12,26.111
san-francisco,2026-06-10,13,26.111
san-francisco,2026-06-10,14,26.111
san-francisco,2026-06-10,15,26.111
san-francisco,2026-06-10,16,26.111
san-francisco,2026-06-10,17,26.111
san-francisco,2026-06-10,18,26.111
san-francisco,2026-06-10,19,26.111
san-francisco,2026-06-10,20,26.111
san-francisco,2026-06-10,21,26.111
san-francisco,2026-06-10,22,26.111
san-francisco,2026-06-10,23,26.111
san-francisco,2026-06-11,0,16.111
san-francisco,2026-06-11,1,16.667
san-francisco,2026-06-11,2,16.667
san-francisco,2026-06-11,3,16.667
san-francisco,2026-06-11,4,16.667
san-francisco,2026-06-11,5,16.667
san-francisco,2026-06-11,6,17.778
san-francisco,2026-06-11,7,19.444
san-francisco,2026-06-11,8,20.0
san-francisco,2026-06-11,9,21.111
san-francisco,2026-06-11,10,21.667
san-francisco,2026-06-11,11,26.111
san-francisco,2026-06-11,12,32.222
san-francisco,2026-06-11,13,32.222
san-francisco,2026-06-11,14,32.222
san-francisco,2026-06-11,15,32.222
san-francisco,2026-06-11,16,32.222
san-francisco,2026-06-11,17,32.222
san-francisco,2026-06-11,18,32.222
san-francisco,2026-06-11,19,32.222
san-francisco,2026-06-11,20,32.222
san-francisco,2026-06-11,21,32.222
san-francisco,2026-06-11,22,32.222
san-francisco,2026-06-11,23,32.222
san-francisco,2026-06-12,0,15.556
san-francisco,2026-06-12,1,15.556
san-francisco,2026-06-12,2,15.556
san-francisco,2026-06-12,3,15.556
san-francisco,2026-06-12,4,15.556
san-francisco,2026-06-12,5,15.556
san-francisco,2026-06-12,6,15.556
san-francisco,2026-06-12,7,16.667
san-francisco,2026-06-12,8,18.333
san-francisco,2026-06-12,9,18.889
san-francisco,2026-06-12,10,20.0
san-francisco,2026-06-12,11,21.667
san-francisco,2026-06-12,12,21.667
san-francisco,2026-06-12,13,21.667
san-francisco,2026-06-12,14,21.667
san-francisco,2026-06-12,15,21.667
san-francisco,2026-06-12,16,21.667
san-francisco,2026-06-12,17,21.667
san-francisco,2026-06-12,18,21.667
san-francisco,2026-06-12,19,21.667
san-francisco,2026-06-12,20,21.667
san-francisco,2026-06-12,21,21.667
san-francisco,2026-06-12,22,21.667
san-francisco,2026-06-12,23,21.667
san-francisco,2026-06-13,0,13.333
san-francisco,2026-06-13,1,13.333
san-francisco,2026-06-13,2,13.333
san-francisco,2026-06-13,3,13.333
san-francisco,2026-06-13,4,13.333
san-francisco,2026-06-13,5,13.889
san-francisco,2026-06-13,6,13.889
san-francisco,2026-06-13,7,14.444
san-francisco,2026-06-13,8,15.556
san-francisco,2026-06-13,9,17.222
san-francisco,2026-06-13,10,17.778
san-francisco,2026-06-13,11,18.889
san-francisco,2026-06-13,12,19.444
san-francisco,2026-06-13,13,21.667
san-francisco,2026-06-13,14,21.667
san-francisco,2026-06-13,15,21.667
san-francisco,2026-06-13,16,21.667
san-francisco,2026-06-13,17,21.667
san-francisco,2026-06-13,18,21.667
san-francisco,2026-06-13,19,21.667
san-francisco,2026-06-13,20,21.667
san-francisco,2026-06-13,21,21.667
san-francisco,2026-06-13,22,21.667
san-francisco,2026-06-13,23,21.667
san-francisco,2026-06-14,0,15.556
san-francisco,2026-06-14,1,15.556
san-francisco,2026-06-14,2,15.556
san-francisco,2026-06-14,3,15.556
san-francisco,2026-06-14,4,15.556
san-francisco,2026-06-14,5,15.556
san-francisco,2026-06-14,6,15.556
san-francisco,2026-06-14,7,16.111
san-francisco,2026-06-14,8,17.222
san-francisco,2026-06-14,9,18.333
san-francisco,2026-06-14,10,18.889
san-francisco,2026-06-14,11,19.444
san-francisco,2026-06-14,12,20.556
san-francisco,2026-06-14,13,22.222
san-francisco,2026-06-14,14,23.889
san-francisco,2026-06-14,15,23.889
san-francisco,2026-06-14,16,23.889
san-francisco,2026-06-14,17,23.889
san-francisco,2026-06-14,18,23.889
san-francisco,2026-06-14,19,23.889
san-francisco,2026-06-14,20,23.889
san-francisco,2026-06-14,21,23.889
san-francisco,2026-06-14,22,23.889
san-francisco,2026-06-14,23,23.889
san-francisco,2026-06-15,0,15.0
san-francisco,2026-06-15,1,15.0
san-francisco,2026-06-15,2,15.0
san-francisco,2026-06-15,3,15.0
san-francisco,2026-06-15,4,15.0
san-francisco,2026-06-15,5,15.0
san-francisco,2026-06-15,6,15.0
san-francisco,2026-06-15,7,15.556
san-francisco,2026-06-15,8,16.667
san-francisco,2026-06-15,9,17.778
san-francisco,2026-06-15,10,18.889
san-francisco,2026-06-15,11,20.0
san-francisco,2026-06-15,12,20.0
san-francisco,2026-06-15,13,20.0
san-francisco,2026-06-15,14,20.0
san-francisco,2026-06-15,15,20.0
san-francisco,2026-06-15,16,20.0
san-francisco,2026-06-15,17,20.0
san-francisco,2026-06-15,18,20.0
san-francisco,2026-06-15,19,20.0
san-francisco,2026-06-15,20,20.0
san-francisco,2026-06-15,21,20.0
san-francisco,2026-06-15,22,20.0
san-francisco,2026-06-15,23,20.0
san-francisco,2026-06-16,0,14.444
san-francisco,2026-06-16,1,14.444
san-francisco,2026-06-16,2,14.444
san-francisco,2026-06-16,3,14.444
san-francisco,2026-06-16,4,14.444
san-francisco,2026-06-16,5,14.444
san-francisco,2026-06-16,6,14.444
san-francisco,2026-06-16,7,15.556
san-francisco,2026-06-16,8,16.111
san-francisco,2026-06-16,9,17.778
san-francisco,2026-06-16,10,19.444
san-francisco,2026-06-16,11,19.444
san-francisco,2026-06-16,12,21.111
san-francisco,2026-06-16,13,21.111
san-francisco,2026-06-16,14,21.111
san-francisco,2026-06-16,15,21.111
san-francisco,2026-06-16,16,21.111
san-francisco,2026-06-16,17,21.111
san-francisco,2026-06-16,18,21.111
san-francisco,2026-06-16,19,21.111
san-francisco,2026-06-16,20,21.111
san-francisco,2026-06-16,21,21.111
san-francisco,2026-06-16,22,21.111
san-francisco,2026-06-16,23,21.111
san-francisco,2026-06-17,0,15.0
san-francisco,2026-06-17,1,15.556
san-francisco,2026-06-17,2,15.556
san-francisco,2026-06-17,3,15.556
san-francisco,2026-06-17,4,15.556
san-francisco,2026-06-17,5,15.556
san-francisco,2026-06-17,6,15.556
san-francisco,2026-06-17,7,16.111
san-francisco,2026-06-17,8,16.667
san-francisco,2026-06-17,9,18.333
san-francisco,2026-06-17,10,19.444
san-francisco,2026-06-17,11,20.0
san-francisco,2026-06-17,12,20.556
san-francisco,2026-06-17,13,20.556
san-francisco,2026-06-17,14,22.222
san-francisco,2026-06-17,15,22.222
san-francisco,2026-06-17,16,22.222
san-francisco,2026-06-17,17,22.222
san-francisco,2026-06-17,18,22.222
san-francisco,2026-06-17,19,22.222
san-francisco,2026-06-17,20,22.222
san-francisco,2026-06-17,21,22.222
san-francisco,2026-06-17,22,22.222
san-francisco,2026-06-17,23,22.222
san-francisco,2026-06-18,0,15.556
san-francisco,2026-06-18,1,15.556
san-francisco,2026-06-18,2,15.556
san-francisco,2026-06-18,3,15.556
san-francisco,2026-06-18,4,15.556
san-francisco,2026-06-18,5,15.556
san-francisco,2026-06-18,6,15.556
san-francisco,2026-06-18,7,16.667
san-francisco,2026-06-18,8,17.778
san-francisco,2026-06-18,9,18.889
san-francisco,2026-06-18,10,19.444
san-francisco,2026-06-18,11,21.111
san-francisco,2026-06-18,12,21.667
san-francisco,2026-06-18,13,21.667
san-francisco,2026-06-18,14,21.667
san-francisco,2026-06-18,15,21.667
san-francisco,2026-06-18,16,21.667
san-francisco,2026-06-18,17,21.667
san-francisco,2026-06-18,18,21.667
san-francisco,2026-06-18,19,21.667
san-francisco,2026-06-18,20,21.667
san-francisco,2026-06-18,21,21.667
san-francisco,2026-06-18,22,21.667
san-francisco,2026-06-18,23,21.667
san-francisco,2026-06-19,0,16.111
san-francisco,2026-06-19,1,16.667
san-francisco,2026-06-19,2,16.667
san-francisco,2026-06-19,3,16.667
san-francisco,2026-06-19,4,16.667
san-francisco,2026-06-19,5,16.667
san-francisco,2026-06-19,6,16.667
san-francisco,2026-06-19,7,16.667
san-francisco,2026-06-19,8,17.222
san-francisco,2026-06-19,9,17.222
san-francisco,2026-06-19,10,17.778
san-francisco,2026-06-19,11,18.889
san-francisco,2026-06-19,12,20.0
san-francisco,2026-06-19,13,21.111
san-francisco,2026-06-19,14,21.111
san-francisco,2026-06-19,15,21.111
san-francisco,2026-06-19,16,21.111
san-francisco,2026-06-19,17,21.111
san-francisco,2026-06-19,18,21.111
san-francisco,2026-06-19,19,21.111
san-francisco,2026-06-19,20,21.111
san-francisco,2026-06-19,21,21.111
san-francisco,2026-06-19,22,21.111
san-francisco,2026-06-19,23,21.111
san-francisco,2026-06-20,0,16.667
san-francisco,2026-06-20,1,17.222
san-francisco,2026-06-20,2,17.222
san-francisco,2026-06-20,3,17.222
san-francisco,2026-06-20,4,17.222
san-francisco,2026-06-20,5,17.222
san-francisco,2026-06-20,6,17.222
san-francisco,2026-06-20,7,17.222
san-francisco,2026-06-20,8,17.778
san-francisco,2026-06-20,9,18.889
san-francisco,2026-06-20,10,19.444
san-francisco,2026-06-20,11,21.111
san-francisco,2026-06-20,12,21.667
san-francisco,2026-06-20,13,21.667
san-francisco,2026-06-20,14,21.667
san-francisco,2026-06-20,15,21.667
san-francisco,2026-06-20,16,21.667
san-francisco,2026-06-20,17,21.667
san-francisco,2026-06-20,18,21.667
san-francisco,2026-06-20,19,21.667
san-francisco,2026-06-20,20,21.667
san-francisco,2026-06-20,21,21.667
san-francisco,2026-06-20,22,21.667
san-francisco,2026-06-20,23,21.667
san-francisco,2026-06-21,0,15.0
san-francisco,2026-06-21,1,15.0
san-francisco,2026-06-21,2,15.0
san-francisco,2026-06-21,3,15.0
san-francisco,2026-06-21,4,15.0
san-francisco,2026-06-21,5,15.0
san-francisco,2026-06-21,6,15.0
san-francisco,2026-06-21,7,15.0
san-francisco,2026-06-21,8,15.0
san-francisco,2026-06-21,9,15.556
san-francisco,2026-06-21,10,17.222
san-francisco,2026-06-21,11,18.333
san-francisco,2026-06-21,12,19.444
san-francisco,2026-06-21,13,20.556
san-francisco,2026-06-21,14,20.556
san-francisco,2026-06-21,15,20.556
san-francisco,2026-06-21,16,20.556
san-francisco,2026-06-21,17,20.556
san-francisco,2026-06-21,18,20.556
san-francisco,2026-06-21,19,20.556
san-francisco,2026-06-21,20,20.556
san-francisco,2026-06-21,21,20.556
san-francisco,2026-06-21,22,20.556
san-francisco,2026-06-21,23,20.556
san-francisco,2026-06-22,0,13.889
san-francisco,2026-06-22,1,13.889
san-francisco,2026-06-22,2,13.889
san-francisco,2026-06-22,3,13.889
san-francisco,2026-06-22,4,13.889
san-francisco,2026-06-22,5,13.889
san-francisco,2026-06-22,6,13.889
san-francisco,2026-06-22,7,13.889
san-francisco,2026-06-22,8,13.889
san-francisco,2026-06-22,9,16.111
san-francisco,2026-06-22,10,17.222
san-francisco,2026-06-22,11,17.222
san-francisco,2026-06-22,12,17.778
san-francisco,2026-06-22,13,18.889
san-francisco,2026-06-22,14,18.889
san-francisco,2026-06-22,15,18.889
san-francisco,2026-06-22,16,18.889
san-francisco,2026-06-22,17,18.889
san-francisco,2026-06-22,18,18.889
san-francisco,2026-06-22,19,18.889
san-francisco,2026-06-22,20,18.889
san-francisco,2026-06-22,21,18.889
san-francisco,2026-06-22,22,18.889
san-francisco,2026-06-22,23,18.889
san-francisco,2026-06-23,0,13.889
san-francisco,2026-06-23,1,13.889
san-francisco,2026-06-23,2,13.889
san-francisco,2026-06-23,3,13.889
san-francisco,2026-06-23,4,13.889
san-francisco,2026-06-23,5,13.889
san-francisco,2026-06-23,6,13.889
san-francisco,2026-06-23,7,13.889
san-francisco,2026-06-23,8,14.444
san-francisco,2026-06-23,9,15.0
san-francisco,2026-06-23,10,16.667
san-francisco,2026-06-23,11,17.778
san-francisco,2026-06-23,12,19.444
san-francisco,2026-06-23,13,20.0
san-francisco,2026-06-23,14,20.556
san-francisco,2026-06-23,15,20.556
san-francisco,2026-06-23,16,20.556
san-francisco,2026-06-23,17,20.556
san-francisco,2026-06-23,18,20.556
san-francisco,2026-06-23,19,20.556
san-francisco,2026-06-23,20,20.556
san-francisco,2026-06-23,21,20.556
san-francisco,2026-06-23,22,20.556
san-francisco,2026-06-23,23,20.556
san-francisco,2026-06-24,0,12.778
san-francisco,2026-06-24,1,12.778
san-francisco,2026-06-24,2,12.778
san-francisco,2026-06-24,3,13.333
san-francisco,2026-06-24,4,13.333
san-francisco,2026-06-24,5,13.333
san-francisco,2026-06-24,6,13.333
san-francisco,2026-06-24,7,13.889
san-francisco,2026-06-24,8,15.0
san-francisco,2026-06-24,9,16.667
san-francisco,2026-06-24,10,17.778
san-francisco,2026-06-24,11,19.444
san-francisco,2026-06-24,12,21.111
san-francisco,2026-06-24,13,21.111
san-francisco,2026-06-24,14,21.111
san-francisco,2026-06-24,15,21.111
san-francisco,2026-06-24,16,21.111
san-francisco,2026-06-24,17,21.111
san-francisco,2026-06-24,18,21.111
san-francisco,2026-06-24,19,21.111
san-francisco,2026-06-24,20,21.111
san-francisco,2026-06-24,21,21.111
san-francisco,2026-06-24,22,21.111
san-francisco,2026-06-24,23,21.111
san-francisco,2026-06-25,0,13.889
san-francisco,2026-06-25,1,13.889
san-francisco,2026-06-25,2,13.889
san-francisco,2026-06-25,3,13.889
san-francisco,2026-06-25,4,13.889
san-francisco,2026-06-25,5,14.444
san-francisco,2026-06-25,6,14.444
san-francisco,2026-06-25,7,14.444
san-francisco,2026-06-25,8,16.111
san-francisco,2026-06-25,9,16.667
san-francisco,2026-06-25,10,18.333
san-francisco,2026-06-25,11,19.444
san-francisco,2026-06-25,12,20.556
san-francisco,2026-06-25,13,20.556
san-francisco,2026-06-25,14,20.556
san-francisco,2026-06-25,15,20.556
san-francisco,2026-06-25,16,20.556
san-francisco,2026-06-25,17,20.556
san-francisco,2026-06-25,18,20.556
san-francisco,2026-06-25,19,20.556
san-francisco,2026-06-25,20,20.556
san-francisco,2026-06-25,21,20.556
san-francisco,2026-06-25,22,20.556
san-francisco,2026-06-25,23,20.556
san-francisco,2026-06-26,0,13.889
san-francisco,2026-06-26,1,13.889
san-francisco,2026-06-26,2,13.889
san-francisco,2026-06-26,3,14.444
san-francisco,2026-06-26,4,14.444
san-francisco,2026-06-26,5,14.444
san-francisco,2026-06-26,6,14.444
san-francisco,2026-06-26,7,15.0
san-francisco,2026-06-26,8,16.667
san-francisco,2026-06-26,9,16.667
san-francisco,2026-06-26,10,17.778
san-francisco,2026-06-26,11,18.889
san-francisco,2026-06-26,12,20.0
san-francisco,2026-06-26,13,20.0
san-francisco,2026-06-26,14,20.0
san-francisco,2026-06-26,15,20.0
san-francisco,2026-06-26,16,20.0
san-francisco,2026-06-26,17,20.0
san-francisco,2026-06-26,18,20.0
san-francisco,2026-06-26,19,20.0
san-francisco,2026-06-26,20,20.0
san-francisco,2026-06-26,21,20.0
san-francisco,2026-06-26,22,20.0
san-francisco,2026-06-26,23,20.0
san-francisco,2026-06-27,0,15.0
san-francisco,2026-06-27,1,15.556
san-francisco,2026-06-27,2,15.556
san-francisco,2026-06-27,3,15.556
san-francisco,2026-06-27,4,15.556
san-francisco,2026-06-27,5,15.556
san-francisco,2026-06-27,6,15.556
san-francisco,2026-06-27,7,15.556
san-francisco,2026-06-27,8,16.111
san-francisco,2026-06-27,9,17.778
san-francisco,2026-06-27,10,17.778
san-francisco,2026-06-27,11,18.333
san-francisco,2026-06-27,12,18.333
san-francisco,2026-06-27,13,18.889
san-francisco,2026-06-27,14,18.889
san-francisco,2026-06-27,15,18.889
san-francisco,2026-06-27,16,18.889
san-francisco,2026-06-27,17,18.889
san-francisco,2026-06-27,18,18.889
san-francisco,2026-06-27,19,18.889
san-francisco,2026-06-27,20,18.889
san-francisco,2026-06-27,21,18.889
san-francisco,2026-06-27,22,18.889
san-francisco,2026-06-27,23,18.889
san-francisco,2026-06-28,0,13.889
san-francisco,2026-06-28,1,13.889
san-francisco,2026-06-28,2,13.889
san-francisco,2026-06-28,3,13.889
san-francisco,2026-06-28,4,13.889
san-francisco,2026-06-28,5,13.889
san-francisco,2026-06-28,6,13.889
san-francisco,2026-06-28,7,15.0
san-francisco,2026-06-28,8,16.111
san-francisco,2026-06-28,9,17.222
san-francisco,2026-06-28,10,18.333
san-francisco,2026-06-28,11,22.778
san-francisco,2026-06-28,12,22.778
san-francisco,2026-06-28,13,22.778
san-francisco,2026-06-28,14,22.778
san-francisco,2026-06-28,15,22.778
san-francisco,2026-06-28,16,22.778
san-francisco,2026-06-28,17,22.778
san-francisco,2026-06-28,18,22.778
san-francisco,2026-06-28,19,22.778
san-francisco,2026-06-28,20,22.778
san-francisco,2026-06-28,21,22.778
san-francisco,2026-06-28,22,22.778
san-francisco,2026-06-28,23,22.778
san-francisco,2026-06-29,0,13.889
san-francisco,2026-06-29,1,13.889
san-francisco,2026-06-29,2,13.889
san-francisco,2026-06-29,3,13.889
san-francisco,2026-06-29,4,13.889
san-francisco,2026-06-29,5,13.889
san-francisco,2026-06-29,6,13.889
san-francisco,2026-06-29,7,15.556
san-francisco,2026-06-29,8,16.111
san-francisco,2026-06-29,9,17.222
san-francisco,2026-06-29,10,18.333
san-francisco,2026-06-29,11,18.889
san-francisco,2026-06-29,12,21.667
san-francisco,2026-06-29,13,22.222
san-francisco,2026-06-29,14,22.222
san-francisco,2026-06-29,15,22.778
san-francisco,2026-06-29,16,22.778
san-francisco,2026-06-29,17,22.778
san-francisco,2026-06-29,18,22.778
san-francisco,2026-06-29,19,22.778
san-francisco,2026-06-29,20,22.778
san-francisco,2026-06-29,21,22.778
san-francisco,2026-06-29,22,22.778
san-francisco,2026-06-29,23,22.778
san-francisco,2026-06-30,0,14.444
san-francisco,2026-06-30,1,14.444
san-francisco,2026-06-30,2,14.444
san-francisco,2026-06-30,3,14.444
san-francisco,2026-06-30,4,14.444
san-francisco,2026-06-30,5,14.444
san-francisco,2026-06-30,6,14.444
san-francisco,2026-06-30,7,15.0
san-francisco,2026-06-30,8,16.111
san-francisco,2026-06-30,9,17.778
san-francisco,2026-06-30,10,18.889
san-francisco,2026-06-30,11,19.444
san-francisco,2026-06-30,12,20.0
san-francisco,2026-06-30,13,20.556
san-francisco,2026-06-30,14,22.222
san-francisco,2026-06-30,15,22.222
san-francisco,2026-06-30,16,22.222
san-francisco,2026-06-30,17,22.222
san-francisco,2026-06-30,18,22.222
san-francisco,2026-06-30,19,22.222
san-francisco,2026-06-30,20,22.222
san-francisco,2026-06-30,21,22.222
san-francisco,2026-06-30,22,22.222
san-francisco,2026-06-30,23,22.222
san-francisco,2026-07-01,0,13.333
san-francisco,2026-07-01,1,13.333
san-francisco,2026-07-01,2,13.333
san-francisco,2026-07-01,3,13.333
san-francisco,2026-07-01,4,13.333
san-francisco,2026-07-01,5,13.333
san-francisco,2026-07-01,6,13.333
san-francisco,2026-07-01,7,14.444
san-francisco,2026-07-01,8,16.111
san-francisco,2026-07-01,9,16.667
san-francisco,2026-07-01,10,18.333
san-francisco,2026-07-01,11,18.889
san-francisco,2026-07-01,12,19.444
san-francisco,2026-07-01,13,20.556
san-francisco,2026-07-01,14,20.556
san-francisco,2026-07-01,15,21.111
san-francisco,2026-07-01,16,21.111
san-francisco,2026-07-01,17,21.111
san-francisco,2026-07-01,18,21.111
san-francisco,2026-07-01,19,21.111
san-francisco,2026-07-01,20,21.111
san-francisco,2026-07-01,21,21.111
san-francisco,2026-07-01,22,21.111
san-francisco,2026-07-01,23,21.111
san-francisco,2026-07-02,0,14.444
san-francisco,2026-07-02,1,14.444
san-francisco,2026-07-02,2,14.444
san-francisco,2026-07-02,3,14.444
san-francisco,2026-07-02,4,14.444
san-francisco,2026-07-02,5,14.444
san-francisco,2026-07-02,6,14.444
san-francisco,2026-07-02,7,15.556
san-francisco,2026-07-02,8,16.111
san-francisco,2026-07-02,9,17.222
san-francisco,2026-07-02,10,18.333
san-francisco,2026-07-02,11,18.889
san-francisco,2026-07-02,12,18.889
san-francisco,2026-07-02,13,20.556
san-francisco,2026-07-02,14,21.111
san-francisco,2026-07-02,15,21.111
san-francisco,2026-07-02,16,21.111
san-francisco,2026-07-02,17,21.111
san-francisco,2026-07-02,18,21.111
san-francisco,2026-07-02,19,21.111
san-francisco,2026-07-02,20,21.111
san-francisco,2026-07-02,21,21.111
san-francisco,2026-07-02,22,21.111
san-francisco,2026-07-02,23,21.111
san-francisco,2026-07-03,0,13.333
san-francisco,2026-07-03,1,13.889
san-francisco,2026-07-03,2,13.889
san-francisco,2026-07-03,3,13.889
san-francisco,2026-07-03,4,13.889
san-francisco,2026-07-03,5,13.889
san-francisco,2026-07-03,6,14.444
san-francisco,2026-07-03,7,15.0
san-francisco,2026-07-03,8,16.111
san-francisco,2026-07-03,9,17.222
san-francisco,2026-07-03,10,17.778
san-francisco,2026-07-03,11,18.889
san-francisco,2026-07-03,12,20.0
san-francisco,2026-07-03,13,20.556
san-francisco,2026-07-03,14,20.556
san-francisco,2026-07-03,15,20.556
san-francisco,2026-07-03,16,20.556
san-francisco,2026-07-03,17,20.556
san-francisco,2026-07-03,18,20.556
san-francisco,2026-07-03,19,20.556
san-francisco,2026-07-03,20,20.556
san-francisco,2026-07-03,21,20.556
san-francisco,2026-07-03,22,20.556
san-francisco,2026-07-03,23,20.556
san-francisco,2026-07-04,0,12.778
san-francisco,2026-07-04,1,12.778
san-francisco,2026-07-04,2,12.778
san-francisco,2026-07-04,3,12.778
san-francisco,2026-07-04,4,12.778
san-francisco,2026-07-04,5,12.778
san-francisco,2026-07-04,6,13.333
san-francisco,2026-07-04,7,13.889
san-francisco,2026-07-04,8,14.444
san-francisco,2026-07-04,9,16.111
san-francisco,2026-07-04,10,17.222
san-francisco,2026-07-04,11,18.889
san-francisco,2026-07-04,12,19.444
san-francisco,2026-07-04,13,20.0
san-francisco,2026-07-04,14,20.0
san-francisco,2026-07-04,15,20.0
san-francisco,2026-07-04,16,20.0
san-francisco,2026-07-04,17,20.0
san-francisco,2026-07-04,18,20.0
san-francisco,2026-07-04,19,20.0
san-francisco,2026-07-04,20,20.0
san-francisco,2026-07-04,21,20.0
san-francisco,2026-07-04,22,20.0
san-francisco,2026-07-04,23,20.0
san-francisco,2026-07-05,0,13.333
san-francisco,2026-07-05,1,13.333
san-francisco,2026-07-05,2,13.333
san-francisco,2026-07-05,3,13.889
san-francisco,2026-07-05,4,13.889
san-francisco,2026-07-05,5,13.889
san-francisco,2026-07-05,6,13.889
san-francisco,2026-07-05,7,13.889
san-francisco,2026-07-05,8,15.556
san-francisco,2026-07-05,9,17.222
san-francisco,2026-07-05,10,18.333
san-francisco,2026-07-05,11,20.0
san-francisco,2026-07-05,12,20.0
san-francisco,2026-07-05,13,20.0
san-francisco,2026-07-05,14,20.0
san-francisco,2026-07-05,15,20.0
san-francisco,2026-07-05,16,20.0
san-francisco,2026-07-05,17,20.0
san-francisco,2026-07-05,18,20.0
san-francisco,2026-07-05,19,20.0
san-francisco,2026-07-05,20,20.0
san-francisco,2026-07-05,21,20.0
san-francisco,2026-07-05,22,20.0
san-francisco,2026-07-05,23,20.0
san-francisco,2026-07-06,0,14.444
san-francisco,2026-07-06,1,14.444
san-francisco,2026-07-06,2,14.444
san-francisco,2026-07-06,3,14.444
san-francisco,2026-07-06,4,14.444
san-francisco,2026-07-06,5,14.444
san-francisco,2026-07-06,6,14.444
san-francisco,2026-07-06,7,15.0
san-francisco,2026-07-06,8,15.556
san-francisco,2026-07-06,9,17.222
san-francisco,2026-07-06,10,17.222
san-francisco,2026-07-06,11,18.889
san-francisco,2026-07-06,12,18.889
san-francisco,2026-07-06,13,19.444
san-francisco,2026-07-06,14,19.444
san-francisco,2026-07-06,15,19.444
san-francisco,2026-07-06,16,19.444
san-francisco,2026-07-06,17,19.444
san-francisco,2026-07-06,18,19.444
san-francisco,2026-07-06,19,19.444
san-francisco,2026-07-06,20,19.444
san-francisco,2026-07-06,21,19.444
san-francisco,2026-07-06,22,19.444
san-francisco,2026-07-06,23,19.444
san-francisco,2026-07-07,0,13.333
san-francisco,2026-07-07,1,13.333
san-francisco,2026-07-07,2,13.333
san-francisco,2026-07-07,3,13.333
san-francisco,2026-07-07,4,13.333
san-francisco,2026-07-07,5,13.333
san-francisco,2026-07-07,6,13.333
san-francisco,2026-07-07,7,13.889
san-francisco,2026-07-07,8,13.889
san-francisco,2026-07-07,9,13.889
san-francisco,2026-07-07,10,14.444
san-francisco,2026-07-07,11,15.556
san-francisco,2026-07-07,12,15.556
san-francisco,2026-07-07,13,16.667
san-francisco,2026-07-07,14,16.667
san-francisco,2026-07-07,15,16.667
san-francisco,2026-07-07,16,16.667
san-francisco,2026-07-07,17,16.667
san-francisco,2026-07-07,18,16.667
san-francisco,2026-07-07,19,16.667
san-francisco,2026-07-07,20,16.667
san-francisco,2026-07-07,21,16.667
san-francisco,2026-07-07,22,16.667
san-francisco,2026-07-07,23,16.667
san-francisco,2026-07-08,0,13.333
san-francisco,2026-07-08,1,13.333
san-francisco,2026-07-08,2,13.333
san-francisco,2026-07-08,3,13.333
san-francisco,2026-07-08,4,13.333
san-francisco,2026-07-08,5,13.333
san-francisco,2026-07-08,6,13.333
san-francisco,2026-07-08,7,13.333
san-francisco,2026-07-08,8,13.333
san-francisco,2026-07-08,9,13.333
san-francisco,2026-07-08,10,13.889
san-francisco,2026-07-08,11,15.0
san-francisco,2026-07-08,12,16.667
san-francisco,2026-07-08,13,17.222
san-francisco,2026-07-08,14,17.778
san-francisco,2026-07-08,15,17.778
san-francisco,2026-07-08,16,17.778
san-francisco,2026-07-08,17,17.778
san-francisco,2026-07-08,18,17.778
san-francisco,2026-07-08,19,17.778
san-francisco,2026-07-08,20,17.778
san-francisco,2026-07-08,21,17.778
san-francisco,2026-07-08,22,17.778
san-francisco,2026-07-08,23,17.778
san-francisco,2026-07-09,0,13.333
san-francisco,2026-07-09,1,13.333
san-francisco,2026-07-09,2,13.333
san-francisco,2026-07-09,3,13.333
san-francisco,2026-07-09,4,13.333
san-francisco,2026-07-09,5,13.333
san-francisco,2026-07-09,6,13.333
san-francisco,2026-07-09,7,13.333
san-francisco,2026-07-09,8,13.889
san-francisco,2026-07-09,9,15.556
san-francisco,2026-07-09,10,16.667
san-francisco,2026-07-09,11,17.222
san-francisco,2026-07-09,12,19.444
san-francisco,2026-07-09,13,19.444
san-francisco,2026-07-09,14,19.444
san-francisco,2026-07-09,15,19.444
san-francisco,2026-07-09,16,19.444
san-francisco,2026-07-09,17,19.444
san-francisco,2026-07-09,18,19.444
san-francisco,2026-07-09,19,19.444
san-francisco,2026-07-09,20,19.444
san-francisco,2026-07-09,21,19.444
san-francisco,2026-07-09,22,19.444
san-francisco,2026-07-09,23,19.444
san-francisco,2026-07-10,0,13.333
san-francisco,2026-07-10,1,13.333
san-francisco,2026-07-10,2,13.333
san-francisco,2026-07-10,3,13.333
san-francisco,2026-07-10,4,13.333
san-francisco,2026-07-10,5,13.333
san-francisco,2026-07-10,6,13.333
san-francisco,2026-07-10,7,13.333
san-francisco,2026-07-10,8,14.444
san-francisco,2026-07-10,9,15.556
san-francisco,2026-07-10,10,15.556
san-francisco,2026-07-10,11,16.667
san-francisco,2026-07-10,12,17.222
san-francisco,2026-07-10,13,18.333
san-francisco,2026-07-10,14,18.333
san-francisco,2026-07-10,15,18.333
san-francisco,2026-07-10,16,18.333
san-francisco,2026-07-10,17,18.333
san-francisco,2026-07-10,18,18.333
san-francisco,2026-07-10,19,18.333
san-francisco,2026-07-10,20,18.333
san-francisco,2026-07-10,21,18.333
san-francisco,2026-07-10,22,18.333
san-francisco,2026-07-10,23,18.333
san-francisco,2026-07-11,0,12.778
san-francisco,2026-07-11,1,12.778
san-francisco,2026-07-11,2,12.778
san-francisco,2026-07-11,3,12.778
san-francisco,2026-07-11,4,12.778
san-francisco,2026-07-11,5,12.778
san-francisco,2026-07-11,6,12.778
san-francisco,2026-07-11,7,13.889
san-francisco,2026-07-11,8,15.556
san-francisco,2026-07-11,9,16.111
san-francisco,2026-07-11,10,16.667
san-francisco,2026-07-11,11,17.778
san-francisco,2026-07-11,12,17.778
san-francisco,2026-07-11,13,17.778
san-francisco,2026-07-11,14,19.444
san-francisco,2026-07-11,15,19.444
san-francisco,2026-07-11,16,19.444
san-francisco,2026-07-11,17,19.444
san-francisco,2026-07-11,18,19.444
san-francisco,2026-07-11,19,19.444
san-francisco,2026-07-11,20,19.444
san-francisco,2026-07-11,21,19.444
san-francisco,2026-07-11,22,19.444
san-francisco,2026-07-11,23,19.444
san-francisco,2026-07-12,0,14.444
san-francisco,2026-07-12,1,14.444
san-francisco,2026-07-12,2,15.0
san-francisco,2026-07-12,3,15.0
san-francisco,2026-07-12,4,15.0
san-francisco,2026-07-12,5,15.0
san-francisco,2026-07-12,6,15.0
san-francisco,2026-07-12,7,15.556
san-francisco,2026-07-12,8,16.111
san-francisco,2026-07-12,9,18.333
san-francisco,2026-07-12,10,18.333
san-francisco,2026-07-12,11,19.444
san-francisco,2026-07-12,12,21.111
san-francisco,2026-07-12,13,21.667
san-francisco,2026-07-12,14,22.222
san-francisco,2026-07-12,15,23.333
san-francisco,2026-07-12,16,23.333
san-francisco,2026-07-12,17,23.333
san-francisco,2026-07-12,18,23.333
san-francisco,2026-07-12,19,23.333
san-francisco,2026-07-12,20,23.333
san-francisco,2026-07-12,21,23.333
san-francisco,2026-07-12,22,23.333
san-francisco,2026-07-12,23,23.333
san-francisco,2026-07-13,0,16.111
san-francisco,2026-07-13,1,16.111
san-francisco,2026-07-13,2,16.111
san-francisco,2026-07-13,3,16.111
san-francisco,2026-07-13,4,16.111
san-francisco,2026-07-13,5,16.111
san-francisco,2026-07-13,6,16.111
san-francisco,2026-07-13,7,17.778
san-francisco,2026-07-13,8,20.556
san-francisco,2026-07-13,9,21.111
san-francisco,2026-07-13,10,21.111
san-francisco,2026-07-13,11,23.333
san-francisco,2026-07-13,12,23.333
san-francisco,2026-07-13,13,24.444
san-francisco,2026-07-13,14,24.444
san-francisco,2026-07-13,15,24.444
san-francisco,2026-07-13,16,24.444
san-francisco,2026-07-13,17,24.444
san-francisco,2026-07-13,18,24.444
san-francisco,2026-07-13,19,24.444
san-francisco,2026-07-13,20,24.444
san-francisco,2026-07-13,21,24.444
san-francisco,2026-07-13,22,24.444
san-francisco,2026-07-13,23,24.444
san-francisco,2026-07-14,0,16.111
san-francisco,2026-07-14,1,16.667
san-francisco,2026-07-14,2,16.667
san-francisco,2026-07-14,3,16.667
san-francisco,2026-07-14,4,16.667
san-francisco,2026-07-14,5,16.667
san-francisco,2026-07-14,6,16.667
san-francisco,2026-07-14,7,19.444
san-francisco,2026-07-14,8,20.0
san-francisco,2026-07-14,9,21.667
san-francisco,2026-07-14,10,21.667
san-francisco,2026-07-14,11,24.444
san-francisco,2026-07-14,12,26.111
san-francisco,2026-07-14,13,26.111
san-francisco,2026-07-14,14,26.111
san-francisco,2026-07-14,15,27.222
san-francisco,2026-07-14,16,27.222
san-francisco,2026-07-14,17,27.222
san-francisco,2026-07-14,18,27.222
san-francisco,2026-07-14,19,27.222
san-francisco,2026-07-14,20,27.222
san-francisco,2026-07-14,21,27.222
san-francisco,2026-07-14,22,27.222
san-francisco,2026-07-14,23,27.222
san-francisco,2026-07-15,0,17.222
san-francisco,2026-07-15,1,17.222
san-francisco,2026-07-15,2,17.222
san-francisco,2026-07-15,3,17.222
san-francisco,2026-07-15,4,17.222
san-francisco,2026-07-15,5,17.222
san-francisco,2026-07-15,6,17.222
san-francisco,2026-07-15,7,17.222
san-francisco,2026-07-15,8,18.889
san-francisco,2026-07-15,9,19.444
san-francisco,2026-07-15,10,20.556
san-francisco,2026-07-15,11,21.111
san-francisco,2026-07-15,12,21.111
san-francisco,2026-07-15,13,21.667
san-francisco,2026-07-15,14,22.778
san-francisco,2026-07-15,15,22.778
san-francisco,2026-07-15,16,22.778
san-francisco,2026-07-15,17,22.778
san-francisco,2026-07-15,18,22.778
san-francisco,2026-07-15,19,22.778
san-francisco,2026-07-15,20,22.778
san-francisco,2026-07-15,21,22.778
san-francisco,2026-07-15,22,22.778
san-francisco,2026-07-15,23,22.778
san-francisco,2026-07-16,0,15.0
san-francisco,2026-07-16,1,15.0
san-francisco,2026-07-16,2,15.0
san-francisco,2026-07-16,3,15.0
san-francisco,2026-07-16,4,15.0
san-francisco,2026-07-16,5,15.0
san-francisco,2026-07-16,6,15.0
san-francisco,2026-07-16,7,16.111
san-francisco,2026-07-16,8,16.667
san-francisco,2026-07-16,9,18.333
san-francisco,2026-07-16,10,18.889
san-francisco,2026-07-16,11,20.0
san-francisco,2026-07-16,12,20.556
san-francisco,2026-07-16,13,20.556
san-francisco,2026-07-16,14,20.556
san-francisco,2026-07-16,15,20.556
san-francisco,2026-07-16,16,20.556
san-francisco,2026-07-16,17,20.556
san-francisco,2026-07-16,18,20.556
san-francisco,2026-07-16,19,20.556
san-francisco,2026-07-16,20,20.556
san-francisco,2026-07-16,21,20.556
san-francisco,2026-07-16,22,20.556
san-francisco,2026-07-16,23,20.556
san-francisco,2026-07-17,0,13.889
san-francisco,2026-07-17,1,13.889
san-francisco,2026-07-17,2,13.889
san-francisco,2026-07-17,3,13.889
san-francisco,2026-07-17,4,13.889
san-francisco,2026-07-17,5,13.889
san-francisco,2026-07-17,6,13.889
san-francisco,2026-07-17,7,15.0
san-francisco,2026-07-17,8,15.0
san-francisco,2026-07-17,9,16.111
san-francisco,2026-07-17,10,17.222
san-francisco,2026-07-17,11,18.333
san-francisco,2026-07-17,12,18.889
san-francisco,2026-07-17,13,19.444
san-francisco,2026-07-17,14,19.444
san-francisco,2026-07-17,15,19.444
san-francisco,2026-07-17,16,19.444
san-francisco,2026-07-17,17,19.444
san-francisco,2026-07-17,18,19.444
san-francisco,2026-07-17,19,19.444
san-francisco,2026-07-17,20,19.444
san-francisco,2026-07-17,21,19.444
san-francisco,2026-07-17,22,19.444
san-francisco,2026-07-17,23,19.444
san-francisco,2026-07-18,0,14.444
san-francisco,2026-07-18,1,14.444
san-francisco,2026-07-18,2,14.444
san-francisco,2026-07-18,3,15.0
san-francisco,2026-07-18,4,15.0
san-francisco,2026-07-18,5,15.0
san-francisco,2026-07-18,6,15.0
san-francisco,2026-07-18,7,15.556
san-francisco,2026-07-18,8,15.556
san-francisco,2026-07-18,9,17.222
san-francisco,2026-07-18,10,18.889
san-francisco,2026-07-18,11,20.0
san-francisco,2026-07-18,12,21.111
san-francisco,2026-07-18,13,21.667
san-francisco,2026-07-18,14,21.667
san-francisco,2026-07-18,15,21.667
san-francisco,2026-07-18,16,21.667
san-francisco,2026-07-18,17,21.667
san-francisco,2026-07-18,18,21.667
san-francisco,2026-07-18,19,21.667
san-francisco,2026-07-18,20,21.667
san-francisco,2026-07-18,21,21.667
san-francisco,2026-07-18,22,21.667
san-francisco,2026-07-18,23,21.667
san-francisco,2026-07-19,0,13.333
san-francisco,2026-07-19,1,13.333
san-francisco,2026-07-19,2,13.333
san-francisco,2026-07-19,3,13.333
san-francisco,2026-07-19,4,13.333
san-francisco,2026-07-19,5,13.333
san-francisco,2026-07-19,6,13.333
san-francisco,2026-07-19,7,13.889
san-francisco,2026-07-19,8,15.0
san-francisco,2026-07-19,9,16.111
san-francisco,2026-07-19,10,17.222
san-francisco,2026-07-19,11,18.333
san-francisco,2026-07-19,12,18.333
san-francisco,2026-07-19,13,18.333
san-francisco,2026-07-19,14,18.333
san-francisco,2026-07-19,15,18.333
san-francisco,2026-07-19,16,18.333
san-francisco,2026-07-19,17,18.333
san-francisco,2026-07-19,18,18.333
san-francisco,2026-07-19,19,18.333
san-francisco,2026-07-19,20,18.333
san-francisco,2026-07-19,21,18.333
san-francisco,2026-07-19,22,18.333
san-francisco,2026-07-19,23,18.333
san-francisco,2026-07-20,0,15.556
san-francisco,2026-07-20,1,15.556
san-francisco,2026-07-20,2,15.556
san-francisco,2026-07-20,3,15.556
san-francisco,2026-07-20,4,15.556
san-francisco,2026-07-20,5,15.556
san-francisco,2026-07-20,6,15.556
san-francisco,2026-07-20,7,16.111
san-francisco,2026-07-20,8,17.222
san-francisco,2026-07-20,9,17.778
san-francisco,2026-07-20,10,17.778
san-francisco,2026-07-20,11,18.889
san-francisco,2026-07-20,12,18.889
san-francisco,2026-07-20,13,20.556
san-francisco,2026-07-20,14,20.556
san-francisco,2026-07-20,15,21.111
san-francisco,2026-07-20,16,21.111
san-francisco,2026-07-20,17,21.111
san-francisco,2026-07-20,18,21.111
san-francisco,2026-07-20,19,21.111
san-francisco,2026-07-20,20,21.111
san-francisco,2026-07-20,21,21.111
san-francisco,2026-07-20,22,21.111
san-francisco,2026-07-20,23,21.111
san-francisco,2026-07-21,0,16.667
san-francisco,2026-07-21,1,16.667
san-francisco,2026-07-21,2,16.667
san-francisco,2026-07-21,3,16.667
san-francisco,2026-07-21,4,17.778
san-francisco,2026-07-21,5,18.333
san-francisco,2026-07-21,6,18.889
san-francisco,2026-07-21,7,20.0
san-francisco,2026-07-21,8,21.111
san-francisco,2026-07-21,9,21.111
san-francisco,2026-07-21,10,21.667
san-francisco,2026-07-21,11,25.0
san-francisco,2026-07-21,12,25.556
san-francisco,2026-07-21,13,25.556
san-francisco,2026-07-21,14,25.556
san-francisco,2026-07-21,15,25.556
san-francisco,2026-07-21,16,32.778
san-francisco,2026-07-21,17,32.778
san-francisco,2026-07-21,18,32.778
san-francisco,2026-07-21,19,32.778
san-francisco,2026-07-21,20,32.778
san-francisco,2026-07-21,21,32.778
san-francisco,2026-07-21,22,32.778
san-francisco,2026-07-21,23,32.778
san-francisco,2026-07-22,0,21.111
san-francisco,2026-07-22,1,21.111
san-francisco,2026-07-22,2,21.111
san-francisco,2026-07-22,3,21.111
san-francisco,2026-07-22,4,21.111
san-francisco,2026-07-22,5,21.111
san-francisco,2026-07-22,6,21.111
san-francisco,2026-07-22,7,21.111
san-francisco,2026-07-22,8,21.111
san-francisco,2026-07-22,9,21.111
san-francisco,2026-07-22,10,21.667
san-francisco,2026-07-22,11,22.222
san-francisco,2026-07-22,12,22.778
san-francisco,2026-07-22,13,22.778
san-francisco,2026-07-22,14,22.778
san-francisco,2026-07-22,15,22.778
san-francisco,2026-07-22,16,22.778
san-francisco,2026-07-22,17,22.778
san-francisco,2026-07-22,18,22.778
san-francisco,2026-07-22,19,22.778
san-francisco,2026-07-22,20,22.778
san-francisco,2026-07-22,21,22.778
san-francisco,2026-07-22,22,22.778
san-francisco,2026-07-22,23,22.778
san-francisco,2026-07-23,0,16.667
san-francisco,2026-07-23,1,16.667
san-francisco,2026-07-23,2,16.667
san-francisco,2026-07-23,3,16.667
san-francisco,2026-07-23,4,16.667
san-francisco,2026-07-23,5,16.667
san-francisco,2026-07-23,6,16.667
san-francisco,2026-07-23,7,16.667
san-francisco,2026-07-23,8,16.667
san-francisco,2026-07-23,9,16.667
san-francisco,2026-07-23,10,17.222
san-francisco,2026-07-23,11,18.333
san-francisco,2026-07-23,12,20.0
san-francisco,2026-07-23,13,20.0
san-francisco,2026-07-23,14,20.556
san-francisco,2026-07-23,15,20.556
san-francisco,2026-07-23,16,20.556
san-francisco,2026-07-23,17,20.556
san-francisco,2026-07-23,18,20.556
san-francisco,2026-07-23,19,20.556
san-francisco,2026-07-23,20,20.556
san-francisco,2026-07-23,21,20.556
san-francisco,2026-07-23,22,20.556
san-francisco,2026-07-23,23,20.556
san-francisco,2026-07-24,0,16.111
san-francisco,2026-07-24,1,16.111
san-francisco,2026-07-24,2,16.111
san-francisco,2026-07-24,3,16.111
san-francisco,2026-07-24,4,16.111
san-francisco,2026-07-24,5,16.111
san-francisco,2026-07-24,6,16.111
san-francisco,2026-07-24,7,16.111
san-francisco,2026-07-24,8,17.222
san-francisco,2026-07-24,9,17.778
san-francisco,2026-07-24,10,19.444
san-francisco,2026-07-24,11,19.444
san-francisco,2026-07-24,12,20.0
san-francisco,2026-07-24,13,20.556
san-francisco,2026-07-24,14,21.111
san-francisco,2026-07-24,15,21.111
san-francisco,2026-07-24,16,21.111
san-francisco,2026-07-24,17,21.111
san-francisco,2026-07-24,18,21.111
san-francisco,2026-07-24,19,21.111
san-francisco,2026-07-24,20,21.111
san-francisco,2026-07-24,21,21.111
san-francisco,2026-07-24,22,21.111
san-francisco,2026-07-24,23,21.111
san-francisco,2026-07-25,0,16.111
san-francisco,2026-07-25,1,16.111
san-francisco,2026-07-25,2,16.111
san-francisco,2026-07-25,3,16.111
san-francisco,2026-07-25,4,16.111
san-francisco,2026-07-25,5,16.111
san-francisco,2026-07-25,6,16.111
san-francisco,2026-07-25,7,17.222
san-francisco,2026-07-25,8,18.333
san-francisco,2026-07-25,9,18.889
san-francisco,2026-07-25,10,19.444
san-francisco,2026-07-25,11,20.556
san-francisco,2026-07-25,12,21.111
san-francisco,2026-07-25,13,21.111
san-francisco,2026-07-25,14,21.111
san-francisco,2026-07-25,15,21.111
san-francisco,2026-07-25,16,21.111
san-francisco,2026-07-25,17,21.111
san-francisco,2026-07-25,18,21.111
san-francisco,2026-07-25,19,21.111
san-francisco,2026-07-25,20,21.111
san-francisco,2026-07-25,21,21.111
san-francisco,2026-07-25,22,21.111
san-francisco,2026-07-25,23,21.111
san-francisco,2026-07-26,0,16.111
san-francisco,2026-07-26,1,16.111
san-francisco,2026-07-26,2,16.111
san-francisco,2026-07-26,3,16.111
san-francisco,2026-07-26,4,16.111
san-francisco,2026-07-26,5,16.111
san-francisco,2026-07-26,6,16.111
san-francisco,2026-07-26,7,16.111
san-francisco,2026-07-26,8,16.111
san-francisco,2026-07-26,9,16.111
san-francisco,2026-07-26,10,16.667
san-francisco,2026-07-26,11,17.778
san-francisco,2026-07-26,12,18.889
san-francisco,2026-07-26,13,20.0
san-francisco,2026-07-26,14,20.0
san-francisco,2026-07-26,15,20.0
san-francisco,2026-07-26,16,20.0
san-francisco,2026-07-26,17,20.0
san-francisco,2026-07-26,18,20.0
san-francisco,2026-07-26,19,20.0
san-francisco,2026-07-26,20,20.0
san-francisco,2026-07-26,21,20.0
san-francisco,2026-07-26,22,20.0
san-francisco,2026-07-26,23,20.0
san-francisco,2026-07-27,0,15.556
san-francisco,2026-07-27,1,15.556
san-francisco,2026-07-27,2,15.556
san-francisco,2026-07-27,3,15.556
san-francisco,2026-07-27,4,15.556
san-francisco,2026-07-27,5,15.556
san-francisco,2026-07-27,6,15.556
san-francisco,2026-07-27,7,15.556
san-francisco,2026-07-27,8,15.556
san-francisco,2026-07-27,9,16.111
san-francisco,2026-07-27,10,18.333
san-francisco,2026-07-27,11,18.333
san-francisco,2026-07-27,12,19.444
san-francisco,2026-07-27,13,20.0
san-francisco,2026-07-27,14,20.0
san-francisco,2026-07-27,15,20.556
san-francisco,2026-07-27,16,20.556
san-francisco,2026-07-27,17,20.556
san-francisco,2026-07-27,18,20.556
san-francisco,2026-07-27,19,20.556
san-francisco,2026-07-27,20,20.556
san-francisco,2026-07-27,21,20.556
san-francisco,2026-07-27,22,20.556
san-francisco,2026-07-27,23,20.556
san-francisco,2026-07-28,0,15.556
san-francisco,2026-07-28,1,15.556
san-francisco,2026-07-28,2,15.556
san-francisco,2026-07-28,3,15.556
san-francisco,2026-07-28,4,15.556
san-francisco,2026-07-28,5,15.556
san-francisco,2026-07-28,6,15.556
san-francisco,2026-07-28,7,15.556
san-francisco,2026-07-28,8,15.556
san-francisco,2026-07-28,9,16.667
san-francisco,2026-07-28,10,17.778
san-francisco,2026-07-28,11,19.444
san-francisco,2026-07-28,12,20.0
san-francisco,2026-07-28,13,20.0
san-francisco,2026-07-28,14,21.111
san-francisco,2026-07-28,15,21.111
san-francisco,2026-07-28,16,21.111
san-francisco,2026-07-28,17,21.111
san-francisco,2026-07-28,18,21.111
san-francisco,2026-07-28,19,21.111
san-francisco,2026-07-28,20,21.111
san-francisco,2026-07-28,21,21.111
san-francisco,2026-07-28,22,21.111
san-francisco,2026-07-28,23,21.111
san-francisco,2026-07-29,0,15.556
san-francisco,2026-07-29,1,15.556
san-francisco,2026-07-29,2,15.556
san-francisco,2026-07-29,3,15.556
san-francisco,2026-07-29,4,15.556
san-francisco,2026-07-29,5,15.556
san-francisco,2026-07-29,6,15.556
san-francisco,2026-07-29,7,15.556
san-francisco,2026-07-29,8,16.111
san-francisco,2026-07-29,9,16.667
san-francisco,2026-07-29,10,17.778
san-francisco,2026-07-29,11,19.444
san-francisco,2026-07-29,12,20.0
san-francisco,2026-07-29,13,20.0
san-francisco,2026-07-29,14,20.556
san-francisco,2026-07-29,15,20.556
san-francisco,2026-07-29,16,20.556
san-francisco,2026-07-29,17,20.556
san-francisco,2026-07-29,18,20.556
san-francisco,2026-07-29,19,20.556
san-francisco,2026-07-29,20,20.556
san-francisco,2026-07-29,21,20.556
san-francisco,2026-07-29,22,20.556
san-francisco,2026-07-29,23,20.556
san-francisco,2026-07-30,0,15.0
san-francisco,2026-07-30,1,15.0
san-francisco,2026-07-30,2,15.0
san-francisco,2026-07-30,3,15.0
san-francisco,2026-07-30,4,15.0
san-francisco,2026-07-30,5,15.0
san-francisco,2026-07-30,6,15.0
san-francisco,2026-07-30,7,16.667
san-francisco,2026-07-30,8,17.778
san-francisco,2026-07-30,9,18.889
san-francisco,2026-07-30,10,20.556
san-francisco,2026-07-30,11,21.111
san-francisco,2026-07-30,12,21.667
san-francisco,2026-07-30,13,22.778
san-francisco,2026-07-30,14,22.778
san-francisco,2026-07-30,15,22.778
san-francisco,2026-07-30,16,22.778
san-francisco,2026-07-30,17,22.778
san-francisco,2026-07-30,18,22.778
san-francisco,2026-07-30,19,22.778
san-francisco,2026-07-30,20,22.778
san-francisco,2026-07-30,21,22.778
san-francisco,2026-07-30,22,22.778
san-francisco,2026-07-30,23,22.778
san-francisco,2026-07-31,0,15.556
san-francisco,2026-07-31,1,15.556
san-francisco,2026-07-31,2,15.556
san-francisco,2026-07-31,3,15.556
san-francisco,2026-07-31,4,15.556
san-francisco,2026-07-31,5,15.556
san-francisco,2026-07-31,6,15.556
san-francisco,2026-07-31,7,15.556
san-francisco,2026-07-31,8,17.222
san-francisco,2026-07-31,9,18.333
san-francisco,2026-07-31,10,20.0
san-francisco,2026-07-31,11,21.111
san-francisco,2026-07-31,12,22.222
san-francisco,2026-07-31,13,22.222
san-francisco,2026-07-31,14,22.222
san-francisco,2026-07-31,15,22.222
san-francisco,2026-07-31,16,22.222
san-francisco,2026-07-31,17,22.222
san-francisco,2026-07-31,18,22.222
san-francisco,2026-07-31,19,22.222
san-francisco,2026-07-31,20,22.222
san-francisco,2026-07-31,21,22.222
san-francisco,2026-07-31,22,22.222
san-francisco,2026-07-31,23,22.222
san-francisco,2026-08-01,0,15.0
san-francisco,2026-08-01,1,15.0
san-francisco,2026-08-01,2,15.0
san-francisco,2026-08-01,3,15.0
san-francisco,2026-08-01,4,15.0
san-francisco,2026-08-01,5,15.0
san-francisco,2026-08-01,6,15.0
san-francisco,2026-08-01,7,15.556
san-francisco,2026-08-01,8,17.222
san-francisco,2026-08-01,9,18.889
san-francisco,2026-08-01,10,21.111
san-francisco,2026-08-01,11,22.778
san-francisco,2026-08-01,12,22.778
san-francisco,2026-08-01,13,22.778
san-francisco,2026-08-01,14,22.778
san-francisco,2026-08-01,15,22.778
san-francisco,2026-08-01,16,22.778
san-francisco,2026-08-01,17,22.778
san-francisco,2026-08-01,18,22.778
san-francisco,2026-08-01,19,22.778
san-francisco,2026-08-01,20,22.778
san-francisco,2026-08-01,21,22.778
san-francisco,2026-08-01,22,22.778
san-francisco,2026-08-01,23,22.778
san-francisco,2026-08-02,0,15.0
san-francisco,2026-08-02,1,15.0
san-francisco,2026-08-02,2,15.0
san-francisco,2026-08-02,3,15.0
san-francisco,2026-08-02,4,15.0
san-francisco,2026-08-02,5,15.0
san-francisco,2026-08-02,6,15.0
san-francisco,2026-08-02,7,16.111
san-francisco,2026-08-02,8,17.778
san-francisco,2026-08-02,9,18.333
san-francisco,2026-08-02,10,20.0
san-francisco,2026-08-02,11,21.111
san-francisco,2026-08-02,12,23.889
san-francisco,2026-08-02,13,26.111
san-francisco,2026-08-02,14,26.111
san-francisco,2026-08-02,15,26.111
san-francisco,2026-08-02,16,26.111
san-francisco,2026-08-02,17,26.111
san-francisco,2026-08-02,18,26.111
san-francisco,2026-08-02,19,26.111
san-francisco,2026-08-02,20,26.111
san-francisco,2026-08-02,21,26.111
san-francisco,2026-08-02,22,26.111
san-francisco,2026-08-02,23,26.111
san-francisco,2026-08-03,0,15.556
san-francisco,2026-08-03,1,15.556
san-francisco,2026-08-03,2,15.556
san-francisco,2026-08-03,3,15.556
san-francisco,2026-08-03,4,15.556
san-francisco,2026-08-03,5,15.556
san-francisco,2026-08-03,6,15.556
san-francisco,2026-08-03,7,16.111
san-francisco,2026-08-03,8,17.778
san-francisco,2026-08-03,9,18.889
san-francisco,2026-08-03,10,20.0
san-francisco,2026-08-03,11,21.111
san-francisco,2026-08-03,12,22.222
san-francisco,2026-08-03,13,25.0
san-francisco,2026-08-03,14,25.0
san-francisco,2026-08-03,15,25.0
san-francisco,2026-08-03,16,25.0
san-francisco,2026-08-03,17,25.0
san-francisco,2026-08-03,18,25.0
san-francisco,2026-08-03,19,25.0
san-francisco,2026-08-03,20,25.0
san-francisco,2026-08-03,21,25.0
san-francisco,2026-08-03,22,25.0
san-francisco,2026-08-03,23,25.0
san-francisco,2026-08-04,0,15.0
san-francisco,2026-08-04,1,15.0
san-francisco,2026-08-04,2,15.0
san-francisco,2026-08-04,3,15.0
san-francisco,2026-08-04,4,15.0
san-francisco,2026-08-04,5,15.0
san-francisco,2026-08-04,6,15.0
san-francisco,2026-08-04,7,16.111
san-francisco,2026-08-04,8,17.778
san-francisco,2026-08-04,9,18.889
san-francisco,2026-08-04,10,20.0
san-francisco,2026-08-04,11,20.0
san-francisco,2026-08-04,12,21.111
san-francisco,2026-08-04,13,22.222
san-francisco,2026-08-04,14,22.778
san-francisco,2026-08-04,15,22.778
san-francisco,2026-08-04,16,22.778
san-francisco,2026-08-04,17,22.778
san-francisco,2026-08-04,18,22.778
san-francisco,2026-08-04,19,22.778
san-francisco,2026-08-04,20,22.778
san-francisco,2026-08-04,21,22.778
san-francisco,2026-08-04,22,22.778
san-francisco,2026-08-04,23,22.778
san-francisco,2026-08-05,0,15.0
san-francisco,2026-08-05,1,15.0
san-francisco,2026-08-05,2,15.0
san-francisco,2026-08-05,3,15.0
san-francisco,2026-08-05,4,15.0
san-francisco,2026-08-05,5,15.0
san-francisco,2026-08-05,6,15.0
san-francisco,2026-08-05,7,16.111
san-francisco,2026-08-05,8,17.222
san-francisco,2026-08-05,9,17.778
san-francisco,2026-08-05,10,18.889
san-francisco,2026-08-05,11,19.444
san-francisco,2026-08-05,12,20.556
san-francisco,2026-08-05,13,20.556
san-francisco,2026-08-05,14,21.111
san-francisco,2026-08-05,15,21.111
san-francisco,2026-08-05,16,21.111
san-francisco,2026-08-05,17,21.111
san-francisco,2026-08-05,18,21.111
san-francisco,2026-08-05,19,21.111
san-francisco,2026-08-05,20,21.111
san-francisco,2026-08-05,21,21.111
san-francisco,2026-08-05,22,21.111
san-francisco,2026-08-05,23,21.111
san-francisco,2026-08-06,0,15.556
san-francisco,2026-08-06,1,15.556
san-francisco,2026-08-06,2,15.556
san-francisco,2026-08-06,3,16.111
san-francisco,2026-08-06,4,16.111
san-francisco,2026-08-06,5,16.111
san-francisco,2026-08-06,6,16.111
san-francisco,2026-08-06,7,16.111
san-francisco,2026-08-06,8,16.667
san-francisco,2026-08-06,9,17.778
san-francisco,2026-08-06,10,18.889
san-francisco,2026-08-06,11,20.0
san-francisco,2026-08-06,12,20.556
san-francisco,2026-08-06,13,21.667
san-francisco,2026-08-06,14,22.222
san-francisco,2026-08-06,15,22.222
san-francisco,2026-08-06,16,22.222
san-francisco,2026-08-06,17,22.222
san-francisco,2026-08-06,18,22.222
san-francisco,2026-08-06,19,22.222
san-francisco,2026-08-06,20,22.222
san-francisco,2026-08-06,21,22.222
san-francisco,2026-08-06,22,22.222
san-francisco,2026-08-06,23,22.222
san-francisco,2026-08-07,0,13.889
san-francisco,2026-08-07,1,13.889
san-francisco,2026-08-07,2,14.444
san-francisco,2026-08-07,3,14.444
san-francisco,2026-08-07,4,14.444
san-francisco,2026-08-07,5,14.444
san-francisco,2026-08-07,6,14.444
san-francisco,2026-08-07,7,14.444
san-francisco,2026-08-07,8,15.0
san-francisco,2026-08-07,9,17.222
san-francisco,2026-08-07,10,17.222
san-francisco,2026-08-07,11,17.778
san-francisco,2026-08-07,12,19.444
san-francisco,2026-08-07,13,19.444
san-francisco,2026-08-07,14,19.444
san-francisco,2026-08-07,15,19.444
san-francisco,2026-08-07,16,19.444
san-francisco,2026-08-07,17,19.444
san-francisco,2026-08-07,18,19.444
san-francisco,2026-08-07,19,19.444
san-francisco,2026-08-07,20,19.444
san-francisco,2026-08-07,21,19.444
san-francisco,2026-08-07,22,19.444
san-francisco,2026-08-07,23,19.444
san-francisco,2026-08-08,0,14.444
san-francisco,2026-08-08,1,14.444
san-francisco,2026-08-08,2,14.444
san-francisco,2026-08-08,3,14.444
san-francisco,2026-08-08,4,14.444
san-francisco,2026-08-08,5,14.444
san-francisco,2026-08-08,6,14.444
san-francisco,2026-08-08,7,15.0
san-francisco,2026-08-08,8,16.111
san-francisco,2026-08-08,9,17.222
san-francisco,2026-08-08,10,18.333
san-francisco,2026-08-08,11,18.333
san-francisco,2026-08-08,12,18.333
san-francisco,2026-08-08,13,18.889
san-francisco,2026-08-08,14,18.889
san-francisco,2026-08-08,15,18.889
san-francisco,2026-08-08,16,18.889
san-francisco,2026-08-08,17,18.889
san-francisco,2026-08-08,18,18.889
san-francisco,2026-08-08,19,18.889
san-francisco,2026-08-08,20,18.889
san-francisco,2026-08-08,21,18.889
san-francisco,2026-08-08,22,18.889
san-francisco,2026-08-08,23,18.889
san-francisco,2026-08-09,0,14.444
san-francisco,2026-08-09,1,14.444
san-francisco,2026-08-09,2,14.444
san-francisco,2026-08-09,3,14.444
san-francisco,2026-08-09,4,14.444
san-francisco,2026-08-09,5,15.0
san-francisco,2026-08-09,6,15.0
san-francisco,2026-08-09,7,15.0
san-francisco,2026-08-09,8,16.667
san-francisco,2026-08-09,9,17.778
san-francisco,2026-08-09,10,18.889
san-francisco,2026-08-09,11,21.111
san-francisco,2026-08-09,12,21.111
san-francisco,2026-08-09,13,21.111
san-francisco,2026-08-09,14,21.111
san-francisco,2026-08-09,15,21.111
san-francisco,2026-08-09,16,21.111
san-francisco,2026-08-09,17,21.111
san-francisco,2026-08-09,18,21.111
san-francisco,2026-08-09,19,21.111
san-francisco,2026-08-09,20,21.111
san-francisco,2026-08-09,21,21.111
san-francisco,2026-08-09,22,21.111
san-francisco,2026-08-09,23,21.111
san-francisco,2026-08-10,0,15.0
san-francisco,2026-08-10,1,15.0
san-francisco,2026-08-10,2,15.0
san-francisco,2026-08-10,3,15.0
san-francisco,2026-08-10,4,15.0
san-francisco,2026-08-10,5,15.0
san-francisco,2026-08-10,6,15.0
san-francisco,2026-08-10,7,16.111
san-francisco,2026-08-10,8,17.778
san-francisco,2026-08-10,9,18.889
san-francisco,2026-08-10,10,19.444
san-francisco,2026-08-10,11,20.556
san-francisco,2026-08-10,12,21.667
san-francisco,2026-08-10,13,21.667
san-francisco,2026-08-10,14,22.778
san-francisco,2026-08-10,15,22.778
san-francisco,2026-08-10,16,22.778
san-francisco,2026-08-10,17,22.778
san-francisco,2026-08-10,18,22.778
san-francisco,2026-08-10,19,22.778
san-francisco,2026-08-10,20,22.778
san-francisco,2026-08-10,21,22.778
san-francisco,2026-08-10,22,22.778
san-francisco,2026-08-10,23,22.778
san-francisco,2026-08-11,0,15.0
san-francisco,2026-08-11,1,15.0
san-francisco,2026-08-11,2,15.0
san-francisco,2026-08-11,3,15.0
san-francisco,2026-08-11,4,15.0
san-francisco,2026-08-11,5,15.0
san-francisco,2026-08-11,6,15.0
san-francisco,2026-08-11,7,16.111
san-francisco,2026-08-11,8,17.222
san-francisco,2026-08-11,9,18.333
san-francisco,2026-08-11,10,18.889
san-francisco,2026-08-11,11,20.0
san-francisco,2026-08-11,12,21.111
san-francisco,2026-08-11,13,22.222
san-francisco,2026-08-11,14,24.444
san-francisco,2026-08-11,15,24.444
san-francisco,2026-08-11,16,24.444
san-francisco,2026-08-11,17,24.444
san-francisco,2026-08-11,18,24.444
san-francisco,2026-08-11,19,24.444
san-francisco,2026-08-11,20,24.444
san-francisco,2026-08-11,21,24.444
san-francisco,2026-08-11,22,24.444
san-francisco,2026-08-11,23,24.444
san-francisco,2026-08-12,0,14.444
san-francisco,2026-08-12,1,14.444
san-francisco,2026-08-12,2,14.444
san-francisco,2026-08-12,3,14.444
san-francisco,2026-08-12,4,14.444
san-francisco,2026-08-12,5,14.444
san-francisco,2026-08-12,6,15.0
san-francisco,2026-08-12,7,15.556
san-francisco,2026-08-12,8,17.222
san-francisco,2026-08-12,9,18.333
san-francisco,2026-08-12,10,19.444
san-francisco,2026-08-12,11,19.444
san-francisco,2026-08-12,12,20.556
san-francisco,2026-08-12,13,22.778
san-francisco,2026-08-12,14,22.778
san-francisco,2026-08-12,15,22.778
san-francisco,2026-08-12,16,22.778
san-francisco,2026-08-12,17,22.778
san-francisco,2026-08-12,18,22.778
san-francisco,2026-08-12,19,22.778
san-francisco,2026-08-12,20,22.778
san-francisco,2026-08-12,21,22.778
san-francisco,2026-08-12,22,22.778
san-francisco,2026-08-12,23,22.778
san-francisco,2026-08-13,0,16.111
san-francisco,2026-08-13,1,16.111
san-francisco,2026-08-13,2,16.111
san-francisco,2026-08-13,3,16.111
san-francisco,2026-08-13,4,16.111
san-francisco,2026-08-13,5,16.111
san-francisco,2026-08-13,6,16.111
san-francisco,2026-08-13,7,16.667
san-francisco,2026-08-13,8,18.333
san-francisco,2026-08-13,9,20.0
san-francisco,2026-08-13,10,20.0
san-francisco,2026-08-13,11,20.556
san-francisco,2026-08-13,12,20.556
san-francisco,2026-08-13,13,21.111
san-francisco,2026-08-13,14,21.111
san-francisco,2026-08-13,15,21.667
san-francisco,2026-08-13,16,21.667
san-francisco,2026-08-13,17,21.667
san-francisco,2026-08-13,18,21.667
san-francisco,2026-08-13,19,21.667
san-francisco,2026-08-13,20,21.667
san-francisco,2026-08-13,21,21.667
san-francisco,2026-08-13,22,21.667
san-francisco,2026-08-13,23,21.667
san-francisco,2026-08-14,0,15.556
san-francisco,2026-08-14,1,15.556
san-francisco,2026-08-14,2,15.556
san-francisco,2026-08-14,3,15.556
san-francisco,2026-08-14,4,15.556
san-francisco,2026-08-14,5,15.556
san-francisco,2026-08-14,6,15.556
san-francisco,2026-08-14,7,16.111
san-francisco,2026-08-14,8,16.667
san-francisco,2026-08-14,9,17.778
san-francisco,2026-08-14,10,17.778
san-francisco,2026-08-14,11,18.889
san-francisco,2026-08-14,12,18.889
san-francisco,2026-08-14,13,20.0
san-francisco,2026-08-14,14,20.556
san-francisco,2026-08-14,15,21.111
san-francisco,2026-08-14,16,21.111
san-francisco,2026-08-14,17,21.111
san-francisco,2026-08-14,18,21.111
san-francisco,2026-08-14,19,21.111
san-francisco,2026-08-14,20,21.111
san-francisco,2026-08-14,21,21.111
san-francisco,2026-08-14,22,21.111
san-francisco,2026-08-14,23,21.111
san-francisco,2026-08-15,0,15.556
san-francisco,2026-08-15,1,15.556
san-francisco,2026-08-15,2,15.556
san-francisco,2026-08-15,3,15.556
san-francisco,2026-08-15,4,15.556
san-francisco,2026-08-15,5,15.556
san-francisco,2026-08-15,6,15.556
san-francisco,2026-08-15,7,15.556
san-francisco,2026-08-15,8,15.556
san-francisco,2026-08-15,9,16.667
san-francisco,2026-08-15,10,17.778
san-francisco,2026-08-15,11,17.778
san-francisco,2026-08-15,12,18.889
san-francisco,2026-08-15,13,20.0
san-francisco,2026-08-15,14,20.0
san-francisco,2026-08-15,15,20.0
san-francisco,2026-08-15,16,20.0
san-francisco,2026-08-15,17,20.0
san-francisco,2026-08-15,18,20.0
san-francisco,2026-08-15,19,20.0
san-francisco,2026-08-15,20,20.0
san-francisco,2026-08-15,21,20.0
san-francisco,2026-08-15,22,20.0
san-francisco,2026-08-15,23,20.0
san-francisco,2026-08-16,0,15.0
san-francisco,2026-08-16,1,15.0
san-francisco,2026-08-16,2,15.0
san-francisco,2026-08-16,3,15.0
san-francisco,2026-08-16,4,15.0
san-francisco,2026-08-16,5,15.0
san-francisco,2026-08-16,6,15.0
san-francisco,2026-08-16,7,15.0
san-francisco,2026-08-16,8,15.556
san-francisco,2026-08-16,9,16.111
san-francisco,2026-08-16,10,18.333
san-francisco,2026-08-16,11,18.333
san-francisco,2026-08-16,12,20.0
san-francisco,2026-08-16,13,20.556
san-francisco,2026-08-16,14,20.556
san-francisco,2026-08-16,15,20.556
san-francisco,2026-08-16,16,20.556
san-francisco,2026-08-16,17,20.556
san-francisco,2026-08-16,18,20.556
san-francisco,2026-08-16,19,20.556
san-francisco,2026-08-16,20,20.556
san-francisco,2026-08-16,21,20.556
san-francisco,2026-08-16,22,20.556
san-francisco,2026-08-16,23,20.556
san-francisco,2026-08-17,0,14.444
san-francisco,2026-08-17,1,14.444
san-francisco,2026-08-17,2,14.444
san-francisco,2026-08-17,3,14.444
san-francisco,2026-08-17,4,14.444
san-francisco,2026-08-17,5,15.0
san-francisco,2026-08-17,6,15.0
san-francisco,2026-08-17,7,16.111
san-francisco,2026-08-17,8,17.222
san-francisco,2026-08-17,9,18.333
san-francisco,2026-08-17,10,19.444
san-francisco,2026-08-17,11,20.0
san-francisco,2026-08-17,12,21.111
san-francisco,2026-08-17,13,21.667
san-francisco,2026-08-17,14,21.667
san-francisco,2026-08-17,15,21.667
san-francisco,2026-08-17,16,21.667
san-francisco,2026-08-17,17,21.667
san-francisco,2026-08-17,18,21.667
san-francisco,2026-08-17,19,21.667
san-francisco,2026-08-17,20,21.667
san-francisco,2026-08-17,21,21.667
san-francisco,2026-08-17,22,21.667
san-francisco,2026-08-17,23,21.667
san-francisco,2026-08-18,0,15.0
san-francisco,2026-08-18,1,15.0
san-francisco,2026-08-18,2,15.0
san-francisco,2026-08-18,3,15.0
san-francisco,2026-08-18,4,15.0
san-francisco,2026-08-18,5,15.0
san-francisco,2026-08-18,6,15.0
san-francisco,2026-08-18,7,15.0
san-francisco,2026-08-18,8,15.0
san-francisco,2026-08-18,9,15.556
san-francisco,2026-08-18,10,17.222
san-francisco,2026-08-18,11,17.778
san-francisco,2026-08-18,12,19.444
san-francisco,2026-08-18,13,19.444
san-francisco,2026-08-18,14,20.0
san-francisco,2026-08-18,15,20.0
san-francisco,2026-08-18,16,20.0
san-francisco,2026-08-18,17,20.0
san-francisco,2026-08-18,18,20.0
san-francisco,2026-08-18,19,20.0
san-francisco,2026-08-18,20,20.0
san-francisco,2026-08-18,21,20.0
san-francisco,2026-08-18,22,20.0
san-francisco,2026-08-18,23,20.0
san-francisco,2026-08-19,0,14.444
san-francisco,2026-08-19,1,14.444
san-francisco,2026-08-19,2,14.444
san-francisco,2026-08-19,3,14.444
san-francisco,2026-08-19,4,14.444
san-francisco,2026-08-19,5,14.444
san-francisco,2026-08-19,6,15.0
san-francisco,2026-08-19,7,15.556
san-francisco,2026-08-19,8,16.111
san-francisco,2026-08-19,9,17.222
san-francisco,2026-08-19,10,18.333
san-francisco,2026-08-19,11,19.444
san-francisco,2026-08-19,12,19.444
san-francisco,2026-08-19,13,19.444
san-francisco,2026-08-19,14,19.444
san-francisco,2026-08-19,15,19.444
san-francisco,2026-08-19,16,19.444
san-francisco,2026-08-19,17,19.444
san-francisco,2026-08-19,18,19.444
san-francisco,2026-08-19,19,19.444
san-francisco,2026-08-19,20,19.444
san-francisco,2026-08-19,21,19.444
san-francisco,2026-08-19,22,19.444
san-francisco,2026-08-19,23,19.444
san-francisco,2026-08-20,0,13.889
san-francisco,2026-08-20,1,13.889
san-francisco,2026-08-20,2,13.889
san-francisco,2026-08-20,3,13.889
san-francisco,2026-08-20,4,13.889
san-francisco,2026-08-20,5,13.889
san-francisco,2026-08-20,6,13.889
san-francisco,2026-08-20,7,14.444
san-francisco,2026-08-20,8,16.111
san-francisco,2026-08-20,9,16.667
san-francisco,2026-08-20,10,17.778
san-francisco,2026-08-20,11,18.889
san-francisco,2026-08-20,12,18.889
san-francisco,2026-08-20,13,20.0
san-francisco,2026-08-20,14,20.0
san-francisco,2026-08-20,15,20.0
san-francisco,2026-08-20,16,20.0
san-francisco,2026-08-20,17,20.0
san-francisco,2026-08-20,18,20.0
san-francisco,2026-08-20,19,20.0
san-francisco,2026-08-20,20,20.0
san-francisco,2026-08-20,21,20.0
san-francisco,2026-08-20,22,20.0
san-francisco,2026-08-20,23,20.0
san-francisco,2026-08-21,0,14.444
san-francisco,2026-08-21,1,14.444
san-francisco,2026-08-21,2,14.444
san-francisco,2026-08-21,3,14.444
san-francisco,2026-08-21,4,14.444
san-francisco,2026-08-21,5,14.444
san-francisco,2026-08-21,6,14.444
san-francisco,2026-08-21,7,14.444
san-francisco,2026-08-21,8,15.0
san-francisco,2026-08-21,9,16.111
san-francisco,2026-08-21,10,17.778
san-francisco,2026-08-21,11,18.889
san-francisco,2026-08-21,12,19.444
san-francisco,2026-08-21,13,19.444
san-francisco,2026-08-21,14,19.444
san-francisco,2026-08-21,15,19.444
san-francisco,2026-08-21,16,19.444
san-francisco,2026-08-21,17,19.444
san-francisco,2026-08-21,18,19.444
san-francisco,2026-08-21,19,19.444
san-francisco,2026-08-21,20,19.444
san-francisco,2026-08-21,21,19.444
san-francisco,2026-08-21,22,19.444
san-francisco,2026-08-21,23,19.444
san-francisco,2026-08-22,0,15.556
san-francisco,2026-08-22,1,15.556
san-francisco,2026-08-22,2,15.556
san-francisco,2026-08-22,3,15.556
san-francisco,2026-08-22,4,15.556
san-francisco,2026-08-22,5,15.556
san-francisco,2026-08-22,6,15.556
san-francisco,2026-08-22,7,15.556
san-francisco,2026-08-22,8,15.556
san-francisco,2026-08-22,9,16.111
san-francisco,2026-08-22,10,17.778
san-francisco,2026-08-22,11,18.333
san-francisco,2026-08-22,12,18.889
san-francisco,2026-08-22,13,19.444
san-francisco,2026-08-22,14,20.0
san-francisco,2026-08-22,15,20.0
san-francisco,2026-08-22,16,20.0
san-francisco,2026-08-22,17,20.0
san-francisco,2026-08-22,18,20.0
san-francisco,2026-08-22,19,20.0
san-francisco,2026-08-22,20,20.0
san-francisco,2026-08-22,21,20.0
san-francisco,2026-08-22,22,20.0
san-francisco,2026-08-22,23,20.0
san-francisco,2026-08-23,0,15.556
san-francisco,2026-08-23,1,15.556
san-francisco,2026-08-23,2,15.556
san-francisco,2026-08-23,3,15.556
san-francisco,2026-08-23,4,15.556
san-francisco,2026-08-23,5,15.556
san-francisco,2026-08-23,6,15.556
san-francisco,2026-08-23,7,15.556
san-francisco,2026-08-23,8,17.222
san-francisco,2026-08-23,9,18.889
san-francisco,2026-08-23,10,19.444
san-francisco,2026-08-23,11,20.556
san-francisco,2026-08-23,12,24.444
san-francisco,2026-08-23,13,24.444
san-francisco,2026-08-23,14,24.444
san-francisco,2026-08-23,15,24.444
san-francisco,2026-08-23,16,24.444
san-francisco,2026-08-23,17,24.444
san-francisco,2026-08-23,18,24.444
san-francisco,2026-08-23,19,24.444
san-francisco,2026-08-23,20,24.444
san-francisco,2026-08-23,21,24.444
san-francisco,2026-08-23,22,24.444
san-francisco,2026-08-23,23,24.444
san-francisco,2026-08-24,0,15.556
san-francisco,2026-08-24,1,15.556
san-francisco,2026-08-24,2,15.556
san-francisco,2026-08-24,3,15.556
san-francisco,2026-08-24,4,15.556
san-francisco,2026-08-24,5,15.556
san-francisco,2026-08-24,6,15.556
san-francisco,2026-08-24,7,16.667
san-francisco,2026-08-24,8,18.333
san-francisco,2026-08-24,9,19.444
san-francisco,2026-08-24,10,20.556
san-francisco,2026-08-24,11,21.111
san-francisco,2026-08-24,12,21.667
san-francisco,2026-08-24,13,21.667
san-francisco,2026-08-24,14,21.667
san-francisco,2026-08-24,15,21.667
san-francisco,2026-08-24,16,21.667
san-francisco,2026-08-24,17,21.667
san-francisco,2026-08-24,18,21.667
san-francisco,2026-08-24,19,21.667
san-francisco,2026-08-24,20,21.667
san-francisco,2026-08-24,21,21.667
san-francisco,2026-08-24,22,21.667
san-francisco,2026-08-24,23,21.667
san-francisco,2026-08-25,0,15.556
san-francisco,2026-08-25,1,15.556
san-francisco,2026-08-25,2,15.556
san-francisco,2026-08-25,3,15.556
san-francisco,2026-08-25,4,15.556
san-francisco,2026-08-25,5,15.556
san-francisco,2026-08-25,6,15.556
san-francisco,2026-08-25,7,15.556
san-francisco,2026-08-25,8,15.556
san-francisco,2026-08-25,9,16.111
san-francisco,2026-08-25,10,17.778
san-francisco,2026-08-25,11,18.333
san-francisco,2026-08-25,12,19.444
san-francisco,2026-08-25,13,19.444
san-francisco,2026-08-25,14,19.444
san-francisco,2026-08-25,15,19.444
san-francisco,2026-08-25,16,19.444
san-francisco,2026-08-25,17,19.444
san-francisco,2026-08-25,18,19.444
san-francisco,2026-08-25,19,19.444
san-francisco,2026-08-25,20,19.444
san-francisco,2026-08-25,21,19.444
san-francisco,2026-08-25,22,19.444
san-francisco,2026-08-25,23,19.444
san-francisco,2026-08-26,0,14.444
san-francisco,2026-08-26,1,14.444
san-francisco,2026-08-26,2,14.444
san-francisco,2026-08-26,3,14.444
san-francisco,2026-08-26,4,14.444
san-francisco,2026-08-26,5,14.444
san-francisco,2026-08-26,6,14.444
san-francisco,2026-08-26,7,14.444
san-francisco,2026-08-26,8,14.444
san-francisco,2026-08-26,9,16.667
san-francisco,2026-08-26,10,17.222
san-francisco,2026-08-26,11,18.889
san-francisco,2026-08-26,12,19.444
san-francisco,2026-08-26,13,24.444
san-francisco,2026-08-26,14,24.444
san-francisco,2026-08-26,15,24.444
san-francisco,2026-08-26,16,24.444
san-francisco,2026-08-26,17,24.444
san-francisco,2026-08-26,18,24.444
san-francisco,2026-08-26,19,24.444
san-francisco,2026-08-26,20,24.444
san-francisco,2026-08-26,21,24.444
san-francisco,2026-08-26,22,24.444
san-francisco,2026-08-26,23,24.444
san-francisco,2026-08-27,0,16.667
san-francisco,2026-08-27,1,16.667
san-francisco,2026-08-27,2,16.667
san-francisco,2026-08-27,3,16.667
san-francisco,2026-08-27,4,16.667
san-francisco,2026-08-27,5,16.667
san-francisco,2026-08-27,6,16.667
san-francisco,2026-08-27,7,16.667
san-francisco,2026-08-27,8,17.778
san-francisco,2026-08-27,9,20.0
san-francisco,2026-08-27,10,20.556
san-francisco,2026-08-27,11,21.667
san-francisco,2026-08-27,12,22.222
san-francisco,2026-08-27,13,22.222
san-francisco,2026-08-27,14,22.778
san-francisco,2026-08-27,15,22.778
san-francisco,2026-08-27,16,22.778
san-francisco,2026-08-27,17,22.778
san-francisco,2026-08-27,18,22.778
san-francisco,2026-08-27,19,22.778
san-francisco,2026-08-27,20,22.778
san-francisco,2026-08-27,21,22.778
san-francisco,2026-08-27,22,22.778
san-francisco,2026-08-27,23,22.778
san-francisco,2026-08-28,0,15.556
san-francisco,2026-08-28,1,15.556
san-francisco,2026-08-28,2,15.556
san-francisco,2026-08-28,3,15.556
san-francisco,2026-08-28,4,15.556
san-francisco,2026-08-28,5,15.556
san-francisco,2026-08-28,6,15.556
san-francisco,2026-08-28,7,16.111
san-francisco,2026-08-28,8,16.111
san-francisco,2026-08-28,9,16.111
san-francisco,2026-08-28,10,16.667
san-francisco,2026-08-28,11,16.667
san-francisco,2026-08-28,12,16.667
san-francisco,2026-08-28,13,17.222
san-francisco,2026-08-28,14,18.333
san-francisco,2026-08-28,15,18.333
san-francisco,2026-08-28,16,18.333
san-francisco,2026-08-28,17,18.333
san-francisco,2026-08-28,18,18.333
san-francisco,2026-08-28,19,18.333
san-francisco,2026-08-28,20,18.333
san-francisco,2026-08-28,21,18.333
san-francisco,2026-08-28,22,18.333
san-francisco,2026-08-28,23,18.333
san-francisco,2026-08-29,0,13.889
san-francisco,2026-08-29,1,13.889
san-francisco,2026-08-29,2,14.444
san-francisco,2026-08-29,3,14.444
san-francisco,2026-08-29,4,14.444
san-francisco,2026-08-29,5,14.444
san-francisco,2026-08-29,6,14.444
san-francisco,2026-08-29,7,15.556
san-francisco,2026-08-29,8,17.222
san-francisco,2026-08-29,9,18.889
san-francisco,2026-08-29,10,19.444
san-francisco,2026-08-29,11,21.111
san-francisco,2026-08-29,12,21.111
san-francisco,2026-08-29,13,21.111
san-francisco,2026-08-29,14,21.111
san-francisco,2026-08-29,15,21.111
san-francisco,2026-08-29,16,21.111
san-francisco,2026-08-29,17,21.111
san-francisco,2026-08-29,18,21.111
san-francisco,2026-08-29,19,21.111
san-francisco,2026-08-29,20,21.111
san-francisco,2026-08-29,21,21.111
san-francisco,2026-08-29,22,21.111
san-francisco,2026-08-29,23,21.111
san-francisco,2026-08-30,0,15.0
san-francisco,2026-08-30,1,15.0
san-francisco,2026-08-30,2,15.0
san-francisco,2026-08-30,3,15.0
san-francisco,2026-08-30,4,15.0
san-francisco,2026-08-30,5,15.0
san-francisco,2026-08-30,6,15.0
san-francisco,2026-08-30,7,15.0
san-francisco,2026-08-30,8,16.111
san-francisco,2026-08-30,9,17.222
san-francisco,2026-08-30,10,17.222
san-francisco,2026-08-30,11,18.889
san-francisco,2026-08-30,12,19.444
san-francisco,2026-08-30,13,21.111
san-francisco,2026-08-30,14,21.667
san-francisco,2026-08-30,15,21.667
san-francisco,2026-08-30,16,21.667
san-francisco,2026-08-30,17,21.667
san-francisco,2026-08-30,18,21.667
san-francisco,2026-08-30,19,21.667
san-francisco,2026-08-30,20,21.667
san-francisco,2026-08-30,21,21.667
san-francisco,2026-08-30,22,21.667
san-francisco,2026-08-30,23,21.667
san-francisco,2026-08-31,0,14.444
san-francisco,2026-08-31,1,14.444
san-francisco,2026-08-31,2,14.444
san-francisco,2026-08-31,3,14.444
san-francisco,2026-08-31,4,14.444
san-francisco,2026-08-31,5,15.0
san-francisco,2026-08-31,6,15.0
san-francisco,2026-08-31,7,15.0
san-francisco,2026-08-31,8,15.556
san-francisco,2026-08-31,9,15.556
san-francisco,2026-08-31,10,16.667
san-francisco,2026-08-31,11,17.222
san-francisco,2026-08-31,12,17.778
san-francisco,2026-08-31,13,18.333
san-francisco,2026-08-31,14,18.889
san-francisco,2026-08-31,15,18.889
san-francisco,2026-08-31,16,18.889
san-francisco,2026-08-31,17,18.889
san-francisco,2026-08-31,18,18.889
san-francisco,2026-08-31,19,18.889
san-francisco,2026-08-31,20,18.889
san-francisco,2026-08-31,21,18.889
san-francisco,2026-08-31,22,18.889
san-francisco,2026-08-31,23,18.889
san-francisco,2026-09-01,0,16.667
san-francisco,2026-09-01,1,16.667
san-francisco,2026-09-01,2,16.667
san-francisco,2026-09-01,3,16.667
san-francisco,2026-09-01,4,16.667
san-francisco,2026-09-01,5,16.667
san-francisco,2026-09-01,6,16.667
san-francisco,2026-09-01,7,17.222
san-francisco,2026-09-01,8,17.778
san-francisco,2026-09-01,9,18.333
san-francisco,2026-09-01,10,19.444
san-francisco,2026-09-01,11,21.111
san-francisco,2026-09-01,12,21.111
san-francisco,2026-09-01,13,21.111
san-francisco,2026-09-01,14,21.111
san-francisco,2026-09-01,15,21.667
san-francisco,2026-09-01,16,21.667
san-francisco,2026-09-01,17,21.667
san-francisco,2026-09-01,18,21.667
san-francisco,2026-09-01,19,21.667
san-francisco,2026-09-01,20,21.667
san-francisco,2026-09-01,21,21.667
san-francisco,2026-09-01,22,21.667
san-francisco,2026-09-01,23,21.667
san-francisco,2026-09-02,0,17.222
san-francisco,2026-09-02,1,17.222
san-francisco,2026-09-02,2,17.222
san-francisco,2026-09-02,3,17.222
san-francisco,2026-09-02,4,17.222
san-francisco,2026-09-02,5,17.222
san-francisco,2026-09-02,6,17.222
san-francisco,2026-09-02,7,18.889
san-francisco,2026-09-02,8,18.889
san-francisco,2026-09-02,9,20.0
san-francisco,2026-09-02,10,20.556
san-francisco,2026-09-02,11,20.556
san-francisco,2026-09-02,12,20.556
san-francisco,2026-09-02,13,21.667
san-francisco,2026-09-02,14,22.222
san-francisco,2026-09-02,15,22.222
san-francisco,2026-09-02,16,22.222
san-francisco,2026-09-02,17,22.222
san-francisco,2026-09-02,18,22.222
san-francisco,2026-09-02,19,22.222
san-francisco,2026-09-02,20,22.222
san-francisco,2026-09-02,21,22.222
san-francisco,2026-09-02,22,22.222
san-francisco,2026-09-02,23,22.222
san-francisco,2026-09-03,0,16.667
san-francisco,2026-09-03,1,16.667
san-francisco,2026-09-03,2,16.667
san-francisco,2026-09-03,3,16.667
san-francisco,2026-09-03,4,16.667
san-francisco,2026-09-03,5,16.667
san-francisco,2026-09-03,6,16.667
san-francisco,2026-09-03,7,17.222
san-francisco,2026-09-03,8,18.889
san-francisco,2026-09-03,9,19.444
san-francisco,2026-09-03,10,20.556
san-francisco,2026-09-03,11,21.111
san-francisco,2026-09-03,12,21.667
san-francisco,2026-09-03,13,21.667
san-francisco,2026-09-03,14,21.667
san-francisco,2026-09-03,15,21.667
san-francisco,2026-09-03,16,21.667
san-francisco,2026-09-03,17,21.667
san-francisco,2026-09-03,18,21.667
san-francisco,2026-09-03,19,21.667
san-francisco,2026-09-03,20,21.667
san-francisco,2026-09-03,21,21.667
san-francisco,2026-09-03,22,21.667
san-francisco,2026-09-03,23,21.667
san-francisco,2026-09-04,0,16.667
san-francisco,2026-09-04,1,16.667
san-francisco,2026-09-04,2,16.667
san-francisco,2026-09-04,3,16.667
san-francisco,2026-09-04,4,16.667
san-francisco,2026-09-04,5,16.667
san-francisco,2026-09-04,6,16.667
san-francisco,2026-09-04,7,16.667
san-francisco,2026-09-04,8,17.778
san-francisco,2026-09-04,9,18.333
san-francisco,2026-09-04,10,20.0
san-francisco,2026-09-04,11,20.0
san-francisco,2026-09-04,12,21.111
san-francisco,2026-09-04,13,21.667
san-francisco,2026-09-04,14,21.667
san-francisco,2026-09-04,15,21.667
san-francisco,2026-09-04,16,21.667
san-francisco,2026-09-04,17,21.667
san-francisco,2026-09-04,18,21.667
san-francisco,2026-09-04,19,21.667
san-francisco,2026-09-04,20,21.667
san-francisco,2026-09-04,21,21.667
san-francisco,2026-09-04,22,21.667
san-francisco,2026-09-04,23,21.667
san-francisco,2026-09-05,0,16.111
san-francisco,2026-09-05,1,16.111
san-francisco,2026-09-05,2,16.111
san-francisco,2026-09-05,3,16.111
san-francisco,2026-09-05,4,16.111
san-francisco,2026-09-05,5,16.111
san-francisco,2026-09-05,6,16.111
san-francisco,2026-09-05,7,16.111
san-francisco,2026-09-05,8,17.222
san-francisco,2026-09-05,9,17.778
san-francisco,2026-09-05,10,21.111
san-francisco,2026-09-05,11,22.222
san-francisco,2026-09-05,12,22.222
san-francisco,2026-09-05,13,22.778
san-francisco,2026-09-05,14,22.778
san-francisco,2026-09-05,15,22.778
san-francisco,2026-09-05,16,22.778
san-francisco,2026-09-05,17,22.778
san-francisco,2026-09-05,18,22.778
san-francisco,2026-09-05,19,22.778
san-francisco,2026-09-05,20,22.778
san-francisco,2026-09-05,21,22.778
san-francisco,2026-09-05,22,22.778
san-francisco,2026-09-05,23,22.778
san-francisco,2026-09-06,0,15.556
san-francisco,2026-09-06,1,15.556
san-francisco,2026-09-06,2,15.556
san-francisco,2026-09-06,3,15.556
san-francisco,2026-09-06,4,15.556
san-francisco,2026-09-06,5,15.556
san-francisco,2026-09-06,6,15.556
san-francisco,2026-09-06,7,15.556
san-francisco,2026-09-06,8,17.222
san-francisco,2026-09-06,9,18.333
san-francisco,2026-09-06,10,20.0
san-francisco,2026-09-06,11,20.0
san-francisco,2026-09-06,12,21.111
san-francisco,2026-09-06,13,21.111
san-francisco,2026-09-06,14,21.667
san-francisco,2026-09-06,15,21.667
san-francisco,2026-09-06,16,21.667
san-francisco,2026-09-06,17,21.667
san-francisco,2026-09-06,18,21.667
san-francisco,2026-09-06,19,21.667
san-francisco,2026-09-06,20,21.667
san-francisco,2026-09-06,21,21.667
san-francisco,2026-09-06,22,21.667
san-francisco,2026-09-06,23,21.667
san-francisco,2026-09-07,0,15.556
san-francisco,2026-09-07,1,15.556
san-francisco,2026-09-07,2,15.556
san-francisco,2026-09-07,3,15.556
san-francisco,2026-09-07,4,15.556
san-francisco,2026-09-07,5,15.556
san-francisco,2026-09-07,6,15.556
san-francisco,2026-09-07,7,15.556
san-francisco,2026-09-07,8,17.222
san-francisco,2026-09-07,9,18.889
san-francisco,2026-09-07,10,18.889
san-francisco,2026-09-07,11,20.556
san-francisco,2026-09-07,12,22.222
san-francisco,2026-09-07,13,23.889
san-francisco,2026-09-07,14,26.667
san-francisco,2026-09-07,15,26.667
san-francisco,2026-09-07,16,26.667
san-francisco,2026-09-07,17,26.667
san-francisco,2026-09-07,18,26.667
san-francisco,2026-09-07,19,26.667
san-francisco,2026-09-07,20,26.667
san-francisco,2026-09-07,21,26.667
san-francisco,2026-09-07,22,26.667
san-francisco,2026-09-07,23,26.667
san-francisco,2026-09-08,0,18.889
san-francisco,2026-09-08,1,18.889
san-francisco,2026-09-08,2,18.889
san-francisco,2026-09-08,3,18.889
san-francisco,2026-09-08,4,18.889
san-francisco,2026-09-08,5,18.889
san-francisco,2026-09-08,6,18.889
san-francisco,2026-09-08,7,18.889
san-francisco,2026-09-08,8,20.0
san-francisco,2026-09-08,9,20.556
san-francisco,2026-09-08,10,21.111
san-francisco,2026-09-08,11,22.222
san-francisco,2026-09-08,12,23.889
san-francisco,2026-09-08,13,24.444
san-francisco,2026-09-08,14,30.0
san-francisco,2026-09-08,15,30.0
san-francisco,2026-09-08,16,30.0
san-francisco,2026-09-08,17,30.0
san-francisco,2026-09-08,18,30.0
san-francisco,2026-09-08,19,30.0
san-francisco,2026-09-08,20,30.0
san-francisco,2026-09-08,21,30.0
san-francisco,2026-09-08,22,30.0
san-francisco,2026-09-08,23,30.0
san-francisco,2026-09-09,0,21.667
san-francisco,2026-09-09,1,21.667
san-francisco,2026-09-09,2,21.667
san-francisco,2026-09-09,3,21.667
san-francisco,2026-09-09,4,21.667
san-francisco,2026-09-09,5,21.667
san-francisco,2026-09-09,6,21.667
san-francisco,2026-09-09,7,21.667
san-francisco,2026-09-09,8,21.667
san-francisco,2026-09-09,9,21.667
san-francisco,2026-09-09,10,23.333
san-francisco,2026-09-09,11,25.0
san-francisco,2026-09-09,12,25.556
san-francisco,2026-09-09,13,27.222
san-francisco,2026-09-09,14,33.889
san-francisco,2026-09-09,15,33.889
san-francisco,2026-09-09,16,33.889
san-francisco,2026-09-09,17,33.889
san-francisco,2026-09-09,18,33.889
san-francisco,2026-09-09,19,33.889
san-francisco,2026-09-09,20,33.889
san-francisco,2026-09-09,21,33.889
san-francisco,2026-09-09,22,33.889
san-francisco,2026-09-09,23,33.889
san-francisco,2026-09-10,0,25.0
san-francisco,2026-09-10,1,25.0
san-francisco,2026-09-10,2,25.0
san-francisco,2026-09-10,3,25.0
san-francisco,2026-09-10,4,25.0
san-francisco,2026-09-10,5,25.0
san-francisco,2026-09-10,6,25.0
san-francisco,2026-09-10,7,25.0
san-francisco,2026-09-10,8,25.0
san-francisco,2026-09-10,9,25.556
san-francisco,2026-09-10,10,26.111
san-francisco,2026-09-10,11,28.333
san-francisco,2026-09-10,12,28.333
san-francisco,2026-09-10,13,28.889
san-francisco,2026-09-10,14,28.889
san-francisco,2026-09-10,15,28.889
san-francisco,2026-09-10,16,28.889
san-francisco,2026-09-10,17,28.889
san-francisco,2026-09-10,18,28.889
san-francisco,2026-09-10,19,28.889
san-francisco,2026-09-10,20,28.889
san-francisco,2026-09-10,21,28.889
san-francisco,2026-09-10,22,28.889
san-francisco,2026-09-10,23,28.889
san-francisco,2026-09-11,0,15.556
san-francisco,2026-09-11,1,16.111
san-francisco,2026-09-11,2,16.111
san-francisco,2026-09-11,3,16.111
san-francisco,2026-09-11,4,16.111
san-francisco,2026-09-11,5,16.111
san-francisco,2026-09-11,6,16.111
san-francisco,2026-09-11,7,16.667
san-francisco,2026-09-11,8,17.222
san-francisco,2026-09-11,9,18.889
san-francisco,2026-09-11,10,20.0
san-francisco,2026-09-11,11,20.556
san-francisco,2026-09-11,12,21.111
san-francisco,2026-09-11,13,21.111
san-francisco,2026-09-11,14,22.222
san-francisco,2026-09-11,15,22.222
san-francisco,2026-09-11,16,22.222
san-francisco,2026-09-11,17,22.222
san-francisco,2026-09-11,18,22.222
san-francisco,2026-09-11,19,22.222
san-francisco,2026-09-11,20,22.222
san-francisco,2026-09-11,21,22.222
san-francisco,2026-09-11,22,22.222
san-francisco,2026-09-11,23,22.222
san-francisco,2026-09-12,0,16.667
san-francisco,2026-09-12,1,16.667
san-francisco,2026-09-12,2,16.667
san-francisco,2026-09-12,3,16.667
san-francisco,2026-09-12,4,16.667
san-francisco,2026-09-12,5,16.667
san-francisco,2026-09-12,6,16.667
san-francisco,2026-09-12,7,16.667
san-francisco,2026-09-12,8,17.778
san-francisco,2026-09-12,9,19.444
san-francisco,2026-09-12,10,20.556
san-francisco,2026-09-12,11,20.556
san-francisco,2026-09-12,12,21.667
san-francisco,2026-09-12,13,21.667
san-francisco,2026-09-12,14,21.667
san-francisco,2026-09-12,15,21.667
san-francisco,2026-09-12,16,21.667
san-francisco,2026-09-12,17,21.667
san-francisco,2026-09-12,18,21.667
san-francisco,2026-09-12,19,21.667
san-francisco,2026-09-12,20,21.667
san-francisco,2026-09-12,21,21.667
san-francisco,2026-09-12,22,21.667
san-francisco,2026-09-12,23,21.667
san-francisco,2026-09-13,0,16.111
san-francisco,2026-09-13,1,16.111
san-francisco,2026-09-13,2,16.111
san-francisco,2026-09-13,3,16.111
san-francisco,2026-09-13,4,16.111
san-francisco,2026-09-13,5,16.111
san-francisco,2026-09-13,6,16.111
san-francisco,2026-09-13,7,16.111
san-francisco,2026-09-13,8,17.222
san-francisco,2026-09-13,9,18.333
san-francisco,2026-09-13,10,18.889
san-francisco,2026-09-13,11,20.0
san-francisco,2026-09-13,12,20.556
san-francisco,2026-09-13,13,21.111
san-francisco,2026-09-13,14,21.111
san-francisco,2026-09-13,15,21.111
san-francisco,2026-09-13,16,21.111
san-francisco,2026-09-13,17,21.111
san-francisco,2026-09-13,18,21.111
san-francisco,2026-09-13,19,21.111
san-francisco,2026-09-13,20,21.111
san-francisco,2026-09-13,21,21.111
san-francisco,2026-09-13,22,21.111
san-francisco,2026-09-13,23,21.111
san-francisco,2026-09-14,0,15.0
san-francisco,2026-09-14,1,15.0
san-francisco,2026-09-14,2,15.0
san-francisco,2026-09-14,3,15.0
san-francisco,2026-09-14,4,15.0
san-francisco,2026-09-14,5,15.0
san-francisco,2026-09-14,6,15.0
san-francisco,2026-09-14,7,15.0
san-francisco,2026-09-14,8,17.222
san-francisco,2026-09-14,9,18.333
san-francisco,2026-09-14,10,19.444
san-francisco,2026-09-14,11,20.0
san-francisco,2026-09-14,12,22.778
san-francisco,2026-09-14,13,23.889
san-francisco,2026-09-14,14,23.889
san-francisco,2026-09-14,15,23.889
san-francisco,2026-09-14,16,23.889
san-francisco,2026-09-14,17,23.889
san-francisco,2026-09-14,18,23.889
san-francisco,2026-09-14,19,23.889
san-francisco,2026-09-14,20,23.889
san-francisco,2026-09-14,21,23.889
san-francisco,2026-09-14,22,23.889
san-francisco,2026-09-14,23,23.889
san-francisco,2026-09-15,0,15.0
san-francisco,2026-09-15,1,15.0
san-francisco,2026-09-15,2,15.0
san-francisco,2026-09-15,3,15.0
san-francisco,2026-09-15,4,15.0
san-francisco,2026-09-15,5,15.0
san-francisco,2026-09-15,6,15.0
san-francisco,2026-09-15,7,15.0
san-francisco,2026-09-15,8,16.111
san-francisco,2026-09-15,9,17.778
san-francisco,2026-09-15,10,18.889
san-francisco,2026-09-15,11,21.667
san-francisco,2026-09-15,12,21.667
san-francisco,2026-09-15,13,22.222
san-francisco,2026-09-15,14,22.222
san-francisco,2026-09-15,15,22.222
san-francisco,2026-09-15,16,22.222
san-francisco,2026-09-15,17,22.222
san-francisco,2026-09-15,18,22.222
san-francisco,2026-09-15,19,22.222
san-francisco,2026-09-15,20,22.222
san-francisco,2026-09-15,21,22.222
san-francisco,2026-09-15,22,22.222
san-francisco,2026-09-15,23,22.222
san-francisco,2026-09-16,0,15.0
san-francisco,2026-09-16,1,16.111
san-francisco,2026-09-16,2,16.111
san-francisco,2026-09-16,3,16.111
san-francisco,2026-09-16,4,16.111
san-francisco,2026-09-16,5,16.111
san-francisco,2026-09-16,6,16.111
san-francisco,2026-09-16,7,16.111
san-francisco,2026-09-16,8,16.667
san-francisco,2026-09-16,9,16.667
san-francisco,2026-09-16,10,17.222
san-francisco,2026-09-16,11,17.222
san-francisco,2026-09-16,12,17.778
san-francisco,2026-09-16,13,17.778
san-francisco,2026-09-16,14,17.778
san-francisco,2026-09-16,15,17.778
san-francisco,2026-09-16,16,18.333
san-francisco,2026-09-16,17,18.333
san-francisco,2026-09-16,18,18.333
san-francisco,2026-09-16,19,18.333
san-francisco,2026-09-16,20,18.333
san-francisco,2026-09-16,21,18.333
san-francisco,2026-09-16,22,18.333
san-francisco,2026-09-16,23,18.333
san-francisco,2026-09-17,0,17.222
san-francisco,2026-09-17,1,17.222
san-francisco,2026-09-17,2,17.222
san-francisco,2026-09-17,3,17.222
san-francisco,2026-09-17,4,17.222
san-francisco,2026-09-17,5,17.222
san-francisco,2026-09-17,6,17.222
san-francisco,2026-09-17,7,17.778
san-francisco,2026-09-17,8,17.778
san-francisco,2026-09-17,9,18.333
san-francisco,2026-09-17,10,18.889
san-francisco,2026-09-17,11,20.0
san-francisco,2026-09-17,12,20.0
san-francisco,2026-09-17,13,20.0
san-francisco,2026-09-17,14,21.667
san-francisco,2026-09-17,15,21.667
san-francisco,2026-09-17,16,21.667
san-francisco,2026-09-17,17,21.667
san-francisco,2026-09-17,18,21.667
san-francisco,2026-09-17,19,21.667
san-francisco,2026-09-17,20,21.667
san-francisco,2026-09-17,21,21.667
san-francisco,2026-09-17,22,21.667
san-francisco,2026-09-17,23,21.667
san-francisco,2026-09-18,0,15.556
san-francisco,2026-09-18,1,15.556
san-francisco,2026-09-18,2,15.556
san-francisco,2026-09-18,3,15.556
san-francisco,2026-09-18,4,15.556
san-francisco,2026-09-18,5,15.556
san-francisco,2026-09-18,6,15.556
san-francisco,2026-09-18,7,15.556
san-francisco,2026-09-18,8,15.556
san-francisco,2026-09-18,9,16.111
san-francisco,2026-09-18,10,16.111
san-francisco,2026-09-18,11,17.222
san-francisco,2026-09-18,12,18.889
san-francisco,2026-09-18,13,19.444
san-francisco,2026-09-18,14,20.0
san-francisco,2026-09-18,15,20.0
san-francisco,2026-09-18,16,20.0
san-francisco,2026-09-18,17,20.0
san-francisco,2026-09-18,18,20.0
san-francisco,2026-09-18,19,20.0
san-francisco,2026-09-18,20,20.0
san-francisco,2026-09-18,21,20.0
san-francisco,2026-09-18,22,20.0
san-francisco,2026-09-18,23,20.0
san-francisco,2026-09-19,0,15.0
san-francisco,2026-09-19,1,15.0
san-francisco,2026-09-19,2,15.0
san-francisco,2026-09-19,3,15.0
san-francisco,2026-09-19,4,15.0
san-francisco,2026-09-19,5,15.0
san-francisco,2026-09-19,6,15.0
san-francisco,2026-09-19,7,15.0
san-francisco,2026-09-19,8,15.0
san-francisco,2026-09-19,9,16.667
san-francisco,2026-09-19,10,17.222
san-francisco,2026-09-19,11,18.333
san-francisco,2026-09-19,12,19.444
san-francisco,2026-09-19,13,19.444
san-francisco,2026-09-19,14,19.444
san-francisco,2026-09-19,15,19.444
san-francisco,2026-09-19,16,19.444
san-francisco,2026-09-19,17,19.444
san-francisco,2026-09-19,18,19.444
san-francisco,2026-09-19,19,19.444
san-francisco,2026-09-19,20,19.444
san-francisco,2026-09-19,21,19.444
san-francisco,2026-09-19,22,19.444
san-francisco,2026-09-19,23,19.444
san-francisco,2026-09-20,0,13.889
san-francisco,2026-09-20,1,13.889
san-francisco,2026-09-20,2,14.444
san-francisco,2026-09-20,3,14.444
san-francisco,2026-09-20,4,14.444
san-francisco,2026-09-20,5,14.444
san-francisco,2026-09-20,6,14.444
san-francisco,2026-09-20,7,14.444
san-francisco,2026-09-20,8,14.444
san-francisco,2026-09-20,9,14.444
san-francisco,2026-09-20,10,15.556
san-francisco,2026-09-20,11,15.556
san-francisco,2026-09-20,12,16.667
san-francisco,2026-09-20,13,17.222
san-francisco,2026-09-20,14,17.778
san-francisco,2026-09-20,15,17.778
san-francisco,2026-09-20,16,17.778
san-francisco,2026-09-20,17,17.778
san-francisco,2026-09-20,18,17.778
san-francisco,2026-09-20,19,17.778
san-francisco,2026-09-20,20,17.778
san-francisco,2026-09-20,21,17.778
san-francisco,2026-09-20,22,17.778
san-francisco,2026-09-20,23,17.778
san-francisco,2026-09-21,0,14.444
san-francisco,2026-09-21,1,14.444
san-francisco,2026-09-21,2,14.444
san-francisco,2026-09-21,3,14.444
san-francisco,2026-09-21,4,14.444
san-francisco,2026-09-21,5,14.444
san-francisco,2026-09-21,6,14.444
san-francisco,2026-09-21,7,14.444
san-francisco,2026-09-21,8,14.444
san-francisco,2026-09-21,9,15.0
san-francisco,2026-09-21,10,16.667
san-francisco,2026-09-21,11,17.778
san-francisco,2026-09-21,12,18.889
san-francisco,2026-09-21,13,19.444
san-francisco,2026-09-21,14,20.0
san-francisco,2026-09-21,15,20.0
san-francisco,2026-09-21,16,20.0
san-francisco,2026-09-21,17,20.0
san-francisco,2026-09-21,18,20.0
san-francisco,2026-09-21,19,20.0
san-francisco,2026-09-21,20,20.0
san-francisco,2026-09-21,21,20.0
san-francisco,2026-09-21,22,20.0
san-francisco,2026-09-21,23,20.0
san-francisco,2026-09-22,0,15.0
san-francisco,2026-09-22,1,15.0
san-francisco,2026-09-22,2,15.0
san-francisco,2026-09-22,3,15.0
san-francisco,2026-09-22,4,15.0
san-francisco,2026-09-22,5,15.0
san-francisco,2026-09-22,6,15.0
san-francisco,2026-09-22,7,15.0
san-francisco,2026-09-22,8,15.0
san-francisco,2026-09-22,9,16.111
san-francisco,2026-09-22,10,17.222
san-francisco,2026-09-22,11,17.778
san-francisco,2026-09-22,12,18.889
san-francisco,2026-09-22,13,18.889
san-francisco,2026-09-22,14,18.889
san-francisco,2026-09-22,15,18.889
san-francisco,2026-09-22,16,18.889
san-francisco,2026-09-22,17,18.889
san-francisco,2026-09-22,18,18.889
san-francisco,2026-09-22,19,18.889
san-francisco,2026-09-22,20,18.889
san-francisco,2026-09-22,21,18.889
san-francisco,2026-09-22,22,18.889
san-francisco,2026-09-22,23,18.889
san-francisco,2026-09-23,0,13.889
san-francisco,2026-09-23,1,13.889
san-francisco,2026-09-23,2,13.889
san-francisco,2026-09-23,3,13.889
san-francisco,2026-09-23,4,13.889
san-francisco,2026-09-23,5,13.889
san-francisco,2026-09-23,6,13.889
san-francisco,2026-09-23,7,13.889
san-francisco,2026-09-23,8,14.444
san-francisco,2026-09-23,9,15.556
san-francisco,2026-09-23,10,16.667
san-francisco,2026-09-23,11,17.778
san-francisco,2026-09-23,12,19.444
san-francisco,2026-09-23,13,21.111
san-francisco,2026-09-23,14,22.222
san-francisco,2026-09-23,15,25.0
san-francisco,2026-09-23,16,25.0
san-francisco,2026-09-23,17,25.0
san-francisco,2026-09-23,18,25.0
san-francisco,2026-09-23,19,25.0
san-francisco,2026-09-23,20,25.0
san-francisco,2026-09-23,21,25.0
san-francisco,2026-09-23,22,25.0
san-francisco,2026-09-23,23,25.0
san-francisco,2026-09-24,0,17.778
san-francisco,2026-09-24,1,17.778
san-francisco,2026-09-24,2,17.778
san-francisco,2026-09-24,3,17.778
san-francisco,2026-09-24,4,17.778
san-francisco,2026-09-24,5,17.778
san-francisco,2026-09-24,6,17.778
san-francisco,2026-09-24,7,17.778
san-francisco,2026-09-24,8,18.333
san-francisco,2026-09-24,9,19.444
san-francisco,2026-09-24,10,20.0
san-francisco,2026-09-24,11,21.667
san-francisco,2026-09-24,12,21.667
san-francisco,2026-09-24,13,21.667
san-francisco,2026-09-24,14,21.667
san-francisco,2026-09-24,15,21.667
san-francisco,2026-09-24,16,21.667
san-francisco,2026-09-24,17,21.667
san-francisco,2026-09-24,18,21.667
san-francisco,2026-09-24,19,21.667
san-francisco,2026-09-24,20,21.667
san-francisco,2026-09-24,21,21.667
san-francisco,2026-09-24,22,21.667
san-francisco,2026-09-24,23,21.667
